# Daggerfall N per-frame log -- one line per PRESENTED frame.
# No readback, no settle, no cooldown: this instrument cannot
# quiet the thing it is pointed at. Between-frames motion is
# arithmetic on adjacent lines.
# frame dt_ms game_s speed fov_y eye_x eye_y eye_z yaw pitch
0 46.0245 864.046025 0.000000 1.30900002 128.000000 21.919067 127.899994 0.000000 0.000000
1 175.2906 864.221315 0.000000 1.30900002 128.000000 21.863396 127.900002 0.000000 0.000000
2 213.5936 864.434909 0.002747 1.30900002 128.000000 21.744139 127.900009 0.000000 0.000000
3 143.6739 864.578583 0.000000 1.30900002 128.000000 21.690523 127.900040 0.000000 0.000000
4 158.9770 864.737560 0.000000 1.30900002 128.000000 21.703295 127.900055 0.000000 0.000000
5 515.2580 865.252818 0.000000 1.30900002 128.000000 21.724695 127.900055 0.000000 0.000000
6 182.4519 865.435270 0.000000 1.30900002 128.000000 21.725430 127.900047 0.000000 0.000000
7 154.5206 865.589790 0.000000 1.30900002 128.000000 21.725426 127.900040 0.000000 0.000000
8 215.3438 865.805134 0.000000 1.30900002 128.000000 21.725428 127.900055 0.000000 0.000000
9 18.5005 865.823634 0.000000 1.30900002 128.000000 21.725428 127.900047 0.000000 0.000000
10 12.5116 865.836146 0.000000 1.30900002 128.000000 21.725428 127.900047 0.000000 0.000000
11 9.4508 865.845597 0.000000 1.30900002 128.000000 21.725428 127.900047 0.000000 0.000000
12 3.6880 865.849285 0.000000 1.30900002 128.000000 21.725428 127.900047 0.000000 0.000000
13 8.2844 865.857569 0.000000 1.30900002 128.000000 21.725426 127.900040 0.000000 0.000000
14 9.5541 865.867123 0.000000 1.30900002 128.000000 21.725428 127.900047 0.000000 0.000000
15 9.2559 865.876379 0.000000 1.30900002 128.000000 21.725428 127.900040 0.000000 0.000000
16 6.2818 865.882661 0.000000 1.30900002 128.000000 21.725428 127.900047 0.000000 0.000000
17 8.3093 865.890970 0.000000 1.30900002 128.000000 21.725428 127.900047 0.000000 0.000000
18 13.4115 865.904382 0.000000 1.30900002 128.000000 21.725430 127.900047 0.000000 0.000000
19 11.6964 865.916078 0.000000 1.30900002 128.000000 21.725426 127.900047 0.000000 0.000000
20 0.6391 865.916717 0.000000 1.30900002 128.000000 21.725430 127.900047 0.000000 0.000000
21 9.3443 865.926062 0.000000 1.30900002 128.000000 21.725428 127.900047 0.000000 0.000000
22 6.5498 865.932611 0.000000 1.30900002 128.000000 21.725428 127.900047 0.000000 0.000000
23 8.3496 865.940961 0.000000 1.30900002 128.000000 21.725428 127.900055 0.000000 0.000000
24 8.2911 865.949252 0.000000 1.30900002 128.000000 21.725428 127.900047 0.000000 0.000000
25 8.3777 865.957630 0.000000 1.30900002 128.000000 21.725428 127.900040 0.000000 0.000000
26 10.7810 865.968411 0.000000 1.30900002 128.000000 21.725426 127.900047 0.000000 0.000000
27 11.0050 865.979416 0.000000 1.30900002 128.000000 21.725428 127.900040 0.000000 0.000000
28 3.1463 865.982562 0.000000 1.30900002 128.000000 21.725428 127.900047 0.000000 0.000000
29 8.3220 865.990884 0.000000 1.30900002 128.000000 21.725430 127.900055 0.000000 0.000000
30 28.8477 866.019732 0.000000 1.30900002 128.000000 21.725428 127.900047 0.000000 0.000000
31 22.4610 866.042193 0.000000 1.30900002 128.000000 21.725428 127.900047 0.000000 0.000000
32 11.0594 866.053252 0.000000 1.30900002 128.000000 21.725428 127.900047 0.000000 0.000000
33 16.4944 866.069746 0.000000 1.30900002 128.000000 21.725428 127.900047 0.000000 0.000000
34 17.6177 866.087364 0.000000 1.30900002 128.000000 21.725430 127.900047 0.000000 0.000000
35 13.8351 866.101199 0.000000 1.30900002 128.000000 21.725428 127.900047 0.000000 0.000000
36 6.4514 866.107651 0.000000 1.30900002 128.000000 21.725426 127.900040 0.000000 0.000000
37 8.3637 866.116014 0.000000 1.30900002 128.000000 21.725428 127.900047 0.000000 0.000000
38 8.2913 866.124306 0.000000 1.30900002 128.000000 21.725428 127.900055 0.000000 0.000000
39 9.8770 866.134183 0.000000 1.30900002 128.000000 21.725428 127.900047 0.000000 0.000000
40 12.6448 866.146827 0.000000 1.30900002 128.000000 21.725426 127.900047 0.000000 0.000000
41 2.4232 866.149251 0.000000 1.30900002 128.000000 21.725428 127.900047 0.000000 0.000000
42 8.4111 866.157662 0.000000 1.30900002 128.000000 21.725428 127.900055 0.000000 0.000000
43 15.2235 866.172885 0.000000 1.30900002 128.000000 21.725428 127.900047 0.000000 0.000000
44 12.6699 866.185555 0.000000 1.30900002 128.000000 21.725428 127.900040 0.000000 0.000000
45 12.9915 866.198547 0.000000 1.30900002 128.000000 21.725428 127.900047 0.000000 0.000000
46 0.6583 866.199205 0.000000 1.30900002 128.000000 21.725428 127.900047 0.000000 0.000000
47 8.3990 866.207604 0.000000 1.30900002 128.000000 21.725428 127.900047 0.000000 0.000000
48 13.7426 866.221346 0.000000 1.30900002 128.000000 21.725428 127.900055 0.000000 0.000000
49 11.7894 866.233136 0.000000 1.30900002 128.000000 21.725428 127.900047 0.000000 0.000000
50 7.7964 866.240932 0.000000 1.30900002 128.000000 21.725428 127.900047 0.000000 0.000000
51 9.6185 866.250551 0.000000 1.30900002 128.000000 21.725428 127.900047 0.000000 0.000000
52 7.0948 866.257646 0.000000 1.30900002 128.000000 21.725428 127.900047 0.000000 0.000000
53 8.3717 866.266017 0.000000 1.30900002 128.000000 21.725428 127.900040 0.000000 0.000000
54 8.3048 866.274322 0.000000 1.30900002 128.000000 21.725428 127.900047 0.000000 0.000000
55 12.2094 866.286531 0.000000 1.30900002 128.000000 21.725428 127.900047 0.000000 0.000000
56 12.6417 866.299173 0.000000 1.30900002 128.000000 21.725426 127.900047 0.000000 0.000000
57 0.6188 866.299792 0.000000 1.30900002 128.000000 21.725428 127.900047 0.000000 0.000000
58 16.1453 866.315937 0.000000 1.30900002 128.000000 21.725428 127.900047 0.000000 0.000000
59 12.4923 866.328429 0.000000 1.30900002 128.000000 21.725428 127.900047 0.000000 0.000000
60 14.1397 866.342569 0.000000 1.30900002 128.000000 21.725428 127.900047 0.000000 0.000000
61 11.8351 866.354404 0.000000 1.30900002 128.000000 21.725428 127.900047 0.000000 0.000000
62 12.6702 866.367074 0.000000 1.30900002 128.000000 21.725428 127.900047 0.000000 0.000000
63 12.0195 866.379094 0.000000 1.30900002 128.000000 21.725428 127.900040 0.000000 0.000000
64 3.5324 866.382626 0.000000 1.30900002 128.000000 21.725428 127.900047 0.000000 0.000000
65 8.3420 866.390968 0.000000 1.30900002 128.000000 21.725426 127.900047 0.000000 0.000000
66 12.2231 866.403191 0.000000 1.30900002 128.000000 21.725426 127.900047 0.000000 0.000000
67 4.4319 866.407623 0.000000 1.30900002 128.000000 21.725428 127.900040 0.000000 0.000000
68 8.3819 866.416005 0.000000 1.30900002 128.000000 21.725428 127.900047 0.000000 0.000000
69 8.2646 866.424270 0.000000 1.30900002 128.000000 21.725428 127.900055 0.000000 0.000000
70 14.4756 866.438745 0.000000 1.30900002 128.000000 21.725426 127.900040 0.000000 0.000000
71 13.4573 866.452203 0.000000 1.30900002 128.000000 21.725428 127.900040 0.000000 0.000000
72 12.5589 866.464762 0.000000 1.30900002 128.000000 21.725426 127.900055 0.000000 0.000000
73 1.1602 866.465922 0.000000 1.30900002 128.000000 21.725428 127.900047 0.000000 0.000000
74 8.4083 866.474330 0.000000 1.30900002 128.000000 21.725430 127.900055 0.000000 0.000000
75 14.9264 866.489256 0.000000 1.30900002 128.000000 21.725426 127.900040 0.000000 0.000000
76 10.8895 866.500146 0.000000 1.30900002 128.000000 21.725426 127.900047 0.000000 0.000000
77 11.7945 866.511940 0.000000 1.30900002 128.000000 21.725428 127.900047 0.000000 0.000000
78 3.9705 866.515911 0.000000 1.30900002 128.000000 21.725428 127.900047 0.000000 0.000000
79 8.4122 866.524323 0.000000 1.30900002 128.000000 21.725428 127.900040 0.000000 0.000000
80 13.7632 866.538086 0.000000 1.30900002 128.000000 21.725428 127.900055 0.000000 0.000000
81 13.5146 866.551601 0.000000 1.30900002 128.000000 21.725430 127.900047 0.000000 0.000000
82 5.9709 866.557572 0.000000 1.30900002 128.000000 21.725428 127.900047 0.000000 0.000000
83 8.4320 866.566004 0.000000 1.30900002 128.000000 21.725428 127.900047 0.000000 0.000000
84 8.2774 866.574281 0.000000 1.30900002 128.000000 21.725428 127.900040 0.000000 0.000000
85 11.1737 866.585455 0.000000 1.30900002 128.000000 21.725428 127.900055 0.000000 0.000000
86 12.3802 866.597835 0.000000 1.30900002 128.000000 21.725428 127.900047 0.000000 0.000000
87 1.5260 866.599361 0.000000 1.30900002 128.000000 21.725428 127.900047 0.000000 0.000000
88 8.2755 866.607636 0.000000 1.30900002 128.000000 21.725428 127.900047 0.000000 0.000000
89 12.2719 866.619908 0.000000 1.30900002 128.000000 21.725430 127.900047 0.000000 0.000000
90 12.5142 866.632423 0.000000 1.30900002 128.000000 21.725428 127.900047 0.000000 0.000000
91 0.7711 866.633194 0.000000 1.30900002 128.000000 21.725428 127.900047 0.000000 0.000000
92 7.7670 866.640961 0.000000 1.30900002 128.000000 21.725426 127.900047 0.000000 0.000000
93 14.7620 866.655723 0.000000 1.30900002 128.000000 21.725428 127.900040 0.000000 0.000000
94 13.8791 866.669602 0.000000 1.30900002 128.000000 21.725426 127.900040 0.000000 0.000000
95 16.8866 866.686488 0.000000 1.30900002 128.000000 21.725428 127.900040 0.000000 0.000000
96 11.0865 866.697575 0.000000 1.30900002 128.000000 21.725428 127.900047 0.000000 0.000000
97 1.6308 866.699206 0.000000 1.30900002 128.000000 21.725428 127.900047 0.000000 0.000000
98 8.3723 866.707578 0.000000 1.30900002 128.000000 21.725430 127.900055 0.000000 0.000000
99 8.3678 866.715946 0.000000 1.30900002 128.000000 21.725428 127.900047 0.000000 0.000000
100 8.3820 866.724328 0.000000 1.30900002 128.000000 21.725428 127.900047 0.000000 0.000000
101 8.3398 866.732668 0.000000 1.30900002 128.000000 21.725428 127.900047 0.000000 0.000000
102 8.2905 866.740958 0.000000 1.30900002 128.000000 21.725430 127.900055 0.000000 0.000000
103 8.3190 866.749277 0.000000 1.30900002 128.000000 21.725428 127.900047 0.000000 0.000000
104 8.3581 866.757635 0.000000 1.30900002 128.000000 21.725430 127.900055 0.000000 0.000000
105 8.3328 866.765968 0.000000 1.30900002 128.000000 21.725428 127.900047 0.000000 0.000000
106 8.3276 866.774296 0.000000 1.30900002 128.000000 21.725430 127.900055 0.000000 0.000000
107 8.2841 866.782580 0.000000 1.30900002 128.000000 21.725428 127.900047 0.000000 0.000000
108 8.3749 866.790955 0.000000 1.30900002 128.000000 21.725426 127.900040 0.000000 0.000000
109 8.3948 866.799350 0.000000 1.30900002 128.000000 21.725428 127.900047 0.000000 0.000000
110 8.3204 866.807670 0.000000 1.30900002 128.000000 21.725428 127.900047 0.000000 0.000000
111 8.2983 866.815968 0.000000 1.30900002 128.000000 21.725428 127.900047 0.000000 0.000000
112 8.3476 866.824316 0.000000 1.30900002 128.000000 21.725426 127.900040 0.000000 0.000000
113 8.3508 866.832667 0.000000 1.30900002 128.000000 21.725428 127.900047 0.000000 0.000000
114 8.3152 866.840982 0.000000 1.30900002 128.000000 21.725428 127.900047 0.000000 0.000000
115 8.3144 866.849296 0.000000 1.30900002 128.000000 21.725428 127.900047 0.000000 0.000000
116 8.3357 866.857632 0.000000 1.30900002 128.000000 21.725428 127.900047 0.000000 0.000000
117 8.3318 866.865964 0.000000 1.30900002 128.000000 21.725428 127.900040 0.000000 0.000000
118 8.3299 866.874294 0.000000 1.30900002 128.000000 21.725428 127.900040 0.000000 0.000000
119 8.2978 866.882591 0.000000 1.30900002 128.000000 21.725428 127.900047 0.000000 0.000000
120 8.3480 866.890939 0.000000 1.30900002 128.000000 21.725428 127.900047 0.000000 0.000000
121 8.3620 866.899301 0.000000 1.30900002 128.000000 21.725428 127.900047 0.000000 0.000000
122 8.3264 866.907628 0.000000 1.30900002 128.000000 21.725428 127.900055 0.000000 0.000000
123 8.3178 866.915946 0.000000 1.30900002 128.000000 21.725428 127.900047 0.000000 0.000000
124 8.3443 866.924290 0.000000 1.30900002 128.000000 21.725428 127.900047 0.000000 0.000000
125 8.3552 866.932645 0.000000 1.30900002 128.000000 21.725428 127.900047 0.000000 0.000000
126 8.3330 866.940978 0.000000 1.30900002 128.000000 21.725428 127.900040 0.000000 0.000000
127 8.3115 866.949290 0.000000 1.30900002 128.000000 21.725428 127.900047 0.000000 0.000000
128 8.3317 866.957621 0.000000 1.30900002 128.000000 21.725426 127.900040 0.000000 0.000000
129 8.3770 866.965998 0.000000 1.30900002 128.000000 21.725428 127.900047 0.000000 0.000000
130 8.2763 866.974275 0.000000 1.30900002 128.000000 21.725428 127.900040 0.000000 0.000000
131 8.2870 866.982562 0.000000 1.30900002 128.000000 21.725428 127.900047 0.000000 0.000000
132 8.4045 866.990966 0.000000 1.30900002 128.000000 21.725428 127.900047 0.000000 0.000000
133 8.3451 866.999311 0.000000 1.30900002 128.000000 21.725428 127.900047 0.000000 0.000000
134 8.3359 867.007647 0.000000 1.30900002 128.000000 21.725428 127.900047 0.000000 0.000000
135 8.3180 867.015965 0.000000 1.30900002 128.000000 21.725428 127.900047 0.000000 0.000000
136 8.3333 867.024298 0.000000 1.30900002 128.000000 21.725428 127.900047 0.000000 0.000000
137 8.3078 867.032606 0.000000 1.30900002 128.000000 21.725428 127.900040 0.000000 0.000000
138 8.3432 867.040949 0.000000 1.30900002 128.000000 21.725430 127.900055 0.000000 0.000000
139 8.3553 867.049305 0.000000 1.30900002 128.000000 21.725428 127.900047 0.000000 0.000000
140 8.3303 867.057635 0.000000 1.30900002 128.000000 21.725428 127.900055 0.000000 0.000000
141 8.4047 867.066040 0.000000 1.30900002 128.000000 21.725430 127.900047 0.000000 0.000000
142 8.2885 867.074328 0.000000 1.30900002 128.000000 21.725430 127.900047 0.000000 0.000000
143 8.3184 867.082647 0.000000 1.30900002 128.000000 21.725428 127.900047 0.000000 0.000000
144 8.2959 867.090943 0.000000 1.30900002 128.000000 21.725428 127.900040 0.000000 0.000000
145 8.3877 867.099330 0.000000 1.30900002 128.000000 21.725428 127.900047 0.000000 0.000000
146 8.3020 867.107632 0.000000 1.30900002 128.000000 21.725428 127.900040 0.000000 0.000000
147 8.3424 867.115975 0.000000 1.30900002 128.000000 21.725428 127.900047 0.000000 0.000000
148 8.3332 867.124308 0.000000 1.30900002 128.000000 21.725428 127.900047 0.000000 0.000000
149 8.3765 867.132684 0.000000 1.30900002 128.000000 21.725428 127.900047 0.000000 0.000000
150 8.3048 867.140989 0.000000 1.30900002 128.000000 21.725428 127.900047 0.000000 0.000000
151 8.3093 867.149298 0.000000 1.30900002 128.000000 21.725428 127.900055 0.000000 0.000000
152 8.3260 867.157624 0.000000 1.30900002 128.000000 21.725428 127.900047 0.000000 0.000000
153 8.3332 867.165958 0.000000 1.30900002 128.000000 21.725428 127.900047 0.000000 0.000000
154 8.3166 867.174274 0.000000 1.30900002 128.000000 21.725430 127.900055 0.000000 0.000000
155 8.3969 867.182671 0.000000 1.30900002 128.000000 21.725428 127.900047 0.000000 0.000000
156 8.3020 867.190973 0.000000 1.30900002 128.000000 21.725430 127.900047 0.000000 0.000000
157 8.3130 867.199286 0.000000 1.30900002 128.000000 21.725428 127.900047 0.000000 0.000000
158 8.3551 867.207641 0.000000 1.30900002 128.000000 21.725428 127.900047 0.000000 0.000000
159 8.3130 867.215954 0.000000 1.30900002 128.000000 21.725428 127.900047 0.000000 0.000000
160 8.3453 867.224300 0.000000 1.30900002 128.000000 21.725428 127.900047 0.000000 0.000000
161 8.3466 867.232646 0.000000 1.30900002 128.000000 21.725428 127.900047 0.000000 0.000000
162 8.2864 867.240933 0.000000 1.30900002 128.000000 21.725428 127.900040 0.000000 0.000000
163 8.3854 867.249318 0.000000 1.30900002 128.000000 21.725428 127.900047 0.000000 0.000000
164 8.3109 867.257629 0.000000 1.30900002 128.000000 21.725428 127.900055 0.000000 0.000000
165 8.3582 867.265987 0.000000 1.30900002 128.000000 21.725428 127.900047 0.000000 0.000000
166 8.3300 867.274317 0.000000 1.30900002 128.000000 21.725426 127.900047 0.000000 0.000000
167 8.3330 867.282650 0.000000 1.30900002 128.000000 21.725428 127.900047 0.000000 0.000000
168 8.3285 867.290979 0.000000 1.30900002 128.000000 21.725428 127.900055 0.000000 0.000000
169 8.3297 867.299308 0.000000 1.30900002 128.000000 21.725428 127.900047 0.000000 0.000000
170 8.3363 867.307645 0.000000 1.30900002 128.000000 21.725428 127.900047 0.000000 0.000000
171 8.3193 867.315964 0.000000 1.30900002 128.000000 21.725428 127.900055 0.000000 0.000000
172 8.3379 867.324302 0.000000 1.30900002 128.000000 21.725428 127.900055 0.000000 0.000000
173 8.3438 867.332645 0.000000 1.30900002 128.000000 21.725428 127.900047 0.000000 0.000000
174 8.3088 867.340954 0.000000 1.30900002 128.000000 21.725428 127.900040 0.000000 0.000000
175 8.3704 867.349325 0.000000 1.30900002 128.000000 21.725428 127.900047 0.000000 0.000000
176 8.3170 867.357642 0.000000 1.30900002 128.000000 21.725428 127.900047 0.000000 0.000000
177 8.3053 867.365947 0.000000 1.30900002 128.000000 21.725428 127.900047 0.000000 0.000000
178 8.3559 867.374303 0.000000 1.30900002 128.000000 21.725428 127.900055 0.000000 0.000000
179 8.3348 867.382638 0.000000 1.30900002 128.000000 21.725428 127.900047 0.000000 0.000000
180 8.3270 867.390965 0.000000 1.30900002 128.000000 21.725426 127.900040 0.000000 0.000000
181 8.3595 867.399324 0.000000 1.30900002 128.000000 21.725428 127.900047 0.000000 0.000000
182 8.3287 867.407653 0.000000 1.30900002 128.000000 21.725430 127.900055 0.000000 0.000000
183 8.3167 867.415970 0.000000 1.30900002 128.000000 21.725428 127.900047 0.000000 0.000000
184 8.3405 867.424310 0.000000 1.30900002 128.000000 21.725426 127.900040 0.000000 0.000000
185 8.2823 867.432592 0.000000 1.30900002 128.000000 21.725428 127.900047 0.000000 0.000000
186 8.3932 867.440986 0.000000 1.30900002 128.000000 21.725426 127.900040 0.000000 0.000000
187 8.2673 867.449253 0.000000 1.30900002 128.000000 21.725428 127.900047 0.000000 0.000000
188 8.3744 867.457627 0.000000 1.30900002 128.000000 21.725428 127.900047 0.000000 0.000000
189 8.3519 867.465979 0.000000 1.30900002 128.000000 21.725428 127.900047 0.000000 0.000000
190 8.3536 867.474333 0.000000 1.30900002 128.000000 21.725430 127.900055 0.000000 0.000000
191 8.6392 867.482972 0.000000 1.30900002 128.000000 21.725428 127.900047 0.000000 0.000000
192 8.0197 867.490992 0.000000 1.30900002 128.000000 21.725430 127.900055 0.000000 0.000000
193 8.3059 867.499298 0.000000 1.30900002 128.000000 21.725428 127.900047 0.000000 0.000000
194 8.3395 867.507637 0.000000 1.30900002 128.000000 21.725430 127.900047 0.000000 0.000000
195 8.3733 867.516010 0.000000 1.30900002 128.000000 21.725428 127.900047 0.000000 0.000000
196 8.2668 867.524277 0.000000 1.30900002 128.000000 21.725430 127.900047 0.000000 0.000000
197 8.4023 867.532680 0.000000 1.30900002 128.000000 21.725428 127.900047 0.000000 0.000000
198 8.3062 867.540986 0.000000 1.30900002 128.000000 21.725428 127.900040 0.000000 0.000000
199 8.3027 867.549289 0.000000 1.30900002 128.000000 21.725428 127.900047 0.000000 0.000000
200 8.3569 867.557646 0.000000 1.30900002 128.000000 21.725428 127.900047 0.000000 0.000000
201 8.3119 867.565958 0.000000 1.30900002 128.000000 21.725428 127.900047 0.000000 0.000000
202 8.3610 867.574319 0.000000 1.30900002 128.000000 21.725426 127.900040 0.000000 0.000000
203 8.3776 867.582696 0.000000 1.30900002 128.000000 21.725428 127.900047 0.000000 0.000000
204 8.3033 867.590999 0.000000 1.30900002 128.000000 21.725428 127.900047 0.000000 0.000000
205 8.2748 867.599274 0.000000 1.30900002 128.000000 21.725428 127.900055 0.000000 0.000000
206 8.3203 867.607595 0.000000 1.30900002 128.000000 21.725430 127.900055 0.000000 0.000000
207 8.3670 867.615962 0.000000 1.30900002 128.000000 21.725428 127.900047 0.000000 0.000000
208 8.3320 867.624294 0.000000 1.30900002 128.000000 21.725428 127.900047 0.000000 0.000000
209 8.3163 867.632610 0.000000 1.30900002 128.000000 21.725428 127.900047 0.000000 0.000000
210 8.3116 867.640921 0.000000 1.30900002 128.000000 21.725426 127.900047 0.000000 0.000000
211 8.3440 867.649266 0.000000 1.30900002 128.000000 21.725428 127.900047 0.000000 0.000000
212 8.3857 867.657651 0.000000 1.30900002 128.000000 21.725428 127.900040 0.000000 0.000000
213 8.3737 867.666025 0.000000 1.30900002 128.000000 21.725428 127.900055 0.000000 0.000000
214 8.2760 867.674301 0.000000 1.30900002 128.000000 21.725428 127.900040 0.000000 0.000000
215 8.3040 867.682605 0.000000 1.30900002 128.000000 21.725428 127.900047 0.000000 0.000000
216 8.3663 867.690971 0.000000 1.30900002 128.000000 21.725428 127.900047 0.000000 0.000000
217 8.3100 867.699281 0.000000 1.30900002 128.000000 21.725428 127.900047 0.000000 0.000000
218 8.3342 867.707615 0.000000 1.30900002 128.000000 21.725428 127.900047 0.000000 0.000000
219 8.3132 867.715929 0.000000 1.30900002 128.000000 21.725428 127.900047 0.000000 0.000000
220 8.3435 867.724272 0.000000 1.30900002 128.000000 21.725428 127.900040 0.000000 0.000000
221 8.3422 867.732614 0.000000 1.30900002 128.000000 21.725428 127.900047 0.000000 0.000000
222 8.3059 867.740920 0.000000 1.30900002 128.000000 21.725428 127.900055 0.000000 0.000000
223 8.3220 867.749242 0.000000 1.30900002 128.000000 21.725428 127.900047 0.000000 0.000000
224 8.3095 867.757552 0.000000 1.30900002 128.000000 21.725428 127.900047 0.000000 0.000000
225 8.3554 867.765907 0.000000 1.30900002 128.000000 21.725428 127.900047 0.000000 0.000000
226 8.3590 867.774266 0.000000 1.30900002 128.000000 21.725426 127.900047 0.000000 0.000000
227 8.3547 867.782621 0.000000 1.30900002 128.000000 21.725428 127.900047 0.000000 0.000000
228 8.3757 867.790996 0.000000 1.30900002 128.000000 21.725430 127.900055 0.000000 0.000000
229 8.2567 867.799253 0.000000 1.30900002 128.000000 21.725428 127.900047 0.000000 0.000000
230 8.4315 867.807685 0.000000 1.30900002 128.000000 21.725428 127.900047 0.000000 0.000000
231 8.2437 867.815928 0.000000 1.30900002 128.000000 21.725428 127.900047 0.000000 0.000000
232 8.3322 867.824261 0.000000 1.30900002 128.000000 21.725428 127.900047 0.000000 0.000000
233 8.3406 867.832601 0.000000 1.30900002 128.000000 21.725428 127.900047 0.000000 0.000000
234 8.2500 867.840851 0.000000 1.30900002 128.000000 21.725426 127.900040 0.000000 0.000000
235 8.4270 867.849278 0.000000 1.30900002 128.000000 21.725428 127.900055 0.000000 0.000000
236 8.3193 867.857597 0.000000 1.30900002 128.000000 21.725430 127.900055 0.000000 0.000000
237 13.8088 867.871406 0.000000 1.30900002 128.000000 21.725426 127.900040 0.000000 0.000000
238 2.7504 867.874157 0.000000 1.30900002 128.000000 21.725428 127.900040 0.000000 0.000000
239 8.3986 867.882555 0.000000 1.30900002 128.000000 21.725428 127.900047 0.000000 0.000000
240 8.3738 867.890929 0.000000 1.30900002 128.000000 21.725428 127.900055 0.000000 0.000000
241 8.2907 867.899220 0.000000 1.30900002 128.000000 21.725428 127.900047 0.000000 0.000000
242 8.3508 867.907570 0.000000 1.30900002 128.000000 21.725428 127.900047 0.000000 0.000000
243 8.3345 867.915905 0.000000 1.30900002 128.000000 21.725428 127.900047 0.000000 0.000000
244 8.2838 867.924189 0.000000 1.30900002 128.000000 21.725426 127.900040 0.000000 0.000000
245 8.3319 867.932521 0.000000 1.30900002 128.000000 21.725428 127.900047 0.000000 0.000000
246 8.3834 867.940904 0.000000 1.30900002 128.000000 21.725428 127.900040 0.000000 0.000000
247 8.3285 867.949233 0.000000 1.30900002 128.000000 21.725428 127.900047 0.000000 0.000000
248 8.3905 867.957623 0.000000 1.30900002 128.000000 21.725428 127.900047 0.000000 0.000000
249 8.3564 867.965979 0.000000 1.30900002 128.000000 21.725428 127.900047 0.000000 0.000000
250 8.2623 867.974242 0.000000 1.30900002 128.000000 21.725430 127.900047 0.000000 0.000000
251 8.2987 867.982540 0.000000 1.30900002 128.000000 21.725428 127.900047 0.000000 0.000000
252 8.3250 867.990865 0.000000 1.30900002 128.000000 21.725426 127.900047 0.000000 0.000000
253 8.3851 867.999251 0.000000 1.30900002 128.000000 21.725428 127.900047 0.000000 0.000000
254 8.3462 868.007597 0.000000 1.30900002 128.000000 21.725426 127.900040 0.000000 0.000000
255 8.3225 868.015919 0.000000 1.30900002 128.000000 21.725428 127.900055 0.000000 0.000000
256 8.3046 868.024224 0.000000 1.30900002 128.000000 21.725428 127.900040 0.000000 0.000000
257 8.3712 868.032595 0.000000 1.30900002 128.000000 21.725428 127.900047 0.000000 0.000000
258 8.2953 868.040890 0.000000 1.30900002 128.000000 21.725428 127.900040 0.000000 0.000000
259 8.3318 868.049222 0.000000 1.30900002 128.000000 21.725428 127.900047 0.000000 0.000000
260 8.3030 868.057525 0.000000 1.30900002 128.000000 21.725428 127.900040 0.000000 0.000000
261 8.3657 868.065891 0.000000 1.30900002 128.000000 21.725428 127.900047 0.000000 0.000000
262 8.3734 868.074264 0.000000 1.30900002 128.000000 21.725428 127.900047 0.000000 0.000000
263 8.2946 868.082559 0.000000 1.30900002 128.000000 21.725428 127.900047 0.000000 0.000000
264 8.2962 868.090855 0.000000 1.30900002 128.000000 21.725430 127.900047 0.000000 0.000000
265 8.3764 868.099231 0.000000 1.30900002 128.000000 21.725428 127.900047 0.000000 0.000000
266 8.3369 868.107568 0.000000 1.30900002 128.000000 21.725428 127.900047 0.000000 0.000000
267 8.2866 868.115855 0.000000 1.30900002 128.000000 21.725428 127.900047 0.000000 0.000000
268 8.3500 868.124205 0.000000 1.30900002 128.000000 21.725428 127.900055 0.000000 0.000000
269 8.4212 868.132626 0.000000 1.30900002 128.000000 21.725428 127.900047 0.000000 0.000000
270 8.2562 868.140882 0.000000 1.30900002 128.000000 21.725430 127.900055 0.000000 0.000000
271 8.2949 868.149177 0.000000 1.30900002 128.000000 21.725428 127.900047 0.000000 0.000000
272 8.3240 868.157501 0.000000 1.30900002 128.000000 21.725428 127.900040 0.000000 0.000000
273 8.4192 868.165920 0.000000 1.30900002 128.000000 21.725428 127.900047 0.000000 0.000000
274 8.2936 868.174214 0.000000 1.30900002 128.000000 21.725428 127.900055 0.000000 0.000000
275 8.3450 868.182559 0.000000 1.30900002 128.000000 21.725428 127.900047 0.000000 0.000000
276 8.3539 868.190913 0.000000 1.30900002 128.000000 21.725428 127.900047 0.000000 0.000000
277 8.3074 868.199220 0.000000 1.30900002 128.000000 21.725428 127.900047 0.000000 0.000000
278 8.3075 868.207528 0.000000 1.30900002 128.000000 21.725426 127.900040 0.000000 0.000000
279 8.3592 868.215887 0.000000 1.30900002 128.000000 21.725430 127.900047 0.000000 0.000000
280 8.3138 868.224201 0.000000 1.30900002 128.000000 21.725428 127.900040 0.000000 0.000000
281 8.3145 868.232515 0.000000 1.30900002 128.000000 21.725430 127.900047 0.000000 0.000000
282 8.2470 868.240762 0.000000 1.30900002 128.000000 21.725428 127.900040 0.000000 0.000000
283 8.4437 868.249206 0.000000 1.30900002 128.000000 21.725428 127.900047 0.000000 0.000000
284 8.3377 868.257543 0.000000 1.30900002 128.000000 21.725428 127.900055 0.000000 0.000000
285 8.3508 868.265894 0.000000 1.30900002 128.000000 21.725428 127.900047 0.000000 0.000000
286 8.3300 868.274224 0.000000 1.30900002 128.000000 21.725428 127.900055 0.000000 0.000000
287 8.2996 868.282524 0.000000 1.30900002 128.000000 21.725428 127.900047 0.000000 0.000000
288 8.2635 868.290787 0.000000 1.30900002 128.000000 21.725428 127.900040 0.000000 0.000000
289 8.3722 868.299160 0.000000 1.30900002 128.000000 21.725428 127.900047 0.000000 0.000000
290 8.2855 868.307445 0.000000 1.30900002 128.000000 21.725428 127.900040 0.000000 0.000000
291 8.4774 868.315923 0.000000 1.30900002 128.000000 21.725428 127.900047 0.000000 0.000000
292 8.3238 868.324246 0.000000 1.30900002 128.000000 21.725430 127.900055 0.000000 0.000000
293 8.2338 868.332480 0.000000 1.30900002 128.000000 21.725428 127.900047 0.000000 0.000000
294 8.4062 868.340886 0.000000 1.30900002 128.000000 21.725428 127.900040 0.000000 0.000000
295 8.2765 868.349163 0.000000 1.30900002 128.000000 21.725428 127.900047 0.000000 0.000000
296 8.3330 868.357496 0.000000 1.30900002 128.000000 21.725428 127.900047 0.000000 0.000000
297 8.3498 868.365845 0.000000 1.30900002 128.000000 21.725428 127.900040 0.000000 0.000000
298 8.2787 868.374124 0.000000 1.30900002 128.000000 21.725428 127.900047 0.000000 0.000000
299 8.3060 868.382430 0.000000 1.30900002 128.000000 21.725426 127.900047 0.000000 0.000000
300 8.4220 868.390852 0.000000 1.30900002 128.000000 21.725426 127.900040 0.000000 0.000000
301 8.3290 868.399181 0.000000 1.30900002 128.000000 21.725428 127.900047 0.000000 0.000000
302 8.2189 868.407400 0.000000 1.30900002 128.000000 21.725428 127.900047 0.000000 0.000000
303 8.3878 868.415788 0.000000 1.30900002 128.000000 21.725428 127.900047 0.000000 0.000000
304 8.3707 868.424159 0.000000 1.30900002 128.000000 21.725430 127.900055 0.000000 0.000000
305 8.3315 868.432490 0.000000 1.30900002 128.000000 21.725428 127.900047 0.000000 0.000000
306 8.3567 868.440847 0.000000 1.30900002 128.000000 21.725428 127.900047 0.000000 0.000000
307 8.2652 868.449112 0.000000 1.30900002 128.000000 21.725428 127.900047 0.000000 0.000000
308 8.3271 868.457439 0.000000 1.30900002 128.000000 21.725428 127.900055 0.000000 0.000000
309 8.3251 868.465764 0.000000 1.30900002 128.000000 21.725428 127.900047 0.000000 0.000000
310 8.3652 868.474129 0.000000 1.30900002 128.000000 21.725428 127.900055 0.000000 0.000000
311 8.3532 868.482483 0.000000 1.30900002 128.000000 21.725428 127.900047 0.000000 0.000000
312 8.2913 868.490774 0.000000 1.30900002 128.000000 21.725430 127.900055 0.000000 0.000000
313 8.3494 868.499123 0.000000 1.30900002 128.000000 21.725428 127.900047 0.000000 0.000000
314 8.3970 868.507520 0.000000 1.30900002 128.000000 21.725428 127.900040 0.000000 0.000000
315 8.2669 868.515787 0.000000 1.30900002 128.000000 21.725428 127.900047 0.000000 0.000000
316 8.2795 868.524067 0.000000 1.30900002 128.000000 21.725428 127.900047 0.000000 0.000000
317 8.4434 868.532510 0.000000 1.30900002 128.000000 21.725428 127.900047 0.000000 0.000000
318 8.3114 868.540822 0.000000 1.30900002 128.000000 21.725428 127.900040 0.000000 0.000000
319 8.3332 868.549155 0.000000 1.30900002 128.000000 21.725428 127.900047 0.000000 0.000000
320 8.2771 868.557432 0.000000 1.30900002 128.000000 21.725428 127.900047 0.000000 0.000000
321 8.3751 868.565807 0.000000 1.30900002 128.000000 21.725426 127.900047 0.000000 0.000000
322 8.2985 868.574105 0.000000 1.30900002 128.000000 21.725426 127.900040 0.000000 0.000000
323 8.3175 868.582423 0.000000 1.30900002 128.000000 21.725428 127.900047 0.000000 0.000000
324 8.3454 868.590768 0.000000 1.30900002 128.000000 21.725428 127.900040 0.000000 0.000000
325 8.3342 868.599102 0.000000 1.30900002 128.000000 21.725426 127.900047 0.000000 0.000000
326 8.3112 868.607414 0.000000 1.30900002 128.000000 21.725426 127.900040 0.000000 0.000000
327 8.4317 868.615845 0.000000 1.30900002 128.000000 21.725428 127.900047 0.000000 0.000000
328 8.3277 868.624173 0.000000 1.30900002 128.000000 21.725428 127.900047 0.000000 0.000000
329 8.2431 868.632416 0.000000 1.30900002 128.000000 21.725428 127.900047 0.000000 0.000000
330 8.3551 868.640771 0.000000 1.30900002 128.000000 21.725430 127.900047 0.000000 0.000000
331 8.3241 868.649095 0.000000 1.30900002 128.000000 21.725428 127.900047 0.000000 0.000000
332 8.3603 868.657456 0.000000 1.30900002 128.000000 21.725428 127.900040 0.000000 0.000000
333 8.3473 868.665803 0.000000 1.30900002 128.000000 21.725428 127.900047 0.000000 0.000000
334 8.3077 868.674111 0.000000 1.30900002 128.000000 21.725428 127.900040 0.000000 0.000000
335 8.3719 868.682482 0.000000 1.30900002 128.000000 21.725428 127.900047 0.000000 0.000000
336 8.3133 868.690796 0.000000 1.30900002 128.000000 21.725430 127.900055 0.000000 0.000000
337 8.2984 868.699094 0.000000 1.30900002 128.000000 21.725428 127.900047 0.000000 0.000000
338 8.2992 868.707393 0.000000 1.30900002 128.000000 21.725428 127.900055 0.000000 0.000000
339 8.4263 868.715820 0.000000 1.30900002 128.000000 21.725428 127.900047 0.000000 0.000000
340 8.3072 868.724127 0.000000 1.30900002 128.000000 21.725430 127.900055 0.000000 0.000000
341 8.3230 868.732450 0.000000 1.30900002 128.000000 21.725428 127.900055 0.000000 0.000000
342 8.3243 868.740774 0.000000 1.30900002 128.000000 21.725428 127.900047 0.000000 0.000000
343 8.3192 868.749093 0.000000 1.30900002 128.000000 21.725428 127.900047 0.000000 0.000000
344 8.3187 868.757412 0.000000 1.30900002 128.000000 21.725426 127.900040 0.000000 0.000000
345 8.3377 868.765750 0.000000 1.30900002 128.000000 21.725428 127.900047 0.000000 0.000000
346 8.7133 868.774463 0.000000 1.30900002 128.000000 21.725428 127.900047 0.000000 0.000000
347 8.0081 868.782471 0.000000 1.30900002 128.000000 21.725428 127.900047 0.000000 0.000000
348 8.3209 868.790792 0.000000 1.30900002 128.000000 21.725426 127.900040 0.000000 0.000000
349 8.3154 868.799108 0.000000 1.30900002 128.000000 21.725428 127.900047 0.000000 0.000000
350 8.4063 868.807514 0.000000 1.30900002 128.000000 21.725428 127.900040 0.000000 0.000000
351 8.3043 868.815818 0.000000 1.30900002 128.000000 21.725428 127.900047 0.000000 0.000000
352 8.3120 868.824130 0.000000 1.30900002 128.000000 21.725428 127.900055 0.000000 0.000000
353 8.3316 868.832462 0.000000 1.30900002 128.000000 21.725428 127.900047 0.000000 0.000000
354 8.3559 868.840818 0.000000 1.30900002 128.000000 21.725430 127.900055 0.000000 0.000000
355 8.2939 868.849112 0.000000 1.30900002 128.000000 21.725428 127.900047 0.000000 0.000000
356 8.3278 868.857439 0.000000 1.30900002 128.000000 21.725428 127.900047 0.000000 0.000000
357 8.3128 868.865752 0.000000 1.30900002 128.000000 21.725428 127.900047 0.000000 0.000000
358 8.4360 868.874188 0.000000 1.30900002 128.000000 21.725428 127.900040 0.000000 0.000000
359 8.2724 868.882461 0.000000 1.30900002 128.000000 21.725428 127.900047 0.000000 0.000000
360 8.3126 868.890773 0.000000 1.30900002 128.000000 21.725428 127.900047 0.000000 0.000000
361 8.3342 868.899107 0.000000 1.30900002 128.000000 21.725428 127.900047 0.000000 0.000000
362 8.2889 868.907396 0.000000 1.30900002 128.000000 21.725428 127.900047 0.000000 0.000000
363 8.4245 868.915821 0.000000 1.30900002 128.000000 21.725428 127.900047 0.000000 0.000000
364 8.2983 868.924119 0.000000 1.30900002 128.000000 21.725430 127.900055 0.000000 0.000000
365 8.3138 868.932433 0.000000 1.30900002 128.000000 21.725428 127.900047 0.000000 0.000000
366 8.3239 868.940757 0.000000 1.30900002 128.000000 21.725428 127.900047 0.000000 0.000000
367 8.4399 868.949197 0.000000 1.30900002 128.000000 21.725428 127.900047 0.000000 0.000000
368 8.2862 868.957483 0.000000 1.30900002 128.000000 21.725428 127.900040 0.000000 0.000000
369 8.3454 868.965828 0.000000 1.30900002 128.000000 21.725428 127.900047 0.000000 0.000000
370 8.2785 868.974107 0.000000 1.30900002 128.000000 21.725428 127.900040 0.000000 0.000000
371 8.3042 868.982411 0.000000 1.30900002 128.000000 21.725428 127.900047 0.000000 0.000000
372 8.4110 868.990822 0.000000 1.30900002 128.000000 21.725426 127.900040 0.000000 0.000000
373 8.2708 868.999093 0.000000 1.30900002 128.000000 21.725428 127.900047 0.000000 0.000000
374 8.3770 869.007470 0.000000 1.30900002 128.000000 21.725428 127.900055 0.000000 0.000000
375 8.3250 869.015795 0.000000 1.30900002 128.000000 21.725428 127.900047 0.000000 0.000000
376 8.2780 869.024073 0.000000 1.30900002 128.000000 21.725428 127.900055 0.000000 0.000000
377 8.4311 869.032504 0.000000 1.30900002 128.000000 21.725428 127.900047 0.000000 0.000000
378 8.2644 869.040768 0.000000 1.30900002 128.000000 21.725428 127.900055 0.000000 0.000000
379 8.3023 869.049070 0.000000 1.30900002 128.000000 21.725428 127.900047 0.000000 0.000000
380 8.3815 869.057452 0.000000 1.30900002 128.000000 21.725426 127.900047 0.000000 0.000000
381 8.4215 869.065873 0.000000 1.30900002 128.000000 21.725428 127.900047 0.000000 0.000000
382 8.3222 869.074196 0.000000 1.30900002 128.000000 21.725430 127.900055 0.000000 0.000000
383 8.2505 869.082446 0.000000 1.30900002 128.000000 21.725428 127.900047 0.000000 0.000000
384 8.3966 869.090843 0.000000 1.30900002 128.000000 21.725428 127.900047 0.000000 0.000000
385 8.2651 869.099108 0.000000 1.30900002 128.000000 21.725428 127.900047 0.000000 0.000000
386 8.3437 869.107451 0.000000 1.30900002 128.000000 21.725428 127.900040 0.000000 0.000000
387 8.2976 869.115749 0.000000 1.30900002 128.000000 21.725426 127.900047 0.000000 0.000000
388 8.4080 869.124157 0.000000 1.30900002 128.000000 21.725430 127.900055 0.000000 0.000000
389 8.2866 869.132444 0.000000 1.30900002 128.000000 21.725428 127.900047 0.000000 0.000000
390 8.3826 869.140826 0.000000 1.30900002 128.000000 21.725426 127.900040 0.000000 0.000000
391 8.3148 869.149141 0.000000 1.30900002 128.000000 21.725428 127.900047 0.000000 0.000000
392 8.3341 869.157475 0.000000 1.30900002 128.000000 21.725426 127.900040 0.000000 0.000000
393 8.2748 869.165750 0.000000 1.30900002 128.000000 21.725428 127.900047 0.000000 0.000000
394 8.3507 869.174101 0.000000 1.30900002 128.000000 21.725428 127.900055 0.000000 0.000000
395 8.3934 869.182494 0.000000 1.30900002 128.000000 21.725428 127.900047 0.000000 0.000000
396 8.2544 869.190748 0.000000 1.30900002 128.000000 21.725426 127.900047 0.000000 0.000000
397 8.3229 869.199071 0.000000 1.30900002 128.000000 21.725428 127.900047 0.000000 0.000000
398 8.5881 869.207659 0.000000 1.30900002 128.000000 21.725428 127.900055 0.000000 0.000000
399 8.1036 869.215763 0.000000 1.30900002 128.000000 21.725426 127.900047 0.000000 0.000000
400 8.3630 869.224126 0.000000 1.30900002 128.000000 21.725428 127.900040 0.000000 0.000000
401 8.3133 869.232439 0.000000 1.30900002 128.000000 21.725428 127.900047 0.000000 0.000000
402 8.3310 869.240770 0.000000 1.30900002 128.000000 21.725426 127.900040 0.000000 0.000000
403 8.5255 869.249296 0.000000 1.30900002 128.000000 21.725428 127.900047 0.000000 0.000000
404 16.4610 869.265757 0.000000 1.30900002 128.000000 21.725428 127.900047 0.000000 0.000000
405 0.9888 869.266746 0.000000 1.30900002 128.000000 21.725430 127.900047 0.000000 0.000000
406 7.3142 869.274060 0.000000 1.30900002 128.000000 21.725428 127.900055 0.000000 0.000000
407 8.3698 869.282430 0.000000 1.30900002 128.000000 21.725428 127.900047 0.000000 0.000000
408 8.3474 869.290777 0.000000 1.30900002 128.000000 21.725428 127.900047 0.000000 0.000000
409 8.3328 869.299110 0.000000 1.30900002 128.000000 21.725430 127.900047 0.000000 0.000000
410 8.2934 869.307403 0.000000 1.30900002 128.000000 21.725428 127.900040 0.000000 0.000000
411 8.3530 869.315756 0.000000 1.30900002 128.000000 21.725428 127.900047 0.000000 0.000000
412 8.6427 869.324399 0.000000 1.30900002 128.000000 21.725428 127.900047 0.000000 0.000000
413 7.9985 869.332397 0.000000 1.30900002 128.000000 21.725428 127.900047 0.000000 0.000000
414 8.3137 869.340711 0.000000 1.30900002 128.000000 21.725428 127.900040 0.000000 0.000000
415 8.3381 869.349049 0.000000 1.30900002 128.000000 21.725428 127.900047 0.000000 0.000000
416 8.3710 869.357420 0.000000 1.30900002 128.000000 21.725428 127.900047 0.000000 0.000000
417 8.5558 869.365976 0.000000 1.30900002 128.000000 21.725428 127.900047 0.000000 0.000000
418 8.1350 869.374111 0.000000 1.30900002 128.000000 21.725428 127.900047 0.000000 0.000000
419 8.3008 869.382412 0.000000 1.30900002 128.000000 21.725428 127.900047 0.000000 0.000000
420 8.3570 869.390769 0.000000 1.30900002 128.000000 21.725428 127.900055 0.000000 0.000000
421 8.2837 869.399053 0.000000 1.30900002 128.000000 21.725428 127.900047 0.000000 0.000000
422 8.3721 869.407425 0.000000 1.30900002 128.000000 21.725428 127.900055 0.000000 0.000000
423 8.5867 869.416011 0.000000 1.30900002 128.000000 21.725428 127.900047 0.000000 0.000000
424 8.0828 869.424094 0.000000 1.30900002 128.000000 21.725430 127.900047 0.000000 0.000000
425 8.3058 869.432400 0.000000 1.30900002 128.000000 21.725428 127.900047 0.000000 0.000000
426 8.3517 869.440752 0.000000 1.30900002 128.000000 21.725428 127.900047 0.000000 0.000000
427 8.3685 869.449120 0.000000 1.30900002 128.000000 21.725428 127.900047 0.000000 0.000000
428 8.3062 869.457426 0.000000 1.30900002 128.000000 21.725430 127.900055 0.000000 0.000000
429 8.5734 869.466000 0.000000 1.30900002 128.000000 21.725428 127.900047 0.000000 0.000000
430 8.1328 869.474132 0.000000 1.30900002 128.000000 21.725430 127.900055 0.000000 0.000000
431 8.2556 869.482388 0.000000 1.30900002 128.000000 21.725428 127.900047 0.000000 0.000000
432 8.3286 869.490717 0.000000 1.30900002 128.000000 21.725428 127.900055 0.000000 0.000000
433 8.3420 869.499059 0.000000 1.30900002 128.000000 21.725428 127.900047 0.000000 0.000000
434 8.5850 869.507644 0.000000 1.30900002 128.000000 21.725430 127.900047 0.000000 0.000000
435 8.1188 869.515763 0.000000 1.30900002 128.000000 21.725428 127.900047 0.000000 0.000000
436 8.3320 869.524095 0.000000 1.30900002 128.000000 21.725428 127.900055 0.000000 0.000000
437 8.3134 869.532408 0.000000 1.30900002 128.000000 21.725428 127.900047 0.000000 0.000000
438 8.2978 869.540706 0.000000 1.30900002 128.000000 21.725428 127.900055 0.000000 0.000000
439 8.6037 869.549309 0.000000 1.30900002 128.000000 21.725428 127.900047 0.000000 0.000000
440 8.0708 869.557380 0.000000 1.30900002 128.000000 21.725426 127.900040 0.000000 0.000000
441 8.4026 869.565783 0.000000 1.30900002 128.000000 21.725428 127.900047 0.000000 0.000000
442 8.3079 869.574091 0.000000 1.30900002 128.000000 21.725426 127.900047 0.000000 0.000000
443 8.3336 869.582424 0.000000 1.30900002 128.000000 21.725428 127.900047 0.000000 0.000000
444 8.3504 869.590775 0.000000 1.30900002 128.000000 21.725428 127.900040 0.000000 0.000000
445 8.3257 869.599100 0.000000 1.30900002 128.000000 21.725428 127.900047 0.000000 0.000000
446 8.5350 869.607635 0.000000 1.30900002 128.000000 21.725428 127.900047 0.000000 0.000000
447 8.1031 869.615738 0.000000 1.30900002 128.000000 21.725428 127.900047 0.000000 0.000000
448 8.3366 869.624075 0.000000 1.30900002 128.000000 21.725428 127.900040 0.000000 0.000000
449 8.3108 869.632386 0.000000 1.30900002 128.000000 21.725428 127.900047 0.000000 0.000000
450 8.3571 869.640743 0.000000 1.30900002 128.000000 21.725428 127.900040 0.000000 0.000000
451 8.5922 869.649335 0.000000 1.30900002 128.000000 21.725428 127.900047 0.000000 0.000000
452 8.1038 869.657439 0.000000 1.30900002 128.000000 21.725428 127.900040 0.000000 0.000000
453 8.3712 869.665810 0.000000 1.30900002 128.000000 21.725428 127.900047 0.000000 0.000000
454 8.2395 869.674050 0.000000 1.30900002 128.000000 21.725428 127.900040 0.000000 0.000000
455 8.4252 869.682475 0.000000 1.30900002 128.000000 21.725428 127.900047 0.000000 0.000000
456 8.2445 869.690719 0.000000 1.30900002 128.000000 21.725426 127.900040 0.000000 0.000000
457 8.4189 869.699138 0.000000 1.30900002 128.000000 21.725428 127.900047 0.000000 0.000000
458 8.4128 869.707551 0.000000 1.30900002 128.000000 21.725428 127.900055 0.000000 0.000000
459 8.3216 869.715873 0.000000 1.30900002 128.000000 21.725428 127.900047 0.000000 0.000000
460 8.3140 869.724187 0.000000 1.30900002 128.000000 21.725426 127.900040 0.000000 0.000000
461 8.2727 869.732459 0.000000 1.30900002 128.000000 21.725428 127.900047 0.000000 0.000000
462 8.5926 869.741052 0.000000 1.30900002 128.000000 21.725430 127.900047 0.000000 0.000000
463 16.3662 869.757418 0.000000 1.30900002 128.000000 21.725428 127.900047 0.000000 0.000000
464 0.9566 869.758375 0.000000 1.30900002 128.000000 21.725428 127.900047 0.000000 0.000000
465 7.4615 869.765836 0.000000 1.30900002 128.000000 21.725428 127.900047 0.000000 0.000000
466 8.3096 869.774146 0.000000 1.30900002 128.000000 21.725428 127.900040 0.000000 0.000000
467 8.3317 869.782478 0.000000 1.30900002 128.000000 21.725428 127.900047 0.000000 0.000000
468 8.2630 869.790741 0.000000 1.30900002 128.000000 21.725428 127.900055 0.000000 0.000000
469 8.3314 869.799072 0.000000 1.30900002 128.000000 21.725428 127.900047 0.000000 0.000000
470 8.3479 869.807420 0.000000 1.30900002 128.000000 21.725428 127.900040 0.000000 0.000000
471 8.3108 869.815731 0.000000 1.30900002 128.000000 21.725428 127.900047 0.000000 0.000000
472 8.6058 869.824337 0.000000 1.30900002 128.000000 21.725428 127.900047 0.000000 0.000000
473 8.1145 869.832451 0.000000 1.30900002 128.000000 21.725428 127.900047 0.000000 0.000000
474 8.2705 869.840722 0.000000 1.30900002 128.000000 21.725428 127.900055 0.000000 0.000000
475 8.3586 869.849080 0.000000 1.30900002 128.000000 21.725428 127.900047 0.000000 0.000000
476 8.3236 869.857404 0.000000 1.30900002 128.000000 21.725428 127.900055 0.000000 0.000000
477 8.3307 869.865734 0.000000 1.30900002 128.000000 21.725428 127.900047 0.000000 0.000000
478 8.3483 869.874083 0.000000 1.30900002 128.000000 21.725428 127.900047 0.000000 0.000000
479 8.3970 869.882480 0.000000 1.30900002 128.000000 21.725428 127.900047 0.000000 0.000000
480 8.2794 869.890759 0.000000 1.30900002 128.000000 21.725428 127.900040 0.000000 0.000000
481 8.3120 869.899071 0.000000 1.30900002 128.000000 21.725428 127.900047 0.000000 0.000000
482 8.3645 869.907436 0.000000 1.30900002 128.000000 21.725428 127.900047 0.000000 0.000000
483 8.2660 869.915702 0.000000 1.30900002 128.000000 21.725428 127.900047 0.000000 0.000000
484 8.3625 869.924064 0.000000 1.30900002 128.000000 21.725428 127.900047 0.000000 0.000000
485 8.3782 869.932442 0.000000 1.30900002 128.000000 21.725428 127.900047 0.000000 0.000000
486 8.3156 869.940758 0.000000 1.30900002 128.000000 21.725428 127.900055 0.000000 0.000000
487 8.5807 869.949339 0.000000 1.30900002 128.000000 21.725428 127.900047 0.000000 0.000000
488 8.0789 869.957418 0.000000 1.30900002 128.000000 21.725428 127.900055 0.000000 0.000000
489 8.3547 869.965772 0.000000 1.30900002 128.000000 21.725428 127.900047 0.000000 0.000000
490 8.3107 869.974083 0.000000 1.30900002 128.000000 21.725428 127.900055 0.000000 0.000000
491 8.3476 869.982431 0.000000 1.30900002 128.000000 21.725428 127.900047 0.000000 0.000000
492 8.3014 869.990732 0.000000 1.30900002 128.000000 21.725430 127.900055 0.000000 0.000000
493 8.3352 869.999067 0.000000 1.30900002 128.000000 21.725428 127.900047 0.000000 0.000000
494 8.3465 870.007414 0.000000 1.30900002 128.000000 21.725428 127.900055 0.000000 0.000000
495 8.3476 870.015761 0.000000 1.30900002 128.000000 21.725428 127.900047 0.000000 0.000000
496 8.3278 870.024089 0.000000 1.30900002 128.000000 21.725428 127.900040 0.000000 0.000000
497 8.5911 870.032680 0.000000 1.30900002 128.000000 21.725428 127.900047 0.000000 0.000000
498 8.0888 870.040769 0.000000 1.30900002 128.000000 21.725428 127.900047 0.000000 0.000000
499 8.3062 870.049075 0.000000 1.30900002 128.000000 21.725428 127.900047 0.000000 0.000000
500 8.3343 870.057409 0.000000 1.30900002 128.000000 21.725426 127.900040 0.000000 0.000000
501 8.3779 870.065787 0.000000 1.30900002 128.000000 21.725428 127.900047 0.000000 0.000000
502 8.3034 870.074091 0.000000 1.30900002 128.000000 21.725426 127.900047 0.000000 0.000000
503 8.4008 870.082492 0.000000 1.30900002 128.000000 21.725426 127.900047 0.000000 0.000000
504 8.2236 870.090715 0.000000 1.30900002 128.000000 21.725428 127.900055 0.000000 0.000000
505 8.3925 870.099108 0.000000 1.30900002 128.000000 21.725428 127.900047 0.000000 0.000000
506 8.3776 870.107485 0.000000 1.30900002 128.000000 21.725428 127.900047 0.000000 0.000000
507 8.4512 870.115936 0.000000 1.30900002 128.000000 21.725428 127.900047 0.000000 0.000000
508 8.1808 870.124117 0.000000 1.30900002 128.000000 21.725428 127.900055 0.000000 0.000000
509 8.3335 870.132451 0.000000 1.30900002 128.000000 21.725428 127.900047 0.000000 0.000000
510 8.2805 870.140731 0.000000 1.30900002 128.000000 21.725428 127.900040 0.000000 0.000000
511 8.3543 870.149086 0.000000 1.30900002 128.000000 21.725428 127.900047 0.000000 0.000000
512 8.3648 870.157450 0.000000 1.30900002 128.000000 21.725428 127.900040 0.000000 0.000000
513 8.3447 870.165795 0.000000 1.30900002 128.000000 21.725428 127.900047 0.000000 0.000000
514 8.5169 870.174312 0.000000 1.30900002 128.000000 21.725428 127.900055 0.000000 0.000000
515 8.1273 870.182439 0.000000 1.30900002 128.000000 21.725428 127.900047 0.000000 0.000000
516 8.2966 870.190736 0.000000 1.30900002 128.000000 21.725428 127.900055 0.000000 0.000000
517 8.3503 870.199086 0.000000 1.30900002 128.000000 21.725428 127.900047 0.000000 0.000000
518 8.3062 870.207392 0.000000 1.30900002 128.000000 21.725428 127.900055 0.000000 0.000000
519 8.3434 870.215736 0.000000 1.30900002 128.000000 21.725428 127.900047 0.000000 0.000000
520 8.3143 870.224050 0.000000 1.30900002 128.000000 21.725428 127.900047 0.000000 0.000000
521 8.3520 870.232402 0.000000 1.30900002 128.000000 21.725428 127.900047 0.000000 0.000000
522 8.5683 870.240970 0.000000 1.30900002 128.000000 21.725428 127.900047 0.000000 0.000000
523 16.4288 870.257399 0.000000 1.30900002 128.000000 21.725426 127.900040 0.000000 0.000000
524 0.9535 870.258353 0.000000 1.30900002 128.000000 21.725428 127.900040 0.000000 0.000000
525 7.4268 870.265779 0.000000 1.30900002 128.000000 21.725428 127.900047 0.000000 0.000000
526 8.3133 870.274093 0.000000 1.30900002 128.000000 21.725430 127.900047 0.000000 0.000000
527 8.3164 870.282409 0.000000 1.30900002 128.000000 21.725428 127.900055 0.000000 0.000000
528 8.3300 870.290739 0.000000 1.30900002 128.000000 21.725428 127.900040 0.000000 0.000000
529 8.3398 870.299079 0.000000 1.30900002 128.000000 21.725428 127.900047 0.000000 0.000000
530 8.3540 870.307433 0.000000 1.30900002 128.000000 21.725428 127.900055 0.000000 0.000000
531 8.3455 870.315778 0.000000 1.30900002 128.000000 21.725428 127.900047 0.000000 0.000000
532 8.5434 870.324322 0.000000 1.30900002 128.000000 21.725428 127.900040 0.000000 0.000000
533 16.4034 870.340725 0.000000 1.30900002 128.000000 21.725428 127.900040 0.000000 0.000000
534 0.9908 870.341716 0.000000 1.30900002 128.000000 21.725428 127.900055 0.000000 0.000000
535 7.3921 870.349108 0.000000 1.30900002 128.000000 21.725428 127.900047 0.000000 0.000000
536 8.2978 870.357406 0.000000 1.30900002 128.000000 21.725428 127.900055 0.000000 0.000000
537 8.4178 870.365824 0.000000 1.30900002 128.000000 21.725428 127.900047 0.000000 0.000000
538 8.3244 870.374148 0.000000 1.30900002 128.000000 21.725428 127.900055 0.000000 0.000000
539 8.2922 870.382440 0.000000 1.30900002 128.000000 21.725428 127.900047 0.000000 0.000000
540 8.3540 870.390794 0.000000 1.30900002 128.000000 21.725428 127.900047 0.000000 0.000000
541 8.2954 870.399090 0.000000 1.30900002 128.000000 21.725428 127.900047 0.000000 0.000000
542 8.5443 870.407634 0.000000 1.30900002 128.000000 21.725428 127.900047 0.000000 0.000000
543 8.1814 870.415815 0.000000 1.30900002 128.000000 21.725428 127.900047 0.000000 0.000000
544 8.3259 870.424141 0.000000 1.30900002 128.000000 21.725428 127.900040 0.000000 0.000000
545 8.2452 870.432386 0.000000 1.30900002 128.000000 21.725428 127.900047 0.000000 0.000000
546 8.3744 870.440761 0.000000 1.30900002 128.000000 21.725430 127.900047 0.000000 0.000000
547 8.3174 870.449078 0.000000 1.30900002 128.000000 21.725428 127.900047 0.000000 0.000000
548 8.3183 870.457397 0.000000 1.30900002 128.000000 21.725430 127.900055 0.000000 0.000000
549 8.3580 870.465754 0.000000 1.30900002 128.000000 21.725428 127.900047 0.000000 0.000000
550 8.3315 870.474086 0.000000 1.30900002 128.000000 21.725428 127.900047 0.000000 0.000000
551 8.3442 870.482430 0.000000 1.30900002 128.000000 21.725428 127.900047 0.000000 0.000000
552 8.3001 870.490730 0.000000 1.30900002 128.000000 21.725428 127.900047 0.000000 0.000000
553 8.3343 870.499064 0.000000 1.30900002 128.000000 21.725428 127.900047 0.000000 0.000000
554 8.3262 870.507391 0.000000 1.30900002 128.000000 21.725430 127.900047 0.000000 0.000000
555 8.3638 870.515754 0.000000 1.30900002 128.000000 21.725428 127.900047 0.000000 0.000000
556 8.3462 870.524101 0.000000 1.30900002 128.000000 21.725426 127.900047 0.000000 0.000000
557 8.3218 870.532422 0.000000 1.30900002 128.000000 21.725428 127.900047 0.000000 0.000000
558 8.3029 870.540725 0.000000 1.30900002 128.000000 21.725426 127.900047 0.000000 0.000000
559 8.3328 870.549058 0.000000 1.30900002 128.000000 21.725428 127.900047 0.000000 0.000000
560 8.4230 870.557481 0.000000 1.30900002 128.000000 21.725426 127.900047 0.000000 0.000000
561 8.2026 870.565684 0.000000 1.30900002 128.000000 21.725428 127.900047 0.000000 0.000000
562 8.3945 870.574078 0.000000 1.30900002 128.000000 21.725428 127.900047 0.000000 0.000000
563 8.3218 870.582400 0.000000 1.30900002 128.000000 21.725428 127.900047 0.000000 0.000000
564 8.3278 870.590728 0.000000 1.30900002 128.000000 21.725428 127.900040 0.000000 0.000000
565 8.3087 870.599036 0.000000 1.30900002 128.000000 21.725428 127.900047 0.000000 0.000000
566 8.3701 870.607407 0.000000 1.30900002 128.000000 21.725428 127.900040 0.000000 0.000000
567 8.3182 870.615725 0.000000 1.30900002 128.000000 21.725428 127.900047 0.000000 0.000000
568 8.3158 870.624041 0.000000 1.30900002 128.000000 21.725428 127.900040 0.000000 0.000000
569 8.3625 870.632403 0.000000 1.30900002 128.000000 21.725428 127.900047 0.000000 0.000000
570 8.3017 870.640705 0.000000 1.30900002 128.000000 21.725426 127.900040 0.000000 0.000000
571 8.3257 870.649030 0.000000 1.30900002 128.000000 21.725428 127.900047 0.000000 0.000000
572 8.3631 870.657394 0.000000 1.30900002 128.000000 21.725428 127.900047 0.000000 0.000000
573 8.3427 870.665736 0.000000 1.30900002 128.000000 21.725428 127.900047 0.000000 0.000000
574 8.5831 870.674319 0.000000 1.30900002 128.000000 21.725428 127.900040 0.000000 0.000000
575 8.2981 870.682617 0.000000 1.30900002 128.000000 21.725428 127.900047 0.000000 0.000000
576 8.3883 870.691006 0.000000 1.30900002 128.000000 21.725428 127.900047 0.000000 0.000000
577 8.2211 870.699227 0.000000 1.30900002 128.000000 21.725428 127.900047 0.000000 0.000000
578 8.1732 870.707400 0.000000 1.30900002 128.000000 21.725428 127.900047 0.000000 0.000000
579 8.3158 870.715716 0.000000 1.30900002 128.000000 21.725428 127.900047 0.000000 0.000000
580 8.6106 870.724326 0.000000 1.30900002 128.000000 21.725428 127.900047 0.000000 0.000000
581 8.1163 870.732443 0.000000 1.30900002 128.000000 21.725428 127.900047 0.000000 0.000000
582 8.2878 870.740730 0.000000 1.30900002 128.000000 21.725428 127.900055 0.000000 0.000000
583 8.3628 870.749093 0.000000 1.30900002 128.000000 21.725428 127.900047 0.000000 0.000000
584 8.2707 870.757364 0.000000 1.30900002 128.000000 21.725428 127.900055 0.000000 0.000000
585 8.6463 870.766010 0.000000 1.30900002 128.000000 21.725428 127.900047 0.000000 0.000000
586 16.4946 870.782505 0.000000 1.30900002 128.000000 21.725428 127.900047 0.000000 0.000000
587 1.1412 870.783646 0.000000 1.30900002 128.000000 21.725428 127.900047 0.000000 0.000000
588 7.0755 870.790722 0.000000 1.30900002 128.000000 21.725428 127.900055 0.000000 0.000000
589 8.3231 870.799045 0.000000 1.30900002 128.000000 21.725428 127.900047 0.000000 0.000000
590 8.3932 870.807438 0.000000 1.30900002 128.000000 21.725428 127.900055 0.000000 0.000000
591 8.3542 870.815792 0.000000 1.30900002 128.000000 21.725430 127.900055 0.000000 0.000000
592 8.2607 870.824053 0.000000 1.30900002 128.000000 21.725428 127.900047 0.000000 0.000000
593 8.3207 870.832373 0.000000 1.30900002 128.000000 21.725428 127.900055 0.000000 0.000000
594 8.3950 870.840768 0.000000 1.30900002 128.000000 21.725428 127.900040 0.000000 0.000000
595 8.2644 870.849033 0.000000 1.30900002 128.000000 21.725428 127.900047 0.000000 0.000000
596 8.3561 870.857389 0.000000 1.30900002 128.000000 21.725428 127.900047 0.000000 0.000000
597 8.3205 870.865709 0.000000 1.30900002 128.000000 21.725428 127.900047 0.000000 0.000000
598 8.4141 870.874124 0.000000 1.30900002 128.000000 21.725428 127.900055 0.000000 0.000000
599 8.2760 870.882400 0.000000 1.30900002 128.000000 21.725428 127.900047 0.000000 0.000000
600 8.3706 870.890770 0.000000 1.30900002 128.000000 21.725428 127.900047 0.000000 0.000000
601 8.2665 870.899037 0.000000 1.30900002 128.000000 21.725430 127.900047 0.000000 0.000000
602 8.3646 870.907401 0.000000 1.30900002 128.000000 21.725428 127.900047 0.000000 0.000000
603 8.3410 870.915742 0.000000 1.30900002 128.000000 21.725428 127.900047 0.000000 0.000000
604 8.3659 870.924108 0.000000 1.30900002 128.000000 21.725428 127.900040 0.000000 0.000000
605 8.2990 870.932407 0.000000 1.30900002 128.000000 21.725428 127.900047 0.000000 0.000000
606 8.3694 870.940776 0.000000 1.30900002 128.000000 21.725426 127.900047 0.000000 0.000000
607 8.5427 870.949319 0.000000 1.30900002 128.000000 21.725428 127.900047 0.000000 0.000000
608 8.3139 870.957633 0.000000 1.30900002 128.000000 21.725428 127.900040 0.000000 0.000000
609 8.1336 870.965767 0.000000 1.30900002 128.000000 21.725428 127.900040 0.000000 0.000000
610 8.2979 870.974065 0.000000 1.30900002 128.000000 21.725428 127.900047 0.000000 0.000000
611 8.3431 870.982408 0.000000 1.30900002 128.000000 21.725428 127.900047 0.000000 0.000000
612 8.3318 870.990739 0.000000 1.30900002 128.000000 21.725428 127.900055 0.000000 0.000000
613 8.5738 870.999313 0.000000 1.30900002 128.000000 21.725428 127.900047 0.000000 0.000000
614 8.1088 871.007422 0.000000 1.30900002 128.000000 21.725428 127.900047 0.000000 0.000000
615 8.3672 871.015789 0.000000 1.30900002 128.000000 21.725428 127.900047 0.000000 0.000000
616 8.2975 871.024087 0.000000 1.30900002 128.000000 21.725428 127.900055 0.000000 0.000000
617 8.3824 871.032469 0.000000 1.30900002 128.000000 21.725428 127.900047 0.000000 0.000000
618 8.2340 871.040703 0.000000 1.30900002 128.000000 21.725428 127.900047 0.000000 0.000000
619 8.3736 871.049077 0.000000 1.30900002 128.000000 21.725428 127.900047 0.000000 0.000000
620 8.2837 871.057360 0.000000 1.30900002 128.000000 21.725430 127.900055 0.000000 0.000000
621 8.4128 871.065773 0.000000 1.30900002 128.000000 21.725428 127.900047 0.000000 0.000000
622 8.3429 871.074116 0.000000 1.30900002 128.000000 21.725430 127.900055 0.000000 0.000000
623 8.2909 871.082407 0.000000 1.30900002 128.000000 21.725428 127.900047 0.000000 0.000000
624 8.5564 871.090963 0.000000 1.30900002 128.000000 21.725428 127.900055 0.000000 0.000000
625 8.0788 871.099042 0.000000 1.30900002 128.000000 21.725428 127.900047 0.000000 0.000000
626 8.3802 871.107422 0.000000 1.30900002 128.000000 21.725428 127.900040 0.000000 0.000000
627 8.3123 871.115735 0.000000 1.30900002 128.000000 21.725428 127.900047 0.000000 0.000000
628 8.3371 871.124072 0.000000 1.30900002 128.000000 21.725426 127.900040 0.000000 0.000000
629 8.5475 871.132619 0.000000 1.30900002 128.000000 21.725428 127.900047 0.000000 0.000000
630 8.1650 871.140784 0.000000 1.30900002 128.000000 21.725430 127.900055 0.000000 0.000000
631 8.2537 871.149038 0.000000 1.30900002 128.000000 21.725428 127.900047 0.000000 0.000000
632 8.3585 871.157396 0.000000 1.30900002 128.000000 21.725426 127.900040 0.000000 0.000000
633 8.3604 871.165757 0.000000 1.30900002 128.000000 21.725428 127.900047 0.000000 0.000000
634 8.3012 871.174058 0.000000 1.30900002 128.000000 21.725428 127.900047 0.000000 0.000000
635 8.5585 871.182616 0.000000 1.30900002 128.000000 21.725428 127.900040 0.000000 0.000000
636 16.4359 871.199052 0.000000 1.30900002 128.000000 21.725428 127.900047 0.000000 0.000000
637 0.8677 871.199920 0.000000 1.30900002 128.000000 21.725428 127.900047 0.000000 0.000000
638 7.4825 871.207403 0.000000 1.30900002 128.000000 21.725428 127.900047 0.000000 0.000000
639 8.3119 871.215714 0.000000 1.30900002 128.000000 21.725428 127.900040 0.000000 0.000000
640 8.6794 871.224394 0.000000 1.30900002 128.000000 21.725430 127.900055 0.000000 0.000000
641 16.4236 871.240817 0.000000 1.30900002 128.000000 21.725426 127.900040 0.000000 0.000000
642 0.9562 871.241774 0.000000 1.30900002 128.000000 21.725428 127.900040 0.000000 0.000000
643 7.3603 871.249134 0.000000 1.30900002 128.000000 21.725428 127.900047 0.000000 0.000000
644 8.2638 871.257398 0.000000 1.30900002 128.000000 21.725428 127.900047 0.000000 0.000000
645 8.3664 871.265764 0.000000 1.30900002 128.000000 21.725428 127.900047 0.000000 0.000000
646 8.2848 871.274049 0.000000 1.30900002 128.000000 21.725428 127.900055 0.000000 0.000000
647 8.3236 871.282373 0.000000 1.30900002 128.000000 21.725428 127.900047 0.000000 0.000000
648 8.3315 871.290704 0.000000 1.30900002 128.000000 21.725430 127.900055 0.000000 0.000000
649 8.6210 871.299325 0.000000 1.30900002 128.000000 21.725428 127.900047 0.000000 0.000000
650 8.0669 871.307392 0.000000 1.30900002 128.000000 21.725428 127.900055 0.000000 0.000000
651 8.3418 871.315734 0.000000 1.30900002 128.000000 21.725428 127.900047 0.000000 0.000000
652 8.5575 871.324291 0.000000 1.30900002 128.000000 21.725426 127.900047 0.000000 0.000000
653 8.0952 871.332387 0.000000 1.30900002 128.000000 21.725428 127.900047 0.000000 0.000000
654 8.2971 871.340684 0.000000 1.30900002 128.000000 21.725428 127.900047 0.000000 0.000000
655 8.4595 871.349143 0.000000 1.30900002 128.000000 21.725428 127.900047 0.000000 0.000000
656 8.2436 871.357387 0.000000 1.30900002 128.000000 21.725428 127.900055 0.000000 0.000000
657 8.3183 871.365705 0.000000 1.30900002 128.000000 21.725428 127.900047 0.000000 0.000000
658 8.3388 871.374044 0.000000 1.30900002 128.000000 21.725428 127.900047 0.000000 0.000000
659 8.3825 871.382426 0.000000 1.30900002 128.000000 21.725428 127.900047 0.000000 0.000000
660 8.2796 871.390706 0.000000 1.30900002 128.000000 21.725428 127.900040 0.000000 0.000000
661 8.3948 871.399101 0.000000 1.30900002 128.000000 21.725428 127.900047 0.000000 0.000000
662 8.5552 871.407656 0.000000 1.30900002 128.000000 21.725428 127.900047 0.000000 0.000000
663 8.1695 871.415826 0.000000 1.30900002 128.000000 21.725428 127.900047 0.000000 0.000000
664 8.1955 871.424021 0.000000 1.30900002 128.000000 21.725428 127.900047 0.000000 0.000000
665 8.4061 871.432427 0.000000 1.30900002 128.000000 21.725428 127.900047 0.000000 0.000000
666 8.3495 871.440777 0.000000 1.30900002 128.000000 21.725426 127.900040 0.000000 0.000000
667 8.5462 871.449323 0.000000 1.30900002 128.000000 21.725428 127.900047 0.000000 0.000000
668 8.0792 871.457402 0.000000 1.30900002 128.000000 21.725428 127.900040 0.000000 0.000000
669 8.3342 871.465736 0.000000 1.30900002 128.000000 21.725428 127.900047 0.000000 0.000000
670 8.4213 871.474157 0.000000 1.30900002 128.000000 21.725426 127.900040 0.000000 0.000000
671 8.2185 871.482376 0.000000 1.30900002 128.000000 21.725428 127.900040 0.000000 0.000000
672 8.3577 871.490734 0.000000 1.30900002 128.000000 21.725426 127.900040 0.000000 0.000000
673 8.3525 871.499086 0.000000 1.30900002 128.000000 21.725428 127.900047 0.000000 0.000000
674 8.3077 871.507394 0.000000 1.30900002 128.000000 21.725428 127.900047 0.000000 0.000000
675 8.3082 871.515702 0.000000 1.30900002 128.000000 21.725426 127.900047 0.000000 0.000000
676 8.3389 871.524041 0.000000 1.30900002 128.000000 21.725428 127.900047 0.000000 0.000000
677 8.3439 871.532385 0.000000 1.30900002 128.000000 21.725428 127.900047 0.000000 0.000000
678 8.5857 871.540971 0.000000 1.30900002 128.000000 21.725426 127.900040 0.000000 0.000000
679 8.1418 871.549112 0.000000 1.30900002 128.000000 21.725428 127.900047 0.000000 0.000000
680 8.3196 871.557432 0.000000 1.30900002 128.000000 21.725430 127.900055 0.000000 0.000000
681 8.3732 871.565805 0.000000 1.30900002 128.000000 21.725428 127.900047 0.000000 0.000000
682 8.2772 871.574082 0.000000 1.30900002 128.000000 21.725428 127.900040 0.000000 0.000000
683 8.3656 871.582448 0.000000 1.30900002 128.000000 21.725426 127.900047 0.000000 0.000000
684 8.3135 871.590762 0.000000 1.30900002 128.000000 21.725428 127.900047 0.000000 0.000000
685 8.3749 871.599136 0.000000 1.30900002 128.000000 21.725428 127.900047 0.000000 0.000000
686 8.2812 871.607418 0.000000 1.30900002 128.000000 21.725428 127.900055 0.000000 0.000000
687 8.4089 871.615827 0.000000 1.30900002 128.000000 21.725428 127.900047 0.000000 0.000000
688 8.2673 871.624094 0.000000 1.30900002 128.000000 21.725426 127.900040 0.000000 0.000000
689 8.4049 871.632499 0.000000 1.30900002 128.000000 21.725428 127.900047 0.000000 0.000000
690 8.3573 871.640856 0.000000 1.30900002 128.000000 21.725430 127.900047 0.000000 0.000000
691 8.3105 871.649167 0.000000 1.30900002 128.000000 21.725428 127.900047 0.000000 0.000000
692 8.2329 871.657399 0.000000 1.30900002 128.000000 21.725428 127.900040 0.000000 0.000000
693 8.3138 871.665713 0.000000 1.30900002 128.000000 21.725428 127.900040 0.000000 0.000000
694 8.3635 871.674077 0.000000 1.30900002 128.000000 21.725430 127.900055 0.000000 0.000000
695 8.6007 871.682677 0.000000 1.30900002 128.000000 21.725428 127.900047 0.000000 0.000000
696 8.2912 871.690969 0.000000 1.30900002 128.000000 21.725430 127.900055 0.000000 0.000000
697 16.4507 871.707419 0.000000 1.30900002 128.000000 21.725426 127.900040 0.000000 0.000000
698 1.1045 871.708524 0.000000 1.30900002 128.000000 21.725428 127.900055 0.000000 0.000000
699 7.1840 871.715708 0.000000 1.30900002 128.000000 21.725428 127.900047 0.000000 0.000000
700 8.6090 871.724317 0.000000 1.30900002 128.000000 21.725428 127.900055 0.000000 0.000000
701 8.1244 871.732441 0.000000 1.30900002 128.000000 21.725428 127.900047 0.000000 0.000000
702 8.2532 871.740694 0.000000 1.30900002 128.000000 21.725428 127.900040 0.000000 0.000000
703 8.3674 871.749062 0.000000 1.30900002 128.000000 21.725428 127.900047 0.000000 0.000000
704 8.2985 871.757360 0.000000 1.30900002 128.000000 21.725428 127.900055 0.000000 0.000000
705 8.5881 871.765948 0.000000 1.30900002 128.000000 21.725428 127.900047 0.000000 0.000000
706 8.1480 871.774096 0.000000 1.30900002 128.000000 21.725426 127.900040 0.000000 0.000000
707 8.2735 871.782370 0.000000 1.30900002 128.000000 21.725426 127.900047 0.000000 0.000000
708 8.3278 871.790698 0.000000 1.30900002 128.000000 21.725428 127.900047 0.000000 0.000000
709 8.3337 871.799031 0.000000 1.30900002 128.000000 21.725428 127.900047 0.000000 0.000000
710 8.7076 871.807739 0.000000 1.30900002 128.000000 21.725428 127.900040 0.000000 0.000000
711 7.9973 871.815736 0.000000 1.30900002 128.000000 21.725428 127.900047 0.000000 0.000000
712 8.3410 871.824077 0.000000 1.30900002 128.000000 21.725428 127.900047 0.000000 0.000000
713 8.2799 871.832357 0.000000 1.30900002 128.000000 21.725428 127.900047 0.000000 0.000000
714 8.3788 871.840736 0.000000 1.30900002 128.000000 21.725428 127.900047 0.000000 0.000000
715 8.3342 871.849070 0.000000 1.30900002 128.000000 21.725428 127.900047 0.000000 0.000000
716 8.3250 871.857395 0.000000 1.30900002 128.000000 21.725428 127.900047 0.000000 0.000000
717 8.5725 871.865968 0.000000 1.30900002 128.000000 21.725428 127.900047 0.000000 0.000000
718 8.1025 871.874070 0.000000 1.30900002 128.000000 21.725428 127.900047 0.000000 0.000000
719 8.3090 871.882379 0.000000 1.30900002 128.000000 21.725428 127.900047 0.000000 0.000000
720 8.3507 871.890730 0.000000 1.30900002 128.000000 21.725426 127.900040 0.000000 0.000000
721 8.5865 871.899316 0.000000 1.30900002 128.000000 21.725428 127.900047 0.000000 0.000000
722 8.0559 871.907372 0.000000 1.30900002 128.000000 21.725428 127.900055 0.000000 0.000000
723 8.3210 871.915693 0.000000 1.30900002 128.000000 21.725428 127.900047 0.000000 0.000000
724 8.4200 871.924113 0.000000 1.30900002 128.000000 21.725430 127.900047 0.000000 0.000000
725 8.3774 871.932491 0.000000 1.30900002 128.000000 21.725428 127.900047 0.000000 0.000000
726 8.2122 871.940703 0.000000 1.30900002 128.000000 21.725430 127.900055 0.000000 0.000000
727 8.3216 871.949024 0.000000 1.30900002 128.000000 21.725428 127.900047 0.000000 0.000000
728 8.3765 871.957401 0.000000 1.30900002 128.000000 21.725426 127.900047 0.000000 0.000000
729 8.3289 871.965730 0.000000 1.30900002 128.000000 21.725428 127.900047 0.000000 0.000000
730 8.2952 871.974025 0.000000 1.30900002 128.000000 21.725428 127.900047 0.000000 0.000000
731 8.3373 871.982362 0.000000 1.30900002 128.000000 21.725428 127.900047 0.000000 0.000000
732 8.3589 871.990721 0.000000 1.30900002 128.000000 21.725428 127.900040 0.000000 0.000000
733 8.3014 871.999023 0.000000 1.30900002 128.000000 21.725428 127.900047 0.000000 0.000000
734 8.6195 872.007642 0.000000 1.30900002 128.000000 21.725428 127.900047 0.000000 0.000000
735 8.0724 872.015714 0.000000 1.30900002 128.000000 21.725428 127.900047 0.000000 0.000000
736 8.3209 872.024035 0.000000 1.30900002 128.000000 21.725428 127.900040 0.000000 0.000000
737 8.4072 872.032443 0.000000 1.30900002 128.000000 21.725428 127.900047 0.000000 0.000000
738 8.2621 872.040705 0.000000 1.30900002 128.000000 21.725428 127.900040 0.000000 0.000000
739 8.3182 872.049023 0.000000 1.30900002 128.000000 21.725428 127.900047 0.000000 0.000000
740 8.5935 872.057616 0.000000 1.30900002 128.000000 21.725430 127.900055 0.000000 0.000000
741 8.1461 872.065763 0.000000 1.30900002 128.000000 21.725430 127.900047 0.000000 0.000000
742 8.3835 872.074146 0.000000 1.30900002 128.000000 21.725428 127.900040 0.000000 0.000000
743 8.1948 872.082341 0.000000 1.30900002 128.000000 21.725426 127.900047 0.000000 0.000000
744 8.3408 872.090682 0.000000 1.30900002 128.000000 21.725428 127.900040 0.000000 0.000000
745 8.3380 872.099020 0.000000 1.30900002 128.000000 21.725428 127.900047 0.000000 0.000000
746 8.3476 872.107367 0.000000 1.30900002 128.000000 21.725428 127.900047 0.000000 0.000000
747 8.3142 872.115682 0.000000 1.30900002 128.000000 21.725428 127.900047 0.000000 0.000000
748 8.3259 872.124007 0.000000 1.30900002 128.000000 21.725428 127.900047 0.000000 0.000000
749 8.3284 872.132336 0.000000 1.30900002 128.000000 21.725428 127.900047 0.000000 0.000000
750 8.3853 872.140721 0.000000 1.30900002 128.000000 21.725428 127.900055 0.000000 0.000000
751 8.3342 872.149055 0.000000 1.30900002 128.000000 21.725428 127.900047 0.000000 0.000000
752 8.3054 872.157361 0.000000 1.30900002 128.000000 21.725428 127.900040 0.000000 0.000000
753 8.3476 872.165708 0.000000 1.30900002 128.000000 21.725428 127.900047 0.000000 0.000000
754 8.3755 872.174084 0.000000 1.30900002 128.000000 21.725428 127.900040 0.000000 0.000000
755 8.2915 872.182375 0.000000 1.30900002 128.000000 21.725428 127.900047 0.000000 0.000000
756 8.3265 872.190702 0.000000 1.30900002 128.000000 21.725426 127.900040 0.000000 0.000000
757 8.3703 872.199072 0.000000 1.30900002 128.000000 21.725428 127.900047 0.000000 0.000000
758 8.3236 872.207396 0.000000 1.30900002 128.000000 21.725428 127.900055 0.000000 0.000000
759 8.3653 872.215761 0.000000 1.30900002 128.000000 21.725428 127.900047 0.000000 0.000000
760 8.5562 872.224317 0.000000 1.30900002 128.000000 21.725426 127.900040 0.000000 0.000000
761 8.0955 872.232413 0.000000 1.30900002 128.000000 21.725428 127.900047 0.000000 0.000000
762 8.3275 872.240740 0.000000 1.30900002 128.000000 21.725428 127.900047 0.000000 0.000000
763 8.2904 872.249031 0.000000 1.30900002 128.000000 21.725428 127.900047 0.000000 0.000000
764 8.3686 872.257399 0.000000 1.30900002 128.000000 21.725426 127.900040 0.000000 0.000000
765 8.3144 872.265714 0.000000 1.30900002 128.000000 21.725428 127.900047 0.000000 0.000000
766 8.3900 872.274104 0.000000 1.30900002 128.000000 21.725428 127.900047 0.000000 0.000000
767 8.2515 872.282355 0.000000 1.30900002 128.000000 21.725428 127.900047 0.000000 0.000000
768 8.3415 872.290697 0.000000 1.30900002 128.000000 21.725428 127.900047 0.000000 0.000000
769 8.3573 872.299054 0.000000 1.30900002 128.000000 21.725428 127.900047 0.000000 0.000000
770 8.3053 872.307359 0.000000 1.30900002 128.000000 21.725428 127.900055 0.000000 0.000000
771 8.5878 872.315947 0.000000 1.30900002 128.000000 21.725428 127.900047 0.000000 0.000000
772 16.4713 872.332418 0.000000 1.30900002 128.000000 21.725428 127.900047 0.000000 0.000000
773 1.0163 872.333435 0.000000 1.30900002 128.000000 21.725428 127.900047 0.000000 0.000000
774 7.2951 872.340730 0.000000 1.30900002 128.000000 21.725426 127.900040 0.000000 0.000000
775 8.3820 872.349112 0.000000 1.30900002 128.000000 21.725428 127.900047 0.000000 0.000000
776 8.2940 872.357406 0.000000 1.30900002 128.000000 21.725430 127.900055 0.000000 0.000000
777 8.3213 872.365727 0.000000 1.30900002 128.000000 21.725428 127.900047 0.000000 0.000000
778 8.3418 872.374069 0.000000 1.30900002 128.000000 21.725428 127.900040 0.000000 0.000000
779 8.3328 872.382401 0.000000 1.30900002 128.000000 21.725430 127.900047 0.000000 0.000000
780 8.3032 872.390705 0.000000 1.30900002 128.000000 21.725426 127.900040 0.000000 0.000000
781 8.3702 872.399075 0.000000 1.30900002 128.000000 21.725428 127.900047 0.000000 0.000000
782 8.2813 872.407356 0.000000 1.30900002 128.000000 21.725430 127.900047 0.000000 0.000000
783 8.3661 872.415722 0.000000 1.30900002 128.000000 21.725428 127.900047 0.000000 0.000000
784 8.3232 872.424045 0.000000 1.30900002 128.000000 21.725428 127.900040 0.000000 0.000000
785 8.2982 872.432344 0.000000 1.30900002 128.000000 21.725428 127.900047 0.000000 0.000000
786 8.3551 872.440699 0.000000 1.30900002 128.000000 21.725428 127.900055 0.000000 0.000000
787 8.3669 872.449066 0.000000 1.30900002 128.000000 21.725428 127.900047 0.000000 0.000000
788 8.3012 872.457367 0.000000 1.30900002 128.000000 21.725428 127.900047 0.000000 0.000000
789 8.3102 872.465677 0.000000 1.30900002 128.000000 21.725428 127.900047 0.000000 0.000000
790 8.3530 872.474030 0.000000 1.30900002 128.000000 21.725428 127.900055 0.000000 0.000000
791 8.3308 872.482361 0.000000 1.30900002 128.000000 21.725426 127.900047 0.000000 0.000000
792 8.3419 872.490703 0.000000 1.30900002 128.000000 21.725428 127.900047 0.000000 0.000000
793 8.3842 872.499087 0.000000 1.30900002 128.000000 21.725428 127.900047 0.000000 0.000000
794 8.2896 872.507377 0.000000 1.30900002 128.000000 21.725428 127.900040 0.000000 0.000000
795 8.6530 872.516030 0.000000 1.30900002 128.000000 21.725428 127.900047 0.000000 0.000000
796 8.3395 872.524369 0.000000 1.30900002 128.000000 21.725428 127.900055 0.000000 0.000000
797 16.4017 872.540771 0.000000 1.30900002 128.000000 21.725428 127.900040 0.000000 0.000000
798 0.9147 872.541686 0.000000 1.30900002 128.000000 21.725428 127.900055 0.000000 0.000000
799 7.4404 872.549126 0.000000 1.30900002 128.000000 21.725428 127.900047 0.000000 0.000000
800 8.3980 872.557524 0.000000 1.30900002 128.000000 21.725428 127.900040 0.000000 0.000000
801 8.1857 872.565710 0.000000 1.30900002 128.000000 21.725428 127.900047 0.000000 0.000000
802 8.3186 872.574028 0.000000 1.30900002 128.000000 21.725430 127.900055 0.000000 0.000000
803 8.3228 872.582351 0.000000 1.30900002 128.000000 21.725428 127.900047 0.000000 0.000000
804 8.3520 872.590703 0.000000 1.30900002 128.000000 21.725428 127.900047 0.000000 0.000000
805 8.2863 872.598989 0.000000 1.30900002 128.000000 21.725428 127.900047 0.000000 0.000000
806 8.3720 872.607361 0.000000 1.30900002 128.000000 21.725428 127.900040 0.000000 0.000000
807 8.3225 872.615684 0.000000 1.30900002 128.000000 21.725428 127.900047 0.000000 0.000000
808 8.3566 872.624040 0.000000 1.30900002 128.000000 21.725428 127.900047 0.000000 0.000000
809 8.3328 872.632373 0.000000 1.30900002 128.000000 21.725428 127.900047 0.000000 0.000000
810 8.4170 872.640790 0.000000 1.30900002 128.000000 21.725428 127.900055 0.000000 0.000000
811 8.2504 872.649041 0.000000 1.30900002 128.000000 21.725428 127.900047 0.000000 0.000000
812 8.3014 872.657342 0.000000 1.30900002 128.000000 21.725428 127.900040 0.000000 0.000000
813 8.3893 872.665731 0.000000 1.30900002 128.000000 21.725428 127.900047 0.000000 0.000000
814 8.3026 872.674034 0.000000 1.30900002 128.000000 21.725430 127.900055 0.000000 0.000000
815 8.5921 872.682626 0.000000 1.30900002 128.000000 21.725428 127.900047 0.000000 0.000000
816 8.0707 872.690697 0.000000 1.30900002 128.000000 21.725428 127.900047 0.000000 0.000000
817 8.3023 872.698999 0.000000 1.30900002 128.000000 21.725428 127.900047 0.000000 0.000000
818 8.3911 872.707390 0.000000 1.30900002 128.000000 21.725428 127.900047 0.000000 0.000000
819 8.2856 872.715676 0.000000 1.30900002 128.000000 21.725428 127.900047 0.000000 0.000000
820 8.3537 872.724029 0.000000 1.30900002 128.000000 21.725428 127.900055 0.000000 0.000000
821 8.3116 872.732341 0.000000 1.30900002 128.000000 21.725426 127.900047 0.000000 0.000000
822 8.3641 872.740705 0.000000 1.30900002 128.000000 21.725428 127.900055 0.000000 0.000000
823 8.5930 872.749298 0.000000 1.30900002 128.000000 21.725428 127.900047 0.000000 0.000000
824 8.0986 872.757397 0.000000 1.30900002 128.000000 21.725428 127.900040 0.000000 0.000000
825 8.3257 872.765722 0.000000 1.30900002 128.000000 21.725428 127.900047 0.000000 0.000000
826 8.3166 872.774039 0.000000 1.30900002 128.000000 21.725428 127.900055 0.000000 0.000000
827 8.3376 872.782377 0.000000 1.30900002 128.000000 21.725428 127.900047 0.000000 0.000000
828 8.3116 872.790688 0.000000 1.30900002 128.000000 21.725426 127.900040 0.000000 0.000000
829 8.3340 872.799022 0.000000 1.30900002 128.000000 21.725428 127.900047 0.000000 0.000000
830 8.3393 872.807362 0.000000 1.30900002 128.000000 21.725428 127.900055 0.000000 0.000000
831 8.6135 872.815975 0.000000 1.30900002 128.000000 21.725428 127.900047 0.000000 0.000000
832 8.1317 872.824107 0.000000 1.30900002 128.000000 21.725428 127.900040 0.000000 0.000000
833 8.2754 872.832382 0.000000 1.30900002 128.000000 21.725428 127.900047 0.000000 0.000000
834 8.3378 872.840720 0.000000 1.30900002 128.000000 21.725428 127.900047 0.000000 0.000000
835 8.3030 872.849023 0.000000 1.30900002 128.000000 21.725428 127.900047 0.000000 0.000000
836 8.3335 872.857357 0.000000 1.30900002 128.000000 21.725428 127.900047 0.000000 0.000000
837 8.6271 872.865984 0.000000 1.30900002 128.000000 21.725428 127.900047 0.000000 0.000000
838 8.0588 872.874043 0.000000 1.30900002 128.000000 21.725428 127.900047 0.000000 0.000000
839 8.3018 872.882344 0.000000 1.30900002 128.000000 21.725428 127.900040 0.000000 0.000000
840 8.2953 872.890640 0.000000 1.30900002 128.000000 21.725430 127.900055 0.000000 0.000000
841 8.3933 872.899033 0.000000 1.30900002 128.000000 21.725428 127.900047 0.000000 0.000000
842 8.3400 872.907373 0.000000 1.30900002 128.000000 21.725426 127.900040 0.000000 0.000000
843 8.3702 872.915743 0.000000 1.30900002 128.000000 21.725428 127.900047 0.000000 0.000000
844 8.2951 872.924038 0.000000 1.30900002 128.000000 21.725426 127.900040 0.000000 0.000000
845 8.3609 872.932399 0.000000 1.30900002 128.000000 21.725428 127.900047 0.000000 0.000000
846 8.3258 872.940725 0.000000 1.30900002 128.000000 21.725428 127.900047 0.000000 0.000000
847 8.3154 872.949040 0.000000 1.30900002 128.000000 21.725428 127.900047 0.000000 0.000000
848 8.3163 872.957357 0.000000 1.30900002 128.000000 21.725428 127.900047 0.000000 0.000000
849 8.3041 872.965661 0.000000 1.30900002 128.000000 21.725428 127.900047 0.000000 0.000000
850 8.3630 872.974024 0.000000 1.30900002 128.000000 21.725430 127.900055 0.000000 0.000000
851 8.2984 872.982322 0.000000 1.30900002 128.000000 21.725428 127.900047 0.000000 0.000000
852 8.3568 872.990679 0.000000 1.30900002 128.000000 21.725428 127.900047 0.000000 0.000000
853 8.5486 872.999227 0.000000 1.30900002 128.000000 21.725428 127.900047 0.000000 0.000000
854 8.1317 873.007359 0.000000 1.30900002 128.000000 21.725428 127.900055 0.000000 0.000000
855 8.3241 873.015683 0.000000 1.30900002 128.000000 21.725428 127.900047 0.000000 0.000000
856 8.3295 873.024013 0.000000 1.30900002 128.000000 21.725430 127.900047 0.000000 0.000000
857 8.3495 873.032362 0.000000 1.30900002 128.000000 21.725428 127.900047 0.000000 0.000000
858 8.3268 873.040689 0.000000 1.30900002 128.000000 21.725428 127.900055 0.000000 0.000000
859 8.3613 873.049050 0.000000 1.30900002 128.000000 21.725428 127.900040 0.000000 0.000000
860 8.5905 873.057641 0.000000 1.30900002 128.000000 21.725430 127.900055 0.000000 0.000000
861 8.0844 873.065725 0.000000 1.30900002 128.000000 21.725428 127.900047 0.000000 0.000000
862 8.3382 873.074063 0.000000 1.30900002 128.000000 21.725428 127.900040 0.000000 0.000000
863 8.2983 873.082362 0.000000 1.30900002 128.000000 21.725428 127.900047 0.000000 0.000000
864 8.3496 873.090711 0.000000 1.30900002 128.000000 21.725428 127.900055 0.000000 0.000000
865 8.2965 873.099008 0.000000 1.30900002 128.000000 21.725428 127.900047 0.000000 0.000000
866 8.3440 873.107352 0.000000 1.30900002 128.000000 21.725428 127.900047 0.000000 0.000000
867 8.3449 873.115697 0.000000 1.30900002 128.000000 21.725428 127.900047 0.000000 0.000000
868 8.2969 873.123994 0.000000 1.30900002 128.000000 21.725430 127.900047 0.000000 0.000000
869 8.6556 873.132649 0.000000 1.30900002 128.000000 21.725428 127.900047 0.000000 0.000000
870 16.3789 873.149028 0.000000 1.30900002 128.000000 21.725428 127.900047 0.000000 0.000000
871 1.0790 873.150107 0.000000 1.30900002 128.000000 21.725428 127.900047 0.000000 0.000000
872 7.2582 873.157365 0.000000 1.30900002 128.000000 21.725428 127.900047 0.000000 0.000000
873 8.6124 873.165978 0.000000 1.30900002 128.000000 21.725428 127.900047 0.000000 0.000000
874 8.0502 873.174028 0.000000 1.30900002 128.000000 21.725428 127.900040 0.000000 0.000000
875 8.3719 873.182400 0.000000 1.30900002 128.000000 21.725428 127.900047 0.000000 0.000000
876 8.3365 873.190736 0.000000 1.30900002 128.000000 21.725426 127.900040 0.000000 0.000000
877 8.3313 873.199068 0.000000 1.30900002 128.000000 21.725428 127.900047 0.000000 0.000000
878 8.3133 873.207381 0.000000 1.30900002 128.000000 21.725430 127.900055 0.000000 0.000000
879 8.5749 873.215956 0.000000 1.30900002 128.000000 21.725428 127.900047 0.000000 0.000000
880 16.4065 873.232362 0.000000 1.30900002 128.000000 21.725428 127.900047 0.000000 0.000000
881 1.0733 873.233436 0.000000 1.30900002 128.000000 21.725426 127.900047 0.000000 0.000000
882 7.2610 873.240697 0.000000 1.30900002 128.000000 21.725428 127.900055 0.000000 0.000000
883 8.6344 873.249331 0.000000 1.30900002 128.000000 21.725428 127.900047 0.000000 0.000000
884 16.3989 873.265730 0.000000 1.30900002 128.000000 21.725428 127.900047 0.000000 0.000000
885 0.9299 873.266660 0.000000 1.30900002 128.000000 21.725428 127.900047 0.000000 0.000000
886 7.3567 873.274016 0.000000 1.30900002 128.000000 21.725430 127.900047 0.000000 0.000000
887 8.3687 873.282385 0.000000 1.30900002 128.000000 21.725428 127.900047 0.000000 0.000000
888 8.3171 873.290702 0.000000 1.30900002 128.000000 21.725428 127.900040 0.000000 0.000000
889 8.3084 873.299011 0.000000 1.30900002 128.000000 21.725428 127.900047 0.000000 0.000000
890 8.3633 873.307374 0.000000 1.30900002 128.000000 21.725428 127.900040 0.000000 0.000000
891 8.3135 873.315687 0.000000 1.30900002 128.000000 21.725428 127.900047 0.000000 0.000000
892 8.3897 873.324077 0.000000 1.30900002 128.000000 21.725428 127.900047 0.000000 0.000000
893 8.7533 873.332831 0.000000 1.30900002 128.000000 21.725428 127.900047 0.000000 0.000000
894 16.2193 873.349050 0.000000 1.30900002 128.000000 21.725428 127.900047 0.000000 0.000000
895 0.9879 873.350038 0.000000 1.30900002 128.000000 21.725426 127.900047 0.000000 0.000000
896 7.3309 873.357369 0.000000 1.30900002 128.000000 21.725428 127.900047 0.000000 0.000000
897 8.2896 873.365658 0.000000 1.30900002 128.000000 21.725428 127.900047 0.000000 0.000000
898 8.3583 873.374016 0.000000 1.30900002 128.000000 21.725428 127.900040 0.000000 0.000000
899 8.3121 873.382329 0.000000 1.30900002 128.000000 21.725428 127.900047 0.000000 0.000000
900 8.3365 873.390665 0.000000 1.30900002 128.000000 21.725426 127.900040 0.000000 0.000000
901 8.5151 873.399180 0.000000 1.30900002 128.000000 21.725428 127.900055 0.000000 0.000000
902 8.2146 873.407395 0.000000 1.30900002 128.000000 21.725426 127.900047 0.000000 0.000000
903 8.3229 873.415718 0.000000 1.30900002 128.000000 21.725428 127.900047 0.000000 0.000000
904 8.3040 873.424022 0.000000 1.30900002 128.000000 21.725428 127.900040 0.000000 0.000000
905 8.3477 873.432369 0.000000 1.30900002 128.000000 21.725428 127.900047 0.000000 0.000000
906 8.5713 873.440941 0.000000 1.30900002 128.000000 21.725426 127.900040 0.000000 0.000000
907 8.0739 873.449015 0.000000 1.30900002 128.000000 21.725428 127.900047 0.000000 0.000000
908 8.3382 873.457353 0.000000 1.30900002 128.000000 21.725428 127.900055 0.000000 0.000000
909 8.3432 873.465696 0.000000 1.30900002 128.000000 21.725428 127.900047 0.000000 0.000000
910 8.3387 873.474035 0.000000 1.30900002 128.000000 21.725428 127.900055 0.000000 0.000000
911 8.3075 873.482342 0.000000 1.30900002 128.000000 21.725428 127.900047 0.000000 0.000000
912 8.3215 873.490664 0.000000 1.30900002 128.000000 21.725426 127.900040 0.000000 0.000000
913 8.3385 873.499002 0.000000 1.30900002 128.000000 21.725428 127.900055 0.000000 0.000000
914 8.3417 873.507344 0.000000 1.30900002 128.000000 21.725428 127.900055 0.000000 0.000000
915 8.3634 873.515707 0.000000 1.30900002 128.000000 21.725428 127.900047 0.000000 0.000000
916 8.3616 873.524069 0.000000 1.30900002 128.000000 21.725426 127.900040 0.000000 0.000000
917 8.2971 873.532366 0.000000 1.30900002 128.000000 21.725428 127.900047 0.000000 0.000000
918 8.3229 873.540689 0.000000 1.30900002 128.000000 21.725428 127.900047 0.000000 0.000000
919 8.3384 873.549027 0.000000 1.30900002 128.000000 21.725428 127.900047 0.000000 0.000000
920 8.3528 873.557380 0.000000 1.30900002 128.000000 21.725428 127.900040 0.000000 0.000000
921 8.2827 873.565663 0.000000 1.30900002 128.000000 21.725428 127.900047 0.000000 0.000000
922 8.3302 873.573993 0.000000 1.30900002 128.000000 21.725426 127.900040 0.000000 0.000000
923 8.3417 873.582335 0.000000 1.30900002 128.000000 21.725428 127.900047 0.000000 0.000000
924 8.4118 873.590746 0.000000 1.30900002 128.000000 21.725430 127.900055 0.000000 0.000000
925 8.3441 873.599090 0.000000 1.30900002 128.000000 21.725428 127.900047 0.000000 0.000000
926 8.5570 873.607647 0.000000 1.30900002 128.000000 21.725426 127.900040 0.000000 0.000000
927 8.3082 873.615956 0.000000 1.30900002 128.000000 21.725428 127.900047 0.000000 0.000000
928 8.2578 873.624213 0.000000 1.30900002 128.000000 21.725428 127.900047 0.000000 0.000000
929 8.3043 873.632518 0.000000 1.30900002 128.000000 21.725428 127.900047 0.000000 0.000000
930 8.1786 873.640696 0.000000 1.30900002 128.000000 21.725430 127.900055 0.000000 0.000000
931 8.3024 873.648999 0.000000 1.30900002 128.000000 21.725426 127.900047 0.000000 0.000000
932 8.3247 873.657323 0.000000 1.30900002 128.000000 21.725426 127.900047 0.000000 0.000000
933 8.3374 873.665661 0.000000 1.30900002 128.000000 21.725428 127.900047 0.000000 0.000000
934 8.6003 873.674261 0.000000 1.30900002 128.000000 21.725428 127.900055 0.000000 0.000000
935 8.0797 873.682341 0.000000 1.30900002 128.000000 21.725428 127.900047 0.000000 0.000000
936 8.3550 873.690696 0.000000 1.30900002 128.000000 21.725428 127.900047 0.000000 0.000000
937 8.5399 873.699235 0.000000 1.30900002 128.000000 21.725428 127.900047 0.000000 0.000000
938 8.2110 873.707446 0.000000 1.30900002 128.000000 21.725428 127.900040 0.000000 0.000000
939 8.2175 873.715664 0.000000 1.30900002 128.000000 21.725428 127.900047 0.000000 0.000000
940 8.3228 873.723987 0.000000 1.30900002 128.000000 21.725426 127.900040 0.000000 0.000000
941 8.5929 873.732580 0.000000 1.30900002 128.000000 21.725428 127.900040 0.000000 0.000000
942 8.1358 873.740715 0.000000 1.30900002 128.000000 21.725430 127.900055 0.000000 0.000000
943 8.3275 873.749043 0.000000 1.30900002 128.000000 21.725428 127.900047 0.000000 0.000000
944 8.3984 873.757441 0.000000 1.30900002 128.000000 21.725428 127.900040 0.000000 0.000000
945 8.2453 873.765687 0.000000 1.30900002 128.000000 21.725428 127.900047 0.000000 0.000000
946 8.6128 873.774299 0.000000 1.30900002 128.000000 21.725428 127.900047 0.000000 0.000000
947 8.0476 873.782347 0.000000 1.30900002 128.000000 21.725428 127.900047 0.000000 0.000000
948 8.3498 873.790697 0.000000 1.30900002 128.000000 21.725428 127.900055 0.000000 0.000000
949 8.5635 873.799260 0.000000 1.30900002 128.000000 21.725428 127.900047 0.000000 0.000000
950 8.1761 873.807436 0.000000 1.30900002 128.000000 21.725430 127.900047 0.000000 0.000000
951 8.2542 873.815691 0.000000 1.30900002 128.000000 21.725428 127.900047 0.000000 0.000000
952 8.3320 873.824023 0.000000 1.30900002 128.000000 21.725428 127.900047 0.000000 0.000000
953 8.3285 873.832351 0.000000 1.30900002 128.000000 21.725428 127.900047 0.000000 0.000000
954 8.5882 873.840939 0.000000 1.30900002 128.000000 21.725428 127.900047 0.000000 0.000000
955 8.0910 873.849030 0.000000 1.30900002 128.000000 21.725428 127.900047 0.000000 0.000000
956 8.3743 873.857405 0.000000 1.30900002 128.000000 21.725426 127.900040 0.000000 0.000000
957 8.3202 873.865725 0.000000 1.30900002 128.000000 21.725428 127.900047 0.000000 0.000000
958 8.3448 873.874070 0.000000 1.30900002 128.000000 21.725428 127.900047 0.000000 0.000000
959 8.3173 873.882387 0.000000 1.30900002 128.000000 21.725428 127.900047 0.000000 0.000000
960 8.3154 873.890702 0.000000 1.30900002 128.000000 21.725428 127.900040 0.000000 0.000000
961 8.5655 873.899268 0.000000 1.30900002 128.000000 21.725428 127.900040 0.000000 0.000000
962 8.3562 873.907624 0.000000 1.30900002 128.000000 21.725428 127.900047 0.000000 0.000000
963 8.1200 873.915744 0.000000 1.30900002 128.000000 21.725428 127.900047 0.000000 0.000000
964 8.2722 873.924016 0.000000 1.30900002 128.000000 21.725426 127.900040 0.000000 0.000000
965 8.5576 873.932574 0.000000 1.30900002 128.000000 21.725428 127.900047 0.000000 0.000000
966 8.1074 873.940681 0.000000 1.30900002 128.000000 21.725428 127.900047 0.000000 0.000000
967 8.3148 873.948996 0.000000 1.30900002 128.000000 21.725428 127.900047 0.000000 0.000000
968 8.6081 873.957604 0.000000 1.30900002 128.000000 21.725428 127.900040 0.000000 0.000000
969 8.0849 873.965689 0.000000 1.30900002 128.000000 21.725428 127.900047 0.000000 0.000000
970 8.3019 873.973991 0.000000 1.30900002 128.000000 21.725428 127.900047 0.000000 0.000000
971 8.3487 873.982340 0.000000 1.30900002 128.000000 21.725428 127.900047 0.000000 0.000000
972 8.5898 873.990929 0.000000 1.30900002 128.000000 21.725430 127.900055 0.000000 0.000000
973 8.1091 873.999038 0.000000 1.30900002 128.000000 21.725428 127.900047 0.000000 0.000000
974 8.3383 874.007377 0.000000 1.30900002 128.000000 21.725428 127.900055 0.000000 0.000000
975 8.3065 874.015683 0.000000 1.30900002 128.000000 21.725426 127.900047 0.000000 0.000000
976 8.3469 874.024030 0.000000 1.30900002 128.000000 21.725428 127.900047 0.000000 0.000000
977 8.3099 874.032340 0.000000 1.30900002 128.000000 21.725428 127.900047 0.000000 0.000000
978 8.6155 874.040955 0.000000 1.30900002 128.000000 21.725428 127.900040 0.000000 0.000000
979 8.0617 874.049017 0.000000 1.30900002 128.000000 21.725428 127.900047 0.000000 0.000000
980 8.3136 874.057331 0.000000 1.30900002 128.000000 21.725428 127.900040 0.000000 0.000000
981 8.6993 874.066030 0.000000 1.30900002 128.000000 21.725428 127.900047 0.000000 0.000000
982 8.1187 874.074149 0.000000 1.30900002 128.000000 21.725428 127.900040 0.000000 0.000000
983 8.1751 874.082324 0.000000 1.30900002 128.000000 21.725428 127.900047 0.000000 0.000000
984 8.7003 874.091024 0.000000 1.30900002 128.000000 21.725428 127.900055 0.000000 0.000000
985 8.0465 874.099071 0.000000 1.30900002 128.000000 21.725428 127.900047 0.000000 0.000000
986 8.3743 874.107445 0.000000 1.30900002 128.000000 21.725428 127.900040 0.000000 0.000000
987 8.4896 874.115935 0.000000 1.30900002 128.000000 21.725428 127.900047 0.000000 0.000000
988 8.0866 874.124021 0.000000 1.30900002 128.000000 21.725428 127.900047 0.000000 0.000000
989 8.3355 874.132357 0.000000 1.30900002 128.000000 21.725428 127.900047 0.000000 0.000000
990 8.3163 874.140673 0.000000 1.30900002 128.000000 21.725428 127.900040 0.000000 0.000000
991 8.5800 874.149253 0.000000 1.30900002 128.000000 21.725428 127.900047 0.000000 0.000000
992 8.1149 874.157368 0.000000 1.30900002 128.000000 21.725428 127.900055 0.000000 0.000000
993 8.3416 874.165710 0.000000 1.30900002 128.000000 21.725428 127.900047 0.000000 0.000000
994 8.2887 874.173998 0.000000 1.30900002 128.000000 21.725426 127.900040 0.000000 0.000000
995 8.3395 874.182338 0.000000 1.30900002 128.000000 21.725428 127.900047 0.000000 0.000000
996 8.3462 874.190684 0.000000 1.30900002 128.000000 21.725426 127.900040 0.000000 0.000000
997 8.3616 874.199046 0.000000 1.30900002 128.000000 21.725428 127.900047 0.000000 0.000000
998 8.5537 874.207599 0.000000 1.30900002 128.000000 21.725428 127.900040 0.000000 0.000000
999 8.0851 874.215684 0.000000 1.30900002 128.000000 21.725428 127.900047 0.000000 0.000000
1000 8.3542 874.224039 0.000000 1.30900002 128.000000 21.725430 127.900055 0.000000 0.000000
1001 8.3296 874.232368 0.000000 1.30900002 128.000000 21.725428 127.900047 0.000000 0.000000
1002 8.3164 874.240685 0.000000 1.30900002 128.000000 21.725428 127.900047 0.000000 0.000000
1003 8.5336 874.249218 0.000000 1.30900002 128.000000 21.725428 127.900047 0.000000 0.000000
1004 16.4733 874.265691 0.000000 1.30900002 128.000000 21.725428 127.900047 0.000000 0.000000
1005 0.8892 874.266581 0.000000 1.30900002 128.000000 21.725428 127.900047 0.000000 0.000000
1006 7.4256 874.274006 0.000000 1.30900002 128.000000 21.725428 127.900040 0.000000 0.000000
1007 8.5972 874.282603 0.000000 1.30900002 128.000000 21.725428 127.900047 0.000000 0.000000
1008 8.0537 874.290657 0.000000 1.30900002 128.000000 21.725428 127.900047 0.000000 0.000000
1009 8.3396 874.298997 0.000000 1.30900002 128.000000 21.725428 127.900047 0.000000 0.000000
1010 8.3808 874.307378 0.000000 1.30900002 128.000000 21.725428 127.900047 0.000000 0.000000
1011 8.3221 874.315700 0.000000 1.30900002 128.000000 21.725428 127.900047 0.000000 0.000000
1012 8.2911 874.323991 0.000000 1.30900002 128.000000 21.725428 127.900040 0.000000 0.000000
1013 8.3845 874.332375 0.000000 1.30900002 128.000000 21.725428 127.900047 0.000000 0.000000
1014 8.3007 874.340676 0.000000 1.30900002 128.000000 21.725428 127.900055 0.000000 0.000000
1015 8.3615 874.349037 0.000000 1.30900002 128.000000 21.725428 127.900047 0.000000 0.000000
1016 8.3105 874.357348 0.000000 1.30900002 128.000000 21.725428 127.900047 0.000000 0.000000
1017 8.7468 874.366095 0.000000 1.30900002 128.000000 21.725428 127.900055 0.000000 0.000000
1018 7.9461 874.374041 0.000000 1.30900002 128.000000 21.725428 127.900055 0.000000 0.000000
1019 8.3258 874.382367 0.000000 1.30900002 128.000000 21.725428 127.900047 0.000000 0.000000
1020 8.3085 874.390675 0.000000 1.30900002 128.000000 21.725428 127.900047 0.000000 0.000000
1021 8.3281 874.399003 0.000000 1.30900002 128.000000 21.725428 127.900055 0.000000 0.000000
1022 8.3189 874.407322 0.000000 1.30900002 128.000000 21.725428 127.900055 0.000000 0.000000
1023 8.6175 874.415940 0.000000 1.30900002 128.000000 21.725428 127.900040 0.000000 0.000000
1024 8.0886 874.424028 0.000000 1.30900002 128.000000 21.725430 127.900055 0.000000 0.000000
1025 8.2999 874.432328 0.000000 1.30900002 128.000000 21.725428 127.900047 0.000000 0.000000
1026 8.3463 874.440674 0.000000 1.30900002 128.000000 21.725428 127.900055 0.000000 0.000000
1027 8.6028 874.449277 0.000000 1.30900002 128.000000 21.725428 127.900047 0.000000 0.000000
1028 8.0775 874.457355 0.000000 1.30900002 128.000000 21.725430 127.900055 0.000000 0.000000
1029 8.3668 874.465722 0.000000 1.30900002 128.000000 21.725428 127.900047 0.000000 0.000000
1030 8.3367 874.474058 0.000000 1.30900002 128.000000 21.725428 127.900047 0.000000 0.000000
1031 8.2758 874.482334 0.000000 1.30900002 128.000000 21.725428 127.900047 0.000000 0.000000
1032 8.3219 874.490656 0.000000 1.30900002 128.000000 21.725428 127.900047 0.000000 0.000000
1033 8.3789 874.499035 0.000000 1.30900002 128.000000 21.725428 127.900047 0.000000 0.000000
1034 8.5847 874.507619 0.000000 1.30900002 128.000000 21.725430 127.900047 0.000000 0.000000
1035 8.0242 874.515644 0.000000 1.30900002 128.000000 21.725428 127.900047 0.000000 0.000000
1036 8.3729 874.524017 0.000000 1.30900002 128.000000 21.725428 127.900047 0.000000 0.000000
1037 8.3185 874.532335 0.000000 1.30900002 128.000000 21.725428 127.900047 0.000000 0.000000
1038 8.3644 874.540699 0.000000 1.30900002 128.000000 21.725428 127.900047 0.000000 0.000000
1039 8.3569 874.549056 0.000000 1.30900002 128.000000 21.725428 127.900047 0.000000 0.000000
1040 8.5267 874.557583 0.000000 1.30900002 128.000000 21.725428 127.900055 0.000000 0.000000
1041 8.0691 874.565652 0.000000 1.30900002 128.000000 21.725428 127.900047 0.000000 0.000000
1042 8.3756 874.574028 0.000000 1.30900002 128.000000 21.725428 127.900040 0.000000 0.000000
1043 8.2782 874.582306 0.000000 1.30900002 128.000000 21.725428 127.900047 0.000000 0.000000
1044 8.6559 874.590962 0.000000 1.30900002 128.000000 21.725426 127.900040 0.000000 0.000000
1045 8.1039 874.599066 0.000000 1.30900002 128.000000 21.725428 127.900047 0.000000 0.000000
1046 8.3778 874.607444 0.000000 1.30900002 128.000000 21.725428 127.900055 0.000000 0.000000
1047 8.2419 874.615685 0.000000 1.30900002 128.000000 21.725430 127.900047 0.000000 0.000000
1048 8.3863 874.624072 0.000000 1.30900002 128.000000 21.725428 127.900055 0.000000 0.000000
1049 8.5367 874.632608 0.000000 1.30900002 128.000000 21.725428 127.900047 0.000000 0.000000
1050 8.3669 874.640975 0.000000 1.30900002 128.000000 21.725428 127.900047 0.000000 0.000000
1051 8.0622 874.649037 0.000000 1.30900002 128.000000 21.725428 127.900047 0.000000 0.000000
1052 8.2770 874.657314 0.000000 1.30900002 128.000000 21.725428 127.900055 0.000000 0.000000
1053 8.3659 874.665680 0.000000 1.30900002 128.000000 21.725428 127.900047 0.000000 0.000000
1054 8.3579 874.674038 0.000000 1.30900002 128.000000 21.725426 127.900040 0.000000 0.000000
1055 8.3083 874.682347 0.000000 1.30900002 128.000000 21.725428 127.900047 0.000000 0.000000
1056 8.6124 874.690959 0.000000 1.30900002 128.000000 21.725428 127.900047 0.000000 0.000000
1057 8.0570 874.699016 0.000000 1.30900002 128.000000 21.725428 127.900040 0.000000 0.000000
1058 8.4195 874.707435 0.000000 1.30900002 128.000000 21.725428 127.900047 0.000000 0.000000
1059 8.2094 874.715645 0.000000 1.30900002 128.000000 21.725428 127.900047 0.000000 0.000000
1060 8.3715 874.724016 0.000000 1.30900002 128.000000 21.725428 127.900040 0.000000 0.000000
1061 8.3517 874.732368 0.000000 1.30900002 128.000000 21.725428 127.900047 0.000000 0.000000
1062 8.5946 874.740963 0.000000 1.30900002 128.000000 21.725428 127.900047 0.000000 0.000000
1063 8.0993 874.749062 0.000000 1.30900002 128.000000 21.725428 127.900047 0.000000 0.000000
1064 8.2928 874.757355 0.000000 1.30900002 128.000000 21.725426 127.900040 0.000000 0.000000
1065 8.3150 874.765670 0.000000 1.30900002 128.000000 21.725428 127.900047 0.000000 0.000000
1066 8.3167 874.773987 0.000000 1.30900002 128.000000 21.725428 127.900047 0.000000 0.000000
1067 8.6187 874.782605 0.000000 1.30900002 128.000000 21.725428 127.900047 0.000000 0.000000
1068 8.0731 874.790678 0.000000 1.30900002 128.000000 21.725426 127.900047 0.000000 0.000000
1069 8.3164 874.798995 0.000000 1.30900002 128.000000 21.725428 127.900047 0.000000 0.000000
1070 8.3505 874.807345 0.000000 1.30900002 128.000000 21.725428 127.900055 0.000000 0.000000
1071 8.3438 874.815689 0.000000 1.30900002 128.000000 21.725428 127.900047 0.000000 0.000000
1072 8.5463 874.824235 0.000000 1.30900002 128.000000 21.725428 127.900055 0.000000 0.000000
1073 8.0892 874.832325 0.000000 1.30900002 128.000000 21.725428 127.900047 0.000000 0.000000
1074 8.3292 874.840654 0.000000 1.30900002 128.000000 21.725430 127.900047 0.000000 0.000000
1075 8.3788 874.849033 0.000000 1.30900002 128.000000 21.725428 127.900047 0.000000 0.000000
1076 8.5929 874.857626 0.000000 1.30900002 128.000000 21.725428 127.900047 0.000000 0.000000
1077 8.0614 874.865687 0.000000 1.30900002 128.000000 21.725428 127.900047 0.000000 0.000000
1078 8.3750 874.874062 0.000000 1.30900002 128.000000 21.725430 127.900055 0.000000 0.000000
1079 8.2401 874.882302 0.000000 1.30900002 128.000000 21.725428 127.900047 0.000000 0.000000
1080 8.3619 874.890664 0.000000 1.30900002 128.000000 21.725428 127.900040 0.000000 0.000000
1081 8.6180 874.899282 0.000000 1.30900002 128.000000 21.725428 127.900047 0.000000 0.000000
1082 8.0679 874.907350 0.000000 1.30900002 128.000000 21.725428 127.900055 0.000000 0.000000
1083 8.3187 874.915669 0.000000 1.30900002 128.000000 21.725428 127.900047 0.000000 0.000000
1084 8.3175 874.923986 0.000000 1.30900002 128.000000 21.725430 127.900055 0.000000 0.000000
1085 8.3126 874.932299 0.000000 1.30900002 128.000000 21.725428 127.900047 0.000000 0.000000
1086 8.3606 874.940659 0.000000 1.30900002 128.000000 21.725426 127.900047 0.000000 0.000000
1087 8.3682 874.949028 0.000000 1.30900002 128.000000 21.725428 127.900047 0.000000 0.000000
1088 8.5963 874.957624 0.000000 1.30900002 128.000000 21.725428 127.900047 0.000000 0.000000
1089 8.0441 874.965668 0.000000 1.30900002 128.000000 21.725428 127.900047 0.000000 0.000000
1090 8.3310 874.973999 0.000000 1.30900002 128.000000 21.725428 127.900055 0.000000 0.000000
1091 8.3287 874.982328 0.000000 1.30900002 128.000000 21.725428 127.900047 0.000000 0.000000
1092 8.3608 874.990688 0.000000 1.30900002 128.000000 21.725428 127.900055 0.000000 0.000000
1093 8.6225 874.999311 0.000000 1.30900002 128.000000 21.725428 127.900047 0.000000 0.000000
1094 8.0335 875.007344 0.000000 1.30900002 128.000000 21.725428 127.900047 0.000000 0.000000
1095 8.3493 875.015694 0.000000 1.30900002 128.000000 21.725428 127.900047 0.000000 0.000000
1096 8.2944 875.023988 0.000000 1.30900002 128.000000 21.725426 127.900040 0.000000 0.000000
1097 8.3389 875.032327 0.000000 1.30900002 128.000000 21.725430 127.900047 0.000000 0.000000
1098 8.6223 875.040949 0.000000 1.30900002 128.000000 21.725426 127.900047 0.000000 0.000000
1099 8.0906 875.049040 0.000000 1.30900002 128.000000 21.725428 127.900047 0.000000 0.000000
1100 8.2928 875.057333 0.000000 1.30900002 128.000000 21.725428 127.900047 0.000000 0.000000
1101 8.3239 875.065657 0.000000 1.30900002 128.000000 21.725428 127.900047 0.000000 0.000000
1102 8.6387 875.074295 0.000000 1.30900002 128.000000 21.725428 127.900047 0.000000 0.000000
1103 8.0534 875.082349 0.000000 1.30900002 128.000000 21.725428 127.900047 0.000000 0.000000
1104 8.3752 875.090724 0.000000 1.30900002 128.000000 21.725428 127.900040 0.000000 0.000000
1105 8.2360 875.098960 0.000000 1.30900002 128.000000 21.725428 127.900047 0.000000 0.000000
1106 8.6490 875.107609 0.000000 1.30900002 128.000000 21.725428 127.900055 0.000000 0.000000
1107 8.0820 875.115691 0.000000 1.30900002 128.000000 21.725428 127.900047 0.000000 0.000000
1108 8.3280 875.124019 0.000000 1.30900002 128.000000 21.725428 127.900040 0.000000 0.000000
1109 8.3143 875.132333 0.000000 1.30900002 128.000000 21.725428 127.900047 0.000000 0.000000
1110 8.3274 875.140661 0.000000 1.30900002 128.000000 21.725428 127.900055 0.000000 0.000000
1111 8.5885 875.149249 0.000000 1.30900002 128.000000 21.725428 127.900047 0.000000 0.000000
1112 8.0934 875.157343 0.000000 1.30900002 128.000000 21.725428 127.900055 0.000000 0.000000
1113 8.3202 875.165663 0.000000 1.30900002 128.000000 21.725428 127.900047 0.000000 0.000000
1114 8.3265 875.173989 0.000000 1.30900002 128.000000 21.725430 127.900055 0.000000 0.000000
1115 8.3419 875.182331 0.000000 1.30900002 128.000000 21.725428 127.900047 0.000000 0.000000
1116 8.5754 875.190907 0.000000 1.30900002 128.000000 21.725428 127.900047 0.000000 0.000000
1117 8.0785 875.198985 0.000000 1.30900002 128.000000 21.725428 127.900047 0.000000 0.000000
1118 8.4060 875.207391 0.000000 1.30900002 128.000000 21.725428 127.900047 0.000000 0.000000
1119 8.2621 875.215653 0.000000 1.30900002 128.000000 21.725428 127.900047 0.000000 0.000000
1120 8.6619 875.224315 0.000000 1.30900002 128.000000 21.725430 127.900055 0.000000 0.000000
1121 8.1227 875.232438 0.000000 1.30900002 128.000000 21.725428 127.900047 0.000000 0.000000
1122 8.3635 875.240801 0.000000 1.30900002 128.000000 21.725428 127.900047 0.000000 0.000000
1123 8.3163 875.249118 0.000000 1.30900002 128.000000 21.725428 127.900047 0.000000 0.000000
1124 8.3175 875.257435 0.000000 1.30900002 128.000000 21.725428 127.900040 0.000000 0.000000
1125 8.2803 875.265715 0.000000 1.30900002 128.000000 21.725428 127.900047 0.000000 0.000000
1126 8.3611 875.274076 0.000000 1.30900002 128.000000 21.725430 127.900047 0.000000 0.000000
1127 8.2610 875.282337 0.000000 1.30900002 128.000000 21.725428 127.900047 0.000000 0.000000
1128 8.3310 875.290668 0.000000 1.30900002 128.000000 21.725430 127.900055 0.000000 0.000000
1129 8.3347 875.299003 0.000000 1.30900002 128.000000 21.725428 127.900047 0.000000 0.000000
1130 8.3071 875.307310 0.000000 1.30900002 128.000000 21.725430 127.900047 0.000000 0.000000
1131 8.3628 875.315673 0.000000 1.30900002 128.000000 21.725428 127.900047 0.000000 0.000000
1132 8.3881 875.324061 0.000000 1.30900002 128.000000 21.725428 127.900055 0.000000 0.000000
1133 8.2734 875.332335 0.000000 1.30900002 128.000000 21.725428 127.900047 0.000000 0.000000
1134 8.3445 875.340679 0.000000 1.30900002 128.000000 21.725428 127.900047 0.000000 0.000000
1135 8.3252 875.349004 0.000000 1.30900002 128.000000 21.725428 127.900047 0.000000 0.000000
1136 8.4135 875.357418 0.000000 1.30900002 128.000000 21.725428 127.900047 0.000000 0.000000
1137 8.4853 875.365903 0.000000 1.30900002 128.000000 21.725428 127.900047 0.000000 0.000000
1138 8.1540 875.374057 0.000000 1.30900002 128.000000 21.725426 127.900040 0.000000 0.000000
1139 8.2825 875.382340 0.000000 1.30900002 128.000000 21.725428 127.900047 0.000000 0.000000
1140 8.3587 875.390698 0.000000 1.30900002 128.000000 21.725428 127.900040 0.000000 0.000000
1141 8.5518 875.399250 0.000000 1.30900002 128.000000 21.725428 127.900055 0.000000 0.000000
1142 8.1335 875.407384 0.000000 1.30900002 128.000000 21.725428 127.900047 0.000000 0.000000
1143 8.2670 875.415651 0.000000 1.30900002 128.000000 21.725428 127.900047 0.000000 0.000000
1144 8.3681 875.424019 0.000000 1.30900002 128.000000 21.725428 127.900040 0.000000 0.000000
1145 8.2886 875.432307 0.000000 1.30900002 128.000000 21.725428 127.900047 0.000000 0.000000
1146 8.3525 875.440660 0.000000 1.30900002 128.000000 21.725428 127.900047 0.000000 0.000000
1147 8.3165 875.448976 0.000000 1.30900002 128.000000 21.725428 127.900047 0.000000 0.000000
1148 8.3461 875.457322 0.000000 1.30900002 128.000000 21.725428 127.900047 0.000000 0.000000
1149 8.3229 875.465645 0.000000 1.30900002 128.000000 21.725426 127.900047 0.000000 0.000000
1150 8.3619 875.474007 0.000000 1.30900002 128.000000 21.725428 127.900047 0.000000 0.000000
1151 8.3323 875.482340 0.000000 1.30900002 128.000000 21.725428 127.900047 0.000000 0.000000
1152 8.3585 875.490698 0.000000 1.30900002 128.000000 21.725428 127.900047 0.000000 0.000000
1153 8.3124 875.499010 0.000000 1.30900002 128.000000 21.725428 127.900047 0.000000 0.000000
1154 8.5775 875.507588 0.000000 1.30900002 128.000000 21.725428 127.900055 0.000000 0.000000
1155 8.0624 875.515650 0.000000 1.30900002 128.000000 21.725426 127.900047 0.000000 0.000000
1156 8.3641 875.524014 0.000000 1.30900002 128.000000 21.725426 127.900047 0.000000 0.000000
1157 8.2814 875.532296 0.000000 1.30900002 128.000000 21.725428 127.900047 0.000000 0.000000
1158 8.3351 875.540631 0.000000 1.30900002 128.000000 21.725428 127.900047 0.000000 0.000000
1159 8.3969 875.549028 0.000000 1.30900002 128.000000 21.725428 127.900047 0.000000 0.000000
1160 8.2549 875.557283 0.000000 1.30900002 128.000000 21.725430 127.900055 0.000000 0.000000
1161 8.3826 875.565665 0.000000 1.30900002 128.000000 21.725428 127.900047 0.000000 0.000000
1162 8.3315 875.573997 0.000000 1.30900002 128.000000 21.725428 127.900047 0.000000 0.000000
1163 8.3087 875.582305 0.000000 1.30900002 128.000000 21.725428 127.900047 0.000000 0.000000
1164 8.3441 875.590650 0.000000 1.30900002 128.000000 21.725428 127.900047 0.000000 0.000000
1165 8.6861 875.599336 0.000000 1.30900002 128.000000 21.725428 127.900047 0.000000 0.000000
1166 16.3355 875.615671 0.000000 1.30900002 128.000000 21.725428 127.900047 0.000000 0.000000
1167 0.9670 875.616638 0.000000 1.30900002 128.000000 21.725428 127.900047 0.000000 0.000000
1168 7.3520 875.623990 0.000000 1.30900002 128.000000 21.725428 127.900055 0.000000 0.000000
1169 8.3378 875.632328 0.000000 1.30900002 128.000000 21.725428 127.900047 0.000000 0.000000
1170 8.3325 875.640661 0.000000 1.30900002 128.000000 21.725426 127.900047 0.000000 0.000000
1171 8.5884 875.649249 0.000000 1.30900002 128.000000 21.725428 127.900047 0.000000 0.000000
1172 8.0787 875.657328 0.000000 1.30900002 128.000000 21.725428 127.900040 0.000000 0.000000
1173 8.3272 875.665655 0.000000 1.30900002 128.000000 21.725430 127.900047 0.000000 0.000000
1174 8.3346 875.673989 0.000000 1.30900002 128.000000 21.725428 127.900047 0.000000 0.000000
1175 8.3293 875.682319 0.000000 1.30900002 128.000000 21.725428 127.900040 0.000000 0.000000
1176 8.6209 875.690940 0.000000 1.30900002 128.000000 21.725430 127.900055 0.000000 0.000000
1177 8.0716 875.699011 0.000000 1.30900002 128.000000 21.725428 127.900047 0.000000 0.000000
1178 8.3518 875.707363 0.000000 1.30900002 128.000000 21.725430 127.900055 0.000000 0.000000
1179 8.2841 875.715647 0.000000 1.30900002 128.000000 21.725428 127.900047 0.000000 0.000000
1180 8.5989 875.724246 0.000000 1.30900002 128.000000 21.725430 127.900055 0.000000 0.000000
1181 8.1097 875.732356 0.000000 1.30900002 128.000000 21.725428 127.900047 0.000000 0.000000
1182 8.2587 875.740615 0.000000 1.30900002 128.000000 21.725430 127.900047 0.000000 0.000000
1183 8.4125 875.749027 0.000000 1.30900002 128.000000 21.725428 127.900047 0.000000 0.000000
1184 8.3093 875.757336 0.000000 1.30900002 128.000000 21.725428 127.900040 0.000000 0.000000
1185 8.5612 875.765898 0.000000 1.30900002 128.000000 21.725428 127.900047 0.000000 0.000000
1186 16.4440 875.782342 0.000000 1.30900002 128.000000 21.725428 127.900047 0.000000 0.000000
1187 0.9899 875.783332 0.000000 1.30900002 128.000000 21.725428 127.900047 0.000000 0.000000
1188 7.3325 875.790664 0.000000 1.30900002 128.000000 21.725430 127.900047 0.000000 0.000000
1189 8.3574 875.799021 0.000000 1.30900002 128.000000 21.725428 127.900047 0.000000 0.000000
1190 8.6024 875.807624 0.000000 1.30900002 128.000000 21.725430 127.900055 0.000000 0.000000
1191 16.3762 875.824000 0.000000 1.30900002 128.000000 21.725428 127.900040 0.000000 0.000000
1192 0.9912 875.824991 0.000000 1.30900002 128.000000 21.725430 127.900055 0.000000 0.000000
1193 7.3751 875.832366 0.000000 1.30900002 128.000000 21.725428 127.900047 0.000000 0.000000
1194 8.3271 875.840693 0.000000 1.30900002 128.000000 21.725428 127.900047 0.000000 0.000000
1195 8.2998 875.848993 0.000000 1.30900002 128.000000 21.725430 127.900047 0.000000 0.000000
1196 8.6235 875.857617 0.000000 1.30900002 128.000000 21.725428 127.900047 0.000000 0.000000
1197 16.4250 875.874042 0.000000 1.30900002 128.000000 21.725428 127.900047 0.000000 0.000000
1198 0.9870 875.875029 0.000000 1.30900002 128.000000 21.725428 127.900047 0.000000 0.000000
1199 7.2965 875.882325 0.000000 1.30900002 128.000000 21.725428 127.900040 0.000000 0.000000
1200 8.3455 875.890671 0.000000 1.30900002 128.000000 21.725428 127.900055 0.000000 0.000000
1201 8.3052 875.898976 0.000000 1.30900002 128.000000 21.725428 127.900047 0.000000 0.000000
1202 8.3567 875.907333 0.000000 1.30900002 128.000000 21.725430 127.900055 0.000000 0.000000
1203 8.3350 875.915668 0.000000 1.30900002 128.000000 21.725428 127.900047 0.000000 0.000000
1204 8.5937 875.924261 0.000000 1.30900002 128.000000 21.725430 127.900055 0.000000 0.000000
1205 8.0688 875.932330 0.000000 1.30900002 128.000000 21.725428 127.900047 0.000000 0.000000
1206 8.3626 875.940693 0.000000 1.30900002 128.000000 21.725426 127.900040 0.000000 0.000000
1207 8.3361 875.949029 0.000000 1.30900002 128.000000 21.725428 127.900047 0.000000 0.000000
1208 8.3071 875.957336 0.000000 1.30900002 128.000000 21.725428 127.900055 0.000000 0.000000
1209 8.3071 875.965643 0.000000 1.30900002 128.000000 21.725428 127.900047 0.000000 0.000000
1210 8.3967 875.974040 0.000000 1.30900002 128.000000 21.725428 127.900055 0.000000 0.000000
1211 8.3074 875.982347 0.000000 1.30900002 128.000000 21.725428 127.900047 0.000000 0.000000
1212 8.3220 875.990669 0.000000 1.30900002 128.000000 21.725426 127.900040 0.000000 0.000000
1213 8.6433 875.999313 0.000000 1.30900002 128.000000 21.725428 127.900047 0.000000 0.000000
1214 16.3347 876.015647 0.000000 1.30900002 128.000000 21.725428 127.900047 0.000000 0.000000
1215 0.8774 876.016525 0.000000 1.30900002 128.000000 21.725428 127.900047 0.000000 0.000000
1216 7.4911 876.024016 0.000000 1.30900002 128.000000 21.725428 127.900047 0.000000 0.000000
1217 8.5813 876.032597 0.000000 1.30900002 128.000000 21.725428 127.900047 0.000000 0.000000
1218 16.4005 876.048998 0.000000 1.30900002 128.000000 21.725428 127.900047 0.000000 0.000000
1219 1.0459 876.050043 0.000000 1.30900002 128.000000 21.725428 127.900047 0.000000 0.000000
1220 7.2506 876.057294 0.000000 1.30900002 128.000000 21.725428 127.900055 0.000000 0.000000
1221 8.3478 876.065642 0.000000 1.30900002 128.000000 21.725428 127.900047 0.000000 0.000000
1222 8.6083 876.074250 0.000000 1.30900002 128.000000 21.725426 127.900040 0.000000 0.000000
1223 8.0628 876.082313 0.000000 1.30900002 128.000000 21.725428 127.900047 0.000000 0.000000
1224 8.3445 876.090657 0.000000 1.30900002 128.000000 21.725428 127.900047 0.000000 0.000000
1225 8.5930 876.099250 0.000000 1.30900002 128.000000 21.725428 127.900047 0.000000 0.000000
1226 8.1755 876.107426 0.000000 1.30900002 128.000000 21.725428 127.900047 0.000000 0.000000
1227 8.2340 876.115660 0.000000 1.30900002 128.000000 21.725428 127.900047 0.000000 0.000000
1228 8.3139 876.123974 0.000000 1.30900002 128.000000 21.725426 127.900040 0.000000 0.000000
1229 8.5761 876.132550 0.000000 1.30900002 128.000000 21.725428 127.900047 0.000000 0.000000
1230 8.1017 876.140652 0.000000 1.30900002 128.000000 21.725428 127.900047 0.000000 0.000000
1231 8.3689 876.149021 0.000000 1.30900002 128.000000 21.725428 127.900047 0.000000 0.000000
1232 8.2989 876.157319 0.000000 1.30900002 128.000000 21.725430 127.900055 0.000000 0.000000
1233 8.3273 876.165647 0.000000 1.30900002 128.000000 21.725428 127.900047 0.000000 0.000000
1234 8.3188 876.173966 0.000000 1.30900002 128.000000 21.725430 127.900047 0.000000 0.000000
1235 8.6138 876.182579 0.000000 1.30900002 128.000000 21.725428 127.900047 0.000000 0.000000
1236 8.1005 876.190680 0.000000 1.30900002 128.000000 21.725428 127.900047 0.000000 0.000000
1237 8.2832 876.198963 0.000000 1.30900002 128.000000 21.725428 127.900047 0.000000 0.000000
1238 8.3589 876.207322 0.000000 1.30900002 128.000000 21.725428 127.900040 0.000000 0.000000
1239 8.5754 876.215897 0.000000 1.30900002 128.000000 21.725428 127.900047 0.000000 0.000000
1240 8.0825 876.223980 0.000000 1.30900002 128.000000 21.725428 127.900055 0.000000 0.000000
1241 8.3243 876.232304 0.000000 1.30900002 128.000000 21.725428 127.900047 0.000000 0.000000
1242 8.3731 876.240677 0.000000 1.30900002 128.000000 21.725428 127.900047 0.000000 0.000000
1243 8.3262 876.249004 0.000000 1.30900002 128.000000 21.725428 127.900047 0.000000 0.000000
1244 8.3190 876.257323 0.000000 1.30900002 128.000000 21.725428 127.900047 0.000000 0.000000
1245 8.3031 876.265626 0.000000 1.30900002 128.000000 21.725428 127.900047 0.000000 0.000000
1246 8.3647 876.273990 0.000000 1.30900002 128.000000 21.725430 127.900055 0.000000 0.000000
1247 8.2943 876.282285 0.000000 1.30900002 128.000000 21.725426 127.900047 0.000000 0.000000
1248 8.6472 876.290932 0.000000 1.30900002 128.000000 21.725430 127.900055 0.000000 0.000000
1249 8.0324 876.298964 0.000000 1.30900002 128.000000 21.725428 127.900047 0.000000 0.000000
1250 8.3559 876.307320 0.000000 1.30900002 128.000000 21.725426 127.900040 0.000000 0.000000
1251 8.3009 876.315621 0.000000 1.30900002 128.000000 21.725428 127.900047 0.000000 0.000000
1252 8.3520 876.323973 0.000000 1.30900002 128.000000 21.725430 127.900055 0.000000 0.000000
1253 8.3202 876.332293 0.000000 1.30900002 128.000000 21.725428 127.900047 0.000000 0.000000
1254 8.6285 876.340922 0.000000 1.30900002 128.000000 21.725430 127.900055 0.000000 0.000000
1255 8.0674 876.348989 0.000000 1.30900002 128.000000 21.725428 127.900047 0.000000 0.000000
1256 8.3140 876.357303 0.000000 1.30900002 128.000000 21.725428 127.900055 0.000000 0.000000
1257 8.5811 876.365884 0.000000 1.30900002 128.000000 21.725428 127.900047 0.000000 0.000000
1258 8.1007 876.373985 0.000000 1.30900002 128.000000 21.725430 127.900055 0.000000 0.000000
1259 8.3188 876.382304 0.000000 1.30900002 128.000000 21.725428 127.900047 0.000000 0.000000
1260 8.6155 876.390919 0.000000 1.30900002 128.000000 21.725430 127.900055 0.000000 0.000000
1261 8.0588 876.398978 0.000000 1.30900002 128.000000 21.725428 127.900047 0.000000 0.000000
1262 8.3187 876.407297 0.000000 1.30900002 128.000000 21.725428 127.900055 0.000000 0.000000
1263 8.6058 876.415902 0.000000 1.30900002 128.000000 21.725428 127.900047 0.000000 0.000000
1264 8.0950 876.423998 0.000000 1.30900002 128.000000 21.725428 127.900047 0.000000 0.000000
1265 8.3020 876.432300 0.000000 1.30900002 128.000000 21.725428 127.900047 0.000000 0.000000
1266 8.3372 876.440637 0.000000 1.30900002 128.000000 21.725430 127.900055 0.000000 0.000000
1267 8.3455 876.448982 0.000000 1.30900002 128.000000 21.725428 127.900047 0.000000 0.000000
1268 8.3425 876.457325 0.000000 1.30900002 128.000000 21.725426 127.900047 0.000000 0.000000
1269 8.5823 876.465907 0.000000 1.30900002 128.000000 21.725428 127.900047 0.000000 0.000000
1270 8.0791 876.473986 0.000000 1.30900002 128.000000 21.725428 127.900055 0.000000 0.000000
1271 8.3593 876.482345 0.000000 1.30900002 128.000000 21.725428 127.900055 0.000000 0.000000
1272 8.3066 876.490652 0.000000 1.30900002 128.000000 21.725426 127.900040 0.000000 0.000000
1273 8.5516 876.499204 0.000000 1.30900002 128.000000 21.725428 127.900047 0.000000 0.000000
1274 8.0917 876.507295 0.000000 1.30900002 128.000000 21.725428 127.900055 0.000000 0.000000
1275 8.3438 876.515639 0.000000 1.30900002 128.000000 21.725428 127.900047 0.000000 0.000000
1276 8.6101 876.524249 0.000000 1.30900002 128.000000 21.725430 127.900047 0.000000 0.000000
1277 8.0532 876.532302 0.000000 1.30900002 128.000000 21.725428 127.900047 0.000000 0.000000
1278 8.3099 876.540612 0.000000 1.30900002 128.000000 21.725428 127.900055 0.000000 0.000000
1279 8.3202 876.548933 0.000000 1.30900002 128.000000 21.725428 127.900047 0.000000 0.000000
1280 8.3825 876.557315 0.000000 1.30900002 128.000000 21.725430 127.900055 0.000000 0.000000
1281 8.3126 876.565628 0.000000 1.30900002 128.000000 21.725428 127.900047 0.000000 0.000000
1282 8.3196 876.573947 0.000000 1.30900002 128.000000 21.725428 127.900047 0.000000 0.000000
1283 8.3795 876.582327 0.000000 1.30900002 128.000000 21.725428 127.900047 0.000000 0.000000
1284 8.5879 876.590915 0.000000 1.30900002 128.000000 21.725428 127.900040 0.000000 0.000000
1285 8.1053 876.599020 0.000000 1.30900002 128.000000 21.725428 127.900047 0.000000 0.000000
1286 8.3033 876.607323 0.000000 1.30900002 128.000000 21.725428 127.900040 0.000000 0.000000
1287 8.3199 876.615643 0.000000 1.30900002 128.000000 21.725428 127.900047 0.000000 0.000000
1288 8.5752 876.624218 0.000000 1.30900002 128.000000 21.725428 127.900047 0.000000 0.000000
1289 8.0916 876.632310 0.000000 1.30900002 128.000000 21.725428 127.900040 0.000000 0.000000
1290 8.3270 876.640637 0.000000 1.30900002 128.000000 21.725428 127.900047 0.000000 0.000000
1291 8.5885 876.649225 0.000000 1.30900002 128.000000 21.725428 127.900047 0.000000 0.000000
1292 8.0669 876.657292 0.000000 1.30900002 128.000000 21.725428 127.900047 0.000000 0.000000
1293 8.3636 876.665656 0.000000 1.30900002 128.000000 21.725430 127.900055 0.000000 0.000000
1294 8.2881 876.673944 0.000000 1.30900002 128.000000 21.725428 127.900040 0.000000 0.000000
1295 8.3756 876.682320 0.000000 1.30900002 128.000000 21.725428 127.900047 0.000000 0.000000
1296 8.5592 876.690879 0.000000 1.30900002 128.000000 21.725426 127.900040 0.000000 0.000000
1297 8.1069 876.698986 0.000000 1.30900002 128.000000 21.725428 127.900047 0.000000 0.000000
1298 8.3648 876.707351 0.000000 1.30900002 128.000000 21.725428 127.900047 0.000000 0.000000
1299 8.2945 876.715645 0.000000 1.30900002 128.000000 21.725428 127.900047 0.000000 0.000000
1300 8.3334 876.723978 0.000000 1.30900002 128.000000 21.725428 127.900055 0.000000 0.000000
1301 8.5948 876.732573 0.000000 1.30900002 128.000000 21.725428 127.900047 0.000000 0.000000
1302 8.1374 876.740711 0.000000 1.30900002 128.000000 21.725426 127.900040 0.000000 0.000000
1303 8.2172 876.748928 0.000000 1.30900002 128.000000 21.725430 127.900047 0.000000 0.000000
1304 8.3550 876.757283 0.000000 1.30900002 128.000000 21.725428 127.900047 0.000000 0.000000
1305 8.6147 876.765898 0.000000 1.30900002 128.000000 21.725428 127.900047 0.000000 0.000000
1306 8.0841 876.773982 0.000000 1.30900002 128.000000 21.725430 127.900055 0.000000 0.000000
1307 8.3305 876.782312 0.000000 1.30900002 128.000000 21.725428 127.900047 0.000000 0.000000
1308 8.3100 876.790622 0.000000 1.30900002 128.000000 21.725428 127.900040 0.000000 0.000000
1309 8.3885 876.799011 0.000000 1.30900002 128.000000 21.725428 127.900047 0.000000 0.000000
1310 8.2926 876.807303 0.000000 1.30900002 128.000000 21.725428 127.900055 0.000000 0.000000
1311 8.4017 876.815705 0.000000 1.30900002 128.000000 21.725428 127.900047 0.000000 0.000000
1312 8.2727 876.823978 0.000000 1.30900002 128.000000 21.725428 127.900047 0.000000 0.000000
1313 8.3511 876.832329 0.000000 1.30900002 128.000000 21.725428 127.900047 0.000000 0.000000
1314 8.3547 876.840683 0.000000 1.30900002 128.000000 21.725428 127.900055 0.000000 0.000000
1315 8.2736 876.848957 0.000000 1.30900002 128.000000 21.725428 127.900047 0.000000 0.000000
1316 8.6895 876.857647 0.000000 1.30900002 128.000000 21.725428 127.900047 0.000000 0.000000
1317 8.0055 876.865652 0.000000 1.30900002 128.000000 21.725428 127.900040 0.000000 0.000000
1318 8.3414 876.873994 0.000000 1.30900002 128.000000 21.725428 127.900040 0.000000 0.000000
1319 8.2924 876.882286 0.000000 1.30900002 128.000000 21.725428 127.900047 0.000000 0.000000
1320 8.6379 876.890924 0.000000 1.30900002 128.000000 21.725426 127.900047 0.000000 0.000000
1321 8.0363 876.898960 0.000000 1.30900002 128.000000 21.725428 127.900047 0.000000 0.000000
1322 8.3379 876.907298 0.000000 1.30900002 128.000000 21.725426 127.900047 0.000000 0.000000
1323 8.5983 876.915896 0.000000 1.30900002 128.000000 21.725428 127.900047 0.000000 0.000000
1324 8.1190 876.924015 0.000000 1.30900002 128.000000 21.725430 127.900047 0.000000 0.000000
1325 8.2735 876.932289 0.000000 1.30900002 128.000000 21.725428 127.900047 0.000000 0.000000
1326 8.3860 876.940675 0.000000 1.30900002 128.000000 21.725430 127.900055 0.000000 0.000000
1327 8.2940 876.948969 0.000000 1.30900002 128.000000 21.725428 127.900047 0.000000 0.000000
1328 8.3623 876.957331 0.000000 1.30900002 128.000000 21.725428 127.900055 0.000000 0.000000
1329 8.2777 876.965609 0.000000 1.30900002 128.000000 21.725428 127.900040 0.000000 0.000000
1330 8.3845 876.973993 0.000000 1.30900002 128.000000 21.725428 127.900047 0.000000 0.000000
1331 8.3238 876.982317 0.000000 1.30900002 128.000000 21.725428 127.900047 0.000000 0.000000
1332 8.5871 876.990904 0.000000 1.30900002 128.000000 21.725428 127.900055 0.000000 0.000000
1333 8.1542 876.999059 0.000000 1.30900002 128.000000 21.725428 127.900047 0.000000 0.000000
1334 8.3416 877.007400 0.000000 1.30900002 128.000000 21.725428 127.900047 0.000000 0.000000
1335 8.2951 877.015695 0.000000 1.30900002 128.000000 21.725428 127.900047 0.000000 0.000000
1336 8.2562 877.023952 0.000000 1.30900002 128.000000 21.725428 127.900040 0.000000 0.000000
1337 8.6720 877.032624 0.000000 1.30900002 128.000000 21.725428 127.900047 0.000000 0.000000
1338 8.0616 877.040685 0.000000 1.30900002 128.000000 21.725430 127.900055 0.000000 0.000000
1339 8.2856 877.048971 0.000000 1.30900002 128.000000 21.725428 127.900047 0.000000 0.000000
1340 8.3439 877.057315 0.000000 1.30900002 128.000000 21.725426 127.900047 0.000000 0.000000
1341 8.5696 877.065884 0.000000 1.30900002 128.000000 21.725428 127.900047 0.000000 0.000000
1342 8.1594 877.074044 0.000000 1.30900002 128.000000 21.725428 127.900055 0.000000 0.000000
1343 8.2593 877.082303 0.000000 1.30900002 128.000000 21.725428 127.900047 0.000000 0.000000
1344 8.6089 877.090912 0.000000 1.30900002 128.000000 21.725430 127.900055 0.000000 0.000000
1345 8.0640 877.098976 0.000000 1.30900002 128.000000 21.725428 127.900047 0.000000 0.000000
1346 8.3799 877.107356 0.000000 1.30900002 128.000000 21.725430 127.900055 0.000000 0.000000
