# Daggerfall N per-frame log -- one line per PRESENTED frame.
# No readback, no settle, no cooldown: this instrument cannot
# quiet the thing it is pointed at. Between-frames motion is
# arithmetic on adjacent lines.
# frame dt_ms game_s speed fov_y eye_x eye_y eye_z yaw pitch
# DECIMATED 1:10 from the raw DFN_FRAME_LOG (the run presented ~1150 frames/s,
# so this keeps ~115 samples per second against a 60 Hz simulation tick --
# every tick is still sampled about twice, and the quantity claimed from this
# file is a SUSTAINED DISPLACEMENT (mm of eye travel) plus the SHAPE of a
# 0.15 s ramp, neither of which decimation can hide. It is NOT a per-frame
# meander like docs/FINDING_RUN_SMEAR.md, where every frame had to be kept.
0 7.1038 864.007104 0.000000 1.30900002 128.000000 21.925941 128.000000 0.000000 0.000000
10 157.6403 865.333634 0.000000 1.30900002 128.000000 21.725430 127.900047 0.000000 0.000000
20 1.2082 865.712253 0.000000 1.30900002 128.000000 21.725428 127.900047 0.000000 0.000000
30 1.0601 865.729935 0.000000 1.30900002 128.000000 21.725426 127.900047 0.000000 0.000000
40 1.4089 865.751396 0.000000 1.30900002 128.000000 21.725426 127.900040 0.000000 0.000000
50 0.5877 865.777129 0.000000 1.30900002 128.000000 21.725428 127.900047 0.000000 0.000000
60 0.9319 865.788856 0.000000 1.30900002 128.000000 21.725426 127.900040 0.000000 0.000000
70 0.7751 865.798248 0.000000 1.30900002 128.000000 21.725428 127.900047 0.000000 0.000000
80 0.8403 865.814648 0.000000 1.30900002 128.000000 21.725428 127.900047 0.000000 0.000000
90 0.8475 865.831462 0.000000 1.30900002 128.000000 21.725428 127.900047 0.000000 0.000000
100 1.8955 865.939046 0.000000 1.30900002 128.000000 21.725426 127.900040 0.000000 0.000000
110 0.8215 865.947325 0.000000 1.30900002 128.000000 21.725428 127.900047 0.000000 0.000000
120 0.7907 865.963235 0.000000 1.30900002 128.000000 21.725426 127.900040 0.000000 0.000000
130 0.7400 865.981341 0.000000 1.30900002 128.000000 21.725428 127.900047 0.000000 0.000000
140 0.7594 866.012543 0.000000 1.30900002 128.000000 21.725428 127.900055 0.000000 0.000000
150 0.8765 866.029772 0.000000 1.30900002 128.000000 21.725428 127.900047 0.000000 0.000000
160 0.9946 866.049122 0.000000 1.30900002 128.000000 21.725428 127.900047 0.000000 0.000000
170 0.7162 866.066317 0.000000 1.30900002 128.000000 21.725428 127.900047 0.000000 0.000000
180 0.7335 866.081834 0.000000 1.30900002 128.000000 21.725428 127.900047 0.000000 0.000000
190 0.7700 866.090416 0.000000 1.30900002 128.000000 21.725428 127.900055 0.000000 0.000000
200 0.6785 866.099298 0.000000 1.30900002 128.000000 21.725428 127.900047 0.000000 0.000000
210 0.7553 866.116940 0.000000 1.30900002 128.000000 21.725428 127.900055 0.000000 0.000000
220 0.6552 866.145436 0.000000 1.30900002 128.000000 21.725428 127.900040 0.000000 0.000000
230 0.6858 866.164597 0.000000 1.30900002 128.000000 21.725428 127.900047 0.000000 0.000000
240 0.7954 866.181766 0.000000 1.30900002 128.000000 21.725428 127.900047 0.000000 0.000000
250 0.9092 866.199984 0.000000 1.30900002 128.000000 21.725428 127.900047 0.000000 0.000000
260 11.1974 866.228199 0.000000 1.30900002 128.000000 21.725428 127.900047 0.000000 0.000000
270 0.7839 866.236575 0.000000 1.30900002 128.000000 21.725428 127.900040 0.000000 0.000000
280 1.4271 866.245151 0.000000 1.30900002 128.000000 21.725428 127.900055 0.000000 0.000000
290 0.6828 866.265186 0.000000 1.30900002 128.000000 21.725430 127.900047 0.000000 0.000000
300 0.6630 866.283861 0.000000 1.30900002 128.000000 21.725428 127.900055 0.000000 0.000000
310 0.5843 866.314892 0.000000 1.30900002 128.000000 21.725428 127.900047 0.000000 0.000000
320 0.9123 866.331206 0.000000 1.30900002 128.000000 21.725428 127.900047 0.000000 0.000000
330 0.7305 866.347660 0.000000 1.30900002 128.000000 21.725428 127.900040 0.000000 0.000000
340 0.6615 866.366584 0.000000 1.30900002 128.000000 21.725428 127.900047 0.000000 0.000000
350 0.6761 866.386913 0.000000 1.30900002 128.000000 21.725428 127.900047 0.000000 0.000000
360 0.8588 866.395291 0.000000 1.30900002 128.000000 21.725428 127.900040 0.000000 0.000000
370 0.9417 866.412248 0.000000 1.30900002 128.000000 21.725428 127.900047 0.000000 0.000000
380 0.6807 866.429909 0.000000 1.30900002 128.000000 21.725428 127.900047 0.000000 0.000000
390 0.5855 866.446739 0.000000 1.30900002 128.000000 21.725430 127.900055 0.000000 0.000000
400 0.5927 866.463479 0.000000 1.30900002 128.000000 21.725426 127.900047 0.000000 0.000000
410 0.7447 866.483334 0.000000 1.30900002 128.000000 21.725428 127.900047 0.000000 0.000000
420 14.2442 866.514453 0.000000 1.30900002 128.000000 21.725428 127.900047 0.000000 0.000000
430 0.8103 866.529994 0.000000 1.30900002 128.000000 21.725428 127.900047 0.000000 0.000000
440 0.8534 866.538752 0.000000 1.30900002 128.000000 21.725426 127.900040 0.000000 0.000000
450 0.8053 866.547587 0.000000 1.30900002 128.000000 21.725428 127.900040 0.000000 0.000000
460 0.6622 866.556153 0.000000 1.30900002 128.000000 21.725428 127.900047 0.000000 0.000000
470 0.7532 866.564683 0.000000 1.30900002 128.000000 21.725428 127.900040 0.000000 0.000000
480 0.8771 866.573071 0.000000 1.30900002 128.000000 21.725428 127.900047 0.000000 0.000000
490 0.7945 866.581505 0.000000 1.30900002 128.000000 21.725428 127.900047 0.000000 0.000000
500 0.7424 866.590026 0.000000 1.30900002 128.000000 21.725428 127.900055 0.000000 0.000000
510 0.8557 866.598657 0.000000 1.30900002 128.000000 21.725428 127.900047 0.000000 0.000000
520 0.6679 866.607034 0.000000 1.30900002 128.000000 21.725428 127.900040 0.000000 0.000000
530 0.7559 866.615616 0.000000 1.30900002 128.000000 21.725428 127.900047 0.000000 0.000000
540 0.8110 866.623944 0.000000 1.30900002 128.000000 21.725428 127.900040 0.000000 0.000000
550 0.7278 866.632478 0.000000 1.30900002 128.000000 21.725428 127.900047 0.000000 0.000000
560 0.8629 866.641136 0.000000 1.30900002 128.000000 21.725428 127.900055 0.000000 0.000000
570 0.8115 866.649765 0.000000 1.30900002 128.000000 21.725428 127.900047 0.000000 0.000000
580 0.8470 866.658346 0.000000 1.30900002 128.000000 21.725428 127.900055 0.000000 0.000000
590 0.8537 866.667083 0.000000 1.30900002 128.000000 21.725428 127.900047 0.000000 0.000000
600 0.8200 866.675779 0.000000 1.30900002 128.000000 21.725428 127.900040 0.000000 0.000000
610 0.7885 866.684559 0.000000 1.30900002 128.000000 21.725430 127.900047 0.000000 0.000000
620 0.7515 866.693004 0.000000 1.30900002 128.000000 21.725428 127.900055 0.000000 0.000000
630 0.9306 866.701607 0.000000 1.30900002 128.000000 21.725428 127.900040 0.000000 0.000000
640 1.3297 866.710616 0.000000 1.30900002 128.000000 21.725428 127.900047 0.000000 0.000000
650 1.4924 866.719339 0.000000 1.30900002 128.000000 21.725428 127.900040 0.000000 0.000000
660 1.5733 866.728168 0.000000 1.30900002 128.000000 21.725428 127.900055 0.000000 0.000000
670 0.7725 866.736819 0.000000 1.30900002 128.000000 21.725428 127.900047 0.000000 0.000000
680 0.8030 866.745356 0.000000 1.30900002 128.000000 21.725428 127.900040 0.000000 0.000000
690 0.7084 866.753955 0.000000 1.30900002 128.000000 21.725428 127.900047 0.000000 0.000000
700 0.7747 866.762579 0.000000 1.30900002 128.000000 21.725428 127.900047 0.000000 0.000000
710 0.8613 866.771025 0.000000 1.30900002 128.000000 21.725428 127.900040 0.000000 0.000000
720 0.8605 866.779786 0.000000 1.30900002 128.000000 21.725428 127.900055 0.000000 0.000000
730 0.8303 866.788277 0.000000 1.30900002 128.000000 21.725428 127.900047 0.000000 0.000000
740 0.8557 866.796816 0.000000 1.30900002 128.000000 21.725428 127.900047 0.000000 0.000000
750 0.8035 866.805405 0.000000 1.30900002 128.000000 21.725430 127.900055 0.000000 0.000000
760 0.8349 866.814165 0.000000 1.30900002 128.000000 21.725428 127.900047 0.000000 0.000000
770 0.8890 866.822856 0.000000 1.30900002 128.000000 21.725428 127.900047 0.000000 0.000000
780 0.7487 866.831691 0.000000 1.30900002 128.000000 21.725428 127.900047 0.000000 0.000000
790 0.7893 866.840336 0.000000 1.30900002 128.000000 21.725426 127.900040 0.000000 0.000000
800 0.7956 866.848897 0.000000 1.30900002 128.000000 21.725428 127.900047 0.000000 0.000000
810 0.7692 866.857571 0.000000 1.30900002 128.000000 21.725426 127.900040 0.000000 0.000000
820 0.7089 866.866051 0.000000 1.30900002 128.000000 21.725428 127.900047 0.000000 0.000000
830 0.8398 866.874468 0.000000 1.30900002 128.000000 21.725430 127.900047 0.000000 0.000000
840 0.7116 866.882937 0.000000 1.30900002 128.000000 21.725428 127.900047 0.000000 0.000000
850 0.8387 866.891386 0.000000 1.30900002 128.000000 21.725430 127.900055 0.000000 0.000000
860 0.7020 866.899833 0.000000 1.30900002 128.000000 21.725428 127.900047 0.000000 0.000000
870 0.7302 866.908315 0.000000 1.30900002 128.000000 21.725428 127.900047 0.000000 0.000000
880 0.8397 866.917125 0.000000 1.30900002 128.000000 21.725428 127.900047 0.000000 0.000000
890 0.8558 866.925798 0.000000 1.30900002 128.000000 21.725428 127.900040 0.000000 0.000000
900 0.8297 866.934532 0.000000 1.30900002 128.000000 21.725428 127.900040 0.000000 0.000000
910 0.8409 866.943141 0.000000 1.30900002 128.000000 21.725428 127.900040 0.000000 0.000000
920 1.1265 866.952433 0.000000 1.30900002 128.000000 21.725426 127.900040 0.000000 0.000000
930 1.4747 866.961237 0.000000 1.30900002 128.000000 21.725428 127.900040 0.000000 0.000000
940 0.8706 866.969751 0.000000 1.30900002 128.000000 21.725428 127.900047 0.000000 0.000000
950 0.7183 866.978452 0.000000 1.30900002 128.000000 21.725428 127.900047 0.000000 0.000000
960 0.6548 866.987000 0.000000 1.30900002 128.000000 21.725430 127.900047 0.000000 0.000000
970 0.6920 866.995502 0.000000 1.30900002 128.000000 21.725428 127.900047 0.000000 0.000000
980 0.7430 867.003964 0.000000 1.30900002 128.000000 21.725428 127.900055 0.000000 0.000000
990 0.7212 867.012607 0.000000 1.30900002 128.000000 21.725428 127.900047 0.000000 0.000000
1000 0.7888 867.021397 0.000000 1.30900002 128.000000 21.725428 127.900055 0.000000 0.000000
1010 0.7083 867.030134 0.000000 1.30900002 128.000000 21.725428 127.900047 0.000000 0.000000
1020 0.7415 867.038658 0.000000 1.30900002 128.000000 21.725428 127.900040 0.000000 0.000000
1030 0.7047 867.047363 0.000000 1.30900002 128.000000 21.725428 127.900055 0.000000 0.000000
1040 0.7097 867.056308 0.000000 1.30900002 128.000000 21.725428 127.900040 0.000000 0.000000
1050 0.7619 867.065049 0.000000 1.30900002 128.000000 21.725428 127.900047 0.000000 0.000000
1060 0.8158 867.073613 0.000000 1.30900002 128.000000 21.725426 127.900040 0.000000 0.000000
1070 0.6658 867.082059 0.000000 1.30900002 128.000000 21.725428 127.900047 0.000000 0.000000
1080 0.8114 867.090448 0.000000 1.30900002 128.000000 21.725426 127.900040 0.000000 0.000000
1090 0.7525 867.098947 0.000000 1.30900002 128.000000 21.725428 127.900047 0.000000 0.000000
1100 0.7740 867.107681 0.000000 1.30900002 128.000000 21.725426 127.900040 0.000000 0.000000
1110 0.8551 867.116056 0.000000 1.30900002 128.000000 21.725428 127.900047 0.000000 0.000000
1120 0.8690 867.124503 0.000000 1.30900002 128.000000 21.725428 127.900047 0.000000 0.000000
1130 0.5943 867.133100 0.000000 1.30900002 128.000000 21.725428 127.900047 0.000000 0.000000
1140 0.7663 867.141730 0.000000 1.30900002 128.000000 21.725428 127.900055 0.000000 0.000000
1150 0.7087 867.150104 0.000000 1.30900002 128.000000 21.725428 127.900047 0.000000 0.000000
1160 0.8236 867.158436 0.000000 1.30900002 128.000000 21.725428 127.900055 0.000000 0.000000
1170 0.7015 867.167008 0.000000 1.30900002 128.000000 21.725428 127.900055 0.000000 0.000000
1180 0.8190 867.175738 0.000000 1.30900002 128.000000 21.725428 127.900040 0.000000 0.000000
1190 0.8694 867.184496 0.000000 1.30900002 128.000000 21.725428 127.900055 0.000000 0.000000
1200 0.8267 867.192963 0.000000 1.30900002 128.000000 21.725428 127.900055 0.000000 0.000000
1210 1.5274 867.202153 0.000000 1.30900002 128.000000 21.725426 127.900040 0.000000 0.000000
1220 1.4876 867.210925 0.000000 1.30900002 128.000000 21.725428 127.900047 0.000000 0.000000
1230 0.9142 867.219653 0.000000 1.30900002 128.000000 21.725426 127.900040 0.000000 0.000000
1240 1.5040 867.228135 0.000000 1.30900002 128.000000 21.725428 127.900040 0.000000 0.000000
1250 0.7427 867.236485 0.000000 1.30900002 128.000000 21.725428 127.900047 0.000000 0.000000
1260 0.8020 867.245132 0.000000 1.30900002 128.000000 21.725428 127.900040 0.000000 0.000000
1270 0.8702 867.253703 0.000000 1.30900002 128.000000 21.725428 127.900047 0.000000 0.000000
1280 0.7260 867.262138 0.000000 1.30900002 128.000000 21.725428 127.900047 0.000000 0.000000
1290 0.7392 867.270394 0.000000 1.30900002 128.000000 21.725428 127.900055 0.000000 0.000000
1300 0.6865 867.278948 0.000000 1.30900002 128.000000 21.725428 127.900040 0.000000 0.000000
1310 0.9101 867.287654 0.000000 1.30900002 128.000000 21.725428 127.900040 0.000000 0.000000
1320 0.7188 867.296149 0.000000 1.30900002 128.000000 21.725428 127.900047 0.000000 0.000000
1330 0.7507 867.304814 0.000000 1.30900002 128.000000 21.725428 127.900040 0.000000 0.000000
1340 0.8488 867.313475 0.000000 1.30900002 128.000000 21.725428 127.900047 0.000000 0.000000
1350 0.6683 867.321734 0.000000 1.30900002 128.000000 21.725428 127.900055 0.000000 0.000000
1360 0.8134 867.330560 0.000000 1.30900002 128.000000 21.725428 127.900047 0.000000 0.000000
1370 0.6753 867.338856 0.000000 1.30900002 128.000000 21.725428 127.900047 0.000000 0.000000
1380 0.7439 867.347559 0.000000 1.30900002 128.000000 21.725428 127.900047 0.000000 0.000000
1390 0.8665 867.356217 0.000000 1.30900002 128.000000 21.725426 127.900047 0.000000 0.000000
1400 0.6867 867.364581 0.000000 1.30900002 128.000000 21.725428 127.900055 0.000000 0.000000
1410 0.7550 867.373061 0.000000 1.30900002 128.000000 21.725430 127.900047 0.000000 0.000000
1420 0.6935 867.381667 0.000000 1.30900002 128.000000 21.725428 127.900047 0.000000 0.000000
1430 0.8220 867.390254 0.000000 1.30900002 128.000000 21.725428 127.900047 0.000000 0.000000
1440 0.7352 867.398954 0.000000 1.30900002 128.000000 21.725428 127.900047 0.000000 0.000000
1450 0.8871 867.407494 0.000000 1.30900002 128.000000 21.725428 127.900040 0.000000 0.000000
1460 0.7722 867.415953 0.000000 1.30900002 128.000000 21.725428 127.900047 0.000000 0.000000
1470 0.8219 867.424594 0.000000 1.30900002 128.000000 21.725428 127.900047 0.000000 0.000000
1480 0.6892 867.433241 0.000000 1.30900002 128.000000 21.725428 127.900047 0.000000 0.000000
1490 0.7985 867.441809 0.000000 1.30900002 128.000000 21.725428 127.900055 0.000000 0.000000
1500 0.8246 867.450320 0.000000 1.30900002 128.000000 21.725428 127.900047 0.000000 0.000000
1510 0.8005 867.458803 0.000000 1.30900002 128.000000 21.725428 127.900055 0.000000 0.000000
1520 0.8074 867.467446 0.000000 1.30900002 128.000000 21.725430 127.900055 0.000000 0.000000
1530 0.8021 867.475800 0.000000 1.30900002 128.000000 21.725428 127.900055 0.000000 0.000000
1540 0.9276 867.484655 0.000000 1.30900002 128.000000 21.725426 127.900047 0.000000 0.000000
1550 0.8509 867.493085 0.000000 1.30900002 128.000000 21.725428 127.900047 0.000000 0.000000
1560 0.8607 867.501541 0.000000 1.30900002 128.000000 21.725428 127.900047 0.000000 0.000000
1570 1.5735 867.511015 0.000000 1.30900002 128.000000 21.725428 127.900055 0.000000 0.000000
1580 1.5779 867.519467 0.000000 1.30900002 128.000000 21.725428 127.900047 0.000000 0.000000
1590 1.5493 867.528030 0.000000 1.30900002 128.000000 21.725428 127.900055 0.000000 0.000000
1600 0.9090 867.536465 0.000000 1.30900002 128.000000 21.725428 127.900047 0.000000 0.000000
1610 0.7108 867.545072 0.000000 1.30900002 128.000000 21.725428 127.900040 0.000000 0.000000
1620 0.7327 867.553663 0.000000 1.30900002 128.000000 21.725428 127.900047 0.000000 0.000000
1630 0.7498 867.562141 0.000000 1.30900002 128.000000 21.725428 127.900047 0.000000 0.000000
1640 0.7900 867.570636 0.000000 1.30900002 128.000000 21.725428 127.900047 0.000000 0.000000
1650 0.7136 867.579295 0.000000 1.30900002 128.000000 21.725428 127.900047 0.000000 0.000000
1660 0.8127 867.587878 0.000000 1.30900002 128.000000 21.725428 127.900055 0.000000 0.000000
1670 0.7252 867.596431 0.000000 1.30900002 128.000000 21.725428 127.900040 0.000000 0.000000
1680 0.6492 867.604920 0.000000 1.30900002 128.000000 21.725428 127.900047 0.000000 0.000000
1690 0.7123 867.613772 0.000000 1.30900002 128.000000 21.725426 127.900055 0.000000 0.000000
1700 0.7272 867.622157 0.000000 1.30900002 128.000000 21.725428 127.900047 0.000000 0.000000
1710 0.6814 867.630982 0.000000 1.30900002 128.000000 21.725428 127.900047 0.000000 0.000000
1720 0.7770 867.639889 0.000000 1.30900002 128.000000 21.725428 127.900055 0.000000 0.000000
1730 0.8874 867.648788 0.000000 1.30900002 128.000000 21.725430 127.900047 0.000000 0.000000
1740 0.8139 867.657397 0.000000 1.30900002 128.000000 21.725426 127.900040 0.000000 0.000000
1750 0.7191 867.666221 0.000000 1.30900002 128.000000 21.725428 127.900047 0.000000 0.000000
1760 0.7458 867.674707 0.000000 1.30900002 128.000000 21.725428 127.900047 0.000000 0.000000
1770 0.8698 867.683472 0.000000 1.30900002 128.000000 21.725428 127.900047 0.000000 0.000000
1780 0.7457 867.691972 0.000000 1.30900002 128.000000 21.725428 127.900047 0.000000 0.000000
1790 0.7301 867.700525 0.000000 1.30900002 128.000000 21.725428 127.900047 0.000000 0.000000
1800 0.8681 867.709033 0.000000 1.30900002 128.000000 21.725428 127.900040 0.000000 0.000000
1810 0.8927 867.717813 0.000000 1.30900002 128.000000 21.725428 127.900047 0.000000 0.000000
1820 0.8315 867.726379 0.000000 1.30900002 128.000000 21.725428 127.900047 0.000000 0.000000
1830 1.5613 867.735755 0.000000 1.30900002 128.000000 21.725428 127.900040 0.000000 0.000000
1840 1.5639 867.744439 0.000000 1.30900002 128.000000 21.725428 127.900055 0.000000 0.000000
1850 1.1287 867.752916 0.000000 1.30900002 128.000000 21.725426 127.900040 0.000000 0.000000
1860 0.7170 867.761473 0.000000 1.30900002 128.000000 21.725428 127.900055 0.000000 0.000000
1870 0.8292 867.769966 0.000000 1.30900002 128.000000 21.725428 127.900040 0.000000 0.000000
1880 0.8910 867.778275 0.000000 1.30900002 128.000000 21.725428 127.900047 0.000000 0.000000
1890 0.7435 867.786781 0.000000 1.30900002 128.000000 21.725428 127.900047 0.000000 0.000000
1900 0.7035 867.795458 0.000000 1.30900002 128.000000 21.725428 127.900040 0.000000 0.000000
1910 0.7832 867.804138 0.000000 1.30900002 128.000000 21.725428 127.900047 0.000000 0.000000
1920 0.6929 867.812805 0.000000 1.30900002 128.000000 21.725428 127.900047 0.000000 0.000000
1930 0.7710 867.821391 0.000000 1.30900002 128.000000 21.725428 127.900040 0.000000 0.000000
1940 0.8443 867.829909 0.000000 1.30900002 128.000000 21.725428 127.900047 0.000000 0.000000
1950 0.7234 867.838397 0.000000 1.30900002 128.000000 21.725428 127.900055 0.000000 0.000000
1960 0.8628 867.847079 0.000000 1.30900002 128.000000 21.725428 127.900047 0.000000 0.000000
1970 0.8175 867.855638 0.000000 1.30900002 128.000000 21.725430 127.900055 0.000000 0.000000
1980 0.7886 867.864418 0.000000 1.30900002 128.000000 21.725428 127.900047 0.000000 0.000000
1990 0.8268 867.873132 0.000000 1.30900002 128.000000 21.725426 127.900040 0.000000 0.000000
2000 0.8294 867.881640 0.000000 1.30900002 128.000000 21.725428 127.900047 0.000000 0.000000
2010 0.8520 867.890130 0.000000 1.30900002 128.000000 21.725428 127.900055 0.000000 0.000000
2020 0.7354 867.898727 0.000000 1.30900002 128.000000 21.725428 127.900047 0.000000 0.000000
2030 0.9727 867.907467 0.000000 1.30900002 128.000000 21.725428 127.900047 0.000000 0.000000
2040 0.7699 867.916030 0.000000 1.30900002 128.000000 21.725428 127.900047 0.000000 0.000000
2050 0.8531 867.924672 0.000000 1.30900002 128.000000 21.725430 127.900047 0.000000 0.000000
2060 0.8658 867.933397 0.000000 1.30900002 128.000000 21.725428 127.900047 0.000000 0.000000
2070 0.8282 867.941979 0.000000 1.30900002 128.000000 21.725428 127.900055 0.000000 0.000000
2080 0.7881 867.950762 0.000000 1.30900002 128.000000 21.725426 127.900047 0.000000 0.000000
2090 0.8380 867.959413 0.000000 1.30900002 128.000000 21.725428 127.900055 0.000000 0.000000
2100 1.2848 867.968589 0.000000 1.30900002 128.000000 21.725428 127.900047 0.000000 0.000000
2110 0.8870 867.976530 0.000000 1.30900002 128.000000 21.725428 127.900047 0.000000 0.000000
2120 1.1260 867.985427 0.000000 1.30900002 128.000000 21.725428 127.900040 0.000000 0.000000
2130 0.9764 867.993949 0.000000 1.30900002 128.000000 21.725428 127.900047 0.000000 0.000000
2140 1.6393 868.003365 0.000000 1.30900002 128.000000 21.725428 127.900047 0.000000 0.000000
2150 1.5458 868.011855 0.000000 1.30900002 128.000000 21.725428 127.900040 0.000000 0.000000
2160 0.7765 868.020216 0.000000 1.30900002 128.000000 21.725428 127.900047 0.000000 0.000000
2170 1.5855 868.028911 0.000000 1.30900002 128.000000 21.725428 127.900055 0.000000 0.000000
2180 0.7867 868.037298 0.000000 1.30900002 128.000000 21.725428 127.900047 0.000000 0.000000
2190 0.8153 868.045988 0.000000 1.30900002 128.000000 21.725428 127.900047 0.000000 0.000000
2200 0.6569 868.054515 0.000000 1.30900002 128.000000 21.725426 127.900040 0.000000 0.000000
2210 0.8317 868.062996 0.000000 1.30900002 128.000000 21.725430 127.900047 0.000000 0.000000
2220 0.7283 868.071642 0.000000 1.30900002 128.000000 21.725428 127.900055 0.000000 0.000000
2230 0.6513 868.080261 0.000000 1.30900002 128.000000 21.725428 127.900047 0.000000 0.000000
2240 0.8164 868.088852 0.000000 1.30900002 128.000000 21.725428 127.900047 0.000000 0.000000
2250 0.7920 868.097538 0.000000 1.30900002 128.000000 21.725428 127.900047 0.000000 0.000000
2260 0.7513 868.106127 0.000000 1.30900002 128.000000 21.725426 127.900040 0.000000 0.000000
2270 0.6867 868.114731 0.000000 1.30900002 128.000000 21.725428 127.900047 0.000000 0.000000
2280 0.8832 868.123485 0.000000 1.30900002 128.000000 21.725426 127.900040 0.000000 0.000000
2290 0.8658 868.132028 0.000000 1.30900002 128.000000 21.725430 127.900047 0.000000 0.000000
2300 0.7860 868.140505 0.000000 1.30900002 128.000000 21.725426 127.900047 0.000000 0.000000
2310 0.8638 868.149202 0.000000 1.30900002 128.000000 21.725428 127.900047 0.000000 0.000000
2320 0.8906 868.158048 0.000000 1.30900002 128.000000 21.725428 127.900055 0.000000 0.000000
2330 0.7710 868.166560 0.000000 1.30900002 128.000000 21.725428 127.900047 0.000000 0.000000
2340 0.7638 868.175051 0.000000 1.30900002 128.000000 21.725428 127.900055 0.000000 0.000000
2350 0.8402 868.183885 0.000000 1.30900002 128.000000 21.725428 127.900047 0.000000 0.000000
2360 0.7765 868.192580 0.000000 1.30900002 128.000000 21.725428 127.900040 0.000000 0.000000
2370 0.9956 868.201470 0.000000 1.30900002 128.000000 21.725428 127.900047 0.000000 0.000000
2380 0.8045 868.210020 0.000000 1.30900002 128.000000 21.725428 127.900040 0.000000 0.000000
2390 1.5855 868.219434 0.000000 1.30900002 128.000000 21.725428 127.900047 0.000000 0.000000
2400 1.5917 868.228142 0.000000 1.30900002 128.000000 21.725428 127.900047 0.000000 0.000000
2410 1.4980 868.236690 0.000000 1.30900002 128.000000 21.725428 127.900040 0.000000 0.000000
2420 0.8571 868.245238 0.000000 1.30900002 128.000000 21.725428 127.900040 0.000000 0.000000
2430 0.7144 868.253861 0.000000 1.30900002 128.000000 21.725426 127.900047 0.000000 0.000000
2440 0.8657 868.262480 0.000000 1.30900002 128.000000 21.725428 127.900047 0.000000 0.000000
2450 0.8156 868.271194 0.000000 1.30900002 128.000000 21.725428 127.900055 0.000000 0.000000
2460 0.7116 868.279812 0.000000 1.30900002 128.000000 21.725428 127.900047 0.000000 0.000000
2470 0.7113 868.288215 0.000000 1.30900002 128.000000 21.725430 127.900047 0.000000 0.000000
2480 0.6440 868.296811 0.000000 1.30900002 128.000000 21.725428 127.900047 0.000000 0.000000
2490 0.7276 868.305381 0.000000 1.30900002 128.000000 21.725428 127.900040 0.000000 0.000000
2500 0.6675 868.314031 0.000000 1.30900002 128.000000 21.725430 127.900047 0.000000 0.000000
2510 0.8343 868.322890 0.000000 1.30900002 128.000000 21.725428 127.900055 0.000000 0.000000
2520 0.7602 868.331722 0.000000 1.30900002 128.000000 21.725428 127.900047 0.000000 0.000000
2530 0.7134 868.340173 0.000000 1.30900002 128.000000 21.725428 127.900040 0.000000 0.000000
2540 0.8233 868.348663 0.000000 1.30900002 128.000000 21.725428 127.900047 0.000000 0.000000
2550 0.7120 868.357212 0.000000 1.30900002 128.000000 21.725428 127.900047 0.000000 0.000000
2560 0.8642 868.366046 0.000000 1.30900002 128.000000 21.725428 127.900047 0.000000 0.000000
2570 0.7438 868.374502 0.000000 1.30900002 128.000000 21.725428 127.900055 0.000000 0.000000
2580 0.7229 868.382989 0.000000 1.30900002 128.000000 21.725428 127.900047 0.000000 0.000000
2590 0.7352 868.391565 0.000000 1.30900002 128.000000 21.725430 127.900055 0.000000 0.000000
2600 0.6916 868.400119 0.000000 1.30900002 128.000000 21.725428 127.900047 0.000000 0.000000
2610 0.8556 868.408561 0.000000 1.30900002 128.000000 21.725428 127.900040 0.000000 0.000000
2620 0.7815 868.417140 0.000000 1.30900002 128.000000 21.725428 127.900047 0.000000 0.000000
2630 0.7651 868.425595 0.000000 1.30900002 128.000000 21.725428 127.900047 0.000000 0.000000
2640 0.8443 868.434200 0.000000 1.30900002 128.000000 21.725428 127.900040 0.000000 0.000000
2650 0.9335 868.442916 0.000000 1.30900002 128.000000 21.725428 127.900040 0.000000 0.000000
2660 0.7953 868.451452 0.000000 1.30900002 128.000000 21.725428 127.900040 0.000000 0.000000
2670 0.7193 868.460038 0.000000 1.30900002 128.000000 21.725428 127.900055 0.000000 0.000000
2680 1.5380 868.469529 0.000000 1.30900002 128.000000 21.725428 127.900047 0.000000 0.000000
2690 1.5478 868.478098 0.000000 1.30900002 128.000000 21.725428 127.900047 0.000000 0.000000
2700 0.8921 868.486533 0.000000 1.30900002 128.000000 21.725428 127.900047 0.000000 0.000000
2710 1.4494 868.495085 0.000000 1.30900002 128.000000 21.725428 127.900047 0.000000 0.000000
2720 0.7761 868.503379 0.000000 1.30900002 128.000000 21.725428 127.900047 0.000000 0.000000
2730 0.9710 868.512089 0.000000 1.30900002 128.000000 21.725428 127.900047 0.000000 0.000000
2740 0.7285 868.520520 0.000000 1.30900002 128.000000 21.725430 127.900055 0.000000 0.000000
2750 0.8136 868.529236 0.000000 1.30900002 128.000000 21.725428 127.900047 0.000000 0.000000
2760 0.7663 868.537647 0.000000 1.30900002 128.000000 21.725428 127.900047 0.000000 0.000000
2770 0.7402 868.546326 0.000000 1.30900002 128.000000 21.725428 127.900047 0.000000 0.000000
2780 0.8295 868.554859 0.000000 1.30900002 128.000000 21.725428 127.900040 0.000000 0.000000
2790 0.7129 868.563375 0.000000 1.30900002 128.000000 21.725428 127.900047 0.000000 0.000000
2800 0.8523 868.571862 0.000000 1.30900002 128.000000 21.725428 127.900047 0.000000 0.000000
2810 0.7529 868.580525 0.000000 1.30900002 128.000000 21.725428 127.900047 0.000000 0.000000
2820 0.6597 868.589047 0.000000 1.30900002 128.000000 21.725430 127.900055 0.000000 0.000000
2830 0.7633 868.597702 0.000000 1.30900002 128.000000 21.725428 127.900055 0.000000 0.000000
2840 0.7617 868.606201 0.000000 1.30900002 128.000000 21.725430 127.900055 0.000000 0.000000
2850 0.8171 868.614896 0.000000 1.30900002 128.000000 21.725430 127.900047 0.000000 0.000000
2860 0.7288 868.623567 0.000000 1.30900002 128.000000 21.725428 127.900047 0.000000 0.000000
2870 0.7968 868.632140 0.000000 1.30900002 128.000000 21.725428 127.900047 0.000000 0.000000
2880 0.6898 868.640607 0.000000 1.30900002 128.000000 21.725428 127.900047 0.000000 0.000000
2890 0.7941 868.649109 0.000000 1.30900002 128.000000 21.725428 127.900047 0.000000 0.000000
2900 0.6498 868.657432 0.000000 1.30900002 128.000000 21.725428 127.900040 0.000000 0.000000
2910 0.7939 868.666112 0.000000 1.30900002 128.000000 21.725428 127.900047 0.000000 0.000000
2920 0.7872 868.674574 0.000000 1.30900002 128.000000 21.725430 127.900047 0.000000 0.000000
2930 0.6123 868.683115 0.000000 1.30900002 128.000000 21.725428 127.900047 0.000000 0.000000
2940 0.6545 868.691620 0.000000 1.30900002 128.000000 21.725428 127.900047 0.000000 0.000000
2950 0.6840 868.700176 0.000000 1.30900002 128.000000 21.725428 127.900047 0.000000 0.000000
2960 0.8264 868.708656 0.000000 1.30900002 128.000000 21.725428 127.900047 0.000000 0.000000
2970 0.7318 868.717144 0.000000 1.30900002 128.000000 21.725428 127.900040 0.000000 0.000000
2980 0.9198 868.726187 0.000000 1.30900002 128.000000 21.725428 127.900055 0.000000 0.000000
2990 0.8108 868.734512 0.000000 1.30900002 128.000000 21.725430 127.900047 0.000000 0.000000
3000 0.8573 868.742825 0.000000 1.30900002 128.000000 21.725428 127.900047 0.000000 0.000000
3010 0.8065 868.751354 0.000000 1.30900002 128.000000 21.725430 127.900047 0.000000 0.000000
3020 1.1323 868.760188 0.000000 1.30900002 128.000000 21.725428 127.900055 0.000000 0.000000
3030 1.4725 868.769406 0.000000 1.30900002 128.000000 21.725428 127.900047 0.000000 0.000000
3040 1.4946 868.778033 0.000000 1.30900002 128.000000 21.725428 127.900055 0.000000 0.000000
3050 0.7753 868.786562 0.000000 1.30900002 128.000000 21.725428 127.900055 0.000000 0.000000
3060 0.8804 868.795131 0.000000 1.30900002 128.000000 21.725428 127.900055 0.000000 0.000000
3070 0.6941 868.803518 0.000000 1.30900002 128.000000 21.725428 127.900047 0.000000 0.000000
3080 0.6732 868.812030 0.000000 1.30900002 128.000000 21.725428 127.900047 0.000000 0.000000
3090 0.8419 868.820608 0.000000 1.30900002 128.000000 21.725426 127.900047 0.000000 0.000000
3100 0.7750 868.829150 0.000000 1.30900002 128.000000 21.725426 127.900055 0.000000 0.000000
3110 0.8437 868.837619 0.000000 1.30900002 128.000000 21.725428 127.900047 0.000000 0.000000
3120 0.7172 868.846241 0.000000 1.30900002 128.000000 21.725430 127.900047 0.000000 0.000000
3130 0.8416 868.855396 0.000000 1.30900002 128.000000 21.725426 127.900040 0.000000 0.000000
3140 0.8037 868.863855 0.000000 1.30900002 128.000000 21.725426 127.900047 0.000000 0.000000
3150 0.8633 868.872383 0.000000 1.30900002 128.000000 21.725428 127.900055 0.000000 0.000000
3160 0.7024 868.880980 0.000000 1.30900002 128.000000 21.725430 127.900047 0.000000 0.000000
3170 0.7378 868.889473 0.000000 1.30900002 128.000000 21.725428 127.900040 0.000000 0.000000
3180 0.7030 868.898095 0.000000 1.30900002 128.000000 21.725428 127.900047 0.000000 0.000000
3190 0.8333 868.906539 0.000000 1.30900002 128.000000 21.725428 127.900040 0.000000 0.000000
3200 0.7658 868.915149 0.000000 1.30900002 128.000000 21.725428 127.900047 0.000000 0.000000
3210 0.8431 868.923727 0.000000 1.30900002 128.000000 21.725428 127.900047 0.000000 0.000000
3220 0.9120 868.932489 0.000000 1.30900002 128.000000 21.725428 127.900047 0.000000 0.000000
3230 0.7600 868.940996 0.000000 1.30900002 128.000000 21.725428 127.900040 0.000000 0.000000
3240 0.6987 868.949607 0.000000 1.30900002 128.000000 21.725428 127.900047 0.000000 0.000000
3250 0.8228 868.958357 0.000000 1.30900002 128.000000 21.725428 127.900055 0.000000 0.000000
3260 0.7725 868.966815 0.000000 1.30900002 128.000000 21.725428 127.900055 0.000000 0.000000
3270 0.7224 868.975544 0.000000 1.30900002 128.000000 21.725428 127.900047 0.000000 0.000000
3280 0.9059 868.984307 0.000000 1.30900002 128.000000 21.725428 127.900047 0.000000 0.000000
3290 0.8160 868.992706 0.000000 1.30900002 128.000000 21.725428 127.900047 0.000000 0.000000
3300 0.9723 869.001580 0.000000 1.30900002 128.000000 21.725395 127.899544 0.000000 0.000000
3310 1.4200 869.010927 0.000000 1.30900002 128.000000 21.725204 127.896561 0.000000 0.000000
3320 0.9147 869.019597 0.000000 1.30900002 128.000000 21.725027 127.893867 0.000000 0.000000
3330 1.5798 869.028102 0.000000 1.30900002 128.000000 21.724850 127.891365 0.000000 0.000000
3340 0.8394 869.036750 0.000000 1.30900002 128.000000 21.724669 127.888908 0.000000 0.000000
3350 0.8087 869.045420 0.000000 1.30900002 128.000000 21.724485 127.886566 0.000000 0.000000
3360 0.8574 869.054016 0.000000 1.30900002 128.000000 21.724304 127.884338 0.000000 0.000000
3370 0.8458 869.062672 0.000000 1.30900002 128.000000 21.724123 127.882187 0.000000 0.000000
3380 0.8700 869.071142 0.000000 1.30900002 128.000000 21.723948 127.880157 0.000000 0.000000
3390 0.8070 869.079772 0.000000 1.30900002 128.000000 21.723770 127.878197 0.000000 0.000000
3400 0.7243 869.088124 0.000000 1.30900002 128.000000 21.723602 127.876373 0.000000 0.000000
3410 0.6959 869.096448 0.000000 1.30900002 128.000000 21.723434 127.874626 0.000000 0.000000
3420 0.6767 869.105311 0.000000 1.30900002 128.000000 21.723261 127.872849 0.000000 0.000000
3430 0.7392 869.113668 0.000000 1.30900002 128.000000 21.723101 127.871231 0.000000 0.000000
3440 0.6995 869.121956 0.000000 1.30900002 128.000000 21.722944 127.869720 0.000000 0.000000
3450 0.7742 869.130503 0.000000 1.30900002 128.000000 21.722786 127.868195 0.000000 0.000000
3460 0.7048 869.139172 0.000000 1.30900002 128.000000 21.722628 127.866730 0.000000 0.000000
3470 0.8300 869.147711 0.000000 1.30900002 128.000000 21.722475 127.865341 0.000000 0.000000
3480 0.7742 869.156157 0.000000 1.30900002 128.000000 21.722332 127.864044 0.000000 0.000000
3490 0.7329 869.164553 0.000000 1.30900002 128.000000 21.722189 127.862778 0.000000 0.000000
3500 0.7323 869.173093 0.000000 1.30900002 128.000000 21.722052 127.861572 0.000000 0.000000
3510 0.8132 869.181658 0.000000 1.30900002 128.000000 21.721914 127.860382 0.000000 0.000000
3520 0.7207 869.190091 0.000000 1.30900002 128.000000 21.721785 127.859299 0.000000 0.000000
3530 0.8163 869.198712 0.000000 1.30900002 128.000000 21.721655 127.858200 0.000000 0.000000
3540 0.7237 869.207157 0.000000 1.30900002 128.000000 21.721531 127.857193 0.000000 0.000000
3550 0.8069 869.215742 0.000000 1.30900002 128.000000 21.721409 127.856186 0.000000 0.000000
3560 0.8293 869.224337 0.000000 1.30900002 128.000000 21.721292 127.855255 0.000000 0.000000
3570 0.7445 869.232838 0.000000 1.30900002 128.000000 21.721180 127.854340 0.000000 0.000000
3580 0.7658 869.241531 0.000000 1.30900002 128.000000 21.721069 127.853470 0.000000 0.000000
3590 0.8960 869.250410 0.000000 1.30900002 128.000000 21.720959 127.852600 0.000000 0.000000
3600 0.8817 869.258994 0.000000 1.30900002 128.000000 21.720856 127.851822 0.000000 0.000000
3610 0.8114 869.267535 0.000000 1.30900002 128.000000 21.720758 127.851051 0.000000 0.000000
3620 0.7658 869.276014 0.000000 1.30900002 128.000000 21.720663 127.850334 0.000000 0.000000
3630 0.8259 869.284481 0.000000 1.30900002 128.000000 21.720570 127.849632 0.000000 0.000000
3640 0.9997 869.293306 0.000000 1.30900002 128.000000 21.720478 127.848953 0.000000 0.000000
3650 1.5124 869.302535 0.000000 1.30900002 128.000000 21.720385 127.848251 0.000000 0.000000
3660 1.4258 869.311038 0.000000 1.30900002 128.000000 21.720303 127.847656 0.000000 0.000000
3670 1.2922 869.319448 0.000000 1.30900002 128.000000 21.720224 127.847076 0.000000 0.000000
3680 0.7394 869.328106 0.000000 1.30900002 128.000000 21.720146 127.846504 0.000000 0.000000
3690 0.7303 869.336549 0.000000 1.30900002 128.000000 21.720074 127.845970 0.000000 0.000000
3700 0.7039 869.345178 0.000000 1.30900002 128.000000 21.720003 127.845459 0.000000 0.000000
3710 0.8500 869.353670 0.000000 1.30900002 128.000000 21.719934 127.844955 0.000000 0.000000
3720 0.7131 869.362082 0.000000 1.30900002 128.000000 21.719868 127.844498 0.000000 0.000000
3730 0.8094 869.370579 0.000000 1.30900002 128.000000 21.719805 127.844040 0.000000 0.000000
3740 0.6748 869.379352 0.000000 1.30900002 128.000000 21.719742 127.843605 0.000000 0.000000
3750 0.7910 869.388005 0.000000 1.30900002 128.000000 21.719681 127.843178 0.000000 0.000000
3760 0.7248 869.396595 0.000000 1.30900002 128.000000 21.719624 127.842773 0.000000 0.000000
3770 0.8249 869.405198 0.000000 1.30900002 128.000000 21.719570 127.842392 0.000000 0.000000
3780 0.8143 869.413842 0.000000 1.30900002 128.000000 21.719517 127.842026 0.000000 0.000000
3790 0.8211 869.422593 0.000000 1.30900002 128.000000 21.719467 127.841667 0.000000 0.000000
3800 0.8774 869.431226 0.000000 1.30900002 128.000000 21.719418 127.841331 0.000000 0.000000
3810 0.7790 869.439768 0.000000 1.30900002 128.000000 21.719372 127.841003 0.000000 0.000000
3820 0.7919 869.448377 0.000000 1.30900002 128.000000 21.719326 127.840698 0.000000 0.000000
3830 0.6773 869.456657 0.000000 1.30900002 128.000000 21.719284 127.840408 0.000000 0.000000
3840 0.7672 869.465356 0.000000 1.30900002 128.000000 21.719240 127.840118 0.000000 0.000000
3850 0.8033 869.473863 0.000000 1.30900002 128.000000 21.719202 127.839859 0.000000 0.000000
3860 0.6972 869.482514 0.000000 1.30900002 128.000000 21.719162 127.839592 0.000000 0.000000
3870 0.7902 869.491274 0.000000 1.30900002 128.000000 21.719128 127.839340 0.000000 0.000000
3880 0.8047 869.499954 0.000000 1.30900002 128.000000 21.719090 127.839096 0.000000 0.000000
3890 0.7319 869.508274 0.000000 1.30900002 128.000000 21.719057 127.838875 0.000000 0.000000
3900 0.7849 869.516775 0.000000 1.30900002 128.000000 21.719025 127.838661 0.000000 0.000000
3910 0.7014 869.525181 0.000000 1.30900002 128.000000 21.718994 127.838455 0.000000 0.000000
3920 0.6874 869.533692 0.000000 1.30900002 128.000000 21.718964 127.838257 0.000000 0.000000
3930 0.8585 869.542483 0.000000 1.30900002 128.000000 21.718935 127.838058 0.000000 0.000000
3940 0.8250 869.551192 0.000000 1.30900002 128.000000 21.718908 127.837875 0.000000 0.000000
3950 1.3947 869.560463 0.000000 1.30900002 128.000000 21.718880 127.837692 0.000000 0.000000
3960 1.5805 869.569079 0.000000 1.30900002 128.000000 21.718855 127.837517 0.000000 0.000000
3970 1.5311 869.577625 0.000000 1.30900002 128.000000 21.718830 127.837357 0.000000 0.000000
3980 1.1305 869.586132 0.000000 1.30900002 128.000000 21.718807 127.837204 0.000000 0.000000
3990 0.9108 869.594718 0.000000 1.30900002 128.000000 21.718784 127.837051 0.000000 0.000000
4000 0.7910 869.603319 0.000000 1.30900002 128.000000 21.718763 127.836914 0.000000 0.000000
4010 0.7461 869.611736 0.000000 1.30900002 128.000000 21.718742 127.836777 0.000000 0.000000
4020 0.7981 869.620215 0.000000 1.30900002 128.000000 21.718723 127.836655 0.000000 0.000000
4030 0.8044 869.628793 0.000000 1.30900002 128.000000 21.718704 127.836517 0.000000 0.000000
4040 0.6579 869.637395 0.000000 1.30900002 128.000000 21.718685 127.836403 0.000000 0.000000
4050 0.7359 869.646085 0.000000 1.30900002 128.000000 21.718666 127.836288 0.000000 0.000000
4060 0.7239 869.654621 0.000000 1.30900002 128.000000 21.718653 127.836182 0.000000 0.000000
4070 0.7157 869.663015 0.000000 1.30900002 128.000000 21.718636 127.836075 0.000000 0.000000
4080 0.7460 869.671472 0.000000 1.30900002 128.000000 21.718620 127.835968 0.000000 0.000000
4090 0.7676 869.679773 0.000000 1.30900002 128.000000 21.718605 127.835876 0.000000 0.000000
4100 0.7819 869.688514 0.000000 1.30900002 128.000000 21.718592 127.835785 0.000000 0.000000
4110 0.8743 869.697073 0.000000 1.30900002 128.000000 21.718578 127.835693 0.000000 0.000000
4120 0.8241 869.705478 0.000000 1.30900002 128.000000 21.718565 127.835625 0.000000 0.000000
4130 0.8732 869.714278 0.000000 1.30900002 128.000000 21.718552 127.835533 0.000000 0.000000
4140 0.7339 869.722861 0.000000 1.30900002 128.000000 21.718538 127.835449 0.000000 0.000000
4150 0.7204 869.731434 0.000000 1.30900002 128.000000 21.718527 127.835381 0.000000 0.000000
4160 0.7309 869.740037 0.000000 1.30900002 128.000000 21.718517 127.835304 0.000000 0.000000
4170 0.7716 869.748810 0.000000 1.30900002 128.000000 21.718506 127.835236 0.000000 0.000000
4180 1.0053 869.757496 0.000000 1.30900002 128.000000 21.718498 127.835167 0.000000 0.000000
4190 0.8396 869.765966 0.000000 1.30900002 128.000000 21.718489 127.835106 0.000000 0.000000
4200 0.7630 869.774283 0.000000 1.30900002 128.000000 21.718479 127.835052 0.000000 0.000000
4210 0.6892 869.782836 0.000000 1.30900002 128.000000 21.718468 127.834984 0.000000 0.000000
4220 0.7518 869.791599 0.000000 1.30900002 128.000000 21.718460 127.834930 0.000000 0.000000
4230 0.7862 869.800425 0.000000 1.30900002 128.000000 21.718452 127.834885 0.000000 0.000000
4240 0.7300 869.808965 0.000000 1.30900002 128.000000 21.718445 127.834831 0.000000 0.000000
4250 0.7986 869.817909 0.000000 1.30900002 128.000000 21.718435 127.834770 0.000000 0.000000
4260 0.9965 869.827033 0.000000 1.30900002 128.000000 21.718430 127.834732 0.000000 0.000000
4270 0.8557 869.836516 0.000000 1.30900002 128.000000 21.718420 127.834679 0.000000 0.000000
4280 0.8654 869.845205 0.000000 1.30900002 128.000000 21.718414 127.834633 0.000000 0.000000
4290 0.8323 869.853707 0.000000 1.30900002 128.000000 21.718407 127.834595 0.000000 0.000000
4300 1.4647 869.862232 0.000000 1.30900002 128.000000 21.718401 127.834564 0.000000 0.000000
4310 1.0817 869.870676 0.000000 1.30900002 128.000000 21.718395 127.834518 0.000000 0.000000
4320 0.6896 869.879607 0.000000 1.30900002 128.000000 21.718391 127.834480 0.000000 0.000000
4330 0.8438 869.888264 0.000000 1.30900002 128.000000 21.718384 127.834442 0.000000 0.000000
4340 0.8716 869.897027 0.000000 1.30900002 128.000000 21.718380 127.834419 0.000000 0.000000
4350 0.7563 869.905615 0.000000 1.30900002 128.000000 21.718376 127.834381 0.000000 0.000000
4360 0.7296 869.914128 0.000000 1.30900002 128.000000 21.718369 127.834351 0.000000 0.000000
4370 0.7294 869.922487 0.000000 1.30900002 128.000000 21.718367 127.834320 0.000000 0.000000
4380 0.6998 869.931065 0.000000 1.30900002 128.000000 21.718361 127.834297 0.000000 0.000000
4390 0.7152 869.939977 0.000000 1.30900002 128.000000 21.718359 127.834274 0.000000 0.000000
4400 0.7271 869.948554 0.000000 1.30900002 128.000000 21.718353 127.834251 0.000000 0.000000
4410 0.8673 869.957392 0.000000 1.30900002 128.000000 21.718349 127.834221 0.000000 0.000000
4420 0.6950 869.965888 0.000000 1.30900002 128.000000 21.718346 127.834198 0.000000 0.000000
4430 0.8558 869.974263 0.000000 1.30900002 128.000000 21.718342 127.834175 0.000000 0.000000
4440 0.7411 869.982803 0.000000 1.30900002 128.000000 21.718340 127.834152 0.000000 0.000000
4450 0.7514 869.991219 0.000000 1.30900002 128.000000 21.718338 127.834137 0.000000 0.000000
4460 0.6007 869.999744 0.000000 1.30900002 128.000000 21.718334 127.834114 0.000000 0.000000
4470 0.6830 870.008382 0.000000 1.30900002 128.000000 21.718330 127.834091 0.000000 0.000000
4480 0.8663 870.017018 0.000000 1.30900002 128.000000 21.718328 127.834084 0.000000 0.000000
4490 0.7826 870.025742 0.000000 1.30900002 128.000000 21.718327 127.834061 0.000000 0.000000
4500 0.8306 870.034451 0.000000 1.30900002 128.000000 21.718323 127.834045 0.000000 0.000000
4510 0.9509 870.043281 0.000000 1.30900002 128.000000 21.718319 127.834030 0.000000 0.000000
4520 1.3901 870.052212 0.000000 1.30900002 128.000000 21.718317 127.834015 0.000000 0.000000
4530 1.4164 870.060863 0.000000 1.30900002 128.000000 21.718315 127.834000 0.000000 0.000000
4540 1.3527 870.069435 0.000000 1.30900002 128.000000 21.718313 127.833992 0.000000 0.000000
4550 1.5764 870.077953 0.000000 1.30900002 128.000000 21.718311 127.833977 0.000000 0.000000
4560 0.7722 870.086700 0.000000 1.30900002 128.000000 21.718309 127.833961 0.000000 0.000000
4570 0.6862 870.095508 0.000000 1.30900002 128.000000 21.718307 127.833946 0.000000 0.000000
4580 0.7762 870.104078 0.000000 1.30900002 128.000000 21.718306 127.833923 0.000000 0.000000
4590 0.9031 870.112856 0.000000 1.30900002 128.000000 21.718304 127.833923 0.000000 0.000000
4600 0.7322 870.121145 0.000000 1.30900002 128.000000 21.718304 127.833908 0.000000 0.000000
4610 0.8958 870.129828 0.000000 1.30900002 128.000000 21.718302 127.833900 0.000000 0.000000
4620 0.7327 870.138435 0.000000 1.30900002 128.000000 21.718300 127.833893 0.000000 0.000000
4630 0.7368 870.147054 0.000000 1.30900002 128.000000 21.718296 127.833885 0.000000 0.000000
4640 0.8732 870.155404 0.000000 1.30900002 128.000000 21.718296 127.833878 0.000000 0.000000
4650 0.8192 870.163918 0.000000 1.30900002 128.000000 21.718294 127.833862 0.000000 0.000000
4660 0.7526 870.172314 0.000000 1.30900002 128.000000 21.718294 127.833855 0.000000 0.000000
4670 0.7415 870.181061 0.000000 1.30900002 128.000000 21.718292 127.833847 0.000000 0.000000
4680 0.6945 870.189633 0.000000 1.30900002 128.000000 21.718292 127.833839 0.000000 0.000000
4690 0.8130 870.198202 0.000000 1.30900002 128.000000 21.718290 127.833832 0.000000 0.000000
4700 0.8696 870.206858 0.000000 1.30900002 128.000000 21.718290 127.833832 0.000000 0.000000
4710 0.6917 870.215252 0.000000 1.30900002 128.000000 21.718290 127.833824 0.000000 0.000000
4720 0.7428 870.223637 0.000000 1.30900002 128.000000 21.718288 127.833817 0.000000 0.000000
4730 0.7270 870.232150 0.000000 1.30900002 128.000000 21.718287 127.833817 0.000000 0.000000
4740 0.9115 870.240835 0.000000 1.30900002 128.000000 21.718285 127.833809 0.000000 0.000000
4750 0.8453 870.249446 0.000000 1.30900002 128.000000 21.718285 127.833801 0.000000 0.000000
4760 0.8253 870.257899 0.000000 1.30900002 128.000000 21.718285 127.833794 0.000000 0.000000
4770 0.8188 870.266591 0.000000 1.30900002 128.000000 21.718283 127.833786 0.000000 0.000000
4780 0.6805 870.275026 0.000000 1.30900002 128.000000 21.718281 127.833786 0.000000 0.000000
4790 0.6899 870.283632 0.000000 1.30900002 128.000000 21.718283 127.833778 0.000000 0.000000
4800 0.8417 870.292401 0.000000 1.30900002 128.000000 21.718281 127.833771 0.000000 0.000000
4810 0.7782 870.301185 0.000000 1.30900002 128.000000 21.718281 127.833771 0.000000 0.000000
4820 0.9019 870.310046 0.000000 1.30900002 128.000000 21.718279 127.833763 0.000000 0.000000
4830 1.5003 870.319196 0.000000 1.30900002 128.000000 21.718279 127.833755 0.000000 0.000000
4840 1.5915 870.327929 0.000000 1.30900002 128.000000 21.718277 127.833755 0.000000 0.000000
4850 0.8830 870.336443 0.000000 1.30900002 128.000000 21.718277 127.833763 0.000000 0.000000
4860 0.7044 870.345085 0.000000 1.30900002 128.000000 21.718277 127.833748 0.000000 0.000000
4870 0.7582 870.353626 0.000000 1.30900002 128.000000 21.718277 127.833740 0.000000 0.000000
4880 0.6950 870.362216 0.000000 1.30900002 128.000000 21.718277 127.833740 0.000000 0.000000
4890 0.7444 870.370689 0.000000 1.30900002 128.000000 21.718275 127.833733 0.000000 0.000000
4900 0.7827 870.379346 0.000000 1.30900002 128.000000 21.718275 127.833733 0.000000 0.000000
4910 0.7987 870.388170 0.000000 1.30900002 128.000000 21.718273 127.833725 0.000000 0.000000
4920 0.8426 870.396622 0.000000 1.30900002 128.000000 21.718273 127.833733 0.000000 0.000000
4930 0.7951 870.405293 0.000000 1.30900002 128.000000 21.718273 127.833725 0.000000 0.000000
4940 0.7659 870.413934 0.000000 1.30900002 128.000000 21.718273 127.833725 0.000000 0.000000
4950 0.6647 870.422468 0.000000 1.30900002 128.000000 21.718273 127.833725 0.000000 0.000000
4960 0.7075 870.431150 0.000000 1.30900002 128.000000 21.718271 127.833725 0.000000 0.000000
4970 0.7354 870.439485 0.000000 1.30900002 128.000000 21.718269 127.833725 0.000000 0.000000
4980 0.6823 870.447874 0.000000 1.30900002 128.000000 21.718269 127.833725 0.000000 0.000000
4990 0.7253 870.456502 0.000000 1.30900002 128.000000 21.718273 127.833725 0.000000 0.000000
5000 0.7300 870.465218 0.000000 1.30900002 128.000000 21.718271 127.833725 0.000000 0.000000
5010 0.7667 870.473784 0.000000 1.30900002 128.000000 21.718269 127.833710 0.000000 0.000000
5020 0.8194 870.482477 0.000000 1.30900002 128.000000 21.718269 127.833710 0.000000 0.000000
5030 0.7548 870.490872 0.000000 1.30900002 128.000000 21.718269 127.833710 0.000000 0.000000
5040 0.7942 870.499420 0.000000 1.30900002 128.000000 21.718269 127.833710 0.000000 0.000000
5050 0.5993 870.508078 0.000000 1.30900002 128.000000 21.718269 127.833710 0.000000 0.000000
5060 0.8158 870.516883 0.000000 1.30900002 128.000000 21.718269 127.833702 0.000000 0.000000
5070 0.7765 870.525271 0.000000 1.30900002 128.000000 21.718269 127.833694 0.000000 0.000000
5080 0.8721 870.533919 0.000000 1.30900002 128.000000 21.718269 127.833702 0.000000 0.000000
5090 0.8167 870.542477 0.000000 1.30900002 128.000000 21.718269 127.833710 0.000000 0.000000
5100 0.8530 870.550892 0.000000 1.30900002 128.000000 21.718269 127.833702 0.000000 0.000000
5110 0.8437 870.559553 0.000000 1.30900002 128.000000 21.718269 127.833694 0.000000 0.000000
5120 1.1830 870.568411 0.000000 1.30900002 128.000000 21.718267 127.833687 0.000000 0.000000
5130 0.8760 870.576723 0.000000 1.30900002 128.000000 21.718267 127.833694 0.000000 0.000000
5140 1.5919 870.585932 0.000000 1.30900002 128.000000 21.718267 127.833687 0.000000 0.000000
5150 1.3316 870.594503 0.000000 1.30900002 128.000000 21.718267 127.833694 0.000000 0.000000
5160 0.8071 870.602910 0.000000 1.30900002 128.000000 21.718266 127.833687 0.000000 0.000000
5170 1.5543 870.611475 0.000000 1.30900002 128.000000 21.718267 127.833694 0.000000 0.000000
5180 1.0167 870.619855 0.000000 1.30900002 128.000000 21.718269 127.833694 0.000000 0.000000
5190 1.5577 870.628397 0.000000 1.30900002 128.000000 21.718267 127.833694 0.000000 0.000000
5200 1.0744 870.636770 0.000000 1.30900002 128.000000 21.718269 127.833687 0.000000 0.000000
5210 1.5990 870.645369 0.000000 1.30900002 128.000000 21.718267 127.833687 0.000000 0.000000
5220 0.7043 870.653920 0.000000 1.30900002 128.000000 21.718269 127.833694 0.000000 0.000000
5230 1.1000 870.662389 0.000000 1.30900002 128.000000 21.718267 127.833679 0.000000 0.000000
5240 0.7441 870.670854 0.000000 1.30900002 128.000000 21.718267 127.833679 0.000000 0.000000
5250 0.7909 870.679432 0.000000 1.30900002 128.000000 21.718266 127.833679 0.000000 0.000000
5260 0.6934 870.687827 0.000000 1.30900002 128.000000 21.718266 127.833679 0.000000 0.000000
5270 0.7197 870.696339 0.000000 1.30900002 128.000000 21.718266 127.833687 0.000000 0.000000
5280 0.7230 870.704853 0.000000 1.30900002 128.000000 21.718266 127.833679 0.000000 0.000000
5290 0.6778 870.713397 0.000000 1.30900002 128.000000 21.718266 127.833687 0.000000 0.000000
5300 0.7186 870.721967 0.000000 1.30900002 128.000000 21.718266 127.833679 0.000000 0.000000
5310 0.7001 870.730526 0.000000 1.30900002 128.000000 21.718266 127.833679 0.000000 0.000000
5320 0.7263 870.738960 0.000000 1.30900002 128.000000 21.718266 127.833679 0.000000 0.000000
5330 0.6316 870.747309 0.000000 1.30900002 128.000000 21.718266 127.833679 0.000000 0.000000
5340 0.7196 870.755784 0.000000 1.30900002 128.000000 21.718266 127.833679 0.000000 0.000000
5350 0.6974 870.764224 0.000000 1.30900002 128.000000 21.718266 127.833679 0.000000 0.000000
5360 0.7014 870.772712 0.000000 1.30900002 128.000000 21.718266 127.833679 0.000000 0.000000
5370 0.8578 870.781237 0.000000 1.30900002 128.000000 21.718266 127.833679 0.000000 0.000000
5380 0.8307 870.789677 0.000000 1.30900002 128.000000 21.718266 127.833672 0.000000 0.000000
5390 0.8160 870.798085 0.000000 1.30900002 128.000000 21.718266 127.833679 0.000000 0.000000
5400 0.7450 870.806548 0.000000 1.30900002 128.000000 21.718266 127.833679 0.000000 0.000000
5410 0.7255 870.815148 0.000000 1.30900002 128.000000 21.718266 127.833679 0.000000 0.000000
5420 0.6821 870.823637 0.000000 1.30900002 128.000000 21.718266 127.833687 0.000000 0.000000
5430 0.8998 870.832457 0.000000 1.30900002 128.000000 21.718266 127.833679 0.000000 0.000000
5440 0.8675 870.840813 0.000000 1.30900002 128.000000 21.718266 127.833679 0.000000 0.000000
5450 0.8995 870.849517 0.000000 1.30900002 128.000000 21.718266 127.833679 0.000000 0.000000
5460 0.7879 870.857994 0.000000 1.30900002 128.000000 21.718266 127.833687 0.000000 0.000000
5470 0.7058 870.866501 0.000000 1.30900002 128.000000 21.718266 127.833679 0.000000 0.000000
5480 0.7017 870.874878 0.000000 1.30900002 128.000000 21.718266 127.833679 0.000000 0.000000
5490 0.7020 870.883621 0.000000 1.30900002 128.000000 21.718266 127.833679 0.000000 0.000000
5500 0.7103 870.892229 0.000000 1.30900002 128.000000 21.718266 127.833679 0.000000 0.000000
5510 0.9512 870.901000 0.000000 1.30900002 128.000000 21.718267 127.833679 0.000000 0.000000
5520 0.8610 870.909589 0.000000 1.30900002 128.000000 21.718266 127.833679 0.000000 0.000000
5530 0.8949 870.918223 0.000000 1.30900002 128.000000 21.718266 127.833664 0.000000 0.000000
5540 1.4909 870.927492 0.000000 1.30900002 128.000000 21.718266 127.833664 0.000000 0.000000
5550 1.4131 870.936012 0.000000 1.30900002 128.000000 21.718266 127.833672 0.000000 0.000000
5560 1.4879 870.944691 0.000000 1.30900002 128.000000 21.718266 127.833672 0.000000 0.000000
5570 0.7235 870.953185 0.000000 1.30900002 128.000000 21.718266 127.833672 0.000000 0.000000
5580 0.9362 870.961666 0.000000 1.30900002 128.000000 21.718266 127.833664 0.000000 0.000000
5590 0.7142 870.970133 0.000000 1.30900002 128.000000 21.718266 127.833672 0.000000 0.000000
5600 0.7961 870.978747 0.000000 1.30900002 128.000000 21.718264 127.833672 0.000000 0.000000
5610 0.8816 870.987477 0.000000 1.30900002 128.000000 21.718266 127.833664 0.000000 0.000000
5620 0.8224 870.995986 0.000000 1.30900002 128.000000 21.718266 127.833672 0.000000 0.000000
5630 0.7128 871.004445 0.000000 1.30900002 128.000000 21.718264 127.833679 0.000000 0.000000
5640 0.8963 871.013094 0.000000 1.30900002 128.000000 21.718266 127.833679 0.000000 0.000000
5650 0.8627 871.021708 0.000000 1.30900002 128.000000 21.718264 127.833672 0.000000 0.000000
5660 0.7278 871.030387 0.000000 1.30900002 128.000000 21.718264 127.833672 0.000000 0.000000
5670 0.8662 871.039348 0.000000 1.30900002 128.000000 21.718266 127.833679 0.000000 0.000000
5680 0.7315 871.047667 0.000000 1.30900002 128.000000 21.718262 127.833672 0.000000 0.000000
5690 0.8731 871.056270 0.000000 1.30900002 128.000000 21.718264 127.833672 0.000000 0.000000
5700 0.8968 871.065257 0.000000 1.30900002 128.000000 21.718264 127.833672 0.000000 0.000000
5710 0.8204 871.073730 0.000000 1.30900002 128.000000 21.718264 127.833672 0.000000 0.000000
5720 0.7048 871.082485 0.000000 1.30900002 128.000000 21.718264 127.833672 0.000000 0.000000
5730 0.7490 871.090942 0.000000 1.30900002 128.000000 21.718266 127.833672 0.000000 0.000000
5740 0.7773 871.099446 0.000000 1.30900002 128.000000 21.718264 127.833672 0.000000 0.000000
5750 0.8455 871.108058 0.000000 1.30900002 128.000000 21.718264 127.833664 0.000000 0.000000
5760 0.7207 871.116756 0.000000 1.30900002 128.000000 21.718264 127.833664 0.000000 0.000000
5770 0.7536 871.125481 0.000000 1.30900002 128.000000 21.718264 127.833672 0.000000 0.000000
5780 0.8519 871.134249 0.000000 1.30900002 128.000000 21.718262 127.833664 0.000000 0.000000
5790 0.8240 871.143008 0.000000 1.30900002 128.000000 21.718264 127.833664 0.000000 0.000000
5800 1.4390 871.152303 0.000000 1.30900002 128.000000 21.718262 127.833672 0.000000 0.000000
5810 1.3214 871.160502 0.000000 1.30900002 128.000000 21.718264 127.833664 0.000000 0.000000
5820 1.3736 871.168693 0.000000 1.30900002 128.000000 21.718264 127.833672 0.000000 0.000000
5830 1.4597 871.177449 0.000000 1.30900002 128.000000 21.718264 127.833679 0.000000 0.000000
5840 1.5354 871.185814 0.000000 1.30900002 128.000000 21.718264 127.833672 0.000000 0.000000
5850 1.5038 871.194426 0.000000 1.30900002 128.000000 21.718264 127.833672 0.000000 0.000000
5860 1.1270 871.202864 0.000000 1.30900002 128.000000 21.718264 127.833679 0.000000 0.000000
5870 1.1048 871.211377 0.000000 1.30900002 128.000000 21.718264 127.833672 0.000000 0.000000
5880 0.7077 871.220034 0.000000 1.30900002 128.000000 21.718264 127.833672 0.000000 0.000000
5890 0.7144 871.228696 0.000000 1.30900002 128.000000 21.718264 127.833679 0.000000 0.000000
5900 0.8695 871.237423 0.000000 1.30900002 128.000000 21.718264 127.833672 0.000000 0.000000
5910 0.7343 871.245871 0.000000 1.30900002 128.000000 21.718264 127.833664 0.000000 0.000000
5920 0.8010 871.254488 0.000000 1.30900002 128.000000 21.718264 127.833672 0.000000 0.000000
5930 0.8732 871.263358 0.000000 1.30900002 128.000000 21.718262 127.833672 0.000000 0.000000
5940 0.6812 871.271937 0.000000 1.30900002 128.000000 21.718264 127.833672 0.000000 0.000000
5950 0.7132 871.280606 0.000000 1.30900002 128.000000 21.718264 127.833679 0.000000 0.000000
5960 0.7419 871.289072 0.000000 1.30900002 128.000000 21.718264 127.833672 0.000000 0.000000
5970 0.7638 871.297850 0.000000 1.30900002 128.000000 21.718264 127.833672 0.000000 0.000000
5980 0.7862 871.306499 0.000000 1.30900002 128.000000 21.718262 127.833664 0.000000 0.000000
5990 0.7160 871.315104 0.000000 1.30900002 128.000000 21.718264 127.833679 0.000000 0.000000
6000 0.7589 871.323483 0.000000 1.30900002 128.000000 21.718262 127.833664 0.000000 0.000000
6010 0.6931 871.331987 0.000000 1.30900002 128.000000 21.718264 127.833672 0.000000 0.000000
6020 0.9265 871.340818 0.000000 1.30900002 128.000000 21.718264 127.833664 0.000000 0.000000
6030 0.8569 871.349544 0.000000 1.30900002 128.000000 21.718264 127.833672 0.000000 0.000000
6040 0.5856 871.358055 0.000000 1.30900002 128.000000 21.718266 127.833679 0.000000 0.000000
6050 0.8163 871.366769 0.000000 1.30900002 128.000000 21.718264 127.833672 0.000000 0.000000
6060 0.7870 871.375494 0.000000 1.30900002 128.000000 21.718264 127.833679 0.000000 0.000000
6070 0.8126 871.384283 0.000000 1.30900002 128.000000 21.718264 127.833672 0.000000 0.000000
6080 0.8020 871.392862 0.000000 1.30900002 128.000000 21.718264 127.833664 0.000000 0.000000
6090 0.9185 871.401204 0.000000 1.30900002 128.000000 21.718264 127.833672 0.000000 0.000000
6100 1.1637 871.410284 0.000000 1.30900002 128.000000 21.718264 127.833672 0.000000 0.000000
6110 1.5377 871.419245 0.000000 1.30900002 128.000000 21.718264 127.833664 0.000000 0.000000
6120 1.5467 871.428045 0.000000 1.30900002 128.000000 21.718264 127.833679 0.000000 0.000000
6130 0.6910 871.436642 0.000000 1.30900002 128.000000 21.718264 127.833672 0.000000 0.000000
6140 0.7097 871.445311 0.000000 1.30900002 128.000000 21.718264 127.833664 0.000000 0.000000
6150 0.8359 871.453981 0.000000 1.30900002 128.000000 21.718264 127.833672 0.000000 0.000000
6160 0.9227 871.462695 0.000000 1.30900002 128.000000 21.718264 127.833672 0.000000 0.000000
6170 0.7664 871.471080 0.000000 1.30900002 128.000000 21.718264 127.833679 0.000000 0.000000
6180 0.7162 871.479729 0.000000 1.30900002 128.000000 21.718262 127.833672 0.000000 0.000000
6190 0.8223 871.488480 0.000000 1.30900002 128.000000 21.718264 127.833664 0.000000 0.000000
6200 0.6884 871.497115 0.000000 1.30900002 128.000000 21.718264 127.833672 0.000000 0.000000
6210 0.7753 871.505458 0.000000 1.30900002 128.000000 21.718264 127.833664 0.000000 0.000000
6220 0.6933 871.514016 0.000000 1.30900002 128.000000 21.718264 127.833672 0.000000 0.000000
6230 0.7091 871.522576 0.000000 1.30900002 128.000000 21.718264 127.833672 0.000000 0.000000
6240 0.7833 871.531179 0.000000 1.30900002 128.000000 21.718264 127.833679 0.000000 0.000000
6250 0.7160 871.539648 0.000000 1.30900002 128.000000 21.718264 127.833679 0.000000 0.000000
6260 0.7677 871.548267 0.000000 1.30900002 128.000000 21.718264 127.833672 0.000000 0.000000
6270 0.7196 871.556533 0.000000 1.30900002 128.000000 21.718264 127.833672 0.000000 0.000000
6280 0.7134 871.564975 0.000000 1.30900002 128.000000 21.718264 127.833672 0.000000 0.000000
6290 0.8699 871.573375 0.000000 1.30900002 128.000000 21.718264 127.833664 0.000000 0.000000
6300 0.7717 871.581978 0.000000 1.30900002 128.000000 21.718264 127.833672 0.000000 0.000000
6310 0.8041 871.590405 0.000000 1.30900002 128.000000 21.718266 127.833679 0.000000 0.000000
6320 0.7856 871.599046 0.000000 1.30900002 128.000000 21.718264 127.833672 0.000000 0.000000
6330 0.6808 871.607219 0.000000 1.30900002 128.000000 21.718264 127.833679 0.000000 0.000000
6340 0.8265 871.616161 0.000000 1.30900002 128.000000 21.718264 127.833672 0.000000 0.000000
6350 0.5739 871.624727 0.000000 1.30900002 128.000000 21.718264 127.833664 0.000000 0.000000
6360 0.8460 871.633649 0.000000 1.30900002 128.000000 21.718264 127.833664 0.000000 0.000000
6370 0.8345 871.642540 0.000000 1.30900002 128.000000 21.718264 127.833679 0.000000 0.000000
6380 0.8086 871.651166 0.000000 1.30900002 128.000000 21.718264 127.833679 0.000000 0.000000
6390 0.8510 871.659858 0.000000 1.30900002 128.000000 21.718264 127.833672 0.000000 0.000000
6400 1.5800 871.669129 0.000000 1.30900002 128.000000 21.718266 127.833679 0.000000 0.000000
6410 1.5077 871.677836 0.000000 1.30900002 128.000000 21.718264 127.833664 0.000000 0.000000
6420 0.7680 871.686243 0.000000 1.30900002 128.000000 21.718264 127.833672 0.000000 0.000000
6430 0.8031 871.694671 0.000000 1.30900002 128.000000 21.718264 127.833672 0.000000 0.000000
6440 0.7486 871.702969 0.000000 1.30900002 128.000000 21.718264 127.833672 0.000000 0.000000
6450 0.9283 871.711618 0.000000 1.30900002 128.000000 21.718264 127.833679 0.000000 0.000000
6460 0.7230 871.720163 0.000000 1.30900002 128.000000 21.718266 127.833679 0.000000 0.000000
6470 0.7302 871.728780 0.000000 1.30900002 128.000000 21.718264 127.833679 0.000000 0.000000
6480 0.7702 871.737476 0.000000 1.30900002 128.000000 21.718264 127.833672 0.000000 0.000000
6490 0.9104 871.746015 0.000000 1.30900002 128.000000 21.718264 127.833672 0.000000 0.000000
6500 0.7274 871.754616 0.000000 1.30900002 128.000000 21.718262 127.833664 0.000000 0.000000
6510 0.7253 871.763274 0.000000 1.30900002 128.000000 21.718266 127.833672 0.000000 0.000000
6520 0.7198 871.771777 0.000000 1.30900002 128.000000 21.718264 127.833672 0.000000 0.000000
6530 0.7468 871.780367 0.000000 1.30900002 128.000000 21.718264 127.833672 0.000000 0.000000
6540 0.8432 871.788845 0.000000 1.30900002 128.000000 21.718264 127.833679 0.000000 0.000000
6550 0.7367 871.797159 0.000000 1.30900002 128.000000 21.718264 127.833672 0.000000 0.000000
6560 0.8800 871.805846 0.000000 1.30900002 128.000000 21.718262 127.833664 0.000000 0.000000
6570 0.7342 871.814234 0.000000 1.30900002 128.000000 21.718264 127.833672 0.000000 0.000000
6580 0.8743 871.822794 0.000000 1.30900002 128.000000 21.718264 127.833679 0.000000 0.000000
6590 0.7501 871.831333 0.000000 1.30900002 128.000000 21.718264 127.833672 0.000000 0.000000
6600 0.8565 871.839988 0.000000 1.30900002 128.000000 21.718266 127.833672 0.000000 0.000000
6610 0.6957 871.848681 0.000000 1.30900002 128.000000 21.718264 127.833672 0.000000 0.000000
6620 0.6702 871.857461 0.000000 1.30900002 128.000000 21.718266 127.833672 0.000000 0.000000
6630 0.8235 871.866178 0.000000 1.30900002 128.000000 21.718264 127.833672 0.000000 0.000000
6640 0.6653 871.874835 0.000000 1.30900002 128.000000 21.718264 127.833672 0.000000 0.000000
6650 0.9860 871.883535 0.000000 1.30900002 128.000000 21.718264 127.833672 0.000000 0.000000
6660 0.8429 871.892096 0.000000 1.30900002 128.000000 21.718264 127.833672 0.000000 0.000000
6670 0.7953 871.900585 0.000000 1.30900002 128.000000 21.718264 127.833672 0.000000 0.000000
6680 0.7838 871.909145 0.000000 1.30900002 128.000000 21.718264 127.833664 0.000000 0.000000
6690 0.8461 871.917720 0.000000 1.30900002 128.000000 21.718264 127.833672 0.000000 0.000000
6700 0.8655 871.926416 0.000000 1.30900002 128.000000 21.718264 127.833679 0.000000 0.000000
6710 1.4176 871.935391 0.000000 1.30900002 128.000000 21.718264 127.833672 0.000000 0.000000
6720 1.3392 871.943862 0.000000 1.30900002 128.000000 21.718264 127.833664 0.000000 0.000000
6730 1.5460 871.952673 0.000000 1.30900002 128.000000 21.718264 127.833672 0.000000 0.000000
6740 1.5130 871.961308 0.000000 1.30900002 128.000000 21.718264 127.833664 0.000000 0.000000
6750 0.8375 871.969716 0.000000 1.30900002 128.000000 21.718266 127.833672 0.000000 0.000000
6760 0.8552 871.978124 0.000000 1.30900002 128.000000 21.718264 127.833672 0.000000 0.000000
6770 0.7444 871.986674 0.000000 1.30900002 128.000000 21.718266 127.833672 0.000000 0.000000
6780 0.7190 871.995278 0.000000 1.30900002 128.000000 21.718264 127.833679 0.000000 0.000000
6790 0.6899 872.003694 0.000000 1.30900002 128.000000 21.718266 127.833679 0.000000 0.000000
6800 0.7016 872.012197 0.000000 1.30900002 128.000000 21.718264 127.833679 0.000000 0.000000
6810 0.8309 872.020684 0.000000 1.30900002 128.000000 21.718264 127.833672 0.000000 0.000000
6820 0.8138 872.029235 0.000000 1.30900002 128.000000 21.718264 127.833672 0.000000 0.000000
6830 0.8362 872.037614 0.000000 1.30900002 128.000000 21.718262 127.833664 0.000000 0.000000
6840 0.8817 872.046417 0.000000 1.30900002 128.000000 21.718264 127.833672 0.000000 0.000000
6850 0.7994 872.054919 0.000000 1.30900002 128.000000 21.718262 127.833664 0.000000 0.000000
6860 0.7577 872.063422 0.000000 1.30900002 128.000000 21.718262 127.833672 0.000000 0.000000
6870 0.8231 872.071794 0.000000 1.30900002 128.000000 21.718264 127.833679 0.000000 0.000000
6880 0.8524 872.080326 0.000000 1.30900002 128.000000 21.718264 127.833672 0.000000 0.000000
6890 0.7288 872.088739 0.000000 1.30900002 128.000000 21.718264 127.833672 0.000000 0.000000
6900 0.7833 872.097516 0.000000 1.30900002 128.000000 21.718264 127.833664 0.000000 0.000000
6910 0.7357 872.105935 0.000000 1.30900002 128.000000 21.718266 127.833679 0.000000 0.000000
6920 0.7386 872.114466 0.000000 1.30900002 128.000000 21.718264 127.833679 0.000000 0.000000
6930 0.8847 872.123070 0.000000 1.30900002 128.000000 21.718264 127.833664 0.000000 0.000000
6940 0.7029 872.131512 0.000000 1.30900002 128.000000 21.718264 127.833672 0.000000 0.000000
6950 0.8027 872.140115 0.000000 1.30900002 128.000000 21.718264 127.833664 0.000000 0.000000
6960 0.8624 872.148638 0.000000 1.30900002 128.000000 21.718264 127.833672 0.000000 0.000000
6970 0.8459 872.157138 0.000000 1.30900002 128.000000 21.718262 127.833664 0.000000 0.000000
6980 0.9815 872.165796 0.000000 1.30900002 128.000000 21.718264 127.833672 0.000000 0.000000
6990 0.7199 872.174164 0.000000 1.30900002 128.000000 21.718264 127.833672 0.000000 0.000000
7000 0.9226 872.182922 0.000000 1.30900002 128.000000 21.718264 127.833672 0.000000 0.000000
7010 0.8551 872.191624 0.000000 1.30900002 128.000000 21.718264 127.833672 0.000000 0.000000
7020 0.7208 872.200047 0.000000 1.30900002 128.000000 21.718264 127.833672 0.000000 0.000000
7030 0.8145 872.208532 0.000000 1.30900002 128.000000 21.718264 127.833672 0.000000 0.000000
7040 0.7290 872.216933 0.000000 1.30900002 128.000000 21.718264 127.833672 0.000000 0.000000
7050 0.7490 872.225458 0.000000 1.30900002 128.000000 21.718264 127.833679 0.000000 0.000000
7060 0.8132 872.234097 0.000000 1.30900002 128.000000 21.718264 127.833672 0.000000 0.000000
7070 0.8315 872.242616 0.000000 1.30900002 128.000000 21.718264 127.833679 0.000000 0.000000
7080 0.8372 872.251017 0.000000 1.30900002 128.000000 21.718264 127.833672 0.000000 0.000000
7090 1.3568 872.260269 0.000000 1.30900002 128.000000 21.718264 127.833672 0.000000 0.000000
7100 1.5885 872.269342 0.000000 1.30900002 128.000000 21.718264 127.833672 0.000000 0.000000
7110 1.4945 872.277889 0.000000 1.30900002 128.000000 21.718264 127.833672 0.000000 0.000000
7120 1.1207 872.286300 0.000000 1.30900002 128.000000 21.718264 127.833672 0.000000 0.000000
7130 0.7266 872.294885 0.000000 1.30900002 128.000000 21.718264 127.833664 0.000000 0.000000
7140 0.7616 872.303518 0.000000 1.30900002 128.000000 21.718266 127.833672 0.000000 0.000000
7150 0.7091 872.311903 0.000000 1.30900002 128.000000 21.718264 127.833672 0.000000 0.000000
7160 0.7522 872.320332 0.000000 1.30900002 128.000000 21.718262 127.833664 0.000000 0.000000
7170 0.7587 872.328927 0.000000 1.30900002 128.000000 21.718264 127.833679 0.000000 0.000000
7180 0.7305 872.337432 0.000000 1.30900002 128.000000 21.718266 127.833672 0.000000 0.000000
7190 0.7530 872.346074 0.000000 1.30900002 128.000000 21.718264 127.833664 0.000000 0.000000
7200 0.7077 872.354589 0.000000 1.30900002 128.000000 21.718264 127.833664 0.000000 0.000000
7210 0.8583 872.363238 0.000000 1.30900002 128.000000 21.718264 127.833672 0.000000 0.000000
7220 0.8431 872.371753 0.000000 1.30900002 128.000000 21.718266 127.833679 0.000000 0.000000
7230 0.8843 872.380339 0.000000 1.30900002 128.000000 21.718264 127.833672 0.000000 0.000000
7240 0.7822 872.388652 0.000000 1.30900002 128.000000 21.718264 127.833679 0.000000 0.000000
7250 0.7465 872.397256 0.000000 1.30900002 128.000000 21.718264 127.833672 0.000000 0.000000
7260 0.8213 872.405990 0.000000 1.30900002 128.000000 21.718266 127.833679 0.000000 0.000000
7270 0.8357 872.414608 0.000000 1.30900002 128.000000 21.718264 127.833672 0.000000 0.000000
7280 0.6774 872.423015 0.000000 1.30900002 128.000000 21.718264 127.833664 0.000000 0.000000
7290 0.7892 872.431710 0.000000 1.30900002 128.000000 21.718264 127.833672 0.000000 0.000000
7300 0.7243 872.439929 0.000000 1.30900002 128.000000 21.718264 127.833672 0.000000 0.000000
7310 0.7192 872.448453 0.000000 1.30900002 128.000000 21.718264 127.833672 0.000000 0.000000
7320 0.6843 872.456901 0.000000 1.30900002 128.000000 21.718262 127.833664 0.000000 0.000000
7330 0.8642 872.465790 0.000000 1.30900002 128.000000 21.718264 127.833672 0.000000 0.000000
7340 0.7614 872.474285 0.000000 1.30900002 128.000000 21.718264 127.833672 0.000000 0.000000
7350 0.8535 872.482931 0.000000 1.30900002 128.000000 21.718264 127.833672 0.000000 0.000000
7360 0.8478 872.491402 0.000000 1.30900002 128.000000 21.718266 127.833679 0.000000 0.000000
7370 0.7605 872.499955 0.000000 1.30900002 128.000000 21.718264 127.833672 0.000000 0.000000
7380 0.8374 872.508440 0.000000 1.30900002 128.000000 21.718264 127.833672 0.000000 0.000000
7390 0.8676 872.517199 0.000000 1.30900002 128.000000 21.718264 127.833672 0.000000 0.000000
7400 0.8575 872.526202 0.000000 1.30900002 128.000000 21.718264 127.833672 0.000000 0.000000
7410 1.4068 872.535417 0.000000 1.30900002 128.000000 21.718262 127.833664 0.000000 0.000000
7420 1.3013 872.543859 0.000000 1.30900002 128.000000 21.718264 127.833672 0.000000 0.000000
7430 1.4425 872.552363 0.000000 1.30900002 128.000000 21.718264 127.833664 0.000000 0.000000
7440 1.5663 872.561387 0.000000 1.30900002 128.000000 21.718264 127.833679 0.000000 0.000000
7450 0.7158 872.569930 0.000000 1.30900002 128.000000 21.718262 127.833672 0.000000 0.000000
7460 0.7510 872.578477 0.000000 1.30900002 128.000000 21.718264 127.833672 0.000000 0.000000
7470 0.7574 872.587031 0.000000 1.30900002 128.000000 21.718264 127.833672 0.000000 0.000000
7480 0.7862 872.595448 0.000000 1.30900002 128.000000 21.718264 127.833672 0.000000 0.000000
7490 0.7730 872.604084 0.000000 1.30900002 128.000000 21.718264 127.833672 0.000000 0.000000
7500 0.6870 872.612983 0.000000 1.30900002 128.000000 21.718264 127.833672 0.000000 0.000000
7510 0.7539 872.621532 0.000000 1.30900002 128.000000 21.718264 127.833672 0.000000 0.000000
7520 0.6598 872.630024 0.000000 1.30900002 128.000000 21.718264 127.833664 0.000000 0.000000
7530 0.8526 872.638776 0.000000 1.30900002 128.000000 21.718262 127.833664 0.000000 0.000000
7540 0.8654 872.647542 0.000000 1.30900002 128.000000 21.718264 127.833679 0.000000 0.000000
7550 0.7464 872.655846 0.000000 1.30900002 128.000000 21.718262 127.833664 0.000000 0.000000
7560 0.6956 872.664500 0.000000 1.30900002 128.000000 21.718264 127.833679 0.000000 0.000000
7570 0.7039 872.673096 0.000000 1.30900002 128.000000 21.718264 127.833679 0.000000 0.000000
7580 0.7327 872.681655 0.000000 1.30900002 128.000000 21.718264 127.833672 0.000000 0.000000
7590 0.7354 872.689936 0.000000 1.30900002 128.000000 21.718264 127.833679 0.000000 0.000000
7600 0.6927 872.698450 0.000000 1.30900002 128.000000 21.718264 127.833672 0.000000 0.000000
7610 0.8753 872.707144 0.000000 1.30900002 128.000000 21.718262 127.833664 0.000000 0.000000
7620 0.8409 872.715859 0.000000 1.30900002 128.000000 21.718264 127.833672 0.000000 0.000000
7630 0.7551 872.724335 0.000000 1.30900002 128.000000 21.718264 127.833679 0.000000 0.000000
7640 0.6502 872.733114 0.000000 1.30900002 128.000000 21.718264 127.833672 0.000000 0.000000
7650 0.8246 872.741756 0.000000 1.30900002 128.000000 21.718264 127.833672 0.000000 0.000000
7660 0.8264 872.750116 0.000000 1.30900002 128.000000 21.718264 127.833664 0.000000 0.000000
7670 0.8547 872.758655 0.000000 1.30900002 128.000000 21.718264 127.833672 0.000000 0.000000
7680 0.6901 872.767177 0.000000 1.30900002 128.000000 21.718264 127.833672 0.000000 0.000000
7690 0.8522 872.775913 0.000000 1.30900002 128.000000 21.718264 127.833679 0.000000 0.000000
7700 0.8686 872.784479 0.000000 1.30900002 128.000000 21.718262 127.833672 0.000000 0.000000
7710 0.7673 872.793024 0.000000 1.30900002 128.000000 21.718264 127.833672 0.000000 0.000000
7720 1.1519 872.801748 0.000000 1.30900002 128.000000 21.718262 127.833672 0.000000 0.000000
7730 0.6496 872.809894 0.000000 1.30900002 128.000000 21.718264 127.833672 0.000000 0.000000
7740 1.4803 872.819275 0.000000 1.30900002 128.000000 21.718264 127.833664 0.000000 0.000000
7750 1.6126 872.827809 0.000000 1.30900002 128.000000 21.718264 127.833679 0.000000 0.000000
7760 0.7060 872.836411 0.000000 1.30900002 128.000000 21.718264 127.833672 0.000000 0.000000
7770 0.7118 872.844980 0.000000 1.30900002 128.000000 21.718264 127.833664 0.000000 0.000000
7780 0.6490 872.853787 0.000000 1.30900002 128.000000 21.718264 127.833672 0.000000 0.000000
7790 0.8279 872.862866 0.000000 1.30900002 128.000000 21.718264 127.833672 0.000000 0.000000
7800 0.6720 872.871369 0.000000 1.30900002 128.000000 21.718264 127.833664 0.000000 0.000000
7810 0.8702 872.880000 0.000000 1.30900002 128.000000 21.718266 127.833679 0.000000 0.000000
7820 0.6875 872.888413 0.000000 1.30900002 128.000000 21.718264 127.833672 0.000000 0.000000
7830 0.7825 872.897048 0.000000 1.30900002 128.000000 21.718264 127.833679 0.000000 0.000000
7840 0.8392 872.905557 0.000000 1.30900002 128.000000 21.718264 127.833672 0.000000 0.000000
7850 0.9049 872.914365 0.000000 1.30900002 128.000000 21.718264 127.833672 0.000000 0.000000
7860 0.7547 872.922737 0.000000 1.30900002 128.000000 21.718264 127.833672 0.000000 0.000000
7870 0.7236 872.931233 0.000000 1.30900002 128.000000 21.718264 127.833672 0.000000 0.000000
7880 0.8718 872.939976 0.000000 1.30900002 128.000000 21.718262 127.833672 0.000000 0.000000
7890 0.7142 872.948617 0.000000 1.30900002 128.000000 21.718264 127.833672 0.000000 0.000000
7900 0.8085 872.957453 0.000000 1.30900002 128.000000 21.718264 127.833672 0.000000 0.000000
7910 0.7181 872.966097 0.000000 1.30900002 128.000000 21.718264 127.833679 0.000000 0.000000
7920 0.8158 872.974490 0.000000 1.30900002 128.000000 21.718264 127.833664 0.000000 0.000000
7930 0.6420 872.983094 0.000000 1.30900002 128.000000 21.718264 127.833672 0.000000 0.000000
7940 0.8956 872.991655 0.000000 1.30900002 128.000000 21.718264 127.833679 0.000000 0.000000
7950 0.8585 873.000165 0.000000 1.30900002 128.000000 21.718271 127.833725 0.000000 0.000000
7960 0.8887 873.008762 0.000000 1.30900002 128.000000 21.718685 127.836449 0.000000 0.000000
7970 0.8764 873.017517 0.000000 1.30900002 128.000000 21.719105 127.839211 0.000000 0.000000
7980 0.7469 873.025966 0.000000 1.30900002 128.000000 21.719463 127.841675 0.000000 0.000000
7990 0.8705 873.034424 0.000000 1.30900002 128.000000 21.719814 127.844116 0.000000 0.000000
8000 0.9446 873.043006 0.000000 1.30900002 128.000000 21.720133 127.846420 0.000000 0.000000
8010 1.3734 873.052046 0.000000 1.30900002 128.000000 21.720459 127.848808 0.000000 0.000000
8020 1.1715 873.060382 0.000000 1.30900002 128.000000 21.720730 127.850876 0.000000 0.000000
8030 1.4726 873.069339 0.000000 1.30900002 128.000000 21.721014 127.853043 0.000000 0.000000
8040 1.1537 873.077999 0.000000 1.30900002 128.000000 21.721262 127.855019 0.000000 0.000000
8050 0.7457 873.086427 0.000000 1.30900002 128.000000 21.721495 127.856888 0.000000 0.000000
8060 0.8620 873.094770 0.000000 1.30900002 128.000000 21.721704 127.858627 0.000000 0.000000
8070 0.7093 873.103401 0.000000 1.30900002 128.000000 21.721912 127.860382 0.000000 0.000000
8080 0.7673 873.112031 0.000000 1.30900002 128.000000 21.722107 127.862053 0.000000 0.000000
8090 0.7800 873.120510 0.000000 1.30900002 128.000000 21.722286 127.863632 0.000000 0.000000
8100 0.8755 873.129334 0.000000 1.30900002 128.000000 21.722460 127.865196 0.000000 0.000000
8110 0.7110 873.137831 0.000000 1.30900002 128.000000 21.722618 127.866646 0.000000 0.000000
8120 0.7111 873.146400 0.000000 1.30900002 128.000000 21.722769 127.868042 0.000000 0.000000
8130 0.8509 873.154879 0.000000 1.30900002 128.000000 21.722908 127.869370 0.000000 0.000000
8140 0.7099 873.163450 0.000000 1.30900002 128.000000 21.723042 127.870659 0.000000 0.000000
8150 0.8045 873.171890 0.000000 1.30900002 128.000000 21.723164 127.871872 0.000000 0.000000
8160 0.7468 873.180285 0.000000 1.30900002 128.000000 21.723280 127.873032 0.000000 0.000000
8170 0.8313 873.188760 0.000000 1.30900002 128.000000 21.723389 127.874146 0.000000 0.000000
8180 0.7470 873.197197 0.000000 1.30900002 128.000000 21.723494 127.875221 0.000000 0.000000
8190 0.6781 873.205651 0.000000 1.30900002 128.000000 21.723591 127.876244 0.000000 0.000000
8200 0.8305 873.214096 0.000000 1.30900002 128.000000 21.723682 127.877235 0.000000 0.000000
8210 0.6795 873.222643 0.000000 1.30900002 128.000000 21.723770 127.878174 0.000000 0.000000
8220 0.7142 873.231191 0.000000 1.30900002 128.000000 21.723854 127.879105 0.000000 0.000000
8230 0.6741 873.239777 0.000000 1.30900002 128.000000 21.723930 127.879974 0.000000 0.000000
8240 0.7920 873.248453 0.000000 1.30900002 128.000000 21.724009 127.880836 0.000000 0.000000
8250 0.7115 873.256896 0.000000 1.30900002 128.000000 21.724075 127.881615 0.000000 0.000000
8260 0.7114 873.265503 0.000000 1.30900002 128.000000 21.724144 127.882408 0.000000 0.000000
8270 0.6930 873.274088 0.000000 1.30900002 128.000000 21.724207 127.883133 0.000000 0.000000
8280 0.6983 873.282583 0.000000 1.30900002 128.000000 21.724266 127.883842 0.000000 0.000000
8290 0.6943 873.291106 0.000000 1.30900002 128.000000 21.724321 127.884521 0.000000 0.000000
8300 0.8465 873.299876 0.000000 1.30900002 128.000000 21.724375 127.885193 0.000000 0.000000
8310 0.6688 873.308157 0.000000 1.30900002 128.000000 21.724424 127.885780 0.000000 0.000000
8320 0.6790 873.316780 0.000000 1.30900002 128.000000 21.724474 127.886398 0.000000 0.000000
8330 0.8516 873.325292 0.000000 1.30900002 128.000000 21.724518 127.886955 0.000000 0.000000
8340 0.6622 873.333688 0.000000 1.30900002 128.000000 21.724562 127.887505 0.000000 0.000000
8350 0.8430 873.342282 0.000000 1.30900002 128.000000 21.724602 127.888016 0.000000 0.000000
8360 0.7315 873.350797 0.000000 1.30900002 128.000000 21.724638 127.888519 0.000000 0.000000
8370 0.8515 873.359406 0.000000 1.30900002 128.000000 21.724676 127.889008 0.000000 0.000000
8380 0.7592 873.367838 0.000000 1.30900002 128.000000 21.724710 127.889473 0.000000 0.000000
8390 0.9500 873.376623 0.000000 1.30900002 128.000000 21.724745 127.889915 0.000000 0.000000
8400 1.4140 873.385965 0.000000 1.30900002 128.000000 21.724779 127.890381 0.000000 0.000000
8410 0.6551 873.394534 0.000000 1.30900002 128.000000 21.724810 127.890793 0.000000 0.000000
8420 0.7307 873.403252 0.000000 1.30900002 128.000000 21.724840 127.891190 0.000000 0.000000
8430 0.8560 873.412068 0.000000 1.30900002 128.000000 21.724867 127.891563 0.000000 0.000000
8440 0.7107 873.420734 0.000000 1.30900002 128.000000 21.724892 127.891922 0.000000 0.000000
8450 0.7754 873.429449 0.000000 1.30900002 128.000000 21.724918 127.892273 0.000000 0.000000
8460 0.7250 873.437955 0.000000 1.30900002 128.000000 21.724939 127.892593 0.000000 0.000000
8470 0.8018 873.446657 0.000000 1.30900002 128.000000 21.724962 127.892914 0.000000 0.000000
8480 0.8073 873.455118 0.000000 1.30900002 128.000000 21.724983 127.893204 0.000000 0.000000
8490 0.7310 873.463378 0.000000 1.30900002 128.000000 21.725002 127.893478 0.000000 0.000000
8500 0.8917 873.471995 0.000000 1.30900002 128.000000 21.725021 127.893753 0.000000 0.000000
8510 0.6675 873.480401 0.000000 1.30900002 128.000000 21.725039 127.894020 0.000000 0.000000
8520 0.7129 873.489181 0.000000 1.30900002 128.000000 21.725058 127.894279 0.000000 0.000000
8530 0.7137 873.497779 0.000000 1.30900002 128.000000 21.725075 127.894516 0.000000 0.000000
8540 0.8730 873.506422 0.000000 1.30900002 128.000000 21.725090 127.894753 0.000000 0.000000
8550 0.8664 873.514984 0.000000 1.30900002 128.000000 21.725103 127.894974 0.000000 0.000000
8560 0.8310 873.523635 0.000000 1.30900002 128.000000 21.725119 127.895195 0.000000 0.000000
8570 0.7019 873.531983 0.000000 1.30900002 128.000000 21.725132 127.895393 0.000000 0.000000
8580 0.8812 873.540772 0.000000 1.30900002 128.000000 21.725145 127.895584 0.000000 0.000000
8590 0.8869 873.549270 0.000000 1.30900002 128.000000 21.725157 127.895775 0.000000 0.000000
8600 0.8358 873.557952 0.000000 1.30900002 128.000000 21.725170 127.895958 0.000000 0.000000
8610 0.7222 873.566544 0.000000 1.30900002 128.000000 21.725182 127.896126 0.000000 0.000000
8620 0.7563 873.575047 0.000000 1.30900002 128.000000 21.725193 127.896286 0.000000 0.000000
8630 0.7930 873.583528 0.000000 1.30900002 128.000000 21.725203 127.896446 0.000000 0.000000
8640 0.6770 873.591981 0.000000 1.30900002 128.000000 21.725212 127.896591 0.000000 0.000000
8650 0.8979 873.600701 0.000000 1.30900002 128.000000 21.725220 127.896751 0.000000 0.000000
8660 0.6917 873.609308 0.000000 1.30900002 128.000000 21.725229 127.896881 0.000000 0.000000
8670 1.1920 873.618293 0.000000 1.30900002 128.000000 21.725239 127.897026 0.000000 0.000000
8680 1.1077 873.626661 0.000000 1.30900002 128.000000 21.725246 127.897141 0.000000 0.000000
8690 1.5095 873.635688 0.000000 1.30900002 128.000000 21.725256 127.897278 0.000000 0.000000
8700 1.5308 873.644231 0.000000 1.30900002 128.000000 21.725264 127.897385 0.000000 0.000000
8710 1.3546 873.652584 0.000000 1.30900002 128.000000 21.725269 127.897499 0.000000 0.000000
8720 1.4668 873.661155 0.000000 1.30900002 128.000000 21.725277 127.897606 0.000000 0.000000
8730 1.1609 873.669581 0.000000 1.30900002 128.000000 21.725283 127.897713 0.000000 0.000000
8740 0.8578 873.678116 0.000000 1.30900002 128.000000 21.725288 127.897812 0.000000 0.000000
8750 0.7777 873.686748 0.000000 1.30900002 128.000000 21.725294 127.897903 0.000000 0.000000
8760 0.7845 873.695215 0.000000 1.30900002 128.000000 21.725300 127.897995 0.000000 0.000000
8770 0.7163 873.703570 0.000000 1.30900002 128.000000 21.725307 127.898071 0.000000 0.000000
8780 0.7691 873.712247 0.000000 1.30900002 128.000000 21.725311 127.898163 0.000000 0.000000
8790 0.8550 873.720904 0.000000 1.30900002 128.000000 21.725317 127.898239 0.000000 0.000000
8800 0.7577 873.729581 0.000000 1.30900002 128.000000 21.725321 127.898315 0.000000 0.000000
8810 0.6683 873.737990 0.000000 1.30900002 128.000000 21.725325 127.898384 0.000000 0.000000
8820 0.7970 873.746855 0.000000 1.30900002 128.000000 21.725330 127.898460 0.000000 0.000000
8830 0.7014 873.755065 0.000000 1.30900002 128.000000 21.725334 127.898514 0.000000 0.000000
8840 0.8641 873.763736 0.000000 1.30900002 128.000000 21.725340 127.898582 0.000000 0.000000
8850 0.6945 873.772029 0.000000 1.30900002 128.000000 21.725342 127.898636 0.000000 0.000000
8860 0.8323 873.780636 0.000000 1.30900002 128.000000 21.725348 127.898705 0.000000 0.000000
8870 0.7155 873.789146 0.000000 1.30900002 128.000000 21.725349 127.898758 0.000000 0.000000
8880 0.9005 873.797768 0.000000 1.30900002 128.000000 21.725353 127.898819 0.000000 0.000000
8890 0.8249 873.806017 0.000000 1.30900002 128.000000 21.725355 127.898865 0.000000 0.000000
8900 0.8665 873.814685 0.000000 1.30900002 128.000000 21.725359 127.898918 0.000000 0.000000
8910 0.7083 873.823339 0.000000 1.30900002 128.000000 21.725361 127.898972 0.000000 0.000000
8920 0.7239 873.831825 0.000000 1.30900002 128.000000 21.725363 127.899010 0.000000 0.000000
8930 0.9232 873.840778 0.000000 1.30900002 128.000000 21.725368 127.899055 0.000000 0.000000
8940 0.8312 873.849448 0.000000 1.30900002 128.000000 21.725370 127.899094 0.000000 0.000000
8950 0.8912 873.857993 0.000000 1.30900002 128.000000 21.725372 127.899139 0.000000 0.000000
8960 0.8674 873.866652 0.000000 1.30900002 128.000000 21.725374 127.899170 0.000000 0.000000
8970 0.8149 873.875262 0.000000 1.30900002 128.000000 21.725376 127.899216 0.000000 0.000000
8980 0.8136 873.883625 0.000000 1.30900002 128.000000 21.725378 127.899246 0.000000 0.000000
8990 0.8299 873.892305 0.000000 1.30900002 128.000000 21.725382 127.899277 0.000000 0.000000
9000 0.8137 873.900984 0.000000 1.30900002 128.000000 21.725384 127.899307 0.000000 0.000000
9010 0.9901 873.909847 0.000000 1.30900002 128.000000 21.725384 127.899338 0.000000 0.000000
9020 1.5644 873.919239 0.000000 1.30900002 128.000000 21.725388 127.899384 0.000000 0.000000
9030 1.5165 873.927667 0.000000 1.30900002 128.000000 21.725388 127.899406 0.000000 0.000000
9040 1.3196 873.935984 0.000000 1.30900002 128.000000 21.725389 127.899437 0.000000 0.000000
9050 1.5519 873.944615 0.000000 1.30900002 128.000000 21.725391 127.899460 0.000000 0.000000
9060 1.3042 873.952883 0.000000 1.30900002 128.000000 21.725391 127.899483 0.000000 0.000000
9070 0.7094 873.961759 0.000000 1.30900002 128.000000 21.725395 127.899506 0.000000 0.000000
9080 0.8764 873.970391 0.000000 1.30900002 128.000000 21.725395 127.899529 0.000000 0.000000
9090 0.8605 873.979267 0.000000 1.30900002 128.000000 21.725399 127.899551 0.000000 0.000000
9100 0.8379 873.987813 0.000000 1.30900002 128.000000 21.725399 127.899567 0.000000 0.000000
9110 0.9057 873.996343 0.000000 1.30900002 128.000000 21.725401 127.899590 0.000000 0.000000
9120 0.8405 874.004983 0.000000 1.30900002 128.000000 21.725401 127.899612 0.000000 0.000000
9130 0.7314 874.013696 0.000000 1.30900002 128.000000 21.725403 127.899628 0.000000 0.000000
9140 0.8187 874.022171 0.000000 1.30900002 128.000000 21.725403 127.899651 0.000000 0.000000
9150 0.8403 874.030824 0.000000 1.30900002 128.000000 21.725405 127.899658 0.000000 0.000000
9160 0.8584 874.039446 0.000000 1.30900002 128.000000 21.725407 127.899689 0.000000 0.000000
9170 0.8816 874.047896 0.000000 1.30900002 128.000000 21.725407 127.899689 0.000000 0.000000
9180 0.8808 874.056364 0.000000 1.30900002 128.000000 21.725407 127.899712 0.000000 0.000000
9190 0.7899 874.065057 0.000000 1.30900002 128.000000 21.725409 127.899719 0.000000 0.000000
9200 0.7847 874.073557 0.000000 1.30900002 128.000000 21.725410 127.899734 0.000000 0.000000
9210 0.6941 874.081972 0.000000 1.30900002 128.000000 21.725410 127.899750 0.000000 0.000000
9220 0.7510 874.090405 0.000000 1.30900002 128.000000 21.725410 127.899757 0.000000 0.000000
9230 0.8662 874.099096 0.000000 1.30900002 128.000000 21.725410 127.899765 0.000000 0.000000
9240 0.6849 874.107448 0.000000 1.30900002 128.000000 21.725412 127.899796 0.000000 0.000000
9250 0.7424 874.116095 0.000000 1.30900002 128.000000 21.725412 127.899796 0.000000 0.000000
9260 0.6623 874.124763 0.000000 1.30900002 128.000000 21.725412 127.899811 0.000000 0.000000
9270 0.7113 874.133470 0.000000 1.30900002 128.000000 21.725416 127.899818 0.000000 0.000000
9280 0.8467 874.141977 0.000000 1.30900002 128.000000 21.725414 127.899826 0.000000 0.000000
9290 0.8498 874.150424 0.000000 1.30900002 128.000000 21.725414 127.899841 0.000000 0.000000
9300 0.6772 874.158727 0.000000 1.30900002 128.000000 21.725414 127.899841 0.000000 0.000000
9310 0.6696 874.167298 0.000000 1.30900002 128.000000 21.725418 127.899849 0.000000 0.000000
9320 0.8887 874.175871 0.000000 1.30900002 128.000000 21.725416 127.899857 0.000000 0.000000
9330 0.8841 874.184226 0.000000 1.30900002 128.000000 21.725416 127.899864 0.000000 0.000000
9340 0.8785 874.192864 0.000000 1.30900002 128.000000 21.725418 127.899872 0.000000 0.000000
9350 1.5404 874.202200 0.000000 1.30900002 128.000000 21.725418 127.899872 0.000000 0.000000
9360 1.3534 874.210535 0.000000 1.30900002 128.000000 21.725418 127.899887 0.000000 0.000000
9370 1.6171 874.219351 0.000000 1.30900002 128.000000 21.725418 127.899895 0.000000 0.000000
9380 1.5533 874.227973 0.000000 1.30900002 128.000000 21.725418 127.899902 0.000000 0.000000
9390 0.7108 874.236484 0.000000 1.30900002 128.000000 21.725420 127.899910 0.000000 0.000000
9400 0.8095 874.245095 0.000000 1.30900002 128.000000 21.725420 127.899918 0.000000 0.000000
9410 0.8022 874.253630 0.000000 1.30900002 128.000000 21.725420 127.899918 0.000000 0.000000
9420 0.7049 874.262150 0.000000 1.30900002 128.000000 21.725420 127.899925 0.000000 0.000000
9430 0.8854 874.270909 0.000000 1.30900002 128.000000 21.725422 127.899940 0.000000 0.000000
9440 0.8712 874.279561 0.000000 1.30900002 128.000000 21.725422 127.899940 0.000000 0.000000
9450 0.6722 874.288158 0.000000 1.30900002 128.000000 21.725422 127.899948 0.000000 0.000000
9460 0.7079 874.296702 0.000000 1.30900002 128.000000 21.725422 127.899948 0.000000 0.000000
9470 0.7157 874.305177 0.000000 1.30900002 128.000000 21.725422 127.899956 0.000000 0.000000
9480 0.7118 874.313643 0.000000 1.30900002 128.000000 21.725422 127.899956 0.000000 0.000000
9490 0.7001 874.322251 0.000000 1.30900002 128.000000 21.725422 127.899963 0.000000 0.000000
9500 0.6964 874.330862 0.000000 1.30900002 128.000000 21.725422 127.899963 0.000000 0.000000
9510 0.8666 874.339493 0.000000 1.30900002 128.000000 21.725424 127.899963 0.000000 0.000000
9520 0.8034 874.348136 0.000000 1.30900002 128.000000 21.725424 127.899971 0.000000 0.000000
9530 0.8528 874.356655 0.000000 1.30900002 128.000000 21.725424 127.899979 0.000000 0.000000
9540 0.9006 874.365342 0.000000 1.30900002 128.000000 21.725424 127.899979 0.000000 0.000000
9550 0.7166 874.373768 0.000000 1.30900002 128.000000 21.725422 127.899979 0.000000 0.000000
9560 0.7337 874.382137 0.000000 1.30900002 128.000000 21.725424 127.899979 0.000000 0.000000
9570 0.7668 874.390487 0.000000 1.30900002 128.000000 21.725424 127.899979 0.000000 0.000000
9580 0.9148 874.399105 0.000000 1.30900002 128.000000 21.725424 127.899986 0.000000 0.000000
9590 0.7859 874.407458 0.000000 1.30900002 128.000000 21.725426 127.899994 0.000000 0.000000
9600 0.7057 874.415993 0.000000 1.30900002 128.000000 21.725424 127.899994 0.000000 0.000000
9610 0.7042 874.424423 0.000000 1.30900002 128.000000 21.725426 127.899994 0.000000 0.000000
9620 0.6012 874.433060 0.000000 1.30900002 128.000000 21.725424 127.899994 0.000000 0.000000
9630 0.8245 874.441673 0.000000 1.30900002 128.000000 21.725426 127.899994 0.000000 0.000000
9640 0.7068 874.449779 0.000000 1.30900002 128.000000 21.725426 127.900002 0.000000 0.000000
9650 0.7392 874.458179 0.000000 1.30900002 128.000000 21.725426 127.900009 0.000000 0.000000
9660 0.6643 874.467016 0.000000 1.30900002 128.000000 21.725426 127.900002 0.000000 0.000000
9670 0.7288 874.475453 0.000000 1.30900002 128.000000 21.725426 127.900009 0.000000 0.000000
9680 0.8052 874.484146 0.000000 1.30900002 128.000000 21.725426 127.900009 0.000000 0.000000
9690 0.9478 874.492740 0.000000 1.30900002 128.000000 21.725426 127.900009 0.000000 0.000000
9700 0.8993 874.501292 0.000000 1.30900002 128.000000 21.725426 127.900009 0.000000 0.000000
9710 0.8223 874.509754 0.000000 1.30900002 128.000000 21.725426 127.900017 0.000000 0.000000
9720 1.1830 874.519045 0.000000 1.30900002 128.000000 21.725426 127.900009 0.000000 0.000000
9730 1.3900 874.527312 0.000000 1.30900002 128.000000 21.725426 127.900024 0.000000 0.000000
9740 1.5235 874.536026 0.000000 1.30900002 128.000000 21.725426 127.900017 0.000000 0.000000
9750 0.8220 874.544644 0.000000 1.30900002 128.000000 21.725426 127.900017 0.000000 0.000000
9760 0.7207 874.553290 0.000000 1.30900002 128.000000 21.725426 127.900017 0.000000 0.000000
9770 0.7027 874.561950 0.000000 1.30900002 128.000000 21.725426 127.900024 0.000000 0.000000
9780 0.8209 874.570709 0.000000 1.30900002 128.000000 21.725426 127.900024 0.000000 0.000000
9790 0.7800 874.579480 0.000000 1.30900002 128.000000 21.725426 127.900024 0.000000 0.000000
9800 0.6856 874.587744 0.000000 1.30900002 128.000000 21.725426 127.900024 0.000000 0.000000
9810 0.8161 874.596200 0.000000 1.30900002 128.000000 21.725426 127.900024 0.000000 0.000000
9820 0.8637 874.604717 0.000000 1.30900002 128.000000 21.725426 127.900024 0.000000 0.000000
9830 0.7875 874.613283 0.000000 1.30900002 128.000000 21.725426 127.900024 0.000000 0.000000
9840 0.7509 874.621841 0.000000 1.30900002 128.000000 21.725426 127.900024 0.000000 0.000000
9850 0.6716 874.630447 0.000000 1.30900002 128.000000 21.725426 127.900032 0.000000 0.000000
9860 0.6728 874.639080 0.000000 1.30900002 128.000000 21.725426 127.900040 0.000000 0.000000
9870 0.7240 874.647877 0.000000 1.30900002 128.000000 21.725426 127.900032 0.000000 0.000000
9880 0.8868 874.656481 0.000000 1.30900002 128.000000 21.725426 127.900024 0.000000 0.000000
9890 0.7856 874.665242 0.000000 1.30900002 128.000000 21.725426 127.900032 0.000000 0.000000
9900 0.7846 874.673844 0.000000 1.30900002 128.000000 21.725426 127.900040 0.000000 0.000000
9910 0.7557 874.682463 0.000000 1.30900002 128.000000 21.725428 127.900032 0.000000 0.000000
9920 0.7708 874.691046 0.000000 1.30900002 128.000000 21.725428 127.900032 0.000000 0.000000
9930 0.8098 874.699578 0.000000 1.30900002 128.000000 21.725428 127.900032 0.000000 0.000000
9940 0.8695 874.708334 0.000000 1.30900002 128.000000 21.725428 127.900032 0.000000 0.000000
9950 0.8547 874.716718 0.000000 1.30900002 128.000000 21.725428 127.900032 0.000000 0.000000
9960 0.7548 874.725216 0.000000 1.30900002 128.000000 21.725428 127.900040 0.000000 0.000000
9970 0.7333 874.733542 0.000000 1.30900002 128.000000 21.725428 127.900032 0.000000 0.000000
9980 0.7470 874.742035 0.000000 1.30900002 128.000000 21.725428 127.900040 0.000000 0.000000
9990 0.7478 874.750498 0.000000 1.30900002 128.000000 21.725428 127.900040 0.000000 0.000000
10000 0.9384 874.759503 0.000000 1.30900002 128.000000 21.725428 127.900040 0.000000 0.000000
10010 1.1538 874.768340 0.000000 1.30900002 128.000000 21.725430 127.900040 0.000000 0.000000
10020 1.4932 874.777506 0.000000 1.30900002 128.000000 21.725428 127.900040 0.000000 0.000000
10030 0.6886 874.786211 0.000000 1.30900002 128.000000 21.725430 127.900040 0.000000 0.000000
10040 0.8445 874.794865 0.000000 1.30900002 128.000000 21.725428 127.900040 0.000000 0.000000
10050 0.8267 874.803748 0.000000 1.30900002 128.000000 21.725428 127.900040 0.000000 0.000000
10060 0.8552 874.812555 0.000000 1.30900002 128.000000 21.725430 127.900040 0.000000 0.000000
10070 0.7309 874.821080 0.000000 1.30900002 128.000000 21.725428 127.900047 0.000000 0.000000
10080 0.8370 874.829730 0.000000 1.30900002 128.000000 21.725428 127.900040 0.000000 0.000000
10090 0.7230 874.838289 0.000000 1.30900002 128.000000 21.725428 127.900040 0.000000 0.000000
10100 0.8303 874.847196 0.000000 1.30900002 128.000000 21.725428 127.900040 0.000000 0.000000
10110 0.7385 874.856047 0.000000 1.30900002 128.000000 21.725430 127.900040 0.000000 0.000000
10120 0.7408 874.864560 0.000000 1.30900002 128.000000 21.725428 127.900040 0.000000 0.000000
10130 0.6980 874.872933 0.000000 1.30900002 128.000000 21.725428 127.900040 0.000000 0.000000
10140 0.6831 874.881483 0.000000 1.30900002 128.000000 21.725428 127.900040 0.000000 0.000000
10150 0.7194 874.889891 0.000000 1.30900002 128.000000 21.725426 127.900040 0.000000 0.000000
10160 0.7728 874.898366 0.000000 1.30900002 128.000000 21.725428 127.900040 0.000000 0.000000
10170 0.7958 874.906889 0.000000 1.30900002 128.000000 21.725428 127.900040 0.000000 0.000000
10180 0.7840 874.915523 0.000000 1.30900002 128.000000 21.725428 127.900040 0.000000 0.000000
10190 0.8675 874.924033 0.000000 1.30900002 128.000000 21.725430 127.900047 0.000000 0.000000
10200 0.8300 874.932795 0.000000 1.30900002 128.000000 21.725428 127.900040 0.000000 0.000000
10210 0.6869 874.941483 0.000000 1.30900002 128.000000 21.725428 127.900040 0.000000 0.000000
10220 0.8219 874.950142 0.000000 1.30900002 128.000000 21.725428 127.900032 0.000000 0.000000
10230 0.7975 874.958806 0.000000 1.30900002 128.000000 21.725428 127.900047 0.000000 0.000000
10240 0.9081 874.967505 0.000000 1.30900002 128.000000 21.725426 127.900047 0.000000 0.000000
10250 0.8132 874.975843 0.000000 1.30900002 128.000000 21.725428 127.900055 0.000000 0.000000
10260 1.0713 874.984509 0.000000 1.30900002 128.000000 21.725428 127.900047 0.000000 0.000000
10270 0.8623 874.992894 0.000000 1.30900002 128.000000 21.725428 127.900047 0.000000 0.000000
10280 0.8819 875.001578 0.000000 1.30900002 128.000000 21.725430 127.900047 0.000000 0.000000
10290 1.5383 875.011005 0.000000 1.30900002 128.000000 21.725428 127.900055 0.000000 0.000000
10300 1.0377 875.019390 0.000000 1.30900002 128.000000 21.725428 127.900055 0.000000 0.000000
10310 1.3319 875.027855 0.000000 1.30900002 128.000000 21.725428 127.900055 0.000000 0.000000
10320 1.4091 875.036370 0.000000 1.30900002 128.000000 21.725428 127.900047 0.000000 0.000000
10330 1.4267 875.044657 0.000000 1.30900002 128.000000 21.725428 127.900047 0.000000 0.000000
10340 0.7235 875.053314 0.000000 1.30900002 128.000000 21.725428 127.900055 0.000000 0.000000
10350 0.9104 875.061824 0.000000 1.30900002 128.000000 21.725428 127.900047 0.000000 0.000000
10360 0.7518 875.070359 0.000000 1.30900002 128.000000 21.725428 127.900047 0.000000 0.000000
10370 0.7074 875.078835 0.000000 1.30900002 128.000000 21.725428 127.900047 0.000000 0.000000
10380 0.7385 875.087285 0.000000 1.30900002 128.000000 21.725428 127.900040 0.000000 0.000000
10390 0.8379 875.095857 0.000000 1.30900002 128.000000 21.725428 127.900040 0.000000 0.000000
10400 0.6764 875.104168 0.000000 1.30900002 128.000000 21.725428 127.900047 0.000000 0.000000
10410 0.7838 875.112821 0.000000 1.30900002 128.000000 21.725428 127.900055 0.000000 0.000000
10420 0.7758 875.121432 0.000000 1.30900002 128.000000 21.725428 127.900047 0.000000 0.000000
10430 0.8025 875.130061 0.000000 1.30900002 128.000000 21.725426 127.900047 0.000000 0.000000
10440 0.7572 875.138659 0.000000 1.30900002 128.000000 21.725428 127.900047 0.000000 0.000000
10450 0.8484 875.147313 0.000000 1.30900002 128.000000 21.725428 127.900047 0.000000 0.000000
10460 0.8291 875.155782 0.000000 1.30900002 128.000000 21.725428 127.900047 0.000000 0.000000
10470 0.8014 875.164469 0.000000 1.30900002 128.000000 21.725428 127.900047 0.000000 0.000000
10480 0.8142 875.172983 0.000000 1.30900002 128.000000 21.725426 127.900040 0.000000 0.000000
10490 0.7467 875.181485 0.000000 1.30900002 128.000000 21.725428 127.900055 0.000000 0.000000
10500 0.8177 875.190127 0.000000 1.30900002 128.000000 21.725428 127.900040 0.000000 0.000000
10510 0.7033 875.198441 0.000000 1.30900002 128.000000 21.725430 127.900047 0.000000 0.000000
10520 0.8497 875.206918 0.000000 1.30900002 128.000000 21.725428 127.900040 0.000000 0.000000
10530 0.8145 875.215660 0.000000 1.30900002 128.000000 21.725428 127.900047 0.000000 0.000000
10540 1.0370 875.224134 0.000000 1.30900002 128.000000 21.725426 127.900047 0.000000 0.000000
10550 0.7910 875.232521 0.000000 1.30900002 128.000000 21.725428 127.900055 0.000000 0.000000
10560 0.8429 875.241040 0.000000 1.30900002 128.000000 21.725428 127.900047 0.000000 0.000000
10570 0.7747 875.249456 0.000000 1.30900002 128.000000 21.725428 127.900047 0.000000 0.000000
10580 0.6697 875.257999 0.000000 1.30900002 128.000000 21.725428 127.900055 0.000000 0.000000
10590 0.7268 875.266605 0.000000 1.30900002 128.000000 21.725428 127.900047 0.000000 0.000000
10600 0.7333 875.275246 0.000000 1.30900002 128.000000 21.725428 127.900047 0.000000 0.000000
10610 0.7781 875.283816 0.000000 1.30900002 128.000000 21.725428 127.900047 0.000000 0.000000
10620 0.6750 875.292035 0.000000 1.30900002 128.000000 21.725428 127.900055 0.000000 0.000000
10630 0.7003 875.300570 0.000000 1.30900002 128.000000 21.725428 127.900040 0.000000 0.000000
10640 0.7143 875.308979 0.000000 1.30900002 128.000000 21.725428 127.900047 0.000000 0.000000
10650 0.8786 875.317654 0.000000 1.30900002 128.000000 21.725428 127.900040 0.000000 0.000000
10660 0.8388 875.326113 0.000000 1.30900002 128.000000 21.725428 127.900040 0.000000 0.000000
10670 0.8308 875.334641 0.000000 1.30900002 128.000000 21.725428 127.900040 0.000000 0.000000
10680 1.3565 875.343756 0.000000 1.30900002 128.000000 21.725428 127.900040 0.000000 0.000000
10690 1.5215 875.352547 0.000000 1.30900002 128.000000 21.725428 127.900040 0.000000 0.000000
10700 1.5831 875.361130 0.000000 1.30900002 128.000000 21.725428 127.900047 0.000000 0.000000
10710 0.8030 875.369469 0.000000 1.30900002 128.000000 21.725428 127.900040 0.000000 0.000000
10720 1.5785 875.378047 0.000000 1.30900002 128.000000 21.725428 127.900055 0.000000 0.000000
10730 0.7889 875.386675 0.000000 1.30900002 128.000000 21.725428 127.900047 0.000000 0.000000
10740 0.8018 875.395338 0.000000 1.30900002 128.000000 21.725428 127.900055 0.000000 0.000000
10750 0.7920 875.403955 0.000000 1.30900002 128.000000 21.725430 127.900047 0.000000 0.000000
10760 0.7043 875.412428 0.000000 1.30900002 128.000000 21.725428 127.900047 0.000000 0.000000
10770 0.7113 875.421158 0.000000 1.30900002 128.000000 21.725428 127.900047 0.000000 0.000000
10780 0.8701 875.429679 0.000000 1.30900002 128.000000 21.725428 127.900047 0.000000 0.000000
10790 0.8170 875.438323 0.000000 1.30900002 128.000000 21.725428 127.900055 0.000000 0.000000
10800 0.7537 875.446820 0.000000 1.30900002 128.000000 21.725428 127.900047 0.000000 0.000000
10810 0.8289 875.455318 0.000000 1.30900002 128.000000 21.725430 127.900055 0.000000 0.000000
10820 0.8467 875.464042 0.000000 1.30900002 128.000000 21.725428 127.900047 0.000000 0.000000
10830 0.7745 875.472605 0.000000 1.30900002 128.000000 21.725428 127.900047 0.000000 0.000000
10840 0.7518 875.480977 0.000000 1.30900002 128.000000 21.725428 127.900055 0.000000 0.000000
10850 0.8278 875.489645 0.000000 1.30900002 128.000000 21.725428 127.900040 0.000000 0.000000
10860 0.7062 875.498320 0.000000 1.30900002 128.000000 21.725428 127.900047 0.000000 0.000000
10870 0.7720 875.506895 0.000000 1.30900002 128.000000 21.725426 127.900040 0.000000 0.000000
10880 0.8962 875.515328 0.000000 1.30900002 128.000000 21.725428 127.900047 0.000000 0.000000
10890 0.7100 875.523787 0.000000 1.30900002 128.000000 21.725428 127.900055 0.000000 0.000000
10900 0.8464 875.532609 0.000000 1.30900002 128.000000 21.725428 127.900047 0.000000 0.000000
10910 0.6604 875.541149 0.000000 1.30900002 128.000000 21.725428 127.900040 0.000000 0.000000
10920 0.6097 875.549699 0.000000 1.30900002 128.000000 21.725428 127.900047 0.000000 0.000000
10930 0.8542 875.558438 0.000000 1.30900002 128.000000 21.725428 127.900047 0.000000 0.000000
10940 0.8693 875.567294 0.000000 1.30900002 128.000000 21.725426 127.900047 0.000000 0.000000
10950 0.8969 875.575911 0.000000 1.30900002 128.000000 21.725428 127.900040 0.000000 0.000000
10960 0.8961 875.584669 0.000000 1.30900002 128.000000 21.725428 127.900047 0.000000 0.000000
10970 1.4005 875.594012 0.000000 1.30900002 128.000000 21.725428 127.900055 0.000000 0.000000
10980 1.3089 875.602494 0.000000 1.30900002 128.000000 21.725428 127.900047 0.000000 0.000000
10990 1.6199 875.611247 0.000000 1.30900002 128.000000 21.725428 127.900047 0.000000 0.000000
11000 0.7523 875.619846 0.000000 1.30900002 128.000000 21.725428 127.900047 0.000000 0.000000
11010 0.8387 875.628507 0.000000 1.30900002 128.000000 21.725428 127.900047 0.000000 0.000000
11020 0.7490 875.637150 0.000000 1.30900002 128.000000 21.725426 127.900040 0.000000 0.000000
11030 0.6962 875.645751 0.000000 1.30900002 128.000000 21.725428 127.900055 0.000000 0.000000
11040 0.8478 875.654448 0.000000 1.30900002 128.000000 21.725428 127.900040 0.000000 0.000000
11050 0.7372 875.663010 0.000000 1.30900002 128.000000 21.725426 127.900055 0.000000 0.000000
11060 0.6885 875.671320 0.000000 1.30900002 128.000000 21.725428 127.900055 0.000000 0.000000
11070 0.8117 875.679966 0.000000 1.30900002 128.000000 21.725428 127.900047 0.000000 0.000000
11080 0.7030 875.688158 0.000000 1.30900002 128.000000 21.725428 127.900055 0.000000 0.000000
11090 0.7547 875.696806 0.000000 1.30900002 128.000000 21.725430 127.900047 0.000000 0.000000
11100 0.7075 875.705399 0.000000 1.30900002 128.000000 21.725426 127.900047 0.000000 0.000000
11110 0.7448 875.713823 0.000000 1.30900002 128.000000 21.725428 127.900055 0.000000 0.000000
11120 0.7666 875.722387 0.000000 1.30900002 128.000000 21.725428 127.900055 0.000000 0.000000
11130 0.7153 875.731251 0.000000 1.30900002 128.000000 21.725428 127.900047 0.000000 0.000000
11140 0.7812 875.739786 0.000000 1.30900002 128.000000 21.725428 127.900047 0.000000 0.000000
11150 0.7429 875.748365 0.000000 1.30900002 128.000000 21.725428 127.900047 0.000000 0.000000
11160 0.6312 875.756969 0.000000 1.30900002 128.000000 21.725428 127.900047 0.000000 0.000000
11170 0.8336 875.765827 0.000000 1.30900002 128.000000 21.725428 127.900047 0.000000 0.000000
11180 0.8409 875.774457 0.000000 1.30900002 128.000000 21.725426 127.900040 0.000000 0.000000
11190 0.6452 875.782991 0.000000 1.30900002 128.000000 21.725428 127.900047 0.000000 0.000000
11200 0.8692 875.791584 0.000000 1.30900002 128.000000 21.725428 127.900055 0.000000 0.000000
11210 0.7225 875.800022 0.000000 1.30900002 128.000000 21.725428 127.900040 0.000000 0.000000
11220 0.7629 875.808708 0.000000 1.30900002 128.000000 21.725428 127.900055 0.000000 0.000000
11230 0.7462 875.817385 0.000000 1.30900002 128.000000 21.725428 127.900055 0.000000 0.000000
11240 0.8694 875.825919 0.000000 1.30900002 128.000000 21.725428 127.900040 0.000000 0.000000
11250 0.8645 875.834492 0.000000 1.30900002 128.000000 21.725428 127.900047 0.000000 0.000000
11260 1.1328 875.843493 0.000000 1.30900002 128.000000 21.725428 127.900047 0.000000 0.000000
11270 1.6178 875.852926 0.000000 1.30900002 128.000000 21.725428 127.900047 0.000000 0.000000
11280 1.3452 875.861535 0.000000 1.30900002 128.000000 21.725428 127.900055 0.000000 0.000000
11290 0.9191 875.870088 0.000000 1.30900002 128.000000 21.725428 127.900047 0.000000 0.000000
11300 0.7065 875.878698 0.000000 1.30900002 128.000000 21.725428 127.900040 0.000000 0.000000
11310 0.8300 875.887437 0.000000 1.30900002 128.000000 21.725426 127.900040 0.000000 0.000000
11320 0.7206 875.896044 0.000000 1.30900002 128.000000 21.725428 127.900047 0.000000 0.000000
11330 0.7338 875.904460 0.000000 1.30900002 128.000000 21.725428 127.900047 0.000000 0.000000
11340 0.7524 875.912966 0.000000 1.30900002 128.000000 21.725428 127.900047 0.000000 0.000000
11350 0.7175 875.921523 0.000000 1.30900002 128.000000 21.725428 127.900055 0.000000 0.000000
11360 0.7304 875.930002 0.000000 1.30900002 128.000000 21.725428 127.900055 0.000000 0.000000
11370 0.8301 875.938432 0.000000 1.30900002 128.000000 21.725428 127.900047 0.000000 0.000000
11380 0.7122 875.947027 0.000000 1.30900002 128.000000 21.725430 127.900047 0.000000 0.000000
11390 0.6945 875.955554 0.000000 1.30900002 128.000000 21.725428 127.900040 0.000000 0.000000
11400 0.8598 875.964200 0.000000 1.30900002 128.000000 21.725428 127.900047 0.000000 0.000000
11410 0.7182 875.972446 0.000000 1.30900002 128.000000 21.725426 127.900040 0.000000 0.000000
11420 0.8095 875.981247 0.000000 1.30900002 128.000000 21.725428 127.900047 0.000000 0.000000
11430 0.8167 875.989862 0.000000 1.30900002 128.000000 21.725428 127.900055 0.000000 0.000000
11440 0.8960 875.998460 0.000000 1.30900002 128.000000 21.725428 127.900047 0.000000 0.000000
11450 0.7705 876.007177 0.000000 1.30900002 128.000000 21.725428 127.900047 0.000000 0.000000
11460 0.9170 876.015755 0.000000 1.30900002 128.000000 21.725428 127.900040 0.000000 0.000000
11470 0.7223 876.024161 0.000000 1.30900002 128.000000 21.725426 127.900040 0.000000 0.000000
11480 0.6993 876.032501 0.000000 1.30900002 128.000000 21.725428 127.900047 0.000000 0.000000
11490 0.7109 876.040831 0.000000 1.30900002 128.000000 21.725430 127.900055 0.000000 0.000000
11500 0.8212 876.049515 0.000000 1.30900002 128.000000 21.725428 127.900047 0.000000 0.000000
11510 0.5964 876.058020 0.000000 1.30900002 128.000000 21.725428 127.900040 0.000000 0.000000
11520 0.8393 876.066704 0.000000 1.30900002 128.000000 21.725428 127.900047 0.000000 0.000000
11530 0.8962 876.075313 0.000000 1.30900002 128.000000 21.725428 127.900040 0.000000 0.000000
11540 0.8584 876.083768 0.000000 1.30900002 128.000000 21.725426 127.900047 0.000000 0.000000
11550 0.8381 876.092328 0.000000 1.30900002 128.000000 21.725428 127.900040 0.000000 0.000000
11560 0.8494 876.100955 0.000000 1.30900002 128.000000 21.725426 127.900047 0.000000 0.000000
11570 0.8914 876.109366 0.000000 1.30900002 128.000000 21.725428 127.900047 0.000000 0.000000
11580 1.1562 876.118299 0.000000 1.30900002 128.000000 21.725426 127.900047 0.000000 0.000000
11590 0.9545 876.126541 0.000000 1.30900002 128.000000 21.725428 127.900040 0.000000 0.000000
11600 1.5880 876.135783 0.000000 1.30900002 128.000000 21.725428 127.900047 0.000000 0.000000
11610 1.1551 876.144458 0.000000 1.30900002 128.000000 21.725428 127.900040 0.000000 0.000000
11620 0.7511 876.153156 0.000000 1.30900002 128.000000 21.725426 127.900040 0.000000 0.000000
11630 0.6913 876.161702 0.000000 1.30900002 128.000000 21.725428 127.900047 0.000000 0.000000
11640 0.7492 876.170247 0.000000 1.30900002 128.000000 21.725428 127.900047 0.000000 0.000000
11650 0.7680 876.178862 0.000000 1.30900002 128.000000 21.725428 127.900047 0.000000 0.000000
11660 0.9183 876.187431 0.000000 1.30900002 128.000000 21.725428 127.900040 0.000000 0.000000
11670 0.7298 876.195727 0.000000 1.30900002 128.000000 21.725428 127.900047 0.000000 0.000000
11680 0.7823 876.204118 0.000000 1.30900002 128.000000 21.725428 127.900040 0.000000 0.000000
11690 0.7577 876.212982 0.000000 1.30900002 128.000000 21.725428 127.900047 0.000000 0.000000
11700 0.7464 876.221687 0.000000 1.30900002 128.000000 21.725428 127.900047 0.000000 0.000000
11710 0.7702 876.230481 0.000000 1.30900002 128.000000 21.725428 127.900047 0.000000 0.000000
11720 0.7071 876.238965 0.000000 1.30900002 128.000000 21.725428 127.900047 0.000000 0.000000
11730 0.7922 876.247824 0.000000 1.30900002 128.000000 21.725428 127.900047 0.000000 0.000000
11740 0.7105 876.256328 0.000000 1.30900002 128.000000 21.725428 127.900040 0.000000 0.000000
11750 0.7564 876.265126 0.000000 1.30900002 128.000000 21.725428 127.900047 0.000000 0.000000
11760 0.7215 876.273563 0.000000 1.30900002 128.000000 21.725428 127.900040 0.000000 0.000000
11770 0.8062 876.282128 0.000000 1.30900002 128.000000 21.725428 127.900047 0.000000 0.000000
11780 0.8004 876.290516 0.000000 1.30900002 128.000000 21.725428 127.900047 0.000000 0.000000
11790 0.6841 876.299095 0.000000 1.30900002 128.000000 21.725428 127.900047 0.000000 0.000000
11800 0.9025 876.307566 0.000000 1.30900002 128.000000 21.725426 127.900040 0.000000 0.000000
11810 0.8156 876.316180 0.000000 1.30900002 128.000000 21.725428 127.900047 0.000000 0.000000
11820 0.7599 876.324765 0.000000 1.30900002 128.000000 21.725428 127.900055 0.000000 0.000000
11830 0.8765 876.333633 0.000000 1.30900002 128.000000 21.725428 127.900047 0.000000 0.000000
11840 0.7589 876.342194 0.000000 1.30900002 128.000000 21.725428 127.900040 0.000000 0.000000
11850 0.8880 876.350928 0.000000 1.30900002 128.000000 21.725428 127.900047 0.000000 0.000000
11860 0.9087 876.359598 0.000000 1.30900002 128.000000 21.725428 127.900055 0.000000 0.000000
11870 1.4776 876.368827 0.000000 1.30900002 128.000000 21.725428 127.900055 0.000000 0.000000
11880 1.3995 876.377263 0.000000 1.30900002 128.000000 21.725428 127.900055 0.000000 0.000000
11890 1.5314 876.386001 0.000000 1.30900002 128.000000 21.725428 127.900047 0.000000 0.000000
11900 1.5345 876.394761 0.000000 1.30900002 128.000000 21.725428 127.900040 0.000000 0.000000
11910 0.7895 876.403557 0.000000 1.30900002 128.000000 21.725428 127.900047 0.000000 0.000000
11920 0.8880 876.412085 0.000000 1.30900002 128.000000 21.725428 127.900055 0.000000 0.000000
11930 0.6699 876.420652 0.000000 1.30900002 128.000000 21.725428 127.900040 0.000000 0.000000
11940 0.7037 876.429141 0.000000 1.30900002 128.000000 21.725426 127.900040 0.000000 0.000000
11950 0.7898 876.437655 0.000000 1.30900002 128.000000 21.725428 127.900040 0.000000 0.000000
11960 0.7824 876.446429 0.000000 1.30900002 128.000000 21.725428 127.900047 0.000000 0.000000
11970 0.7829 876.455100 0.000000 1.30900002 128.000000 21.725428 127.900047 0.000000 0.000000
11980 0.8428 876.463694 0.000000 1.30900002 128.000000 21.725428 127.900047 0.000000 0.000000
11990 0.8772 876.472326 0.000000 1.30900002 128.000000 21.725428 127.900055 0.000000 0.000000
12000 0.6967 876.480976 0.000000 1.30900002 128.000000 21.725428 127.900047 0.000000 0.000000
12010 0.8055 876.489699 0.000000 1.30900002 128.000000 21.725430 127.900055 0.000000 0.000000
12020 0.8631 876.498489 0.000000 1.30900002 128.000000 21.725428 127.900047 0.000000 0.000000
12030 0.8815 876.506824 0.000000 1.30900002 128.000000 21.725428 127.900040 0.000000 0.000000
12040 0.7577 876.515371 0.000000 1.30900002 128.000000 21.725428 127.900047 0.000000 0.000000
12050 0.9443 876.523966 0.000000 1.30900002 128.000000 21.725428 127.900047 0.000000 0.000000
12060 0.7099 876.532584 0.000000 1.30900002 128.000000 21.725428 127.900047 0.000000 0.000000
12070 0.6364 876.541276 0.000000 1.30900002 128.000000 21.725426 127.900040 0.000000 0.000000
12080 0.7109 876.549909 0.000000 1.30900002 128.000000 21.725428 127.900047 0.000000 0.000000
12090 0.7199 876.558554 0.000000 1.30900002 128.000000 21.725428 127.900047 0.000000 0.000000
12100 0.7453 876.567516 0.000000 1.30900002 128.000000 21.725428 127.900040 0.000000 0.000000
12110 0.9598 876.576039 0.000000 1.30900002 128.000000 21.725428 127.900055 0.000000 0.000000
12120 1.4883 876.585464 0.000000 1.30900002 128.000000 21.725428 127.900055 0.000000 0.000000
12130 1.4297 876.594042 0.000000 1.30900002 128.000000 21.725428 127.900040 0.000000 0.000000
12140 1.5090 876.602779 0.000000 1.30900002 128.000000 21.725430 127.900047 0.000000 0.000000
12150 0.8104 876.611291 0.000000 1.30900002 128.000000 21.725428 127.900047 0.000000 0.000000
12160 0.6867 876.619970 0.000000 1.30900002 128.000000 21.725428 127.900040 0.000000 0.000000
12170 0.8298 876.628532 0.000000 1.30900002 128.000000 21.725428 127.900047 0.000000 0.000000
12180 0.7760 876.637103 0.000000 1.30900002 128.000000 21.725428 127.900055 0.000000 0.000000
12190 0.8902 876.645701 0.000000 1.30900002 128.000000 21.725428 127.900040 0.000000 0.000000
12200 0.7197 876.654355 0.000000 1.30900002 128.000000 21.725428 127.900047 0.000000 0.000000
12210 0.8002 876.663086 0.000000 1.30900002 128.000000 21.725430 127.900047 0.000000 0.000000
12220 0.7837 876.671602 0.000000 1.30900002 128.000000 21.725428 127.900055 0.000000 0.000000
12230 0.7245 876.680221 0.000000 1.30900002 128.000000 21.725428 127.900047 0.000000 0.000000
12240 0.8030 876.688861 0.000000 1.30900002 128.000000 21.725428 127.900040 0.000000 0.000000
12250 0.8499 876.697525 0.000000 1.30900002 128.000000 21.725428 127.900047 0.000000 0.000000
12260 0.8414 876.706009 0.000000 1.30900002 128.000000 21.725426 127.900047 0.000000 0.000000
12270 0.7036 876.714462 0.000000 1.30900002 128.000000 21.725428 127.900047 0.000000 0.000000
12280 0.7278 876.723043 0.000000 1.30900002 128.000000 21.725426 127.900040 0.000000 0.000000
12290 0.7810 876.731589 0.000000 1.30900002 128.000000 21.725428 127.900047 0.000000 0.000000
12300 0.8575 876.740062 0.000000 1.30900002 128.000000 21.725428 127.900047 0.000000 0.000000
12310 0.6894 876.748514 0.000000 1.30900002 128.000000 21.725428 127.900047 0.000000 0.000000
12320 0.7053 876.756964 0.000000 1.30900002 128.000000 21.725428 127.900047 0.000000 0.000000
12330 0.7955 876.765715 0.000000 1.30900002 128.000000 21.725428 127.900047 0.000000 0.000000
12340 0.7455 876.774422 0.000000 1.30900002 128.000000 21.725428 127.900040 0.000000 0.000000
12350 0.8570 876.782945 0.000000 1.30900002 128.000000 21.725428 127.900047 0.000000 0.000000
12360 0.6203 876.791397 0.000000 1.30900002 128.000000 21.725428 127.900047 0.000000 0.000000
12370 0.8519 876.799995 0.000000 1.30900002 128.000000 21.725428 127.900047 0.000000 0.000000
12380 0.6950 876.808346 0.000000 1.30900002 128.000000 21.725428 127.900040 0.000000 0.000000
12390 0.8597 876.816891 0.000000 1.30900002 128.000000 21.725428 127.900040 0.000000 0.000000
12400 0.7539 876.825454 0.000000 1.30900002 128.000000 21.725428 127.900055 0.000000 0.000000
12410 0.7631 876.834220 0.000000 1.30900002 128.000000 21.725426 127.900047 0.000000 0.000000
12420 0.8333 876.842838 0.000000 1.30900002 128.000000 21.725428 127.900047 0.000000 0.000000
12430 0.7780 876.851384 0.000000 1.30900002 128.000000 21.725428 127.900047 0.000000 0.000000
12440 1.0083 876.860092 0.000000 1.30900002 128.000000 21.725428 127.900040 0.000000 0.000000
12450 0.8112 876.868647 0.000000 1.30900002 128.000000 21.725428 127.900047 0.000000 0.000000
12460 1.5548 876.877976 0.000000 1.30900002 128.000000 21.725428 127.900040 0.000000 0.000000
12470 0.7907 876.886365 0.000000 1.30900002 128.000000 21.725430 127.900047 0.000000 0.000000
12480 0.6529 876.894023 0.000000 1.30900002 128.000000 21.725428 127.900040 0.000000 0.000000
12490 0.7027 876.903171 0.000000 1.30900002 128.000000 21.725428 127.900055 0.000000 0.000000
12500 1.6615 876.911925 0.000000 1.30900002 128.000000 21.725428 127.900040 0.000000 0.000000
12510 0.7300 876.920390 0.000000 1.30900002 128.000000 21.725428 127.900047 0.000000 0.000000
12520 0.7048 876.928779 0.000000 1.30900002 128.000000 21.725428 127.900047 0.000000 0.000000
12530 0.6957 876.937265 0.000000 1.30900002 128.000000 21.725428 127.900055 0.000000 0.000000
12540 0.8834 876.946024 0.000000 1.30900002 128.000000 21.725426 127.900047 0.000000 0.000000
12550 0.6856 876.954462 0.000000 1.30900002 128.000000 21.725428 127.900040 0.000000 0.000000
12560 0.7520 876.963310 0.000000 1.30900002 128.000000 21.725426 127.900055 0.000000 0.000000
