# Daggerfall N per-frame log -- one line per PRESENTED frame.
# No readback, no settle, no cooldown: this instrument cannot
# quiet the thing it is pointed at. Between-frames motion is
# arithmetic on adjacent lines.
# frame dt_ms game_s speed fov_y eye_x eye_y eye_z yaw pitch
# DECIMATED 1:10 from the raw DFN_FRAME_LOG (the run presented ~1150 frames/s,
# so this keeps ~115 samples per second against a 60 Hz simulation tick --
# every tick is still sampled about twice, and the quantity claimed from this
# file is a SUSTAINED DISPLACEMENT (mm of eye travel) plus the SHAPE of a
# 0.15 s ramp, neither of which decimation can hide. It is NOT a per-frame
# meander like docs/FINDING_RUN_SMEAR.md, where every frame had to be kept.
0 6.2377 864.006238 0.000000 1.30900002 128.000000 21.925941 128.000000 0.000000 0.000000
4 10.6504 864.022544 0.000000 1.30900002 128.001846 21.924980 127.964790 0.018463 0.000000
8 140.3200 864.612772 5.999242 1.37878239 129.250763 21.655184 126.357773 1.087322 0.000000
12 173.1127 865.459229 3.465342 1.40015721 131.230225 22.003466 126.293457 1.670540 0.000000
16 0.2093 865.478979 4.519698 1.39804065 131.312378 22.045349 126.294456 1.671042 0.000000
20 9.9132 865.541107 6.000067 1.39925039 131.662598 22.065868 126.305008 1.672147 0.000000
24 0.1765 865.582982 6.000067 1.40113986 131.913422 22.008602 126.328461 1.672218 0.000000
28 3.7577 865.593809 6.000067 1.40158176 131.978195 21.871986 126.335175 1.672218 0.000000
32 15.7217 865.618582 5.992780 1.40254486 132.126266 21.691483 126.351257 1.672218 0.000000
36 3.5242 865.632767 5.992780 1.40305388 132.210876 21.697224 126.361023 1.672219 0.000000
40 0.1486 865.643993 5.992780 1.40343595 132.277802 21.702642 126.369110 1.672218 0.000000
44 0.1553 865.658544 5.992780 1.40391409 132.364502 21.710232 126.379860 1.672217 0.000000
48 3.0191 865.666911 5.992780 1.40418231 132.414337 21.714809 126.386154 1.672217 0.000000
52 3.2568 865.678285 5.992780 1.40452766 132.482040 21.721392 126.395020 1.672217 0.000000
56 12.2008 865.697206 5.992780 1.40507936 132.594650 21.732380 126.410141 1.672216 0.000000
60 10.6102 865.711787 5.992780 1.40547979 132.681366 21.740551 126.422134 1.672215 0.000000
64 2.3467 865.718180 5.986544 1.40565050 132.719376 21.744135 126.427460 1.672215 0.000000
68 3.3760 865.729877 5.986544 1.40594542 132.788834 21.750881 126.437370 1.672214 0.000000
72 2.0336 865.738736 5.986544 1.40616131 132.841415 21.755556 126.444954 1.672213 0.000000
76 1.9527 865.747332 5.986544 1.40636635 132.892456 21.759830 126.452362 1.672212 0.000000
80 0.1528 865.759298 5.986544 1.40663958 132.963470 21.764833 126.462769 1.672209 0.000000
84 11.0083 865.778196 5.986544 1.40705168 133.075607 21.771042 126.479324 1.672206 0.000000
88 2.1438 865.784585 5.986544 1.40718651 133.113525 21.772722 126.484932 1.672205 0.000000
92 3.1896 865.801405 5.986544 1.40752435 133.213318 21.775429 126.499718 1.672202 0.000000
96 3.6203 865.816234 5.986544 1.40780735 133.301300 21.776281 126.512718 1.672199 0.000000
100 0.1439 865.829108 5.986544 1.40804040 133.377686 21.775734 126.523911 1.672197 0.000000
104 0.1685 865.847476 5.986544 1.40835822 133.486664 21.773666 126.539703 1.672193 0.000000
108 0.1400 865.860931 5.986590 1.40857792 133.566528 21.771168 126.551056 1.672190 0.000000
112 7.9846 865.874964 5.986590 1.40879750 133.649841 21.768080 126.562698 1.672187 0.000000
116 1.9546 865.880552 5.986590 1.40888286 133.683029 21.766766 126.567291 1.672186 0.000000
120 2.0535 865.889185 5.984769 1.40900922 133.734283 21.764959 126.574234 1.672184 0.000000
124 1.9967 865.897654 5.984769 1.40913045 133.784561 21.763298 126.580994 1.672182 0.000000
128 0.1390 865.913251 5.975848 1.40933383 133.877075 21.761288 126.593109 1.672179 0.000000
132 0.1737 865.928805 5.976759 1.40952575 133.969376 21.759808 126.604767 1.672172 0.000000
136 0.1473 865.945316 5.976759 1.40971923 134.067383 21.759235 126.616653 1.672165 0.000000
140 13.1978 865.964668 5.976759 1.40993345 134.182358 21.760355 126.629944 1.672156 0.000000
144 9.4305 865.977399 5.976759 1.41006613 134.258011 21.762560 126.638199 1.672151 0.000000
148 2.5919 865.983778 5.976712 1.41013181 134.295929 21.763824 126.642288 1.672148 0.000000
152 3.2440 865.997380 5.976712 1.41026461 134.376831 21.767998 126.650558 1.672142 0.000000
156 0.1465 866.012314 5.976712 1.41040397 134.465698 21.774002 126.659225 1.672135 0.000000
160 0.1549 866.030132 5.976712 1.41056192 134.571777 21.782974 126.668968 1.672127 0.000000
164 1.9154 866.037833 5.976712 1.41062701 134.617645 21.787468 126.672958 1.672124 0.000000
168 1.9654 866.046331 5.976712 1.41069734 134.668259 21.792757 126.677261 1.672120 0.000000
172 0.1540 866.061492 5.975801 1.41081655 134.758621 21.803251 126.684563 1.672113 0.000000
176 11.1232 866.078690 5.969473 1.41093862 134.861084 21.816635 126.692368 1.672105 0.000000
180 2.2848 866.085315 5.968703 1.41098285 134.900543 21.822002 126.695267 1.672102 0.000000
184 3.5115 866.099769 5.968703 1.41107523 134.986664 21.833879 126.701332 1.672094 0.000000
188 0.1622 866.114720 5.968703 1.41116560 135.075760 21.845869 126.707260 1.672084 0.000000
192 0.1403 866.128129 5.968657 1.41124284 135.155701 21.856125 126.712341 1.672075 0.000000
196 0.1675 866.145187 5.968657 1.41133654 135.257431 21.868244 126.718567 1.672063 0.000000
200 10.2036 866.161567 5.968657 1.41142166 135.355133 21.878485 126.724327 1.672053 0.000000
204 2.2216 866.168077 5.968657 1.41145456 135.393951 21.882229 126.726585 1.672048 0.000000
208 4.1166 866.182846 5.968657 1.41152596 135.482071 21.889490 126.731621 1.672038 0.000000
212 2.6000 866.191973 5.968657 1.41156769 135.536499 21.892981 126.734695 1.672032 0.000000
216 2.4537 866.200914 5.968657 1.41160834 135.589844 21.896236 126.737709 1.672026 0.000000
220 3.5845 866.214412 5.968657 1.41166687 135.670380 21.899738 126.742279 1.672016 0.000000
224 0.1457 866.227966 5.968657 1.41172266 135.751221 21.902004 126.746948 1.672007 0.000000
228 0.1544 866.244805 5.960507 1.41178155 135.851547 21.904203 126.752884 1.671994 0.000000
232 10.3967 866.261680 5.962282 1.41183531 135.952057 21.905014 126.759048 1.671981 0.000000
236 2.3381 866.268204 5.959738 1.41185570 135.990906 21.905060 126.761490 1.671976 0.000000
240 3.1091 866.284457 5.960601 1.41190124 136.087616 21.904716 126.767868 1.671962 0.000000
244 3.8294 866.299760 5.960601 1.41194284 136.178696 21.904005 126.774170 1.671947 0.000000
248 0.1811 866.316275 5.960601 1.41198552 136.276886 21.903343 126.781387 1.671932 0.000000
252 0.1420 866.328710 5.960601 1.41201580 136.350815 21.903276 126.787155 1.671919 0.000000
256 2.1785 866.339032 5.960601 1.41204011 136.412155 21.903595 126.792145 1.671909 0.000000
260 2.1797 866.348009 5.960601 1.41206086 136.465485 21.904125 126.796608 1.671900 0.000000
264 2.4997 866.357332 5.960601 1.41208148 136.520844 21.905308 126.801476 1.671891 0.000000
268 2.6825 866.366451 5.960601 1.41210127 136.574997 21.906630 126.806305 1.671882 0.000000
272 2.6497 866.375308 5.960554 1.41211951 136.627563 21.908810 126.811279 1.671873 0.000000
276 1.8874 866.384407 5.960554 1.41213810 136.681564 21.911194 126.816444 1.671864 0.000000
280 2.2885 866.393459 5.960554 1.41215575 136.735229 21.914478 126.821846 1.671855 0.000000
284 2.0964 866.402673 5.947036 1.41217053 136.789841 21.918385 126.827461 1.671845 0.000000
288 2.1135 866.411593 5.947036 1.41217721 136.842575 21.923504 126.833130 1.671836 0.000000
292 2.0035 866.420809 5.950584 1.41218507 136.897064 21.929100 126.839111 1.671826 0.000000
296 2.0415 866.429799 5.950584 1.41219413 136.950241 21.934933 126.845123 1.671814 0.000000
300 2.1411 866.439028 5.950584 1.41220295 137.004791 21.941492 126.851479 1.671803 0.000000
304 2.4789 866.448243 5.950584 1.41221154 137.059250 21.948400 126.857948 1.671792 0.000000
308 2.9010 866.457871 5.951448 1.41222095 137.116150 21.956242 126.864967 1.671781 0.000000
312 2.9741 866.467102 5.951448 1.41222990 137.170670 21.963921 126.871758 1.671770 0.000000
316 2.7705 866.476929 5.951448 1.41223872 137.228699 21.972645 126.879272 1.671758 0.000000
320 2.1501 866.485989 5.951400 1.41224682 137.282181 21.980774 126.886276 1.671747 0.000000
324 2.1555 866.495037 5.951400 1.41225445 137.335587 21.989088 126.893448 1.671736 0.000000
328 2.0333 866.504214 5.951400 1.41226220 137.389725 21.997528 126.900818 1.671726 0.000000
332 2.1117 866.513368 5.951400 1.41226947 137.443726 22.005955 126.908310 1.671715 0.000000
336 2.0069 866.522197 5.951400 1.41227639 137.495789 22.013926 126.915642 1.671704 0.000000
340 2.0399 866.531140 5.951400 1.41228318 137.548538 22.021906 126.923149 1.671693 0.000000
344 2.4277 866.540572 5.951400 1.41229010 137.604156 22.029915 126.931190 1.671682 0.000000
348 2.9178 866.549845 5.951400 1.41229677 137.658813 22.037666 126.939148 1.671671 0.000000
352 2.8250 866.558728 5.951354 1.41230285 137.711166 22.044388 126.946877 1.671660 0.000000
356 2.7401 866.567513 5.948621 1.41230869 137.762939 22.050951 126.954529 1.671649 0.000000
360 2.1443 866.576497 5.948621 1.41231251 137.815857 22.056982 126.962448 1.671638 0.000000
364 2.0106 866.585413 5.949532 1.41231632 137.868362 22.062721 126.970299 1.671627 0.000000
368 2.2226 866.594348 5.949532 1.41232061 137.920990 22.067667 126.978218 1.671615 0.000000
372 2.0129 866.603190 5.949532 1.41232467 137.973083 22.072187 126.986053 1.671604 0.000000
376 1.8751 866.611674 5.949532 1.41232860 138.023041 22.075888 126.993568 1.671593 0.000000
380 2.0790 866.620830 5.949485 1.41233253 138.076996 22.079403 127.001671 1.671581 0.000000
384 1.9974 866.629756 5.949485 1.41233623 138.129562 22.082275 127.009552 1.671569 0.000000
388 2.0409 866.638745 5.949485 1.41234004 138.182526 22.084595 127.017441 1.671558 0.000000
392 2.0844 866.647548 5.949485 1.41234362 138.234375 22.086500 127.025131 1.671546 0.000000
396 2.5757 866.656806 5.952940 1.41234910 138.288956 22.087742 127.033127 1.671534 0.000000
400 2.1683 866.665258 5.952940 1.41235447 138.338806 22.088627 127.040390 1.671523 0.000000
404 2.4609 866.674464 5.952029 1.41235971 138.393097 22.089157 127.048187 1.671512 0.000000
408 2.9695 866.683629 5.951982 1.41236472 138.447159 22.089594 127.055908 1.671502 0.000000
412 2.3431 866.692574 5.951982 1.41236913 138.499908 22.089687 127.063263 1.671492 0.000000
416 2.1600 866.701333 5.951982 1.41237366 138.551590 22.089766 127.070435 1.671481 0.000000
420 1.9955 866.710454 5.951982 1.41237819 138.605408 22.089771 127.077713 1.671471 0.000000
424 2.0645 866.719277 5.951982 1.41238248 138.657486 22.089832 127.084702 1.671461 0.000000
428 2.0084 866.728011 5.951982 1.41238630 138.709061 22.090019 127.091446 1.671451 0.000000
432 2.0655 866.736869 5.948339 1.41238928 138.761353 22.090454 127.098175 1.671440 0.000000
436 1.9170 866.745661 5.948339 1.41239059 138.813263 22.091248 127.104706 1.671430 0.000000
440 1.9642 866.754629 5.949250 1.41239214 138.866226 22.092375 127.111206 1.671419 0.000000
444 2.0409 866.763531 5.949250 1.41239405 138.918823 22.093790 127.117523 1.671408 0.000000
448 2.7080 866.772960 5.949203 1.41239583 138.974548 22.095886 127.124016 1.671396 0.000000
452 2.6686 866.781883 5.949203 1.41239738 139.027283 22.098152 127.130043 1.671385 0.000000
456 2.5941 866.790649 5.949203 1.41239905 139.079132 22.101181 127.135727 1.671374 0.000000
460 2.5605 866.799633 5.949203 1.41240072 139.132278 22.104446 127.141495 1.671363 0.000000
464 2.0832 866.808481 5.949203 1.41240215 139.184631 22.108654 127.146866 1.671351 0.000000
468 2.0749 866.817473 5.949203 1.41240370 139.237869 22.113068 127.152290 1.671340 0.000000
472 2.4278 866.826519 5.949203 1.41240513 139.291443 22.118465 127.157463 1.671328 0.000000
476 2.1901 866.835354 5.951748 1.41240692 139.343765 22.123919 127.162430 1.671317 0.000000
480 2.0949 866.844498 5.951748 1.41241002 139.397980 22.130207 127.167328 1.671305 0.000000
484 2.0618 866.853226 5.951702 1.41241324 139.449722 22.136524 127.171898 1.671294 0.000000
488 2.0473 866.862172 5.951702 1.41241622 139.502777 22.143553 127.176376 1.671284 0.000000
492 1.9825 866.871081 5.951702 1.41241908 139.555634 22.150867 127.180702 1.671274 0.000000
496 1.8965 866.879691 5.951702 1.41242194 139.606735 22.158253 127.184753 1.671264 0.000000
500 2.6812 866.889477 5.951702 1.41242492 139.664841 22.166931 127.189178 1.671253 0.000000
504 2.6999 866.898362 5.951702 1.41242754 139.717575 22.174959 127.193077 1.671244 0.000000
508 2.7491 866.907310 5.946237 1.41242695 139.770691 22.183388 127.196823 1.671233 0.000000
512 2.4689 866.916039 5.946237 1.41242552 139.822495 22.191687 127.200439 1.671223 0.000000
516 2.0292 866.925233 5.947148 1.41242480 139.877075 22.200260 127.204048 1.671212 0.000000
520 2.0941 866.934371 5.947148 1.41242409 139.931351 22.208725 127.207588 1.671201 0.000000
524 2.4667 866.943344 5.947148 1.41242337 139.984650 22.216705 127.210915 1.671190 0.000000
528 2.0225 866.952120 5.947101 1.41242266 140.036789 22.224367 127.214127 1.671178 0.000000
532 2.0530 866.960957 5.947101 1.41242206 140.089294 22.231621 127.217247 1.671167 0.000000
536 2.0118 866.969869 5.947101 1.41242146 140.142242 22.238649 127.220352 1.671156 0.000000
540 2.0686 866.979024 5.947101 1.41242087 140.196655 22.245338 127.223488 1.671144 0.000000
544 2.0138 866.987934 5.947101 1.41242027 140.249603 22.251362 127.226501 1.671133 0.000000
548 2.0681 866.996882 5.947101 1.41241956 140.302780 22.256947 127.229492 1.671121 0.000000
552 2.7024 867.006343 5.947055 1.41241896 140.359009 22.262119 127.232620 1.671109 0.000000
556 2.6516 867.015189 5.947055 1.41241848 140.411591 22.266623 127.235542 1.671097 0.000000
560 2.5323 867.024250 5.947055 1.41241789 140.465454 22.270348 127.238541 1.671085 0.000000
564 2.6606 867.033314 5.947055 1.41241741 140.519333 22.273903 127.241554 1.671074 0.000000
568 1.9348 867.042144 5.947055 1.41241693 140.571808 22.276386 127.244537 1.671062 0.000000
572 2.1344 867.051178 5.947055 1.41241646 140.625504 22.278812 127.247597 1.671050 0.000000
576 1.8911 867.059788 5.947055 1.41241586 140.676666 22.280388 127.250595 1.671038 0.000000
580 2.5428 867.069116 5.942501 1.41241443 140.732086 22.281973 127.253883 1.671025 0.000000
584 2.0193 867.077806 5.942501 1.41241086 140.783661 22.283115 127.257019 1.671013 0.000000
588 1.9060 867.086596 5.942454 1.41240728 140.835831 22.284088 127.260254 1.671000 0.000000
592 2.0671 867.095627 5.942454 1.41240346 140.889420 22.284760 127.263687 1.670987 0.000000
596 2.0105 867.104496 5.942454 1.41240013 140.942047 22.285307 127.267166 1.670974 0.000000
600 2.1332 867.113645 5.942454 1.41239667 140.996307 22.285759 127.270836 1.670960 0.000000
604 2.6962 867.123185 5.942454 1.41239321 141.052887 22.286259 127.274834 1.670946 0.000000
608 2.8157 867.132240 5.942454 1.41238999 141.106583 22.286751 127.278702 1.670932 0.000000
612 2.4155 867.140776 5.942408 1.41238701 141.157166 22.287466 127.282555 1.670919 0.000000
616 2.4750 867.149899 5.942408 1.41238391 141.211243 22.288271 127.286720 1.670905 0.000000
620 2.4182 867.159052 5.942408 1.41238093 141.265457 22.289639 127.291168 1.670890 0.000000
624 2.1164 867.168093 5.942408 1.41237795 141.319000 22.291117 127.295601 1.670876 0.000000
628 2.0137 867.177061 5.942408 1.41237509 141.372101 22.293222 127.300255 1.670862 0.000000
632 2.0972 867.186097 5.942361 1.41237247 141.425583 22.295630 127.305031 1.670848 0.000000
636 2.1883 867.194977 5.942361 1.41236985 141.478119 22.298628 127.309937 1.670833 0.000000
640 2.0802 867.203843 5.942361 1.41236734 141.530579 22.302059 127.314964 1.670819 0.000000
644 2.0411 867.212760 5.942361 1.41236484 141.583298 22.306084 127.320198 1.670805 0.000000
648 2.0226 867.221662 5.944089 1.41236305 141.635925 22.310642 127.325592 1.670790 0.000000
652 2.1018 867.230599 5.944089 1.41236198 141.688751 22.315641 127.331139 1.670775 0.000000
656 2.5746 867.240052 5.941357 1.41235936 141.744598 22.321787 127.337250 1.670760 0.000000
660 2.7415 867.249272 5.941357 1.41235638 141.799042 22.328121 127.343315 1.670746 0.000000
664 2.1308 867.258313 5.942268 1.41235411 141.852417 22.335180 127.349533 1.670731 0.000000
668 2.0906 867.267178 5.942222 1.41235185 141.904739 22.342215 127.355675 1.670717 0.000000
672 2.0553 867.275974 5.942222 1.41234982 141.956635 22.349892 127.362022 1.670702 0.000000
676 2.3590 867.284911 5.942222 1.41234779 142.009354 22.357786 127.368523 1.670687 0.000000
680 2.2696 867.293787 5.942222 1.41234577 142.061676 22.366070 127.375206 1.670673 0.000000
684 1.9575 867.302726 5.942222 1.41234374 142.114380 22.374500 127.382011 1.670658 0.000000
688 1.9808 867.311714 5.942222 1.41234207 142.167358 22.383184 127.389038 1.670643 0.000000
692 2.0109 867.320569 5.942175 1.41234016 142.219543 22.391752 127.396042 1.670627 0.000000
696 2.0165 867.329448 5.942175 1.41233826 142.271835 22.400360 127.403198 1.670612 0.000000
700 2.0886 867.338593 5.942175 1.41233659 142.325699 22.409084 127.410690 1.670596 0.000000
704 2.8085 867.348247 5.942175 1.41233468 142.382553 22.418188 127.418686 1.670579 0.000000
708 2.7152 867.357148 5.942129 1.41233301 142.434967 22.426189 127.426178 1.670563 0.000000
712 2.5998 867.365912 5.942129 1.41233146 142.486557 22.433973 127.433586 1.670547 0.000000
716 1.9890 867.374803 5.942129 1.41232991 142.538879 22.441227 127.441223 1.670531 0.000000
720 2.0718 867.383952 5.942129 1.41232812 142.592743 22.448566 127.449089 1.670515 0.000000
724 2.8237 867.392802 5.942129 1.41232669 142.644806 22.454853 127.456787 1.670499 0.000000
728 2.0832 867.401600 5.942036 1.41232514 142.696579 22.460930 127.464455 1.670483 0.000000
732 2.0785 867.410471 5.942036 1.41232383 142.748779 22.466274 127.472206 1.670466 0.000000
736 1.9707 867.420043 5.937482 1.41232097 142.805084 22.471725 127.480576 1.670448 0.000000
740 2.0687 867.429187 5.937482 1.41231608 142.858841 22.476376 127.488586 1.670431 0.000000
744 2.0637 867.438055 5.938393 1.41231191 142.910980 22.480297 127.496330 1.670414 0.000000
748 2.1389 867.447018 5.938393 1.41230822 142.963715 22.483738 127.504150 1.670397 0.000000
752 2.7840 867.456603 5.938346 1.41230428 143.020081 22.486719 127.512451 1.670378 0.000000
756 2.9092 867.465527 5.938346 1.41230071 143.072571 22.489201 127.520157 1.670360 0.000000
760 2.6443 867.474661 5.938346 1.41229713 143.126297 22.491028 127.527954 1.670341 0.000000
764 2.4113 867.483673 5.938300 1.41229367 143.179321 22.492706 127.535622 1.670323 0.000000
768 2.0560 867.492475 5.938300 1.41229057 143.231110 22.493776 127.542969 1.670305 0.000000
772 2.4675 867.501458 5.939862 1.41228747 143.283981 22.494801 127.550446 1.670286 0.000000
776 1.9135 867.510111 5.939862 1.41228557 143.334930 22.495445 127.557556 1.670268 0.000000
780 2.0267 867.519254 5.939815 1.41228366 143.388763 22.496099 127.565002 1.670246 0.000000
784 2.0925 867.528130 5.939815 1.41228175 143.441040 22.496666 127.572067 1.670215 0.000000
788 2.0618 867.536900 5.939815 1.41228008 143.492706 22.497293 127.578964 1.670184 0.000000
792 2.0161 867.545779 5.939815 1.41227818 143.545013 22.498028 127.585800 1.670153 0.000000
796 1.9788 867.554573 5.939768 1.41227663 143.596848 22.498972 127.592438 1.670122 0.000000
800 2.1202 867.563771 5.939768 1.41227484 143.651062 22.500170 127.599243 1.670089 0.000000
804 2.6859 867.573149 5.939722 1.41227305 143.706390 22.501865 127.605972 1.670054 0.000000
808 2.7451 867.581980 5.939722 1.41227150 143.758469 22.503658 127.612213 1.670021 0.000000
812 2.3879 867.590464 5.946004 1.41227353 143.808594 22.505745 127.617966 1.669989 0.000000
816 2.2768 867.599275 5.946004 1.41227651 143.860657 22.507982 127.623909 1.669956 0.000000
820 2.0254 867.608383 5.944182 1.41227818 143.914490 22.511362 127.629753 1.669924 0.000000
824 2.0251 867.617238 5.944136 1.41227973 143.966812 22.514803 127.635376 1.669892 0.000000
828 2.2601 867.626086 5.944136 1.41228104 144.019135 22.519203 127.640732 1.669858 0.000000
832 2.2489 867.634926 5.944089 1.41228223 144.071426 22.523785 127.646004 1.669824 0.000000
836 3.4045 867.650964 5.944043 1.41228461 144.166336 22.533739 127.655067 1.669762 0.000000
840 0.2151 867.681652 5.943996 1.41228855 144.348083 22.557339 127.670914 1.669641 0.000000
844 0.1780 867.695697 5.943951 1.41229010 144.431305 22.569727 127.677521 1.669583 0.000000
848 0.1592 867.714589 5.944815 1.41229320 144.543350 22.587257 127.685898 1.669504 0.000000
852 0.1617 867.725451 5.944768 1.41229486 144.607773 22.597626 127.690399 1.669458 0.000000
856 2.4287 867.733267 5.944768 1.41229618 144.654144 22.605118 127.693596 1.669424 0.000000
860 0.1525 867.747421 5.944722 1.41229832 144.738174 22.618528 127.699043 1.669362 0.000000
864 0.1525 867.763985 5.950095 1.41230667 144.836594 22.633116 127.705139 1.669288 0.000000
868 2.5728 867.774429 5.951778 1.41231346 144.898682 22.641619 127.708794 1.669242 0.000000
872 2.8249 867.783583 5.951778 1.41231978 144.953110 22.648882 127.711952 1.669202 0.000000
876 3.5490 867.796096 5.951778 1.41232789 145.027542 22.657822 127.716125 1.669151 0.000000
880 0.1460 867.808660 5.951733 1.41233563 145.102264 22.665886 127.720253 1.669097 0.000000
884 2.1028 867.816885 5.951686 1.41234064 145.151199 22.670868 127.722931 1.669061 0.000000
888 3.5701 867.830800 5.951686 1.41234863 145.233978 22.677742 127.727402 1.668998 0.000000
892 0.1660 867.845990 5.932743 1.41233754 145.324097 22.685167 127.732315 1.668927 0.000000
896 0.1556 867.864935 5.935383 1.41232252 145.436478 22.692320 127.738525 1.668815 0.000000
900 0.1622 867.880706 5.935291 1.41231155 145.530014 22.696417 127.743828 1.668716 0.000000
904 0.1477 867.896779 5.935245 1.41230083 145.625305 22.699350 127.749435 1.668613 0.000000
908 0.1521 867.910497 5.935153 1.41229200 145.706619 22.701096 127.754425 1.668522 0.000000
912 2.0465 867.919141 5.944989 1.41228855 145.757874 22.701878 127.757660 1.668463 0.000000
916 2.0517 867.927982 5.944989 1.41229022 145.810349 22.702150 127.761093 1.668402 0.000000
920 12.0991 867.946822 5.944032 1.41229284 145.922119 22.702915 127.768738 1.668280 0.000000
924 9.6673 867.960601 5.943987 1.41229415 146.003830 22.703869 127.774719 1.668189 0.000000
928 2.8095 867.967454 5.943895 1.41229475 146.044464 22.704441 127.777756 1.668143 0.000000
932 3.6273 867.979697 5.943895 1.41229582 146.117020 22.706123 127.783516 1.668057 0.000000
936 0.1569 867.998700 5.944761 1.41229856 146.229599 22.710012 127.792946 1.667919 0.000000
940 0.1555 868.012656 5.944670 1.41230035 146.312210 22.714378 127.800369 1.667811 0.000000
944 13.0926 868.032215 5.944579 1.41230273 146.427963 22.722448 127.811363 1.667654 0.000000
948 14.8688 868.050543 5.944397 1.41230464 146.536346 22.732513 127.822403 1.667499 0.000000
952 3.1118 868.066634 5.944397 1.41230619 146.631439 22.743246 127.832657 1.667356 0.000000
956 2.0466 868.076127 5.944307 1.41230690 146.687515 22.750553 127.839020 1.667266 0.000000
960 2.4100 868.084983 5.948727 1.41230834 146.739838 22.757467 127.845009 1.667182 0.000000
964 4.0428 868.099663 5.948727 1.41231453 146.826569 22.769598 127.855293 1.667034 0.000000
968 0.1524 868.113587 0.013922 1.40776300 146.824707 22.769861 127.890930 1.709717 0.000000
972 0.1569 868.125736 0.013922 1.40385759 146.822556 22.769278 127.905487 1.747883 0.000000
976 9.0118 868.143384 0.013922 1.39843738 146.819702 22.767200 127.918121 1.803324 0.000000
980 2.5865 868.149866 0.013922 1.39649415 146.818527 22.766178 127.922729 1.823690 0.000000
984 0.1528 868.164045 0.013922 1.39247131 146.815506 22.763273 127.932701 1.868235 0.000000
988 0.1614 868.178464 5.957767 1.39252889 146.878433 22.803064 127.966072 1.913532 0.000000
992 0.1593 868.194788 5.960296 1.39359748 146.964508 22.823271 128.013336 1.964816 0.000000
996 15.2543 868.216400 5.962664 1.39493585 147.074615 22.830967 128.083023 2.032711 0.000000
1000 2.2913 868.222582 5.964934 1.39529538 147.104706 22.833511 128.105194 2.052134 0.000000
1004 1.8745 868.230960 5.964934 1.39578164 147.145416 22.836975 128.135315 2.078455 0.000000
1008 2.1928 868.239897 5.967623 1.39628077 147.187408 22.840809 128.169342 2.106529 0.000000
1012 2.4983 868.249207 5.967623 1.39679384 147.230652 22.844851 128.205460 2.135778 0.000000
1016 2.2377 868.258488 5.970456 1.39728200 147.271820 22.848846 128.243759 2.164934 0.000000
1020 2.5229 868.266632 5.970456 1.39770830 147.307785 22.852348 128.277542 2.190521 0.000000
1024 2.4409 868.275013 5.973489 1.39812553 147.342773 22.855675 128.314407 2.216851 0.000000
1028 2.4279 868.283608 5.976240 1.39855266 147.378601 22.859070 128.352280 2.243852 0.000000
1032 2.1500 868.291392 5.976240 1.39892089 147.409073 22.861755 128.388351 2.268306 0.000000
1036 2.2862 868.300314 5.979201 1.39934230 147.443924 22.864809 128.429764 2.296336 0.000000
1040 1.7645 868.308271 5.979201 1.39970005 147.472961 22.866974 128.468323 2.321332 0.000000
1044 2.4652 868.316379 5.979201 1.40006495 147.502548 22.869184 128.507629 2.346805 0.000000
1048 2.4621 868.324344 5.981081 1.40040565 147.529510 22.870687 128.547714 2.371830 0.000000
1052 2.3764 868.331823 5.981081 1.40072513 147.554733 22.872076 128.585403 2.395324 0.000000
1056 1.6582 868.338460 5.983053 1.40099740 147.575668 22.872828 128.619736 2.416174 0.000000
1060 1.6122 868.345739 5.983053 1.40129280 147.598160 22.873495 128.657684 2.439044 0.000000
1064 1.4027 868.352622 5.985186 1.40156651 147.618683 22.873913 128.693970 2.460665 0.000000
1068 1.5281 868.359513 5.985186 1.40183210 147.637985 22.873987 128.730957 2.482316 0.000000
1072 2.3238 868.366861 5.988949 1.40211499 147.658524 22.874041 128.770416 2.505400 0.000000
1076 2.4353 868.374181 5.988949 1.40238404 147.676910 22.873241 128.810699 2.528396 0.000000
1080 1.7163 868.380521 5.988949 1.40261698 147.692825 22.872545 128.845596 2.548311 0.000000
1084 1.4596 868.387347 5.991137 1.40286076 147.708801 22.871544 128.883636 2.569757 0.000000
1088 1.7573 868.394485 5.991137 1.40311027 147.724625 22.870316 128.923752 2.592181 0.000000
1092 1.5673 868.400997 5.992923 1.40333605 147.738800 22.869139 128.960449 2.612641 0.000000
1096 2.0692 868.407722 5.992923 1.40355933 147.751740 22.867603 128.998886 2.633768 0.000000
1100 1.5033 868.413868 5.992923 1.40376341 147.763596 22.866201 129.034027 2.653077 0.000000
1104 1.3565 868.420374 5.994922 1.40397334 147.775040 22.864594 129.071518 2.673515 0.000000
1108 1.6798 868.427199 5.994922 1.40418887 147.786224 22.862814 129.111084 2.694955 0.000000
1112 1.8717 868.433820 5.996301 1.40439713 147.796906 22.861082 129.149490 2.715757 0.000000
1116 1.8020 868.440134 5.996301 1.40458643 147.805405 22.859383 129.186493 2.735594 0.000000
1120 1.4460 868.446441 5.996301 1.40477538 147.813904 22.857683 129.223450 2.755407 0.000000
1124 1.4010 868.453160 5.997902 1.40497220 147.822052 22.855927 129.262985 2.776514 0.000000
1128 1.5758 868.459806 5.997902 1.40516150 147.829071 22.854246 129.302246 2.797393 0.000000
1132 1.9182 868.466775 5.999479 1.40535998 147.836426 22.852488 129.343460 2.819288 0.000000
1136 1.9230 868.473027 5.999479 1.40552926 147.841263 22.851147 129.380615 2.838928 0.000000
1140 1.4030 868.479167 5.999479 1.40569544 147.846008 22.849827 129.417130 2.858218 0.000000
1144 1.3271 868.485673 5.999911 1.40586817 147.850388 22.848560 129.455856 2.878656 0.000000
1148 1.4093 868.492524 5.999911 1.40604389 147.853760 22.847475 129.496735 2.900181 0.000000
1152 1.8573 868.498679 5.999911 1.40620184 147.856781 22.846500 129.533478 2.919517 0.000000
1156 1.4448 868.505018 6.000761 1.40635741 147.858490 22.845837 129.571320 2.939430 0.000000
1160 1.4419 868.511620 6.000761 1.40651762 147.859863 22.845240 129.610794 2.960172 0.000000
1164 1.4986 868.518346 6.001077 1.40667868 147.860809 22.844757 129.650986 2.981303 0.000000
1168 1.7651 868.524854 6.001077 1.40682805 147.860367 22.844650 129.689850 3.001747 0.000000
1172 2.3150 868.531643 6.001077 1.40698397 147.859909 22.844536 129.730408 3.023077 0.000000
1176 1.2530 868.537249 6.000981 1.40710783 147.858444 22.844723 129.763840 3.040688 0.000000
1180 1.3037 868.543873 6.000981 1.40725160 147.856140 22.845091 129.803314 3.061497 0.000000
1184 1.7019 868.550273 6.000555 1.40739024 147.853867 22.845459 129.841446 3.081604 0.000000
1188 1.6611 868.556422 6.000555 1.40751648 147.850052 22.846098 129.877945 3.100923 0.000000
1192 1.5428 868.562846 6.000555 1.40764856 147.846039 22.846766 129.916061 3.121104 0.000000
1196 1.6223 868.569566 6.000709 1.40778339 147.841080 22.847624 129.955841 3.142216 0.000000
1200 1.4417 868.576048 6.000709 1.40790927 147.835266 22.848656 129.994064 3.162578 0.000000
1204 2.1195 868.582677 6.000709 1.40803802 147.829315 22.849709 130.033173 3.183404 0.000000
1208 1.4699 868.588565 5.999773 1.40814698 147.822601 22.850777 130.067642 3.201902 0.000000
1212 1.2377 868.594861 5.999773 1.40826237 147.815201 22.851933 130.104462 3.221682 0.000000
1216 1.3000 868.601204 5.999621 1.40837777 147.807434 22.853048 130.141510 3.241608 0.000000
1220 1.8186 868.607829 5.999621 1.40849268 147.797836 22.853981 130.179871 3.262420 0.000000
1224 1.3066 868.613324 5.999621 1.40858805 147.789871 22.854757 130.211700 3.279684 0.000000
1228 1.2010 868.619688 6.000229 1.40869570 147.779816 22.855576 130.248352 3.299677 0.000000
1232 1.5287 868.626168 6.000229 1.40880251 147.768631 22.856319 130.285431 3.320036 0.000000
1236 1.9545 868.632553 6.000229 1.40890753 147.757599 22.857054 130.321976 3.340094 0.000000
1240 1.6110 868.638325 5.999499 1.40899789 147.746262 22.857443 130.354584 3.358226 0.000000
1244 1.5446 868.644611 5.999499 1.40909541 147.733673 22.857822 130.390015 3.377976 0.000000
1248 1.2094 868.651067 6.000113 1.40919483 147.720444 22.858126 130.426300 3.398258 0.000000
1252 2.1880 868.657254 6.000113 1.40928590 147.706329 22.858006 130.460602 3.417694 0.000000
1256 1.3758 868.662817 6.000113 1.40936780 147.693649 22.857897 130.491425 3.435172 0.000000
1260 1.5511 868.669069 6.000110 1.40945780 147.678726 22.857531 130.525803 3.454813 0.000000
1264 1.3669 868.674289 6.000110 1.40953076 147.665375 22.856903 130.554169 3.471211 0.000000
1268 1.3861 868.679943 6.000110 1.40960944 147.650925 22.856220 130.584869 3.488973 0.000000
1272 1.3961 868.686075 5.999764 1.40969276 147.634491 22.855154 130.617828 3.508238 0.000000
1276 1.4109 868.692084 5.999764 1.40977180 147.617477 22.853718 130.649719 3.527116 0.000000
1280 1.2922 868.697031 5.999764 1.40983689 147.603470 22.852537 130.675964 3.542656 0.000000
1284 1.1578 868.702749 6.000203 1.40991020 147.587448 22.850868 130.706360 3.557544 0.000000
1288 1.2077 868.708658 6.000203 1.40998375 147.571075 22.848808 130.737839 3.569495 0.000000
1292 1.4184 868.713826 6.000203 1.41004813 147.556763 22.847010 130.765366 3.579947 0.000000
1296 1.3400 868.719577 6.000203 1.41011798 147.542053 22.844690 130.796585 3.585692 0.000000
1300 1.2042 868.725309 6.000203 1.41018546 147.528625 22.842075 130.828293 3.585692 0.000000
1304 1.2416 868.730280 6.000203 1.41024399 147.516968 22.839808 130.855774 3.585692 0.000000
1308 1.1490 868.736048 6.000203 1.41031039 147.503448 22.836662 130.887665 3.585692 0.000000
1312 1.4758 868.741687 6.000203 1.41037321 147.490204 22.833021 130.918854 3.585692 0.000000
1316 1.3531 868.746845 6.000203 1.41043079 147.478104 22.829689 130.947357 3.585692 0.000000
1320 1.2913 868.752507 6.000203 1.41049242 147.464798 22.825800 130.978653 3.585692 0.000000
1324 1.6045 868.758169 6.000203 1.41055202 147.451477 22.821615 131.009933 3.585692 0.000000
1328 1.2388 868.763152 6.000203 1.41060460 147.439758 22.817932 131.037460 3.585691 0.000000
1332 1.2692 868.769111 1.503262 1.40983617 147.430206 22.814512 131.060349 3.585691 0.000000
1336 1.4935 868.774690 1.503262 1.40799761 147.427292 22.812637 131.068237 3.585691 0.000000
1340 1.3033 868.779782 1.503262 1.40631950 147.424622 22.810926 131.075455 3.585691 0.000000
1344 1.2678 868.785603 1.503262 1.40444148 147.420456 22.802063 131.085938 3.585690 0.000000
1348 1.6345 868.791083 1.503262 1.40273297 147.414917 22.783541 131.099167 3.585689 0.000000
1352 1.2967 868.796418 1.503262 1.40106964 147.409500 22.765509 131.112015 3.585688 0.000000
1356 1.2681 868.802237 1.503262 1.39929330 147.404175 22.746105 131.124771 3.585686 0.000000
1360 1.4340 868.807814 1.503262 1.39764869 147.399948 22.727913 131.135025 3.585684 0.000000
1364 0.7958 868.812936 1.503262 1.39613807 147.396057 22.711203 131.144440 3.585683 0.000000
1368 1.1907 868.818867 1.503262 1.39442396 147.391495 22.691750 131.155426 3.585681 0.000000
1372 1.6520 868.824097 1.503262 1.39296496 147.387360 22.674431 131.165237 3.585680 0.000000
1376 1.2390 868.829395 1.503262 1.39148712 147.383163 22.656893 131.175156 3.585678 0.000000
1380 1.2452 868.835188 1.503262 1.38989890 147.378525 22.637642 131.186050 3.585677 0.000000
1384 1.8345 868.840888 1.503262 1.38839471 147.373840 22.618559 131.196915 3.585675 0.000000
1388 1.0765 868.845889 1.503262 1.38707507 147.369751 22.601816 131.206451 3.585673 0.000000
1392 1.3417 868.851717 1.503262 1.38556159 147.364929 22.582256 131.217590 3.585671 0.000000
1396 1.5790 868.856970 1.503262 1.38425016 147.360443 22.564526 131.227753 3.585670 0.000000
1400 1.2248 868.862230 1.503262 1.38293695 147.355972 22.546772 131.237915 3.585668 0.000000
1404 1.2042 868.867973 1.504483 1.38152099 147.351059 22.527376 131.249054 3.585667 0.000000
1408 1.6015 868.873488 1.504483 1.38021863 147.346222 22.508709 131.259857 3.585665 0.000000
1412 1.2344 868.878697 1.504483 1.37898850 147.341644 22.491074 131.270050 3.585664 0.000000
1416 1.4408 868.884576 1.504088 1.37761593 147.336441 22.471155 131.281601 3.585662 0.000000
1420 1.7565 868.889962 1.504088 1.37641299 147.331589 22.452847 131.292267 3.585660 0.000000
1424 1.1569 868.895016 1.504088 1.37528396 147.327026 22.435663 131.302277 3.585659 0.000000
1428 1.2358 868.900704 1.504088 1.37402189 147.321884 22.416323 131.313553 3.585657 0.000000
1432 1.5666 868.906134 1.504088 1.37287450 147.316864 22.397839 131.324387 3.585655 0.000000
1436 1.2601 868.911483 1.504088 1.37174428 147.311920 22.379633 131.335068 3.585654 0.000000
1440 1.4539 868.917102 1.504088 1.37056196 147.306717 22.360506 131.346298 3.585652 0.000000
1444 1.1480 868.921983 1.504088 1.36958623 147.302094 22.343895 131.356140 3.585651 0.000000
1448 1.1600 868.927741 1.504088 1.36843514 147.296631 22.324295 131.367722 3.585649 0.000000
1452 1.5077 868.933373 1.504088 1.36730981 147.291306 22.305258 131.379028 3.585648 0.000000
1456 1.3098 868.938460 1.504088 1.36634791 147.288727 22.304688 131.384430 3.585647 0.000000
1460 1.1371 868.943968 1.504088 1.36530650 147.285934 22.304070 131.390289 3.585645 0.000000
1464 1.7782 868.949635 1.504088 1.36423492 147.283066 22.303436 131.396301 3.585644 0.000000
1468 1.2827 868.954811 1.504088 1.36330533 147.280319 22.303019 131.401901 3.585642 0.000000
1472 1.3966 868.960118 1.504088 1.36235583 147.277496 22.302605 131.407639 3.585641 0.000000
1476 1.9128 868.966015 1.504088 1.36130118 147.274368 22.302145 131.414017 3.585639 0.000000
1480 1.0978 868.970912 1.504088 1.36046624 147.271667 22.301907 131.419373 3.585638 0.000000
1484 1.1757 868.976348 1.504088 1.35954642 147.268692 22.301670 131.425339 3.585637 0.000000
1488 1.5503 868.981668 1.504088 1.35864615 147.265762 22.301437 131.431183 3.585635 0.000000
1492 1.0773 868.986699 1.504088 1.35782588 147.262924 22.301331 131.436768 3.585634 0.000000
1496 1.2308 868.992165 1.504088 1.35695088 147.259796 22.301275 131.442841 3.585632 0.000000
1500 1.3506 868.997090 1.504088 1.35616255 147.257004 22.301226 131.448334 3.585631 0.000000
1504 1.1385 869.002564 1.504088 1.35530853 147.253830 22.301250 131.454453 3.585630 0.000000
1508 1.4680 869.008181 1.504088 1.35445809 147.250534 22.301369 131.460785 3.585628 0.000000
1512 1.1309 869.013003 1.504088 1.35372794 147.247696 22.301472 131.466217 3.585627 0.000000
1516 1.2805 869.018783 1.504088 1.35287023 147.244263 22.301657 131.472763 3.585625 0.000000
1520 1.6229 869.024124 1.504088 1.35210514 147.241043 22.301926 131.478851 3.585624 0.000000
1524 1.1274 869.028998 1.504088 1.35140693 147.238098 22.302168 131.484406 3.585623 0.000000
1528 1.3073 869.034711 1.504088 1.35059941 147.234619 22.302486 131.490936 3.585621 0.000000
1532 1.7632 869.040114 1.504088 1.34986722 147.231277 22.302889 131.497162 3.585619 0.000000
1536 1.2764 869.045069 1.504088 1.34919596 147.228195 22.303257 131.502853 3.585618 0.000000
1540 1.1987 869.050761 1.504088 1.34843040 147.224670 22.303696 131.509415 3.585616 0.000000
1544 1.4588 869.055844 1.504088 1.34777892 147.221436 22.304173 131.515320 3.585615 0.000000
1548 1.1622 869.061090 1.504088 1.34710646 147.218109 22.304668 131.521408 3.585614 0.000000
1552 1.4435 869.066578 1.504088 1.34640324 147.214630 22.305185 131.527786 3.585612 0.000000
1556 1.2352 869.071429 1.504088 1.34581447 147.211502 22.305710 131.533478 3.585611 0.000000
1560 1.1632 869.076920 1.504088 1.34514880 147.207962 22.306307 131.539917 3.585609 0.000000
1564 1.9320 869.082681 1.504088 1.34445035 147.204239 22.306932 131.546677 3.585607 0.000000
1568 1.0606 869.087257 1.504088 1.34392118 147.201233 22.307465 131.552078 3.585606 0.000000
1572 1.3236 869.092835 1.504088 1.34328139 147.197556 22.308119 131.558655 3.585605 0.000000
1576 1.7186 869.098124 1.504088 1.34267485 147.194061 22.308739 131.564896 3.585603 0.000000
1580 1.2342 869.103169 1.504088 1.34211576 147.190704 22.309340 131.570877 3.585602 0.000000
1584 1.0827 869.108403 1.504088 1.34154809 147.187195 22.309967 131.577103 3.585601 0.000000
1588 1.2512 869.113209 1.504088 1.34102654 147.183975 22.310547 131.582825 3.585599 0.000000
1592 1.2140 869.118755 1.504088 1.34043717 147.180237 22.311205 131.589432 3.585598 0.000000
1596 1.9362 869.124186 1.504088 1.33987975 147.176544 22.311840 131.595932 3.585596 0.000000
1600 1.1190 869.128813 1.504088 1.33940494 147.173416 22.312382 131.601471 3.585595 0.000000
1604 1.0972 869.134305 1.504088 1.33884668 147.169678 22.313015 131.608063 3.585593 0.000000
1608 1.5140 869.139377 1.504088 1.33835423 147.166199 22.313564 131.614182 3.585592 0.000000
1612 1.0705 869.144241 1.504088 1.33788204 147.162842 22.314087 131.620026 3.585590 0.000000
1616 1.4829 869.149251 1.504088 1.33739567 147.159393 22.314629 131.626068 3.585589 0.000000
1620 0.9985 869.154137 1.502472 1.33694303 147.156006 22.314981 131.631973 3.585588 0.000000
1624 1.0830 869.159474 1.502472 1.33645284 147.152298 22.315338 131.638443 3.585586 0.000000
1628 1.6963 869.164832 1.502472 1.33596087 147.148575 22.315693 131.644928 3.585585 0.000000
1632 1.1773 869.169815 1.502867 1.33551872 147.145096 22.315992 131.650986 3.585584 0.000000
1636 1.1791 869.175151 1.502867 1.33505535 147.141357 22.316299 131.657501 3.585583 0.000000
1640 1.2360 869.179698 1.502867 1.33466017 147.138153 22.316559 131.663025 3.585582 0.000000
1644 1.1553 869.185075 1.502867 1.33420134 147.134384 22.316824 131.669586 3.585581 0.000000
1648 1.9091 869.190631 1.502867 1.33374465 147.130447 22.317009 131.676376 3.585579 0.000000
1652 1.1038 869.195209 1.502867 1.33336842 147.127213 22.317162 131.681976 3.585578 0.000000
1656 1.1946 869.200696 1.502867 1.33292067 147.123322 22.317326 131.688705 3.585577 0.000000
1660 1.2692 869.205453 1.502867 1.33255076 147.119949 22.317352 131.694565 3.585576 0.000000
1664 1.1201 869.210635 1.502867 1.33214808 147.116257 22.317379 131.700928 3.585574 0.000000
1668 1.4978 869.216328 1.502867 1.33170533 147.112213 22.317410 131.707947 3.585573 0.000000
1672 1.1118 869.220915 1.502867 1.33136678 147.108932 22.317307 131.713608 3.585572 0.000000
1676 1.1910 869.226340 1.502867 1.33096766 147.105042 22.317165 131.720306 3.585571 0.000000
1680 1.7102 869.231541 1.502867 1.33058536 147.101318 22.317036 131.726730 3.585569 0.000000
1684 1.1875 869.236484 1.502867 1.33023429 147.097778 22.316807 131.732864 3.585568 0.000000
1688 1.2822 869.241801 1.502867 1.32986450 147.093964 22.316500 131.739471 3.585567 0.000000
1692 1.2228 869.246379 1.502867 1.32954597 147.090668 22.316235 131.745148 3.585566 0.000000
1696 1.1915 869.251882 1.502867 1.32917023 147.086716 22.315853 131.751999 3.585564 0.000000
1700 1.8455 869.257265 1.502867 1.32881618 147.082855 22.315361 131.758713 3.585563 0.000000
1704 1.1029 869.261794 1.502867 1.32851815 147.079590 22.314945 131.764359 3.585562 0.000000
1708 1.1418 869.267146 1.503657 1.32816768 147.075729 22.314447 131.771042 3.585560 0.000000
1712 1.1720 869.271912 1.503657 1.32787097 147.072296 22.313917 131.777008 3.585559 0.000000
1716 1.1933 869.277330 1.503657 1.32753384 147.068359 22.313313 131.783798 3.585557 0.000000
1720 1.5288 869.282837 1.503657 1.32719100 147.064377 22.312698 131.790695 3.585556 0.000000
1724 1.1540 869.287343 1.503262 1.32692397 147.061127 22.312054 131.796371 3.585555 0.000000
1728 1.2184 869.292832 1.503262 1.32660079 147.057175 22.311249 131.803268 3.585552 0.000000
1732 1.7091 869.297996 1.503262 1.32629669 147.053452 22.310492 131.809769 3.585551 0.000000
1736 1.0463 869.302824 1.503262 1.32602143 147.049957 22.309696 131.815857 3.585549 0.000000
1740 1.1202 869.308240 1.503262 1.32571971 147.046051 22.308735 131.822693 3.585547 0.000000
1744 1.0945 869.312846 1.503262 1.32546318 147.042740 22.307917 131.828522 3.585546 0.000000
1748 1.2905 869.318514 1.503262 1.32515299 147.038651 22.306860 131.835693 3.585544 0.000000
1752 1.7919 869.323785 1.503262 1.32487524 147.034851 22.305775 131.842377 3.585542 0.000000
1756 1.1940 869.328482 1.503262 1.32462776 147.031479 22.304808 131.848328 3.585541 0.000000
1760 1.2501 869.333834 1.503262 1.32434714 147.027634 22.303696 131.855118 3.585539 0.000000
1764 1.1439 869.338408 1.503262 1.32411921 147.024338 22.302641 131.860947 3.585537 0.000000
1768 1.1259 869.343832 1.503262 1.32384884 147.020447 22.301392 131.867874 3.585536 0.000000
1772 1.9528 869.349411 1.503262 1.32357073 147.016449 22.300108 131.874985 3.585534 0.000000
1776 1.1648 869.353969 1.503262 1.32335424 147.013184 22.298979 131.880814 3.585532 0.000000
1780 1.1853 869.359312 1.503262 1.32310224 147.009369 22.297638 131.887650 3.585531 0.000000
1784 1.2348 869.363944 1.503262 1.32288396 147.006058 22.296478 131.893585 3.585529 0.000000
1788 1.2072 869.369365 1.503262 1.32263517 147.002182 22.295078 131.900528 3.585527 0.000000
1792 1.4124 869.374603 1.503262 1.32240152 146.998474 22.293684 131.907257 3.585526 0.000000
1796 0.9991 869.379166 1.503262 1.32219803 146.995224 22.292471 131.913116 3.585524 0.000000
1800 1.2277 869.384690 1.503262 1.32195485 146.991302 22.290985 131.920227 3.585522 0.000000
1804 1.5617 869.389680 1.503262 1.32174432 146.987762 22.289604 131.926651 3.585521 0.000000
1808 1.2083 869.394817 1.503262 1.32152760 146.984131 22.288185 131.933289 3.585519 0.000000
1812 1.3196 869.400108 1.503262 1.32130468 146.980408 22.286722 131.940109 3.585517 0.000000
1816 1.0672 869.404748 1.503262 1.32111955 146.977142 22.285416 131.946121 3.585515 0.000000
1820 1.3273 869.410131 1.503262 1.32090473 146.973358 22.283897 131.953094 3.585514 0.000000
1824 1.6087 869.415190 1.503262 1.32070279 146.969818 22.282475 131.959656 3.585512 0.000000
1828 1.1830 869.420210 1.503262 1.32051003 146.966309 22.281063 131.966171 3.585510 0.000000
1832 1.1499 869.425499 1.503262 1.32031035 146.962631 22.279575 131.973038 3.585508 0.000000
1836 1.3260 869.430237 1.503262 1.32013154 146.959320 22.278244 131.979202 3.585507 0.000000
1840 1.2027 869.435570 1.503262 1.31993473 146.955627 22.276756 131.986145 3.585505 0.000000
1844 1.6370 869.440620 1.503262 1.31975436 146.952133 22.275368 131.992767 3.585503 0.000000
1848 1.1202 869.445373 1.503262 1.31958449 146.948837 22.274059 131.998962 3.585502 0.000000
1852 1.1852 869.450797 1.503262 1.31939232 146.945099 22.272575 132.006073 3.585500 0.000000
1856 1.3098 869.455450 1.503262 1.31923521 146.941925 22.271347 132.012177 3.585498 0.000000
1860 1.0866 869.460640 1.503262 1.31905997 146.938354 22.269974 132.018967 3.585497 0.000000
1864 1.4610 869.466123 1.503262 1.31887472 146.934601 22.268526 132.026154 3.585495 0.000000
1868 1.2284 869.470854 1.503262 1.31872261 146.931396 22.267342 132.032379 3.585493 0.000000
1872 1.1603 869.476261 1.503262 1.31854963 146.927719 22.266001 132.039490 3.585491 0.000000
1876 1.2342 869.480965 1.503262 1.31839943 146.924530 22.264833 132.045700 3.585490 0.000000
1880 1.1218 869.486259 1.503262 1.31823528 146.920975 22.263577 132.052689 3.585488 0.000000
1884 1.0227 869.491565 1.503262 1.31807482 146.917419 22.262363 132.059692 3.585486 0.000000
1888 1.1847 869.496362 1.503262 1.31792986 146.914200 22.261271 132.066040 3.585485 0.000000
1892 1.1555 869.501764 1.503262 1.31776941 146.910583 22.260078 132.073181 3.585483 0.000000
1896 1.8468 869.507182 1.503262 1.31761444 146.906982 22.258968 132.080383 3.585481 0.000000
1900 1.1727 869.511778 1.503262 1.31748307 146.903931 22.258030 132.086487 3.585479 0.000000
1904 1.0533 869.517269 1.503262 1.31732702 146.900284 22.256922 132.093781 3.585478 0.000000
1908 1.2798 869.522099 1.503262 1.31719625 146.897110 22.256062 132.100220 3.585476 0.000000
1912 1.1869 869.527310 1.503262 1.31705534 146.893677 22.255131 132.107162 3.585474 0.000000
1916 1.7628 869.532567 1.503262 1.31691325 146.890213 22.254196 132.114166 3.585472 0.000000
1920 1.1054 869.537229 1.503262 1.31679273 146.887177 22.253475 132.120407 3.585470 0.000000
1924 1.1814 869.542727 1.503262 1.31665218 146.883606 22.252653 132.127747 3.585469 0.000000
1928 1.7622 869.548057 1.503262 1.31651580 146.880157 22.251856 132.134888 3.585467 0.000000
1932 1.2865 869.553155 1.503262 1.31638968 146.876862 22.251184 132.141708 3.585465 0.000000
1936 1.1256 869.558402 1.503262 1.31626248 146.873489 22.250551 132.148758 3.585463 0.000000
1940 1.1581 869.563041 1.503262 1.31615031 146.870514 22.249992 132.154984 3.585462 0.000000
1944 1.1568 869.568464 1.503262 1.31602120 146.867050 22.249393 132.162277 3.585459 0.000000
1948 1.5790 869.573772 1.503262 1.31589973 146.863663 22.248909 132.169418 3.585458 0.000000
1952 1.2000 869.578546 1.503262 1.31579041 146.860641 22.248474 132.175858 3.585456 0.000000
1956 1.1144 869.584040 1.504483 1.31566548 146.857162 22.248003 132.183273 3.585454 0.000000
1960 1.2640 869.588797 1.504483 1.31556237 146.854156 22.247749 132.189697 3.585453 0.000000
1964 1.0803 869.594117 1.504483 1.31544721 146.850830 22.247467 132.196899 3.585451 0.000000
1968 1.3781 869.599609 1.504483 1.31532812 146.847366 22.247175 132.204330 3.585449 0.000000
1972 1.1817 869.604355 1.504483 1.31523037 146.844421 22.247028 132.210785 3.585447 0.000000
1976 1.1951 869.609722 1.504483 1.31512046 146.841080 22.246872 132.218048 3.585445 0.000000
1980 1.6794 869.614889 1.504483 1.31501448 146.837860 22.246721 132.225067 3.585443 0.000000
1984 1.1262 869.619840 1.504483 1.31491661 146.834808 22.246655 132.231796 3.585441 0.000000
1988 1.2514 869.625321 1.504483 1.31481040 146.831451 22.246628 132.239258 3.585439 0.000000
1992 1.1428 869.629951 1.504483 1.31472063 146.828598 22.246607 132.245575 3.585437 0.000000
1996 1.2383 869.635312 1.504483 1.31461883 146.825317 22.246624 132.252884 3.585435 0.000000
2000 1.8808 869.640759 1.504483 1.31451905 146.822021 22.246714 132.260315 3.585433 0.000000
2004 1.1035 869.645249 1.504483 1.31443667 146.819290 22.246788 132.266464 3.585431 0.000000
2008 1.2957 869.650848 1.504483 1.31433487 146.815903 22.246895 132.274109 3.585428 0.000000
2012 1.1300 869.655473 1.504483 1.31425464 146.813110 22.247049 132.280457 3.585427 0.000000
2016 1.1224 869.660688 1.504483 1.31416416 146.809982 22.247225 132.287598 3.585425 0.000000
2020 0.8659 869.666203 1.504483 1.31406856 146.806671 22.247410 132.295166 3.585423 0.000000
2024 1.0316 869.670829 1.504483 1.31399202 146.803925 22.247616 132.301514 3.585421 0.000000
2028 1.2829 869.676304 1.504483 1.31390238 146.800659 22.247868 132.309021 3.585419 0.000000
2032 1.2695 869.681043 1.504483 1.31382465 146.797836 22.248083 132.315536 3.585417 0.000000
2036 1.0857 869.686351 1.504483 1.31374013 146.794693 22.248350 132.322830 3.585415 0.000000
2040 1.1256 869.691742 1.504483 1.31365657 146.791519 22.248638 132.330261 3.585413 0.000000
2044 1.0441 869.696292 1.504483 1.31358588 146.788834 22.248884 132.336533 3.585411 0.000000
2048 1.2654 869.701807 1.504483 1.31350172 146.785599 22.249184 132.344131 3.585408 0.000000
2052 1.8595 869.707176 1.504483 1.31342292 146.782471 22.249485 132.351532 3.585406 0.000000
2056 1.1897 869.711799 1.504483 1.31335509 146.779785 22.249744 132.357910 3.585404 0.000000
2060 1.1743 869.717231 1.504088 1.31327581 146.776611 22.250046 132.365417 3.585402 0.000000
2064 1.1190 869.721846 1.504088 1.31321168 146.773956 22.250294 132.371811 3.585400 0.000000
2068 1.0811 869.727229 1.504088 1.31313694 146.770844 22.250580 132.379257 3.585398 0.000000
2072 1.9242 869.732758 1.504088 1.31306016 146.767624 22.250874 132.386917 3.585396 0.000000
2076 1.2163 869.737360 1.504088 1.31299925 146.764984 22.251091 132.393280 3.585395 0.000000
2080 1.1851 869.742643 1.504088 1.31292987 146.761963 22.251331 132.400620 3.585393 0.000000
2084 1.1296 869.747257 1.504088 1.31286931 146.759323 22.251543 132.407013 3.585392 0.000000
2088 1.1052 869.752626 1.504088 1.31280065 146.756256 22.251755 132.414459 3.585390 0.000000
2092 1.4983 869.757979 1.504088 1.31273401 146.753204 22.251932 132.421906 3.585388 0.000000
2096 1.1048 869.762561 1.504088 1.31267703 146.750580 22.252083 132.428253 3.585386 0.000000
2100 1.1281 869.767832 1.504088 1.31261230 146.747589 22.252235 132.435577 3.585384 0.000000
2104 1.2410 869.772558 1.504088 1.31255674 146.744904 22.252314 132.442154 3.585383 0.000000
2108 1.0733 869.777830 1.504088 1.31249475 146.741928 22.252398 132.449478 3.585381 0.000000
2112 1.3684 869.783162 1.504088 1.31243205 146.738907 22.252481 132.456894 3.585380 0.000000
2116 1.1892 869.787799 1.504088 1.31238043 146.736298 22.252462 132.463348 3.585378 0.000000
2120 1.2474 869.793067 1.504088 1.31232178 146.733322 22.252438 132.470673 3.585376 0.000000
2124 1.7250 869.798141 1.504088 1.31226540 146.730453 22.252411 132.477737 3.585374 0.000000
2128 1.2607 869.803148 1.504088 1.31221163 146.727631 22.252310 132.484711 3.585372 0.000000
2132 1.1401 869.808437 1.504088 1.31215584 146.724670 22.252157 132.492096 3.585371 0.000000
2136 1.2070 869.813120 1.504088 1.31210661 146.722015 22.252022 132.498611 3.585369 0.000000
2140 1.0937 869.818404 1.504088 1.31205189 146.719070 22.251822 132.505981 3.585367 0.000000
2144 1.5469 869.823583 1.504088 1.31200039 146.716156 22.251534 132.513199 3.585366 0.000000
2148 1.1831 869.828434 1.504088 1.31195211 146.713440 22.251261 132.519958 3.585364 0.000000
2152 1.1859 869.833393 1.504088 1.31190276 146.710663 22.250982 132.526871 3.585362 0.000000
2156 1.1825 869.838324 1.504088 1.31185639 146.707886 22.250568 132.533752 3.585361 0.000000
2160 1.2529 869.843640 1.504088 1.31180644 146.704910 22.250124 132.541168 3.585359 0.000000
2164 1.5463 869.848605 1.504088 1.31175971 146.702148 22.249708 132.548080 3.585358 0.000000
2168 1.0784 869.853525 1.504088 1.31171525 146.699371 22.249191 132.554947 3.585356 0.000000
2172 1.1585 869.858755 1.504088 1.31166852 146.696442 22.248604 132.562256 3.585354 0.000000
2176 1.2470 869.863541 1.504088 1.31162596 146.693771 22.248064 132.568924 3.585352 0.000000
2180 1.1628 869.868982 1.504088 1.31157863 146.690720 22.247383 132.576523 3.585350 0.000000
2184 1.6126 869.874193 1.504088 1.31153476 146.687790 22.246647 132.583786 3.585349 0.000000
2188 1.0226 869.878893 1.504088 1.31149518 146.685150 22.245979 132.590347 3.585347 0.000000
2192 1.1608 869.884566 1.504088 1.31144786 146.681961 22.245144 132.598267 3.585345 0.000000
2196 1.6520 869.889761 1.504088 1.31140649 146.679047 22.244267 132.605499 3.585343 0.000000
2200 1.2880 869.894787 1.504088 1.31136644 146.676208 22.243418 132.612518 3.585341 0.000000
2204 1.5264 869.900097 1.504088 1.31132412 146.673233 22.242517 132.619934 3.585340 0.000000
2208 1.1727 869.904757 1.504088 1.31128907 146.670593 22.241608 132.626434 3.585338 0.000000
2212 1.1361 869.909960 1.504088 1.31124985 146.667648 22.240589 132.633682 3.585336 0.000000
2216 1.5713 869.915075 1.504088 1.31121135 146.664764 22.239590 132.640808 3.585335 0.000000
2220 1.0836 869.919955 1.504088 1.31117594 146.662003 22.238562 132.647614 3.585333 0.000000
2224 1.1877 869.925193 1.504088 1.31113851 146.659027 22.237421 132.654907 3.585331 0.000000
2228 1.1779 869.929889 1.504088 1.31110489 146.656372 22.236399 132.661453 3.585329 0.000000
2232 1.2007 869.935344 1.504088 1.31106687 146.653275 22.235170 132.669037 3.585327 0.000000
2236 1.6516 869.940495 1.504088 1.31103218 146.650330 22.233950 132.676208 3.585326 0.000000
2240 1.1167 869.945176 1.504088 1.31100047 146.647675 22.232841 132.682724 3.585324 0.000000
2244 1.1630 869.950404 1.504879 1.31096542 146.644684 22.231604 132.690002 3.585322 0.000000
2248 1.1716 869.955144 1.504879 1.31093526 146.641953 22.230494 132.696594 3.585321 0.000000
2252 1.1989 869.960488 1.504879 1.31090117 146.638870 22.229244 132.704010 3.585319 0.000000
2256 1.7720 869.965960 1.504879 1.31086612 146.635727 22.227962 132.711624 3.585317 0.000000
2260 1.1239 869.970526 1.504483 1.31083834 146.633072 22.226830 132.717957 3.585315 0.000000
2264 1.0998 869.975762 1.504483 1.31080675 146.630035 22.225517 132.725220 3.585312 0.000000
2268 1.4001 869.980720 1.504483 1.31077671 146.627167 22.224276 132.732117 3.585310 0.000000
2272 1.0903 869.985906 1.504483 1.31074631 146.624146 22.222960 132.739288 3.585307 0.000000
2276 1.3730 869.991119 1.504483 1.31071651 146.621109 22.221626 132.746521 3.585305 0.000000
2280 1.1915 869.995790 1.504483 1.31068981 146.618378 22.220428 132.753006 3.585303 0.000000
2284 1.0834 870.001092 1.504879 1.31065989 146.615250 22.219078 132.760345 3.585301 0.000000
2288 1.1339 870.005816 1.504879 1.31063437 146.612457 22.217896 132.766876 3.585299 0.000000
2292 1.1895 870.011116 1.504879 1.31060576 146.609314 22.216572 132.774216 3.585296 0.000000
2296 1.4273 870.016368 1.504879 1.31057727 146.606201 22.215258 132.781479 3.585294 0.000000
2300 1.1466 870.020981 1.504879 1.31055379 146.603455 22.214121 132.787842 3.585292 0.000000
2304 1.0756 870.026142 1.504879 1.31052732 146.600372 22.212849 132.794968 3.585289 0.000000
2308 1.7253 870.031440 1.504879 1.31050026 146.597198 22.211540 132.802277 3.585287 0.000000
2312 1.1934 870.036436 1.504879 1.31047559 146.594208 22.210340 132.809174 3.585284 0.000000
2316 1.1838 870.041806 1.504879 1.31044972 146.590958 22.209068 132.816574 3.585281 0.000000
2320 1.2339 870.046431 1.504879 1.31042719 146.588165 22.207973 132.822952 3.585279 0.000000
2324 1.1289 870.051847 1.504879 1.31040156 146.584885 22.206715 132.830399 3.585276 0.000000
2328 1.9054 870.057420 1.504879 1.31037617 146.581482 22.205475 132.838043 3.585273 0.000000
2332 1.1787 870.061954 1.504879 1.31035542 146.578720 22.204466 132.844284 3.585270 0.000000
2336 1.1482 870.067180 1.504879 1.31033170 146.575531 22.203312 132.851456 3.585268 0.000000
2340 1.1760 870.071915 1.504879 1.31031132 146.572586 22.202345 132.857956 3.585265 0.000000
2344 1.0940 870.077222 1.504879 1.31028819 146.569305 22.201263 132.865234 3.585263 0.000000
2348 1.4805 870.082916 1.504879 1.31026363 146.565781 22.200100 132.873047 3.585260 0.000000
2352 0.9712 870.087436 1.504879 1.31024492 146.562958 22.199266 132.879211 3.585257 0.000000
2356 1.1523 870.092866 1.504879 1.31022274 146.559570 22.198278 132.886658 3.585254 0.000000
2360 1.5942 870.097998 1.504879 1.31020176 146.556366 22.197344 132.893677 3.585252 0.000000
2364 1.1012 870.102828 1.504879 1.31018269 146.553314 22.196533 132.900269 3.585249 0.000000
2368 1.3932 870.108199 1.504879 1.31016195 146.549927 22.195690 132.907593 3.585246 0.000000
2372 1.2432 870.112892 1.504879 1.31014383 146.546951 22.194952 132.914001 3.585244 0.000000
2376 1.1136 870.118184 1.504879 1.31012356 146.543579 22.194159 132.921204 3.585241 0.000000
2380 1.5360 870.123245 1.504879 1.31010509 146.540344 22.193502 132.928116 3.585238 0.000000
2384 1.1229 870.128174 1.504879 1.31008697 146.537186 22.192860 132.934814 3.585236 0.000000
2388 1.1422 870.133742 1.504879 1.31006670 146.533630 22.192146 132.942413 3.585233 0.000000
2392 1.1772 870.138369 1.504879 1.31005061 146.530624 22.191675 132.948685 3.585231 0.000000
2396 1.0760 870.143691 1.504879 1.31003225 146.527161 22.191132 132.955902 3.585227 0.000000
2400 1.9103 870.149204 1.504879 1.31001318 146.523590 22.190567 132.963379 3.585225 0.000000
2404 1.0922 870.153734 1.504879 1.30999827 146.520630 22.190212 132.969513 3.585222 0.000000
2408 1.1423 870.159110 1.504879 1.30998063 146.517105 22.189816 132.976791 3.585219 0.000000
2412 1.3082 870.163940 1.504879 1.30996466 146.513931 22.189459 132.983322 3.585217 0.000000
2416 1.0005 870.169206 1.504879 1.30994797 146.510468 22.189142 132.990448 3.585214 0.000000
2420 1.4254 870.174551 1.504879 1.30993128 146.506912 22.188896 132.997665 3.585211 0.000000
2424 0.9716 870.179125 1.504879 1.30991721 146.503876 22.188688 133.003845 3.585209 0.000000
2428 1.1414 870.184653 1.504879 1.30990028 146.500198 22.188471 133.011307 3.585206 0.000000
2432 1.1367 870.189243 1.504879 1.30988681 146.497116 22.188381 133.017471 3.585203 0.000000
2436 1.1655 870.194553 1.504879 1.30987120 146.493561 22.188276 133.024628 3.585200 0.000000
2440 1.3805 870.199934 1.504879 1.30985546 146.489944 22.188171 133.031876 3.585197 0.000000
2444 1.0445 870.204562 1.504483 1.30984271 146.486816 22.188190 133.038086 3.585195 0.000000
2448 1.1388 870.210032 1.504483 1.30982757 146.483093 22.188213 133.045425 3.585192 0.000000
2452 1.5490 870.215084 1.504483 1.30981350 146.479675 22.188236 133.052216 3.585189 0.000000
2456 1.1943 870.220045 1.504483 1.30980027 146.476288 22.188330 133.058868 3.585187 0.000000
2460 1.2815 870.225269 1.504483 1.30978644 146.472717 22.188461 133.065857 3.585185 0.000000
2464 1.1738 870.229901 1.504483 1.30977452 146.469543 22.188581 133.072083 3.585183 0.000000
2468 1.2084 870.235238 1.504483 1.30976069 146.465881 22.188749 133.079224 3.585180 0.000000
2472 1.5788 870.240698 1.504483 1.30974710 146.462097 22.188980 133.086517 3.585178 0.000000
2476 1.1599 870.245310 1.504483 1.30973577 146.458908 22.189175 133.092682 3.585176 0.000000
2480 1.2375 870.250691 1.504053 1.30972254 146.455170 22.189426 133.099854 3.585173 0.000000
2484 1.1207 870.255301 1.504053 1.30971158 146.451950 22.189783 133.105988 3.585171 0.000000
2488 1.1228 870.260811 1.504053 1.30969858 146.448105 22.190210 133.113342 3.585168 0.000000
2492 1.4941 870.266398 1.504053 1.30968547 146.444214 22.190641 133.120773 3.585165 0.000000
2496 1.1176 870.271021 1.504053 1.30967522 146.440948 22.191031 133.126938 3.585163 0.000000
2500 1.1936 870.276402 1.504053 1.30966341 146.437134 22.191486 133.134094 3.585160 0.000000
2504 1.1714 870.281002 1.504053 1.30965304 146.433899 22.191877 133.140213 3.585157 0.000000
2508 1.0741 870.286299 1.504053 1.30964172 146.430145 22.192333 133.147247 3.585154 0.000000
2512 1.1991 870.291637 1.504053 1.30963039 146.426361 22.192802 133.154327 3.585150 0.000000
2516 1.2521 870.296431 1.504053 1.30962050 146.422943 22.193222 133.160690 3.585148 0.000000
2520 1.2302 870.301845 1.504053 1.30960941 146.419098 22.193691 133.167862 3.585144 0.000000
2524 1.8217 870.307125 1.504053 1.30959880 146.415314 22.194143 133.174866 3.585141 0.000000
2528 1.1228 870.311860 1.504053 1.30958939 146.411926 22.194548 133.181137 3.585138 0.000000
2532 1.1273 870.317467 1.504053 1.30957830 146.407898 22.195021 133.188568 3.585135 0.000000
2536 1.2540 870.322261 1.504053 1.30956948 146.404449 22.195395 133.194885 3.585132 0.000000
2540 1.1271 870.327501 1.504053 1.30955946 146.400665 22.195805 133.201828 3.585129 0.000000
2544 1.8041 870.332880 1.504053 1.30954933 146.396790 22.196226 133.208939 3.585126 0.000000
2548 1.1475 870.337666 1.504053 1.30954087 146.393311 22.196548 133.215256 3.585123 0.000000
2552 1.3197 870.342987 1.504053 1.30953133 146.389450 22.196899 133.222290 3.585120 0.000000
2556 1.8081 870.348237 1.504053 1.30952203 146.385651 22.197248 133.229233 3.585117 0.000000
2560 1.0972 870.353173 1.504053 1.30951357 146.382065 22.197525 133.235748 3.585114 0.000000
2564 1.3730 870.358504 1.504053 1.30950451 146.378174 22.197788 133.242767 3.585111 0.000000
2568 1.1920 870.363325 1.504053 1.30949640 146.374649 22.198030 133.249115 3.585108 0.000000
2572 1.2930 870.369072 1.504053 1.30948687 146.370468 22.198267 133.256699 3.585104 0.000000
2576 1.4080 870.374667 1.504053 1.30947793 146.366379 22.198433 133.264069 3.585101 0.000000
2580 1.0442 870.379358 1.504053 1.30947065 146.362946 22.198572 133.270248 3.585098 0.000000
2584 1.2488 870.384779 1.504053 1.30946207 146.358994 22.198698 133.277390 3.585095 0.000000
2588 1.5643 870.389902 1.504053 1.30945444 146.355225 22.198730 133.284134 3.585092 0.000000
2592 1.1930 870.394867 1.504053 1.30944693 146.351578 22.198761 133.290665 3.585089 0.000000
2596 1.1208 870.400373 1.504053 1.30943871 146.347534 22.198788 133.297913 3.585086 0.000000
2600 1.2034 870.405032 1.504053 1.30943191 146.344101 22.198694 133.304047 3.585083 0.000000
2604 1.1638 870.410410 1.504053 1.30942428 146.340149 22.198587 133.311127 3.585079 0.000000
2608 1.5079 870.416109 1.504053 1.30941617 146.335968 22.198475 133.318619 3.585076 0.000000
2612 1.1476 870.420699 1.504053 1.30940998 146.332581 22.198273 133.324661 3.585073 0.000000
2616 1.2370 870.426173 1.504053 1.30940259 146.328552 22.198013 133.331848 3.585070 0.000000
2620 1.6058 870.431288 1.504053 1.30939579 146.324783 22.197771 133.338593 3.585067 0.000000
2624 1.0860 870.436183 1.504053 1.30938935 146.321182 22.197458 133.345016 3.585063 0.000000
2628 1.1811 870.441545 1.504053 1.30938244 146.317230 22.197052 133.352066 3.585060 0.000000
2632 1.1847 870.446271 1.504053 1.30937636 146.313751 22.196695 133.358276 3.585057 0.000000
2636 1.2417 870.451748 1.504053 1.30936956 146.309723 22.196236 133.365479 3.585054 0.000000
2640 1.9888 870.457181 1.504053 1.30936301 146.305725 22.195688 133.372620 3.585050 0.000000
2644 1.0955 870.461722 1.504053 1.30935752 146.302368 22.195230 133.378601 3.585047 0.000000
2648 1.2366 870.467301 1.504053 1.30935085 146.298264 22.194649 133.385941 3.585044 0.000000
2652 1.1507 870.471976 1.504053 1.30934548 146.294846 22.194046 133.392090 3.585041 0.000000
2656 1.1902 870.477441 1.504053 1.30933928 146.290817 22.193336 133.399292 3.585038 0.000000
2660 1.4718 870.482785 1.504053 1.30933321 146.286911 22.192646 133.406311 3.585035 0.000000
2664 1.1155 870.487450 1.504053 1.30932820 146.283493 22.191940 133.412460 3.585032 0.000000
2668 1.1932 870.493121 1.504053 1.30932188 146.279327 22.191067 133.419922 3.585028 0.000000
2672 1.7383 870.498296 1.504053 1.30931652 146.275513 22.190268 133.426743 3.585025 0.000000
2676 1.0133 870.503125 1.504053 1.30931151 146.271988 22.189453 133.433105 3.585021 0.000000
2680 1.4231 870.508533 1.504053 1.30930591 146.268036 22.188498 133.440247 3.585018 0.000000
2684 1.3150 870.513313 1.504053 1.30930102 146.264557 22.187653 133.446533 3.585015 0.000000
2688 1.1271 870.518644 1.504053 1.30929577 146.260666 22.186674 133.453568 3.585012 0.000000
2692 1.9111 870.524126 1.504053 1.30929041 146.256683 22.185602 133.460800 3.585008 0.000000
2696 1.1205 870.528690 1.504053 1.30928600 146.253357 22.184710 133.466827 3.585006 0.000000
2700 1.1803 870.533685 1.504053 1.30928123 146.249741 22.183729 133.473404 3.585002 0.000000
2704 1.2466 870.538699 1.504053 1.30927670 146.246094 22.182671 133.480042 3.584999 0.000000
2708 1.2348 870.544139 1.504053 1.30927169 146.242157 22.181528 133.487213 3.584996 0.000000
2712 1.6783 870.549462 1.504053 1.30926681 146.238312 22.180408 133.494247 3.584992 0.000000
2716 1.0073 870.554155 1.504053 1.30926275 146.234924 22.179377 133.500473 3.584989 0.000000
2720 1.2517 870.559546 1.504053 1.30925810 146.231049 22.178186 133.507599 3.584986 0.000000
2724 1.7816 870.564857 1.504053 1.30925357 146.227234 22.177013 133.514633 3.584982 0.000000
2728 1.2525 870.569821 1.504053 1.30924952 146.223679 22.175901 133.521210 3.584979 0.000000
2732 1.1318 870.575135 1.504053 1.30924511 146.219894 22.174700 133.528259 3.584976 0.000000
2736 1.2103 870.579830 1.504053 1.30924129 146.216553 22.173637 133.534485 3.584973 0.000000
2740 1.2251 870.585222 1.504053 1.30923700 146.212708 22.172417 133.541626 3.584969 0.000000
2744 1.5490 870.590232 1.504053 1.30923319 146.209167 22.171284 133.548294 3.584966 0.000000
2748 1.1812 870.595177 1.504053 1.30922925 146.205658 22.170164 133.554855 3.584963 0.000000
2752 1.1585 870.600546 1.504053 1.30922508 146.201859 22.168953 133.561981 3.584959 0.000000
2756 1.1908 870.605181 1.504053 1.30922174 146.198608 22.167925 133.568161 3.584956 0.000000
2760 1.2378 870.610581 1.504053 1.30921769 146.194794 22.166727 133.575348 3.584953 0.000000
2764 1.7805 870.616014 1.504053 1.30921376 146.190979 22.165524 133.582581 3.584949 0.000000
2768 1.2354 870.620729 1.504450 1.30921054 146.187683 22.164585 133.588867 3.584946 0.000000
2772 1.1093 870.626169 1.504450 1.30920672 146.183884 22.163523 133.596130 3.584943 0.000000
2776 1.7100 870.631307 1.504450 1.30920315 146.180298 22.162518 133.602982 3.584939 0.000000
2780 1.1278 870.636302 1.500753 1.30919993 146.176834 22.161718 133.609650 3.584936 0.000000
2784 1.0510 870.641850 1.500753 1.30919611 146.173004 22.160961 133.617035 3.584932 0.000000
2788 1.2050 870.646565 1.500753 1.30919302 146.169754 22.160316 133.623337 3.584928 0.000000
2792 1.1826 870.651953 1.501578 1.30918956 146.166061 22.159607 133.630524 3.584924 0.000000
2796 1.7069 870.657405 1.501578 1.30918634 146.162323 22.158939 133.637817 3.584919 0.000000
2800 1.0732 870.661999 1.501578 1.30918336 146.159180 22.158379 133.643951 3.584916 0.000000
2804 1.1777 870.667393 1.501578 1.30918014 146.155487 22.157732 133.651184 3.584911 0.000000
2808 1.4446 870.672473 1.501578 1.30917716 146.152069 22.157223 133.657990 3.584907 0.000000
2812 1.1462 870.677790 1.501578 1.30917406 146.148468 22.156689 133.665131 3.584903 0.000000
2816 1.2885 870.683181 1.501578 1.30917084 146.144836 22.156147 133.672348 3.584899 0.000000
2820 1.1772 870.687762 1.501578 1.30916822 146.141769 22.155796 133.678513 3.584895 0.000000
2824 1.1022 870.693115 1.501578 1.30916524 146.138199 22.155388 133.685715 3.584891 0.000000
2828 1.5633 870.698255 1.501578 1.30916250 146.134766 22.154997 133.692627 3.584887 0.000000
2832 1.1248 870.703221 1.501578 1.30915976 146.131470 22.154707 133.699310 3.584883 0.000000
2836 1.1343 870.708740 1.501578 1.30915701 146.127838 22.154438 133.706757 3.584879 0.000000
2840 1.3022 870.713489 1.501578 1.30915451 146.124695 22.154202 133.713165 3.584875 0.000000
2844 1.0874 870.718935 1.501578 1.30915165 146.121109 22.153999 133.720520 3.584871 0.000000
2848 1.4788 870.724472 1.501578 1.30914891 146.117493 22.153883 133.728012 3.584866 0.000000
2852 0.9950 870.729116 1.501578 1.30914652 146.114471 22.153784 133.734283 3.584863 0.000000
2856 1.2703 870.734549 1.501578 1.30914390 146.110931 22.153704 133.741638 3.584858 0.000000
2860 1.7024 870.739722 1.501578 1.30914152 146.107574 22.153740 133.748657 3.584854 0.000000
2864 1.0507 870.744448 1.501578 1.30913937 146.104523 22.153774 133.755051 3.584850 0.000000
2868 1.2172 870.750048 1.501578 1.30913675 146.100906 22.153816 133.762650 3.584846 0.000000
2872 1.1315 870.754747 1.501578 1.30913472 146.097916 22.153976 133.769028 3.584842 0.000000
2876 1.2084 870.760107 1.501578 1.30913222 146.094498 22.154161 133.776321 3.584837 0.000000
2880 1.6779 870.765293 1.501578 1.30912995 146.091202 22.154341 133.783371 3.584833 0.000000
2884 1.1052 870.770016 1.501578 1.30912793 146.088211 22.154591 133.789795 3.584829 0.000000
2888 1.1257 870.775499 1.501578 1.30912566 146.084747 22.154924 133.797272 3.584825 0.000000
2892 1.2071 870.780226 1.501578 1.30912364 146.081757 22.155210 133.803711 3.584821 0.000000
2896 1.0808 870.785570 1.501578 1.30912137 146.078415 22.155588 133.811005 3.584816 0.000000
2900 1.3973 870.790975 1.501578 1.30911934 146.075058 22.156036 133.818390 3.584812 0.000000
2904 1.0614 870.795486 1.501578 1.30911756 146.072250 22.156412 133.824554 3.584809 0.000000
2908 1.1183 870.800910 1.501578 1.30911553 146.068878 22.156883 133.831955 3.584804 0.000000
2912 1.6907 870.806109 1.501578 1.30911350 146.065674 22.157427 133.839081 3.584800 0.000000
2916 1.1389 870.811033 1.501578 1.30911171 146.062637 22.157942 133.845825 3.584796 0.000000
2920 1.3682 870.816316 1.501578 1.30910969 146.059387 22.158493 133.853073 3.584791 0.000000
2924 1.1638 870.820945 1.501578 1.30910802 146.056564 22.159046 133.859421 3.584788 0.000000
2928 1.2553 870.826606 1.501578 1.30910599 146.053131 22.159735 133.867203 3.584783 0.000000
2932 1.6304 870.831717 1.501578 1.30910420 146.050003 22.160355 133.874222 3.584779 0.000000
2936 0.9996 870.836543 1.501578 1.30910254 146.047089 22.160978 133.880859 3.584775 0.000000
2940 1.1700 870.841934 1.501578 1.30910063 146.043854 22.161699 133.888275 3.584770 0.000000
2944 1.1380 870.846568 1.501578 1.30909908 146.041061 22.162319 133.894638 3.584766 0.000000
2948 1.0821 870.851922 1.501578 1.30909741 146.037842 22.163048 133.902023 3.584762 0.000000
2952 1.4893 870.857507 1.501578 1.30909562 146.034515 22.163837 133.909729 3.584757 0.000000
2956 1.1739 870.862111 1.501578 1.30909407 146.031754 22.164490 133.916077 3.584754 0.000000
2960 1.2063 870.867507 1.501578 1.30909240 146.028534 22.165257 133.923523 3.584749 0.000000
2964 1.3681 870.872418 1.501578 1.30909097 146.025650 22.165966 133.930313 3.584745 0.000000
2968 1.2381 870.877854 1.501578 1.30908942 146.022430 22.166748 133.937820 3.584740 0.000000
2972 1.2927 870.883152 1.501578 1.30908775 146.019302 22.167513 133.945129 3.584736 0.000000
2976 1.2109 870.887883 1.501578 1.30908644 146.016541 22.168186 133.951691 3.584732 0.000000
2980 1.1767 870.893303 1.501578 1.30908489 146.013351 22.168957 133.959198 3.584728 0.000000
2984 1.9515 870.898762 1.501578 1.30908334 146.010162 22.169731 133.966751 3.584723 0.000000
2988 1.0841 870.903274 1.501578 1.30908215 146.007538 22.170349 133.973007 3.584719 0.000000
2992 1.0868 870.908777 1.501578 1.30908072 146.004333 22.171093 133.980621 3.584714 0.000000
2996 1.1246 870.913563 1.501578 1.30907929 146.001556 22.171738 133.987259 3.584710 0.000000
3000 1.0965 870.919017 1.501578 1.30907786 145.998398 22.172445 133.994827 3.584706 0.000000
3004 1.3507 870.924490 1.501578 1.30907643 145.995239 22.173119 134.002426 3.584701 0.000000
3008 1.1373 870.929260 1.501578 1.30907536 145.992493 22.173702 134.009048 3.584697 0.000000
3012 1.2391 870.934850 1.501578 1.30907393 145.989273 22.174366 134.016815 3.584692 0.000000
3016 1.9480 870.940223 1.501578 1.30907261 145.986191 22.174938 134.024292 3.584688 0.000000
3020 1.2043 870.944888 1.501578 1.30907154 145.983521 22.175434 134.030762 3.584684 0.000000
3024 1.1716 870.950244 1.501578 1.30907023 145.980453 22.176001 134.038208 3.584679 0.000000
3028 1.1676 870.955023 1.501578 1.30906916 145.977722 22.176414 134.044861 3.584675 0.000000
3032 1.0710 870.960365 1.501578 1.30906785 145.974686 22.176876 134.052307 3.584671 0.000000
3036 1.5803 870.966019 1.501578 1.30906665 145.971451 22.177364 134.060165 3.584666 0.000000
3040 1.1053 870.970556 1.501578 1.30906570 145.968872 22.177666 134.066467 3.584662 0.000000
3044 1.1498 870.976052 1.501578 1.30906451 145.965759 22.178013 134.074127 3.584657 0.000000
3048 1.2365 870.980913 1.501578 1.30906332 145.962982 22.178318 134.080887 3.584653 0.000000
3052 1.0944 870.986121 1.501578 1.30906224 145.960022 22.178574 134.088135 3.584648 0.000000
3056 1.3298 870.991464 1.501578 1.30906117 145.957001 22.178772 134.095581 3.584644 0.000000
3060 1.2527 870.996221 1.501578 1.30906022 145.954315 22.178949 134.102219 3.584640 0.000000
3064 1.2005 871.001510 1.501578 1.30905914 145.951324 22.179102 134.109589 3.584635 0.000000
3068 2.0484 871.007208 1.501578 1.30905807 145.948105 22.179161 134.117538 3.584630 0.000000
3072 1.2232 871.011724 1.501578 1.30905712 145.945541 22.179203 134.123840 3.584626 0.000000
3076 1.1969 871.017136 1.501578 1.30905604 145.942490 22.179243 134.131363 3.584621 0.000000
3080 1.2248 871.021750 1.501578 1.30905521 145.939880 22.179159 134.137802 3.584617 0.000000
3084 1.1403 871.027168 1.501578 1.30905437 145.936813 22.179060 134.145355 3.584612 0.000000
3088 1.5478 871.032868 1.501578 1.30905342 145.933594 22.178955 134.153290 3.584607 0.000000
3092 1.0196 871.037459 1.501578 1.30905259 145.931000 22.178755 134.159698 3.584603 0.000000
3096 1.1956 871.043090 1.501578 1.30905151 145.927811 22.178495 134.167542 3.584598 0.000000
3100 1.6335 871.048229 1.501578 1.30905068 145.924911 22.178257 134.174698 3.584594 0.000000
3104 1.0789 871.053168 1.501578 1.30904996 145.922104 22.177942 134.181580 3.584589 0.000000
3108 1.2286 871.058724 1.501578 1.30904901 145.918945 22.177536 134.189331 3.584584 0.000000
3112 1.1778 871.063365 1.501578 1.30904818 145.916321 22.177195 134.195801 3.584580 0.000000
3116 1.1364 871.068697 1.501578 1.30904746 145.913300 22.176752 134.203217 3.584575 0.000000
3120 1.0864 871.074145 1.501578 1.30904651 145.910187 22.176216 134.210800 3.584570 0.000000
3124 1.1105 871.078811 1.501578 1.30904591 145.907532 22.175758 134.217300 3.584566 0.000000
3128 1.2157 871.084328 1.501578 1.30904496 145.904388 22.175194 134.224960 3.584561 0.000000
3132 1.3638 871.089223 1.501578 1.30904412 145.901596 22.174606 134.231781 3.584557 0.000000
3136 1.1812 871.094540 1.501578 1.30904341 145.898560 22.173965 134.239166 3.584552 0.000000
3140 1.1528 871.100062 1.501578 1.30904257 145.895401 22.173300 134.246841 3.584548 0.000000
3144 1.1041 871.104647 1.501578 1.30904198 145.892761 22.172686 134.253220 3.584543 0.000000
3148 1.1180 871.110104 1.501578 1.30904126 145.889618 22.171959 134.260803 3.584538 0.000000
3152 2.1120 871.115702 1.501578 1.30904043 145.886398 22.171211 134.268585 3.584533 0.000000
3156 1.1527 871.120190 1.501181 1.30903983 145.883820 22.170551 134.274811 3.584529 0.000000
3160 1.2439 871.125603 1.501181 1.30903900 145.880707 22.169737 134.282318 3.584524 0.000000
3164 1.1368 871.130263 1.501181 1.30903852 145.878006 22.169035 134.288788 3.584520 0.000000
3168 1.1390 871.135779 1.501181 1.30903780 145.874817 22.168182 134.296432 3.584515 0.000000
3172 1.7276 871.141020 1.501181 1.30903721 145.871765 22.167339 134.303696 3.584511 0.000000
3176 1.1249 871.145888 1.501181 1.30903649 145.868927 22.166559 134.310455 3.584507 0.000000
3180 1.1852 871.151287 1.501181 1.30903590 145.865799 22.165688 134.317932 3.584503 0.000000
3184 1.7212 871.156473 1.501181 1.30903530 145.862747 22.164825 134.325104 3.584498 0.000000
3188 1.2806 871.161452 1.501181 1.30903482 145.859833 22.164000 134.331985 3.584494 0.000000
3192 1.1999 871.166756 1.501181 1.30903423 145.856720 22.163120 134.339310 3.584490 0.000000
3196 1.1401 871.171319 1.501181 1.30903375 145.854004 22.162361 134.345612 3.584486 0.000000
3200 1.2959 871.176941 1.501181 1.30903316 145.850677 22.161427 134.353363 3.584481 0.000000
3204 1.9279 871.182251 1.501181 1.30903244 145.847534 22.160543 134.360703 3.584477 0.000000
3208 1.0616 871.187067 1.501181 1.30903196 145.844666 22.159761 134.367340 3.584473 0.000000
3212 1.1899 871.192502 1.501181 1.30903137 145.841431 22.158886 134.374832 3.584468 0.000000
3216 1.2318 871.197295 1.501181 1.30903089 145.838562 22.158112 134.381439 3.584464 0.000000
3220 1.1275 871.202806 1.501181 1.30903029 145.835251 22.157249 134.389023 3.584460 0.000000
3224 1.0455 871.208130 1.501181 1.30902982 145.832031 22.156441 134.396332 3.584455 0.000000
3228 1.1780 871.212992 1.501181 1.30902922 145.829102 22.155703 134.403030 3.584451 0.000000
3232 1.2076 871.218436 1.501181 1.30902874 145.825790 22.154902 134.410507 3.584446 0.000000
3236 1.7017 871.223619 1.501181 1.30902827 145.822632 22.154188 134.417618 3.584442 0.000000
3240 1.0927 871.228273 1.501181 1.30902779 145.819794 22.153549 134.423996 3.584438 0.000000
3244 1.0567 871.233762 1.501181 1.30902731 145.816422 22.152800 134.431519 3.584434 0.000000
3248 1.1736 871.238514 1.501181 1.30902684 145.813492 22.152235 134.438034 3.584430 0.000000
3252 1.1830 871.243955 1.501181 1.30902636 145.810135 22.151585 134.445465 3.584425 0.000000
3256 1.6029 871.249125 1.501181 1.30902588 145.806931 22.150970 134.452560 3.584420 0.000000
3260 1.0607 871.253787 1.501181 1.30902565 145.804031 22.150496 134.458923 3.584416 0.000000
3264 1.1507 871.259271 1.501181 1.30902517 145.800613 22.149963 134.466415 3.584412 0.000000
3268 1.7219 871.264614 1.501181 1.30902469 145.797272 22.149443 134.473709 3.584407 0.000000
3272 1.0789 871.269504 1.501181 1.30902433 145.794189 22.149036 134.480377 3.584403 0.000000
3276 1.1844 871.274936 1.501181 1.30902386 145.790771 22.148642 134.487778 3.584398 0.000000
3280 1.1548 871.279549 1.501181 1.30902362 145.787842 22.148304 134.494049 3.584394 0.000000
3284 1.0927 871.284892 1.501181 1.30902314 145.784439 22.147957 134.501312 3.584390 0.000000
3288 1.7599 871.290305 1.501181 1.30902278 145.780975 22.147709 134.508682 3.584385 0.000000
3292 1.0888 871.295095 1.501181 1.30902231 145.777924 22.147490 134.515182 3.584381 0.000000
3296 1.2738 871.300586 1.501181 1.30902207 145.774399 22.147255 134.522644 3.584376 0.000000
3300 1.2073 871.305237 1.501181 1.30902159 145.771393 22.147171 134.528946 3.584372 0.000000
3304 1.0809 871.310560 1.501181 1.30902123 145.767944 22.147072 134.536148 3.584368 0.000000
3308 1.4503 871.316100 1.501181 1.30902076 145.764343 22.146975 134.543640 3.584363 0.000000
3312 1.2092 871.320763 1.501181 1.30902040 145.761292 22.147003 134.549957 3.584358 0.000000
3316 1.2220 871.326274 1.501181 1.30902016 145.757690 22.147060 134.557404 3.584354 0.000000
3320 1.2665 871.330953 1.501181 1.30901980 145.754623 22.147106 134.563721 3.584350 0.000000
3324 0.9694 871.336187 1.501181 1.30901957 145.751175 22.147236 134.570770 3.584345 0.000000
3328 1.1217 871.341654 1.501181 1.30901921 145.747528 22.147442 134.578125 3.584340 0.000000
3332 1.1811 871.346353 1.501181 1.30901885 145.744415 22.147619 134.584457 3.584336 0.000000
3336 1.0738 871.351857 1.501181 1.30901837 145.740768 22.147875 134.591873 3.584331 0.000000
3340 1.9300 871.357280 1.501181 1.30901814 145.737137 22.148220 134.599152 3.584327 0.000000
3344 1.0518 871.361810 1.501181 1.30901802 145.734085 22.148508 134.605240 3.584322 0.000000
3348 1.2702 871.367330 1.501181 1.30901766 145.730392 22.148874 134.612671 3.584318 0.000000
3352 1.2397 871.371985 1.501181 1.30901730 145.727234 22.149281 134.618896 3.584313 0.000000
3356 1.1665 871.377350 1.501181 1.30901706 145.723618 22.149750 134.626083 3.584309 0.000000
3360 1.5535 871.382908 1.501181 1.30901670 145.719849 22.150234 134.633530 3.584304 0.000000
3364 0.9595 871.387414 1.501181 1.30901659 145.716782 22.150711 134.639542 3.584300 0.000000
3368 1.2991 871.392934 1.501181 1.30901623 145.712997 22.151306 134.646927 3.584295 0.000000
3372 1.2207 871.397672 1.501181 1.30901599 145.709763 22.151815 134.653259 3.584291 0.000000
3376 1.2730 871.403140 1.501181 1.30901563 145.705994 22.152456 134.660553 3.584286 0.000000
3380 1.1653 871.408437 1.501181 1.30901527 145.702332 22.153116 134.667633 3.584281 0.000000
3384 1.2618 871.413212 1.501181 1.30901515 145.699020 22.153709 134.673996 3.584276 0.000000
3388 1.2116 871.418621 1.501181 1.30901480 145.695251 22.154409 134.681213 3.584272 0.000000
3392 1.6542 871.423824 1.501181 1.30901468 145.691620 22.155123 134.688126 3.584267 0.000000
3396 1.2039 871.428655 1.501181 1.30901432 145.688248 22.155785 134.694550 3.584263 0.000000
3400 1.1219 871.434179 1.500753 1.30901420 145.684372 22.156570 134.701889 3.584258 0.000000
3404 1.1155 871.438726 1.500753 1.30901396 145.681183 22.157351 134.707932 3.584254 0.000000
3408 1.1182 871.444152 1.500753 1.30901372 145.677353 22.158279 134.715134 3.584248 0.000000
3412 1.4533 871.449606 1.500753 1.30901349 145.673508 22.159216 134.722366 3.584243 0.000000
3416 1.1999 871.454316 1.497852 1.30901325 145.670166 22.160046 134.728577 3.584238 0.000000
3420 1.2905 871.459579 1.497852 1.30901301 145.666428 22.160978 134.735519 3.584233 0.000000
3424 1.8591 871.464824 1.497852 1.30901277 145.662689 22.161905 134.742432 3.584227 0.000000
3428 1.1539 871.469771 1.497852 1.30901253 145.659149 22.162773 134.748962 3.584221 0.000000
3432 1.1453 871.475103 1.497852 1.30901229 145.655334 22.163704 134.755997 3.584214 0.000000
3436 1.1436 871.479734 1.497852 1.30901217 145.652008 22.164511 134.762100 3.584208 0.000000
3440 1.2052 871.485210 1.497852 1.30901206 145.648071 22.165455 134.769318 3.584200 0.000000
3444 1.8995 871.490504 1.497852 1.30901170 145.644257 22.166340 134.776276 3.584193 0.000000
3448 1.1162 871.495201 1.497852 1.30901158 145.640869 22.167126 134.782455 3.584187 0.000000
3452 1.0787 871.500707 1.497852 1.30901146 145.636887 22.168039 134.789703 3.584179 0.000000
3456 1.3001 871.505422 1.497852 1.30901122 145.633469 22.168770 134.795898 3.584173 0.000000
3460 1.1733 871.510756 1.497852 1.30901098 145.629593 22.169600 134.802902 3.584166 0.000000
3464 1.9088 871.516210 1.497852 1.30901074 145.625641 22.170446 134.810074 3.584159 0.000000
3468 1.0727 871.520857 1.497852 1.30901062 145.622253 22.171101 134.816162 3.584152 0.000000
3472 1.2040 871.526342 1.497852 1.30901051 145.618256 22.171864 134.823364 3.584144 0.000000
3476 1.1938 871.531007 1.497852 1.30901027 145.614868 22.172512 134.829483 3.584138 0.000000
3480 1.1971 871.536290 1.497852 1.30901003 145.611008 22.173187 134.836411 3.584131 0.000000
3484 1.0818 871.541659 1.497852 1.30900979 145.607071 22.173824 134.843445 3.584123 0.000000
3488 1.2638 871.546555 1.497852 1.30900967 145.603485 22.174406 134.849869 3.584116 0.000000
3492 1.1981 871.551910 1.497852 1.30900955 145.599579 22.174999 134.856888 3.584109 0.000000
3496 1.9238 871.557360 1.497852 1.30900943 145.595581 22.175518 134.864014 3.584101 0.000000
3500 1.0425 871.561861 1.497852 1.30900919 145.592270 22.175947 134.869919 3.584095 0.000000
3504 1.1036 871.567220 1.497852 1.30900908 145.588348 22.176445 134.876938 3.584088 0.000000
3508 1.2220 871.572006 1.497852 1.30900896 145.584824 22.176781 134.883194 3.584081 0.000000
3512 1.1907 871.577395 1.497852 1.30900872 145.580841 22.177155 134.890244 3.584073 0.000000
3516 1.5203 871.582924 1.497852 1.30900860 145.576782 22.177542 134.897491 3.584065 0.000000
3520 1.0641 871.587519 1.497852 1.30900848 145.573395 22.177750 134.903503 3.584059 0.000000
3524 1.0739 871.592947 1.497852 1.30900824 145.569397 22.177979 134.910614 3.584051 0.000000
3528 1.5981 871.598148 1.497852 1.30900812 145.565582 22.178200 134.917419 3.584044 0.000000
3532 1.1185 871.603146 1.497852 1.30900800 145.561890 22.178322 134.923965 3.584037 0.000000
3536 1.1293 871.608346 1.497852 1.30900776 145.558060 22.178398 134.930756 3.584030 0.000000
3540 1.2602 871.613175 1.497852 1.30900776 145.554504 22.178469 134.937088 3.584023 0.000000
3544 1.0729 871.618686 1.499501 1.30900764 145.550446 22.178448 134.944290 3.584015 0.000000
3548 1.7265 871.624097 1.499501 1.30900753 145.546448 22.178251 134.951385 3.584008 0.000000
3552 1.1914 871.628823 1.499501 1.30900741 145.542984 22.178083 134.957581 3.584001 0.000000
3556 1.1794 871.634163 1.499501 1.30900717 145.539047 22.177874 134.964569 3.583993 0.000000
3560 1.0910 871.638741 1.499501 1.30900705 145.535675 22.177603 134.970581 3.583987 0.000000
3564 0.9774 871.643994 1.499501 1.30900705 145.531815 22.177294 134.977463 3.583980 0.000000
3568 1.7772 871.649505 1.499501 1.30900693 145.527771 22.176970 134.984680 3.583973 0.000000
3572 1.1475 871.654102 1.499501 1.30900693 145.524399 22.176598 134.990723 3.583966 0.000000
3576 1.1439 871.659510 1.499501 1.30900669 145.520447 22.176146 134.997803 3.583959 0.000000
3580 1.7178 871.664794 1.499501 1.30900657 145.516571 22.175705 135.004745 3.583952 0.000000
3584 1.3215 871.669861 1.499501 1.30900657 145.512848 22.175207 135.011398 3.583945 0.000000
3588 1.3050 871.675207 1.499501 1.30900645 145.508942 22.174643 135.018402 3.583938 0.000000
3592 1.2028 871.679759 1.499501 1.30900621 145.505615 22.174160 135.024384 3.583932 0.000000
3596 1.2387 871.685397 1.499501 1.30900621 145.501511 22.173527 135.031799 3.583924 0.000000
3600 1.9452 871.690763 1.499501 1.30900609 145.497589 22.172855 135.038849 3.583917 0.000000
3604 1.1819 871.695419 1.499501 1.30900609 145.494202 22.172277 135.044968 3.583911 0.000000
3608 1.2704 871.700890 1.499501 1.30900598 145.490234 22.171583 135.052155 3.583904 0.000000
3612 1.1643 871.705468 1.499501 1.30900574 145.486908 22.170944 135.058197 3.583897 0.000000
3616 1.2254 871.710805 1.499501 1.30900574 145.483063 22.170202 135.065216 3.583889 0.000000
3620 1.7790 871.716198 1.499501 1.30900562 145.479156 22.169451 135.072327 3.583882 0.000000
3624 1.0104 871.720817 1.499501 1.30900562 145.475830 22.168766 135.078400 3.583876 0.000000
3628 1.2070 871.726274 1.499501 1.30900550 145.471909 22.167950 135.085587 3.583868 0.000000
3632 1.7357 871.731466 1.499501 1.30900538 145.468170 22.167173 135.092438 3.583861 0.000000
3636 1.1542 871.736456 1.499501 1.30900538 145.464600 22.166410 135.099014 3.583854 0.000000
3640 1.1674 871.741866 1.499501 1.30900514 145.460724 22.165575 135.106171 3.583847 0.000000
3644 1.3182 871.746582 1.499501 1.30900502 145.457352 22.164845 135.112396 3.583840 0.000000
3648 1.2257 871.752036 1.499501 1.30900502 145.453476 22.164001 135.119614 3.583832 0.000000
3652 1.5413 871.757114 1.499501 1.30900490 145.449860 22.163212 135.126328 3.583825 0.000000
3656 1.1095 871.761816 1.499501 1.30900490 145.446518 22.162483 135.132553 3.583819 0.000000
3660 1.0661 871.767274 1.499501 1.30900466 145.442657 22.161642 135.139771 3.583811 0.000000
3664 1.1074 871.771856 1.499501 1.30900455 145.439453 22.160954 135.145844 3.583805 0.000000
3668 1.2111 871.777371 1.499501 1.30900455 145.435577 22.160124 135.153152 3.583797 0.000000
3672 1.6557 871.782944 1.499501 1.30900443 145.431656 22.159288 135.160538 3.583789 0.000000
3676 1.0758 871.787515 1.499501 1.30900419 145.428467 22.158640 135.166611 3.583783 0.000000
3680 1.1572 871.792860 1.499501 1.30900419 145.424744 22.157888 135.173721 3.583776 0.000000
3684 1.5702 871.797805 1.499501 1.30900407 145.421280 22.157192 135.180298 3.583769 0.000000
3688 1.3105 871.803111 1.499501 1.30900407 145.417603 22.156490 135.187347 3.583761 0.000000
3692 1.0753 871.808326 1.499501 1.30900407 145.414001 22.155828 135.194305 3.583753 0.000000
3696 1.1904 871.813001 1.499501 1.30900395 145.410782 22.155237 135.200516 3.583746 0.000000
3700 1.2165 871.818370 1.499501 1.30900395 145.407074 22.154589 135.207672 3.583739 0.000000
3704 1.5488 871.823349 1.499501 1.30900395 145.403671 22.154049 135.214325 3.583732 0.000000
3708 1.1043 871.828279 1.499501 1.30900371 145.400299 22.153517 135.220917 3.583725 0.000000
3712 1.1521 871.833761 1.499501 1.30900371 145.396561 22.152931 135.228241 3.583717 0.000000
3716 1.2231 871.838391 1.499501 1.30900371 145.393433 22.152531 135.234451 3.583710 0.000000
3720 1.1746 871.843818 1.499501 1.30900359 145.389755 22.152061 135.241730 3.583703 0.000000
3724 1.8877 871.849273 1.499501 1.30900359 145.386063 22.151590 135.249023 3.583694 0.000000
3728 1.1928 871.853957 1.499501 1.30900359 145.382919 22.151283 135.255310 3.583688 0.000000
3732 1.2149 871.859371 1.499501 1.30900347 145.379303 22.150948 135.262573 3.583680 0.000000
3736 1.2101 871.864149 1.499501 1.30900347 145.376099 22.150650 135.268982 3.583673 0.000000
3740 1.2058 871.869605 1.499899 1.30900347 145.372467 22.150467 135.276321 3.583665 0.000000
3744 1.1039 871.874896 1.499899 1.30900347 145.368958 22.150417 135.283447 3.583657 0.000000
3748 1.1144 871.879635 1.499899 1.30900323 145.365814 22.150373 135.289825 3.583650 0.000000
3752 1.2347 871.885232 1.496295 1.30900323 145.362152 22.150375 135.297363 3.583642 0.000000
3756 1.7122 871.890664 1.496295 1.30900323 145.358612 22.150480 135.304688 3.583633 0.000000
3760 1.0734 871.895218 1.496295 1.30900311 145.355682 22.150570 135.310822 3.583626 0.000000
3764 1.1982 871.900622 1.496295 1.30900311 145.352188 22.150692 135.318115 3.583618 0.000000
3768 1.3775 871.905525 1.496295 1.30900311 145.349045 22.150923 135.324738 3.583614 0.000000
3772 1.1905 871.910797 1.496295 1.30900300 145.345673 22.151173 135.331863 3.583609 0.000000
3776 1.8293 871.916377 1.496295 1.30900300 145.342087 22.151436 135.339401 3.583604 0.000000
3780 1.2003 871.921008 1.496295 1.30900300 145.339172 22.151773 135.345688 3.583600 0.000000
3784 1.1689 871.926354 1.496295 1.30900288 145.335785 22.152172 135.352936 3.583595 0.000000
3788 1.7290 871.931689 1.496295 1.30900288 145.332413 22.152573 135.360168 3.583591 0.000000
3792 1.2117 871.936638 1.496295 1.30900288 145.329285 22.153027 135.366882 3.583586 0.000000
3796 1.2751 871.941944 1.496295 1.30900264 145.325958 22.153561 135.374100 3.583581 0.000000
3800 1.1816 871.946549 1.496295 1.30900264 145.323090 22.154024 135.380371 3.583577 0.000000
3804 1.1301 871.952027 1.496295 1.30900264 145.319672 22.154623 135.387817 3.583572 0.000000
3808 1.6138 871.957308 1.496295 1.30900264 145.316406 22.155279 135.395020 3.583567 0.000000
3812 1.1004 871.962004 1.496295 1.30900252 145.313492 22.155861 135.401413 3.583563 0.000000
3816 1.2620 871.967570 1.496295 1.30900252 145.310059 22.156572 135.408997 3.583558 0.000000
3820 1.1565 871.972228 1.496295 1.30900252 145.307205 22.157246 135.415359 3.583554 0.000000
3824 1.0945 871.977522 1.496295 1.30900240 145.303970 22.158012 135.422577 3.583549 0.000000
3828 1.1973 871.983131 1.496295 1.30900240 145.300537 22.158823 135.430252 3.583544 0.000000
3832 1.2138 871.987761 1.496295 1.30900240 145.297745 22.159567 135.436584 3.583539 0.000000
3836 1.2487 871.993279 1.496295 1.30900216 145.294403 22.160458 135.444138 3.583534 0.000000
3840 1.5515 871.998322 1.496295 1.30900216 145.291367 22.161270 135.451035 3.583530 0.000000
3844 1.0664 872.003224 1.496295 1.30900216 145.288422 22.162102 135.457764 3.583525 0.000000
3848 1.2727 872.008833 1.496295 1.30900204 145.285065 22.163074 135.465469 3.583520 0.000000
3852 1.2036 872.013470 1.496295 1.30900204 145.282288 22.163881 135.471832 3.583516 0.000000
3856 1.1365 872.018861 1.496295 1.30900204 145.279068 22.164835 135.479248 3.583511 0.000000
3860 1.3843 872.024130 1.496295 1.30900204 145.275940 22.165791 135.486481 3.583506 0.000000
3864 1.1084 872.028765 1.496295 1.30900192 145.273193 22.166634 135.492859 3.583501 0.000000
3868 1.1893 872.034319 1.495900 1.30900192 145.269913 22.167645 135.500504 3.583496 0.000000
3872 1.1828 872.038986 1.495900 1.30900192 145.267197 22.168507 135.506927 3.583492 0.000000
3876 1.1069 872.044192 1.495900 1.30900168 145.264145 22.169464 135.514099 3.583487 0.000000
3880 1.5359 872.049820 1.495900 1.30900168 145.260864 22.170502 135.521866 3.583482 0.000000
3884 1.1413 872.054385 1.495900 1.30900168 145.258209 22.171333 135.528168 3.583478 0.000000
3888 1.3130 872.059894 1.495900 1.30900156 145.255005 22.172338 135.535767 3.583473 0.000000
3892 1.9793 872.065406 1.495900 1.30900156 145.251801 22.173342 135.543381 3.583468 0.000000
3896 1.2199 872.069902 1.495900 1.30900156 145.249207 22.174139 135.549591 3.583465 0.000000
3900 1.1125 872.075381 1.495900 1.30900145 145.246063 22.175098 135.557159 3.583460 0.000000
3904 1.2263 872.080045 1.495900 1.30900145 145.243378 22.175917 135.563614 3.583456 0.000000
3908 1.0892 872.085347 1.497121 1.30900145 145.240341 22.176813 135.570953 3.583452 0.000000
3912 1.9447 872.090761 1.497121 1.30900145 145.237244 22.177673 135.578461 3.583447 0.000000
3916 1.1896 872.095370 1.497121 1.30900145 145.234604 22.178406 135.584839 3.583443 0.000000
3920 1.0838 872.100906 1.502118 1.30900145 145.231430 22.179148 135.592514 3.583439 0.000000
3924 1.1056 872.105550 1.502118 1.30900145 145.228790 22.179182 135.598984 3.583434 0.000000
3928 1.1112 872.110968 1.502118 1.30900145 145.225723 22.179220 135.606537 3.583430 0.000000
3932 1.7879 872.116312 1.502118 1.30900145 145.222687 22.179258 135.613983 3.583425 0.000000
3936 1.1536 872.121050 1.504519 1.30900145 145.220001 22.179403 135.620590 3.583423 0.000000
3940 1.1442 872.126481 1.504519 1.30900145 145.216919 22.179581 135.628174 3.583421 0.000000
3944 1.7358 872.131666 1.504519 1.30900145 145.213974 22.179749 135.635406 3.583419 0.000000
3948 1.0331 872.136536 1.504519 1.30900145 145.211212 22.179832 135.642197 3.583416 0.000000
3952 1.0528 872.141889 1.504519 1.30900145 145.208191 22.179878 135.649673 3.583412 0.000000
3956 1.0540 872.146517 1.504519 1.30900145 145.205566 22.179922 135.656143 3.583409 0.000000
3960 1.3425 872.151850 1.504519 1.30900145 145.202560 22.179922 135.663589 3.583405 0.000000
3964 1.8694 872.157344 1.504519 1.30900145 145.199463 22.179832 135.671280 3.583401 0.000000
3968 1.2105 872.162096 1.504519 1.30900145 145.196777 22.179752 135.677917 3.583398 0.000000
3972 1.1902 872.167401 1.504519 1.30900145 145.193787 22.179644 135.685318 3.583394 0.000000
3976 1.2732 872.172212 1.504519 1.30900145 145.191071 22.179432 135.692047 3.583390 0.000000
3980 1.0936 872.177324 1.504519 1.30900145 145.188202 22.179207 135.699188 3.583387 0.000000
3984 1.3680 872.182813 1.504519 1.30900145 145.185104 22.178967 135.706863 3.583383 0.000000
3988 1.1379 872.187612 1.504519 1.30900145 145.182404 22.178635 135.713577 3.583379 0.000000
3992 1.1307 872.193145 1.504519 1.30900145 145.179291 22.178236 135.721313 3.583375 0.000000
3996 1.2289 872.197927 1.504519 1.30900145 145.176605 22.177891 135.727997 3.583371 0.000000
4000 1.0212 872.203267 1.504519 1.30900145 145.173599 22.177441 135.735458 3.583367 0.000000
4004 1.0616 872.208657 1.504519 1.30900145 145.170563 22.176949 135.742996 3.583364 0.000000
4008 1.2400 872.213482 1.504519 1.30900145 145.167847 22.176506 135.749741 3.583360 0.000000
4012 1.1286 872.218832 1.503657 1.30900145 145.164825 22.176003 135.757217 3.583356 0.000000
4016 1.3231 872.224055 1.503657 1.30900145 145.161865 22.175495 135.764511 3.583352 0.000000
4020 1.0761 872.228715 1.503657 1.30900145 145.159225 22.175043 135.770996 3.583349 0.000000
4024 1.0854 872.234203 1.503657 1.30900145 145.156113 22.174486 135.778656 3.583344 0.000000
4028 1.6843 872.239446 1.503657 1.30900145 145.153137 22.173820 135.785980 3.583338 0.000000
4032 1.1232 872.244337 1.503657 1.30900145 145.150360 22.173203 135.792801 3.583333 0.000000
4036 1.1138 872.249802 1.503657 1.30900145 145.147263 22.172510 135.800430 3.583328 0.000000
4040 1.1151 872.254431 1.503657 1.30900145 145.144608 22.171825 135.806885 3.583322 0.000000
4044 1.1011 872.259686 1.503657 1.30900145 145.141617 22.171041 135.814209 3.583317 0.000000
4048 1.8769 872.265237 1.503657 1.30900145 145.138443 22.170216 135.821945 3.583310 0.000000
4052 1.1983 872.269862 1.503657 1.30900145 145.135803 22.169466 135.828384 3.583305 0.000000
4056 1.2653 872.275145 1.503657 1.30900145 145.132782 22.168581 135.835754 3.583299 0.000000
4060 1.1228 872.279725 1.503657 1.30900145 145.130157 22.167812 135.842117 3.583294 0.000000
4064 1.0630 872.285159 1.503657 1.30900145 145.127029 22.166874 135.849686 3.583288 0.000000
4068 1.8140 872.290811 1.503657 1.30900145 145.123779 22.165842 135.857544 3.583282 0.000000
4072 1.2050 872.295482 1.503657 1.30900145 145.121078 22.164991 135.864044 3.583277 0.000000
4076 1.1964 872.300805 1.503657 1.30900145 145.118011 22.164011 135.871429 3.583271 0.000000
4080 1.2657 872.305529 1.503657 1.30900145 145.115265 22.163101 135.877991 3.583265 0.000000
4084 1.0860 872.310616 1.503657 1.30900145 145.112289 22.162121 135.885040 3.583260 0.000000
4088 1.8775 872.316229 1.503657 1.30900145 145.109039 22.161039 135.892853 3.583253 0.000000
4092 1.2137 872.321007 1.503657 1.30900145 145.106232 22.160093 135.899475 3.583248 0.000000
4096 1.2203 872.326412 1.503657 1.30900145 145.103058 22.159023 135.906952 3.583242 0.000000
4100 1.2799 872.331231 1.503657 1.30900145 145.100235 22.158070 135.913635 3.583237 0.000000
4104 1.1500 872.336451 1.503657 1.30900145 145.097153 22.157034 135.920868 3.583231 0.000000
4108 1.1238 872.341969 1.503657 1.30900145 145.093872 22.155939 135.928497 3.583225 0.000000
4112 1.1868 872.346684 1.503657 1.30900145 145.091095 22.155003 135.935028 3.583220 0.000000
4116 1.2454 872.352047 1.503262 1.30900145 145.087906 22.153952 135.942429 3.583213 0.000000
4120 1.8579 872.357396 1.503262 1.30900145 145.084717 22.152912 135.949814 3.583207 0.000000
4124 1.1296 872.362022 1.503262 1.30900145 145.081955 22.152018 135.956207 3.583202 0.000000
4128 1.1509 872.367167 1.503262 1.30900145 145.078888 22.151026 135.963318 3.583196 0.000000
4132 1.1971 872.372003 1.503262 1.30900145 145.075974 22.150137 135.969971 3.583191 0.000000
4136 1.1215 872.377382 1.503262 1.30900145 145.072723 22.149147 135.977386 3.583185 0.000000
4140 1.5111 872.382986 1.503262 1.30900145 145.069351 22.148117 135.985092 3.583179 0.000000
4144 1.1152 872.387557 1.503262 1.30900145 145.066574 22.147335 135.991394 3.583175 0.000000
4148 1.1352 872.393097 1.503262 1.30900145 145.063187 22.146393 135.998993 3.583169 0.000000
4152 1.7651 872.398298 1.503262 1.30900145 145.060028 22.145512 136.006149 3.583164 0.000000
4156 1.1387 872.403262 1.503262 1.30900145 145.056961 22.144726 136.012939 3.583159 0.000000
4160 1.1581 872.408350 1.503262 1.30900145 145.053818 22.143959 136.019928 3.583153 0.000000
4164 1.1280 872.412948 1.503262 1.30900145 145.050980 22.143263 136.026230 3.583149 0.000000
4168 1.0343 872.418435 1.503262 1.30900145 145.047592 22.142471 136.033752 3.583143 0.000000
4172 1.6753 872.423687 1.503262 1.30900145 145.044312 22.141790 136.040924 3.583137 0.000000
4176 1.1899 872.428437 1.503262 1.30900145 145.041351 22.141174 136.047424 3.583132 0.000000
4180 1.4445 872.433716 1.503262 1.30900145 145.038040 22.140499 136.054642 3.583127 0.000000
4184 1.1583 872.438295 1.503262 1.30900145 145.035156 22.140018 136.060883 3.583122 0.000000
4188 1.1848 872.443777 1.503262 1.30900145 145.031708 22.139444 136.068375 3.583116 0.000000
4192 1.8925 872.449169 1.503262 1.30900145 145.028320 22.138880 136.075729 3.583110 0.000000
4196 1.1940 872.453814 1.503262 1.30900145 145.025360 22.138496 136.082047 3.583105 0.000000
4200 1.2295 872.459117 1.503262 1.30900145 145.021957 22.138081 136.089264 3.583099 0.000000
4204 1.2268 872.463842 1.503262 1.30900145 145.018936 22.137712 136.095688 3.583094 0.000000
4208 1.1464 872.469469 1.503262 1.30900145 145.015320 22.137350 136.103333 3.583088 0.000000
4212 1.2115 872.474820 1.503262 1.30900145 145.011871 22.137081 136.110611 3.583083 0.000000
4216 1.2080 872.479456 1.503262 1.30900145 145.008865 22.136848 136.116913 3.583078 0.000000
4220 1.2441 872.484805 1.503262 1.30900145 145.005402 22.136621 136.124176 3.583072 0.000000
4224 1.8885 872.490124 1.503262 1.30900145 145.001923 22.136505 136.131363 3.583066 0.000000
4228 1.2300 872.494783 1.503262 1.30900145 144.998871 22.136404 136.137665 3.583061 0.000000
4232 1.2779 872.500043 1.503262 1.30900145 144.995422 22.136290 136.144791 3.583055 0.000000
4236 1.1767 872.504653 1.503262 1.30900145 144.992371 22.136316 136.151016 3.583050 0.000000
4240 1.1545 872.509973 1.503262 1.30900145 144.988861 22.136345 136.158188 3.583045 0.000000
4244 1.5291 872.515059 1.503262 1.30900145 144.985474 22.136374 136.165054 3.583039 0.000000
4248 1.1246 872.519948 1.503262 1.30900145 144.982224 22.136488 136.171646 3.583034 0.000000
4252 1.2530 872.525102 1.503262 1.30900145 144.978775 22.136650 136.178589 3.583028 0.000000
4256 1.1550 872.529891 1.503262 1.30900145 144.975571 22.136803 136.185028 3.583023 0.000000
4260 1.2382 872.535283 1.503262 1.30900145 144.971954 22.137018 136.192291 3.583017 0.000000
4264 1.8303 872.540615 1.503262 1.30900145 144.968338 22.137314 136.199432 3.583011 0.000000
4268 1.1850 872.545337 1.503262 1.30900145 144.965149 22.137573 136.205780 3.583005 0.000000
4272 1.2695 872.550799 1.503262 1.30900145 144.961441 22.137892 136.213104 3.582999 0.000000
4276 1.2194 872.555407 1.503262 1.30900145 144.958282 22.138241 136.219269 3.582994 0.000000
4280 1.2226 872.560845 1.503262 1.30900145 144.954559 22.138653 136.226562 3.582988 0.000000
4284 1.8413 872.566158 1.503262 1.30900145 144.950928 22.139057 136.233688 3.582982 0.000000
4288 0.9968 872.570766 1.503262 1.30900145 144.947754 22.139477 136.239838 3.582977 0.000000
4292 1.1536 872.576168 1.503262 1.30900145 144.944031 22.139977 136.247070 3.582971 0.000000
4296 1.2382 872.580897 1.503262 1.30900145 144.940765 22.140413 136.253387 3.582966 0.000000
4300 1.0491 872.586124 1.503262 1.30900145 144.937134 22.140934 136.260376 3.582960 0.000000
4304 1.0851 872.591440 1.503262 1.30900145 144.933441 22.141495 136.267456 3.582954 0.000000
4308 1.1352 872.596115 1.503262 1.30900145 144.930176 22.141987 136.273697 3.582948 0.000000
4312 1.1945 872.601623 1.503262 1.30900145 144.926331 22.142578 136.281036 3.582942 0.000000
4316 1.8381 872.606932 1.503262 1.30900145 144.922592 22.143177 136.288086 3.582936 0.000000
4320 1.1902 872.611581 1.503262 1.30900145 144.919312 22.143700 136.294281 3.582931 0.000000
4324 1.0746 872.617058 1.503262 1.30900145 144.915466 22.144320 136.301559 3.582924 0.000000
4328 1.1913 872.621789 1.503262 1.30900145 144.912109 22.144867 136.307831 3.582919 0.000000
4332 1.1067 872.627165 1.503262 1.30900145 144.908295 22.145489 136.314972 3.582912 0.000000
4336 1.5234 872.632805 1.503262 1.30900145 144.904312 22.146141 136.322449 3.582906 0.000000
4340 1.2454 872.637415 1.504125 1.30900145 144.901031 22.146484 136.328568 3.582901 0.000000
4344 1.0460 872.642700 1.504125 1.30900145 144.897247 22.146851 136.335587 3.582895 0.000000
4348 1.2637 872.647616 1.504125 1.30900145 144.893753 22.147192 136.342117 3.582889 0.000000
4352 1.0189 872.652800 1.503731 1.30900145 144.890045 22.147495 136.348984 3.582884 0.000000
4356 1.3223 872.658211 1.503731 1.30900145 144.886169 22.147757 136.356155 3.582880 0.000000
4360 1.2495 872.662925 1.503731 1.30900145 144.882797 22.147985 136.362396 3.582876 0.000000
4364 1.1443 872.668190 1.504125 1.30900145 144.879028 22.148237 136.369370 3.582872 0.000000
4368 2.1041 872.673918 1.504125 1.30900145 144.874893 22.148504 136.376953 3.582868 0.000000
4372 1.1897 872.678790 1.504125 1.30900145 144.871368 22.148731 136.383392 3.582865 0.000000
4376 1.1796 872.684307 1.504125 1.30900145 144.867401 22.148973 136.390701 3.582861 0.000000
4380 1.2650 872.689010 1.504125 1.30900145 144.863983 22.149115 136.396912 3.582857 0.000000
4384 1.0864 872.694226 1.504125 1.30900145 144.860199 22.149271 136.403793 3.582852 0.000000
4388 1.1022 872.699948 1.504125 1.30900145 144.856049 22.149445 136.411346 3.582848 0.000000
4392 1.1620 872.704648 1.504125 1.30900145 144.852631 22.149494 136.417557 3.582844 0.000000
4396 1.1445 872.709993 1.504125 1.30900145 144.848740 22.149548 136.424622 3.582839 0.000000
4400 1.9543 872.715557 1.504125 1.30900145 144.844696 22.149601 136.431961 3.582835 0.000000
4404 1.0601 872.720072 1.504125 1.30900145 144.841400 22.149567 136.437927 3.582831 0.000000
4408 1.2787 872.725508 1.504125 1.30900145 144.837433 22.149490 136.445084 3.582827 0.000000
4412 1.2732 872.730112 1.504125 1.30900145 144.834076 22.149429 136.451157 3.582823 0.000000
4416 1.2702 872.735226 1.504125 1.30900145 144.830353 22.149311 136.457901 3.582819 0.000000
4420 1.7572 872.740616 1.504125 1.30900145 144.826401 22.149099 136.464996 3.582814 0.000000
4424 1.0337 872.745184 1.504125 1.30900145 144.823059 22.148920 136.471024 3.582811 0.000000
4428 1.1271 872.750845 1.504125 1.30900145 144.818924 22.148676 136.478485 3.582806 0.000000
4432 1.1810 872.755445 1.504125 1.30900145 144.815552 22.148369 136.484543 3.582802 0.000000
4436 1.1399 872.760892 1.504125 1.30900145 144.811554 22.148003 136.491730 3.582798 0.000000
4440 1.6801 872.766205 1.504125 1.30900145 144.807663 22.147646 136.498718 3.582793 0.000000
4444 1.0795 872.770873 5.999763 1.31042957 144.796005 22.146053 136.521896 3.582789 0.000000
4448 1.1800 872.776301 5.999763 1.31227243 144.781403 22.144035 136.551010 3.582784 0.000000
4452 1.2258 872.781008 5.999763 1.31387067 144.768738 22.142288 136.576263 3.582780 0.000000
4456 1.2195 872.786466 5.999763 1.31566620 144.755432 22.150257 136.602478 3.582778 0.000000
4460 1.1324 872.791886 5.999763 1.31740689 144.743225 22.165535 136.626221 3.582779 0.000000
4464 1.1283 872.796498 5.999763 1.31888843 144.732849 22.178537 136.646454 3.582779 0.000000
4468 1.2460 872.802056 5.999763 1.32063770 144.719772 22.193913 136.671982 3.582779 0.000000
4472 1.6578 872.807179 5.999763 1.32219410 144.706802 22.207623 136.697327 3.582780 0.000000
4476 1.0868 872.811922 5.999763 1.32363510 144.694809 22.220316 136.720810 3.582780 0.000000
4480 1.2030 872.817044 5.999763 1.32518518 144.681854 22.233950 136.746140 3.582780 0.000000
4484 1.1591 872.821877 5.999763 1.32657433 144.669708 22.245914 136.769806 3.582780 0.000000
4488 1.1001 872.827270 5.999763 1.32812393 144.656158 22.259266 136.796204 3.582781 0.000000
4492 1.5219 872.832899 5.999763 1.32974184 144.642014 22.273201 136.823761 3.582781 0.000000
4496 0.9811 872.837442 5.999763 1.33098364 144.630692 22.283985 136.845795 3.582782 0.000000
4500 1.1926 872.842752 5.999763 1.33242738 144.617447 22.296532 136.871521 3.582782 0.000000
4504 1.3647 872.847664 5.999763 1.33376276 144.605209 22.308140 136.895325 3.582782 0.000000
4508 1.0555 872.852939 5.999763 1.33515382 144.592117 22.320410 136.920761 3.582783 0.000000
4512 1.2365 872.858324 5.999763 1.33653867 144.578827 22.332779 136.946640 3.582783 0.000000
4516 1.2635 872.863024 5.999763 1.33774722 144.567230 22.343571 136.969208 3.582783 0.000000
4520 1.1206 872.868345 6.000154 1.33909249 144.554123 22.355703 136.994705 3.582783 0.000000
4524 1.7372 872.873576 6.000154 1.34036517 144.541351 22.367443 137.019653 3.582784 0.000000
4528 1.1780 872.878387 6.000154 1.34153557 144.529602 22.378237 137.042587 3.582784 0.000000
4532 1.1929 872.883658 5.999763 1.34281385 144.516739 22.390057 137.067719 3.582785 0.000000
4536 1.2367 872.888445 5.999763 1.34391558 144.505188 22.400642 137.090393 3.582784 0.000000
4540 1.1447 872.893851 5.999763 1.34515953 144.492157 22.412598 137.116013 3.582784 0.000000
4544 1.6256 872.899091 5.999763 1.34636557 144.479523 22.424187 137.140839 3.582783 0.000000
4548 1.1915 872.903838 5.999763 1.34741032 144.468201 22.434660 137.163239 3.582783 0.000000
4552 1.0533 872.909148 5.999763 1.34856617 144.455566 22.446371 137.188263 3.582784 0.000000
4556 1.0854 872.913875 5.999763 1.34959507 144.444321 22.456795 137.210541 3.582784 0.000000
4560 1.1050 872.919305 6.000154 1.35074639 144.431488 22.468821 137.236069 3.582784 0.000000
4564 1.4407 872.924606 6.000154 1.35183799 144.419037 22.480610 137.260956 3.582785 0.000000
4568 1.0822 872.929303 6.000154 1.35280538 144.408020 22.491056 137.283005 3.582785 0.000000
4572 1.2297 872.934872 6.000154 1.35393524 144.394287 22.498903 137.310654 3.582785 0.000000
4576 1.8092 872.940122 6.000154 1.35495806 144.379669 22.495092 137.340485 3.582785 0.000000
4580 1.1685 872.945039 6.000154 1.35591602 144.365997 22.491524 137.368423 3.582785 0.000000
4584 1.2512 872.950642 5.999763 1.35700071 144.350433 22.487520 137.400253 3.582784 0.000000
4588 1.1737 872.955533 5.999763 1.35790205 144.337006 22.484455 137.427979 3.582784 0.000000
4592 1.0840 872.960964 5.999763 1.35890293 144.322098 22.481049 137.458771 3.582783 0.000000
4596 1.1855 872.966600 5.999763 1.35994148 144.306625 22.477516 137.490707 3.582783 0.000000
4600 1.1645 872.971381 5.999763 1.36077547 144.293671 22.475014 137.517776 3.582783 0.000000
4604 1.1263 872.976868 5.999763 1.36173201 144.278824 22.472149 137.548828 3.582784 0.000000
4608 1.5298 872.982182 5.999763 1.36265826 144.264450 22.469376 137.578918 3.582784 0.000000
4612 1.0708 872.987183 6.000154 1.36349392 144.251038 22.467247 137.607193 3.582784 0.000000
4616 1.2726 872.992883 6.000154 1.36443388 144.235825 22.464989 137.639435 3.582785 0.000000
4620 1.6900 872.998107 6.000154 1.36529529 144.221878 22.462915 137.668976 3.582785 0.000000
4624 1.1057 873.003188 6.000154 1.36610496 144.208435 22.461222 137.697693 3.582785 0.000000
4628 1.4066 873.008898 6.000154 1.36699557 144.193420 22.459532 137.729950 3.582785 0.000000
4632 1.2160 873.013749 6.000154 1.36775231 144.180649 22.458096 137.757370 3.582784 0.000000
4636 1.2756 873.019376 5.999763 1.36860728 144.165955 22.456676 137.789154 3.582784 0.000000
4640 1.4562 873.024780 5.999763 1.36940467 144.151947 22.455572 137.819656 3.582783 0.000000
4644 1.1510 873.029587 5.999763 1.37011397 144.139496 22.454592 137.846802 3.582783 0.000000
4648 1.3448 873.035400 5.999763 1.37095535 144.124496 22.453560 137.879639 3.582783 0.000000
4652 2.0522 873.041016 5.999763 1.37173915 144.110138 22.452835 137.911331 3.582783 0.000000
4656 1.0094 873.045788 5.999763 1.37240517 144.097931 22.452217 137.938278 3.582783 0.000000
4660 1.2913 873.051442 6.000154 1.37318349 144.083542 22.451567 137.970200 3.582784 0.000000
4664 1.8990 873.057150 6.000154 1.37393725 144.069122 22.451138 138.002411 3.582784 0.000000
4668 1.2075 873.062101 6.000154 1.37459099 144.056625 22.450764 138.030334 3.582785 0.000000
4672 1.2669 873.067840 5.999763 1.37534046 144.042191 22.450365 138.062744 3.582785 0.000000
4676 1.7920 873.073354 5.999763 1.37602925 144.028458 22.450104 138.093857 3.582785 0.000000
4680 1.2408 873.078411 5.999763 1.37666082 144.015869 22.449863 138.122375 3.582784 0.000000
4684 1.1525 873.084183 6.000154 1.37737596 144.001526 22.449591 138.154968 3.582784 0.000000
4688 1.7641 873.089806 6.000154 1.37804055 143.987671 22.449326 138.186676 3.582784 0.000000
4692 1.3037 873.094926 6.000154 1.37864554 143.975067 22.449083 138.215561 3.582785 0.000000
4696 1.1715 873.100622 5.999763 1.37931466 143.961060 22.448824 138.247696 3.582785 0.000000
4700 2.6797 873.116224 5.999763 1.38105834 143.923096 22.448263 138.335693 3.582784 0.000000
4704 0.1544 873.129637 6.000154 1.38247919 143.890671 22.447365 138.411316 3.582785 0.000000
4708 0.1480 873.144683 5.999763 1.38400519 143.854568 22.445374 138.496109 3.582784 0.000000
4712 1.3267 873.150147 6.000154 1.38455093 143.841492 22.444521 138.526917 3.582783 0.000000
4716 2.2905 873.165937 6.000154 1.38604498 143.803864 22.440678 138.615814 3.582785 0.000000
4720 0.1550 873.177025 5.999763 1.38704109 143.777557 22.436901 138.678207 3.582784 0.000000
4724 1.3894 873.184014 6.000154 1.38766325 143.761002 22.434401 138.717529 3.582783 0.000000
4728 2.3992 873.196483 6.000154 1.38871920 143.731445 22.428743 138.787598 3.582784 0.000000
4732 0.1628 873.212132 5.999763 1.38998842 143.694427 22.420382 138.875427 3.582783 0.000000
4736 1.6483 873.218106 6.000154 1.39046061 143.680283 22.416927 138.908951 3.582783 0.000000
4740 2.5639 873.232787 6.000154 1.39157307 143.645477 22.407499 138.991180 3.582784 0.000000
4744 1.2312 873.238214 5.999763 1.39196408 143.632568 22.403807 139.021545 3.582784 0.000000
4748 1.3610 873.243875 5.999763 1.39236987 143.619110 22.399929 139.053192 3.582783 0.000000
4752 1.5488 873.249156 5.999763 1.39274824 143.606537 22.396313 139.082718 3.582783 0.000000
4756 1.2922 873.254557 5.999763 1.39311767 143.593643 22.392368 139.112854 3.582783 0.000000
4760 1.3043 873.260292 5.999763 1.39350629 143.579941 22.388130 139.144852 3.582784 0.000000
4764 2.0434 873.266135 5.999763 1.39390242 143.565964 22.383812 139.177460 3.582784 0.000000
4768 1.3605 873.271197 6.000154 1.39422894 143.553787 22.379961 139.205627 3.582785 0.000000
4772 1.3214 873.276972 6.000154 1.39459944 143.539871 22.375549 139.237778 3.582785 0.000000
4776 1.9233 873.282741 6.000154 1.39496934 143.525986 22.371143 139.269897 3.582786 0.000000
4780 1.3164 873.287873 5.999763 1.39528275 143.513550 22.367243 139.298401 3.582785 0.000000
4784 1.3605 873.293648 5.999763 1.39563310 143.499542 22.362854 139.330444 3.582785 0.000000
4788 1.9496 873.299370 5.999763 1.39598012 143.485657 22.358505 139.362213 3.582784 0.000000
4792 1.2235 873.304387 6.000154 1.39627016 143.473389 22.354836 139.389999 3.582784 0.000000
4796 1.3251 873.310083 6.000154 1.39659691 143.459427 22.350697 139.421509 3.582785 0.000000
4800 1.6679 873.315430 6.000154 1.39690387 143.446335 22.346807 139.451111 3.582786 0.000000
4804 1.1208 873.320608 5.999763 1.39718878 143.433548 22.343296 139.479721 3.582786 0.000000
4808 1.3068 873.326380 5.999763 1.39750206 143.419281 22.339470 139.511566 3.582785 0.000000
4812 1.6331 873.331789 5.999763 1.39779568 143.405914 22.335884 139.541443 3.582784 0.000000
4816 1.2188 873.337098 6.000154 1.39807284 143.392670 22.332727 139.570663 3.582784 0.000000
4820 1.2276 873.342850 6.000154 1.39836824 143.378265 22.329470 139.602325 3.582785 0.000000
4824 1.7235 873.348290 6.000154 1.39864767 143.364655 22.326387 139.632248 3.582786 0.000000
4828 1.3217 873.353606 5.999763 1.39891064 143.351273 22.323814 139.661438 3.582786 0.000000
4832 1.2525 873.359227 5.999763 1.39918375 143.337051 22.321312 139.692276 3.582785 0.000000
4836 1.4017 873.364454 5.999763 1.39943743 143.323837 22.318987 139.720947 3.582784 0.000000
4840 1.0941 873.369897 6.000154 1.39969349 143.309967 22.316954 139.750732 3.582784 0.000000
4844 1.2406 873.375521 6.000154 1.39995193 143.295563 22.315128 139.781479 3.582785 0.000000
4848 1.4823 873.380806 6.000154 1.40019488 143.282028 22.313412 139.810379 3.582786 0.000000
4852 1.2407 873.386430 5.999763 1.40044558 143.267548 22.311945 139.841064 3.582786 0.000000
4856 1.1716 873.391811 5.999763 1.40067935 143.253601 22.310822 139.870392 3.582785 0.000000
4860 1.4156 873.397003 5.999763 1.40090501 143.240173 22.309738 139.898682 3.582784 0.000000
4864 1.3534 873.402783 6.000154 1.40114987 143.225098 22.308846 139.930145 3.582784 0.000000
4868 1.3827 873.408463 6.000154 1.40138352 143.210236 22.308300 139.960999 3.582784 0.000000
4872 1.2384 873.413430 6.000154 1.40158772 143.197205 22.307821 139.987976 3.582785 0.000000
4876 1.3538 873.419186 5.999763 1.40181887 143.182053 22.307526 140.019211 3.582785 0.000000
4880 1.4808 873.424760 5.999763 1.40203559 143.167282 22.307556 140.049393 3.582784 0.000000
4884 1.3180 873.429783 5.999763 1.40223074 143.153976 22.307585 140.076599 3.582784 0.000000
4888 1.3181 873.435630 6.000154 1.40245342 143.138428 22.307821 140.108215 3.582783 0.000000
4892 1.4813 873.441221 6.000154 1.40265918 143.123444 22.308346 140.138412 3.582784 0.000000
4896 1.3216 873.446285 6.000154 1.40284562 143.109863 22.308823 140.165756 3.582785 0.000000
4900 1.3977 873.451978 5.999763 1.40305114 143.094574 22.309458 140.196472 3.582785 0.000000
4904 2.1485 873.457732 5.999763 1.40325129 143.079010 22.310295 140.227448 3.582784 0.000000
4908 1.2476 873.462692 5.999763 1.40342402 143.065598 22.311016 140.254150 3.582783 0.000000
4912 1.2037 873.468478 6.000154 1.40362191 143.049896 22.311941 140.285278 3.582783 0.000000
4916 1.7751 873.473915 6.000154 1.40380108 143.035034 22.312977 140.314484 3.582784 0.000000
4920 1.0870 873.478866 6.000154 1.40396416 143.021500 22.313921 140.341064 3.582785 0.000000
4924 1.3458 873.484760 5.999763 1.40415573 143.005356 22.315071 140.372711 3.582785 0.000000
4928 2.0850 873.490580 5.999763 1.40433693 142.989365 22.316288 140.403900 3.582784 0.000000
4932 1.1155 873.495512 5.999763 1.40449047 142.975800 22.317318 140.430313 3.582783 0.000000
4936 1.3589 873.501372 6.000154 1.40467072 142.959641 22.318504 140.461685 3.582783 0.000000
4940 1.9088 873.507070 6.000154 1.40483856 142.943848 22.319550 140.492172 3.582783 0.000000
4944 1.0815 873.511909 6.000154 1.40498126 142.930420 22.320436 140.518036 3.582784 0.000000
4948 1.3652 873.517853 5.999763 1.40515459 142.913910 22.321463 140.549820 3.582785 0.000000
4952 1.5685 873.523177 5.999763 1.40530288 142.899078 22.322151 140.578232 3.582784 0.000000
4956 1.2023 873.528447 5.999763 1.40544975 142.884399 22.322834 140.606369 3.582783 0.000000
4960 1.3090 873.534234 6.000154 1.40560961 142.868240 22.323515 140.637238 3.582782 0.000000
4964 1.3216 873.539187 6.000154 1.40574026 142.854370 22.323776 140.663651 3.582783 0.000000
4968 1.3844 873.544769 6.000154 1.40588760 142.838715 22.324066 140.693390 3.582784 0.000000
4972 1.1488 873.550547 5.999763 1.40603912 142.822510 22.324324 140.724197 3.582785 0.000000
4976 1.8268 873.556041 5.999763 1.40617609 142.807083 22.324154 140.753448 3.582783 0.000000
4980 1.3846 873.561439 5.999763 1.40631080 142.791916 22.323986 140.782196 3.582782 0.000000
4984 1.1953 873.567175 6.000154 1.40645301 142.775818 22.323753 140.812729 3.582781 0.000000
4988 1.2658 873.572170 6.000154 1.40657091 142.761749 22.323051 140.839310 3.582782 0.000000
4992 1.3906 873.577875 6.000154 1.40670550 142.745697 22.322247 140.869659 3.582783 0.000000
4996 1.2233 873.583609 5.999763 1.40684056 142.729568 22.321405 140.900177 3.582784 0.000000
5000 1.3923 873.588645 5.999763 1.40695286 142.715393 22.320103 140.926971 3.582783 0.000000
5004 1.1930 873.594290 5.999763 1.40707898 142.699493 22.318640 140.957001 3.582781 0.000000
5008 1.4121 873.600128 5.999763 1.40720892 142.683044 22.317114 140.988052 3.582780 0.000000
5012 1.2996 873.605094 5.999763 1.40731382 142.669098 22.315319 141.014481 3.582781 0.000000
5016 1.1714 873.610794 5.999763 1.40743411 142.653076 22.313257 141.044800 3.582783 0.000000
5020 1.4745 873.616458 5.999763 1.40755367 142.637161 22.311209 141.074921 3.582784 0.000000
5024 1.2791 873.621555 5.999706 1.40765560 142.618408 22.308794 141.099594 3.598142 0.000000
5028 1.2545 873.627086 5.999706 1.40776587 142.597885 22.306152 141.126251 3.615517 0.000000
5032 1.8951 873.632655 5.999706 1.40787697 142.577194 22.303488 141.153091 3.633013 0.000000
5036 1.0689 873.637205 6.000135 1.40796375 142.559418 22.300919 141.174210 3.647306 0.000000
5040 1.1889 873.642721 6.000135 1.40806794 142.537674 22.297718 141.199661 3.664635 0.000000
5044 1.1577 873.647376 6.000135 1.40815592 142.519318 22.295017 141.221146 3.679261 0.000000
5048 1.3059 873.652682 5.999722 1.40825355 142.497833 22.291729 141.245041 3.695931 0.000000
5052 1.5405 873.657991 5.999722 1.40834820 142.475754 22.288231 141.268387 3.712608 0.000000
5056 1.1946 873.662638 5.999722 1.40843129 142.456436 22.285168 141.288818 3.727206 0.000000
5060 1.1878 873.668051 5.999965 1.40852654 142.433640 22.281530 141.312317 3.744213 0.000000
5064 1.5028 873.672989 5.999965 1.40861011 142.412125 22.278023 141.332932 3.759727 0.000000
5068 1.1036 873.677973 5.999965 1.40869439 142.390411 22.274485 141.353745 3.775383 0.000000
5072 1.0530 873.683448 6.000174 1.40878689 142.366531 22.270592 141.376587 3.792582 0.000000
5076 1.1010 873.688082 6.000174 1.40886104 142.345459 22.267143 141.394867 3.807142 0.000000
5080 1.2711 873.693373 6.000174 1.40894556 142.321411 22.263206 141.415756 3.823762 0.000000
5084 1.6401 873.698502 6.000174 1.40902770 142.298080 22.259390 141.436005 3.839879 0.000000
5088 1.1220 873.703468 5.999987 1.40910411 142.274902 22.255527 141.454788 3.855479 0.000000
5092 1.2639 873.708808 5.999987 1.40918505 142.249695 22.251297 141.474609 3.872253 0.000000
5096 1.1938 873.713583 5.999987 1.40925729 142.227142 22.247513 141.492340 3.887256 0.000000
5100 1.0827 873.718878 6.000064 1.40933573 142.201797 22.243134 141.511490 3.903892 0.000000
5104 1.8808 873.724215 6.000064 1.40941203 142.175751 22.238461 141.530060 3.920655 0.000000
5108 1.2423 873.728891 6.000064 1.40947890 142.152924 22.234365 141.546326 3.935348 0.000000
5112 1.1381 873.734213 5.999793 1.40955448 142.126831 22.229626 141.564606 3.952066 0.000000
5116 1.0926 873.738683 5.999793 1.40961504 142.104340 22.225309 141.579071 3.966109 0.000000
5120 1.1306 873.743731 5.999793 1.40968323 142.078949 22.220436 141.595398 3.981967 0.000000
5124 1.6486 873.748602 5.999793 1.40974915 142.054443 22.215734 141.611130 3.997270 0.000000
5128 1.1535 873.753347 6.000299 1.40981102 142.030106 22.211321 141.625671 4.012177 0.000000
5132 1.0917 873.758562 6.000299 1.40987778 142.003143 22.206549 141.641281 4.028562 0.000000
5136 1.0842 873.762836 6.000299 1.40993249 141.981064 22.202639 141.654068 4.041989 0.000000
5140 1.0817 873.767935 6.000376 1.40999711 141.954559 22.198063 141.669006 4.058007 0.000000
5144 0.9506 873.772106 6.000376 1.41004777 141.932465 22.194540 141.680450 4.071112 0.000000
5148 1.0335 873.777017 6.000376 1.41010714 141.906464 22.190393 141.693909 4.086539 0.000000
5152 1.4550 873.781593 6.000376 1.41016269 141.882233 22.186531 141.706451 4.100914 0.000000
5156 1.0057 873.785974 6.000409 1.41021407 141.858734 22.183142 141.717804 4.114678 0.000000
5160 1.3628 873.790973 6.000409 1.41027153 141.831696 22.179508 141.730255 4.130384 0.000000
5164 1.1030 873.795263 6.000409 1.41032064 141.808472 22.176390 141.740936 4.143861 0.000000
5168 1.1890 873.800276 5.999618 1.41037786 141.781311 22.172777 141.753326 4.159611 0.000000
5172 1.0830 873.804431 5.999618 1.41042280 141.758408 22.170244 141.762604 4.172664 0.000000
5176 1.1018 873.809352 5.999618 1.41047609 141.731262 22.167240 141.773605 4.188123 0.000000
5180 1.1767 873.813512 5.999618 1.41052103 141.708313 22.164703 141.782883 4.201193 0.000000
5184 1.1123 873.818417 5.999712 1.41057312 141.681091 22.161905 141.793381 4.216603 0.000000
5188 1.1131 873.822514 5.999712 1.41061509 141.658112 22.159861 141.801483 4.229473 0.000000
5192 1.0854 873.827294 5.999712 1.41066408 141.631287 22.157475 141.810913 4.244491 0.000000
5196 1.4723 873.831857 5.999712 1.41071069 141.605682 22.155197 141.819916 4.258824 0.000000
5200 0.8210 873.836050 5.999979 1.41075230 141.582382 22.153360 141.828918 4.267442 0.000000
5204 1.5797 873.840608 5.999979 1.41079652 141.557190 22.151512 141.839111 4.274116 0.000000
5208 1.0364 873.844767 5.999979 1.41083682 141.534210 22.149828 141.848434 4.280207 0.000000
5212 1.5534 873.849326 5.999979 1.41088116 141.509003 22.147980 141.858643 4.286883 0.000000
5216 0.9083 873.853328 5.999979 1.41091824 141.487259 22.146461 141.868790 4.287870 0.000000
5220 0.9263 873.858000 5.999979 1.41096115 141.461975 22.144714 141.880920 4.287870 0.000000
5224 0.9462 873.861920 5.999979 1.41099727 141.440750 22.143250 141.891113 4.287870 0.000000
5228 1.1580 873.866897 5.999979 1.41104281 141.413803 22.141397 141.904022 4.287870 0.000000
5232 0.8948 873.870742 5.999979 1.41107619 141.393036 22.140133 141.914124 4.287870 0.000000
5236 0.9262 873.875289 5.999979 1.41111565 141.368469 22.138638 141.926056 4.287869 0.000000
5240 0.8147 873.879147 5.999979 1.41114926 141.347641 22.137371 141.936188 4.287869 0.000000
5244 1.1158 873.884015 5.999979 1.41119123 141.321350 22.135782 141.948990 4.287869 0.000000
5248 1.1410 873.887873 5.999979 1.41122293 141.300552 22.134592 141.959198 4.287869 0.000000
5252 1.1018 873.892767 5.999979 1.41126311 141.274170 22.133080 141.972153 4.287869 0.000000
5256 1.1252 873.896700 5.999979 1.41129541 141.252975 22.131865 141.982559 4.287869 0.000000
5260 1.1015 873.901380 5.999979 1.41133332 141.227753 22.130112 141.994980 4.287869 0.000000
5264 0.9319 873.905095 5.999979 1.41136229 141.207764 22.128143 142.004898 4.287869 0.000000
5268 1.1245 873.909940 5.999979 1.41139984 141.181702 22.125576 142.017838 4.287868 0.000000
5272 1.6058 873.914641 5.999979 1.41143632 141.156403 22.123085 142.030396 4.287868 0.000000
5276 0.8217 873.918877 5.999979 1.41146839 141.133636 22.120735 142.041748 4.287868 0.000000
5280 1.4948 873.923328 5.999979 1.41150117 141.109726 22.118164 142.053711 4.287868 0.000000
5284 0.9260 873.927397 5.999979 1.41153097 141.087860 22.115812 142.064636 4.287868 0.000000
5288 1.3340 873.931768 5.999979 1.41156304 141.064392 22.113289 142.076385 4.287868 0.000000
5292 0.8980 873.936071 5.999979 1.41159368 141.041290 22.110620 142.087982 4.287868 0.000000
5296 1.6180 873.940797 5.999979 1.41162658 141.015930 22.107582 142.100769 4.287868 0.000000
5300 0.9121 873.944533 5.999979 1.41165245 140.995895 22.105179 142.110870 4.287868 0.000000
5304 1.3245 873.949504 5.999979 1.41168714 140.969223 22.101982 142.124298 4.287868 0.000000
5308 1.0842 873.953656 5.999979 1.41171455 140.946960 22.098957 142.135559 4.287868 0.000000
5312 1.1068 873.958283 5.999979 1.41174495 140.922150 22.095531 142.148117 4.287868 0.000000
5316 0.7788 873.962203 5.999979 1.41177094 140.901138 22.092630 142.158752 4.287868 0.000000
5320 0.9614 873.967006 5.999979 1.41180241 140.875397 22.089048 142.171783 4.287868 0.000000
5324 0.9167 873.970899 5.999979 1.41182661 140.854538 22.085855 142.182388 4.287868 0.000000
5328 1.0602 873.975800 5.999979 1.41185701 140.828308 22.081839 142.195709 4.287867 0.000000
5332 0.8606 873.979755 5.999979 1.41188169 140.807114 22.078594 142.206482 4.287867 0.000000
5336 1.0438 873.984652 5.999979 1.41191185 140.780884 22.074478 142.219803 4.287867 0.000000
5340 1.1013 873.988698 5.999979 1.41193557 140.759216 22.070850 142.230820 4.287867 0.000000
5344 0.9405 873.993341 5.999979 1.41196299 140.734344 22.066689 142.243469 4.287867 0.000000
5348 1.4315 873.997959 5.999979 1.41199017 140.709610 22.062546 142.256058 4.287867 0.000000
5352 0.9605 874.002244 5.999979 1.41201460 140.686676 22.058443 142.267715 4.287867 0.000000
5356 1.4770 874.006674 5.999979 1.41203928 140.662933 22.053951 142.279770 4.287867 0.000000
5360 0.9153 874.010899 5.999979 1.41206288 140.640320 22.049671 142.291275 4.287867 0.000000
5364 1.6339 874.015629 5.999979 1.41208923 140.614990 22.044878 142.304123 4.287867 0.000000
5368 1.1815 874.019780 5.999979 1.41211140 140.592743 22.040323 142.315414 4.287867 0.000000
5372 1.6377 874.024149 5.999979 1.41213453 140.569336 22.035408 142.327286 4.287867 0.000000
5376 1.0535 874.028096 5.999979 1.41215527 140.548187 22.030972 142.338013 4.287866 0.000000
5380 1.1547 874.032675 5.999979 1.41217947 140.523651 22.025820 142.350449 4.287866 0.000000
5384 1.0766 874.036550 5.999979 1.41219890 140.502884 22.021147 142.360962 4.287866 0.000000
5388 1.3553 874.041098 5.999979 1.41222155 140.478500 22.015591 142.373291 4.287866 0.000000
5392 0.9081 874.045080 5.999979 1.41224134 140.457153 22.010723 142.384064 4.287866 0.000000
5396 1.0099 874.049802 5.999979 1.41226494 140.431824 22.004951 142.396851 4.287866 0.000000
5400 0.9177 874.053729 5.999979 1.41228354 140.410751 21.999863 142.407440 4.287866 0.000000
5404 0.9892 874.058356 5.999979 1.41230524 140.385910 21.993847 142.419891 4.287865 0.000000
5408 0.9293 874.062115 5.999979 1.41232300 140.365738 21.988960 142.430023 4.287865 0.000000
5412 0.9354 874.067041 5.999979 1.41234612 140.339279 21.982536 142.443283 4.287865 0.000000
5416 1.0615 874.070925 5.999979 1.41236341 140.318405 21.977293 142.453690 4.287865 0.000000
5420 0.9275 874.075298 5.999979 1.41238296 140.294891 21.971388 142.465393 4.287865 0.000000
5424 1.0680 874.079298 5.999979 1.41240072 140.273392 21.965988 142.476105 4.287865 0.000000
5428 0.9643 874.084097 5.999979 1.41242194 140.247589 21.959629 142.488937 4.287865 0.000000
5432 1.1305 874.088030 5.999979 1.41243851 140.226395 21.954956 142.499374 4.287865 0.000000
5436 0.9251 874.092550 5.999979 1.41245747 140.202072 21.949583 142.511398 4.287865 0.000000
5440 0.9549 874.096355 5.999979 1.41247356 140.181580 21.945061 142.521500 4.287865 0.000000
5444 0.9192 874.101069 5.999979 1.41249323 140.156204 21.939665 142.533997 4.287865 0.000000
5448 1.0795 874.105161 5.999979 1.41250968 140.134125 21.935593 142.544785 4.287865 0.000000
5452 0.7828 874.109611 5.999979 1.41252744 140.110107 21.931164 142.556503 4.287864 0.000000
5456 1.0901 874.113709 5.999979 1.41254365 140.087997 21.927088 142.567307 4.287864 0.000000
5460 1.0661 874.118398 5.999979 1.41256201 140.062683 21.922483 142.579605 4.287864 0.000000
5464 1.4262 874.122878 5.999979 1.41257894 140.038467 21.918180 142.591278 4.287864 0.000000
5468 0.9840 874.127151 5.999979 1.41259515 140.015350 21.914076 142.602432 4.287864 0.000000
5472 1.2063 874.131305 5.999979 1.41261077 139.992889 21.910088 142.613251 4.287864 0.000000
5476 0.8966 874.135663 5.999979 1.41262662 139.969315 21.906107 142.624557 4.287864 0.000000
5480 1.7087 874.140254 5.999979 1.41264307 139.944427 21.902103 142.636383 4.287864 0.000000
5484 1.0168 874.144283 5.999979 1.41265738 139.922592 21.898592 142.646790 4.287863 0.000000
5488 1.5845 874.148995 5.999979 1.41267431 139.897064 21.894485 142.658936 4.287863 0.000000
5492 1.0142 874.153061 5.999979 1.41268814 139.874985 21.891249 142.669342 4.287863 0.000000
5496 1.6103 874.157599 5.999979 1.41270363 139.850311 21.887753 142.680908 4.287863 0.000000
5500 1.0862 874.161733 5.999979 1.41271746 139.827866 21.884567 142.691452 4.287863 0.000000
5504 1.2372 874.166436 5.999979 1.41273344 139.802307 21.880945 142.703430 4.287863 0.000000
5508 0.8417 874.170231 5.999979 1.41274559 139.781647 21.878387 142.713013 4.287863 0.000000
5512 0.8478 874.174808 5.999979 1.41276026 139.756714 21.875336 142.724518 4.287863 0.000000
5516 1.0163 874.178828 5.999979 1.41277301 139.734802 21.872654 142.734650 4.287862 0.000000
5520 0.8734 874.183653 5.999979 1.41278827 139.708511 21.869471 142.746780 4.287862 0.000000
5524 0.8628 874.187588 5.999979 1.41280019 139.687027 21.867308 142.756561 4.287862 0.000000
5528 0.9775 874.192187 5.999979 1.41281426 139.661926 21.864779 142.767990 4.287862 0.000000
5532 1.0676 874.196059 5.999979 1.41282594 139.640762 21.862648 142.777618 4.287862 0.000000
5536 0.9346 874.200716 5.999979 1.41283977 139.615326 21.860168 142.789169 4.287862 0.000000
5540 0.8966 874.204606 5.999979 1.41285086 139.594025 21.858459 142.798706 4.287862 0.000000
5544 0.9476 874.209178 5.999979 1.41286397 139.568985 21.856455 142.809937 4.287861 0.000000
5548 1.1401 874.213282 5.999979 1.41287577 139.546524 21.854656 142.820007 4.287861 0.000000
5552 0.9398 874.217801 5.999979 1.41288853 139.521759 21.853058 142.831055 4.287861 0.000000
5556 0.9737 874.221627 5.999979 1.41289878 139.500748 21.852671 142.840317 4.287861 0.000000
5560 1.1188 874.226349 5.999979 1.41291165 139.474823 21.852196 142.851746 4.287861 0.000000
5564 1.0828 874.230228 5.999979 1.41292202 139.453522 21.851805 142.861145 4.287861 0.000000
5568 1.1502 874.234983 5.999979 1.41293466 139.427399 21.851685 142.872604 4.287861 0.000000
5572 1.1399 874.238996 5.999979 1.41294503 139.405304 21.852154 142.882217 4.287861 0.000000
5576 1.0329 874.243399 5.999979 1.41295624 139.381073 21.852665 142.892731 4.287860 0.000000
5580 1.1651 874.247438 5.999979 1.41296649 139.358826 21.853134 142.902390 4.287860 0.000000
5584 0.9267 874.251904 5.999979 1.41297781 139.334213 21.853813 142.912994 4.287860 0.000000
5588 1.5154 874.256432 5.999979 1.41298866 139.309235 21.854717 142.923691 4.287860 0.000000
5592 0.9060 874.260613 5.999979 1.41299880 139.286163 21.855553 142.933563 4.287860 0.000000
5596 1.4591 874.265096 5.999979 1.41300976 139.261429 21.856447 142.944153 4.287860 0.000000
5600 1.0606 874.269438 6.000976 1.41301990 139.237427 21.857922 142.954300 4.287860 0.000000
5604 1.6283 874.274165 6.000976 1.41303062 139.211273 21.859898 142.965302 4.287860 0.000000
5608 1.1133 874.278081 6.000976 1.41303968 139.189606 21.861534 142.974426 4.287859 0.000000
5612 0.8702 874.282775 6.000976 1.41305053 139.163620 21.863499 142.985336 4.287859 0.000000
5616 1.0194 874.286790 6.000894 1.41305923 139.141373 21.865120 142.994614 4.287858 0.000000
5620 1.0506 874.291657 6.000894 1.41306973 139.114395 21.867077 143.005829 4.287857 0.000000
5624 0.7770 874.295482 6.000894 1.41307795 139.093185 21.868610 143.014648 4.287855 0.000000
5628 1.1626 874.300314 6.000894 1.41308844 139.066391 21.870554 143.025787 4.287853 0.000000
5632 0.9718 874.304259 6.000894 1.41309655 139.044479 21.872145 143.034790 4.287852 0.000000
5636 0.9657 874.308912 6.000894 1.41310608 139.018646 21.874025 143.045410 4.287851 0.000000
5640 1.0321 874.312875 6.000894 1.41311419 138.996628 21.875626 143.054443 4.287850 0.000000
5644 1.1061 874.317683 6.000894 1.41312397 138.969910 21.877541 143.065384 4.287849 0.000000
5648 1.1197 874.321662 6.000894 1.41313159 138.947769 21.879038 143.074387 4.287848 0.000000
5652 1.0622 874.326308 6.000894 1.41314065 138.921921 21.880787 143.084900 4.287847 0.000000
5656 1.0422 874.330345 6.000894 1.41314852 138.899460 21.882305 143.094025 4.287846 0.000000
5660 0.9857 874.334844 6.000894 1.41315711 138.874405 21.883913 143.104172 4.287845 0.000000
5664 0.9410 874.338552 6.000894 1.41316378 138.853760 21.885103 143.112503 4.287844 0.000000
5668 1.0827 874.343327 6.000894 1.41317272 138.827164 21.886633 143.123215 4.287843 0.000000
5672 1.1347 874.347359 6.000894 1.41317999 138.804703 21.887924 143.132263 4.287842 0.000000
5676 1.0312 874.351959 5.999389 1.41318810 138.779068 21.889397 143.142563 4.287841 0.000000
5680 1.4249 874.356360 5.999389 1.41319561 138.754517 21.890802 143.152374 4.287840 0.000000
5684 0.8790 874.360487 5.999389 1.41320252 138.731506 21.892120 143.161575 4.287839 0.000000
5688 1.6133 874.365193 5.999389 1.41321039 138.705261 21.893623 143.172073 4.287838 0.000000
5692 0.9401 874.369284 5.999765 1.41321719 138.682434 21.894625 143.181168 4.287836 0.000000
5696 1.5165 874.373823 5.999765 1.41322458 138.657104 21.895542 143.191238 4.287834 0.000000
5700 0.8295 874.377633 5.999765 1.41323066 138.635849 21.896313 143.199707 4.287832 0.000000
5704 1.3452 874.382495 5.999765 1.41323864 138.608719 21.897297 143.210495 4.287829 0.000000
5708 1.0699 874.386451 5.999765 1.41324496 138.586624 21.897747 143.219269 4.287827 0.000000
5712 0.9676 874.391088 5.999765 1.41325200 138.560745 21.898167 143.229553 4.287825 0.000000
5716 0.9296 874.394894 5.999765 1.41325784 138.539490 21.898508 143.237976 4.287823 0.000000
5720 0.8708 874.399745 5.999765 1.41326523 138.512390 21.898945 143.248734 4.287821 0.000000
5724 0.9893 874.403709 5.999765 1.41327095 138.490265 21.898867 143.257507 4.287819 0.000000
5728 1.1128 874.408585 5.999765 1.41327810 138.463043 21.898733 143.268311 4.287817 0.000000
5732 0.8188 874.412379 5.999765 1.41328359 138.441849 21.898630 143.276703 4.287815 0.000000
5736 0.9757 874.417043 5.999765 1.41329038 138.415817 21.898458 143.287048 4.287813 0.000000
5740 0.8352 874.420932 5.999765 1.41329575 138.394104 21.897903 143.295670 4.287811 0.000000
5744 0.9224 874.425715 5.999765 1.41330230 138.367416 21.897221 143.306274 4.287809 0.000000
5748 1.0102 874.429576 5.999765 1.41330767 138.345856 21.896667 143.314835 4.287807 0.000000
5752 0.9965 874.434274 5.999765 1.41331398 138.319641 21.895899 143.325256 4.287805 0.000000
5756 0.9130 874.438061 5.999765 1.41331887 138.298508 21.894958 143.333679 4.287803 0.000000
5760 0.9065 874.442794 5.999765 1.41332507 138.272095 21.893784 143.344223 4.287800 0.000000
5764 1.0741 874.446735 5.999765 1.41333032 138.250122 21.892807 143.352997 4.287798 0.000000
5768 0.9832 874.451465 5.999389 1.41333616 138.223740 21.891523 143.363525 4.287796 0.000000
5772 1.1064 874.455575 5.999389 1.41334116 138.200836 21.890196 143.372711 4.287794 0.000000
5776 0.9169 874.460055 5.999389 1.41334653 138.175873 21.888750 143.382736 4.287792 0.000000
5780 1.0717 874.463933 5.999389 1.41335118 138.154266 21.887497 143.391403 4.287790 0.000000
5784 0.9800 874.468532 5.999389 1.41335666 138.128647 21.885920 143.401703 4.287788 0.000000
5788 1.2944 874.472677 5.999389 1.41336131 138.105576 21.884371 143.411041 4.287786 0.000000
5792 1.0667 874.477095 5.999389 1.41336632 138.080978 21.882717 143.420975 4.287783 0.000000
5796 1.2019 874.481263 5.999389 1.41337097 138.057770 21.881161 143.430359 4.287780 0.000000
5800 0.9712 874.485836 5.996674 1.41337550 138.032333 21.879532 143.440704 4.287778 0.000000
5804 1.7342 874.490491 5.996674 1.41337943 138.006485 21.877945 143.451248 4.287775 0.000000
5808 0.9156 874.494405 5.996674 1.41338265 137.984726 21.876608 143.460114 4.287773 0.000000
5812 1.4583 874.499113 5.996674 1.41338670 137.958557 21.875002 143.470779 4.287770 0.000000
5816 0.9982 874.503072 5.996591 1.41339004 137.936584 21.873531 143.479813 4.287766 0.000000
5820 0.9877 874.507885 5.996591 1.41339397 137.909897 21.871704 143.490829 4.287762 0.000000
5824 0.8967 874.511531 5.996591 1.41339672 137.889679 21.870319 143.499176 4.287759 0.000000
5828 1.0101 874.516334 5.996591 1.41340065 137.863037 21.868494 143.510162 4.287755 0.000000
5832 0.9308 874.520029 5.996591 1.41340351 137.842590 21.867159 143.518707 4.287752 0.000000
5836 0.9840 874.524506 5.996591 1.41340685 137.817780 21.865547 143.529053 4.287748 0.000000
5840 1.0552 874.528487 5.996591 1.41340983 137.795746 21.864117 143.538269 4.287745 0.000000
5844 1.1348 874.533353 5.996215 1.41341364 137.768799 21.862370 143.549530 4.287741 0.000000
5848 0.8484 874.537244 5.996215 1.41341627 137.747330 21.861202 143.558640 4.287738 0.000000
5852 0.9463 874.542084 5.996215 1.41341949 137.720596 21.859749 143.569946 4.287735 0.000000
5856 0.8709 874.545891 5.996215 1.41342223 137.699570 21.858606 143.578857 4.287732 0.000000
5860 1.2165 874.550865 5.995839 1.41342545 137.672119 21.857178 143.590530 4.287727 0.000000
5864 1.0862 874.554590 5.995839 1.41342783 137.651581 21.856344 143.599335 4.287724 0.000000
5868 0.9377 874.559109 5.995839 1.41343057 137.626694 21.855331 143.610046 4.287720 0.000000
5872 0.8558 874.563040 5.995839 1.41343307 137.605042 21.854454 143.619354 4.287717 0.000000
5876 0.9167 874.567783 5.995839 1.41343594 137.578949 21.853498 143.630630 4.287713 0.000000
5880 1.1081 874.571666 5.995839 1.41343820 137.557587 21.852997 143.639938 4.287709 0.000000
5884 0.8960 874.576174 5.995839 1.41344094 137.532822 21.852415 143.650742 4.287704 0.000000
5888 1.1228 874.580318 5.995839 1.41344345 137.510040 21.851879 143.660675 4.287700 0.000000
5892 0.9103 874.584858 5.995839 1.41344595 137.485123 21.851463 143.671616 4.287696 0.000000
5896 1.0732 874.588740 5.995839 1.41344810 137.463837 21.851387 143.681061 4.287692 0.000000
5900 1.0698 874.593345 5.995839 1.41345060 137.438599 21.851297 143.692245 4.287688 0.000000
5904 1.1879 874.597337 5.995839 1.41345298 137.416718 21.851219 143.701950 4.287683 0.000000
5908 0.9325 874.602001 5.992291 1.41345477 137.391174 21.851479 143.713348 4.287679 0.000000
5912 1.1994 874.606086 5.992291 1.41345572 137.368851 21.852116 143.723389 4.287675 0.000000
5916 0.9862 874.610549 5.992291 1.41345680 137.344452 21.852812 143.734375 4.287671 0.000000
5920 1.6707 874.615058 5.992291 1.41345787 137.319809 21.853514 143.745453 4.287666 0.000000
5924 0.8017 874.618989 5.992667 1.41345882 137.298370 21.854370 143.755203 4.287661 0.000000
5928 1.7515 874.623679 5.992667 1.41345990 137.272797 21.855587 143.766876 4.287655 0.000000
5932 1.0542 874.627556 5.992667 1.41346109 137.251678 21.856596 143.776550 4.287650 0.000000
5936 1.8246 874.632262 5.992667 1.41346216 137.226013 21.857819 143.788269 4.287643 0.000000
5940 0.9812 874.636035 5.992291 1.41346312 137.205505 21.859142 143.797745 4.287638 0.000000
5944 1.5802 874.640575 5.992291 1.41346395 137.180817 21.860897 143.809204 4.287632 0.000000
5948 1.0700 874.644741 5.992291 1.41346490 137.158173 21.862507 143.819702 4.287627 0.000000
5952 1.0974 874.649508 5.992291 1.41346586 137.132248 21.864349 143.831726 4.287621 0.000000
5956 1.0662 874.653502 5.992667 1.41346681 137.110596 21.866196 143.841904 4.287615 0.000000
5960 1.0762 874.658068 5.992667 1.41346788 137.085831 21.868355 143.853561 4.287609 0.000000
5964 0.8870 874.661723 5.992667 1.41346884 137.066025 21.870087 143.862900 4.287604 0.000000
5968 1.0591 874.666527 5.992667 1.41346991 137.039963 21.872360 143.875168 4.287597 0.000000
5972 1.0710 874.670382 5.991832 1.41347051 137.019119 21.874451 143.885101 4.287592 0.000000
5976 0.9379 874.674804 5.991832 1.41347122 136.995209 21.876865 143.896545 4.287586 0.000000
5980 0.8387 874.678557 5.991832 1.41347170 136.974899 21.878910 143.906219 4.287580 0.000000
5984 0.8015 874.683412 5.991832 1.41347241 136.948639 21.881561 143.918762 4.287574 0.000000
5988 0.9268 874.687317 5.991832 1.41347301 136.927582 21.883873 143.928970 4.287569 0.000000
5992 0.7991 874.691925 5.991832 1.41347373 136.902710 21.886600 143.940979 4.287563 0.000000
5996 0.8416 874.695732 5.991832 1.41347420 136.882172 21.888853 143.950928 4.287558 0.000000
6000 1.0290 874.700329 5.991832 1.41347480 136.857376 21.891579 143.962921 4.287551 0.000000
6004 1.0402 874.704171 5.991832 1.41347539 136.836685 21.893919 143.973053 4.287546 0.000000
6008 0.9210 874.708780 5.991832 1.41347587 136.811859 21.896727 143.985199 4.287540 0.000000
6012 1.0665 874.712798 5.991832 1.41347647 136.790222 21.899174 143.995789 4.287535 0.000000
6016 0.8841 874.717430 5.991832 1.41347706 136.765289 21.901985 144.007996 4.287529 0.000000
6020 1.8966 874.727437 5.991832 1.41347837 136.711502 21.907951 144.034561 4.287514 0.000000
6024 1.4819 874.732450 5.991832 1.41347897 136.684555 21.910940 144.047882 4.287508 0.000000
6028 0.1410 874.744087 5.988660 1.41347778 136.622101 21.918060 144.078949 4.287491 0.000000
6032 1.4833 874.749962 5.988660 1.41347694 136.590591 21.921665 144.094635 4.287482 0.000000
6036 0.1680 874.763599 5.989035 1.41347575 136.517532 21.928759 144.131256 4.287459 0.000000
6040 0.1379 874.777204 5.989035 1.41347444 136.444687 21.934879 144.167923 4.287436 0.000000
6044 1.0284 874.781459 5.989035 1.41347396 136.421906 21.936707 144.179413 4.287429 0.000000
6048 0.1501 874.792674 5.989411 1.41347337 136.361893 21.940527 144.209717 4.287410 0.000000
6052 1.2060 874.797057 5.989411 1.41347301 136.338440 21.941940 144.221573 4.287403 0.000000
6056 10.9240 874.811732 5.989411 1.41347229 136.259949 21.945322 144.261292 4.287378 0.000000
6060 1.5000 874.815903 5.989411 1.41347194 136.237640 21.946186 144.272598 4.287372 0.000000
6064 0.1307 874.829503 5.987825 1.41346967 136.164902 21.947805 144.309372 4.287349 0.000000
6068 12.0219 874.846224 5.988201 1.41346717 136.075439 21.948153 144.354553 4.287318 0.000000
6072 1.0195 874.849903 5.988201 1.41346669 136.055756 21.948126 144.364502 4.287311 0.000000
6076 0.9826 874.853624 5.983820 1.41346490 136.035843 21.947922 144.374496 4.287304 0.000000
6080 1.1619 874.858224 5.983820 1.41346264 136.011230 21.947662 144.386841 4.287296 0.000000
6084 1.0322 874.861966 5.983820 1.41346085 135.991180 21.947451 144.396912 4.287290 0.000000
6088 0.9367 874.866483 5.983820 1.41345870 135.967010 21.947197 144.409042 4.287282 0.000000
6092 0.1375 874.879975 5.984194 1.41345274 135.894714 21.945297 144.445114 4.287252 0.000000
6096 11.6075 874.895858 5.984194 1.41344643 135.809525 21.942377 144.487366 4.287218 0.000000
6100 0.8609 874.899736 5.984194 1.41344476 135.788712 21.941620 144.497681 4.287209 0.000000
6104 0.1314 874.909953 5.984194 1.41344094 135.733795 21.939381 144.524628 4.287187 0.000000
6108 1.0571 874.914958 5.984194 1.41343892 135.706894 21.938282 144.537811 4.287176 0.000000
6112 0.1590 874.929615 5.983735 1.41343307 135.627975 21.935125 144.576172 4.287143 0.000000
6116 10.9594 874.944708 5.983735 1.41342723 135.546585 21.932280 144.615356 4.287111 0.000000
6120 1.3874 874.948362 5.983735 1.41342580 135.526871 21.931623 144.624817 4.287103 0.000000
6124 0.1493 874.963326 5.982985 1.41341949 135.445938 21.929939 144.663147 4.287070 0.000000
6128 11.4406 874.978234 5.982985 1.41341364 135.365143 21.929314 144.700928 4.287034 0.000000
6132 1.5488 874.982309 5.982985 1.41341209 135.343048 21.929216 144.711227 4.287024 0.000000
6136 0.1375 874.997954 5.975437 1.41339719 135.258072 21.931543 144.750214 4.286985 0.000000
6140 1.9407 875.002638 5.974140 1.41339242 135.232605 21.932587 144.761795 4.286971 0.000000
6144 0.9872 875.005302 5.974140 1.41338968 135.218109 21.933308 144.768341 4.286962 0.000000
6148 0.9469 875.009840 5.974140 1.41338491 135.193390 21.934532 144.779510 4.286947 0.000000
6152 1.0677 875.013802 5.974140 1.41338086 135.171814 21.935604 144.789246 4.286934 0.000000
6156 12.3392 875.029647 5.975350 1.41336644 135.085327 21.941267 144.827774 4.286884 0.000000
6160 1.1282 875.033126 5.975350 1.41336334 135.066330 21.942575 144.836212 4.286873 0.000000
6164 0.1385 875.043876 5.974889 1.41335404 135.007492 21.947819 144.861984 4.286839 0.000000
6168 1.5754 875.049499 5.974889 1.41334915 134.976715 21.950571 144.875473 4.286821 0.000000
6172 0.1322 875.060095 5.974889 1.41334045 134.918564 21.956791 144.900528 4.286789 0.000000
6176 1.4165 875.065568 5.974889 1.41333592 134.888535 21.960032 144.913467 4.286772 0.000000
6180 0.1559 875.082245 5.974889 1.41332281 134.796799 21.971205 144.952423 4.286719 0.000000
6184 0.1320 875.094691 5.974889 1.41331363 134.728180 21.980291 144.981155 4.286678 0.000000
6188 0.9188 875.100216 5.970885 1.41330957 134.697708 21.984369 144.993896 4.286660 0.000000
6192 1.7888 875.112191 5.970885 1.41329718 134.631577 21.993935 145.021164 4.286620 0.000000
6196 0.8359 875.116994 5.971259 1.41329241 134.605042 21.997770 145.032104 4.286604 0.000000
6200 1.9165 875.130419 5.971259 1.41327977 134.530746 22.008503 145.062378 4.286554 0.000000
6204 6.8237 875.141076 5.971259 1.41327024 134.471695 22.016809 145.086243 4.286515 0.000000
6208 1.0000 875.143812 5.971259 1.41326773 134.456543 22.018921 145.092377 4.286504 0.000000
6212 0.9899 875.147708 5.971259 1.41326427 134.434952 22.021929 145.101074 4.286490 0.000000
6216 0.7602 875.152207 5.970798 1.41326034 134.409988 22.025282 145.111099 4.286473 0.000000
6220 1.2220 875.156333 5.970798 1.41325665 134.387100 22.028238 145.120255 4.286457 0.000000
6224 0.8270 875.160512 5.970798 1.41325307 134.363892 22.031235 145.129532 4.286441 0.000000
6228 1.1248 875.164332 5.970798 1.41324961 134.342697 22.033972 145.138000 4.286427 0.000000
6232 0.1490 875.176538 5.970798 1.41323924 134.274902 22.041931 145.164978 4.286381 0.000000
6236 1.0975 875.180610 5.970798 1.41323602 134.252289 22.044525 145.173950 4.286366 0.000000
6240 8.3086 875.192347 5.973218 1.41322839 134.187012 22.050903 145.199799 4.286321 0.000000
6244 1.0772 875.195415 5.973218 1.41322649 134.169952 22.052483 145.206543 4.286309 0.000000
6248 1.7501 875.200236 5.973218 1.41322374 134.143143 22.054941 145.217148 4.286290 0.000000
6252 1.9764 875.212268 5.973218 1.41321719 134.076218 22.059908 145.243546 4.286244 0.000000
6256 0.9701 875.216961 5.972383 1.41321445 134.050125 22.061811 145.253830 4.286226 0.000000
6260 1.7981 875.228172 5.972383 1.41320789 133.987747 22.065123 145.278442 4.286182 0.000000
6264 1.1113 875.232995 5.972383 1.41320503 133.960922 22.066547 145.289017 4.286163 0.000000
6268 0.1342 875.246217 5.965210 1.41319013 133.887421 22.069843 145.317963 4.286110 0.000000
6272 7.9046 875.258182 5.965959 1.41317737 133.820953 22.071764 145.344238 4.286055 0.000000
6276 0.9593 875.261068 5.965959 1.41317451 133.804932 22.072111 145.350586 4.286041 0.000000
6280 1.4550 875.264956 5.965959 1.41317046 133.783340 22.072578 145.359131 4.286022 0.000000
6284 0.1369 875.278093 5.966333 1.41315794 133.710449 22.073141 145.388168 4.285960 0.000000
6288 1.1734 875.282704 5.966333 1.41315377 133.684845 22.073286 145.398376 4.285938 0.000000
6292 0.1520 875.296618 5.966333 1.41314149 133.607742 22.072840 145.429321 4.285872 0.000000
6296 1.2448 875.301441 5.966333 1.41313720 133.581039 22.072611 145.440063 4.285849 0.000000
6300 0.8347 875.304457 5.966333 1.41313469 133.564331 22.072386 145.446854 4.285834 0.000000
6304 0.9548 875.308448 5.966333 1.41313148 133.542267 22.072088 145.455811 4.285814 0.000000
6308 0.8508 875.311765 5.966333 1.41312861 133.523911 22.071840 145.463272 4.285798 0.000000
6312 1.7030 875.316081 5.966333 1.41312504 133.500031 22.071518 145.472961 4.285777 0.000000
6316 0.7884 875.319226 5.965872 1.41312242 133.482635 22.071257 145.480072 4.285761 0.000000
6320 1.2297 875.322808 5.965872 1.41311955 133.462860 22.070951 145.488205 4.285743 0.000000
6324 0.8835 875.326561 5.965872 1.41311646 133.442123 22.070629 145.496704 4.285724 0.000000
6328 0.7699 875.329645 5.965872 1.41311383 133.425095 22.070366 145.503693 4.285708 0.000000
6332 0.8825 875.334082 5.965872 1.41311026 133.400604 22.070004 145.513779 4.285686 0.000000
6336 0.6444 875.337159 5.965872 1.41310787 133.383636 22.069801 145.520828 4.285671 0.000000
6340 0.7948 875.340945 5.965872 1.41310489 133.362778 22.069553 145.529510 4.285652 0.000000
6344 0.8868 875.344217 5.965872 1.41310227 133.344757 22.069340 145.537003 4.285635 0.000000
6348 0.8938 875.347508 5.965872 1.41309977 133.326614 22.069124 145.544556 4.285619 0.000000
6352 0.9445 875.351535 5.960372 1.41309595 133.304443 22.069038 145.553818 4.285598 0.000000
6356 0.9189 875.354796 5.960372 1.41309202 133.286514 22.069202 145.561340 4.285582 0.000000
6360 0.7776 875.358643 5.960372 1.41308749 133.265366 22.069397 145.570251 4.285562 0.000000
6364 0.7561 875.361791 5.960372 1.41308367 133.248047 22.069557 145.577515 4.285545 0.000000
6368 1.2470 875.365779 5.960372 1.41307902 133.226135 22.069761 145.586746 4.285524 0.000000
6372 0.9473 875.369092 5.957117 1.41307449 133.207962 22.070063 145.594467 4.285504 0.000000
6376 0.9452 875.372302 5.957117 1.41307020 133.190369 22.070406 145.601990 4.285484 0.000000
6380 0.8900 875.376264 5.957117 1.41306472 133.168671 22.070827 145.611252 4.285460 0.000000
6384 1.0027 875.379709 5.957117 1.41305983 133.149780 22.071194 145.619308 4.285438 0.000000
6388 0.7784 875.383642 5.957117 1.41305435 133.128250 22.071644 145.628525 4.285413 0.000000
6392 0.7107 875.386926 5.957117 1.41305017 133.110291 22.072330 145.636322 4.285391 0.000000
6396 1.0099 875.390918 5.957117 1.41304481 133.088470 22.073166 145.645767 4.285365 0.000000
6400 0.9386 875.394272 5.957117 1.41304052 133.070129 22.073868 145.653717 4.285343 0.000000
6404 1.1183 875.397930 5.957117 1.41303563 133.050140 22.074633 145.662384 4.285319 0.000000
6408 0.8556 875.401734 5.956281 1.41303062 133.029358 22.075619 145.671448 4.285294 0.000000
6412 0.9002 875.404887 5.956281 1.41302657 133.012177 22.076622 145.679031 4.285272 0.000000
6416 0.7475 875.408957 5.956281 1.41302133 132.989990 22.077921 145.688797 4.285244 0.000000
6420 0.8928 875.412436 5.956281 1.41301680 132.971024 22.079029 145.697144 4.285221 0.000000
6424 0.7887 875.416532 5.956281 1.41301131 132.948685 22.080336 145.706985 4.285193 0.000000
6428 0.9197 875.419887 5.956655 1.41300726 132.930450 22.081779 145.715149 4.285170 0.000000
6432 0.6851 875.423936 5.956655 1.41300237 132.908447 22.083542 145.725006 4.285141 0.000000
6436 0.8983 875.427242 5.956655 1.41299832 132.890472 22.084980 145.733063 4.285118 0.000000
6440 1.0627 875.430687 5.956655 1.41299415 132.871735 22.086479 145.741455 4.285094 0.000000
6444 0.7997 875.434543 5.957029 1.41298962 132.850800 22.088297 145.750870 4.285067 0.000000
6448 0.7760 875.437896 5.957029 1.41298592 132.832626 22.090147 145.759155 4.285043 0.000000
6452 0.8376 875.441982 5.957029 1.41298139 132.810471 22.092400 145.769241 4.285014 0.000000
6456 0.7540 875.445150 5.957029 1.41297793 132.793304 22.094147 145.777069 4.284992 0.000000
6460 0.8290 875.449512 5.957029 1.41297293 132.769638 22.096554 145.787827 4.284961 0.000000
6464 0.8191 875.452698 5.956193 1.41296947 132.752411 22.098604 145.795776 4.284938 0.000000
6468 1.1298 875.456542 5.956193 1.41296518 132.731628 22.101143 145.805374 4.284910 0.000000
6472 0.8890 875.459875 5.956193 1.41296136 132.713593 22.103344 145.813705 4.284886 0.000000
6476 0.9095 875.463372 5.956193 1.41295767 132.694687 22.105654 145.822433 4.284862 0.000000
6480 0.9262 875.467519 5.956568 1.41295290 132.672272 22.108473 145.832840 4.284832 0.000000
6484 0.8747 875.470743 5.956568 1.41294968 132.654877 22.110905 145.840988 4.284808 0.000000
6488 0.6708 875.474704 5.956568 1.41294563 132.633530 22.113892 145.851013 4.284779 0.000000
6492 0.8427 875.478220 5.956568 1.41294205 132.614563 22.116543 145.859924 4.284752 0.000000
6496 0.7688 875.482329 5.956568 1.41293776 132.592422 22.119642 145.870316 4.284722 0.000000
6500 0.7884 875.485506 5.940188 1.41293168 132.575333 22.122421 145.878387 4.284698 0.000000
6504 0.8680 875.488633 5.940188 1.41292453 132.558548 22.125332 145.886353 4.284675 0.000000
6508 0.7645 875.492491 5.940188 1.41291571 132.537842 22.128922 145.896179 4.284646 0.000000
6512 0.7995 875.495630 5.940188 1.41290843 132.520996 22.131845 145.904160 4.284623 0.000000
6516 0.8312 875.499735 5.940188 1.41289914 132.498947 22.135664 145.914612 4.284592 0.000000
6520 0.8069 875.503158 5.942516 1.41289222 132.480606 22.138914 145.923416 4.284559 0.000000
6524 0.7973 875.507031 5.942516 1.41288459 132.459869 22.142597 145.933395 4.284522 0.000000
6528 0.8578 875.510262 5.942516 1.41287804 132.442566 22.145672 145.941711 4.284491 0.000000
6532 0.8140 875.513558 5.942516 1.41287160 132.424896 22.148804 145.950195 4.284459 0.000000
6536 0.7605 875.517606 5.942053 1.41286373 132.403229 22.152670 145.960648 4.284420 0.000000
6540 0.7287 875.520640 5.942053 1.41285777 132.387024 22.155609 145.968536 4.284392 0.000000
6544 0.7111 875.524464 5.942053 1.41285062 132.366577 22.159315 145.978485 4.284356 0.000000
6548 0.6820 875.527721 5.942053 1.41284430 132.349182 22.162472 145.986954 4.284325 0.000000
6552 0.8493 875.532031 5.942053 1.41283607 132.326141 22.166647 145.998184 4.284285 0.000000
6556 0.9407 875.535394 5.942427 1.41283000 132.308182 22.169882 146.006958 4.284253 0.000000
6560 0.9080 875.538730 5.942427 1.41282392 132.290390 22.173077 146.015717 4.284221 0.000000
6564 0.7680 875.542565 5.942427 1.41281724 132.269928 22.176746 146.025772 4.284184 0.000000
6568 0.9170 875.546011 5.942427 1.41281092 132.251541 22.180044 146.034805 4.284151 0.000000
6572 0.8649 875.550112 5.954522 1.41280377 132.229645 22.183956 146.045563 4.284111 0.000000
6576 0.8975 875.553285 5.954522 1.41280162 132.212723 22.186584 146.053986 4.284081 0.000000
6580 0.7113 875.557291 5.954522 1.41279876 132.191360 22.189903 146.064606 4.284041 0.000000
6584 0.6591 875.560529 5.954522 1.41279662 132.174088 22.192581 146.073196 4.284010 0.000000
6588 0.9640 875.563828 5.954522 1.41279423 132.156494 22.195314 146.081940 4.283978 0.000000
6592 0.7131 875.567687 5.951729 1.41279125 132.135910 22.198479 146.092194 4.283940 0.000000
6596 0.7837 875.570879 5.951729 1.41278851 132.118896 22.201027 146.100677 4.283911 0.000000
6600 0.8152 875.574983 5.951729 1.41278493 132.097031 22.204302 146.111603 4.283873 0.000000
6604 0.9316 875.578255 5.951729 1.41278195 132.079605 22.206915 146.120316 4.283843 0.000000
6608 0.7825 875.582274 5.951729 1.41277838 132.058197 22.210123 146.131012 4.283806 0.000000
6612 0.8748 875.585691 5.952103 1.41277552 132.040009 22.212639 146.140137 4.283772 0.000000
6616 1.1337 875.589072 5.952103 1.41277277 132.022018 22.215033 146.149185 4.283738 0.000000
6620 0.6409 875.592600 5.952103 1.41276991 132.003235 22.217533 146.158630 4.283703 0.000000
6624 0.9287 875.596162 5.952103 1.41276693 131.984283 22.220057 146.168152 4.283668 0.000000
6628 0.9010 875.600421 5.951642 1.41276348 131.961624 22.223028 146.179550 4.283625 0.000000
6632 0.7398 875.603642 5.951642 1.41276085 131.944489 22.224972 146.188202 4.283592 0.000000
6636 0.7679 875.607605 5.951642 1.41275775 131.923416 22.227356 146.198822 4.283551 0.000000
6640 0.8739 875.610945 5.951642 1.41275513 131.905655 22.229370 146.207794 4.283517 0.000000
6644 1.6541 875.615151 5.951642 1.41275167 131.883286 22.231905 146.219070 4.283474 0.000000
6648 0.8752 875.618585 5.937679 1.41274679 131.865051 22.233934 146.228271 4.283438 0.000000
6652 1.7203 875.622749 5.937679 1.41273892 131.842957 22.236355 146.239395 4.283395 0.000000
6656 0.7722 875.625987 5.937679 1.41273272 131.825775 22.238239 146.248047 4.283361 0.000000
6660 0.9356 875.629513 5.937679 1.41272604 131.807068 22.240290 146.257477 4.283324 0.000000
6664 0.9285 875.633635 5.940755 1.41271842 131.785202 22.242640 146.268494 4.283280 0.000000
6668 0.7780 875.636809 5.940755 1.41271353 131.768356 22.243986 146.276978 4.283239 0.000000
6672 0.8297 875.641109 5.940755 1.41270685 131.745529 22.245813 146.288498 4.283185 0.000000
6676 0.8053 875.644457 5.940755 1.41270173 131.727753 22.247232 146.297455 4.283141 0.000000
6680 1.4912 875.648585 5.940755 1.41269529 131.705841 22.248985 146.308487 4.283088 0.000000
6684 0.8493 875.651819 5.941503 1.41269064 131.688675 22.250154 146.317154 4.283048 0.000000
6688 0.7719 875.655041 5.941503 1.41268611 131.671570 22.251163 146.325760 4.283008 0.000000
6692 0.8035 875.658945 5.941503 1.41268063 131.650833 22.252388 146.336212 4.282959 0.000000
6696 0.7611 875.661903 5.941503 1.41267657 131.635132 22.253313 146.344116 4.282922 0.000000
6700 0.6635 875.666000 5.941503 1.41267085 131.613373 22.254595 146.355072 4.282871 0.000000
6704 0.8216 875.669287 5.941041 1.41266632 131.595901 22.255367 146.363831 4.282830 0.000000
6708 1.6032 875.673181 5.941041 1.41266096 131.575211 22.256207 146.374207 4.282781 0.000000
6712 0.7178 875.676378 5.941041 1.41265678 131.558228 22.256893 146.382721 4.282741 0.000000
6716 0.8375 875.679588 5.941041 1.41265237 131.541168 22.257582 146.391281 4.282701 0.000000
6720 0.6588 875.683829 5.941414 1.41264665 131.518616 22.258455 146.402573 4.282647 0.000000
6724 0.7436 875.687223 5.941414 1.41264248 131.500565 22.258919 146.411591 4.282603 0.000000
6728 0.8249 875.691346 5.941414 1.41263723 131.478638 22.259480 146.422516 4.282550 0.000000
6732 0.8076 875.694350 5.941414 1.41263342 131.462662 22.259892 146.430496 4.282511 0.000000
6736 1.4411 875.698495 5.941414 1.41262817 131.440628 22.260454 146.441513 4.282458 0.000000
6740 0.9725 875.702001 5.940953 1.41262388 131.421967 22.260824 146.450760 4.282412 0.000000
6744 1.1307 875.705741 5.940953 1.41261935 131.402039 22.261131 146.460632 4.282362 0.000000
6748 0.7793 875.709251 5.940953 1.41261494 131.383347 22.261419 146.469894 4.282315 0.000000
6752 0.9197 875.712784 5.940953 1.41261077 131.364532 22.261709 146.479218 4.282268 0.000000
6756 0.7707 875.716910 5.941702 1.41260564 131.342560 22.262041 146.490097 4.282213 0.000000
6760 0.6355 875.720151 5.941702 1.41260207 131.325272 22.262224 146.498581 4.282169 0.000000
6764 0.9578 875.724321 5.941702 1.41259754 131.303024 22.262457 146.509506 4.282112 0.000000
6768 0.7718 875.727451 5.941702 1.41259408 131.286331 22.262630 146.517700 4.282069 0.000000
6772 0.9087 875.730734 5.941702 1.41259027 131.268814 22.262815 146.526306 4.282024 0.000000
6776 0.7855 875.734583 5.944583 1.41258657 131.248260 22.262997 146.536346 4.281971 0.000000
6780 0.8275 875.737745 5.944583 1.41258395 131.231354 22.263088 146.544571 4.281927 0.000000
6784 0.7531 875.741689 5.944583 1.41258085 131.210266 22.263203 146.554825 4.281871 0.000000
6788 0.9600 875.745140 5.944583 1.41257799 131.191803 22.263302 146.563782 4.281823 0.000000
6792 1.6291 875.749321 5.944583 1.41257465 131.169449 22.263422 146.574646 4.281765 0.000000
6796 0.9262 875.752719 5.940953 1.41257131 131.151245 22.263712 146.583405 4.281715 0.000000
6800 1.5071 875.756625 5.940953 1.41256702 131.130310 22.264097 146.593414 4.281657 0.000000
6804 0.9625 875.759850 5.940953 1.41256368 131.113037 22.264420 146.601700 4.281610 0.000000
6808 0.8538 875.762930 5.940953 1.41256034 131.096527 22.264725 146.609619 4.281564 0.000000
6812 0.8727 875.766981 5.938995 1.41255617 131.074829 22.265146 146.620010 4.281504 0.000000
6816 0.6795 875.770164 5.938995 1.41255236 131.057739 22.265665 146.628082 4.281453 0.000000
6820 0.9670 875.774384 5.938995 1.41254759 131.035095 22.266354 146.638794 4.281385 0.000000
6824 0.9155 875.777733 5.938995 1.41254365 131.017105 22.266899 146.647308 4.281332 0.000000
6828 1.3202 875.781566 5.938995 1.41253912 130.996521 22.267525 146.657043 4.281271 0.000000
6832 0.7149 875.785202 5.939744 1.41253519 130.976974 22.268270 146.666214 4.281209 0.000000
6836 0.9018 875.788743 5.939744 1.41253150 130.957932 22.269144 146.675110 4.281148 0.000000
6840 0.9403 875.792737 5.939744 1.41252732 130.936432 22.270128 146.685150 4.281078 0.000000
6844 0.7759 875.795902 5.939744 1.41252398 130.919388 22.270908 146.693085 4.281023 0.000000
6848 1.0017 875.800042 5.939657 1.41251981 130.897110 22.271931 146.703491 4.280950 0.000000
6852 0.7532 875.803436 5.939657 1.41251636 130.878799 22.273113 146.711914 4.280889 0.000000
6856 1.5917 875.807745 5.939657 1.41251218 130.855560 22.274618 146.722595 4.280811 0.000000
6860 0.7901 875.810982 5.939657 1.41250896 130.838104 22.275747 146.730621 4.280753 0.000000
6864 0.9878 875.814504 5.939657 1.41250563 130.819107 22.276974 146.739349 4.280689 0.000000
6868 0.9427 875.818589 5.939571 1.41250157 130.797043 22.278618 146.749435 4.280615 0.000000
6872 0.9104 875.821804 5.939571 1.41249859 130.779633 22.280104 146.757309 4.280555 0.000000
6876 0.7282 875.825628 5.939571 1.41249502 130.758957 22.281874 146.766693 4.280485 0.000000
6880 0.8533 875.829027 5.939571 1.41249180 130.740570 22.283445 146.775024 4.280422 0.000000
6884 0.8666 875.833247 5.939571 1.41248798 130.717743 22.285397 146.785385 4.280344 0.000000
6888 0.8130 875.836528 5.939110 1.41248477 130.699951 22.287289 146.793304 4.280282 0.000000
6892 1.7020 875.840616 5.939110 1.41248107 130.677795 22.289661 146.803223 4.280204 0.000000
6896 0.7498 875.843772 5.939110 1.41247809 130.660675 22.291492 146.810852 4.280144 0.000000
6900 0.9035 875.847394 5.939110 1.41247463 130.641022 22.293594 146.819626 4.280076 0.000000
6904 0.8125 875.851529 5.939025 1.41247094 130.618576 22.296165 146.829590 4.279995 0.000000
6908 0.8849 875.854881 5.939025 1.41246796 130.600342 22.298491 146.837601 4.279929 0.000000
6912 0.8910 875.858987 5.939025 1.41246438 130.578033 22.301340 146.847412 4.279848 0.000000
6916 0.7230 875.862124 5.939025 1.41246176 130.560974 22.303516 146.854919 4.279786 0.000000
6920 0.7648 875.866075 5.939025 1.41245818 130.539490 22.306257 146.864365 4.279707 0.000000
6924 0.7747 875.869155 5.924217 1.41245270 130.522736 22.308865 146.871613 4.279645 0.000000
6928 0.7231 875.872415 5.924217 1.41244602 130.504990 22.311741 146.879272 4.279578 0.000000
6932 0.8722 875.876372 5.924217 1.41243804 130.483459 22.315235 146.888550 4.279498 0.000000
6936 0.7700 875.879661 5.924217 1.41243124 130.465561 22.318138 146.896255 4.279430 0.000000
6940 0.8842 875.883710 5.926464 1.41242313 130.443527 22.321733 146.905731 4.279346 0.000000
6944 0.6130 875.887020 5.926464 1.41241741 130.425476 22.324837 146.913422 4.279265 0.000000
6948 0.9914 875.890968 5.926464 1.41241050 130.403946 22.328541 146.922607 4.279168 0.000000
6952 0.6990 875.894137 5.926464 1.41240489 130.386658 22.331514 146.929962 4.279089 0.000000
6956 0.9860 875.897765 5.926464 1.41239870 130.366882 22.334919 146.938400 4.279000 0.000000
6960 0.8359 875.901779 5.926753 1.41239178 130.344971 22.338793 146.947693 4.278901 0.000000
6964 0.8970 875.904955 5.926753 1.41238666 130.327606 22.341969 146.954987 4.278823 0.000000
6968 0.9487 875.908887 5.926753 1.41238022 130.306122 22.345898 146.964020 4.278726 0.000000
6972 0.6223 875.912045 5.926753 1.41237509 130.288864 22.349052 146.971252 4.278648 0.000000
6976 0.7460 875.916309 5.926753 1.41236830 130.265549 22.353315 146.981049 4.278543 0.000000
6980 0.7976 875.919485 5.948463 1.41236830 130.248108 22.356213 146.988327 4.278463 0.000000
6984 1.4929 875.923424 5.948463 1.41236901 130.226471 22.359764 146.997345 4.278363 0.000000
6988 0.7830 875.926657 5.948463 1.41236985 130.208710 22.362679 147.004745 4.278282 0.000000
6992 0.9537 875.930090 5.948463 1.41237056 130.189850 22.365772 147.012604 4.278194 0.000000
6996 0.9476 875.934108 5.944453 1.41237104 130.167770 22.369438 147.021790 4.278094 0.000000
7000 0.8348 875.937271 5.944453 1.41237080 130.150375 22.372463 147.028946 4.278020 0.000000
7004 0.7671 875.941314 5.944453 1.41237032 130.128128 22.376328 147.038086 4.277926 0.000000
7008 1.0428 875.944711 5.944453 1.41236997 130.109436 22.379572 147.045792 4.277846 0.000000
7012 1.1285 875.948273 5.944453 1.41236949 130.089828 22.382977 147.053848 4.277763 0.000000
7016 0.8851 875.951945 5.944372 1.41236901 130.069611 22.386438 147.062134 4.277672 0.000000
7020 0.7071 875.955143 5.944372 1.41236877 130.052002 22.389414 147.069305 4.277588 0.000000
7024 0.8009 875.959078 5.944372 1.41236830 130.030304 22.393074 147.078140 4.277486 0.000000
7028 0.8915 875.962450 5.944372 1.41236782 130.011719 22.396212 147.085709 4.277398 0.000000
7032 0.7081 875.966499 5.944372 1.41236734 129.989426 22.399979 147.094818 4.277292 0.000000
7036 0.8616 875.969994 5.943833 1.41236687 129.970123 22.403053 147.102600 4.277196 0.000000
7040 1.3951 875.973965 5.943833 1.41236627 129.948227 22.406534 147.111465 4.277088 0.000000
7044 0.7946 875.977350 5.943833 1.41236579 129.929550 22.409504 147.119019 4.276995 0.000000
7048 0.9021 875.980570 5.943833 1.41236532 129.911804 22.412327 147.126205 4.276907 0.000000
7052 0.7209 875.984550 5.939823 1.41236424 129.889832 22.415777 147.135071 4.276797 0.000000
7056 0.8968 875.987842 5.939823 1.41236269 129.871658 22.418560 147.142365 4.276703 0.000000
7060 0.8312 875.992035 5.939823 1.41236079 129.848511 22.422102 147.151657 4.276585 0.000000
7064 0.7277 875.995291 5.939823 1.41235924 129.830536 22.424854 147.158875 4.276492 0.000000
7068 1.1669 875.999631 5.939823 1.41235721 129.806580 22.428520 147.168503 4.276369 0.000000
7072 0.9719 876.003068 5.930053 1.41235328 129.787628 22.431200 147.176071 4.276261 0.000000
7076 1.6262 876.006981 5.930053 1.41234839 129.766037 22.434219 147.184677 4.276136 0.000000
7080 0.8924 876.010256 5.930053 1.41234434 129.747971 22.436747 147.191895 4.276032 0.000000
7084 0.7886 876.013303 5.930053 1.41234064 129.731171 22.439098 147.198593 4.275935 0.000000
7088 0.7371 876.017391 5.930726 1.41233563 129.708618 22.442167 147.207581 4.275802 0.000000
7092 0.8710 876.020692 5.930726 1.41233194 129.690399 22.444321 147.214859 4.275685 0.000000
7096 0.8281 876.024700 5.930726 1.41232753 129.668289 22.446936 147.223679 4.275543 0.000000
7100 0.7532 876.027853 5.930726 1.41232395 129.650909 22.448992 147.230621 4.275431 0.000000
7104 1.3192 876.031675 5.930726 1.41231978 129.629807 22.451487 147.239044 4.275295 0.000000
7108 0.8193 876.035269 5.930567 1.41231585 129.609985 22.453606 147.246948 4.275164 0.000000
7112 0.7625 876.038440 5.930567 1.41231239 129.592499 22.455303 147.253952 4.275046 0.000000
7116 0.7831 876.042556 5.930567 1.41230798 129.569794 22.457510 147.263016 4.274893 0.000000
7120 0.9057 876.045842 5.930567 1.41230440 129.551682 22.459270 147.270264 4.274771 0.000000
7124 0.7055 876.049838 5.930567 1.41230023 129.529633 22.461412 147.279068 4.274623 0.000000
7128 0.8461 876.053100 5.930411 1.41229689 129.511658 22.462803 147.286270 4.274497 0.000000
7132 1.4366 876.056824 5.930411 1.41229308 129.491119 22.464369 147.294510 4.274352 0.000000
7136 0.8685 876.060204 5.930411 1.41228962 129.472488 22.465790 147.301971 4.274220 0.000000
7140 0.9209 876.063625 5.930411 1.41228616 129.453629 22.467230 147.309540 4.274088 0.000000
7144 0.8330 876.067671 5.931091 1.41228211 129.431320 22.468826 147.318497 4.273929 0.000000
7148 0.8843 876.071055 5.931091 1.41227901 129.412689 22.469893 147.326019 4.273791 0.000000
7152 0.9351 876.075084 5.931091 1.41227543 129.390472 22.471163 147.334976 4.273626 0.000000
7156 0.8067 876.078284 5.931091 1.41227245 129.372849 22.472172 147.342087 4.273496 0.000000
7160 1.4636 876.082457 5.931091 1.41226876 129.349854 22.473486 147.351349 4.273325 0.000000
7164 0.8048 876.085621 5.930107 1.41226578 129.332443 22.474279 147.358429 4.273190 0.000000
7168 0.7439 876.088836 5.930107 1.41226280 129.314758 22.475004 147.365616 4.273051 0.000000
7172 0.8794 876.092925 5.930107 1.41225886 129.292267 22.475925 147.374756 4.272874 0.000000
7176 0.8115 876.096115 5.930107 1.41225588 129.274719 22.476646 147.381897 4.272736 0.000000
7180 0.8076 876.100259 5.950132 1.41225231 129.251938 22.477531 147.391190 4.272555 0.000000
7184 0.8340 876.103551 5.950132 1.41225481 129.233795 22.477661 147.398666 4.272405 0.000000
7188 0.8729 876.107842 5.950132 1.41225791 129.210175 22.477825 147.408417 4.272208 0.000000
7192 0.9754 876.111384 5.950132 1.41226041 129.190674 22.477964 147.416473 4.272045 0.000000
7196 1.5362 876.115419 5.950132 1.41226339 129.168442 22.478123 147.425659 4.271860 0.000000
7200 0.6930 876.118618 5.936097 1.41226339 129.150864 22.478354 147.432938 4.271718 0.000000
7204 0.7973 876.121839 5.936097 1.41226196 129.133179 22.478655 147.440247 4.271578 0.000000
7208 0.7871 876.125840 5.936097 1.41226029 129.111221 22.479031 147.449356 4.271405 0.000000
7212 0.7341 876.128931 5.936097 1.41225886 129.094238 22.479322 147.456390 4.271270 0.000000
7216 0.8419 876.133029 5.936097 1.41225696 129.071762 22.479706 147.465729 4.271092 0.000000
7220 0.8609 876.136361 5.944090 1.41225743 129.052444 22.479843 147.470367 4.280591 0.000000
7224 1.6008 876.140244 5.944090 1.41225839 129.029816 22.479980 147.475449 4.292791 0.000000
7228 0.7865 876.143600 5.944090 1.41225922 129.010269 22.480099 147.479828 4.303334 0.000000
7232 0.9785 876.146997 5.944090 1.41225994 128.990479 22.480219 147.484283 4.314005 0.000000
7236 0.8607 876.150765 5.951866 1.41226125 128.968475 22.480337 147.488998 4.325844 0.000000
7240 0.6422 876.153764 5.951866 1.41226375 128.950851 22.480389 147.492065 4.335265 0.000000
7244 0.8534 876.157523 5.951866 1.41226697 128.928772 22.480450 147.495926 4.347072 0.000000
7248 0.7578 876.160739 5.951866 1.41226959 128.909866 22.480501 147.499222 4.357178 0.000000
7252 0.7830 876.164082 5.951866 1.41227245 128.890228 22.480555 147.502640 4.367678 0.000000
7256 0.7963 876.168032 5.960103 1.41227663 128.866959 22.480616 147.506317 4.380089 0.000000
7260 0.8774 876.171204 5.960103 1.41228116 128.848206 22.480654 147.508698 4.390053 0.000000
7264 0.8848 876.175179 5.960103 1.41228712 128.824707 22.480701 147.511703 4.402543 0.000000
7268 0.7906 876.178321 5.960103 1.41229165 128.806137 22.480742 147.514069 4.412413 0.000000
7272 1.5740 876.182413 5.960103 1.41229761 128.781967 22.480791 147.517151 4.425269 0.000000
7276 0.8437 876.185603 5.965933 1.41230321 128.763046 22.480917 147.518921 4.435291 0.000000
7280 0.7224 876.188681 5.965933 1.41230893 128.744797 22.481071 147.520386 4.444961 0.000000
7284 0.8383 876.192684 5.965933 1.41231632 128.721054 22.481274 147.522278 4.457534 0.000000
7288 0.7775 876.195788 5.965933 1.41232204 128.702637 22.481428 147.523758 4.467286 0.000000
7292 0.7062 876.199771 5.965933 1.41232944 128.679001 22.481628 147.525650 4.479801 0.000000
7296 0.9935 876.203040 5.971899 1.41233671 128.659576 22.481962 147.526367 4.490071 0.000000
7300 1.6138 876.206906 5.971899 1.41234529 128.636612 22.482368 147.527130 4.502214 0.000000
7304 0.8587 876.210021 5.971899 1.41235232 128.618103 22.482698 147.527740 4.512001 0.000000
7308 0.8063 876.213091 5.971899 1.41235924 128.599854 22.483023 147.528351 4.521646 0.000000
7312 0.7749 876.217050 5.977345 1.41236806 128.576324 22.483469 147.529022 4.534085 0.000000
7316 0.7552 876.220144 5.977345 1.41237605 128.557938 22.484009 147.528793 4.543803 0.000000
7320 0.7361 876.223916 5.977345 1.41238570 128.535522 22.484669 147.528519 4.555654 0.000000
7324 0.8775 876.227141 5.977345 1.41239405 128.516357 22.485231 147.528275 4.565784 0.000000
7328 0.8970 876.230398 5.977345 1.41240227 128.496994 22.485802 147.528030 4.576017 0.000000
7332 0.6773 876.234098 5.982085 1.41241193 128.475021 22.486507 147.527557 4.587643 0.000000
7336 0.7512 876.237246 5.982085 1.41242063 128.456345 22.487301 147.526459 4.597530 0.000000
7340 0.7454 876.241107 5.982085 1.41243148 128.433441 22.488272 147.525116 4.609661 0.000000
7344 0.7430 876.244273 5.982085 1.41244030 128.414673 22.489069 147.524033 4.619608 0.000000
7348 1.2007 876.247852 5.982085 1.41245031 128.393448 22.489971 147.522781 4.630850 0.000000
7352 0.6863 876.251386 5.983489 1.41246033 128.372528 22.491001 147.521194 4.641953 0.000000
7356 0.8972 876.254594 5.983489 1.41246903 128.353577 22.492136 147.519196 4.652031 0.000000
7360 0.7661 876.258489 5.983489 1.41247988 128.330566 22.493515 147.516785 4.664268 0.000000
7364 0.7993 876.261637 5.983489 1.41248858 128.311996 22.494629 147.514832 4.674158 0.000000
7368 1.4348 876.265593 5.983489 1.41249955 128.288620 22.496029 147.512375 4.686586 0.000000
7372 0.7950 876.268798 5.987382 1.41250873 128.269775 22.497305 147.509811 4.696656 0.000000
7376 0.7879 876.271875 5.987382 1.41251779 128.251709 22.498598 147.507065 4.706323 0.000000
7380 0.7878 876.275770 5.987382 1.41252911 128.228836 22.500237 147.503601 4.718560 0.000000
7384 0.7670 876.278906 5.987382 1.41253829 128.210434 22.501554 147.500824 4.728409 0.000000
7388 0.7600 876.282914 5.987382 1.41255009 128.186890 22.503239 147.497269 4.741002 0.000000
7392 0.8280 876.286160 5.999408 1.41256189 128.167938 22.504015 147.493713 4.751200 0.000000
7396 1.1267 876.289717 5.999408 1.41257513 128.147156 22.504768 147.489716 4.762374 0.000000
7400 0.7523 876.293345 5.999408 1.41258872 128.125977 22.505535 147.485657 4.773774 0.000000
7404 0.7480 876.296584 5.999408 1.41260087 128.107071 22.506222 147.482025 4.783948 0.000000
7408 0.8756 876.300754 6.000572 1.41261637 128.082764 22.507223 147.477142 4.797050 0.000000
7412 0.7928 876.304082 6.000572 1.41262841 128.063538 22.508457 147.472473 4.807503 0.000000
7416 0.8198 876.308352 6.000572 1.41264367 128.038849 22.510038 147.466461 4.820918 0.000000
7420 0.9122 876.311806 6.000572 1.41265595 128.018875 22.511318 147.461609 4.831769 0.000000
7424 1.1777 876.315852 6.000572 1.41267049 127.995483 22.512817 147.455933 4.844480 0.000000
7428 0.8062 876.319162 6.001461 1.41268194 127.976517 22.514057 147.450607 4.854878 0.000000
7432 0.8938 876.322491 6.001461 1.41269314 127.957489 22.515310 147.445053 4.865336 0.000000
7436 0.8696 876.325848 6.001461 1.41270459 127.938309 22.516575 147.439438 4.875885 0.000000
7440 1.1539 876.330182 6.001461 1.41271937 127.913544 22.518206 147.432190 4.889501 0.000000
7444 0.8896 876.334501 6.001126 1.41273367 127.888962 22.519804 147.424652 4.903067 0.000000
7448 0.9145 876.338089 6.001126 1.41274524 127.868744 22.521076 147.417709 4.914341 0.000000
7452 1.0779 876.342297 6.001126 1.41275871 127.845032 22.522564 147.409546 4.927559 0.000000
7456 0.8159 876.345611 6.001126 1.41276944 127.826363 22.523735 147.403122 4.937970 0.000000
7460 1.7216 876.349805 6.001126 1.41278291 127.802727 22.525219 147.394989 4.951148 0.000000
7464 0.9602 876.354229 6.000387 1.41279626 127.778191 22.526564 147.385284 4.965046 0.000000
7468 1.0099 876.358328 6.000387 1.41280878 127.755470 22.527800 147.376251 4.977922 0.000000
7472 0.8755 876.361825 6.000387 1.41281939 127.736084 22.528854 147.368530 4.988911 0.000000
7476 0.2170 876.366186 6.000387 1.41283262 127.711906 22.530169 147.358932 5.002610 0.000000
7480 1.1431 876.369769 6.000110 1.41284299 127.692368 22.530998 147.350189 5.013867 0.000000
7484 1.9952 876.374407 6.000110 1.41285634 127.667145 22.532026 147.338715 5.028436 0.000000
7488 0.9525 876.377311 6.000110 1.41286469 127.651352 22.532669 147.331543 5.037559 0.000000
7492 1.0370 876.380806 6.000110 1.41287458 127.632339 22.533442 147.322891 5.048539 0.000000
7496 0.6244 876.384609 5.999797 1.41288543 127.611443 22.534185 147.313965 5.057741 0.000000
7500 0.7494 876.388114 5.999797 1.41289496 127.591782 22.534697 147.306641 5.061204 0.000000
7504 0.8703 876.392510 5.999797 1.41290677 127.567131 22.535337 147.297455 5.065549 0.000000
7508 0.9242 876.395734 5.999797 1.41291547 127.549057 22.535809 147.290726 5.068735 0.000000
7512 0.1583 876.399703 5.999797 1.41292632 127.526794 22.536385 147.282440 5.072657 0.000000
7516 0.7843 876.403866 5.999797 1.41293693 127.503067 22.536615 147.274597 5.072951 0.000000
7520 0.1819 876.408322 5.999797 1.41294825 127.477631 22.536829 147.266266 5.072951 0.000000
7524 0.9302 876.411394 5.999797 1.41295624 127.460098 22.536978 147.260529 5.072951 0.000000
7528 0.8719 876.414781 5.999797 1.41296482 127.440765 22.537140 147.254196 5.072951 0.000000
7532 0.7566 876.419363 5.999797 1.41297626 127.414597 22.537088 147.245651 5.072951 0.000000
7536 2.0652 876.424767 5.999797 1.41298914 127.383751 22.536804 147.235596 5.072951 0.000000
7540 0.9171 876.427160 5.999797 1.41299498 127.370087 22.536678 147.231140 5.072951 0.000000
7544 1.3358 876.431204 5.999797 1.41300476 127.346992 22.536463 147.223618 5.072951 0.000000
7548 0.9013 876.434811 5.999797 1.41301334 127.326385 22.536057 147.216904 5.072951 0.000000
7552 0.8498 876.438022 5.999797 1.41302073 127.308060 22.535419 147.210938 5.072951 0.000000
7556 0.7435 876.442142 5.999797 1.41303003 127.284531 22.534601 147.203278 5.072951 0.000000
7560 0.8017 876.445597 5.999797 1.41303802 127.264786 22.533916 147.196869 5.072951 0.000000
7564 1.2405 876.449361 5.999797 1.41304660 127.243286 22.533167 147.189880 5.072951 0.000000
7568 0.7571 876.454008 5.999797 1.41305673 127.216743 22.531643 147.181229 5.072951 0.000000
7572 0.9494 876.458313 5.999797 1.41306591 127.192169 22.530142 147.173248 5.072951 0.000000
7576 0.7843 876.461614 5.999797 1.41307306 127.173302 22.528988 147.167099 5.072951 0.000000
7580 0.8328 876.464849 5.999797 1.41308010 127.154823 22.527859 147.161072 5.072951 0.000000
7584 1.0469 876.469044 5.999797 1.41308892 127.130875 22.526134 147.153275 5.072951 0.000000
7588 0.8425 876.472370 5.999797 1.41309571 127.111885 22.524603 147.147064 5.072951 0.000000
7592 1.0768 876.476649 5.999797 1.41310453 127.087456 22.522636 147.139099 5.072951 0.000000
7596 1.1176 876.480208 5.999797 1.41311181 127.067139 22.521000 147.132462 5.072951 0.000000
7600 0.8467 876.484913 5.999797 1.41312134 127.040283 22.518667 147.123672 5.072951 0.000000
7604 0.7535 876.488288 5.999797 1.41312790 127.021027 22.516752 147.117355 5.072951 0.000000
7608 0.8857 876.492656 5.999797 1.41313636 126.996109 22.514275 147.109161 5.072951 0.000000
7612 0.8115 876.495853 5.999797 1.41314244 126.977859 22.512461 147.103180 5.072951 0.000000
7616 0.8794 876.500269 5.999797 1.41315103 126.952660 22.509932 147.094910 5.072951 0.000000
7620 0.9093 876.503499 5.999797 1.41315687 126.934250 22.507818 147.088806 5.072951 0.000000
7624 0.2013 876.507843 5.999797 1.41316485 126.909485 22.504972 147.080627 5.072951 0.000000
7628 0.7491 876.511032 5.999797 1.41317081 126.891304 22.502884 147.074600 5.072951 0.000000
7632 0.8107 876.514336 5.999797 1.41317689 126.872475 22.500721 147.068375 5.072951 0.000000
7636 0.4740 876.518292 5.999797 1.41318393 126.849930 22.498045 147.060898 5.072951 0.000000
7640 1.2636 876.522293 5.999797 1.41319072 126.827148 22.495214 147.053284 5.072951 0.000000
7644 0.8952 876.526095 5.999797 1.41319752 126.805496 22.492523 147.046036 5.072951 0.000000
7648 0.8252 876.529343 5.999797 1.41320312 126.787003 22.490225 147.039856 5.072951 0.000000
7652 0.8012 876.533559 5.999797 1.41321027 126.762993 22.487234 147.031815 5.072951 0.000000
7656 0.7647 876.536828 5.999797 1.41321576 126.744400 22.484833 147.025528 5.072951 0.000000
7660 0.6916 876.540832 5.999797 1.41322231 126.721634 22.481888 147.017822 5.072951 0.000000
7664 0.6752 876.544264 5.999797 1.41322792 126.702118 22.479366 147.011230 5.072951 0.000000
7668 0.1418 876.548473 5.999797 1.41323483 126.678185 22.476271 147.003113 5.072951 0.000000
7672 0.8515 876.552106 5.999797 1.41324055 126.657547 22.473597 146.996094 5.072951 0.000000
7676 0.8398 876.555338 5.999797 1.41324556 126.639191 22.471216 146.989792 5.072951 0.000000
7680 0.1614 876.559164 5.999797 1.41325152 126.617470 22.468397 146.982330 5.072951 0.000000
7684 0.8237 876.562668 5.999797 1.41325676 126.597572 22.465816 146.975510 5.072951 0.000000
7688 1.3418 876.567283 5.999797 1.41326392 126.571365 22.462437 146.966507 5.072951 0.000000
7692 0.7931 876.570551 5.999797 1.41326880 126.552849 22.460142 146.960052 5.072951 0.000000
7696 0.9289 876.574935 5.999797 1.41327524 126.528008 22.457066 146.951416 5.072951 0.000000
7700 0.8248 876.578227 5.999797 1.41328001 126.509354 22.454754 146.944916 5.072951 0.000000
7704 0.7965 876.581467 5.999797 1.41328466 126.490982 22.452480 146.938522 5.072951 0.000000
7708 0.9840 876.585665 5.999797 1.41329074 126.467224 22.449673 146.930161 5.072951 0.000000
7712 1.9308 876.590121 5.999797 1.41329694 126.442001 22.446812 146.921234 5.072951 0.000000
7716 0.8952 876.593323 5.999797 1.41330135 126.423889 22.444756 146.914825 5.072951 0.000000
7720 0.8435 876.596529 5.999797 1.41330576 126.405754 22.442698 146.908386 5.072951 0.000000
7724 0.9481 876.600978 5.999797 1.41331184 126.380608 22.439924 146.899445 5.072951 0.000000
7728 0.8456 876.604106 5.999797 1.41331589 126.362946 22.438177 146.893082 5.072951 0.000000
7732 1.9347 876.608352 5.999797 1.41332150 126.338974 22.435808 146.884460 5.072951 0.000000
7736 0.9373 876.611491 5.999797 1.41332579 126.321259 22.434057 146.878067 5.072951 0.000000
7740 0.8016 876.615929 5.999797 1.41333151 126.296204 22.431580 146.869049 5.072951 0.000000
7744 0.8558 876.619219 5.999797 1.41333556 126.277657 22.429922 146.862259 5.072951 0.000000
7748 0.7968 876.622350 5.999797 1.41333950 126.260017 22.428396 146.855804 5.072951 0.000000
7752 0.6653 876.626564 5.999797 1.41334474 126.236282 22.426342 146.847092 5.072951 0.000000
7756 0.9660 876.630152 5.999797 1.41334927 126.216072 22.424593 146.839691 5.072951 0.000000
7760 2.1079 876.634721 5.999797 1.41335475 126.190346 22.422510 146.830200 5.072951 0.000000
7764 1.0078 876.637909 5.999797 1.41335857 126.172432 22.421288 146.823502 5.072951 0.000000
7768 0.9042 876.642260 5.999797 1.41336370 126.147980 22.419619 146.814392 5.072951 0.000000
7772 0.6598 876.645401 5.999797 1.41336739 126.130318 22.418411 146.807800 5.072951 0.000000
7776 0.3890 876.649519 5.999797 1.41337204 126.107178 22.416834 146.799149 5.072951 0.000000
7780 0.9063 876.653075 5.999797 1.41337609 126.087227 22.415833 146.791580 5.072951 0.000000
7784 0.8312 876.657081 5.999797 1.41338062 126.064758 22.414766 146.783051 5.072951 0.000000
7788 0.7482 876.660472 5.999797 1.41338444 126.045746 22.413864 146.775818 5.072951 0.000000
7792 0.9906 876.663899 5.999797 1.41338813 126.026520 22.412952 146.768494 5.072951 0.000000
7796 0.9250 876.667972 5.999797 1.41339266 126.003693 22.412020 146.759766 5.072951 0.000000
7800 0.8468 876.671097 5.999797 1.41339600 125.986206 22.411547 146.753021 5.072951 0.000000
7804 2.3307 876.675745 5.999797 1.41340077 125.960205 22.410843 146.742950 5.072951 0.000000
7808 0.7804 876.678855 5.999797 1.41340411 125.942795 22.410370 146.736206 5.072951 0.000000
7812 0.7601 876.682976 5.999797 1.41340840 125.919731 22.409746 146.727295 5.072951 0.000000
7816 0.7579 876.686466 5.999797 1.41341186 125.900238 22.409538 146.719635 5.072951 0.000000
7820 0.7513 876.690517 5.999797 1.41341591 125.877625 22.409342 146.710739 5.072951 0.000000
7824 0.6992 876.693675 5.999797 1.41341901 125.859985 22.409189 146.703796 5.072951 0.000000
7828 1.6151 876.697693 5.999797 1.41342294 125.837555 22.408995 146.694977 5.072951 0.000000
7832 0.8272 876.701076 5.999797 1.41342628 125.818687 22.408926 146.687515 5.072951 0.000000
7836 0.7360 876.704150 5.999797 1.41342926 125.801552 22.409046 146.680664 5.072951 0.000000
7840 1.8424 876.708328 5.999797 1.41343307 125.778267 22.409214 146.671356 5.072951 0.000000
7844 0.9975 876.711470 5.999797 1.41343606 125.760757 22.409340 146.664352 5.072951 0.000000
7848 1.4193 876.715235 5.999797 1.41343951 125.739777 22.409491 146.655960 5.072951 0.000000
7852 0.7250 876.718585 5.999797 1.41344261 125.721138 22.409735 146.648453 5.072951 0.000000
7856 1.4158 876.722385 5.999797 1.41344607 125.700005 22.410105 146.639862 5.072951 0.000000
7860 0.8278 876.725751 5.999797 1.41344905 125.681274 22.410431 146.632263 5.072951 0.000000
7864 0.7282 876.728873 5.999797 1.41345179 125.663925 22.410736 146.625229 5.072951 0.000000
7868 0.8824 876.733038 5.999797 1.41345537 125.640755 22.411140 146.615814 5.072951 0.000000
7872 0.7278 876.736182 5.999797 1.41345811 125.623306 22.411556 146.608658 5.072951 0.000000
7876 0.8005 876.739425 5.999797 1.41346085 125.605301 22.411995 146.601257 5.072951 0.000000
7880 0.8964 876.743449 5.999797 1.41346431 125.582962 22.412540 146.592056 5.072951 0.000000
7884 0.7918 876.746506 5.999797 1.41346681 125.565994 22.412954 146.585083 5.072951 0.000000
7888 0.5667 876.750573 5.999797 1.41347027 125.543427 22.413506 146.575790 5.072951 0.000000
7892 0.6456 876.753754 5.999797 1.41347277 125.525795 22.413942 146.568451 5.072951 0.000000
7896 1.0012 876.757175 5.999797 1.41347551 125.506828 22.414408 146.560547 5.072951 0.000000
7900 0.8001 876.760797 5.999797 1.41347837 125.486763 22.414904 146.552185 5.072952 0.000000
7904 1.7513 876.765095 5.999797 1.41348183 125.462944 22.415491 146.542282 5.072952 0.000000
