# call qx qy qz carve_dist ground_y above_ground path_m path_measured darkness
0 797.419 26.300 298.941 +0.955807 22.934 1 0.000 0 0.000000
1 797.497 26.284 298.986 +0.976898 22.927 1 0.000 0 0.000000
2 797.639 26.202 299.033 +1.069275 22.926 1 0.000 0 0.000000
3 797.789 26.052 299.040 +1.232422 22.940 1 0.000 0 0.000000
4 797.935 25.834 299.009 +1.465227 22.968 1 0.000 0 0.000000
5 798.068 25.548 298.942 +1.766363 23.008 1 0.000 0 0.000000
6 798.184 25.194 298.847 +2.134542 23.057 1 0.000 0 0.000000
7 798.298 24.771 298.749 +2.569443 23.106 1 0.000 0 0.000000
8 798.412 24.281 298.651 +3.071077 23.156 1 0.000 0 0.000000
9 798.526 23.722 298.554 +3.639452 23.205 1 0.000 0 0.000000
10 798.633 23.282 298.479 +4.089188 23.246 1 0.000 0 0.000000
11 798.740 23.324 298.402 +4.066925 23.288 1 0.000 0 0.000000
12 798.847 23.365 298.325 +4.044586 23.329 1 0.000 0 0.000000
13 798.954 23.407 298.248 +4.022167 23.371 1 0.000 0 0.000000
14 799.060 23.450 298.171 +3.999392 23.414 1 0.000 0 0.000000
15 799.166 23.492 298.093 +3.976057 23.456 1 0.000 0 0.000000
16 799.272 23.535 298.016 +3.952627 23.498 1 0.000 0 0.000000
17 799.377 23.578 297.938 +3.929104 23.541 1 0.000 0 0.000000
18 799.482 23.621 297.860 +3.905521 23.584 1 0.000 0 0.000000
19 799.586 23.663 297.781 +3.882238 23.627 1 0.000 0 0.000000
20 799.691 23.707 297.703 +3.858219 23.670 1 0.000 0 0.000000
21 799.794 23.750 297.624 +3.834017 23.713 1 0.000 0 0.000000
22 799.836 23.768 297.592 +3.824156 23.731 1 0.000 0 0.000000
23 799.877 23.785 297.561 +3.814264 23.748 1 0.000 0 0.000000
24 799.918 23.803 297.529 +3.804363 23.765 1 0.000 0 0.000000
25 799.959 23.821 297.498 +3.794434 23.783 1 0.000 0 0.000000
26 800.000 23.838 297.466 +3.784494 23.800 1 0.000 0 0.000000
27 800.042 23.856 297.434 +3.774527 23.818 1 0.000 0 0.000000
28 800.082 23.874 297.403 +3.764097 23.835 1 0.000 0 0.000000
29 800.103 23.883 297.387 +3.758690 23.844 1 0.000 0 0.000000
30 800.123 23.892 297.372 +3.753277 23.853 1 0.000 0 0.000000
31 800.163 23.911 297.341 +3.742426 23.870 1 0.000 0 0.000000
32 800.184 23.919 297.324 +3.737881 23.879 1 0.000 0 0.000000
33 800.225 23.937 297.293 +3.727913 23.897 1 0.000 0 0.000000
34 800.245 23.946 297.277 +3.722927 23.905 1 0.000 0 0.000000
35 800.286 23.963 297.244 +3.712927 23.923 1 0.000 0 0.000000
36 800.326 23.981 297.212 +3.702902 23.941 1 0.000 0 0.000000
37 800.367 23.999 297.180 +3.692625 23.959 1 0.000 0 0.000000
38 800.387 24.008 297.164 +3.687832 23.968 1 0.000 0 0.000000
39 800.407 24.017 297.148 +3.682802 23.977 1 0.000 0 0.000000
40 800.448 24.034 297.115 +3.672722 23.995 1 0.000 0 0.000000
41 800.468 24.043 297.099 +3.667667 24.004 1 0.000 0 0.000000
42 800.508 24.061 297.067 +3.657543 24.022 1 0.000 0 0.000000
43 800.548 24.079 297.034 +3.647202 24.040 1 0.000 0 0.000000
44 800.588 24.097 297.002 +3.636772 24.058 1 0.000 0 0.000000
45 800.628 24.115 296.969 +3.626280 24.076 1 0.000 0 0.000000
46 800.667 24.133 296.936 +3.615751 24.094 1 0.000 0 0.000000
47 800.707 24.151 296.904 +3.605156 24.112 1 0.000 0 0.000000
48 800.707 24.151 296.904 +3.605156 24.112 1 0.000 0 0.000000
49 800.766 24.179 296.855 +3.589117 24.139 1 0.000 0 0.000000
50 800.805 24.197 296.822 +3.578405 24.158 1 0.000 0 0.000000
51 800.845 24.216 296.789 +3.567650 24.176 1 0.000 0 0.000000
52 800.884 24.234 296.756 +3.556871 24.194 1 0.000 0 0.000000
53 800.923 24.252 296.722 +3.546057 24.213 1 0.000 0 0.000000
54 800.961 24.271 296.689 +3.535208 24.231 1 0.000 0 0.000000
55 801.000 24.289 296.656 +3.524195 24.250 1 0.000 0 0.000000
56 801.058 24.317 296.606 +3.507612 24.277 1 0.000 0 0.000000
57 801.096 24.336 296.573 +3.496517 24.296 1 0.000 0 0.000000
58 801.096 24.336 296.573 +3.496517 24.296 1 0.000 0 0.000000
59 801.116 24.345 296.556 +3.490959 24.305 1 0.000 0 0.000000
60 801.154 24.364 296.522 +3.479797 24.324 1 0.000 0 0.000000
61 801.192 24.383 296.489 +3.468601 24.342 1 0.000 0 0.000000
62 801.233 24.400 296.458 +3.458376 24.360 1 0.000 0 0.000000
63 801.277 24.418 296.430 +3.448927 24.377 1 0.000 0 0.000000
64 801.344 24.444 296.389 +3.434412 24.402 1 0.000 0 0.000000
65 801.410 24.470 296.348 +3.419874 24.428 1 0.000 0 0.000000
66 801.476 24.496 296.306 +3.405540 24.453 1 0.000 0 0.000000
67 801.542 24.521 296.265 +3.391403 24.479 1 0.000 0 0.000000
68 801.542 24.521 296.265 +3.391403 24.479 1 0.000 0 0.000000
69 801.565 24.530 296.251 +3.386683 24.487 1 0.000 0 0.000000
70 801.631 24.556 296.209 +3.372509 24.513 1 0.000 0 0.000000
71 801.697 24.581 296.167 +3.358307 24.539 1 0.000 0 0.000000
72 801.763 24.607 296.125 +3.344082 24.564 1 0.000 0 0.000000
73 801.829 24.633 296.084 +3.329817 24.590 1 0.000 0 0.000000
74 801.895 24.659 296.042 +3.315540 24.616 1 0.000 0 0.000000
75 801.983 24.693 295.985 +3.296709 24.651 1 0.000 0 0.000000
76 802.027 24.710 295.957 +3.287245 24.668 1 0.000 0 0.000000
77 802.115 24.744 295.900 +3.268280 24.703 1 0.000 0 0.000000
78 802.115 24.744 295.900 +3.268280 24.703 1 0.000 0 0.000000
79 802.136 24.753 295.886 +3.263529 24.712 1 0.000 0 0.000000
80 802.180 24.770 295.858 +3.254019 24.729 1 0.000 0 0.000000
81 802.224 24.787 295.830 +3.244492 24.747 1 0.000 0 0.000000
82 802.268 24.805 295.801 +3.234959 24.764 1 0.000 0 0.000000
83 802.311 24.822 295.773 +3.225031 24.782 1 0.000 0 0.000000
84 802.355 24.840 295.745 +3.215302 24.799 1 0.000 0 0.000000
85 802.376 24.849 295.731 +3.210316 24.808 1 0.000 0 0.000000
86 802.420 24.866 295.703 +3.200336 24.825 1 0.000 0 0.000000
87 802.463 24.884 295.675 +3.190338 24.842 1 0.000 0 0.000000
88 802.463 24.884 295.675 +3.190338 24.842 1 0.000 0 0.000000
89 802.485 24.893 295.660 +3.185427 24.851 1 0.000 0 0.000000
90 802.529 24.910 295.632 +3.175571 24.869 1 0.000 0 0.000000
91 802.550 24.919 295.618 +3.170633 24.878 1 0.000 0 0.000000
92 802.594 24.936 295.590 +3.160744 24.895 1 0.000 0 0.000000
93 802.637 24.954 295.562 +3.150843 24.913 1 0.000 0 0.000000
94 802.659 24.963 295.547 +3.145891 24.921 1 0.000 0 0.000000
95 802.702 24.980 295.519 +3.135962 24.939 1 0.000 0 0.000000
96 802.723 24.989 295.505 +3.130999 24.948 1 0.000 0 0.000000
97 802.767 25.007 295.476 +3.121054 24.966 1 0.000 0 0.000000
98 802.767 25.007 295.476 +3.121054 24.966 1 0.000 0 0.000000
99 802.810 25.024 295.448 +3.111099 24.983 1 0.000 0 0.000000
100 802.853 25.042 295.419 +3.101128 25.001 1 0.000 0 0.000000
101 802.896 25.060 295.391 +3.091139 25.019 1 0.000 0 0.000000
102 802.939 25.077 295.362 +3.081100 25.037 1 0.000 0 0.000000
103 802.982 25.095 295.333 +3.071016 25.054 1 0.000 0 0.000000
104 803.025 25.113 295.305 +3.060911 25.072 1 0.000 0 0.000000
105 803.068 25.130 295.276 +3.050787 25.090 1 0.000 0 0.000000
106 803.111 25.148 295.247 +3.040651 25.108 1 0.000 0 0.000000
107 803.154 25.166 295.219 +3.030493 25.126 1 0.000 0 0.000000
108 803.175 25.175 295.204 +3.025406 25.135 1 0.000 0 0.000000
109 803.217 25.193 295.176 +3.014967 25.153 1 0.000 0 0.000000
110 803.260 25.211 295.147 +3.004564 25.171 1 0.000 0 0.000000
111 803.324 25.238 295.104 +2.988932 25.197 1 0.000 0 0.000000
112 803.366 25.256 295.075 +2.978485 25.215 1 0.000 0 0.000000
113 803.430 25.283 295.031 +2.962788 25.242 1 0.000 0 0.000000
114 803.493 25.310 294.988 +2.947130 25.270 1 0.000 0 0.000000
115 803.535 25.328 294.959 +2.936726 25.288 1 0.000 0 0.000000
116 803.578 25.346 294.930 +2.926300 25.306 1 0.000 0 0.000000
117 803.599 25.355 294.915 +2.921078 25.315 1 0.000 0 0.000000
118 803.641 25.373 294.886 +2.910622 25.333 1 0.000 0 0.000000
119 803.704 25.401 294.842 +2.894749 25.360 1 0.000 0 0.000000
120 803.746 25.419 294.813 +2.883940 25.379 1 0.000 0 0.000000
121 803.808 25.447 294.769 +2.867680 25.406 1 0.000 0 0.000000
122 803.850 25.465 294.740 +2.856812 25.424 1 0.000 0 0.000000
123 803.913 25.493 294.696 +2.840490 25.452 1 0.000 0 0.000000
124 803.954 25.511 294.667 +2.829576 25.470 1 0.000 0 0.000000
125 804.016 25.539 294.623 +2.813044 25.497 1 0.000 0 0.000000
126 804.016 25.539 294.623 +2.813044 25.497 1 0.000 0 0.000000
127 804.058 25.558 294.594 +2.801971 25.516 1 0.000 0 0.000000
128 804.120 25.586 294.550 +2.785313 25.543 1 0.000 0 0.000000
129 804.161 25.604 294.520 +2.774178 25.562 1 0.000 0 0.000000
130 804.223 25.632 294.476 +2.757439 25.589 1 0.000 0 0.000000
131 804.264 25.651 294.446 +2.746273 25.608 1 0.000 0 0.000000
132 804.325 25.679 294.402 +2.729490 25.635 1 0.000 0 0.000000
133 804.386 25.707 294.357 +2.712652 25.663 1 0.000 0 0.000000
134 804.427 25.726 294.327 +2.701393 25.682 1 0.000 0 0.000000
135 804.468 25.745 294.297 +2.690109 25.701 1 0.000 0 0.000000
136 804.488 25.754 294.282 +2.684576 25.710 1 0.000 0 0.000000
137 804.508 25.763 294.267 +2.679008 25.720 1 0.000 0 0.000000
138 804.508 25.763 294.267 +2.679008 25.720 1 0.000 0 0.000000
139 804.529 25.773 294.252 +2.673431 25.729 1 0.000 0 0.000000
140 804.569 25.792 294.222 +2.662256 25.748 1 0.000 0 0.000000
141 804.569 25.792 294.222 +2.662256 25.748 1 0.000 0 0.000000
142 804.569 25.792 294.222 +2.662256 25.748 1 0.000 0 0.000000
143 804.590 25.801 294.207 +2.656656 25.757 1 0.000 0 0.000000
144 804.610 25.810 294.191 +2.651051 25.767 1 0.000 0 0.000000
145 804.650 25.829 294.161 +2.639822 25.786 1 0.000 0 0.000000
146 804.650 25.829 294.161 +2.639822 25.786 1 0.000 0 0.000000
147 804.671 25.838 294.146 +2.634203 25.795 1 0.000 0 0.000000
148 804.691 25.848 294.131 +2.628578 25.805 1 0.000 0 0.000000
149 804.711 25.857 294.115 +2.622932 25.814 1 0.000 0 0.000000
150 804.731 25.867 294.100 +2.617296 25.824 1 0.000 0 0.000000
151 804.731 25.867 294.100 +2.617296 25.824 1 0.000 0 0.000000
152 804.751 25.876 294.085 +2.611650 25.833 1 0.000 0 0.000000
153 804.771 25.885 294.070 +2.605997 25.843 1 0.000 0 0.000000
154 804.811 25.905 294.039 +2.594238 25.862 1 0.000 0 0.000000
155 804.811 25.905 294.039 +2.594238 25.862 1 0.000 0 0.000000
156 804.832 25.914 294.024 +2.588795 25.871 1 0.000 0 0.000000
157 804.871 25.933 293.994 +2.577065 25.890 1 0.000 0 0.000000
158 804.871 25.933 293.994 +2.577065 25.890 1 0.000 0 0.000000
159 804.891 25.943 293.978 +2.571190 25.899 1 0.000 0 0.000000
160 804.911 25.952 293.963 +2.565296 25.909 1 0.000 0 0.000000
161 804.931 25.962 293.948 +2.559408 25.918 1 0.000 0 0.000000
162 804.931 25.962 293.948 +2.559408 25.918 1 0.000 0 0.000000
163 804.951 25.972 293.933 +2.553505 25.928 1 0.000 0 0.000000
164 804.971 25.981 293.918 +2.547592 25.937 1 0.000 0 0.000000
165 804.991 25.991 293.902 +2.541681 25.947 1 0.000 0 0.000000
166 805.010 26.000 293.887 +2.535755 25.956 1 0.000 0 0.000000
167 805.030 26.010 293.872 +2.529821 25.966 1 0.000 0 0.000000
168 805.030 26.010 293.872 +2.529821 25.966 1 0.000 0 0.000000
169 805.070 26.029 293.841 +2.517937 25.985 1 0.000 0 0.000000
170 805.089 26.039 293.826 +2.511980 25.994 1 0.000 0 0.000000
171 805.089 26.039 293.826 +2.511980 25.994 1 0.000 0 0.000000
172 805.109 26.049 293.811 +2.506001 26.004 1 0.000 0 0.000000
173 805.129 26.059 293.795 +2.500031 26.014 1 0.000 0 0.000000
174 805.148 26.068 293.780 +2.494047 26.023 1 0.000 0 0.000000
175 805.148 26.068 293.780 +2.494047 26.023 1 0.000 0 0.000000
176 805.168 26.078 293.765 +2.488058 26.033 1 0.000 0 0.000000
177 805.187 26.088 293.749 +2.482046 26.042 1 0.000 0 0.000000
178 805.207 26.097 293.734 +2.476040 26.052 1 0.000 0 0.000000
179 805.227 26.107 293.718 +2.470028 26.062 1 0.000 0 0.000000
180 805.246 26.117 293.703 +2.463993 26.071 1 0.000 0 0.000000
181 805.246 26.117 293.703 +2.463993 26.071 1 0.000 0 0.000000
182 805.265 26.127 293.687 +2.457966 26.081 1 0.000 0 0.000000
183 805.285 26.137 293.672 +2.451395 26.090 1 0.000 0 0.000000
184 805.324 26.156 293.641 +2.439734 26.110 1 0.000 0 0.000000
185 805.324 26.156 293.641 +2.439734 26.110 1 0.000 0 0.000000
186 805.343 26.166 293.625 +2.433632 26.120 1 0.000 0 0.000000
187 805.362 26.176 293.610 +2.427504 26.129 1 0.000 0 0.000000
188 805.362 26.176 293.610 +2.427504 26.129 1 0.000 0 0.000000
189 805.401 26.195 293.578 +2.415241 26.149 1 0.000 0 0.000000
190 805.401 26.195 293.578 +2.415241 26.149 1 0.000 0 0.000000
191 805.420 26.205 293.563 +2.409037 26.158 1 0.000 0 0.000000
192 805.439 26.215 293.547 +2.402845 26.168 1 0.000 0 0.000000
193 805.458 26.225 293.531 +2.396641 26.178 1 0.000 0 0.000000
194 805.477 26.235 293.516 +2.390432 26.187 1 0.000 0 0.000000
195 805.496 26.245 293.500 +2.384203 26.197 1 0.000 0 0.000000
196 805.496 26.245 293.500 +2.384203 26.197 1 0.000 0 0.000000
197 805.515 26.255 293.484 +2.377966 26.207 1 0.000 0 0.000000
198 805.553 26.274 293.453 +2.365622 26.227 1 0.000 0 0.000000
199 805.572 26.284 293.437 +2.359436 26.236 1 0.000 0 0.000000
200 805.572 26.284 293.437 +2.359436 26.236 1 0.000 0 0.000000
201 805.610 26.304 293.405 +2.347033 26.256 1 0.000 0 0.000000
202 805.610 26.304 293.405 +2.347033 26.256 1 0.000 0 0.000000
203 805.629 26.314 293.389 +2.340816 26.266 1 0.000 0 0.000000
204 805.629 26.314 293.389 +2.340816 26.266 1 0.000 0 0.000000
205 805.667 26.334 293.357 +2.328344 26.286 1 0.000 0 0.000000
206 805.686 26.344 293.341 +2.322090 26.296 1 0.000 0 0.000000
207 805.704 26.354 293.325 +2.315830 26.305 1 0.000 0 0.000000
208 805.704 26.354 293.325 +2.315830 26.305 1 0.000 0 0.000000
209 805.723 26.363 293.309 +2.309565 26.315 1 0.000 0 0.000000
210 805.742 26.373 293.293 +2.303280 26.325 1 0.000 0 0.000000
211 805.742 26.373 293.293 +2.303280 26.325 1 0.000 0 0.000000
212 805.760 26.383 293.277 +2.296984 26.335 1 0.000 0 0.000000
213 805.779 26.393 293.261 +2.290684 26.345 1 0.000 0 0.000000
214 805.798 26.403 293.245 +2.284365 26.355 1 0.000 0 0.000000
215 805.816 26.413 293.229 +2.278040 26.365 1 0.000 0 0.000000
216 805.816 26.413 293.229 +2.278040 26.365 1 0.000 0 0.000000
217 805.853 26.433 293.196 +2.265341 26.385 1 0.000 0 0.000000
218 805.871 26.443 293.180 +2.258980 26.395 1 0.000 0 0.000000
219 805.871 26.443 293.180 +2.258980 26.395 1 0.000 0 0.000000
220 805.890 26.453 293.163 +2.252600 26.405 1 0.000 0 0.000000
221 805.908 26.464 293.147 +2.246206 26.415 1 0.000 0 0.000000
222 805.926 26.474 293.131 +2.239809 26.425 1 0.000 0 0.000000
223 805.945 26.484 293.114 +2.233393 26.435 1 0.000 0 0.000000
224 805.963 26.494 293.098 +2.226858 26.446 1 0.000 0 0.000000
225 805.981 26.504 293.081 +2.220367 26.456 1 0.000 0 0.000000
226 805.999 26.514 293.065 +2.213865 26.466 1 0.000 0 0.000000
227 805.999 26.514 293.065 +2.213865 26.466 1 0.000 0 0.000000
228 806.035 26.534 293.032 +2.200827 26.486 1 0.000 0 0.000000
229 806.054 26.544 293.016 +2.194654 26.496 1 0.000 0 0.000000
230 806.075 26.554 293.002 +2.188848 26.505 1 0.000 0 0.000000
231 806.075 26.554 293.002 +2.188848 26.505 1 0.000 0 0.000000
232 806.096 26.563 292.988 +2.183443 26.514 1 0.000 0 0.000000
233 806.118 26.572 292.975 +2.178246 26.523 1 0.000 0 0.000000
234 806.140 26.581 292.962 +2.173054 26.532 1 0.000 0 0.000000
235 806.162 26.590 292.949 +2.167854 26.541 1 0.000 0 0.000000
236 806.184 26.599 292.936 +2.162651 26.550 1 0.000 0 0.000000
237 806.228 26.617 292.909 +2.152237 26.568 1 0.000 0 0.000000
238 806.228 26.617 292.909 +2.152237 26.568 1 0.000 0 0.000000
239 806.250 26.626 292.896 +2.147015 26.577 1 0.000 0 0.000000
240 806.272 26.635 292.883 +2.141802 26.586 1 0.000 0 0.000000
241 806.294 26.644 292.870 +2.136576 26.595 1 0.000 0 0.000000
242 806.315 26.653 292.857 +2.131348 26.604 1 0.000 0 0.000000
243 806.337 26.662 292.843 +2.126123 26.613 1 0.000 0 0.000000
244 806.359 26.671 292.830 +2.120888 26.622 1 0.000 0 0.000000
245 806.359 26.671 292.830 +2.120888 26.622 1 0.000 0 0.000000
246 806.381 26.680 292.817 +2.115641 26.631 1 0.000 0 0.000000
247 806.403 26.689 292.804 +2.110401 26.640 1 0.000 0 0.000000
248 806.425 26.698 292.790 +2.105293 26.649 1 0.000 0 0.000000
249 806.447 26.707 292.777 +2.100164 26.659 1 0.000 0 0.000000
250 806.447 26.707 292.777 +2.100164 26.659 1 0.000 0 0.000000
251 806.469 26.716 292.764 +2.095041 26.668 1 0.000 0 0.000000
252 806.491 26.725 292.750 +2.089907 26.677 1 0.000 0 0.000000
253 806.491 26.725 292.750 +2.089907 26.677 1 0.000 0 0.000000
254 806.534 26.743 292.724 +2.079237 26.695 1 0.000 0 0.000000
255 806.556 26.752 292.711 +2.074228 26.704 1 0.000 0 0.000000
256 806.578 26.761 292.697 +2.068941 26.713 1 0.000 0 0.000000
257 806.600 26.770 292.684 +2.063652 26.722 1 0.000 0 0.000000
258 806.600 26.770 292.684 +2.063652 26.722 1 0.000 0 0.000000
259 806.622 26.779 292.671 +2.058184 26.731 1 0.000 0 0.000000
260 806.643 26.788 292.658 +2.052605 26.740 1 0.000 0 0.000000
261 806.643 26.788 292.658 +2.052605 26.740 1 0.000 0 0.000000
262 806.665 26.797 292.644 +2.047764 26.749 1 0.000 0 0.000000
263 806.687 26.806 292.631 +2.042465 26.758 1 0.000 0 0.000000
264 806.709 26.815 292.618 +2.037167 26.768 1 0.000 0 0.000000
265 806.709 26.815 292.618 +2.037167 26.768 1 0.000 0 0.000000
266 806.730 26.824 292.604 +2.031857 26.777 1 0.000 0 0.000000
267 806.752 26.833 292.591 +2.026545 26.786 1 0.000 0 0.000000
268 806.774 26.842 292.578 +2.021235 26.795 1 0.000 0 0.000000
269 806.774 26.842 292.578 +2.021235 26.795 1 0.000 0 0.000000
270 806.795 26.851 292.564 +2.015905 26.804 1 0.000 0 0.000000
271 806.817 26.861 292.551 +2.010582 26.813 1 0.000 0 0.000000
272 806.817 26.861 292.551 +2.010582 26.813 1 0.000 0 0.000000
273 806.860 26.879 292.524 +1.999910 26.831 1 0.000 0 0.000000
274 806.882 26.888 292.511 +1.994576 26.841 1 0.000 0 0.000000
275 806.882 26.888 292.511 +1.994576 26.841 1 0.000 0 0.000000
276 806.904 26.897 292.497 +1.989229 26.850 1 0.000 0 0.000000
277 806.904 26.897 292.497 +1.989229 26.850 1 0.000 0 0.000000
278 806.947 26.915 292.470 +1.978525 26.868 1 0.000 0 0.000000
279 806.969 26.924 292.457 +1.973167 26.877 1 0.000 0 0.000000
280 806.969 26.924 292.457 +1.973167 26.877 1 0.000 0 0.000000
281 807.012 26.943 292.430 +1.962454 26.896 1 0.000 0 0.000000
282 807.012 26.943 292.430 +1.962454 26.896 1 0.000 0 0.000000
283 807.033 26.952 292.416 +1.957088 26.905 1 0.000 0 0.000000
284 807.055 26.961 292.403 +1.951717 26.914 1 0.000 0 0.000000
285 807.055 26.961 292.403 +1.951717 26.914 1 0.000 0 0.000000
286 807.076 26.970 292.389 +1.946348 26.923 1 0.000 0 0.000000
287 807.120 26.988 292.362 +1.935581 26.942 1 0.000 0 0.000000
288 807.141 26.997 292.349 +1.930193 26.951 1 0.000 0 0.000000
289 807.141 26.997 292.349 +1.930193 26.951 1 0.000 0 0.000000
290 807.205 27.025 292.308 +1.913687 26.979 1 0.000 0 0.000000
291 807.205 27.025 292.308 +1.913687 26.979 1 0.000 0 0.000000
292 807.248 27.044 292.281 +1.902922 26.997 1 0.000 0 0.000000
293 807.270 27.053 292.267 +1.897369 27.006 1 0.000 0 0.000000
294 807.270 27.053 292.267 +1.897369 27.006 1 0.000 0 0.000000
295 807.291 27.062 292.254 +1.891806 27.015 1 0.000 0 0.000000
296 807.312 27.071 292.241 +1.886248 27.025 1 0.000 0 0.000000
297 807.334 27.081 292.227 +1.880526 27.034 1 0.000 0 0.000000
298 807.355 27.090 292.214 +1.874863 27.043 1 0.000 0 0.000000
299 807.376 27.100 292.201 +1.869202 27.052 1 0.000 0 0.000000
300 807.398 27.109 292.187 +1.863531 27.061 1 0.000 0 0.000000
301 807.419 27.118 292.174 +1.857851 27.070 1 0.000 0 0.000000
302 807.440 27.128 292.160 +1.852177 27.079 1 0.000 0 0.000000
303 807.440 27.128 292.160 +1.852177 27.079 1 0.000 0 0.000000
304 807.461 27.137 292.147 +1.846491 27.089 1 0.000 0 0.000000
305 807.483 27.147 292.134 +1.840878 27.098 1 0.000 0 0.000000
306 807.504 27.156 292.120 +1.835388 27.107 1 0.000 0 0.000000
307 807.504 27.156 292.120 +1.835388 27.107 1 0.000 0 0.000000
308 807.525 27.165 292.107 +1.829824 27.116 1 0.000 0 0.000000
309 807.547 27.175 292.093 +1.824253 27.126 1 0.000 0 0.000000
310 807.568 27.184 292.080 +1.818680 27.135 1 0.000 0 0.000000
311 807.589 27.193 292.066 +1.813110 27.144 1 0.000 0 0.000000
312 807.611 27.202 292.052 +1.807518 27.153 1 0.000 0 0.000000
313 807.632 27.212 292.039 +1.801933 27.163 1 0.000 0 0.000000
314 807.653 27.221 292.025 +1.796335 27.172 1 0.000 0 0.000000
315 807.674 27.231 292.012 +1.790737 27.181 1 0.000 0 0.000000
316 807.695 27.240 291.998 +1.785133 27.190 1 0.000 0 0.000000
317 807.717 27.249 291.984 +1.779524 27.200 1 0.000 0 0.000000
318 807.738 27.259 291.971 +1.773912 27.209 1 0.000 0 0.000000
319 807.759 27.268 291.957 +1.768291 27.218 1 0.000 0 0.000000
320 807.759 27.268 291.957 +1.768291 27.218 1 0.000 0 0.000000
321 807.822 27.296 291.916 +1.751333 27.246 1 0.000 0 0.000000
322 807.822 27.296 291.916 +1.751333 27.246 1 0.000 0 0.000000
323 807.843 27.306 291.903 +1.745634 27.256 1 0.000 0 0.000000
324 807.885 27.324 291.875 +1.734230 27.274 1 0.000 0 0.000000
325 807.885 27.324 291.875 +1.734230 27.274 1 0.000 0 0.000000
326 807.906 27.334 291.862 +1.728519 27.283 1 0.000 0 0.000000
327 807.948 27.353 291.834 +1.717081 27.302 1 0.000 0 0.000000
328 807.948 27.353 291.834 +1.717081 27.302 1 0.000 0 0.000000
329 807.969 27.362 291.820 +1.711359 27.312 1 0.000 0 0.000000
330 807.990 27.372 291.807 +1.705626 27.321 1 0.000 0 0.000000
331 808.011 27.381 291.793 +1.699884 27.330 1 0.000 0 0.000000
332 808.032 27.391 291.779 +1.694138 27.340 1 0.000 0 0.000000
333 808.053 27.400 291.765 +1.688389 27.349 1 0.000 0 0.000000
334 808.053 27.400 291.765 +1.688389 27.349 1 0.000 0 0.000000
335 808.095 27.419 291.738 +1.676859 27.368 1 0.000 0 0.000000
336 808.095 27.419 291.738 +1.676859 27.368 1 0.000 0 0.000000
337 808.116 27.429 291.724 +1.671101 27.377 1 0.000 0 0.000000
338 808.137 27.438 291.710 +1.665325 27.387 1 0.000 0 0.000000
339 808.179 27.457 291.682 +1.653763 27.405 1 0.000 0 0.000000
340 808.179 27.457 291.682 +1.653763 27.405 1 0.000 0 0.000000
341 808.199 27.467 291.669 +1.647976 27.415 1 0.000 0 0.000000
342 808.241 27.486 291.641 +1.636303 27.434 1 0.000 0 0.000000
343 808.241 27.486 291.641 +1.636303 27.434 1 0.000 0 0.000000
344 808.262 27.495 291.627 +1.630465 27.443 1 0.000 0 0.000000
345 808.303 27.514 291.599 +1.618767 27.462 1 0.000 0 0.000000
346 808.303 27.514 291.599 +1.618767 27.462 1 0.000 0 0.000000
347 808.324 27.524 291.585 +1.612900 27.471 1 0.000 0 0.000000
348 808.345 27.533 291.572 +1.607035 27.481 1 0.000 0 0.000000
349 808.365 27.543 291.558 +1.601065 27.490 1 0.000 0 0.000000
350 808.386 27.553 291.544 +1.595106 27.500 1 0.000 0 0.000000
351 808.406 27.562 291.530 +1.589130 27.509 1 0.000 0 0.000000
352 808.406 27.562 291.530 +1.589130 27.509 1 0.000 0 0.000000
353 808.427 27.572 291.516 +1.583160 27.519 1 0.000 0 0.000000
354 808.448 27.582 291.502 +1.577179 27.528 1 0.000 0 0.000000
355 808.468 27.592 291.488 +1.571196 27.537 1 0.000 0 0.000000
356 808.489 27.601 291.474 +1.565363 27.547 1 0.000 0 0.000000
357 808.509 27.611 291.460 +1.559490 27.557 1 0.000 0 0.000000
358 808.509 27.611 291.460 +1.559490 27.557 1 0.000 0 0.000000
359 808.530 27.620 291.446 +1.553608 27.566 1 0.000 0 0.000000
360 808.571 27.639 291.418 +1.541826 27.585 1 0.000 0 0.000000
361 808.571 27.639 291.418 +1.541826 27.585 1 0.000 0 0.000000
362 808.592 27.649 291.404 +1.535934 27.595 1 0.000 0 0.000000
363 808.612 27.659 291.390 +1.530022 27.604 1 0.000 0 0.000000
364 808.633 27.668 291.376 +1.524115 27.614 1 0.000 0 0.000000
365 808.653 27.678 291.362 +1.518194 27.623 1 0.000 0 0.000000
366 808.653 27.678 291.362 +1.518194 27.623 1 0.000 0 0.000000
367 808.674 27.688 291.348 +1.512268 27.633 1 0.000 0 0.000000
368 808.694 27.697 291.334 +1.506334 27.643 1 0.000 0 0.000000
369 808.715 27.707 291.319 +1.500402 27.652 1 0.000 0 0.000000
370 808.715 27.707 291.319 +1.500402 27.652 1 0.000 0 0.000000
371 808.755 27.726 291.291 +1.488501 27.671 1 0.000 0 0.000000
372 808.776 27.736 291.277 +1.482542 27.681 1 0.000 0 0.000000
373 808.776 27.736 291.277 +1.482542 27.681 1 0.000 0 0.000000
374 808.816 27.755 291.248 +1.470606 27.700 1 0.000 0 0.000000
375 808.837 27.765 291.234 +1.464630 27.710 1 0.000 0 0.000000
376 808.857 27.775 291.220 +1.458586 27.719 1 0.000 0 0.000000
377 808.857 27.775 291.220 +1.458586 27.719 1 0.000 0 0.000000
378 808.877 27.784 291.206 +1.452536 27.729 1 0.000 0 0.000000
379 808.897 27.794 291.191 +1.446478 27.739 1 0.000 0 0.000000
380 808.897 27.794 291.191 +1.446478 27.739 1 0.000 0 0.000000
381 808.918 27.804 291.177 +1.440413 27.748 1 0.000 0 0.000000
382 808.938 27.814 291.163 +1.434349 27.758 1 0.000 0 0.000000
383 808.958 27.823 291.149 +1.428265 27.768 1 0.000 0 0.000000
384 808.978 27.833 291.134 +1.422188 27.777 1 0.000 0 0.000000
385 808.998 27.843 291.120 +1.416100 27.787 1 0.000 0 0.000000
386 808.998 27.843 291.120 +1.416100 27.787 1 0.000 0 0.000000
387 809.018 27.853 291.106 +1.409990 27.797 1 0.000 0 0.000000
388 809.038 27.862 291.091 +1.403885 27.806 1 0.000 0 0.000000
389 809.059 27.872 291.077 +1.397770 27.816 1 0.000 0 0.000000
390 809.079 27.882 291.063 +1.391645 27.826 1 0.000 0 0.000000
391 809.079 27.882 291.063 +1.391645 27.826 1 0.000 0 0.000000
392 809.119 27.902 291.034 +1.379364 27.845 1 0.000 0 0.000000
393 809.139 27.911 291.019 +1.373320 27.855 1 0.000 0 0.000000
394 809.159 27.921 291.005 +1.367197 27.865 1 0.000 0 0.000000
395 809.159 27.921 291.005 +1.367197 27.865 1 0.000 0 0.000000
396 809.198 27.941 290.976 +1.354918 27.884 1 0.000 0 0.000000
397 809.198 27.941 290.976 +1.354918 27.884 1 0.000 0 0.000000
398 809.218 27.951 290.961 +1.348766 27.894 1 0.000 0 0.000000
399 809.238 27.961 290.946 +1.342617 27.904 1 0.000 0 0.000000
400 809.258 27.970 290.932 +1.336449 27.914 1 0.000 0 0.000000
401 809.278 27.980 290.917 +1.330286 27.924 1 0.000 0 0.000000
402 809.278 27.980 290.917 +1.330286 27.924 1 0.000 0 0.000000
403 809.317 28.000 290.888 +1.317917 27.943 1 0.000 0 0.000000
404 809.337 28.010 290.873 +1.311729 27.953 1 0.000 0 0.000000
405 809.337 28.010 290.873 +1.311729 27.953 1 0.000 0 0.000000
406 809.357 28.020 290.859 +1.305525 27.963 1 0.000 0 0.000000
407 809.377 28.030 290.844 +1.299316 27.973 1 0.000 0 0.000000
408 809.396 28.039 290.829 +1.293106 27.983 1 0.000 0 0.000000
409 809.416 28.049 290.814 +1.286869 27.993 1 0.000 0 0.000000
410 809.416 28.049 290.814 +1.286869 27.993 1 0.000 0 0.000000
411 809.436 28.059 290.800 +1.280640 28.003 1 0.000 0 0.000000
412 809.475 28.079 290.770 +1.268143 28.023 1 0.000 0 0.000000
413 809.495 28.089 290.755 +1.262056 28.033 1 0.000 0 0.000000
414 809.495 28.089 290.755 +1.262056 28.033 1 0.000 0 0.000000
415 809.514 28.099 290.740 +1.255905 28.043 1 0.000 0 0.000000
416 809.534 28.109 290.725 +1.249746 28.053 1 0.000 0 0.000000
417 809.573 28.128 290.695 +1.237391 28.073 1 0.000 0 0.000000
418 809.593 28.138 290.680 +1.231199 28.083 1 0.000 0 0.000000
419 809.593 28.138 290.680 +1.231199 28.083 1 0.000 0 0.000000
420 809.612 28.148 290.665 +1.224998 28.093 1 0.000 0 0.000000
421 809.632 28.158 290.650 +1.218798 28.103 1 0.000 0 0.000000
422 809.651 28.168 290.636 +1.212446 28.113 1 0.000 0 0.000000
423 809.671 28.178 290.621 +1.205856 28.123 1 0.000 0 0.000000
424 809.690 28.188 290.606 +1.199953 28.133 1 0.000 0 0.000000
425 809.690 28.188 290.606 +1.199953 28.133 1 0.000 0 0.000000
426 809.729 28.208 290.576 +1.187185 28.153 1 0.000 0 0.000000
427 809.748 28.218 290.561 +1.180786 28.163 1 0.000 0 0.000000
428 809.767 28.228 290.546 +1.174376 28.173 1 0.000 0 0.000000
429 809.767 28.228 290.546 +1.174376 28.173 1 0.000 0 0.000000
430 809.787 28.238 290.531 +1.167959 28.183 1 0.000 0 0.000000
431 809.825 28.258 290.501 +1.155092 28.203 1 0.000 0 0.000000
432 809.825 28.258 290.501 +1.155092 28.203 1 0.000 0 0.000000
433 809.844 28.268 290.486 +1.148655 28.213 1 0.000 0 0.000000
434 809.882 28.288 290.456 +1.135736 28.233 1 0.000 0 0.000000
435 809.882 28.288 290.456 +1.135736 28.233 1 0.000 0 0.000000
436 809.901 28.299 290.441 +1.129261 28.243 1 0.000 0 0.000000
437 809.920 28.309 290.426 +1.122774 28.253 1 0.000 0 0.000000
438 809.920 28.309 290.426 +1.122774 28.253 1 0.000 0 0.000000
439 809.940 28.319 290.411 +1.116283 28.263 1 0.000 0 0.000000
440 809.958 28.329 290.395 +1.109772 28.274 1 0.000 0 0.000000
441 809.977 28.339 290.380 +1.103264 28.284 1 0.000 0 0.000000
442 810.015 28.359 290.350 +1.090210 28.304 1 0.000 0 0.000000
443 810.015 28.359 290.350 +1.090210 28.304 1 0.000 0 0.000000
444 810.034 28.370 290.335 +1.083656 28.314 1 0.000 0 0.000000
445 810.053 28.380 290.319 +1.077106 28.324 1 0.000 0 0.000000
446 810.072 28.390 290.304 +1.070543 28.334 1 0.000 0 0.000000
447 810.091 28.400 290.289 +1.063961 28.345 1 0.000 0 0.000000
448 810.109 28.410 290.273 +1.057398 28.355 1 0.000 0 0.000000
449 810.128 28.421 290.258 +1.050819 28.365 1 0.000 0 0.000000
450 810.147 28.431 290.243 +1.044216 28.375 1 0.000 0 0.000000
451 810.147 28.431 290.243 +1.044216 28.375 1 0.000 0 0.000000
452 810.165 28.441 290.227 +1.037609 28.386 1 0.000 0 0.000000
453 810.184 28.451 290.212 +1.030998 28.396 1 0.000 0 0.000000
454 810.203 28.461 290.196 +1.024368 28.406 1 0.000 0 0.000000
455 810.221 28.472 290.181 +1.017733 28.416 1 0.000 0 0.000000
456 810.240 28.482 290.165 +1.011072 28.427 1 0.000 0 0.000000
457 810.258 28.492 290.150 +1.004417 28.437 1 0.000 0 0.000000
458 810.258 28.492 290.150 +1.004417 28.437 1 0.000 0 0.000000
459 810.295 28.513 290.119 +0.991060 28.458 1 0.000 0 0.000000
460 810.295 28.513 290.119 +0.991060 28.458 1 0.000 0 0.000000
461 810.313 28.523 290.103 +0.984365 28.468 1 0.000 0 0.000000
462 810.332 28.533 290.087 +0.977654 28.478 1 0.000 0 0.000000
463 810.350 28.544 290.072 +0.970930 28.489 1 0.000 0 0.000000
464 810.368 28.554 290.056 +0.964201 28.499 1 0.000 0 0.000000
465 810.368 28.554 290.056 +0.964201 28.499 1 0.000 0 0.000000
466 810.404 28.575 290.025 +0.950710 28.520 1 0.000 0 0.000000
467 810.404 28.575 290.025 +0.950710 28.520 1 0.000 0 0.000000
468 810.423 28.585 290.009 +0.943943 28.530 1 0.000 0 0.000000
469 810.441 28.596 289.993 +0.937166 28.541 1 0.000 0 0.000000
470 810.459 28.606 289.977 +0.930372 28.551 1 0.000 0 0.000000
471 810.495 28.627 289.945 +0.916897 28.572 1 0.000 0 0.000000
472 810.513 28.637 289.929 +0.910137 28.583 1 0.000 0 0.000000
473 810.513 28.637 289.929 +0.910137 28.583 1 0.000 0 0.000000
474 810.531 28.647 289.913 +0.903376 28.593 1 0.000 0 0.000000
475 810.549 28.658 289.897 +0.896597 28.604 1 0.000 0 0.000000
476 810.567 28.668 289.881 +0.889805 28.614 1 0.000 0 0.000000
477 810.585 28.678 289.865 +0.882996 28.625 1 0.000 0 0.000000
478 810.602 28.689 289.849 +0.875973 28.636 1 0.000 0 0.000000
479 810.620 28.699 289.833 +0.869221 28.646 1 0.000 0 0.000000
480 810.620 28.699 289.833 +0.869221 28.646 1 0.000 0 0.000000
481 810.638 28.710 289.817 +0.862318 28.657 1 0.000 0 0.000000
482 810.655 28.720 289.801 +0.855398 28.667 1 0.000 0 0.000000
483 810.673 28.731 289.785 +0.848175 28.678 1 0.000 0 0.000000
484 810.691 28.742 289.769 +0.841095 28.688 1 0.000 0 0.000000
485 810.691 28.742 289.769 +0.841095 28.688 1 0.000 0 0.000000
486 810.708 28.752 289.753 +0.834339 28.699 1 0.000 0 0.000000
487 810.725 28.763 289.737 +0.827217 28.709 1 0.000 0 0.000000
488 810.725 28.763 289.737 +0.827217 28.709 1 0.000 0 0.000000
489 810.743 28.773 289.721 +0.820087 28.720 1 0.000 0 0.000000
490 810.760 28.784 289.705 +0.812939 28.731 1 0.000 0 0.000000
491 810.777 28.795 289.689 +0.805777 28.741 1 0.000 0 0.000000
492 810.795 28.805 289.673 +0.798597 28.752 1 0.000 0 0.000000
493 810.795 28.805 289.673 +0.798597 28.752 1 0.000 0 0.000000
494 810.829 28.827 289.640 +0.784199 28.773 1 0.000 0 0.000000
495 810.846 28.838 289.624 +0.776983 28.783 1 0.000 0 0.000000
496 810.846 28.838 289.624 +0.776983 28.783 1 0.000 0 0.000000
497 810.863 28.848 289.608 +0.769749 28.794 1 0.000 0 0.000000
498 810.880 28.859 289.592 +0.762501 28.805 1 0.000 0 0.000000
499 810.897 28.870 289.575 +0.755217 28.815 1 0.000 0 0.000000
500 810.915 28.880 289.560 +0.748404 28.826 1 0.000 0 0.000000
501 810.915 28.880 289.560 +0.748404 28.826 1 0.000 0 0.000000
502 810.934 28.890 289.545 +0.741903 28.836 1 0.000 0 0.000000
503 810.954 28.901 289.530 +0.735405 28.846 1 0.000 0 0.000000
504 810.973 28.911 289.515 +0.728899 28.856 1 0.000 0 0.000000
505 810.973 28.911 289.515 +0.728899 28.856 1 0.000 0 0.000000
506 810.992 28.921 289.501 +0.722395 28.866 1 0.000 0 0.000000
507 811.011 28.931 289.486 +0.715889 28.876 1 0.000 0 0.000000
508 811.030 28.941 289.471 +0.709372 28.886 1 0.000 0 0.000000
509 811.050 28.951 289.456 +0.702847 28.897 1 0.000 0 0.000000
510 811.050 28.951 289.456 +0.702847 28.897 1 0.000 0 0.000000
511 811.069 28.961 289.441 +0.696327 28.907 1 0.000 0 0.000000
512 811.088 28.972 289.427 +0.689795 28.917 1 0.000 0 0.000000
513 811.107 28.982 289.412 +0.683260 28.927 1 0.000 0 0.000000
514 811.126 28.992 289.397 +0.676727 28.937 1 0.000 0 0.000000
515 811.145 29.002 289.382 +0.670189 28.947 1 0.000 0 0.000000
516 811.164 29.012 289.367 +0.663641 28.957 1 0.000 0 0.000000
517 811.164 29.012 289.367 +0.663641 28.957 1 0.000 0 0.000000
518 811.184 29.022 289.352 +0.657093 28.967 1 0.000 0 0.000000
519 811.203 29.033 289.338 +0.650234 28.978 1 0.000 0 0.000000
520 811.222 29.043 289.323 +0.643665 28.988 1 0.000 0 0.000000
521 811.222 29.043 289.323 +0.643665 28.988 1 0.000 0 0.000000
522 811.260 29.063 289.293 +0.630615 29.008 1 0.000 0 0.000000
523 811.260 29.063 289.293 +0.630615 29.008 1 0.000 0 0.000000
524 811.279 29.074 289.278 +0.623959 29.018 1 0.000 0 0.000000
525 811.298 29.084 289.264 +0.617292 29.028 1 0.000 0 0.000000
526 811.317 29.094 289.249 +0.610615 29.038 1 0.000 0 0.000000
527 811.317 29.094 289.249 +0.610615 29.038 1 0.000 0 0.000000
528 811.336 29.104 289.234 +0.603935 29.048 1 0.000 0 0.000000
529 811.355 29.115 289.219 +0.597256 29.058 1 0.000 0 0.000000
530 811.374 29.125 289.205 +0.590565 29.068 1 0.000 0 0.000000
531 811.374 29.125 289.205 +0.590565 29.068 1 0.000 0 0.000000
532 811.393 29.135 289.190 +0.583864 29.079 1 0.000 0 0.000000
533 811.412 29.146 289.175 +0.577169 29.089 1 0.000 0 0.000000
534 811.450 29.166 289.146 +0.563755 29.109 1 0.000 0 0.000000
535 811.469 29.177 289.131 +0.557049 29.119 1 0.000 0 0.000000
536 811.469 29.177 289.131 +0.557049 29.119 1 0.000 0 0.000000
537 811.487 29.187 289.116 +0.550447 29.129 1 0.000 0 0.000000
538 811.506 29.197 289.101 +0.543831 29.139 1 0.000 0 0.000000
539 811.525 29.207 289.086 +0.537207 29.150 1 0.000 0 0.000000
540 811.525 29.207 289.086 +0.537207 29.150 1 0.000 0 0.000000
541 811.563 29.228 289.056 +0.523956 29.170 1 0.000 0 0.000000
542 811.582 29.238 289.041 +0.517323 29.180 1 0.000 0 0.000000
543 811.582 29.238 289.041 +0.517323 29.180 1 0.000 0 0.000000
544 811.601 29.248 289.026 +0.510687 29.191 1 0.000 0 0.000000
545 811.620 29.258 289.011 +0.504053 29.201 1 0.000 0 0.000000
546 811.639 29.269 288.996 +0.497398 29.211 1 0.000 0 0.000000
547 811.658 29.279 288.982 +0.490744 29.221 1 0.000 0 0.000000
548 811.658 29.279 288.982 +0.490744 29.221 1 0.000 0 0.000000
549 811.677 29.289 288.967 +0.484095 29.231 1 0.000 0 0.000000
550 811.695 29.300 288.952 +0.477434 29.242 1 0.000 0 0.000000
551 811.695 29.300 288.952 +0.477434 29.242 1 0.000 0 0.000000
552 811.714 29.310 288.937 +0.470762 29.252 1 0.000 0 0.000000
553 811.733 29.320 288.922 +0.464094 29.262 1 0.000 0 0.000000
554 811.752 29.330 288.907 +0.457420 29.272 1 0.000 0 0.000000
555 811.771 29.341 288.892 +0.450739 29.283 1 0.000 0 0.000000
556 811.790 29.350 288.876 +0.444729 29.293 1 0.000 0 0.000000
557 811.790 29.350 288.876 +0.444729 29.293 1 0.000 0 0.000000
558 811.809 29.360 288.860 +0.438417 29.304 1 0.000 0 0.000000
559 811.828 29.370 288.845 +0.432112 29.314 1 0.000 0 0.000000
560 811.847 29.380 288.829 +0.425810 29.325 1 0.000 0 0.000000
561 811.866 29.390 288.814 +0.419485 29.336 1 0.000 0 0.000000
562 811.885 29.400 288.798 +0.413162 29.346 1 0.000 0 0.000000
563 811.885 29.400 288.798 +0.413162 29.346 1 0.000 0 0.000000
564 811.922 29.420 288.767 +0.400515 29.367 1 0.000 0 0.000000
565 811.922 29.420 288.767 +0.400515 29.367 1 0.000 0 0.000000
566 811.941 29.430 288.752 +0.394175 29.378 1 0.000 0 0.000000
567 811.960 29.440 288.736 +0.387838 29.389 1 0.000 0 0.000000
568 811.979 29.450 288.721 +0.381495 29.399 1 0.000 0 0.000000
569 811.998 29.460 288.705 +0.375145 29.410 1 0.000 0 0.000000
570 812.017 29.470 288.690 +0.368799 29.420 1 0.000 0 0.000000
571 812.035 29.480 288.674 +0.362431 29.431 1 0.000 0 0.000000
572 812.054 29.490 288.658 +0.356056 29.442 1 0.000 0 0.000000
573 812.054 29.490 288.658 +0.356056 29.442 1 0.000 0 0.000000
574 812.073 29.499 288.642 +0.346893 29.453 1 0.000 0 0.000000
575 812.092 29.508 288.624 +0.338356 29.465 1 0.000 0 0.000000
576 812.111 29.516 288.605 +0.330555 29.477 1 0.000 0 0.000000
577 812.111 29.516 288.605 +0.330555 29.477 1 0.000 0 0.000000
578 812.130 29.523 288.586 +0.323116 29.490 1 0.000 0 0.000000
579 812.149 29.531 288.567 +0.315287 29.502 1 0.000 0 0.000000
580 812.168 29.539 288.548 +0.307453 29.515 1 0.000 0 0.000000
581 812.187 29.547 288.529 +0.299623 29.528 1 0.000 0 0.000000
582 812.206 29.554 288.510 +0.291786 29.540 1 0.000 0 0.000000
583 812.225 29.562 288.491 +0.283949 29.553 1 0.000 0 0.000000
584 812.244 29.570 288.472 +0.276112 29.565 1 0.000 0 0.000000
585 812.263 29.578 288.452 +0.268272 29.578 0 0.000 0 0.000000
586 812.300 29.594 288.414 +0.252596 29.603 0 0.000 0 0.000000
587 812.300 29.594 288.414 +0.252596 29.603 0 0.000 0 0.000000
588 812.320 29.599 288.394 +0.246885 29.617 0 0.000 0 0.000000
589 812.339 29.605 288.374 +0.240896 29.630 0 0.000 0 0.000000
590 812.359 29.611 288.354 +0.234720 29.643 0 0.000 0 0.000000
591 812.378 29.618 288.334 +0.228540 29.656 0 0.000 0 0.000000
592 812.398 29.624 288.314 +0.222361 29.670 0 0.000 0 0.000000
593 812.417 29.630 288.294 +0.216179 29.683 0 0.000 0 0.000000
594 812.437 29.636 288.273 +0.209999 29.696 0 0.000 0 0.000000
595 812.456 29.642 288.253 +0.203817 29.710 0 0.000 0 0.000000
596 812.476 29.649 288.233 +0.197638 29.723 0 0.000 0 0.000000
597 812.495 29.656 288.213 +0.190355 29.736 0 0.000 0 0.000000
598 812.514 29.663 288.193 +0.183105 29.749 0 0.000 0 0.000000
599 812.551 29.678 288.154 +0.168608 29.775 0 0.000 0 0.000000
600 812.570 29.685 288.134 +0.161352 29.789 0 0.000 0 0.000000
601 812.608 29.699 288.094 +0.146839 29.815 0 0.000 0 0.000000
602 812.627 29.707 288.074 +0.139584 29.828 0 0.000 0 0.000000
603 812.627 29.707 288.074 +0.139584 29.828 0 0.000 0 0.000000
604 812.645 29.714 288.054 +0.132332 29.841 0 0.000 0 0.000000
605 812.664 29.721 288.035 +0.125082 29.854 0 0.000 0 0.000000
606 812.683 29.728 288.015 +0.117830 29.867 0 0.000 0 0.000000
607 812.701 29.736 287.995 +0.110580 29.880 0 0.000 0 0.000000
608 812.720 29.743 287.975 +0.103323 29.894 0 0.000 0 0.000000
609 812.739 29.750 287.955 +0.096064 29.907 0 0.000 0 0.000000
610 812.758 29.757 287.935 +0.088804 29.920 0 0.000 0 0.000000
611 812.795 29.773 287.896 +0.072983 29.946 0 0.000 0 0.000000
612 812.813 29.782 287.877 +0.064585 29.959 0 0.000 0 0.000000
613 812.831 29.790 287.858 +0.056187 29.971 0 0.000 0 0.000000
614 812.849 29.798 287.839 +0.047789 29.984 0 0.000 0 0.000000
615 812.867 29.807 287.819 +0.039391 29.997 0 0.000 0 0.000000
616 812.886 29.815 287.800 +0.030993 30.010 0 0.000 0 0.000000
617 812.904 29.824 287.781 +0.022594 30.022 0 0.000 0 0.000000
618 812.922 29.832 287.762 +0.014196 30.035 0 0.000 0 0.000000
619 812.940 29.840 287.742 +0.005789 30.048 0 0.000 0 0.000000
620 812.958 29.849 287.723 -0.002611 30.061 0 46.426 1 1.000000
621 812.976 29.857 287.704 -0.011011 30.073 0 46.398 1 1.000000
622 812.994 29.866 287.685 -0.019409 30.086 0 46.371 1 1.000000
623 812.994 29.866 287.685 -0.019409 30.086 0 46.371 1 1.000000
624 813.013 29.874 287.666 -0.027809 30.099 0 46.343 1 1.000000
625 813.031 29.882 287.646 -0.036209 30.112 0 46.316 1 1.000000
626 813.049 29.889 287.626 -0.042917 30.125 0 46.288 1 1.000000
627 813.068 29.894 287.605 -0.048332 30.139 0 46.259 1 1.000000
628 813.087 29.898 287.583 -0.052332 30.154 0 46.230 1 1.000000
629 813.105 29.903 287.561 -0.057051 30.168 0 46.201 1 1.000000
630 813.124 29.908 287.539 -0.061768 30.182 0 46.172 1 1.000000
631 813.143 29.913 287.517 -0.066484 30.197 0 46.143 1 1.000000
632 813.162 29.917 287.496 -0.071201 30.211 0 46.114 1 1.000000
633 813.180 29.922 287.474 -0.075918 30.225 0 46.085 1 1.000000
634 813.199 29.927 287.452 -0.080641 30.240 0 46.056 1 1.000000
635 813.218 29.932 287.430 -0.085365 30.254 0 46.027 1 1.000000
636 813.218 29.932 287.430 -0.085365 30.254 0 46.027 1 1.000000
637 813.237 29.935 287.408 -0.088495 30.269 0 45.997 1 1.000000
638 813.276 29.937 287.363 -0.090809 30.299 0 45.938 1 1.000000
639 813.295 29.941 287.341 -0.095100 30.313 0 45.909 1 1.000000
640 813.295 29.941 287.341 -0.095100 30.313 0 45.909 1 1.000000
641 813.311 29.949 287.320 -0.103256 30.327 0 45.882 1 1.000000
642 813.327 29.958 287.299 -0.111401 30.341 0 45.854 1 1.000000
643 813.344 29.966 287.278 -0.091475 30.354 0 45.827 1 1.000000
644 813.360 29.974 287.257 -0.065835 30.368 0 45.800 1 1.000000
645 813.393 29.990 287.215 -0.014512 30.395 0 45.745 1 1.000000
646 813.393 29.990 287.215 -0.014512 30.395 0 45.745 1 1.000000
647 813.409 29.999 287.194 +0.010834 30.409 0 0.000 0 0.000000
648 813.424 30.009 287.175 +0.034554 30.422 0 0.000 0 0.000000
649 813.439 30.019 287.155 +0.058211 30.435 0 0.000 0 0.000000
650 813.454 30.030 287.136 +0.081887 30.447 0 0.000 0 0.000000
651 813.469 30.040 287.116 +0.105631 30.460 0 0.000 0 0.000000
652 813.484 30.050 287.097 +0.111094 30.473 0 0.000 0 0.000000
653 813.499 30.060 287.077 +0.104652 30.485 0 0.000 0 0.000000
654 813.514 30.071 287.058 +0.098215 30.498 0 0.000 0 0.000000
655 813.514 30.071 287.058 +0.098215 30.498 0 0.000 0 0.000000
656 813.544 30.091 287.019 +0.085342 30.524 0 0.000 0 0.000000
657 813.560 30.100 286.999 +0.080370 30.537 0 0.000 0 0.000000
658 813.578 30.108 286.979 +0.077005 30.550 0 0.000 0 0.000000
659 813.614 30.120 286.937 +0.072927 30.578 0 0.000 0 0.000000
660 813.614 30.120 286.937 +0.072927 30.578 0 0.000 0 0.000000
661 813.632 30.127 286.916 +0.070496 30.592 0 0.000 0 0.000000
662 813.650 30.133 286.895 +0.068062 30.606 0 0.000 0 0.000000
663 813.669 30.140 286.874 +0.065626 30.620 0 0.000 0 0.000000
664 813.669 30.140 286.874 +0.065626 30.620 0 0.000 0 0.000000
665 813.687 30.147 286.853 +0.063192 30.634 0 0.000 0 0.000000
666 813.705 30.153 286.832 +0.060766 30.648 0 0.000 0 0.000000
667 813.741 30.167 286.790 +0.055906 30.676 0 0.000 0 0.000000
668 813.741 30.167 286.790 +0.055906 30.676 0 0.000 0 0.000000
669 813.759 30.173 286.769 +0.053474 30.690 0 0.000 0 0.000000
670 813.778 30.180 286.748 +0.051046 30.704 0 0.000 0 0.000000
671 813.796 30.187 286.727 +0.048615 30.718 0 0.000 0 0.000000
672 813.814 30.193 286.706 +0.046186 30.732 0 0.000 0 0.000000
673 813.832 30.200 286.685 +0.043755 30.746 0 0.000 0 0.000000
674 813.832 30.200 286.685 +0.043755 30.746 0 0.000 0 0.000000
675 813.869 30.213 286.643 +0.038895 30.774 0 0.000 0 0.000000
676 813.869 30.213 286.643 +0.038895 30.774 0 0.000 0 0.000000
677 813.887 30.220 286.622 +0.036465 30.788 0 0.000 0 0.000000
678 813.905 30.226 286.601 +0.034035 30.802 0 0.000 0 0.000000
679 813.923 30.233 286.580 +0.031605 30.816 0 0.000 0 0.000000
680 813.923 30.233 286.580 +0.031605 30.816 0 0.000 0 0.000000
681 813.959 30.247 286.539 +0.025963 30.844 0 0.000 0 0.000000
682 813.959 30.247 286.539 +0.025963 30.844 0 0.000 0 0.000000
683 813.978 30.254 286.518 +0.023075 30.858 0 0.000 0 0.000000
684 813.996 30.261 286.497 +0.020185 30.872 0 0.000 0 0.000000
685 814.014 30.268 286.477 +0.017296 30.886 0 0.000 0 0.000000
686 814.032 30.275 286.456 +0.014406 30.900 0 0.000 0 0.000000
687 814.050 30.283 286.435 +0.011515 30.913 0 0.000 0 0.000000
688 814.068 30.290 286.415 +0.008625 30.927 0 0.000 0 0.000000
689 814.086 30.297 286.394 +0.005735 30.941 0 0.000 0 0.000000
690 814.104 30.304 286.373 +0.002846 30.955 0 0.000 0 0.000000
691 814.123 30.311 286.353 -0.000046 30.969 0 44.584 1 1.000000
692 814.123 30.311 286.353 -0.000046 30.969 0 44.584 1 1.000000
693 814.159 30.325 286.311 -0.005825 30.997 0 44.528 1 1.000000
694 814.177 30.332 286.291 -0.008715 31.011 0 44.500 1 1.000000
695 814.195 30.338 286.270 -0.010525 31.025 0 44.471 1 1.000000
696 814.195 30.338 286.270 -0.010525 31.025 0 44.471 1 1.000000
697 814.215 30.341 286.248 -0.009243 31.040 0 44.442 1 1.000000
698 814.234 30.345 286.226 -0.008484 31.054 0 44.413 1 1.000000
699 814.234 30.345 286.226 -0.008484 31.054 0 44.413 1 1.000000
700 814.253 30.349 286.204 -0.008005 31.069 0 44.383 1 1.000000
701 814.272 30.353 286.182 -0.007523 31.084 0 44.354 1 1.000000
702 814.292 30.356 286.160 -0.007040 31.099 0 44.325 1 1.000000
703 814.311 30.360 286.138 -0.006557 31.113 0 44.295 1 1.000000
704 814.330 30.364 286.117 -0.006077 31.128 0 44.266 1 1.000000
705 814.330 30.364 286.117 -0.006077 31.128 0 44.266 1 1.000000
706 814.349 30.368 286.095 -0.005594 31.143 0 44.237 1 1.000000
707 814.369 30.372 286.073 -0.005114 31.158 0 44.208 1 1.000000
708 814.388 30.376 286.051 -0.004631 31.173 0 44.178 1 1.000000
709 814.407 30.380 286.029 -0.004150 31.187 0 44.149 1 1.000000
710 814.407 30.380 286.029 -0.004150 31.187 0 44.149 1 1.000000
711 814.426 30.384 286.007 -0.003668 31.202 0 44.120 1 1.000000
712 814.445 30.387 285.985 -0.003185 31.217 0 44.090 1 1.000000
713 814.445 30.387 285.985 -0.003185 31.217 0 44.090 1 1.000000
714 814.465 30.392 285.964 -0.003304 31.232 0 44.061 1 1.000000
715 814.483 30.397 285.942 -0.004185 31.246 0 44.032 1 1.000000
716 814.483 30.397 285.942 -0.004185 31.246 0 44.032 1 1.000000
717 814.502 30.402 285.920 -0.005068 31.261 0 44.003 1 1.000000
718 814.520 30.407 285.898 -0.005949 31.276 0 43.974 1 1.000000
719 814.520 30.407 285.898 -0.005949 31.276 0 43.974 1 1.000000
720 814.539 30.413 285.877 -0.006834 31.290 0 43.945 1 1.000000
721 814.557 30.418 285.855 -0.007717 31.305 0 43.916 1 1.000000
722 814.576 30.423 285.833 -0.008598 31.320 0 43.887 1 1.000000
723 814.595 30.428 285.812 -0.009480 31.334 0 43.859 1 1.000000
724 814.613 30.433 285.790 -0.010363 31.349 0 43.830 1 1.000000
725 814.632 30.439 285.768 -0.011244 31.364 0 43.801 1 1.000000
726 814.650 30.444 285.747 -0.012127 31.378 0 43.772 1 1.000000
727 814.650 30.444 285.747 -0.012127 31.378 0 43.772 1 1.000000
728 814.669 30.449 285.725 -0.013000 31.393 0 43.743 1 1.000000
729 814.688 30.451 285.703 -0.010956 31.408 0 43.714 1 1.000000
730 814.707 30.455 285.681 -0.009937 31.423 0 43.684 1 1.000000
731 814.726 30.458 285.658 -0.008915 31.438 0 43.655 1 1.000000
732 814.746 30.461 285.636 -0.007895 31.453 0 43.625 1 1.000000
733 814.765 30.465 285.614 -0.006874 31.468 0 43.596 1 1.000000
734 814.784 30.468 285.592 -0.005854 31.483 0 43.567 1 1.000000
735 814.803 30.471 285.570 -0.004833 31.498 0 43.537 1 1.000000
736 814.822 30.475 285.548 -0.003813 31.513 0 43.508 1 1.000000
737 814.841 30.478 285.525 -0.002964 31.528 0 43.478 1 1.000000
738 814.841 30.478 285.525 -0.002964 31.528 0 43.478 1 1.000000
739 814.860 30.483 285.504 -0.003145 31.543 0 43.449 1 1.000000
740 814.880 30.487 285.482 -0.003242 31.558 0 43.420 1 1.000000
741 814.899 30.492 285.460 -0.003344 31.573 0 43.391 1 1.000000
742 814.918 30.496 285.439 -0.003445 31.588 0 43.362 1 1.000000
743 814.937 30.500 285.417 -0.003544 31.602 0 43.332 1 1.000000
744 814.956 30.505 285.395 -0.003647 31.617 0 43.303 1 1.000000
745 814.956 30.505 285.395 -0.003647 31.617 0 43.303 1 1.000000
746 814.975 30.509 285.374 -0.003748 31.632 0 43.274 1 1.000000
747 815.013 30.518 285.330 -0.003950 31.662 0 43.216 1 1.000000
748 815.032 30.523 285.309 -0.004051 31.677 0 43.186 1 1.000000
749 815.052 30.527 285.287 -0.004150 31.691 0 43.157 1 1.000000
750 815.071 30.532 285.265 -0.004251 31.706 0 43.128 1 1.000000
751 815.071 30.532 285.265 -0.004251 31.706 0 43.128 1 1.000000
752 815.109 30.540 285.222 -0.004454 31.736 0 43.070 1 1.000000
753 815.109 30.540 285.222 -0.004454 31.736 0 43.070 1 1.000000
754 815.127 30.545 285.199 -0.004557 31.751 0 43.041 1 1.000000
755 815.143 30.549 285.175 -0.004662 31.767 0 43.012 1 1.000000
756 815.159 30.554 285.151 -0.004759 31.783 0 42.983 1 1.000000
757 815.173 30.558 285.125 -0.004856 31.800 0 42.955 1 1.000000
758 815.185 30.562 285.099 -0.004950 31.817 0 42.928 1 1.000000
759 815.185 30.562 285.099 -0.004950 31.817 0 42.928 1 1.000000
760 815.196 30.566 285.073 -0.005051 31.834 0 42.900 1 1.000000
761 815.206 30.570 285.045 -0.005136 31.851 0 42.874 1 1.000000
762 815.206 30.570 285.045 -0.005136 31.851 0 42.874 1 1.000000
763 815.221 30.578 284.989 -0.005318 31.887 0 42.823 1 1.000000
764 815.227 30.582 284.960 -0.005404 31.905 0 42.798 1 1.000000
765 815.227 30.582 284.960 -0.005404 31.905 0 42.798 1 1.000000
766 815.230 30.585 284.931 -0.005484 31.923 0 42.775 1 1.000000
767 815.232 30.589 284.902 -0.005562 31.941 0 42.753 1 1.000000
768 815.233 30.592 284.873 -0.005640 31.958 0 42.731 1 1.000000
769 815.232 30.595 284.843 -0.005711 31.976 0 42.711 1 1.000000
770 815.232 30.595 284.843 -0.005711 31.976 0 42.711 1 1.000000
771 815.230 30.598 284.814 -0.005774 31.994 0 42.692 1 1.000000
772 815.220 30.603 284.756 -0.005898 32.028 0 42.657 1 1.000000
773 815.220 30.603 284.756 -0.005898 32.028 0 42.657 1 1.000000
774 815.213 30.606 284.727 -0.005955 32.045 0 42.641 1 1.000000
775 815.213 30.606 284.727 -0.005955 32.045 0 42.641 1 1.000000
776 815.204 30.608 284.699 -0.005999 32.062 0 42.627 1 1.000000
777 815.194 30.610 284.671 -0.006050 32.078 0 42.614 1 1.000000
778 815.183 30.611 284.643 -0.006083 32.093 0 42.603 1 1.000000
779 815.183 30.611 284.643 -0.006083 32.093 0 42.603 1 1.000000
780 815.170 30.613 284.617 -0.006124 32.108 0 42.593 1 1.000000
781 815.156 30.614 284.590 -0.006151 32.123 0 42.585 1 1.000000
782 815.140 30.615 284.565 -0.006182 32.137 0 42.578 1 1.000000
783 815.123 30.619 284.541 -0.008972 32.150 0 42.572 1 1.000000
784 815.105 30.623 284.518 -0.011959 32.163 0 42.568 1 1.000000
785 815.088 30.626 284.494 -0.014952 32.175 0 42.563 1 1.000000
786 815.071 30.630 284.471 -0.017939 32.188 0 42.558 1 1.000000
787 815.054 30.634 284.447 -0.020926 32.201 0 42.553 1 1.000000
788 815.054 30.634 284.447 -0.020926 32.201 0 42.553 1 1.000000
789 815.036 30.637 284.424 -0.023920 32.214 0 42.548 1 1.000000
790 815.019 30.641 284.400 -0.026915 32.226 0 42.543 1 1.000000
791 815.002 30.645 284.377 -0.029911 32.239 0 42.538 1 1.000000
792 814.984 30.649 284.353 -0.032907 32.252 0 42.533 1 1.000000
793 814.984 30.649 284.353 -0.032907 32.252 0 42.533 1 1.000000
794 814.967 30.652 284.330 -0.035904 32.265 0 42.529 1 1.000000
795 814.950 30.656 284.306 -0.038895 32.277 0 42.524 1 1.000000
796 814.933 30.660 284.283 -0.041887 32.290 0 42.519 1 1.000000
797 814.915 30.664 284.259 -0.044888 32.303 0 42.514 1 1.000000
798 814.915 30.664 284.259 -0.044888 32.303 0 42.514 1 1.000000
799 814.898 30.667 284.236 -0.047888 32.316 0 42.509 1 1.000000
800 814.881 30.671 284.212 -0.050886 32.329 0 42.504 1 1.000000
801 814.864 30.675 284.189 -0.053885 32.341 0 42.499 1 1.000000
802 814.864 30.675 284.189 -0.053885 32.341 0 42.499 1 1.000000
803 814.829 30.682 284.142 -0.059891 32.367 0 42.489 1 1.000000
804 814.829 30.682 284.142 -0.059891 32.367 0 42.489 1 1.000000
805 814.812 30.686 284.118 -0.062889 32.380 0 42.484 1 1.000000
806 814.795 30.690 284.095 -0.065893 32.393 0 42.479 1 1.000000
807 814.778 30.693 284.071 -0.068897 32.406 0 42.474 1 1.000000
808 814.761 30.697 284.048 -0.071898 32.419 0 42.469 1 1.000000
809 814.744 30.701 284.024 -0.074905 32.431 0 42.464 1 1.000000
810 814.744 30.701 284.024 -0.074905 32.431 0 42.464 1 1.000000
811 814.727 30.705 284.001 -0.077913 32.444 0 42.459 1 1.000000
812 814.709 30.709 283.977 -0.080915 32.457 0 42.454 1 1.000000
813 814.692 30.712 283.953 -0.083923 32.470 0 42.449 1 1.000000
814 814.675 30.716 283.930 -0.086929 32.483 0 42.443 1 1.000000
815 814.675 30.716 283.930 -0.086929 32.483 0 42.443 1 1.000000
816 814.658 30.720 283.906 -0.089941 32.496 0 42.438 1 1.000000
817 814.641 30.724 283.883 -0.092953 32.509 0 42.433 1 1.000000
818 814.624 30.727 283.859 -0.095963 32.522 0 42.428 1 1.000000
819 814.607 30.731 283.835 -0.098976 32.535 0 42.423 1 1.000000
820 814.590 30.735 283.812 -0.101978 32.548 0 42.418 1 1.000000
821 814.573 30.739 283.788 -0.104994 32.561 0 42.413 1 1.000000
822 814.573 30.739 283.788 -0.104994 32.561 0 42.413 1 1.000000
823 814.556 30.742 283.765 -0.108011 32.574 0 42.408 1 1.000000
824 814.539 30.746 283.741 -0.111029 32.587 0 42.402 1 1.000000
825 814.522 30.750 283.717 -0.114046 32.600 0 42.397 1 1.000000
826 814.522 30.750 283.717 -0.114046 32.600 0 42.397 1 1.000000
827 814.505 30.758 283.695 -0.120850 32.612 0 42.392 1 1.000000
828 814.491 30.766 283.672 -0.127884 32.625 0 42.385 1 1.000000
829 814.479 30.779 283.653 -0.139961 32.636 0 42.378 1 1.000000
830 814.468 30.792 283.638 -0.152491 32.644 0 42.373 1 1.000000
831 814.468 30.792 283.638 -0.152491 32.644 0 42.373 1 1.000000
832 814.458 30.805 283.622 -0.165022 32.653 0 42.367 1 1.000000
833 814.458 30.805 283.622 -0.165022 32.653 0 42.367 1 1.000000
834 814.447 30.819 283.607 -0.177555 32.661 0 42.362 1 1.000000
835 814.436 30.832 283.592 -0.190083 32.669 0 42.357 1 1.000000
836 814.436 30.832 283.592 -0.190083 32.669 0 42.357 1 1.000000
837 814.426 30.845 283.577 -0.202593 32.678 0 42.352 1 1.000000
838 814.415 30.859 283.562 -0.215115 32.686 0 42.347 1 1.000000
839 814.405 30.872 283.547 -0.227623 32.694 0 42.341 1 1.000000
840 814.394 30.885 283.532 -0.240141 32.703 0 38.197 1 1.000000
841 814.394 30.885 283.532 -0.240141 32.703 0 38.197 1 1.000000
842 814.384 30.898 283.517 -0.252661 32.711 0 38.178 1 1.000000
843 814.373 30.912 283.501 -0.265182 32.720 0 38.159 1 1.000000
844 814.363 30.925 283.486 -0.277704 32.728 0 38.140 1 1.000000
845 814.352 30.938 283.471 -0.290226 32.736 0 38.121 1 1.000000
846 814.342 30.952 283.456 -0.300892 32.745 0 38.102 1 1.000000
847 814.342 30.952 283.456 -0.300892 32.745 0 38.102 1 1.000000
848 814.321 30.978 283.426 -0.264571 32.762 0 38.064 1 1.000000
849 814.304 31.002 283.398 -0.232398 32.778 0 38.031 1 1.000000
850 814.304 31.002 283.398 -0.232398 32.778 0 38.031 1 1.000000
851 814.295 31.042 283.371 -0.207010 32.794 0 38.003 1 1.000000
852 814.286 31.073 283.341 -0.179263 32.811 0 37.974 1 1.000000
853 814.282 31.086 283.326 -0.166201 32.820 0 37.961 1 1.000000
854 814.278 31.098 283.309 -0.151264 32.830 0 37.947 1 1.000000
855 814.273 31.110 283.291 -0.134626 32.841 0 37.932 1 1.000000
856 814.267 31.121 283.271 -0.116330 32.853 0 37.915 1 1.000000
857 814.267 31.121 283.271 -0.116330 32.853 0 37.915 1 1.000000
858 814.260 31.132 283.250 -0.096247 32.866 0 37.897 1 1.000000
859 814.251 31.141 283.228 -0.074424 32.879 0 37.877 1 1.000000
860 814.251 31.141 283.228 -0.074424 32.879 0 37.877 1 1.000000
861 814.242 31.150 283.205 -0.051782 32.892 0 37.857 1 1.000000
862 814.233 31.160 283.182 -0.029483 32.905 0 37.837 1 1.000000
863 814.224 31.170 283.159 -0.007205 32.919 0 37.817 1 1.000000
864 814.216 31.179 283.137 +0.015095 32.932 0 0.000 0 0.000000
865 814.216 31.179 283.137 +0.015095 32.932 0 0.000 0 0.000000
866 814.198 31.199 283.092 +0.059331 32.959 0 0.000 0 0.000000
867 814.198 31.199 283.092 +0.059331 32.959 0 0.000 0 0.000000
868 814.187 31.212 283.074 +0.079881 32.969 0 0.000 0 0.000000
869 814.187 31.212 283.074 +0.079881 32.969 0 0.000 0 0.000000
870 814.176 31.224 283.056 +0.100497 32.979 0 0.000 0 0.000000
871 814.165 31.236 283.038 +0.121092 32.989 0 0.000 0 0.000000
872 814.165 31.236 283.038 +0.121092 32.989 0 0.000 0 0.000000
873 814.154 31.249 283.020 +0.141708 32.999 0 0.000 0 0.000000
874 814.142 31.261 283.002 +0.162304 33.009 0 0.000 0 0.000000
875 814.131 31.274 282.984 +0.182901 33.020 0 0.000 0 0.000000
876 814.120 31.286 282.966 +0.203497 33.030 0 0.000 0 0.000000
877 814.109 31.298 282.948 +0.224050 33.040 0 0.000 0 0.000000
878 814.098 31.311 282.930 +0.234432 33.050 0 0.000 0 0.000000
879 814.098 31.311 282.930 +0.234432 33.050 0 0.000 0 0.000000
880 814.087 31.323 282.912 +0.226566 33.060 0 0.000 0 0.000000
881 814.076 31.335 282.895 +0.218695 33.071 0 0.000 0 0.000000
882 814.064 31.348 282.877 +0.210823 33.081 0 0.000 0 0.000000
883 814.064 31.348 282.877 +0.210823 33.081 0 0.000 0 0.000000
884 814.053 31.360 282.859 +0.202955 33.091 0 0.000 0 0.000000
885 814.042 31.373 282.841 +0.195093 33.101 0 0.000 0 0.000000
886 814.031 31.385 282.823 +0.187243 33.111 0 0.000 0 0.000000
887 814.020 31.397 282.805 +0.179375 33.121 0 0.000 0 0.000000
888 814.008 31.410 282.787 +0.171499 33.132 0 0.000 0 0.000000
889 813.997 31.422 282.769 +0.163633 33.142 0 0.000 0 0.000000
890 813.986 31.435 282.752 +0.155771 33.152 0 0.000 0 0.000000
891 813.975 31.447 282.734 +0.147909 33.162 0 0.000 0 0.000000
892 813.975 31.447 282.734 +0.147909 33.162 0 0.000 0 0.000000
893 813.963 31.459 282.716 +0.140053 33.172 0 0.000 0 0.000000
894 813.952 31.472 282.698 +0.132191 33.182 0 0.000 0 0.000000
895 813.941 31.484 282.680 +0.124329 33.192 0 0.000 0 0.000000
896 813.930 31.497 282.662 +0.116465 33.203 0 0.000 0 0.000000
897 813.918 31.509 282.645 +0.108599 33.213 0 0.000 0 0.000000
898 813.907 31.521 282.627 +0.100765 33.223 0 0.000 0 0.000000
899 813.895 31.533 282.608 +0.094099 33.234 0 0.000 0 0.000000
900 813.895 31.533 282.608 +0.094099 33.234 0 0.000 0 0.000000
901 813.883 31.543 282.587 +0.088366 33.246 0 0.000 0 0.000000
902 813.871 31.553 282.566 +0.083702 33.258 0 0.000 0 0.000000
903 813.858 31.561 282.543 +0.080267 33.271 0 0.000 0 0.000000
904 813.845 31.569 282.521 +0.077477 33.284 0 0.000 0 0.000000
905 813.845 31.569 282.521 +0.077477 33.284 0 0.000 0 0.000000
906 813.832 31.578 282.498 +0.074137 33.297 0 0.000 0 0.000000
907 813.819 31.586 282.475 +0.070810 33.310 0 0.000 0 0.000000
908 813.806 31.595 282.452 +0.067459 33.324 0 0.000 0 0.000000
909 813.793 31.603 282.429 +0.064108 33.337 0 0.000 0 0.000000
910 813.780 31.612 282.407 +0.060768 33.350 0 0.000 0 0.000000
911 813.780 31.612 282.407 +0.060768 33.350 0 0.000 0 0.000000
912 813.754 31.629 282.361 +0.054054 33.376 0 0.000 0 0.000000
913 813.740 31.637 282.339 +0.050697 33.389 0 0.000 0 0.000000
914 813.740 31.637 282.339 +0.050697 33.389 0 0.000 0 0.000000
915 813.727 31.646 282.316 +0.047319 33.402 0 0.000 0 0.000000
916 813.714 31.655 282.294 +0.043953 33.415 0 0.000 0 0.000000
917 813.701 31.663 282.271 +0.040567 33.428 0 0.000 0 0.000000
918 813.701 31.663 282.271 +0.040567 33.428 0 0.000 0 0.000000
919 813.687 31.672 282.249 +0.037189 33.441 0 0.000 0 0.000000
920 813.674 31.680 282.226 +0.033794 33.454 0 0.000 0 0.000000
921 813.661 31.689 282.204 +0.030409 33.467 0 0.000 0 0.000000
922 813.661 31.689 282.204 +0.030409 33.467 0 0.000 0 0.000000
923 813.647 31.698 282.181 +0.027004 33.480 0 0.000 0 0.000000
924 813.634 31.706 282.159 +0.023609 33.493 0 0.000 0 0.000000
925 813.620 31.715 282.136 +0.020199 33.506 0 0.000 0 0.000000
926 813.606 31.723 282.114 +0.017477 33.519 0 0.000 0 0.000000
927 813.591 31.730 282.091 +0.015339 33.532 0 0.000 0 0.000000
928 813.591 31.730 282.091 +0.015339 33.532 0 0.000 0 0.000000
929 813.575 31.738 282.070 +0.013788 33.544 0 0.000 0 0.000000
930 813.556 31.744 282.049 +0.013113 33.555 0 0.000 0 0.000000
931 813.537 31.751 282.030 +0.012459 33.566 0 0.000 0 0.000000
932 813.516 31.758 282.011 +0.011673 33.575 0 0.000 0 0.000000
933 813.495 31.765 281.994 +0.010956 33.584 0 0.000 0 0.000000
934 813.495 31.765 281.994 +0.010956 33.584 0 0.000 0 0.000000
935 813.472 31.771 281.978 +0.010281 33.592 0 0.000 0 0.000000
936 813.449 31.778 281.964 +0.009666 33.599 0 0.000 0 0.000000
937 813.425 31.785 281.949 +0.009045 33.606 0 0.000 0 0.000000
938 813.402 31.792 281.934 +0.008427 33.613 0 0.000 0 0.000000
939 813.378 31.799 281.920 +0.007809 33.620 0 0.000 0 0.000000
940 813.355 31.806 281.905 +0.007193 33.627 0 0.000 0 0.000000
941 813.355 31.806 281.905 +0.007193 33.627 0 0.000 0 0.000000
942 813.308 31.819 281.875 +0.005953 33.641 0 0.000 0 0.000000
943 813.285 31.826 281.861 +0.005333 33.648 0 0.000 0 0.000000
944 813.262 31.833 281.846 +0.004717 33.655 0 0.000 0 0.000000
945 813.238 31.840 281.831 +0.004097 33.662 0 0.000 0 0.000000
946 813.238 31.840 281.831 +0.004097 33.662 0 0.000 0 0.000000
947 813.191 31.854 281.802 +0.002861 33.676 0 0.000 0 0.000000
948 813.168 31.861 281.787 +0.002243 33.683 0 0.000 0 0.000000
949 813.145 31.867 281.772 +0.001625 33.690 0 0.000 0 0.000000
950 813.121 31.874 281.758 +0.001003 33.697 0 0.000 0 0.000000
951 813.121 31.874 281.758 +0.001003 33.697 0 0.000 0 0.000000
952 813.075 31.888 281.728 -0.000233 33.711 0 36.012 1 1.000000
953 813.051 31.895 281.714 -0.000851 33.718 0 35.984 1 1.000000
954 813.028 31.902 281.699 -0.001469 33.726 0 35.955 1 1.000000
955 813.004 31.909 281.684 -0.002090 33.733 0 35.927 1 1.000000
956 812.981 31.916 281.670 -0.003166 33.740 0 35.899 1 1.000000
957 812.981 31.916 281.670 -0.003166 33.740 0 35.899 1 1.000000
958 812.937 31.931 281.639 -0.006491 33.755 0 35.843 1 1.000000
959 812.937 31.931 281.639 -0.006491 33.755 0 35.843 1 1.000000
960 812.915 31.941 281.624 -0.010290 33.762 0 35.816 1 1.000000
961 812.896 31.952 281.609 -0.015003 33.769 0 35.790 1 1.000000
962 812.875 31.960 281.594 -0.017748 33.777 0 35.763 1 1.000000
963 812.853 31.967 281.578 -0.018267 33.785 0 35.735 1 1.000000
964 812.830 31.971 281.562 -0.016642 33.793 0 35.707 1 1.000000
965 812.806 31.975 281.546 -0.013430 33.801 0 35.678 1 1.000000
966 812.806 31.975 281.546 -0.013430 33.801 0 35.678 1 1.000000
967 812.758 31.983 281.513 -0.009033 33.817 0 35.620 1 1.000000
968 812.758 31.983 281.513 -0.009033 33.817 0 35.620 1 1.000000
969 812.734 31.990 281.498 -0.009356 33.824 0 35.591 1 1.000000
970 812.711 31.996 281.483 -0.009653 33.832 0 35.563 1 1.000000
971 812.688 32.003 281.467 -0.009947 33.839 0 35.534 1 1.000000
972 812.641 32.016 281.437 -0.010540 33.853 0 35.477 1 1.000000
973 812.641 32.016 281.437 -0.010540 33.853 0 35.477 1 1.000000
974 812.618 32.022 281.422 -0.010834 33.861 0 35.449 1 1.000000
975 812.594 32.029 281.407 -0.011131 33.868 0 35.420 1 1.000000
976 812.571 32.035 281.392 -0.011425 33.875 0 35.392 1 1.000000
977 812.571 32.035 281.392 -0.011425 33.875 0 35.392 1 1.000000
978 812.547 32.042 281.377 -0.011723 33.882 0 35.363 1 1.000000
979 812.524 32.048 281.362 -0.011303 33.890 0 35.335 1 1.000000
980 812.500 32.054 281.347 -0.011189 33.897 0 35.306 1 1.000000
981 812.500 32.054 281.347 -0.011189 33.897 0 35.306 1 1.000000
982 812.453 32.066 281.316 -0.010960 33.912 0 35.249 1 1.000000
983 812.430 32.073 281.301 -0.011219 33.919 0 35.220 1 1.000000
984 812.430 32.073 281.301 -0.011219 33.919 0 35.220 1 1.000000
985 812.406 32.079 281.286 -0.010864 33.926 0 35.192 1 1.000000
986 812.359 32.091 281.256 -0.010784 33.941 0 35.135 1 1.000000
987 812.359 32.091 281.256 -0.010784 33.941 0 35.135 1 1.000000
988 812.335 32.098 281.241 -0.010746 33.948 0 35.106 1 1.000000
989 812.312 32.104 281.225 -0.010708 33.955 0 35.077 1 1.000000
990 812.288 32.110 281.210 -0.010670 33.963 0 35.049 1 1.000000
991 812.288 32.110 281.210 -0.010670 33.963 0 35.049 1 1.000000
992 812.241 32.123 281.180 -0.010590 33.977 0 34.991 1 1.000000
993 812.241 32.123 281.180 -0.010590 33.977 0 34.991 1 1.000000
994 812.218 32.129 281.165 -0.010555 33.985 0 34.963 1 1.000000
995 812.194 32.135 281.150 -0.010513 33.992 0 34.934 1 1.000000
996 812.170 32.141 281.134 -0.010475 33.999 0 34.906 1 1.000000
997 812.147 32.148 281.119 -0.010433 34.007 0 34.877 1 1.000000
998 812.123 32.154 281.104 -0.010399 34.014 0 34.848 1 1.000000
999 812.100 32.160 281.089 -0.010361 34.021 0 34.820 1 1.000000
1000 812.100 32.160 281.089 -0.010361 34.021 0 34.820 1 1.000000
1001 812.076 32.166 281.074 -0.010319 34.029 0 34.791 1 1.000000
1002 812.029 32.179 281.043 -0.010242 34.043 0 34.734 1 1.000000
1003 812.029 32.179 281.043 -0.010242 34.043 0 34.734 1 1.000000
1004 812.005 32.185 281.028 -0.010204 34.050 0 34.705 1 1.000000
1005 811.982 32.191 281.013 -0.010166 34.058 0 34.677 1 1.000000
1006 811.982 32.191 281.013 -0.010166 34.058 0 34.677 1 1.000000
1007 811.936 32.205 280.982 -0.011517 34.073 0 34.620 1 1.000000
1008 811.913 32.212 280.967 -0.012192 34.081 0 34.592 1 1.000000
1009 811.891 32.219 280.951 -0.012878 34.088 0 34.563 1 1.000000
1010 811.891 32.219 280.951 -0.012878 34.088 0 34.563 1 1.000000
1011 811.845 32.233 280.919 -0.014252 34.104 0 34.507 1 1.000000
1012 811.845 32.233 280.919 -0.014252 34.104 0 34.507 1 1.000000
1013 811.822 32.240 280.904 -0.014946 34.111 0 34.479 1 1.000000
1014 811.800 32.246 280.888 -0.015633 34.119 0 34.450 1 1.000000
1015 811.777 32.253 280.873 -0.016323 34.127 0 34.422 1 1.000000
1016 811.777 32.253 280.873 -0.016323 34.127 0 34.422 1 1.000000
1017 811.732 32.267 280.841 -0.017704 34.142 0 34.366 1 1.000000
1018 811.709 32.274 280.826 -0.018394 34.150 0 34.337 1 1.000000
1019 811.709 32.274 280.826 -0.018394 34.150 0 34.337 1 1.000000
1020 811.686 32.281 280.810 -0.019085 34.158 0 34.309 1 1.000000
1021 811.641 32.295 280.779 -0.020470 34.173 0 34.253 1 1.000000
1022 811.641 32.295 280.779 -0.020470 34.173 0 34.253 1 1.000000
1023 811.618 32.302 280.763 -0.021160 34.181 0 34.224 1 1.000000
1024 811.595 32.308 280.747 -0.021851 34.189 0 34.196 1 1.000000
1025 811.595 32.308 280.747 -0.021851 34.189 0 34.196 1 1.000000
1026 811.573 32.315 280.732 -0.022373 34.196 0 34.168 1 1.000000
1027 811.549 32.320 280.716 -0.020702 34.204 0 34.139 1 1.000000
1028 811.525 32.325 280.700 -0.019707 34.212 0 34.110 1 1.000000
1029 811.525 32.325 280.700 -0.019707 34.212 0 34.110 1 1.000000
1030 811.477 32.336 280.669 -0.017780 34.227 0 34.053 1 1.000000
1031 811.477 32.336 280.669 -0.017780 34.227 0 34.053 1 1.000000
1032 811.453 32.341 280.654 -0.016819 34.234 0 34.024 1 1.000000
1033 811.430 32.347 280.638 -0.015858 34.242 0 33.995 1 1.000000
1034 811.430 32.347 280.638 -0.015858 34.242 0 33.995 1 1.000000
1035 811.406 32.352 280.622 -0.014893 34.250 0 33.966 1 1.000000
1036 811.382 32.357 280.607 -0.013931 34.257 0 33.937 1 1.000000
1037 811.334 32.368 280.575 -0.012009 34.272 0 33.879 1 1.000000
1038 811.311 32.374 280.560 -0.011051 34.280 0 33.851 1 1.000000
1039 811.311 32.374 280.560 -0.011051 34.280 0 33.851 1 1.000000
1040 811.287 32.379 280.544 -0.010090 34.288 0 33.822 1 1.000000
1041 811.263 32.384 280.528 -0.009129 34.295 0 33.793 1 1.000000
1042 811.216 32.397 280.498 -0.009041 34.310 0 33.735 1 1.000000
1043 811.216 32.397 280.498 -0.009041 34.310 0 33.735 1 1.000000
1044 811.192 32.403 280.483 -0.009041 34.317 0 33.707 1 1.000000
1045 811.169 32.409 280.468 -0.009045 34.324 0 33.678 1 1.000000
1046 811.169 32.409 280.468 -0.009045 34.324 0 33.678 1 1.000000
1047 811.145 32.416 280.453 -0.009048 34.332 0 33.650 1 1.000000
1048 811.121 32.422 280.438 -0.009048 34.339 0 33.621 1 1.000000
1049 811.098 32.428 280.423 -0.009052 34.346 0 33.592 1 1.000000
1050 811.074 32.435 280.408 -0.009056 34.353 0 33.564 1 1.000000
1051 811.074 32.435 280.408 -0.009056 34.353 0 33.564 1 1.000000
1052 811.050 32.441 280.393 -0.009056 34.360 0 33.535 1 1.000000
1053 811.003 32.453 280.363 -0.009064 34.375 0 33.478 1 1.000000
1054 810.980 32.460 280.348 -0.009064 34.382 0 33.449 1 1.000000
1055 810.956 32.466 280.333 -0.009068 34.389 0 33.421 1 1.000000
1056 810.956 32.466 280.333 -0.009068 34.389 0 33.421 1 1.000000
1057 810.932 32.472 280.318 -0.009071 34.396 0 33.392 1 1.000000
1058 810.909 32.479 280.303 -0.009071 34.404 0 33.364 1 1.000000
1059 810.885 32.485 280.288 -0.009075 34.411 0 33.335 1 1.000000
1060 810.861 32.491 280.273 -0.009071 34.418 0 33.306 1 1.000000
1061 810.861 32.491 280.273 -0.009071 34.418 0 33.306 1 1.000000
1062 810.838 32.497 280.258 -0.009075 34.425 0 33.278 1 1.000000
1063 810.814 32.504 280.243 -0.009079 34.432 0 33.249 1 1.000000
1064 810.767 32.516 280.213 -0.009083 34.447 0 33.192 1 1.000000
1065 810.767 32.516 280.213 -0.009083 34.447 0 33.192 1 1.000000
1066 810.743 32.523 280.198 -0.009087 34.454 0 33.164 1 1.000000
1067 810.720 32.529 280.183 -0.009087 34.461 0 33.135 1 1.000000
1068 810.720 32.529 280.183 -0.009087 34.461 0 33.135 1 1.000000
1069 810.696 32.535 280.168 -0.009090 34.468 0 33.106 1 1.000000
1070 810.696 32.535 280.168 -0.009090 34.468 0 33.106 1 1.000000
1071 810.672 32.541 280.153 -0.009090 34.476 0 33.078 1 1.000000
1072 810.672 32.541 280.153 -0.009090 34.476 0 33.078 1 1.000000
1073 810.649 32.548 280.138 -0.009094 34.483 0 33.049 1 1.000000
1074 810.649 32.548 280.138 -0.009094 34.483 0 33.049 1 1.000000
1075 810.625 32.554 280.123 -0.009098 34.490 0 33.021 1 1.000000
1076 810.625 32.554 280.123 -0.009098 34.490 0 33.021 1 1.000000
1077 810.602 32.560 280.108 -0.009094 34.497 0 32.992 1 1.000000
1078 810.602 32.560 280.108 -0.009094 34.497 0 32.992 1 1.000000
1079 810.578 32.567 280.093 -0.009098 34.504 0 32.963 1 1.000000
1080 810.578 32.567 280.093 -0.009098 34.504 0 32.963 1 1.000000
1081 810.554 32.573 280.078 -0.009102 34.512 0 32.935 1 1.000000
1082 810.554 32.573 280.078 -0.009102 34.512 0 32.935 1 1.000000
1083 810.531 32.579 280.063 -0.009102 34.519 0 32.906 1 1.000000
1084 810.531 32.579 280.063 -0.009102 34.519 0 32.906 1 1.000000
1085 810.507 32.585 280.048 -0.009106 34.526 0 32.878 1 1.000000
1086 810.507 32.585 280.048 -0.009106 34.526 0 32.878 1 1.000000
1087 810.484 32.592 280.033 -0.009106 34.533 0 32.849 1 1.000000
1088 810.484 32.592 280.033 -0.009106 34.533 0 32.849 1 1.000000
1089 810.460 32.598 280.018 -0.009109 34.540 0 32.820 1 1.000000
1090 810.460 32.598 280.018 -0.009109 34.540 0 32.820 1 1.000000
1091 810.436 32.604 280.003 -0.009113 34.548 0 32.792 1 1.000000
1092 810.436 32.604 280.003 -0.009113 34.548 0 32.792 1 1.000000
1093 810.413 32.610 279.988 -0.009113 34.555 0 32.763 1 1.000000
1094 810.413 32.610 279.988 -0.009113 34.555 0 32.763 1 1.000000
1095 810.389 32.617 279.973 -0.009117 34.562 0 32.735 1 1.000000
1096 810.389 32.617 279.973 -0.009117 34.562 0 32.735 1 1.000000
1097 810.365 32.623 279.958 -0.009121 34.569 0 32.706 1 1.000000
1098 810.365 32.623 279.958 -0.009121 34.569 0 32.706 1 1.000000
1099 810.342 32.629 279.943 -0.009117 34.577 0 32.677 1 1.000000
1100 810.342 32.629 279.943 -0.009117 34.577 0 32.677 1 1.000000
1101 810.318 32.636 279.928 -0.009121 34.584 0 32.649 1 1.000000
1102 810.318 32.636 279.928 -0.009121 34.584 0 32.649 1 1.000000
1103 810.295 32.642 279.913 -0.009125 34.591 0 32.620 1 1.000000
1104 810.295 32.642 279.913 -0.009125 34.591 0 32.620 1 1.000000
1105 810.271 32.648 279.898 -0.009129 34.598 0 32.592 1 1.000000
1106 810.271 32.648 279.898 -0.009129 34.598 0 32.592 1 1.000000
1107 810.247 32.654 279.883 -0.009129 34.605 0 32.563 1 1.000000
1108 810.247 32.654 279.883 -0.009129 34.605 0 32.563 1 1.000000
1109 810.224 32.661 279.868 -0.009136 34.613 0 32.535 1 1.000000
1110 810.224 32.661 279.868 -0.009136 34.613 0 32.535 1 1.000000
1111 810.200 32.667 279.854 -0.009136 34.620 0 32.506 1 1.000000
1112 810.200 32.667 279.854 -0.009136 34.620 0 32.506 1 1.000000
1113 810.176 32.673 279.839 -0.009140 34.627 0 32.477 1 1.000000
1114 810.176 32.673 279.839 -0.009140 34.627 0 32.477 1 1.000000
1115 810.153 32.680 279.824 -0.009140 34.634 0 32.449 1 1.000000
1116 810.153 32.680 279.824 -0.009140 34.634 0 32.449 1 1.000000
1117 810.129 32.686 279.809 -0.009144 34.641 0 32.420 1 1.000000
1118 810.129 32.686 279.809 -0.009144 34.641 0 32.420 1 1.000000
1119 810.106 32.692 279.794 -0.009144 34.649 0 32.392 1 1.000000
1120 810.106 32.692 279.794 -0.009144 34.649 0 32.392 1 1.000000
1121 810.082 32.698 279.779 -0.009148 34.656 0 32.363 1 1.000000
1122 810.082 32.698 279.779 -0.009148 34.656 0 32.363 1 1.000000
1123 810.058 32.705 279.764 -0.009148 34.663 0 32.335 1 1.000000
1124 810.058 32.705 279.764 -0.009148 34.663 0 32.335 1 1.000000
1125 810.035 32.711 279.749 -0.009151 34.670 0 32.306 1 1.000000
1126 810.035 32.711 279.749 -0.009151 34.670 0 32.306 1 1.000000
1127 810.011 32.717 279.734 -0.009151 34.677 0 32.277 1 1.000000
1128 810.011 32.717 279.734 -0.009151 34.677 0 32.277 1 1.000000
1129 809.987 32.724 279.719 -0.009151 34.685 0 32.249 1 1.000000
1130 809.987 32.724 279.719 -0.009151 34.685 0 32.249 1 1.000000
1131 809.964 32.730 279.704 -0.009155 34.692 0 32.220 1 1.000000
1132 809.964 32.730 279.704 -0.009155 34.692 0 32.220 1 1.000000
1133 809.940 32.736 279.689 -0.009155 34.699 0 32.192 1 1.000000
1134 809.940 32.736 279.689 -0.009155 34.699 0 32.192 1 1.000000
1135 809.917 32.742 279.674 -0.009159 34.706 0 32.163 1 1.000000
1136 809.917 32.742 279.674 -0.009159 34.706 0 32.163 1 1.000000
1137 809.893 32.749 279.659 -0.009159 34.713 0 32.134 1 1.000000
1138 809.893 32.749 279.659 -0.009159 34.713 0 32.134 1 1.000000
1139 809.869 32.755 279.644 -0.009163 34.721 0 32.106 1 1.000000
1140 809.869 32.755 279.644 -0.009163 34.721 0 32.106 1 1.000000
1141 809.846 32.761 279.629 -0.009163 34.728 0 32.077 1 1.000000
1142 809.846 32.761 279.629 -0.009163 34.728 0 32.077 1 1.000000
1143 809.822 32.767 279.614 -0.009171 34.735 0 32.049 1 1.000000
1144 809.822 32.767 279.614 -0.009171 34.735 0 32.049 1 1.000000
1145 809.798 32.774 279.599 -0.009159 34.742 0 32.020 1 1.000000
1146 809.798 32.774 279.599 -0.009159 34.742 0 32.020 1 1.000000
1147 809.775 32.780 279.584 -0.009174 34.749 0 31.992 1 1.000000
1148 809.775 32.780 279.584 -0.009174 34.749 0 31.992 1 1.000000
1149 809.751 32.786 279.569 -0.009163 34.757 0 31.963 1 1.000000
1150 809.751 32.786 279.569 -0.009163 34.757 0 31.963 1 1.000000
1151 809.727 32.793 279.554 -0.009163 34.764 0 31.934 1 1.000000
1152 809.727 32.793 279.554 -0.009163 34.764 0 31.934 1 1.000000
1153 809.704 32.799 279.540 -0.009167 34.771 0 31.906 1 1.000000
1154 809.704 32.799 279.540 -0.009167 34.771 0 31.906 1 1.000000
1155 809.680 32.805 279.525 -0.009178 34.778 0 31.877 1 1.000000
1156 809.680 32.805 279.525 -0.009178 34.778 0 31.877 1 1.000000
1157 809.656 32.812 279.510 -0.009209 34.785 0 31.848 1 1.000000
1158 809.656 32.812 279.510 -0.009209 34.785 0 31.848 1 1.000000
1159 809.633 32.818 279.495 -0.009216 34.793 0 31.820 1 1.000000
1160 809.633 32.818 279.495 -0.009216 34.793 0 31.820 1 1.000000
1161 809.609 32.824 279.480 -0.009224 34.800 0 31.791 1 1.000000
1162 809.609 32.824 279.480 -0.009224 34.800 0 31.791 1 1.000000
1163 809.585 32.830 279.465 -0.009239 34.807 0 31.763 1 1.000000
1164 809.585 32.830 279.465 -0.009239 34.807 0 31.763 1 1.000000
1165 809.562 32.837 279.450 -0.009254 34.814 0 31.734 1 1.000000
1166 809.562 32.837 279.450 -0.009254 34.814 0 31.734 1 1.000000
1167 809.538 32.843 279.435 -0.009083 34.821 0 31.705 1 1.000000
1168 809.538 32.843 279.435 -0.009083 34.821 0 31.705 1 1.000000
1169 809.514 32.849 279.420 -0.008957 34.828 0 31.677 1 1.000000
1170 809.514 32.849 279.420 -0.008957 34.828 0 31.677 1 1.000000
1171 809.491 32.855 279.405 -0.008827 34.836 0 31.648 1 1.000000
1172 809.467 32.861 279.390 -0.008701 34.843 0 31.619 1 1.000000
1173 809.467 32.861 279.390 -0.008701 34.843 0 31.619 1 1.000000
1174 809.443 32.867 279.375 -0.008575 34.850 0 31.591 1 1.000000
1175 809.443 32.867 279.375 -0.008575 34.850 0 31.591 1 1.000000
1176 809.419 32.874 279.360 -0.008442 34.857 0 31.562 1 1.000000
1177 809.419 32.874 279.360 -0.008442 34.857 0 31.562 1 1.000000
1178 809.396 32.880 279.346 -0.008316 34.864 0 31.534 1 1.000000
1179 809.396 32.880 279.346 -0.008316 34.864 0 31.534 1 1.000000
1180 809.372 32.886 279.331 -0.008190 34.872 0 31.505 1 1.000000
1181 809.372 32.886 279.331 -0.008190 34.872 0 31.505 1 1.000000
1182 809.348 32.892 279.316 -0.008060 34.879 0 31.476 1 1.000000
1183 809.348 32.892 279.316 -0.008060 34.879 0 31.476 1 1.000000
1184 809.324 32.898 279.301 -0.008041 34.886 0 31.448 1 1.000000
1185 809.277 32.911 279.271 -0.007904 34.901 0 31.390 1 1.000000
1186 809.253 32.917 279.256 -0.007835 34.908 0 31.362 1 1.000000
1187 809.253 32.917 279.256 -0.007835 34.908 0 31.362 1 1.000000
1188 809.230 32.923 279.241 -0.007767 34.915 0 31.333 1 1.000000
1189 809.230 32.923 279.241 -0.007767 34.915 0 31.333 1 1.000000
1190 809.206 32.930 279.226 -0.007702 34.922 0 31.304 1 1.000000
1191 809.206 32.930 279.226 -0.007702 34.922 0 31.304 1 1.000000
1192 809.182 32.936 279.211 -0.007633 34.929 0 31.276 1 1.000000
1193 809.182 32.936 279.211 -0.007633 34.929 0 31.276 1 1.000000
1194 809.159 32.942 279.196 -0.007561 34.937 0 31.247 1 1.000000
1195 809.135 32.948 279.181 -0.007496 34.944 0 31.219 1 1.000000
1196 809.135 32.948 279.181 -0.007496 34.944 0 31.219 1 1.000000
1197 809.111 32.954 279.166 -0.007427 34.951 0 31.190 1 1.000000
1198 809.088 32.961 279.151 -0.007359 34.958 0 31.161 1 1.000000
1199 809.064 32.967 279.136 -0.007286 34.966 0 31.133 1 1.000000
1200 809.064 32.967 279.136 -0.007286 34.966 0 31.133 1 1.000000
1201 809.040 32.973 279.121 -0.007221 34.973 0 31.104 1 1.000000
1202 809.040 32.973 279.121 -0.007221 34.973 0 31.104 1 1.000000
1203 809.017 32.979 279.106 -0.007153 34.980 0 31.076 1 1.000000
1204 808.993 32.986 279.091 -0.007641 34.987 0 31.047 1 1.000000
1205 808.899 33.012 279.032 -0.008923 35.016 0 30.933 1 1.000000
1206 808.899 33.012 279.032 -0.008923 35.016 0 30.933 1 1.000000
1207 808.876 33.019 279.017 -0.009159 35.023 0 30.905 1 1.000000
1208 808.876 33.019 279.017 -0.009159 35.023 0 30.905 1 1.000000
1209 808.852 33.025 279.002 -0.009392 35.031 0 30.876 1 1.000000
1210 808.852 33.025 279.002 -0.009392 35.031 0 30.876 1 1.000000
1211 808.829 33.032 278.987 -0.009624 35.038 0 30.848 1 1.000000
1212 808.829 33.032 278.987 -0.009624 35.038 0 30.848 1 1.000000
1213 808.805 33.038 278.972 -0.009865 35.045 0 30.819 1 1.000000
1214 808.805 33.038 278.972 -0.009865 35.045 0 30.819 1 1.000000
1215 808.782 33.045 278.957 -0.010098 35.052 0 30.791 1 1.000000
1216 808.782 33.045 278.957 -0.010098 35.052 0 30.791 1 1.000000
1217 808.758 33.051 278.942 -0.010338 35.060 0 30.762 1 1.000000
1218 808.758 33.051 278.942 -0.010338 35.060 0 30.762 1 1.000000
1219 808.735 33.058 278.927 -0.010559 35.067 0 30.734 1 1.000000
1220 808.735 33.058 278.927 -0.010559 35.067 0 30.734 1 1.000000
1221 808.711 33.064 278.913 -0.010792 35.074 0 30.705 1 1.000000
1222 808.711 33.064 278.913 -0.010792 35.074 0 30.705 1 1.000000
1223 808.688 33.071 278.898 -0.011024 35.081 0 30.677 1 1.000000
1224 808.688 33.071 278.898 -0.011024 35.081 0 30.677 1 1.000000
1225 808.664 33.077 278.883 -0.011265 35.089 0 30.648 1 1.000000
1226 808.664 33.077 278.883 -0.011265 35.089 0 30.648 1 1.000000
1227 808.640 33.084 278.869 -0.011524 35.095 0 30.619 1 1.000000
1228 808.640 33.084 278.869 -0.011524 35.095 0 30.619 1 1.000000
1229 808.615 33.090 278.856 -0.011776 35.101 0 30.591 1 1.000000
1230 808.615 33.090 278.856 -0.011776 35.101 0 30.591 1 1.000000
1231 808.591 33.097 278.842 -0.012032 35.107 0 30.562 1 1.000000
1232 808.591 33.097 278.842 -0.012032 35.107 0 30.562 1 1.000000
1233 808.567 33.103 278.828 -0.011879 35.114 0 30.534 1 1.000000
1234 808.567 33.103 278.828 -0.011879 35.114 0 30.534 1 1.000000
1235 808.542 33.109 278.815 -0.011768 35.120 0 30.505 1 1.000000
1236 808.542 33.109 278.815 -0.011768 35.120 0 30.505 1 1.000000
1237 808.518 33.115 278.801 -0.011658 35.126 0 30.476 1 1.000000
1238 808.518 33.115 278.801 -0.011658 35.126 0 30.476 1 1.000000
1239 808.493 33.122 278.787 -0.011547 35.132 0 30.447 1 1.000000
1240 808.493 33.122 278.787 -0.011547 35.132 0 30.447 1 1.000000
1241 808.469 33.128 278.774 -0.011433 35.139 0 30.419 1 1.000000
1242 808.469 33.128 278.774 -0.011433 35.139 0 30.419 1 1.000000
1243 808.444 33.134 278.760 -0.011322 35.145 0 30.390 1 1.000000
1244 808.395 33.146 278.733 -0.011101 35.157 0 30.333 1 1.000000
1245 808.371 33.153 278.719 -0.010990 35.164 0 30.304 1 1.000000
1246 808.371 33.153 278.719 -0.010990 35.164 0 30.304 1 1.000000
1247 808.371 33.153 278.719 -0.010990 35.164 0 30.304 1 1.000000
1248 808.346 33.159 278.706 -0.010876 35.170 0 30.275 1 1.000000
1249 808.346 33.159 278.706 -0.010876 35.170 0 30.275 1 1.000000
1250 808.322 33.165 278.692 -0.010765 35.176 0 30.247 1 1.000000
1251 808.322 33.165 278.692 -0.010765 35.176 0 30.247 1 1.000000
1252 808.297 33.171 278.678 -0.010651 35.182 0 30.218 1 1.000000
1253 808.297 33.171 278.678 -0.010651 35.182 0 30.218 1 1.000000
1254 808.273 33.177 278.665 -0.010540 35.189 0 30.189 1 1.000000
1255 808.273 33.177 278.665 -0.010540 35.189 0 30.189 1 1.000000
1256 808.249 33.184 278.651 -0.010429 35.195 0 30.161 1 1.000000
1257 808.249 33.184 278.651 -0.010429 35.195 0 30.161 1 1.000000
1258 808.224 33.190 278.637 -0.010319 35.201 0 30.132 1 1.000000
1259 808.224 33.190 278.637 -0.010319 35.201 0 30.132 1 1.000000
1260 808.200 33.196 278.624 -0.010208 35.208 0 30.103 1 1.000000
1261 808.200 33.196 278.624 -0.010208 35.208 0 30.103 1 1.000000
1262 808.175 33.202 278.610 -0.010098 35.214 0 30.075 1 1.000000
1263 808.175 33.202 278.610 -0.010098 35.214 0 30.075 1 1.000000
1264 808.151 33.208 278.596 -0.009987 35.220 0 30.046 1 1.000000
1265 808.151 33.208 278.596 -0.009987 35.220 0 30.046 1 1.000000
1266 808.126 33.214 278.583 -0.009872 35.226 0 30.017 1 1.000000
1267 808.126 33.214 278.583 -0.009872 35.226 0 30.017 1 1.000000
1268 808.102 33.221 278.569 -0.009762 35.233 0 29.988 1 1.000000
1269 808.102 33.221 278.569 -0.009762 35.233 0 29.988 1 1.000000
1270 808.077 33.227 278.556 -0.009819 35.239 0 29.960 1 1.000000
1271 808.077 33.227 278.556 -0.009819 35.239 0 29.960 1 1.000000
1272 808.053 33.233 278.542 -0.009853 35.245 0 29.931 1 1.000000
1273 808.053 33.233 278.542 -0.009853 35.245 0 29.931 1 1.000000
1274 808.028 33.240 278.529 -0.009888 35.251 0 29.902 1 1.000000
1275 808.028 33.240 278.529 -0.009888 35.251 0 29.902 1 1.000000
1276 808.004 33.246 278.515 -0.009918 35.257 0 29.874 1 1.000000
1277 808.004 33.246 278.515 -0.009918 35.257 0 29.874 1 1.000000
1278 807.979 33.252 278.502 -0.009949 35.264 0 29.845 1 1.000000
1279 807.979 33.252 278.502 -0.009949 35.264 0 29.845 1 1.000000
1280 807.955 33.259 278.488 -0.009983 35.270 0 29.816 1 1.000000
1281 807.955 33.259 278.488 -0.009983 35.270 0 29.816 1 1.000000
1282 807.930 33.265 278.475 -0.010014 35.276 0 29.788 1 1.000000
1283 807.930 33.265 278.475 -0.010014 35.276 0 29.788 1 1.000000
1284 807.906 33.271 278.461 -0.010048 35.282 0 29.759 1 1.000000
1285 807.906 33.271 278.461 -0.010048 35.282 0 29.759 1 1.000000
1286 807.881 33.278 278.447 -0.010078 35.288 0 29.730 1 1.000000
1287 807.881 33.278 278.447 -0.010078 35.288 0 29.730 1 1.000000
1288 807.857 33.284 278.434 -0.010113 35.295 0 29.702 1 1.000000
1289 807.857 33.284 278.434 -0.010113 35.295 0 29.702 1 1.000000
1290 807.832 33.290 278.420 -0.010139 35.301 0 29.673 1 1.000000
1291 807.832 33.290 278.420 -0.010139 35.301 0 29.673 1 1.000000
1292 807.808 33.297 278.407 -0.010170 35.307 0 29.644 1 1.000000
1293 807.808 33.297 278.407 -0.010170 35.307 0 29.644 1 1.000000
1294 807.784 33.303 278.393 -0.010204 35.313 0 29.616 1 1.000000
1295 807.784 33.303 278.393 -0.010204 35.313 0 29.616 1 1.000000
1296 807.759 33.309 278.380 -0.010235 35.319 0 29.587 1 1.000000
1297 807.759 33.309 278.380 -0.010235 35.319 0 29.587 1 1.000000
1298 807.735 33.316 278.366 -0.010269 35.326 0 29.558 1 1.000000
1299 807.710 33.322 278.353 -0.010300 35.332 0 29.530 1 1.000000
1300 807.710 33.322 278.353 -0.010300 35.332 0 29.530 1 1.000000
1301 807.686 33.328 278.339 -0.010334 35.338 0 29.501 1 1.000000
1302 807.686 33.328 278.339 -0.010334 35.338 0 29.501 1 1.000000
1303 807.686 33.328 278.339 -0.010334 35.338 0 29.501 1 1.000000
1304 807.661 33.335 278.326 -0.010365 35.344 0 29.472 1 1.000000
1305 807.661 33.335 278.326 -0.010365 35.344 0 29.472 1 1.000000
1306 807.637 33.341 278.312 -0.010395 35.350 0 29.444 1 1.000000
1307 807.637 33.341 278.312 -0.010395 35.350 0 29.444 1 1.000000
1308 807.612 33.347 278.299 -0.010429 35.357 0 29.415 1 1.000000
1309 807.612 33.347 278.299 -0.010429 35.357 0 29.415 1 1.000000
1310 807.588 33.354 278.285 -0.010460 35.363 0 29.386 1 1.000000
1311 807.588 33.354 278.285 -0.010460 35.363 0 29.386 1 1.000000
1312 807.563 33.360 278.272 -0.010494 35.369 0 29.358 1 1.000000
1313 807.563 33.360 278.272 -0.010494 35.369 0 29.358 1 1.000000
1314 807.539 33.366 278.258 -0.010513 35.375 0 29.329 1 1.000000
1315 807.539 33.366 278.258 -0.010513 35.375 0 29.329 1 1.000000
1316 807.514 33.373 278.245 -0.010540 35.381 0 29.300 1 1.000000
1317 807.514 33.373 278.245 -0.010540 35.381 0 29.300 1 1.000000
1318 807.490 33.379 278.231 -0.010559 35.388 0 29.272 1 1.000000
1319 807.490 33.379 278.231 -0.010559 35.388 0 29.272 1 1.000000
1320 807.465 33.385 278.218 -0.010586 35.394 0 29.243 1 1.000000
1321 807.465 33.385 278.218 -0.010586 35.394 0 29.243 1 1.000000
1322 807.441 33.392 278.204 -0.010605 35.400 0 29.214 1 1.000000
1323 807.441 33.392 278.204 -0.010605 35.400 0 29.214 1 1.000000
1324 807.416 33.398 278.191 -0.010632 35.406 0 29.186 1 1.000000
1325 807.416 33.398 278.191 -0.010632 35.406 0 29.186 1 1.000000
1326 807.392 33.404 278.177 -0.010651 35.413 0 29.157 1 1.000000
1327 807.392 33.404 278.177 -0.010651 35.413 0 29.157 1 1.000000
1328 807.367 33.410 278.164 -0.010677 35.419 0 29.128 1 1.000000
1329 807.367 33.410 278.164 -0.010677 35.419 0 29.128 1 1.000000
1330 807.343 33.417 278.150 -0.010696 35.425 0 29.100 1 1.000000
1331 807.343 33.417 278.150 -0.010696 35.425 0 29.100 1 1.000000
1332 807.318 33.423 278.137 -0.010723 35.431 0 29.071 1 1.000000
1333 807.318 33.423 278.137 -0.010723 35.431 0 29.071 1 1.000000
1334 807.294 33.429 278.123 -0.010746 35.437 0 29.043 1 1.000000
1335 807.294 33.429 278.123 -0.010746 35.437 0 29.043 1 1.000000
1336 807.270 33.436 278.109 -0.010769 35.444 0 29.014 1 1.000000
1337 807.270 33.436 278.109 -0.010769 35.444 0 29.014 1 1.000000
1338 807.245 33.442 278.096 -0.010792 35.450 0 28.985 1 1.000000
1339 807.245 33.442 278.096 -0.010792 35.450 0 28.985 1 1.000000
1340 807.221 33.448 278.082 -0.010815 35.456 0 28.957 1 1.000000
1341 807.221 33.448 278.082 -0.010815 35.456 0 28.957 1 1.000000
1342 807.196 33.455 278.069 -0.010838 35.462 0 28.928 1 1.000000
1343 807.147 33.467 278.042 -0.010887 35.475 0 28.871 1 1.000000
1344 807.123 33.474 278.028 -0.010906 35.481 0 28.842 1 1.000000
1345 807.098 33.480 278.015 -0.010933 35.487 0 28.813 1 1.000000
1346 807.098 33.480 278.015 -0.010933 35.487 0 28.813 1 1.000000
1347 807.074 33.486 278.001 -0.010952 35.494 0 28.785 1 1.000000
1348 807.074 33.486 278.001 -0.010952 35.494 0 28.785 1 1.000000
1349 807.049 33.493 277.988 -0.010979 35.500 0 28.756 1 1.000000
1350 807.049 33.493 277.988 -0.010979 35.500 0 28.756 1 1.000000
1351 807.025 33.499 277.974 -0.010998 35.506 0 28.727 1 1.000000
1352 807.025 33.499 277.974 -0.010998 35.506 0 28.727 1 1.000000
1353 807.000 33.505 277.961 -0.011024 35.512 0 28.699 1 1.000000
1354 807.000 33.505 277.961 -0.011024 35.512 0 28.699 1 1.000000
1355 806.976 33.512 277.947 -0.011044 35.518 0 28.670 1 1.000000
1356 806.976 33.512 277.947 -0.011044 35.518 0 28.670 1 1.000000
1357 806.951 33.518 277.934 -0.011070 35.525 0 28.641 1 1.000000
1358 806.951 33.518 277.934 -0.011070 35.525 0 28.641 1 1.000000
1359 806.927 33.524 277.920 -0.011089 35.531 0 28.613 1 1.000000
1360 806.927 33.524 277.920 -0.011089 35.531 0 28.613 1 1.000000
1361 806.902 33.531 277.907 -0.011116 35.537 0 28.584 1 1.000000
1362 806.902 33.531 277.907 -0.011116 35.537 0 28.584 1 1.000000
1363 806.878 33.537 277.893 -0.011143 35.543 0 28.555 1 1.000000
1364 806.878 33.537 277.893 -0.011143 35.543 0 28.555 1 1.000000
1365 806.853 33.543 277.880 -0.011162 35.550 0 28.527 1 1.000000
1366 806.829 33.549 277.866 -0.011189 35.556 0 28.498 1 1.000000
1367 806.829 33.549 277.866 -0.011189 35.556 0 28.498 1 1.000000
1368 806.805 33.556 277.853 -0.011208 35.562 0 28.469 1 1.000000
1369 806.805 33.556 277.853 -0.011208 35.562 0 28.469 1 1.000000
1370 806.780 33.562 277.839 -0.011234 35.568 0 28.441 1 1.000000
1371 806.780 33.562 277.839 -0.011234 35.568 0 28.441 1 1.000000
1372 806.756 33.568 277.826 -0.011253 35.575 0 28.412 1 1.000000
1373 806.756 33.568 277.826 -0.011253 35.575 0 28.412 1 1.000000
1374 806.731 33.575 277.812 -0.011280 35.581 0 28.383 1 1.000000
1375 806.731 33.575 277.812 -0.011280 35.581 0 28.383 1 1.000000
1376 806.707 33.581 277.799 -0.011303 35.587 0 28.355 1 1.000000
1377 806.707 33.581 277.799 -0.011303 35.587 0 28.355 1 1.000000
1378 806.682 33.587 277.785 -0.011326 35.593 0 28.326 1 1.000000
1379 806.682 33.587 277.785 -0.011326 35.593 0 28.326 1 1.000000
1380 806.658 33.594 277.772 -0.011349 35.600 0 28.297 1 1.000000
1381 806.658 33.594 277.772 -0.011349 35.600 0 28.297 1 1.000000
1382 806.633 33.600 277.758 -0.011372 35.606 0 28.269 1 1.000000
1383 806.633 33.600 277.758 -0.011372 35.606 0 28.269 1 1.000000
1384 806.609 33.606 277.744 -0.011395 35.612 0 28.240 1 1.000000
1385 806.535 33.625 277.704 -0.011467 35.631 0 28.154 1 1.000000
1386 806.511 33.632 277.690 -0.011486 35.637 0 28.125 1 1.000000
1387 806.486 33.638 277.677 -0.011513 35.644 0 28.097 1 1.000000
1388 806.486 33.638 277.677 -0.011513 35.644 0 28.097 1 1.000000
1389 806.462 33.644 277.663 -0.011539 35.650 0 28.068 1 1.000000
1390 806.462 33.644 277.663 -0.011539 35.650 0 28.068 1 1.000000
1391 806.437 33.651 277.650 -0.011559 35.656 0 28.039 1 1.000000
1392 806.437 33.651 277.650 -0.011559 35.656 0 28.039 1 1.000000
1393 806.437 33.651 277.650 -0.011559 35.656 0 28.039 1 1.000000
1394 806.413 33.657 277.636 -0.011585 35.662 0 28.011 1 1.000000
1395 806.413 33.657 277.636 -0.011585 35.662 0 28.011 1 1.000000
1396 806.388 33.663 277.623 -0.011604 35.669 0 27.982 1 1.000000
1397 806.388 33.663 277.623 -0.011604 35.669 0 27.982 1 1.000000
1398 806.364 33.670 277.609 -0.011631 35.675 0 27.953 1 1.000000
1399 806.364 33.670 277.609 -0.011631 35.675 0 27.953 1 1.000000
1400 806.339 33.676 277.596 -0.011650 35.681 0 27.925 1 1.000000
1401 806.291 33.689 277.569 -0.011700 35.694 0 27.867 1 1.000000
1402 806.291 33.689 277.569 -0.011700 35.694 0 27.867 1 1.000000
1403 806.266 33.695 277.555 -0.011723 35.700 0 27.839 1 1.000000
1404 806.266 33.695 277.555 -0.011723 35.700 0 27.839 1 1.000000
1405 806.242 33.701 277.542 -0.011745 35.706 0 27.810 1 1.000000
1406 806.242 33.701 277.542 -0.011745 35.706 0 27.810 1 1.000000
1407 806.217 33.707 277.528 -0.011768 35.713 0 27.781 1 1.000000
1408 806.217 33.707 277.528 -0.011768 35.713 0 27.781 1 1.000000
1409 806.193 33.714 277.515 -0.011772 35.719 0 27.753 1 1.000000
1410 806.193 33.714 277.515 -0.011772 35.719 0 27.753 1 1.000000
1411 806.168 33.720 277.501 -0.011780 35.725 0 27.724 1 1.000000
1412 806.168 33.720 277.501 -0.011780 35.725 0 27.724 1 1.000000
1413 806.144 33.726 277.488 -0.011791 35.731 0 27.695 1 1.000000
1414 806.144 33.726 277.488 -0.011791 35.731 0 27.695 1 1.000000
1415 806.119 33.733 277.474 -0.011803 35.738 0 27.667 1 1.000000
1416 806.119 33.733 277.474 -0.011803 35.738 0 27.667 1 1.000000
1417 806.095 33.739 277.461 -0.011810 35.744 0 27.638 1 1.000000
1418 806.095 33.739 277.461 -0.011810 35.744 0 27.638 1 1.000000
1419 806.070 33.745 277.447 -0.011822 35.750 0 27.609 1 1.000000
1420 806.070 33.745 277.447 -0.011822 35.750 0 27.609 1 1.000000
1421 806.046 33.752 277.434 -0.011833 35.757 0 27.581 1 1.000000
1422 806.046 33.752 277.434 -0.011833 35.757 0 27.581 1 1.000000
1423 806.021 33.758 277.420 -0.011845 35.763 0 27.552 1 1.000000
1424 806.021 33.758 277.420 -0.011845 35.763 0 27.552 1 1.000000
1425 805.997 33.764 277.406 -0.011852 35.769 0 27.523 1 1.000000
1426 805.997 33.764 277.406 -0.011852 35.769 0 27.523 1 1.000000
1427 805.972 33.771 277.393 -0.011864 35.776 0 27.495 1 1.000000
1428 805.972 33.771 277.393 -0.011864 35.776 0 27.495 1 1.000000
1429 805.948 33.777 277.379 -0.011875 35.782 0 27.466 1 1.000000
1430 805.948 33.777 277.379 -0.011875 35.782 0 27.466 1 1.000000
1431 805.923 33.783 277.366 -0.011883 35.788 0 27.437 1 1.000000
1432 805.923 33.783 277.366 -0.011883 35.788 0 27.437 1 1.000000
1433 805.899 33.789 277.352 -0.011894 35.795 0 27.409 1 1.000000
1434 805.899 33.789 277.352 -0.011894 35.795 0 27.409 1 1.000000
1435 805.874 33.796 277.339 -0.011906 35.801 0 27.380 1 1.000000
1436 805.874 33.796 277.339 -0.011906 35.801 0 27.380 1 1.000000
1437 805.850 33.802 277.325 -0.011913 35.807 0 27.351 1 1.000000
1438 805.850 33.802 277.325 -0.011913 35.807 0 27.351 1 1.000000
1439 805.826 33.808 277.312 -0.011925 35.813 0 27.323 1 1.000000
1440 805.826 33.808 277.312 -0.011925 35.813 0 27.323 1 1.000000
1441 805.801 33.815 277.298 -0.011936 35.820 0 27.294 1 1.000000
1442 805.777 33.821 277.285 -0.011948 35.826 0 27.265 1 1.000000
1443 805.777 33.821 277.285 -0.011948 35.826 0 27.265 1 1.000000
1444 805.777 33.821 277.285 -0.011948 35.826 0 27.265 1 1.000000
1445 805.752 33.827 277.271 -0.011955 35.832 0 27.237 1 1.000000
1446 805.728 33.834 277.258 -0.011967 35.839 0 27.208 1 1.000000
1447 805.728 33.834 277.258 -0.011967 35.839 0 27.208 1 1.000000
1448 805.703 33.840 277.244 -0.011978 35.845 0 27.179 1 1.000000
1449 805.703 33.840 277.244 -0.011978 35.845 0 27.179 1 1.000000
1450 805.679 33.846 277.231 -0.011986 35.851 0 27.151 1 1.000000
1451 805.679 33.846 277.231 -0.011986 35.851 0 27.151 1 1.000000
1452 805.654 33.852 277.217 -0.011997 35.858 0 27.122 1 1.000000
1453 805.654 33.852 277.217 -0.011997 35.858 0 27.122 1 1.000000
1454 805.630 33.859 277.204 -0.012009 35.864 0 27.093 1 1.000000
1455 805.630 33.859 277.204 -0.012009 35.864 0 27.093 1 1.000000
1456 805.605 33.865 277.190 -0.012020 35.870 0 27.065 1 1.000000
1457 805.605 33.865 277.190 -0.012020 35.870 0 27.065 1 1.000000
1458 805.581 33.871 277.177 -0.012028 35.877 0 27.036 1 1.000000
1459 805.581 33.871 277.177 -0.012028 35.877 0 27.036 1 1.000000
1460 805.556 33.878 277.163 -0.012039 35.883 0 27.008 1 1.000000
1461 805.556 33.878 277.163 -0.012039 35.883 0 27.008 1 1.000000
1462 805.532 33.884 277.150 -0.012341 35.889 0 26.979 1 1.000000
1463 805.532 33.884 277.150 -0.012341 35.889 0 26.979 1 1.000000
1464 805.508 33.891 277.136 -0.012527 35.896 0 26.950 1 1.000000
1465 805.508 33.891 277.136 -0.012527 35.896 0 26.950 1 1.000000
1466 805.483 33.897 277.123 -0.012711 35.902 0 26.922 1 1.000000
1467 805.483 33.897 277.123 -0.012711 35.902 0 26.922 1 1.000000
1468 805.459 33.904 277.109 -0.012890 35.908 0 26.893 1 1.000000
1469 805.459 33.904 277.109 -0.012890 35.908 0 26.893 1 1.000000
1470 805.435 33.910 277.096 -0.013073 35.915 0 26.865 1 1.000000
1471 805.435 33.910 277.096 -0.013073 35.915 0 26.865 1 1.000000
1472 805.410 33.917 277.082 -0.013260 35.921 0 26.836 1 1.000000
1473 805.410 33.917 277.082 -0.013260 35.921 0 26.836 1 1.000000
1474 805.386 33.923 277.069 -0.013439 35.928 0 26.807 1 1.000000
1475 805.386 33.923 277.069 -0.013439 35.928 0 26.807 1 1.000000
1476 805.361 33.930 277.055 -0.013622 35.934 0 26.779 1 1.000000
1477 805.361 33.930 277.055 -0.013622 35.934 0 26.779 1 1.000000
1478 805.337 33.936 277.042 -0.013805 35.940 0 26.750 1 1.000000
1479 805.337 33.936 277.042 -0.013805 35.940 0 26.750 1 1.000000
1480 805.313 33.942 277.028 -0.013992 35.947 0 26.722 1 1.000000
1481 805.313 33.942 277.028 -0.013992 35.947 0 26.722 1 1.000000
1482 805.288 33.949 277.014 -0.014175 35.953 0 26.693 1 1.000000
1483 805.288 33.949 277.014 -0.014175 35.953 0 26.693 1 1.000000
1484 805.264 33.955 277.001 -0.014355 35.959 0 26.664 1 1.000000
1485 805.264 33.955 277.001 -0.014355 35.959 0 26.664 1 1.000000
1486 805.240 33.962 276.987 -0.014538 35.966 0 26.636 1 1.000000
1487 805.240 33.962 276.987 -0.014538 35.966 0 26.636 1 1.000000
1488 805.215 33.968 276.974 -0.014721 35.972 0 26.607 1 1.000000
1489 805.215 33.968 276.974 -0.014721 35.972 0 26.607 1 1.000000
1490 805.191 33.975 276.961 -0.015614 35.979 0 26.579 1 1.000000
1491 805.167 33.982 276.947 -0.015736 35.985 0 26.550 1 1.000000
1492 805.142 33.987 276.933 -0.014935 35.991 0 26.522 1 1.000000
1493 805.142 33.987 276.933 -0.014935 35.991 0 26.522 1 1.000000
1494 805.118 33.994 276.920 -0.014885 35.998 0 26.493 1 1.000000
1495 805.118 33.994 276.920 -0.014885 35.998 0 26.493 1 1.000000
1496 805.118 33.994 276.920 -0.014885 35.998 0 26.493 1 1.000000
1497 805.093 34.000 276.906 -0.014839 36.004 0 26.464 1 1.000000
1498 805.093 34.000 276.906 -0.014839 36.004 0 26.464 1 1.000000
1499 805.069 34.006 276.893 -0.014744 36.011 0 26.435 1 1.000000
1500 805.069 34.006 276.893 -0.014744 36.011 0 26.435 1 1.000000
1501 805.044 34.012 276.879 -0.014664 36.017 0 26.407 1 1.000000
1502 805.044 34.012 276.879 -0.014664 36.017 0 26.407 1 1.000000
1503 805.020 34.019 276.865 -0.014580 36.024 0 26.378 1 1.000000
1504 804.995 34.025 276.852 -0.014500 36.030 0 26.349 1 1.000000
1505 804.995 34.025 276.852 -0.014500 36.030 0 26.349 1 1.000000
1506 804.995 34.025 276.852 -0.014500 36.030 0 26.349 1 1.000000
1507 804.971 34.031 276.838 -0.014420 36.036 0 26.321 1 1.000000
1508 804.971 34.031 276.838 -0.014420 36.036 0 26.321 1 1.000000
1509 804.946 34.037 276.825 -0.014339 36.043 0 26.292 1 1.000000
1510 804.946 34.037 276.825 -0.014339 36.043 0 26.292 1 1.000000
1511 804.922 34.043 276.811 -0.014256 36.049 0 26.263 1 1.000000
1512 804.922 34.043 276.811 -0.014256 36.049 0 26.263 1 1.000000
1513 804.897 34.050 276.797 -0.014175 36.056 0 26.235 1 1.000000
1514 804.897 34.050 276.797 -0.014175 36.056 0 26.235 1 1.000000
1515 804.873 34.056 276.784 -0.014095 36.062 0 26.206 1 1.000000
1516 804.849 34.062 276.770 -0.014011 36.069 0 26.177 1 1.000000
1517 804.849 34.062 276.770 -0.014011 36.069 0 26.177 1 1.000000
1518 804.824 34.068 276.757 -0.013931 36.075 0 26.149 1 1.000000
1519 804.824 34.068 276.757 -0.013931 36.075 0 26.149 1 1.000000
1520 804.800 34.074 276.743 -0.013847 36.082 0 26.120 1 1.000000
1521 804.800 34.074 276.743 -0.013847 36.082 0 26.120 1 1.000000
1522 804.775 34.081 276.730 -0.013767 36.088 0 26.091 1 1.000000
1523 804.775 34.081 276.730 -0.013767 36.088 0 26.091 1 1.000000
1524 804.775 34.081 276.730 -0.013767 36.088 0 26.091 1 1.000000
1525 804.751 34.087 276.716 -0.013687 36.094 0 26.063 1 1.000000
1526 804.751 34.087 276.716 -0.013687 36.094 0 26.063 1 1.000000
1527 804.726 34.093 276.702 -0.013691 36.101 0 26.034 1 1.000000
1528 804.726 34.093 276.702 -0.013691 36.101 0 26.034 1 1.000000
1529 804.702 34.099 276.689 -0.013672 36.107 0 26.005 1 1.000000
1530 804.677 34.106 276.675 -0.013660 36.114 0 25.977 1 1.000000
1531 804.677 34.106 276.675 -0.013660 36.114 0 25.977 1 1.000000
1532 804.653 34.112 276.661 -0.013645 36.121 0 25.948 1 1.000000
1533 804.653 34.112 276.661 -0.013645 36.121 0 25.948 1 1.000000
1534 804.653 34.112 276.661 -0.013645 36.121 0 25.948 1 1.000000
1535 804.628 34.118 276.648 -0.013393 36.127 0 25.919 1 1.000000
1536 804.506 34.149 276.580 -0.012943 36.159 0 25.776 1 1.000000
1537 804.506 34.149 276.580 -0.012943 36.159 0 25.776 1 1.000000
1538 804.481 34.155 276.566 -0.012882 36.166 0 25.747 1 1.000000
1539 804.481 34.155 276.566 -0.012882 36.166 0 25.747 1 1.000000
1540 804.457 34.162 276.553 -0.012825 36.172 0 25.719 1 1.000000
1541 804.457 34.162 276.553 -0.012825 36.172 0 25.719 1 1.000000
1542 804.432 34.168 276.539 -0.012772 36.179 0 25.690 1 1.000000
1543 804.432 34.168 276.539 -0.012772 36.179 0 25.690 1 1.000000
1544 804.408 34.174 276.526 -0.012714 36.185 0 25.661 1 1.000000
1545 804.408 34.174 276.526 -0.012714 36.185 0 25.661 1 1.000000
1546 804.384 34.180 276.512 -0.012653 36.192 0 25.633 1 1.000000
1547 804.384 34.180 276.512 -0.012653 36.192 0 25.633 1 1.000000
1548 804.359 34.187 276.498 -0.012600 36.198 0 25.604 1 1.000000
1549 804.359 34.187 276.498 -0.012600 36.198 0 25.604 1 1.000000
1550 804.335 34.193 276.485 -0.012531 36.205 0 25.575 1 1.000000
1551 804.335 34.193 276.485 -0.012531 36.205 0 25.575 1 1.000000
1552 804.310 34.199 276.471 -0.012482 36.211 0 25.547 1 1.000000
1553 804.310 34.199 276.471 -0.012482 36.211 0 25.547 1 1.000000
1554 804.286 34.205 276.458 -0.012417 36.218 0 25.518 1 1.000000
1555 804.237 34.218 276.431 -0.012299 36.231 0 25.460 1 1.000000
1556 804.237 34.218 276.431 -0.012299 36.231 0 25.460 1 1.000000
1557 804.212 34.224 276.417 -0.012257 36.237 0 25.432 1 1.000000
1558 804.188 34.230 276.404 -0.012188 36.244 0 25.403 1 1.000000
1559 804.163 34.237 276.390 -0.012142 36.250 0 25.374 1 1.000000
1560 804.114 34.249 276.363 -0.012016 36.263 0 25.317 1 1.000000
1561 804.114 34.249 276.363 -0.012016 36.263 0 25.317 1 1.000000
1562 804.114 34.249 276.363 -0.012016 36.263 0 25.317 1 1.000000
1563 804.089 34.255 276.349 -0.011959 36.270 0 25.288 1 1.000000
1564 804.065 34.262 276.336 -0.011902 36.276 0 25.260 1 1.000000
1565 804.040 34.268 276.322 -0.011845 36.283 0 25.231 1 1.000000
1566 804.016 34.274 276.309 -0.011787 36.289 0 25.202 1 1.000000
1567 804.016 34.274 276.309 -0.011787 36.289 0 25.202 1 1.000000
1568 803.991 34.280 276.295 -0.011730 36.296 0 25.173 1 1.000000
1569 803.967 34.287 276.282 -0.011673 36.302 0 25.145 1 1.000000
1570 803.967 34.287 276.282 -0.011673 36.302 0 25.145 1 1.000000
1571 803.942 34.293 276.268 -0.011620 36.309 0 25.116 1 1.000000
1572 803.942 34.293 276.268 -0.011620 36.309 0 25.116 1 1.000000
1573 803.918 34.299 276.255 -0.011559 36.315 0 25.087 1 1.000000
1574 803.918 34.299 276.255 -0.011559 36.315 0 25.087 1 1.000000
1575 803.893 34.305 276.241 -0.011505 36.322 0 25.059 1 1.000000
1576 803.893 34.305 276.241 -0.011505 36.322 0 25.059 1 1.000000
1577 803.869 34.312 276.227 -0.011444 36.328 0 25.030 1 1.000000
1578 803.869 34.312 276.227 -0.011444 36.328 0 25.030 1 1.000000
1579 803.844 34.318 276.214 -0.011391 36.335 0 25.001 1 1.000000
1580 803.844 34.318 276.214 -0.011391 36.335 0 25.001 1 1.000000
1581 803.820 34.324 276.200 -0.011333 36.341 0 24.972 1 0.996559
1582 803.795 34.330 276.187 -0.011280 36.348 0 24.944 1 0.992971
1583 803.795 34.330 276.187 -0.011280 36.348 0 24.944 1 0.992971
1584 803.770 34.337 276.173 -0.011219 36.354 0 24.915 1 0.989384
1585 803.746 34.343 276.160 -0.011166 36.361 0 24.886 1 0.985797
1586 803.746 34.343 276.160 -0.011166 36.361 0 24.886 1 0.985797
1587 803.721 34.349 276.146 -0.011108 36.367 0 24.858 1 0.982209
1588 803.721 34.349 276.146 -0.011108 36.367 0 24.858 1 0.982209
1589 803.697 34.355 276.133 -0.011047 36.374 0 24.829 1 0.978621
1590 803.697 34.355 276.133 -0.011047 36.374 0 24.829 1 0.978621
1591 803.672 34.362 276.119 -0.010994 36.381 0 24.800 1 0.975034
1592 803.672 34.362 276.119 -0.010994 36.381 0 24.800 1 0.975034
1593 803.648 34.368 276.106 -0.010937 36.387 0 24.772 1 0.971447
1594 803.648 34.368 276.106 -0.010937 36.387 0 24.772 1 0.971447
1595 803.623 34.374 276.092 -0.010880 36.393 0 24.743 1 0.967859
1596 803.623 34.374 276.092 -0.010880 36.393 0 24.743 1 0.967859
1597 803.599 34.380 276.079 -0.010822 36.399 0 24.714 1 0.964272
1598 803.599 34.380 276.079 -0.010822 36.399 0 24.714 1 0.964272
1599 803.574 34.386 276.065 -0.010769 36.405 0 24.685 1 0.960684
1600 803.574 34.386 276.065 -0.010769 36.405 0 24.685 1 0.960684
1601 803.550 34.393 276.052 -0.010708 36.411 0 24.657 1 0.957097
1602 803.525 34.399 276.038 -0.010738 36.417 0 24.628 1 0.953514
1603 803.525 34.399 276.038 -0.010738 36.417 0 24.628 1 0.953514
1604 803.501 34.405 276.025 -0.010727 36.423 0 24.599 1 0.949932
1605 803.501 34.405 276.025 -0.010727 36.423 0 24.599 1 0.949932
1606 803.476 34.412 276.011 -0.010712 36.429 0 24.571 1 0.946350
1607 803.476 34.412 276.011 -0.010712 36.429 0 24.571 1 0.946350
1608 803.452 34.418 275.998 -0.010700 36.435 0 24.542 1 0.942768
1609 803.452 34.418 275.998 -0.010700 36.435 0 24.542 1 0.942768
1610 803.427 34.424 275.984 -0.010685 36.441 0 24.513 1 0.939186
1611 803.427 34.424 275.984 -0.010685 36.441 0 24.513 1 0.939186
1612 803.403 34.430 275.971 -0.010670 36.447 0 24.485 1 0.935605
1613 803.403 34.430 275.971 -0.010670 36.447 0 24.485 1 0.935605
1614 803.378 34.437 275.957 -0.010662 36.452 0 24.456 1 0.932023
1615 803.378 34.437 275.957 -0.010662 36.452 0 24.456 1 0.932023
1616 803.354 34.443 275.944 -0.010647 36.458 0 24.428 1 0.928441
1617 803.354 34.443 275.944 -0.010647 36.458 0 24.428 1 0.928441
1618 803.329 34.449 275.930 -0.010632 36.464 0 24.399 1 0.924859
1619 803.329 34.449 275.930 -0.010632 36.464 0 24.399 1 0.924859
1620 803.305 34.456 275.916 -0.010620 36.470 0 24.370 1 0.921278
1621 803.305 34.456 275.916 -0.010620 36.470 0 24.370 1 0.921278
1622 803.280 34.462 275.903 -0.010605 36.476 0 24.342 1 0.917695
1623 803.280 34.462 275.903 -0.010605 36.476 0 24.342 1 0.917695
1624 803.256 34.468 275.890 -0.010593 36.482 0 24.313 1 0.914112
1625 803.256 34.468 275.890 -0.010593 36.482 0 24.313 1 0.914112
1626 803.231 34.474 275.877 -0.010578 36.488 0 24.284 1 0.910529
1627 803.231 34.474 275.877 -0.010578 36.488 0 24.284 1 0.910529
1628 803.206 34.481 275.863 -0.010567 36.493 0 24.256 1 0.906947
1629 803.206 34.481 275.863 -0.010567 36.493 0 24.256 1 0.906947
1630 803.182 34.487 275.850 -0.010551 36.499 0 24.227 1 0.903363
1631 803.182 34.487 275.850 -0.010551 36.499 0 24.227 1 0.903363
1632 803.157 34.493 275.837 -0.010540 36.505 0 24.198 1 0.899781
1633 803.157 34.493 275.837 -0.010540 36.505 0 24.198 1 0.899781
1634 803.133 34.500 275.823 -0.010529 36.511 0 24.170 1 0.896198
1635 803.108 34.506 275.810 -0.010513 36.516 0 24.141 1 0.892615
1636 803.108 34.506 275.810 -0.010513 36.516 0 24.141 1 0.892615
1637 803.083 34.512 275.797 -0.010502 36.522 0 24.112 1 0.889032
1638 803.083 34.512 275.797 -0.010502 36.522 0 24.112 1 0.889032
1639 803.083 34.512 275.797 -0.010502 36.522 0 24.112 1 0.889032
1640 803.059 34.518 275.783 -0.010487 36.528 0 24.084 1 0.885450
1641 803.059 34.518 275.783 -0.010487 36.528 0 24.084 1 0.885450
1642 803.034 34.525 275.770 -0.010475 36.534 0 24.055 1 0.881867
1643 803.034 34.525 275.770 -0.010475 36.534 0 24.055 1 0.881867
1644 803.010 34.531 275.757 -0.010464 36.539 0 24.026 1 0.878284
1645 803.010 34.531 275.757 -0.010464 36.539 0 24.026 1 0.878284
1646 802.985 34.537 275.743 -0.010448 36.545 0 23.998 1 0.874701
1647 802.985 34.537 275.743 -0.010448 36.545 0 23.998 1 0.874701
1648 802.961 34.544 275.730 -0.010437 36.551 0 23.969 1 0.871119
1649 802.936 34.550 275.717 -0.010422 36.557 0 23.940 1 0.867537
1650 802.911 34.556 275.704 -0.010410 36.563 0 23.912 1 0.863954
1651 802.911 34.556 275.704 -0.010410 36.563 0 23.912 1 0.863954
1652 802.911 34.556 275.704 -0.010410 36.563 0 23.912 1 0.863954
1653 802.887 34.562 275.690 -0.010399 36.568 0 23.883 1 0.860371
1654 802.887 34.562 275.690 -0.010399 36.568 0 23.883 1 0.860371
1655 802.862 34.569 275.677 -0.010384 36.574 0 23.854 1 0.856789
1656 802.862 34.569 275.677 -0.010384 36.574 0 23.854 1 0.856789
1657 802.838 34.575 275.664 -0.010376 36.580 0 23.826 1 0.853206
1658 802.788 34.588 275.637 -0.010349 36.591 0 23.768 1 0.846040
1659 802.788 34.588 275.637 -0.010349 36.591 0 23.768 1 0.846040
1660 802.788 34.588 275.637 -0.010349 36.591 0 23.768 1 0.846040
1661 802.764 34.594 275.624 -0.010338 36.597 0 23.740 1 0.842457
1662 802.764 34.594 275.624 -0.010338 36.597 0 23.740 1 0.842457
1663 802.739 34.600 275.610 -0.010323 36.603 0 23.711 1 0.838875
1664 802.739 34.600 275.610 -0.010323 36.603 0 23.711 1 0.838875
1665 802.715 34.606 275.597 -0.010311 36.609 0 23.682 1 0.835292
1666 802.715 34.606 275.597 -0.010311 36.609 0 23.682 1 0.835292
1667 802.690 34.613 275.584 -0.010296 36.615 0 23.654 1 0.831709
1668 802.690 34.613 275.584 -0.010296 36.615 0 23.654 1 0.831709
1669 802.665 34.619 275.571 -0.010284 36.620 0 23.625 1 0.828126
1670 802.665 34.619 275.571 -0.010284 36.620 0 23.625 1 0.828126
1671 802.641 34.625 275.557 -0.010269 36.626 0 23.596 1 0.824543
1672 802.641 34.625 275.557 -0.010269 36.626 0 23.596 1 0.824543
1673 802.616 34.632 275.544 -0.010258 36.632 0 23.568 1 0.820961
1674 802.616 34.632 275.544 -0.010258 36.632 0 23.568 1 0.820961
1675 802.592 34.638 275.531 -0.010246 36.638 0 23.539 1 0.817378
1676 802.592 34.638 275.531 -0.010246 36.638 0 23.539 1 0.817378
1677 802.567 34.644 275.517 -0.010216 36.643 0 23.510 1 0.813794
1678 802.567 34.644 275.517 -0.010216 36.643 0 23.510 1 0.813794
1679 802.542 34.650 275.504 -0.010162 36.649 0 23.482 1 0.810210
1680 802.542 34.650 275.504 -0.010162 36.649 0 23.482 1 0.810210
1681 802.518 34.657 275.491 -0.010109 36.655 0 23.453 1 0.806626
1682 802.518 34.657 275.491 -0.010109 36.655 0 23.453 1 0.806626
1683 802.493 34.663 275.477 -0.010071 36.661 0 23.424 1 0.803043
1684 802.493 34.663 275.477 -0.010071 36.661 0 23.424 1 0.803043
1685 802.469 34.669 275.464 -0.010033 36.667 0 23.396 1 0.799459
1686 802.469 34.669 275.464 -0.010033 36.667 0 23.396 1 0.799459
1687 802.444 34.675 275.451 -0.009991 36.673 0 23.367 1 0.795876
1688 802.444 34.675 275.451 -0.009991 36.673 0 23.367 1 0.795876
1689 802.419 34.682 275.437 -0.009953 36.678 0 23.338 1 0.792292
1690 802.419 34.682 275.437 -0.009953 36.678 0 23.338 1 0.792292
1691 802.395 34.688 275.424 -0.009914 36.684 0 23.310 1 0.788708
1692 802.395 34.688 275.424 -0.009914 36.684 0 23.310 1 0.788708
1693 802.370 34.694 275.411 -0.009872 36.690 0 23.281 1 0.785124
1694 802.346 34.700 275.397 -0.009830 36.696 0 23.252 1 0.781540
1695 802.346 34.700 275.397 -0.009830 36.696 0 23.252 1 0.781540
1696 802.346 34.700 275.397 -0.009830 36.696 0 23.252 1 0.781540
1697 802.321 34.707 275.384 -0.009792 36.702 0 23.224 1 0.777956
1698 802.321 34.707 275.384 -0.009792 36.702 0 23.224 1 0.777956
1699 802.296 34.713 275.371 -0.009750 36.707 0 23.195 1 0.774372
1700 802.296 34.713 275.371 -0.009750 36.707 0 23.195 1 0.774372
1701 802.272 34.719 275.357 -0.009708 36.713 0 23.166 1 0.770789
1702 802.247 34.725 275.344 -0.009670 36.719 0 23.138 1 0.767205
1703 802.247 34.725 275.344 -0.009670 36.719 0 23.138 1 0.767205
1704 802.247 34.725 275.344 -0.009670 36.719 0 23.138 1 0.767205
1705 802.223 34.732 275.331 -0.009628 36.725 0 23.109 1 0.763621
1706 802.223 34.732 275.331 -0.009628 36.725 0 23.109 1 0.763621
1707 802.198 34.738 275.317 -0.009586 36.731 0 23.080 1 0.760037
1708 802.198 34.738 275.317 -0.009586 36.731 0 23.080 1 0.760037
1709 802.173 34.744 275.304 -0.009552 36.737 0 23.052 1 0.756454
1710 802.173 34.744 275.304 -0.009552 36.737 0 23.052 1 0.756454
1711 802.149 34.750 275.291 -0.009510 36.742 0 23.023 1 0.752870
1712 802.149 34.750 275.291 -0.009510 36.742 0 23.023 1 0.752870
1713 802.124 34.757 275.277 -0.009468 36.748 0 22.994 1 0.749286
1714 802.124 34.757 275.277 -0.009468 36.748 0 22.994 1 0.749286
1715 802.100 34.763 275.264 -0.009430 36.754 0 22.966 1 0.745702
1716 802.100 34.763 275.264 -0.009430 36.754 0 22.966 1 0.745702
1717 802.075 34.769 275.251 -0.009388 36.760 0 22.937 1 0.742119
1718 802.075 34.769 275.251 -0.009388 36.760 0 22.937 1 0.742119
1719 802.050 34.775 275.237 -0.009346 36.766 0 22.908 1 0.738535
1720 802.050 34.775 275.237 -0.009346 36.766 0 22.908 1 0.738535
1721 802.026 34.782 275.224 -0.009308 36.771 0 22.880 1 0.734951
1722 802.026 34.782 275.224 -0.009308 36.771 0 22.880 1 0.734951
1723 802.001 34.788 275.211 -0.009266 36.777 0 22.851 1 0.731367
1724 802.001 34.788 275.211 -0.009266 36.777 0 22.851 1 0.731367
1725 801.977 34.794 275.197 -0.009228 36.783 0 22.822 1 0.727783
1726 801.977 34.794 275.197 -0.009228 36.783 0 22.822 1 0.727783
1727 801.952 34.800 275.184 -0.009186 36.789 0 22.794 1 0.724199
1728 801.952 34.800 275.184 -0.009186 36.789 0 22.794 1 0.724199
1729 801.927 34.807 275.171 -0.009144 36.795 0 22.765 1 0.720615
1730 801.927 34.807 275.171 -0.009144 36.795 0 22.765 1 0.720615
1731 801.903 34.813 275.157 -0.009109 36.801 0 22.736 1 0.717031
1732 801.903 34.813 275.157 -0.009109 36.801 0 22.736 1 0.717031
1733 801.878 34.819 275.144 -0.009068 36.806 0 22.708 1 0.713448
1734 801.878 34.819 275.144 -0.009068 36.806 0 22.708 1 0.713448
1735 801.854 34.826 275.131 -0.009026 36.812 0 22.679 1 0.709865
1736 801.854 34.826 275.131 -0.009026 36.812 0 22.679 1 0.709865
1737 801.829 34.832 275.117 -0.008987 36.818 0 22.650 1 0.706281
1738 801.829 34.832 275.117 -0.008987 36.818 0 22.650 1 0.706281
1739 801.804 34.838 275.104 -0.008945 36.824 0 22.622 1 0.702697
1740 801.804 34.838 275.104 -0.008945 36.824 0 22.622 1 0.702697
1741 801.780 34.844 275.091 -0.008904 36.830 0 22.593 1 0.699113
1742 801.780 34.844 275.091 -0.008904 36.830 0 22.593 1 0.699113
1743 801.755 34.851 275.077 -0.008865 36.836 0 22.564 1 0.695529
1744 801.755 34.851 275.077 -0.008865 36.836 0 22.564 1 0.695529
1745 801.731 34.857 275.064 -0.008823 36.841 0 22.536 1 0.691945
1746 801.731 34.857 275.064 -0.008823 36.841 0 22.536 1 0.691945
1747 801.706 34.863 275.051 -0.008781 36.847 0 22.507 1 0.688361
1748 801.681 34.869 275.037 -0.008747 36.853 0 22.478 1 0.684778
1749 801.681 34.869 275.037 -0.008747 36.853 0 22.478 1 0.684778
1750 801.681 34.869 275.037 -0.008747 36.853 0 22.478 1 0.684778
1751 801.657 34.876 275.024 -0.008705 36.859 0 22.450 1 0.681194
1752 801.657 34.876 275.024 -0.008705 36.859 0 22.450 1 0.681194
1753 801.632 34.882 275.010 -0.008663 36.865 0 22.421 1 0.677610
1754 801.632 34.882 275.010 -0.008663 36.865 0 22.421 1 0.677610
1755 801.608 34.888 274.997 -0.008625 36.871 0 22.392 1 0.674026
1756 801.608 34.888 274.997 -0.008625 36.871 0 22.392 1 0.674026
1757 801.583 34.894 274.984 -0.008583 36.877 0 22.364 1 0.670443
1758 801.583 34.894 274.984 -0.008583 36.877 0 22.364 1 0.670443
1759 801.558 34.901 274.970 -0.008541 36.882 0 22.335 1 0.666859
1760 801.558 34.901 274.970 -0.008541 36.882 0 22.335 1 0.666859
1761 801.534 34.907 274.957 -0.008488 36.888 0 22.306 1 0.663275
1762 801.534 34.907 274.957 -0.008488 36.888 0 22.306 1 0.663275
1763 801.509 34.913 274.944 -0.008446 36.894 0 22.278 1 0.659692
1764 801.509 34.913 274.944 -0.008446 36.894 0 22.278 1 0.659692
1765 801.485 34.919 274.930 -0.008396 36.900 0 22.249 1 0.656108
1766 801.485 34.919 274.930 -0.008396 36.900 0 22.249 1 0.656108
1767 801.460 34.926 274.917 -0.008347 36.906 0 22.220 1 0.652524
1768 801.460 34.926 274.917 -0.008347 36.906 0 22.220 1 0.652524
1769 801.435 34.932 274.904 -0.008297 36.912 0 22.192 1 0.648941
1770 801.435 34.932 274.904 -0.008297 36.912 0 22.192 1 0.648941
1771 801.411 34.938 274.890 -0.008247 36.917 0 22.163 1 0.645357
1772 801.411 34.938 274.890 -0.008247 36.917 0 22.163 1 0.645357
1773 801.386 34.944 274.877 -0.008202 36.923 0 22.134 1 0.641774
1774 801.386 34.944 274.877 -0.008202 36.923 0 22.134 1 0.641774
1775 801.362 34.951 274.864 -0.008152 36.929 0 22.106 1 0.638190
1776 801.362 34.951 274.864 -0.008152 36.929 0 22.106 1 0.638190
1777 801.337 34.957 274.851 -0.008423 36.935 0 22.077 1 0.634610
1778 801.239 34.982 274.797 -0.007851 36.958 0 21.962 1 0.620268
1779 801.239 34.982 274.797 -0.007851 36.958 0 21.962 1 0.620268
1780 801.214 34.988 274.784 -0.007786 36.964 0 21.933 1 0.616677
1781 801.189 34.994 274.771 -0.007717 36.970 0 21.905 1 0.613088
1782 801.189 34.994 274.771 -0.007717 36.970 0 21.905 1 0.613088
1783 801.165 35.001 274.757 -0.007656 36.976 0 21.876 1 0.609498
1784 801.165 35.001 274.757 -0.007656 36.976 0 21.876 1 0.609498
1785 801.140 35.007 274.744 -0.007591 36.982 0 21.847 1 0.605907
1786 801.140 35.007 274.744 -0.007591 36.982 0 21.847 1 0.605907
1787 801.115 35.013 274.731 -0.007565 36.988 0 21.819 1 0.602325
1788 801.115 35.013 274.731 -0.007565 36.988 0 21.819 1 0.602325
1789 801.091 35.019 274.717 -0.007515 36.994 0 21.790 1 0.598742
1790 801.091 35.019 274.717 -0.007515 36.994 0 21.790 1 0.598742
1791 801.066 35.026 274.704 -0.007469 36.999 0 21.761 1 0.595159
1792 801.066 35.026 274.704 -0.007469 36.999 0 21.761 1 0.595159
1793 801.042 35.032 274.691 -0.007427 37.005 0 21.733 1 0.591577
1794 801.042 35.032 274.691 -0.007427 37.005 0 21.733 1 0.591577
1795 801.017 35.038 274.677 -0.007385 37.011 0 21.704 1 0.587995
1796 801.017 35.038 274.677 -0.007385 37.011 0 21.704 1 0.587995
1797 800.992 35.044 274.664 -0.007339 37.017 0 21.675 1 0.584413
1798 800.992 35.044 274.664 -0.007339 37.017 0 21.675 1 0.584413
1799 800.968 35.051 274.651 -0.007294 37.023 0 21.647 1 0.580831
1800 800.968 35.051 274.651 -0.007294 37.023 0 21.647 1 0.580831
1801 800.943 35.057 274.637 -0.007252 37.029 0 21.618 1 0.577249
1802 800.943 35.057 274.637 -0.007252 37.029 0 21.618 1 0.577249
1803 800.919 35.063 274.624 -0.007206 37.035 0 21.589 1 0.573668
1804 800.919 35.063 274.624 -0.007206 37.035 0 21.589 1 0.573668
1805 800.894 35.069 274.611 -0.007160 37.040 0 21.561 1 0.570086
1806 800.894 35.069 274.611 -0.007160 37.040 0 21.561 1 0.570086
1807 800.869 35.076 274.597 -0.007118 37.046 0 21.532 1 0.566504
1808 800.869 35.076 274.597 -0.007118 37.046 0 21.532 1 0.566504
1809 800.845 35.082 274.584 -0.007072 37.052 0 21.503 1 0.562922
1810 800.845 35.082 274.584 -0.007072 37.052 0 21.503 1 0.562922
1811 800.820 35.088 274.571 -0.007027 37.058 0 21.475 1 0.559340
1812 800.820 35.088 274.571 -0.007027 37.058 0 21.475 1 0.559340
1813 800.796 35.095 274.558 -0.007450 37.064 0 21.446 1 0.555753
1814 800.796 35.095 274.558 -0.007450 37.064 0 21.446 1 0.555753
1815 800.771 35.101 274.544 -0.007874 37.070 0 21.417 1 0.552185
1816 800.771 35.101 274.544 -0.007874 37.070 0 21.417 1 0.552185
1817 800.747 35.108 274.531 -0.008301 37.075 0 21.389 1 0.548615
1818 800.747 35.108 274.531 -0.008301 37.075 0 21.389 1 0.548615
1819 800.722 35.115 274.518 -0.008739 37.081 0 21.360 1 0.545053
1820 800.722 35.115 274.518 -0.008739 37.081 0 21.360 1 0.545053
1821 800.698 35.122 274.505 -0.009155 37.087 0 21.332 1 0.541485
1822 800.698 35.122 274.505 -0.009155 37.087 0 21.332 1 0.541485
1823 800.673 35.128 274.492 -0.009594 37.093 0 21.303 1 0.537923
1824 800.649 35.135 274.479 -0.010010 37.098 0 21.275 1 0.534354
1825 800.649 35.135 274.479 -0.010010 37.098 0 21.275 1 0.534354
1826 800.649 35.135 274.479 -0.010010 37.098 0 21.275 1 0.534354
1827 800.624 35.141 274.466 -0.009632 37.104 0 21.246 1 0.530764
1828 800.624 35.141 274.466 -0.009632 37.104 0 21.246 1 0.530764
1829 800.599 35.147 274.453 -0.009422 37.110 0 21.217 1 0.527170
1830 800.599 35.147 274.453 -0.009422 37.110 0 21.217 1 0.527170
1831 800.574 35.153 274.440 -0.009216 37.115 0 21.189 1 0.523577
1832 800.525 35.165 274.413 -0.008793 37.127 0 21.131 1 0.516388
1833 800.500 35.171 274.400 -0.008587 37.133 0 21.102 1 0.512793
1834 800.500 35.171 274.400 -0.008587 37.133 0 21.102 1 0.512793
1835 800.475 35.177 274.387 -0.008377 37.138 0 21.074 1 0.509196
1836 800.475 35.177 274.387 -0.008377 37.138 0 21.074 1 0.509196
1837 800.450 35.184 274.374 -0.008167 37.144 0 21.045 1 0.505601
1838 800.450 35.184 274.374 -0.008167 37.144 0 21.045 1 0.505601
1839 800.425 35.190 274.361 -0.007961 37.150 0 21.016 1 0.502006
1840 800.401 35.196 274.348 -0.007751 37.156 0 20.987 1 0.498410
1841 800.401 35.196 274.348 -0.007751 37.156 0 20.987 1 0.498410
1842 800.401 35.196 274.348 -0.007751 37.156 0 20.987 1 0.498410
1843 800.376 35.202 274.334 -0.007545 37.161 0 20.959 1 0.494814
1844 800.376 35.202 274.334 -0.007545 37.161 0 20.959 1 0.494814
1845 800.351 35.208 274.321 -0.007336 37.167 0 20.930 1 0.491219
1846 800.351 35.208 274.321 -0.007336 37.167 0 20.930 1 0.491219
1847 800.326 35.214 274.308 -0.007309 37.173 0 20.901 1 0.487627
1848 800.326 35.214 274.308 -0.007309 37.173 0 20.901 1 0.487627
1849 800.301 35.221 274.295 -0.007309 37.179 0 20.872 1 0.484044
1850 800.301 35.221 274.295 -0.007309 37.179 0 20.872 1 0.484044
1851 800.277 35.227 274.282 -0.007309 37.185 0 20.844 1 0.480460
1852 800.277 35.227 274.282 -0.007309 37.185 0 20.844 1 0.480460
1853 800.252 35.233 274.268 -0.007305 37.191 0 20.815 1 0.476877
1854 800.252 35.233 274.268 -0.007305 37.191 0 20.815 1 0.476877
1855 800.228 35.240 274.255 -0.007305 37.196 0 20.786 1 0.473294
1856 800.228 35.240 274.255 -0.007305 37.196 0 20.786 1 0.473294
1857 800.203 35.246 274.242 -0.007305 37.202 0 20.758 1 0.469711
1858 800.203 35.246 274.242 -0.007305 37.202 0 20.758 1 0.469711
1859 800.178 35.252 274.228 -0.007305 37.208 0 20.729 1 0.466128
1860 800.178 35.252 274.228 -0.007305 37.208 0 20.729 1 0.466128
1861 800.154 35.258 274.215 -0.007301 37.214 0 20.700 1 0.462545
1862 800.154 35.258 274.215 -0.007301 37.214 0 20.700 1 0.462545
1863 800.129 35.265 274.202 -0.007301 37.220 0 20.672 1 0.458962
1864 800.129 35.265 274.202 -0.007301 37.220 0 20.672 1 0.458962
1865 800.105 35.271 274.188 -0.007301 37.226 0 20.643 1 0.455379
1866 800.105 35.271 274.188 -0.007301 37.226 0 20.643 1 0.455379
1867 800.080 35.277 274.175 -0.007298 37.232 0 20.614 1 0.451796
1868 800.080 35.277 274.175 -0.007298 37.232 0 20.614 1 0.451796
1869 800.055 35.284 274.162 -0.007298 37.238 0 20.586 1 0.448213
1870 800.055 35.284 274.162 -0.007298 37.238 0 20.586 1 0.448213
1871 800.031 35.290 274.148 -0.007298 37.244 0 20.557 1 0.444630
1872 800.031 35.290 274.148 -0.007298 37.244 0 20.557 1 0.444630
1873 800.006 35.296 274.135 -0.007298 37.250 0 20.528 1 0.441047
1874 800.006 35.296 274.135 -0.007298 37.250 0 20.528 1 0.441047
1875 799.982 35.302 274.122 -0.007298 37.256 0 20.500 1 0.437466
1876 799.982 35.302 274.122 -0.007298 37.256 0 20.500 1 0.437466
1877 799.957 35.309 274.109 -0.007294 37.262 0 20.471 1 0.433883
1878 799.957 35.309 274.109 -0.007294 37.262 0 20.471 1 0.433883
1879 799.932 35.315 274.095 -0.007298 37.267 0 20.442 1 0.430301
1880 799.932 35.315 274.095 -0.007298 37.267 0 20.442 1 0.430301
1881 799.908 35.321 274.082 -0.007294 37.273 0 20.414 1 0.426720
1882 799.908 35.321 274.082 -0.007294 37.273 0 20.414 1 0.426720
1883 799.883 35.328 274.069 -0.007294 37.279 0 20.385 1 0.423139
1884 799.883 35.328 274.069 -0.007294 37.279 0 20.385 1 0.423139
1885 799.859 35.334 274.056 -0.007290 37.285 0 20.356 1 0.419558
1886 799.859 35.334 274.056 -0.007290 37.285 0 20.356 1 0.419558
1887 799.834 35.340 274.042 -0.007294 37.291 0 20.328 1 0.415977
1888 799.834 35.340 274.042 -0.007294 37.291 0 20.328 1 0.415977
1889 799.810 35.347 274.029 -0.007290 37.297 0 20.299 1 0.412395
1890 799.810 35.347 274.029 -0.007290 37.297 0 20.299 1 0.412395
1891 799.785 35.353 274.016 -0.007290 37.303 0 20.271 1 0.408813
1892 799.785 35.353 274.016 -0.007290 37.303 0 20.271 1 0.408813
1893 799.760 35.359 274.002 -0.007290 37.309 0 20.242 1 0.405232
1894 799.760 35.359 274.002 -0.007290 37.309 0 20.242 1 0.405232
1895 799.736 35.365 273.989 -0.007286 37.315 0 20.213 1 0.401651
1896 799.736 35.365 273.989 -0.007286 37.315 0 20.213 1 0.401651
1897 799.711 35.372 273.976 -0.007286 37.321 0 20.185 1 0.398069
1898 799.711 35.372 273.976 -0.007286 37.321 0 20.185 1 0.398069
1899 799.687 35.378 273.963 -0.007282 37.327 0 20.156 1 0.394488
1900 799.687 35.378 273.963 -0.007282 37.327 0 20.156 1 0.394488
1901 799.662 35.384 273.949 -0.007286 37.333 0 20.127 1 0.390907
1902 799.662 35.384 273.949 -0.007286 37.333 0 20.127 1 0.390907
1903 799.637 35.391 273.936 -0.007282 37.339 0 20.099 1 0.387326
1904 799.637 35.391 273.936 -0.007282 37.339 0 20.099 1 0.387326
1905 799.613 35.397 273.923 -0.007282 37.345 0 20.070 1 0.383745
1906 799.613 35.397 273.923 -0.007282 37.345 0 20.070 1 0.383745
1907 799.588 35.403 273.909 -0.007282 37.350 0 20.041 1 0.380163
1908 799.588 35.403 273.909 -0.007282 37.350 0 20.041 1 0.380163
1909 799.564 35.409 273.896 -0.007278 37.356 0 20.013 1 0.376582
1910 799.564 35.409 273.896 -0.007278 37.356 0 20.013 1 0.376582
1911 799.539 35.416 273.883 -0.007229 37.362 0 19.984 1 0.372993
1912 799.539 35.416 273.883 -0.007229 37.362 0 19.984 1 0.372993
1913 799.514 35.422 273.870 -0.007210 37.368 0 19.955 1 0.369413
1914 799.514 35.422 273.870 -0.007210 37.368 0 19.955 1 0.369413
1915 799.490 35.428 273.856 -0.007168 37.374 0 19.927 1 0.365826
1916 799.490 35.428 273.856 -0.007168 37.374 0 19.927 1 0.365826
1917 799.465 35.434 273.843 -0.007149 37.380 0 19.898 1 0.362246
1918 799.465 35.434 273.843 -0.007149 37.380 0 19.898 1 0.362246
1919 799.440 35.441 273.830 -0.007107 37.386 0 19.869 1 0.358659
1920 799.440 35.441 273.830 -0.007107 37.386 0 19.869 1 0.358659
1921 799.416 35.447 273.817 -0.007072 37.392 0 19.841 1 0.355071
1922 799.416 35.447 273.817 -0.007072 37.392 0 19.841 1 0.355071
1923 799.391 35.453 273.803 -0.007057 37.398 0 19.812 1 0.351490
1924 799.366 35.460 273.790 -0.007015 37.404 0 19.783 1 0.347903
1925 799.366 35.460 273.790 -0.007015 37.404 0 19.783 1 0.347903
1926 799.366 35.460 273.790 -0.007015 37.404 0 19.783 1 0.347903
1927 799.342 35.466 273.777 -0.006985 37.410 0 19.755 1 0.344316
1928 799.342 35.466 273.777 -0.006985 37.410 0 19.755 1 0.344316
1929 799.317 35.472 273.763 -0.006954 37.416 0 19.726 1 0.340729
1930 799.317 35.472 273.763 -0.006954 37.416 0 19.726 1 0.340729
1931 799.292 35.478 273.750 -0.006920 37.422 0 19.697 1 0.337142
1932 799.292 35.478 273.750 -0.006920 37.422 0 19.697 1 0.337142
1933 799.268 35.485 273.737 -0.006905 37.428 0 19.668 1 0.333561
1934 799.268 35.485 273.737 -0.006905 37.428 0 19.668 1 0.333561
1935 799.243 35.491 273.724 -0.006859 37.434 0 19.640 1 0.329974
1936 799.145 35.516 273.671 -0.006737 37.458 0 19.525 1 0.315632
1937 799.145 35.516 273.671 -0.006737 37.458 0 19.525 1 0.315632
1938 799.145 35.516 273.671 -0.006737 37.458 0 19.525 1 0.315632
1939 799.120 35.522 273.657 -0.006706 37.464 0 19.496 1 0.312044
1940 799.120 35.522 273.657 -0.006706 37.464 0 19.496 1 0.312044
1941 799.095 35.529 273.644 -0.006676 37.470 0 19.468 1 0.308457
1942 799.095 35.529 273.644 -0.006676 37.470 0 19.468 1 0.308457
1943 799.071 35.535 273.631 -0.006657 37.476 0 19.439 1 0.304876
1944 799.071 35.535 273.631 -0.006657 37.476 0 19.439 1 0.304876
1945 799.046 35.541 273.617 -0.006615 37.482 0 19.410 1 0.301290
1946 799.046 35.541 273.617 -0.006615 37.482 0 19.410 1 0.301290
1947 799.021 35.547 273.604 -0.006584 37.488 0 19.382 1 0.297702
1948 799.021 35.547 273.604 -0.006584 37.488 0 19.382 1 0.297702
1949 798.997 35.554 273.591 -0.006554 37.494 0 19.353 1 0.294115
1950 798.997 35.554 273.591 -0.006554 37.494 0 19.353 1 0.294115
1951 798.972 35.560 273.578 -0.006519 37.500 0 19.324 1 0.290527
1952 798.972 35.560 273.578 -0.006519 37.500 0 19.324 1 0.290527
1953 798.947 35.566 273.564 -0.006493 37.506 0 19.296 1 0.286941
1954 798.947 35.566 273.564 -0.006493 37.506 0 19.296 1 0.286941
1955 798.923 35.572 273.551 -0.006458 37.512 0 19.267 1 0.283353
1956 798.923 35.572 273.551 -0.006458 37.512 0 19.267 1 0.283353
1957 798.898 35.579 273.538 -0.006432 37.518 0 19.238 1 0.279765
1958 798.898 35.579 273.538 -0.006432 37.518 0 19.238 1 0.279765
1959 798.874 35.585 273.525 -0.006462 37.524 0 19.209 1 0.276185
1960 798.874 35.585 273.525 -0.006462 37.524 0 19.209 1 0.276185
1961 798.849 35.591 273.511 -0.006485 37.530 0 19.181 1 0.272605
1962 798.849 35.591 273.511 -0.006485 37.530 0 19.181 1 0.272605
1963 798.824 35.598 273.498 -0.006508 37.535 0 19.152 1 0.269025
1964 798.824 35.598 273.498 -0.006508 37.535 0 19.152 1 0.269025
1965 798.800 35.604 273.485 -0.006531 37.541 0 19.124 1 0.265445
1966 798.800 35.604 273.485 -0.006531 37.541 0 19.124 1 0.265445
1967 798.775 35.610 273.472 -0.006554 37.547 0 19.095 1 0.261865
1968 798.775 35.610 273.472 -0.006554 37.547 0 19.095 1 0.261865
1969 798.751 35.617 273.458 -0.006577 37.553 0 19.066 1 0.258285
1970 798.751 35.617 273.458 -0.006577 37.553 0 19.066 1 0.258285
1971 798.726 35.623 273.445 -0.006599 37.559 0 19.038 1 0.254704
1972 798.726 35.623 273.445 -0.006599 37.559 0 19.038 1 0.254704
1973 798.701 35.629 273.432 -0.006622 37.566 0 19.009 1 0.251124
1974 798.701 35.629 273.432 -0.006622 37.566 0 19.009 1 0.251124
1975 798.677 35.636 273.419 -0.006645 37.572 0 18.980 1 0.247544
1976 798.677 35.636 273.419 -0.006645 37.572 0 18.980 1 0.247544
1977 798.652 35.642 273.405 -0.006672 37.578 0 18.952 1 0.243964
1978 798.652 35.642 273.405 -0.006672 37.578 0 18.952 1 0.243964
1979 798.628 35.648 273.392 -0.006691 37.584 0 18.923 1 0.240384
1980 798.628 35.648 273.392 -0.006691 37.584 0 18.923 1 0.240384
1981 798.603 35.654 273.379 -0.006714 37.590 0 18.894 1 0.236804
1982 798.603 35.654 273.379 -0.006714 37.590 0 18.894 1 0.236804
1983 798.578 35.661 273.366 -0.006737 37.596 0 18.866 1 0.233224
1984 798.578 35.661 273.366 -0.006737 37.596 0 18.866 1 0.233224
1985 798.554 35.667 273.352 -0.006760 37.602 0 18.837 1 0.229644
1986 798.554 35.667 273.352 -0.006760 37.602 0 18.837 1 0.229644
1987 798.529 35.673 273.339 -0.006733 37.608 0 18.808 1 0.226058
1988 798.529 35.673 273.339 -0.006733 37.608 0 18.808 1 0.226058
1989 798.504 35.680 273.326 -0.006733 37.614 0 18.780 1 0.222472
1990 798.504 35.680 273.326 -0.006733 37.614 0 18.780 1 0.222472
1991 798.480 35.686 273.313 -0.006733 37.620 0 18.751 1 0.218885
1992 798.455 35.692 273.299 -0.006729 37.626 0 18.722 1 0.215300
1993 798.455 35.692 273.299 -0.006729 37.626 0 18.722 1 0.215300
1994 798.430 35.699 273.286 -0.006729 37.632 0 18.694 1 0.211713
1995 798.430 35.699 273.286 -0.006729 37.632 0 18.694 1 0.211713
1996 798.406 35.705 273.273 -0.006729 37.638 0 18.665 1 0.208127
1997 798.406 35.705 273.273 -0.006729 37.638 0 18.665 1 0.208127
1998 798.381 35.711 273.260 -0.006729 37.644 0 18.636 1 0.204540
1999 798.381 35.711 273.260 -0.006729 37.644 0 18.636 1 0.204540
2000 798.357 35.717 273.246 -0.006729 37.650 0 18.608 1 0.200954
2001 798.357 35.717 273.246 -0.006729 37.650 0 18.608 1 0.200954
2002 798.332 35.724 273.233 -0.006725 37.656 0 18.579 1 0.197368
2003 798.332 35.724 273.233 -0.006725 37.656 0 18.579 1 0.197368
2004 798.307 35.730 273.220 -0.006725 37.662 0 18.550 1 0.193782
2005 798.307 35.730 273.220 -0.006725 37.662 0 18.550 1 0.193782
2006 798.283 35.736 273.207 -0.006725 37.668 0 18.522 1 0.190195
2007 798.283 35.736 273.207 -0.006725 37.668 0 18.522 1 0.190195
2008 798.258 35.743 273.193 -0.006725 37.674 0 18.493 1 0.186609
2009 798.258 35.743 273.193 -0.006725 37.674 0 18.493 1 0.186609
2010 798.233 35.749 273.180 -0.006721 37.680 0 18.464 1 0.183022
2011 798.209 35.755 273.167 -0.006718 37.686 0 18.435 1 0.179437
2012 798.209 35.755 273.167 -0.006718 37.686 0 18.435 1 0.179437
2013 798.184 35.762 273.154 -0.006729 37.692 0 18.407 1 0.175857
2014 798.184 35.762 273.154 -0.006729 37.692 0 18.407 1 0.175857
2015 798.159 35.768 273.140 -0.006718 37.698 0 18.378 1 0.172271
2016 798.159 35.768 273.140 -0.006718 37.698 0 18.378 1 0.172271
2017 798.135 35.774 273.127 -0.006733 37.704 0 18.350 1 0.168691
2018 798.135 35.774 273.127 -0.006733 37.704 0 18.350 1 0.168691
2019 798.110 35.780 273.114 -0.006718 37.710 0 18.321 1 0.165105
2020 798.110 35.780 273.114 -0.006718 37.710 0 18.321 1 0.165105
2021 798.085 35.787 273.101 -0.006729 37.716 0 18.292 1 0.161525
2022 798.085 35.787 273.101 -0.006729 37.716 0 18.292 1 0.161525
2023 798.061 35.793 273.087 -0.006741 37.722 0 18.264 1 0.157944
2024 798.061 35.793 273.087 -0.006741 37.722 0 18.264 1 0.157944
2025 798.036 35.799 273.074 -0.006748 37.729 0 18.235 1 0.154362
2026 798.036 35.799 273.074 -0.006748 37.729 0 18.235 1 0.154362
2027 798.012 35.806 273.061 -0.006760 37.735 0 18.206 1 0.150781
2028 798.012 35.806 273.061 -0.006760 37.735 0 18.206 1 0.150781
2029 797.987 35.812 273.048 -0.006767 37.741 0 18.178 1 0.147199
2030 797.987 35.812 273.048 -0.006767 37.741 0 18.178 1 0.147199
2031 797.962 35.818 273.034 -0.006775 37.747 0 18.149 1 0.143618
2032 797.962 35.818 273.034 -0.006775 37.747 0 18.149 1 0.143618
2033 797.938 35.825 273.021 -0.006783 37.753 0 18.120 1 0.140036
2034 797.938 35.825 273.021 -0.006783 37.753 0 18.120 1 0.140036
2035 797.913 35.831 273.008 -0.006798 37.759 0 18.092 1 0.136455
2036 797.913 35.831 273.008 -0.006798 37.759 0 18.092 1 0.136455
2037 797.889 35.837 272.995 -0.006798 37.765 0 18.063 1 0.132870
2038 797.889 35.837 272.995 -0.006798 37.765 0 18.063 1 0.132870
2039 797.864 35.844 272.982 -0.006805 37.771 0 18.034 1 0.129286
2040 797.864 35.844 272.982 -0.006805 37.771 0 18.034 1 0.129286
2041 797.839 35.850 272.968 -0.006817 37.777 0 18.006 1 0.125702
2042 797.839 35.850 272.968 -0.006817 37.777 0 18.006 1 0.125702
2043 797.814 35.856 272.955 -0.006824 37.783 0 17.977 1 0.122117
2044 797.814 35.856 272.955 -0.006824 37.783 0 17.977 1 0.122117
2045 797.790 35.862 272.942 -0.006832 37.789 0 17.948 1 0.118533
2046 797.790 35.862 272.942 -0.006832 37.789 0 17.948 1 0.118533
2047 797.765 35.869 272.929 -0.006844 37.795 0 17.920 1 0.114948
2048 797.765 35.869 272.929 -0.006844 37.795 0 17.920 1 0.114948
2049 797.740 35.875 272.916 -0.006851 37.801 0 17.891 1 0.111364
2050 797.740 35.875 272.916 -0.006851 37.801 0 17.891 1 0.111364
2051 797.716 35.881 272.903 -0.006859 37.807 0 17.862 1 0.107780
2052 797.716 35.881 272.903 -0.006859 37.807 0 17.862 1 0.107780
2053 797.691 35.888 272.890 -0.006870 37.813 0 17.834 1 0.104196
2054 797.691 35.888 272.890 -0.006870 37.813 0 17.834 1 0.104196
2055 797.666 35.894 272.877 -0.006878 37.819 0 17.805 1 0.100612
2056 797.641 35.900 272.864 -0.006886 37.825 0 17.776 1 0.097027
2057 797.641 35.900 272.864 -0.006886 37.825 0 17.776 1 0.097027
2058 797.641 35.900 272.864 -0.006886 37.825 0 17.776 1 0.097027
2059 797.617 35.907 272.851 -0.006897 37.831 0 17.748 1 0.093443
2060 797.617 35.907 272.851 -0.006897 37.831 0 17.748 1 0.093443
2061 797.592 35.913 272.838 -0.006905 37.837 0 17.719 1 0.089858
2062 797.592 35.913 272.838 -0.006905 37.837 0 17.719 1 0.089858
2063 797.567 35.919 272.824 -0.006912 37.843 0 17.690 1 0.086274
2064 797.567 35.919 272.824 -0.006912 37.843 0 17.690 1 0.086274
2065 797.542 35.925 272.811 -0.006641 37.849 0 17.661 1 0.082683
2066 797.542 35.925 272.811 -0.006641 37.849 0 17.661 1 0.082683
2067 797.518 35.931 272.798 -0.006485 37.855 0 17.633 1 0.079094
2068 797.518 35.931 272.798 -0.006485 37.855 0 17.633 1 0.079094
2069 797.493 35.938 272.785 -0.006325 37.861 0 17.604 1 0.075506
2070 797.493 35.938 272.785 -0.006325 37.861 0 17.604 1 0.075506
2071 797.468 35.944 272.772 -0.006165 37.867 0 17.575 1 0.071918
2072 797.468 35.944 272.772 -0.006165 37.867 0 17.575 1 0.071918
2073 797.443 35.951 272.759 -0.006813 37.873 0 17.547 1 0.068336
2074 797.443 35.951 272.759 -0.006813 37.873 0 17.547 1 0.068336
2075 797.419 35.956 272.746 -0.006306 37.879 0 17.518 1 0.064750
2076 797.419 35.956 272.746 -0.006306 37.879 0 17.518 1 0.064750
2077 797.394 35.963 272.733 -0.006104 37.885 0 17.489 1 0.061168
2078 797.394 35.963 272.733 -0.006104 37.885 0 17.489 1 0.061168
2079 797.369 35.969 272.720 -0.006187 37.891 0 17.461 1 0.057587
2080 797.369 35.969 272.720 -0.006187 37.891 0 17.461 1 0.057587
2081 797.344 35.975 272.707 -0.006264 37.897 0 17.432 1 0.054007
2082 797.344 35.975 272.707 -0.006264 37.897 0 17.432 1 0.054007
2083 797.320 35.982 272.694 -0.006348 37.903 0 17.403 1 0.050426
2084 797.320 35.982 272.694 -0.006348 37.903 0 17.403 1 0.050426
2085 797.295 35.988 272.681 -0.006424 37.909 0 17.375 1 0.046844
2086 797.295 35.988 272.681 -0.006424 37.909 0 17.375 1 0.046844
2087 797.270 35.994 272.668 -0.006504 37.915 0 17.346 1 0.043263
2088 797.270 35.994 272.668 -0.006504 37.915 0 17.346 1 0.043263
2089 797.245 36.001 272.655 -0.006580 37.921 0 17.317 1 0.039681
2090 797.245 36.001 272.655 -0.006580 37.921 0 17.317 1 0.039681
2091 797.221 36.007 272.642 -0.006660 37.927 0 17.289 1 0.036098
2092 797.221 36.007 272.642 -0.006660 37.927 0 17.289 1 0.036098
2093 797.196 36.014 272.629 -0.006741 37.933 0 17.260 1 0.032516
2094 797.196 36.014 272.629 -0.006741 37.933 0 17.260 1 0.032516
2095 797.171 36.020 272.616 -0.007122 37.939 0 17.231 1 0.028934
2096 797.171 36.020 272.616 -0.007122 37.939 0 17.231 1 0.028934
2097 797.147 36.026 272.603 -0.006927 37.945 0 17.203 1 0.025352
2098 797.147 36.026 272.603 -0.006927 37.945 0 17.203 1 0.025352
2099 797.122 36.033 272.590 -0.007034 37.951 0 17.174 1 0.021770
2100 797.122 36.033 272.590 -0.007034 37.951 0 17.174 1 0.021770
2101 797.097 36.039 272.577 -0.007130 37.957 0 17.146 1 0.018188
2102 797.072 36.045 272.564 -0.007229 37.963 0 17.117 1 0.014607
2103 797.048 36.052 272.551 -0.007324 37.969 0 17.088 1 0.011026
2104 797.048 36.052 272.551 -0.007324 37.969 0 17.088 1 0.011026
2105 797.023 36.058 272.538 -0.007427 37.975 0 17.060 1 0.007444
2106 797.023 36.058 272.538 -0.007427 37.975 0 17.060 1 0.007444
2107 797.023 36.058 272.538 -0.007427 37.975 0 17.060 1 0.007444
2108 796.998 36.065 272.525 -0.007519 37.981 0 17.031 1 0.003861
2109 796.998 36.065 272.525 -0.007519 37.981 0 17.031 1 0.003861
2110 796.974 36.072 272.512 -0.008244 37.987 0 17.002 1 0.000288
2111 796.974 36.072 272.512 -0.008244 37.987 0 17.002 1 0.000288
2112 796.949 36.078 272.499 -0.007992 37.993 0 16.974 1 0.000000
2113 796.949 36.078 272.499 -0.007992 37.993 0 16.974 1 0.000000
2114 796.924 36.084 272.486 -0.007839 37.999 0 16.945 1 0.000000
2115 796.924 36.084 272.486 -0.007839 37.999 0 16.945 1 0.000000
2116 796.900 36.090 272.473 -0.007935 38.005 0 16.916 1 0.000000
2117 796.875 36.097 272.460 -0.008041 38.011 0 16.888 1 0.000000
2118 796.850 36.103 272.447 -0.008144 38.017 0 16.859 1 0.000000
2119 796.850 36.103 272.447 -0.008144 38.017 0 16.859 1 0.000000
2120 796.850 36.103 272.447 -0.008144 38.017 0 16.859 1 0.000000
2121 796.825 36.109 272.434 -0.008263 38.023 0 16.830 1 0.000000
2122 796.825 36.109 272.434 -0.008263 38.023 0 16.830 1 0.000000
2123 796.801 36.116 272.421 -0.008358 38.029 0 16.802 1 0.000000
2124 796.801 36.116 272.421 -0.008358 38.029 0 16.802 1 0.000000
2125 796.776 36.122 272.408 -0.008476 38.035 0 16.773 1 0.000000
2126 796.776 36.122 272.408 -0.008476 38.035 0 16.773 1 0.000000
2127 796.751 36.129 272.395 -0.008568 38.041 0 16.745 1 0.000000
2128 796.751 36.129 272.395 -0.008568 38.041 0 16.745 1 0.000000
2129 796.727 36.135 272.382 -0.008690 38.047 0 16.716 1 0.000000
2130 796.702 36.141 272.369 -0.008781 38.054 0 16.687 1 0.000000
2131 796.702 36.141 272.369 -0.008781 38.054 0 16.687 1 0.000000
2132 796.677 36.148 272.356 -0.008896 38.060 0 16.659 1 0.000000
2133 796.628 36.161 272.329 -0.009109 38.072 0 16.601 1 0.000000
2134 796.628 36.161 272.329 -0.009109 38.072 0 16.601 1 0.000000
2135 796.603 36.167 272.316 -0.008965 38.078 0 16.573 1 0.000000
2136 796.603 36.167 272.316 -0.008965 38.078 0 16.573 1 0.000000
2137 796.578 36.173 272.303 -0.008911 38.084 0 16.544 1 0.000000
2138 796.554 36.179 272.290 -0.008858 38.090 0 16.515 1 0.000000
2139 796.554 36.179 272.290 -0.008858 38.090 0 16.515 1 0.000000
2140 796.529 36.185 272.277 -0.008808 38.096 0 16.487 1 0.000000
2141 796.529 36.185 272.277 -0.008808 38.096 0 16.487 1 0.000000
2142 796.504 36.192 272.264 -0.008755 38.102 0 16.458 1 0.000000
2143 796.479 36.198 272.251 -0.008705 38.108 0 16.429 1 0.000000
2144 796.479 36.198 272.251 -0.008705 38.108 0 16.429 1 0.000000
2145 796.479 36.198 272.251 -0.008705 38.108 0 16.429 1 0.000000
2146 796.454 36.204 272.238 -0.008656 38.115 0 16.401 1 0.000000
2147 796.454 36.204 272.238 -0.008656 38.115 0 16.401 1 0.000000
2148 796.430 36.210 272.225 -0.008606 38.121 0 16.372 1 0.000000
2149 796.430 36.210 272.225 -0.008606 38.121 0 16.372 1 0.000000
2150 796.405 36.217 272.212 -0.008553 38.127 0 16.343 1 0.000000
2151 796.405 36.217 272.212 -0.008553 38.127 0 16.343 1 0.000000
2152 796.380 36.223 272.199 -0.008503 38.133 0 16.315 1 0.000000
2153 796.380 36.223 272.199 -0.008503 38.133 0 16.315 1 0.000000
2154 796.355 36.229 272.186 -0.008450 38.139 0 16.286 1 0.000000
2155 796.355 36.229 272.186 -0.008450 38.139 0 16.286 1 0.000000
2156 796.331 36.235 272.173 -0.008400 38.145 0 16.257 1 0.000000
2157 796.331 36.235 272.173 -0.008400 38.145 0 16.257 1 0.000000
2158 796.306 36.242 272.160 -0.008350 38.151 0 16.229 1 0.000000
2159 796.306 36.242 272.160 -0.008350 38.151 0 16.229 1 0.000000
2160 796.281 36.248 272.147 -0.008297 38.157 0 16.200 1 0.000000
2161 796.281 36.248 272.147 -0.008297 38.157 0 16.200 1 0.000000
2162 796.256 36.254 272.134 -0.008247 38.164 0 16.171 1 0.000000
2163 796.256 36.254 272.134 -0.008247 38.164 0 16.171 1 0.000000
2164 796.231 36.260 272.121 -0.008194 38.170 0 16.142 1 0.000000
2165 796.231 36.260 272.121 -0.008194 38.170 0 16.142 1 0.000000
2166 796.207 36.267 272.108 -0.008148 38.176 0 16.114 1 0.000000
2167 796.207 36.267 272.108 -0.008148 38.176 0 16.114 1 0.000000
2168 796.182 36.273 272.095 -0.008095 38.182 0 16.085 1 0.000000
2169 796.182 36.273 272.095 -0.008095 38.182 0 16.085 1 0.000000
2170 796.157 36.279 272.082 -0.008041 38.188 0 16.056 1 0.000000
2171 796.157 36.279 272.082 -0.008041 38.188 0 16.056 1 0.000000
2172 796.132 36.285 272.069 -0.007992 38.194 0 16.028 1 0.000000
2173 796.132 36.285 272.069 -0.007992 38.194 0 16.028 1 0.000000
2174 796.108 36.292 272.056 -0.007938 38.201 0 15.999 1 0.000000
2175 796.108 36.292 272.056 -0.007938 38.201 0 15.999 1 0.000000
2176 796.083 36.298 272.043 -0.007889 38.207 0 15.970 1 0.000000
2177 796.083 36.298 272.043 -0.007889 38.207 0 15.970 1 0.000000
2178 796.058 36.304 272.030 -0.007839 38.213 0 15.942 1 0.000000
2179 796.058 36.304 272.030 -0.007839 38.213 0 15.942 1 0.000000
2180 796.033 36.311 272.017 -0.007893 38.219 0 15.913 1 0.000000
2181 796.033 36.311 272.017 -0.007893 38.219 0 15.913 1 0.000000
2182 796.009 36.317 272.004 -0.007931 38.225 0 15.884 1 0.000000
2183 796.009 36.317 272.004 -0.007931 38.225 0 15.884 1 0.000000
2184 795.984 36.323 271.990 -0.007969 38.232 0 15.856 1 0.000000
2185 795.959 36.330 271.977 -0.008003 38.238 0 15.827 1 0.000000
2186 795.959 36.330 271.977 -0.008003 38.238 0 15.827 1 0.000000
2187 795.959 36.330 271.977 -0.008003 38.238 0 15.827 1 0.000000
2188 795.935 36.336 271.964 -0.008038 38.244 0 15.799 1 0.000000
2189 795.935 36.336 271.964 -0.008038 38.244 0 15.799 1 0.000000
2190 795.910 36.342 271.951 -0.008072 38.251 0 15.770 1 0.000000
2191 795.910 36.342 271.951 -0.008072 38.251 0 15.770 1 0.000000
2192 795.885 36.349 271.938 -0.008110 38.257 0 15.741 1 0.000000
2193 795.885 36.349 271.938 -0.008110 38.257 0 15.741 1 0.000000
2194 795.861 36.355 271.925 -0.008144 38.263 0 15.713 1 0.000000
2195 795.861 36.355 271.925 -0.008144 38.263 0 15.713 1 0.000000
2196 795.836 36.361 271.912 -0.008183 38.269 0 15.684 1 0.000000
2197 795.713 36.393 271.846 -0.008362 38.301 0 15.541 1 0.000000
2198 795.713 36.393 271.846 -0.008362 38.301 0 15.541 1 0.000000
2199 795.688 36.399 271.833 -0.008396 38.307 0 15.512 1 0.000000
2200 795.688 36.399 271.833 -0.008396 38.307 0 15.512 1 0.000000
2201 795.663 36.405 271.820 -0.008434 38.314 0 15.484 1 0.000000
2202 795.663 36.405 271.820 -0.008434 38.314 0 15.484 1 0.000000
2203 795.639 36.412 271.807 -0.008469 38.320 0 15.455 1 0.000000
2204 795.639 36.412 271.807 -0.008469 38.320 0 15.455 1 0.000000
2205 795.614 36.418 271.794 -0.008507 38.326 0 15.426 1 0.000000
2206 795.614 36.418 271.794 -0.008507 38.326 0 15.426 1 0.000000
2207 795.589 36.424 271.781 -0.008537 38.333 0 15.398 1 0.000000
2208 795.589 36.424 271.781 -0.008537 38.333 0 15.398 1 0.000000
2209 795.565 36.431 271.768 -0.008575 38.339 0 15.369 1 0.000000
2210 795.565 36.431 271.768 -0.008575 38.339 0 15.369 1 0.000000
2211 795.540 36.437 271.755 -0.008583 38.345 0 15.340 1 0.000000
2212 795.540 36.437 271.755 -0.008583 38.345 0 15.340 1 0.000000
2213 795.515 36.443 271.742 -0.008606 38.352 0 15.312 1 0.000000
2214 795.515 36.443 271.742 -0.008606 38.352 0 15.312 1 0.000000
2215 795.491 36.450 271.729 -0.008629 38.358 0 15.283 1 0.000000
2216 795.491 36.450 271.729 -0.008629 38.358 0 15.283 1 0.000000
2217 795.466 36.456 271.716 -0.008652 38.364 0 15.254 1 0.000000
2218 795.466 36.456 271.716 -0.008652 38.364 0 15.254 1 0.000000
2219 795.441 36.462 271.702 -0.008675 38.371 0 15.226 1 0.000000
2220 795.441 36.462 271.702 -0.008675 38.371 0 15.226 1 0.000000
2221 795.417 36.469 271.689 -0.008698 38.377 0 15.197 1 0.000000
2222 795.417 36.469 271.689 -0.008698 38.377 0 15.197 1 0.000000
2223 795.392 36.475 271.676 -0.008717 38.383 0 15.168 1 0.000000
2224 795.392 36.475 271.676 -0.008717 38.383 0 15.168 1 0.000000
2225 795.367 36.481 271.663 -0.008743 38.390 0 15.140 1 0.000000
2226 795.367 36.481 271.663 -0.008743 38.390 0 15.140 1 0.000000
2227 795.342 36.488 271.650 -0.008762 38.396 0 15.111 1 0.000000
2228 795.342 36.488 271.650 -0.008762 38.396 0 15.111 1 0.000000
2229 795.318 36.494 271.637 -0.008785 38.402 0 15.082 1 0.000000
2230 795.318 36.494 271.637 -0.008785 38.402 0 15.082 1 0.000000
2231 795.293 36.500 271.624 -0.008808 38.409 0 15.054 1 0.000000
2232 795.268 36.507 271.611 -0.008831 38.415 0 15.025 1 0.000000
2233 795.145 36.538 271.545 -0.008942 38.447 0 14.881 1 0.000000
2234 795.145 36.538 271.545 -0.008942 38.447 0 14.881 1 0.000000
2235 795.120 36.545 271.532 -0.008965 38.454 0 14.853 1 0.000000
2236 795.120 36.545 271.532 -0.008965 38.454 0 14.853 1 0.000000
2237 795.095 36.551 271.519 -0.008957 38.460 0 14.824 1 0.000000
2238 795.095 36.551 271.519 -0.008957 38.460 0 14.824 1 0.000000
2239 795.070 36.557 271.506 -0.008957 38.467 0 14.795 1 0.000000
2240 795.070 36.557 271.506 -0.008957 38.467 0 14.795 1 0.000000
2241 795.046 36.563 271.493 -0.008957 38.473 0 14.767 1 0.000000
2242 795.046 36.563 271.493 -0.008957 38.473 0 14.767 1 0.000000
2243 795.021 36.570 271.479 -0.008957 38.480 0 14.738 1 0.000000
2244 795.021 36.570 271.479 -0.008957 38.480 0 14.738 1 0.000000
2245 794.996 36.576 271.466 -0.008957 38.486 0 14.709 1 0.000000
2246 794.996 36.576 271.466 -0.008957 38.486 0 14.709 1 0.000000
2247 794.972 36.582 271.453 -0.008957 38.493 0 14.681 1 0.000000
2248 794.972 36.582 271.453 -0.008957 38.493 0 14.681 1 0.000000
2249 794.947 36.589 271.440 -0.008961 38.499 0 14.652 1 0.000000
2250 794.947 36.589 271.440 -0.008961 38.499 0 14.652 1 0.000000
2251 794.922 36.595 271.427 -0.008961 38.506 0 14.623 1 0.000000
2252 794.922 36.595 271.427 -0.008961 38.506 0 14.623 1 0.000000
2253 794.897 36.601 271.414 -0.008961 38.512 0 14.595 1 0.000000
2254 794.897 36.601 271.414 -0.008961 38.512 0 14.595 1 0.000000
2255 794.873 36.608 271.401 -0.008961 38.519 0 14.566 1 0.000000
2256 794.873 36.608 271.401 -0.008961 38.519 0 14.566 1 0.000000
2257 794.848 36.614 271.388 -0.008961 38.525 0 14.537 1 0.000000
2258 794.848 36.614 271.388 -0.008961 38.525 0 14.537 1 0.000000
2259 794.823 36.620 271.374 -0.008961 38.532 0 14.509 1 0.000000
2260 794.823 36.620 271.374 -0.008961 38.532 0 14.509 1 0.000000
2261 794.799 36.626 271.361 -0.008961 38.538 0 14.480 1 0.000000
2262 794.799 36.626 271.361 -0.008961 38.538 0 14.480 1 0.000000
2263 794.774 36.633 271.348 -0.008961 38.545 0 14.451 1 0.000000
2264 794.774 36.633 271.348 -0.008961 38.545 0 14.451 1 0.000000
2265 794.749 36.639 271.335 -0.008961 38.551 0 14.422 1 0.000000
2266 794.749 36.639 271.335 -0.008961 38.551 0 14.422 1 0.000000
2267 794.724 36.645 271.322 -0.008961 38.558 0 14.394 1 0.000000
2268 794.724 36.645 271.322 -0.008961 38.558 0 14.394 1 0.000000
2269 794.700 36.652 271.309 -0.008961 38.564 0 14.365 1 0.000000
2270 794.700 36.652 271.309 -0.008961 38.564 0 14.365 1 0.000000
2271 794.675 36.658 271.296 -0.008961 38.571 0 14.336 1 0.000000
2272 794.675 36.658 271.296 -0.008961 38.571 0 14.336 1 0.000000
2273 794.650 36.664 271.283 -0.008961 38.577 0 14.308 1 0.000000
2274 794.650 36.664 271.283 -0.008961 38.577 0 14.308 1 0.000000
2275 794.625 36.671 271.270 -0.008961 38.584 0 14.279 1 0.000000
2276 794.625 36.671 271.270 -0.008961 38.584 0 14.279 1 0.000000
2277 794.601 36.677 271.256 -0.008965 38.590 0 14.250 1 0.000000
2278 794.601 36.677 271.256 -0.008965 38.590 0 14.250 1 0.000000
2279 794.576 36.683 271.243 -0.008965 38.597 0 14.222 1 0.000000
2280 794.576 36.683 271.243 -0.008965 38.597 0 14.222 1 0.000000
2281 794.551 36.689 271.230 -0.008965 38.604 0 14.193 1 0.000000
2282 794.551 36.689 271.230 -0.008965 38.604 0 14.193 1 0.000000
2283 794.527 36.696 271.217 -0.008972 38.610 0 14.164 1 0.000000
2284 794.527 36.696 271.217 -0.008972 38.610 0 14.164 1 0.000000
2285 794.502 36.702 271.204 -0.008980 38.617 0 14.136 1 0.000000
2286 794.502 36.702 271.204 -0.008980 38.617 0 14.136 1 0.000000
2287 794.477 36.708 271.191 -0.008984 38.623 0 14.107 1 0.000000
2288 794.477 36.708 271.191 -0.008984 38.623 0 14.107 1 0.000000
2289 794.452 36.715 271.178 -0.008991 38.630 0 14.078 1 0.000000
2290 794.452 36.715 271.178 -0.008991 38.630 0 14.078 1 0.000000
2291 794.428 36.721 271.165 -0.008995 38.636 0 14.050 1 0.000000
2292 794.428 36.721 271.165 -0.008995 38.636 0 14.050 1 0.000000
2293 794.403 36.727 271.151 -0.009003 38.643 0 14.021 1 0.000000
2294 794.403 36.727 271.151 -0.009003 38.643 0 14.021 1 0.000000
2295 794.378 36.734 271.138 -0.009007 38.650 0 13.992 1 0.000000
2296 794.378 36.734 271.138 -0.009007 38.650 0 13.992 1 0.000000
2297 794.354 36.740 271.125 -0.009010 38.656 0 13.963 1 0.000000
2298 794.354 36.740 271.125 -0.009010 38.656 0 13.963 1 0.000000
2299 794.329 36.746 271.112 -0.009018 38.663 0 13.935 1 0.000000
2300 794.329 36.746 271.112 -0.009018 38.663 0 13.935 1 0.000000
2301 794.304 36.753 271.099 -0.009022 38.669 0 13.906 1 0.000000
2302 794.304 36.753 271.099 -0.009022 38.669 0 13.906 1 0.000000
2303 794.279 36.759 271.086 -0.009029 38.676 0 13.877 1 0.000000
2304 794.279 36.759 271.086 -0.009029 38.676 0 13.877 1 0.000000
2305 794.255 36.765 271.073 -0.009037 38.683 0 13.849 1 0.000000
2306 794.255 36.765 271.073 -0.009037 38.683 0 13.849 1 0.000000
2307 794.230 36.771 271.060 -0.009052 38.689 0 13.820 1 0.000000
2308 794.230 36.771 271.060 -0.009052 38.689 0 13.820 1 0.000000
2309 794.205 36.778 271.046 -0.009048 38.696 0 13.791 1 0.000000
2310 794.205 36.778 271.046 -0.009048 38.696 0 13.791 1 0.000000
2311 794.181 36.784 271.033 -0.009064 38.703 0 13.763 1 0.000000
2312 794.181 36.784 271.033 -0.009064 38.703 0 13.763 1 0.000000
2313 794.156 36.790 271.020 -0.009060 38.709 0 13.734 1 0.000000
2314 794.156 36.790 271.020 -0.009060 38.709 0 13.734 1 0.000000
2315 794.131 36.797 271.007 -0.009064 38.716 0 13.705 1 0.000000
2316 794.131 36.797 271.007 -0.009064 38.716 0 13.705 1 0.000000
2317 794.107 36.803 270.994 -0.009079 38.723 0 13.677 1 0.000000
2318 794.107 36.803 270.994 -0.009079 38.723 0 13.677 1 0.000000
2319 794.082 36.809 270.981 -0.009094 38.729 0 13.648 1 0.000000
2320 794.082 36.809 270.981 -0.009094 38.729 0 13.648 1 0.000000
2321 794.057 36.816 270.968 -0.009102 38.736 0 13.619 1 0.000000
2322 794.057 36.816 270.968 -0.009102 38.736 0 13.619 1 0.000000
2323 794.033 36.822 270.955 -0.009113 38.743 0 13.591 1 0.000000
2324 794.033 36.822 270.955 -0.009113 38.743 0 13.591 1 0.000000
2325 794.008 36.828 270.941 -0.009121 38.749 0 13.562 1 0.000000
2326 794.008 36.828 270.941 -0.009121 38.749 0 13.562 1 0.000000
2327 793.983 36.834 270.928 -0.009129 38.756 0 13.534 1 0.000000
2328 793.983 36.834 270.928 -0.009129 38.756 0 13.534 1 0.000000
2329 793.959 36.841 270.915 -0.009140 38.763 0 13.505 1 0.000000
2330 793.959 36.841 270.915 -0.009140 38.763 0 13.505 1 0.000000
2331 793.934 36.847 270.902 -0.009151 38.770 0 13.476 1 0.000000
2332 793.934 36.847 270.902 -0.009151 38.770 0 13.476 1 0.000000
2333 793.909 36.853 270.889 -0.009159 38.776 0 13.448 1 0.000000
2334 793.909 36.853 270.889 -0.009159 38.776 0 13.448 1 0.000000
2335 793.885 36.860 270.876 -0.009167 38.783 0 13.419 1 0.000000
2336 793.885 36.860 270.876 -0.009167 38.783 0 13.419 1 0.000000
2337 793.860 36.866 270.863 -0.009174 38.790 0 13.390 1 0.000000
2338 793.860 36.866 270.863 -0.009174 38.790 0 13.390 1 0.000000
2339 793.835 36.872 270.850 -0.009186 38.797 0 13.362 1 0.000000
2340 793.835 36.872 270.850 -0.009186 38.797 0 13.362 1 0.000000
2341 793.811 36.879 270.836 -0.009197 38.803 0 13.333 1 0.000000
2342 793.811 36.879 270.836 -0.009197 38.803 0 13.333 1 0.000000
2343 793.786 36.885 270.823 -0.009205 38.810 0 13.305 1 0.000000
2344 793.786 36.885 270.823 -0.009205 38.810 0 13.305 1 0.000000
2345 793.761 36.891 270.810 -0.009212 38.817 0 13.276 1 0.000000
2346 793.712 36.904 270.784 -0.009232 38.830 0 13.219 1 0.000000
2347 793.712 36.904 270.784 -0.009232 38.830 0 13.219 1 0.000000
2348 793.687 36.910 270.771 -0.009243 38.837 0 13.190 1 0.000000
2349 793.687 36.910 270.771 -0.009243 38.837 0 13.190 1 0.000000
2350 793.663 36.916 270.758 -0.009251 38.844 0 13.161 1 0.000000
2351 793.663 36.916 270.758 -0.009251 38.844 0 13.161 1 0.000000
2352 793.638 36.923 270.745 -0.009514 38.851 0 13.133 1 0.000000
2353 793.638 36.923 270.745 -0.009514 38.851 0 13.133 1 0.000000
2354 793.614 36.929 270.732 -0.009689 38.858 0 13.104 1 0.000000
2355 793.614 36.929 270.732 -0.009689 38.858 0 13.104 1 0.000000
2356 793.589 36.936 270.718 -0.009861 38.864 0 13.076 1 0.000000
2357 793.564 36.942 270.705 -0.010033 38.871 0 13.047 1 0.000000
2358 793.564 36.942 270.705 -0.010033 38.871 0 13.047 1 0.000000
2359 793.564 36.942 270.705 -0.010033 38.871 0 13.047 1 0.000000
2360 793.540 36.949 270.692 -0.010204 38.878 0 13.018 1 0.000000
2361 793.540 36.949 270.692 -0.010204 38.878 0 13.018 1 0.000000
2362 793.515 36.955 270.679 -0.010052 38.885 0 12.990 1 0.000000
2363 793.515 36.955 270.679 -0.010052 38.885 0 12.990 1 0.000000
2364 793.490 36.961 270.666 -0.010002 38.892 0 12.961 1 0.000000
2365 793.490 36.961 270.666 -0.010002 38.892 0 12.961 1 0.000000
2366 793.466 36.967 270.653 -0.009953 38.899 0 12.932 1 0.000000
2367 793.466 36.967 270.653 -0.009953 38.899 0 12.932 1 0.000000
2368 793.441 36.974 270.640 -0.009907 38.905 0 12.904 1 0.000000
2369 793.416 36.980 270.626 -0.009861 38.912 0 12.875 1 0.000000
2370 793.416 36.980 270.626 -0.009861 38.912 0 12.875 1 0.000000
2371 793.391 36.986 270.613 -0.009815 38.919 0 12.846 1 0.000000
2372 793.367 36.992 270.600 -0.009769 38.926 0 12.817 1 0.000000
2373 793.342 36.999 270.587 -0.009724 38.933 0 12.789 1 0.000000
2374 793.342 36.999 270.587 -0.009724 38.933 0 12.789 1 0.000000
2375 793.342 36.999 270.587 -0.009724 38.933 0 12.789 1 0.000000
2376 793.317 37.005 270.574 -0.009674 38.940 0 12.760 1 0.000000
2377 793.317 37.005 270.574 -0.009674 38.940 0 12.760 1 0.000000
2378 793.293 37.011 270.560 -0.009628 38.947 0 12.731 1 0.000000
2379 793.293 37.011 270.560 -0.009628 38.947 0 12.731 1 0.000000
2380 793.268 37.017 270.547 -0.009583 38.954 0 12.703 1 0.000000
2381 793.268 37.017 270.547 -0.009583 38.954 0 12.703 1 0.000000
2382 793.243 37.024 270.534 -0.009537 38.961 0 12.674 1 0.000000
2383 793.243 37.024 270.534 -0.009537 38.961 0 12.674 1 0.000000
2384 793.219 37.030 270.521 -0.009945 38.968 0 12.645 1 0.000000
2385 793.219 37.030 270.521 -0.009945 38.968 0 12.645 1 0.000000
2386 793.194 37.036 270.508 -0.009575 38.975 0 12.617 1 0.000000
2387 793.169 37.043 270.495 -0.009590 38.981 0 12.588 1 0.000000
2388 793.169 37.043 270.495 -0.009590 38.981 0 12.588 1 0.000000
2389 793.144 37.049 270.482 -0.009586 38.988 0 12.559 1 0.000000
2390 793.144 37.049 270.482 -0.009586 38.988 0 12.559 1 0.000000
2391 793.120 37.055 270.469 -0.009605 38.995 0 12.531 1 0.000000
2392 793.120 37.055 270.469 -0.009605 38.995 0 12.531 1 0.000000
2393 793.095 37.062 270.455 -0.009602 39.002 0 12.502 1 0.000000
2394 793.095 37.062 270.455 -0.009602 39.002 0 12.502 1 0.000000
2395 793.070 37.068 270.442 -0.009617 39.009 0 12.473 1 0.000000
2396 793.070 37.068 270.442 -0.009617 39.009 0 12.473 1 0.000000
2397 793.046 37.074 270.429 -0.009613 39.016 0 12.445 1 0.000000
2398 793.046 37.074 270.429 -0.009613 39.016 0 12.445 1 0.000000
2399 793.021 37.080 270.416 -0.009636 39.023 0 12.416 1 0.000000
2400 793.021 37.080 270.416 -0.009636 39.023 0 12.416 1 0.000000
2401 792.996 37.087 270.403 -0.009632 39.030 0 12.387 1 0.000000
2402 792.996 37.087 270.403 -0.009632 39.030 0 12.387 1 0.000000
2403 792.972 37.093 270.390 -0.009651 39.037 0 12.359 1 0.000000
2404 792.972 37.093 270.390 -0.009651 39.037 0 12.359 1 0.000000
2405 792.947 37.099 270.377 -0.009644 39.044 0 12.330 1 0.000000
2406 792.947 37.099 270.377 -0.009644 39.044 0 12.330 1 0.000000
2407 792.922 37.106 270.364 -0.009663 39.051 0 12.301 1 0.000000
2408 792.922 37.106 270.364 -0.009663 39.051 0 12.301 1 0.000000
2409 792.897 37.112 270.350 -0.009659 39.058 0 12.273 1 0.000000
2410 792.897 37.112 270.350 -0.009659 39.058 0 12.273 1 0.000000
2411 792.873 37.118 270.337 -0.009682 39.065 0 12.244 1 0.000000
2412 792.873 37.118 270.337 -0.009682 39.065 0 12.244 1 0.000000
2413 792.848 37.125 270.324 -0.009674 39.072 0 12.215 1 0.000000
2414 792.848 37.125 270.324 -0.009674 39.072 0 12.215 1 0.000000
2415 792.823 37.131 270.311 -0.009693 39.079 0 12.187 1 0.000000
2416 792.823 37.131 270.311 -0.009693 39.079 0 12.187 1 0.000000
2417 792.799 37.137 270.298 -0.009701 39.086 0 12.158 1 0.000000
2418 792.799 37.137 270.298 -0.009701 39.086 0 12.158 1 0.000000
2419 792.774 37.143 270.285 -0.009708 39.093 0 12.129 1 0.000000
2420 792.774 37.143 270.285 -0.009708 39.093 0 12.129 1 0.000000
2421 792.749 37.150 270.272 -0.009712 39.100 0 12.101 1 0.000000
2422 792.749 37.150 270.272 -0.009712 39.100 0 12.101 1 0.000000
2423 792.725 37.156 270.259 -0.009724 39.107 0 12.072 1 0.000000
2424 792.725 37.156 270.259 -0.009724 39.107 0 12.072 1 0.000000
2425 792.700 37.162 270.245 -0.009731 39.114 0 12.044 1 0.000000
2426 792.700 37.162 270.245 -0.009731 39.114 0 12.044 1 0.000000
2427 792.675 37.169 270.232 -0.009731 39.121 0 12.015 1 0.000000
2428 792.675 37.169 270.232 -0.009731 39.121 0 12.015 1 0.000000
2429 792.651 37.175 270.219 -0.009743 39.128 0 11.986 1 0.000000
2430 792.651 37.175 270.219 -0.009743 39.128 0 11.986 1 0.000000
2431 792.626 37.181 270.206 -0.009754 39.135 0 11.958 1 0.000000
2432 792.626 37.181 270.206 -0.009754 39.135 0 11.958 1 0.000000
2433 792.602 37.188 270.193 -0.009758 39.142 0 11.929 1 0.000000
2434 792.602 37.188 270.193 -0.009758 39.142 0 11.929 1 0.000000
2435 792.577 37.194 270.180 -0.009758 39.150 0 11.900 1 0.000000
2436 792.577 37.194 270.180 -0.009758 39.150 0 11.900 1 0.000000
2437 792.552 37.200 270.167 -0.009762 39.157 0 11.872 1 0.000000
2438 792.552 37.200 270.167 -0.009762 39.157 0 11.872 1 0.000000
2439 792.528 37.206 270.153 -0.009758 39.164 0 11.843 1 0.000000
2440 792.528 37.206 270.153 -0.009758 39.164 0 11.843 1 0.000000
2441 792.503 37.213 270.140 -0.009762 39.171 0 11.814 1 0.000000
2442 792.503 37.213 270.140 -0.009762 39.171 0 11.814 1 0.000000
2443 792.478 37.219 270.127 -0.009762 39.178 0 11.786 1 0.000000
2444 792.454 37.225 270.114 -0.009762 39.186 0 11.757 1 0.000000
2445 792.454 37.225 270.114 -0.009762 39.186 0 11.757 1 0.000000
2446 792.429 37.232 270.100 -0.009762 39.193 0 11.728 1 0.000000
2447 792.429 37.232 270.100 -0.009762 39.193 0 11.728 1 0.000000
2448 792.404 37.238 270.087 -0.009762 39.200 0 11.700 1 0.000000
2449 792.380 37.244 270.074 -0.009762 39.207 0 11.671 1 0.000000
2450 792.380 37.244 270.074 -0.009762 39.207 0 11.671 1 0.000000
2451 792.355 37.251 270.061 -0.009766 39.214 0 11.642 1 0.000000
2452 792.355 37.251 270.061 -0.009766 39.214 0 11.642 1 0.000000
2453 792.330 37.257 270.048 -0.009766 39.222 0 11.614 1 0.000000
2454 792.330 37.257 270.048 -0.009766 39.222 0 11.614 1 0.000000
2455 792.306 37.263 270.034 -0.009762 39.229 0 11.585 1 0.000000
2456 792.306 37.263 270.034 -0.009762 39.229 0 11.585 1 0.000000
2457 792.281 37.269 270.021 -0.009766 39.236 0 11.556 1 0.000000
2458 792.256 37.276 270.008 -0.009766 39.243 0 11.528 1 0.000000
2459 792.256 37.276 270.008 -0.009766 39.243 0 11.528 1 0.000000
2460 792.256 37.276 270.008 -0.009766 39.243 0 11.528 1 0.000000
2461 792.232 37.282 269.995 -0.009766 39.251 0 11.499 1 0.000000
2462 792.232 37.282 269.995 -0.009766 39.251 0 11.499 1 0.000000
2463 792.207 37.288 269.982 -0.009766 39.258 0 11.470 1 0.000000
2464 792.207 37.288 269.982 -0.009766 39.258 0 11.470 1 0.000000
2465 792.182 37.295 269.968 -0.009766 39.265 0 11.442 1 0.000000
2466 792.182 37.295 269.968 -0.009766 39.265 0 11.442 1 0.000000
2467 792.158 37.301 269.955 -0.009769 39.273 0 11.413 1 0.000000
2468 792.158 37.301 269.955 -0.009769 39.273 0 11.413 1 0.000000
2469 792.133 37.307 269.942 -0.009769 39.280 0 11.384 1 0.000000
2470 792.133 37.307 269.942 -0.009769 39.280 0 11.384 1 0.000000
2471 792.108 37.314 269.929 -0.009766 39.287 0 11.355 1 0.000000
2472 792.084 37.320 269.915 -0.009769 39.295 0 11.327 1 0.000000
2473 792.084 37.320 269.915 -0.009769 39.295 0 11.327 1 0.000000
2474 792.084 37.320 269.915 -0.009769 39.295 0 11.327 1 0.000000
2475 792.059 37.326 269.902 -0.009769 39.302 0 11.298 1 0.000000
2476 792.059 37.326 269.902 -0.009769 39.302 0 11.298 1 0.000000
2477 792.034 37.332 269.889 -0.009769 39.309 0 11.269 1 0.000000
2478 792.034 37.332 269.889 -0.009769 39.309 0 11.269 1 0.000000
2479 792.010 37.339 269.876 -0.009773 39.317 0 11.241 1 0.000000
2480 792.010 37.339 269.876 -0.009773 39.317 0 11.241 1 0.000000
2481 791.985 37.345 269.863 -0.009769 39.324 0 11.212 1 0.000000
2482 791.985 37.345 269.863 -0.009769 39.324 0 11.212 1 0.000000
2483 791.960 37.351 269.849 -0.009769 39.331 0 11.183 1 0.000000
2484 791.960 37.351 269.849 -0.009769 39.331 0 11.183 1 0.000000
2485 791.936 37.358 269.836 -0.009773 39.339 0 11.155 1 0.000000
2486 791.936 37.358 269.836 -0.009773 39.339 0 11.155 1 0.000000
2487 791.911 37.364 269.823 -0.009773 39.346 0 11.126 1 0.000000
2488 791.886 37.370 269.810 -0.009769 39.353 0 11.097 1 0.000000
2489 791.886 37.370 269.810 -0.009769 39.353 0 11.097 1 0.000000
2490 791.862 37.377 269.797 -0.009773 39.361 0 11.069 1 0.000000
2491 791.837 37.383 269.783 -0.009773 39.368 0 11.040 1 0.000000
2492 791.837 37.383 269.783 -0.009773 39.368 0 11.040 1 0.000000
2493 791.837 37.383 269.783 -0.009773 39.368 0 11.040 1 0.000000
2494 791.812 37.389 269.770 -0.009773 39.376 0 11.011 1 0.000000
2495 791.812 37.389 269.770 -0.009773 39.376 0 11.011 1 0.000000
2496 791.788 37.395 269.757 -0.009777 39.383 0 10.983 1 0.000000
2497 791.788 37.395 269.757 -0.009777 39.383 0 10.983 1 0.000000
2498 791.763 37.402 269.744 -0.009853 39.391 0 10.954 1 0.000000
2499 791.763 37.402 269.744 -0.009853 39.391 0 10.954 1 0.000000
2500 791.739 37.408 269.730 -0.009914 39.398 0 10.925 1 0.000000
2501 791.739 37.408 269.730 -0.009914 39.398 0 10.925 1 0.000000
2502 791.714 37.414 269.717 -0.009968 39.405 0 10.897 1 0.000000
2503 791.714 37.414 269.717 -0.009968 39.405 0 10.897 1 0.000000
2504 791.689 37.421 269.704 -0.010029 39.413 0 10.868 1 0.000000
2505 791.689 37.421 269.704 -0.010029 39.413 0 10.868 1 0.000000
2506 791.665 37.427 269.691 -0.010086 39.420 0 10.839 1 0.000000
2507 791.665 37.427 269.691 -0.010086 39.420 0 10.839 1 0.000000
2508 791.640 37.434 269.677 -0.010143 39.428 0 10.811 1 0.000000
2509 791.640 37.434 269.677 -0.010143 39.428 0 10.811 1 0.000000
2510 791.616 37.440 269.664 -0.010201 39.435 0 10.782 1 0.000000
2511 791.616 37.440 269.664 -0.010201 39.435 0 10.782 1 0.000000
2512 791.591 37.446 269.651 -0.010258 39.443 0 10.753 1 0.000000
2513 791.591 37.446 269.651 -0.010258 39.443 0 10.753 1 0.000000
2514 791.566 37.453 269.638 -0.010315 39.450 0 10.725 1 0.000000
2515 791.566 37.453 269.638 -0.010315 39.450 0 10.725 1 0.000000
2516 791.542 37.459 269.624 -0.010223 39.458 0 10.696 1 0.000000
2517 791.542 37.459 269.624 -0.010223 39.458 0 10.696 1 0.000000
2518 791.492 37.471 269.598 -0.010090 39.473 0 10.639 1 0.000000
2519 791.492 37.471 269.598 -0.010090 39.473 0 10.639 1 0.000000
2520 791.468 37.478 269.585 -0.010021 39.481 0 10.610 1 0.000000
2521 791.443 37.484 269.571 -0.009956 39.488 0 10.581 1 0.000000
2522 791.418 37.490 269.558 -0.009892 39.496 0 10.553 1 0.000000
2523 791.418 37.490 269.558 -0.009892 39.496 0 10.553 1 0.000000
2524 791.418 37.490 269.558 -0.009892 39.496 0 10.553 1 0.000000
2525 791.394 37.496 269.545 -0.009823 39.504 0 10.524 1 0.000000
2526 791.369 37.502 269.531 -0.009754 39.511 0 10.495 1 0.000000
2527 791.369 37.502 269.531 -0.009754 39.511 0 10.495 1 0.000000
2528 791.344 37.509 269.518 -0.009815 39.519 0 10.467 1 0.000000
2529 791.320 37.515 269.505 -0.009846 39.526 0 10.438 1 0.000000
2530 791.295 37.521 269.492 -0.009865 39.534 0 10.409 1 0.000000
2531 791.295 37.521 269.492 -0.009865 39.534 0 10.409 1 0.000000
2532 791.271 37.528 269.479 -0.009888 39.541 0 10.381 1 0.000000
2533 791.271 37.528 269.479 -0.009888 39.541 0 10.381 1 0.000000
2534 791.246 37.534 269.466 -0.009914 39.549 0 10.352 1 0.000000
2535 791.246 37.534 269.466 -0.009914 39.549 0 10.352 1 0.000000
2536 791.221 37.540 269.452 -0.009937 39.557 0 10.323 1 0.000000
2537 791.221 37.540 269.452 -0.009937 39.557 0 10.323 1 0.000000
2538 791.197 37.547 269.439 -0.009956 39.564 0 10.295 1 0.000000
2539 791.123 37.566 269.400 -0.010025 39.587 0 10.209 1 0.000000
2540 791.123 37.566 269.400 -0.010025 39.587 0 10.209 1 0.000000
2541 791.123 37.566 269.400 -0.010025 39.587 0 10.209 1 0.000000
2542 791.098 37.572 269.386 -0.010048 39.595 0 10.180 1 0.000000
2543 791.098 37.572 269.386 -0.010048 39.595 0 10.180 1 0.000000
2544 791.073 37.578 269.373 -0.010075 39.602 0 10.151 1 0.000000
2545 791.073 37.578 269.373 -0.010075 39.602 0 10.151 1 0.000000
2546 791.049 37.585 269.360 -0.010098 39.610 0 10.123 1 0.000000
2547 791.049 37.585 269.360 -0.010098 39.610 0 10.123 1 0.000000
2548 791.024 37.591 269.347 -0.010120 39.618 0 10.094 1 0.000000
2549 791.024 37.591 269.347 -0.010120 39.618 0 10.094 1 0.000000
2550 790.999 37.597 269.334 -0.010143 39.625 0 10.065 1 0.000000
2551 790.999 37.597 269.334 -0.010143 39.625 0 10.065 1 0.000000
2552 790.975 37.604 269.321 -0.010166 39.633 0 10.037 1 0.000000
2553 790.975 37.604 269.321 -0.010166 39.633 0 10.037 1 0.000000
2554 790.950 37.610 269.307 -0.010189 39.641 0 10.008 1 0.000000
2555 790.950 37.610 269.307 -0.010189 39.641 0 10.008 1 0.000000
2556 790.925 37.616 269.294 -0.010212 39.648 0 9.979 1 0.000000
2557 790.925 37.616 269.294 -0.010212 39.648 0 9.979 1 0.000000
2558 790.901 37.623 269.281 -0.010235 39.656 0 9.951 1 0.000000
2559 790.901 37.623 269.281 -0.010235 39.656 0 9.951 1 0.000000
2560 790.876 37.629 269.268 -0.010262 39.664 0 9.922 1 0.000000
2561 790.876 37.629 269.268 -0.010262 39.664 0 9.922 1 0.000000
2562 790.851 37.635 269.255 -0.010281 39.671 0 9.893 1 0.000000
2563 790.851 37.635 269.255 -0.010281 39.671 0 9.893 1 0.000000
2564 790.827 37.642 269.241 -0.010303 39.679 0 9.865 1 0.000000
2565 790.827 37.642 269.241 -0.010303 39.679 0 9.865 1 0.000000
2566 790.802 37.648 269.228 -0.010330 39.687 0 9.836 1 0.000000
2567 790.802 37.648 269.228 -0.010330 39.687 0 9.836 1 0.000000
2568 790.777 37.654 269.215 -0.010349 39.695 0 9.807 1 0.000000
2569 790.777 37.654 269.215 -0.010349 39.695 0 9.807 1 0.000000
2570 790.753 37.660 269.202 -0.010372 39.702 0 9.779 1 0.000000
2571 790.753 37.660 269.202 -0.010372 39.702 0 9.779 1 0.000000
2572 790.728 37.667 269.189 -0.010395 39.710 0 9.750 1 0.000000
2573 790.728 37.667 269.189 -0.010395 39.710 0 9.750 1 0.000000
2574 790.703 37.673 269.176 -0.010422 39.718 0 9.721 1 0.000000
2575 790.703 37.673 269.176 -0.010422 39.718 0 9.721 1 0.000000
2576 790.679 37.679 269.162 -0.010441 39.726 0 9.693 1 0.000000
2577 790.679 37.679 269.162 -0.010441 39.726 0 9.693 1 0.000000
2578 790.654 37.686 269.149 -0.010464 39.733 0 9.664 1 0.000000
2579 790.654 37.686 269.149 -0.010464 39.733 0 9.664 1 0.000000
2580 790.629 37.692 269.136 -0.010490 39.741 0 9.635 1 0.000000
2581 790.605 37.698 269.123 -0.010509 39.749 0 9.607 1 0.000000
2582 790.605 37.698 269.123 -0.010509 39.749 0 9.607 1 0.000000
2583 790.605 37.698 269.123 -0.010509 39.749 0 9.607 1 0.000000
2584 790.580 37.705 269.110 -0.010532 39.757 0 9.578 1 0.000000
2585 790.580 37.705 269.110 -0.010532 39.757 0 9.578 1 0.000000
2586 790.555 37.711 269.096 -0.010559 39.765 0 9.549 1 0.000000
2587 790.555 37.711 269.096 -0.010559 39.765 0 9.549 1 0.000000
2588 790.531 37.717 269.083 -0.010563 39.773 0 9.521 1 0.000000
2589 790.531 37.717 269.083 -0.010563 39.773 0 9.521 1 0.000000
2590 790.506 37.724 269.070 -0.010586 39.780 0 9.492 1 0.000000
2591 790.506 37.724 269.070 -0.010586 39.780 0 9.492 1 0.000000
2592 790.481 37.730 269.057 -0.010601 39.788 0 9.463 1 0.000000
2593 790.481 37.730 269.057 -0.010601 39.788 0 9.463 1 0.000000
2594 790.457 37.736 269.044 -0.010612 39.796 0 9.435 1 0.000000
2595 790.407 37.749 269.017 -0.010647 39.812 0 9.377 1 0.000000
2596 790.407 37.749 269.017 -0.010647 39.812 0 9.377 1 0.000000
2597 790.407 37.749 269.017 -0.010647 39.812 0 9.377 1 0.000000
2598 790.383 37.755 269.004 -0.010658 39.820 0 9.349 1 0.000000
2599 790.383 37.755 269.004 -0.010658 39.820 0 9.349 1 0.000000
2600 790.358 37.762 268.991 -0.010677 39.828 0 9.320 1 0.000000
2601 790.358 37.762 268.991 -0.010677 39.828 0 9.320 1 0.000000
2602 790.333 37.768 268.978 -0.010693 39.836 0 9.291 1 0.000000
2603 790.333 37.768 268.978 -0.010693 39.836 0 9.291 1 0.000000
2604 790.309 37.774 268.964 -0.010708 39.844 0 9.263 1 0.000000
2605 790.309 37.774 268.964 -0.010708 39.844 0 9.263 1 0.000000
2606 790.284 37.781 268.951 -0.010723 39.852 0 9.234 1 0.000000
2607 790.284 37.781 268.951 -0.010723 39.852 0 9.234 1 0.000000
2608 790.260 37.787 268.938 -0.010738 39.860 0 9.205 1 0.000000
2609 790.260 37.787 268.938 -0.010738 39.860 0 9.205 1 0.000000
2610 790.235 37.793 268.925 -0.010757 39.868 0 9.177 1 0.000000
2611 790.235 37.793 268.925 -0.010757 39.868 0 9.177 1 0.000000
2612 790.210 37.799 268.912 -0.010769 39.876 0 9.148 1 0.000000
2613 790.210 37.799 268.912 -0.010769 39.876 0 9.148 1 0.000000
2614 790.186 37.806 268.898 -0.010788 39.884 0 9.119 1 0.000000
2615 790.186 37.806 268.898 -0.010788 39.884 0 9.119 1 0.000000
2616 790.161 37.812 268.885 -0.010803 39.892 0 9.091 1 0.000000
2617 790.161 37.812 268.885 -0.010803 39.892 0 9.091 1 0.000000
2618 790.136 37.818 268.872 -0.010818 39.900 0 9.062 1 0.000000
2619 790.136 37.818 268.872 -0.010818 39.900 0 9.062 1 0.000000
2620 790.112 37.825 268.859 -0.010834 39.908 0 9.033 1 0.000000
2621 790.112 37.825 268.859 -0.010834 39.908 0 9.033 1 0.000000
2622 790.087 37.831 268.845 -0.010849 39.916 0 9.004 1 0.000000
2623 790.087 37.831 268.845 -0.010849 39.916 0 9.004 1 0.000000
2624 790.062 37.837 268.832 -0.010868 39.924 0 8.976 1 0.000000
2625 790.062 37.837 268.832 -0.010868 39.924 0 8.976 1 0.000000
2626 790.038 37.844 268.819 -0.010880 39.932 0 8.947 1 0.000000
2627 790.038 37.844 268.819 -0.010880 39.932 0 8.947 1 0.000000
2628 790.013 37.850 268.806 -0.010895 39.940 0 8.918 1 0.000000
2629 790.013 37.850 268.806 -0.010895 39.940 0 8.918 1 0.000000
2630 789.988 37.856 268.793 -0.010914 39.948 0 8.890 1 0.000000
2631 789.988 37.856 268.793 -0.010914 39.948 0 8.890 1 0.000000
2632 789.964 37.863 268.779 -0.010929 39.956 0 8.861 1 0.000000
2633 789.964 37.863 268.779 -0.010929 39.956 0 8.861 1 0.000000
2634 789.939 37.869 268.766 -0.010944 39.964 0 8.832 1 0.000000
2635 789.939 37.869 268.766 -0.010944 39.964 0 8.832 1 0.000000
2636 789.914 37.875 268.753 -0.010960 39.972 0 8.804 1 0.000000
2637 789.914 37.875 268.753 -0.010960 39.972 0 8.804 1 0.000000
2638 789.890 37.882 268.740 -0.010975 39.981 0 8.775 1 0.000000
2639 789.865 37.888 268.727 -0.010983 39.989 0 8.746 1 0.000000
2640 789.865 37.888 268.727 -0.010983 39.989 0 8.746 1 0.000000
2641 789.840 37.894 268.713 -0.011002 39.997 0 8.718 1 0.000000
2642 789.840 37.894 268.713 -0.011002 39.997 0 8.718 1 0.000000
2643 789.816 37.900 268.700 -0.011013 40.005 0 8.689 1 0.000000
2644 789.816 37.900 268.700 -0.011013 40.005 0 8.689 1 0.000000
2645 789.791 37.907 268.687 -0.011028 40.013 0 8.660 1 0.000000
2646 789.791 37.907 268.687 -0.011028 40.013 0 8.660 1 0.000000
2647 789.766 37.913 268.674 -0.011040 40.021 0 8.632 1 0.000000
2648 789.766 37.913 268.674 -0.011040 40.021 0 8.632 1 0.000000
2649 789.742 37.919 268.661 -0.011051 40.029 0 8.603 1 0.000000
2650 789.742 37.919 268.661 -0.011051 40.029 0 8.603 1 0.000000
2651 789.717 37.926 268.647 -0.011066 40.038 0 8.574 1 0.000000
2652 789.717 37.926 268.647 -0.011066 40.038 0 8.574 1 0.000000
2653 789.692 37.932 268.634 -0.010868 40.046 0 8.546 1 0.000000
2654 789.692 37.932 268.634 -0.010868 40.046 0 8.546 1 0.000000
2655 789.668 37.938 268.621 -0.010715 40.054 0 8.517 1 0.000000
2656 789.668 37.938 268.621 -0.010715 40.054 0 8.517 1 0.000000
2657 789.643 37.944 268.608 -0.010731 40.062 0 8.488 1 0.000000
2658 789.643 37.944 268.608 -0.010731 40.062 0 8.488 1 0.000000
2659 789.618 37.951 268.594 -0.010807 40.071 0 8.459 1 0.000000
2660 789.618 37.951 268.594 -0.010807 40.071 0 8.459 1 0.000000
2661 789.594 37.957 268.581 -0.010868 40.079 0 8.431 1 0.000000
2662 789.594 37.957 268.581 -0.010868 40.079 0 8.431 1 0.000000
2663 789.569 37.963 268.568 -0.010929 40.087 0 8.402 1 0.000000
2664 789.569 37.963 268.568 -0.010929 40.087 0 8.402 1 0.000000
2665 789.544 37.970 268.555 -0.010994 40.095 0 8.373 1 0.000000
2666 789.544 37.970 268.555 -0.010994 40.095 0 8.373 1 0.000000
2667 789.520 37.976 268.542 -0.011055 40.103 0 8.345 1 0.000000
2668 789.520 37.976 268.542 -0.011055 40.103 0 8.345 1 0.000000
2669 789.495 37.982 268.529 -0.011116 40.112 0 8.316 1 0.000000
2670 789.495 37.982 268.529 -0.011116 40.112 0 8.316 1 0.000000
2671 789.470 37.989 268.516 -0.011101 40.120 0 8.288 1 0.000000
2672 789.470 37.989 268.516 -0.011101 40.120 0 8.288 1 0.000000
2673 789.446 37.995 268.502 -0.011116 40.128 0 8.259 1 0.000000
2674 789.446 37.995 268.502 -0.011116 40.128 0 8.259 1 0.000000
2675 789.396 38.008 268.476 -0.011154 40.145 0 8.202 1 0.000000
2676 789.396 38.008 268.476 -0.011154 40.145 0 8.202 1 0.000000
2677 789.372 38.014 268.463 -0.011169 40.153 0 8.173 1 0.000000
2678 789.347 38.020 268.450 -0.011189 40.161 0 8.144 1 0.000000
2679 789.347 38.020 268.450 -0.011189 40.161 0 8.144 1 0.000000
2680 789.322 38.027 268.436 -0.011520 40.170 0 8.116 1 0.000000
2681 789.298 38.034 268.423 -0.011841 40.178 0 8.087 1 0.000000
2682 789.273 38.040 268.410 -0.011883 40.186 0 8.058 1 0.000000
2683 789.248 38.046 268.397 -0.011650 40.195 0 8.030 1 0.000000
2684 789.248 38.046 268.397 -0.011650 40.195 0 8.030 1 0.000000
2685 789.248 38.046 268.397 -0.011650 40.195 0 8.030 1 0.000000
2686 789.224 38.052 268.384 -0.011570 40.203 0 8.001 1 0.000000
2687 789.199 38.058 268.371 -0.011482 40.212 0 7.972 1 0.000000
2688 789.174 38.065 268.358 -0.011391 40.220 0 7.944 1 0.000000
2689 789.150 38.071 268.344 -0.011303 40.228 0 7.915 1 0.000000
2690 789.150 38.071 268.344 -0.011303 40.228 0 7.915 1 0.000000
2691 789.150 38.071 268.344 -0.011303 40.228 0 7.915 1 0.000000
2692 789.125 38.077 268.331 -0.011211 40.237 0 7.886 1 0.000000
2693 789.125 38.077 268.331 -0.011211 40.237 0 7.886 1 0.000000
2694 789.100 38.083 268.318 -0.011124 40.245 0 7.857 1 0.000000
2695 789.100 38.083 268.318 -0.011124 40.245 0 7.857 1 0.000000
2696 789.076 38.090 268.305 -0.011166 40.254 0 7.829 1 0.000000
2697 789.076 38.090 268.305 -0.011166 40.254 0 7.829 1 0.000000
2698 789.051 38.096 268.292 -0.011185 40.262 0 7.800 1 0.000000
2699 789.051 38.096 268.292 -0.011185 40.262 0 7.800 1 0.000000
2700 789.026 38.102 268.278 -0.011200 40.271 0 7.771 1 0.000000
2701 789.026 38.102 268.278 -0.011200 40.271 0 7.771 1 0.000000
2702 789.002 38.109 268.265 -0.011211 40.279 0 7.743 1 0.000000
2703 789.002 38.109 268.265 -0.011211 40.279 0 7.743 1 0.000000
2704 788.977 38.115 268.252 -0.011227 40.288 0 7.714 1 0.000000
2705 788.977 38.115 268.252 -0.011227 40.288 0 7.714 1 0.000000
2706 788.952 38.121 268.239 -0.011242 40.296 0 7.685 1 0.000000
2707 788.952 38.121 268.239 -0.011242 40.296 0 7.685 1 0.000000
2708 788.928 38.127 268.225 -0.011257 40.305 0 7.657 1 0.000000
2709 788.928 38.127 268.225 -0.011257 40.305 0 7.657 1 0.000000
2710 788.903 38.134 268.212 -0.011272 40.313 0 7.628 1 0.000000
2711 788.903 38.134 268.212 -0.011272 40.313 0 7.628 1 0.000000
2712 788.878 38.140 268.199 -0.011284 40.322 0 7.599 1 0.000000
2713 788.878 38.140 268.199 -0.011284 40.322 0 7.599 1 0.000000
2714 788.854 38.146 268.186 -0.011299 40.331 0 7.571 1 0.000000
2715 788.854 38.146 268.186 -0.011299 40.331 0 7.571 1 0.000000
2716 788.829 38.153 268.173 -0.011314 40.339 0 7.542 1 0.000000
2717 788.829 38.153 268.173 -0.011314 40.339 0 7.542 1 0.000000
2718 788.804 38.159 268.159 -0.011330 40.348 0 7.513 1 0.000000
2719 788.804 38.159 268.159 -0.011330 40.348 0 7.513 1 0.000000
2720 788.780 38.165 268.146 -0.011341 40.356 0 7.485 1 0.000000
2721 788.780 38.165 268.146 -0.011341 40.356 0 7.485 1 0.000000
2722 788.755 38.172 268.133 -0.011356 40.365 0 7.456 1 0.000000
2723 788.755 38.172 268.133 -0.011356 40.365 0 7.456 1 0.000000
2724 788.730 38.178 268.120 -0.011372 40.374 0 7.427 1 0.000000
2725 788.730 38.178 268.120 -0.011372 40.374 0 7.427 1 0.000000
2726 788.706 38.184 268.107 -0.011383 40.382 0 7.399 1 0.000000
2727 788.706 38.184 268.107 -0.011383 40.382 0 7.399 1 0.000000
2728 788.681 38.191 268.093 -0.011402 40.391 0 7.370 1 0.000000
2729 788.681 38.191 268.093 -0.011402 40.391 0 7.370 1 0.000000
2730 788.656 38.197 268.080 -0.011414 40.400 0 7.341 1 0.000000
2731 788.656 38.197 268.080 -0.011414 40.400 0 7.341 1 0.000000
2732 788.632 38.203 268.067 -0.011429 40.408 0 7.313 1 0.000000
2733 788.632 38.203 268.067 -0.011429 40.408 0 7.313 1 0.000000
2734 788.607 38.210 268.054 -0.011444 40.417 0 7.284 1 0.000000
2735 788.607 38.210 268.054 -0.011444 40.417 0 7.284 1 0.000000
2736 788.582 38.216 268.040 -0.011456 40.426 0 7.255 1 0.000000
2737 788.582 38.216 268.040 -0.011456 40.426 0 7.255 1 0.000000
2738 788.558 38.222 268.027 -0.011475 40.434 0 7.227 1 0.000000
2739 788.558 38.222 268.027 -0.011475 40.434 0 7.227 1 0.000000
2740 788.533 38.229 268.014 -0.011497 40.443 0 7.198 1 0.000000
2741 788.533 38.229 268.014 -0.011497 40.443 0 7.198 1 0.000000
2742 788.508 38.235 268.001 -0.011524 40.452 0 7.169 1 0.000000
2743 788.508 38.235 268.001 -0.011524 40.452 0 7.169 1 0.000000
2744 788.484 38.241 267.988 -0.011543 40.461 0 7.140 1 0.000000
2745 788.484 38.241 267.988 -0.011543 40.461 0 7.140 1 0.000000
2746 788.459 38.247 267.974 -0.011570 40.469 0 7.112 1 0.000000
2747 788.459 38.247 267.974 -0.011570 40.469 0 7.112 1 0.000000
2748 788.434 38.254 267.961 -0.011589 40.478 0 7.083 1 0.000000
2749 788.434 38.254 267.961 -0.011589 40.478 0 7.083 1 0.000000
2750 788.410 38.260 267.948 -0.011616 40.487 0 7.054 1 0.000000
2751 788.410 38.260 267.948 -0.011616 40.487 0 7.054 1 0.000000
2752 788.385 38.266 267.935 -0.011635 40.496 0 7.026 1 0.000000
2753 788.385 38.266 267.935 -0.011635 40.496 0 7.026 1 0.000000
2754 788.360 38.273 267.922 -0.011662 40.505 0 6.997 1 0.000000
2755 788.360 38.273 267.922 -0.011662 40.505 0 6.997 1 0.000000
2756 788.336 38.279 267.908 -0.011681 40.514 0 6.968 1 0.000000
2757 788.336 38.279 267.908 -0.011681 40.514 0 6.968 1 0.000000
2758 788.311 38.285 267.895 -0.011703 40.522 0 6.940 1 0.000000
2759 788.311 38.285 267.895 -0.011703 40.522 0 6.940 1 0.000000
2760 788.286 38.292 267.882 -0.011726 40.531 0 6.911 1 0.000000
2761 788.286 38.292 267.882 -0.011726 40.531 0 6.911 1 0.000000
2762 788.262 38.298 267.869 -0.011749 40.540 0 6.882 1 0.000000
2763 788.262 38.298 267.869 -0.011749 40.540 0 6.882 1 0.000000
2764 788.237 38.304 267.855 -0.011772 40.549 0 6.854 1 0.000000
2765 788.237 38.304 267.855 -0.011772 40.549 0 6.854 1 0.000000
2766 788.212 38.311 267.842 -0.011795 40.558 0 6.825 1 0.000000
2767 788.212 38.311 267.842 -0.011795 40.558 0 6.825 1 0.000000
2768 788.188 38.317 267.829 -0.011818 40.567 0 6.796 1 0.000000
2769 788.188 38.317 267.829 -0.011818 40.567 0 6.796 1 0.000000
2770 788.163 38.323 267.816 -0.011841 40.576 0 6.768 1 0.000000
2771 788.163 38.323 267.816 -0.011841 40.576 0 6.768 1 0.000000
2772 788.138 38.330 267.803 -0.011864 40.585 0 6.739 1 0.000000
2773 788.138 38.330 267.803 -0.011864 40.585 0 6.739 1 0.000000
2774 788.114 38.336 267.789 -0.011887 40.594 0 6.710 1 0.000000
2775 788.114 38.336 267.789 -0.011887 40.594 0 6.710 1 0.000000
2776 788.089 38.342 267.776 -0.011909 40.603 0 6.682 1 0.000000
2777 788.089 38.342 267.776 -0.011909 40.603 0 6.682 1 0.000000
2778 788.065 38.349 267.763 -0.011932 40.612 0 6.653 1 0.000000
2779 788.065 38.349 267.763 -0.011932 40.612 0 6.653 1 0.000000
2780 788.040 38.355 267.750 -0.011955 40.621 0 6.624 1 0.000000
2781 788.040 38.355 267.750 -0.011955 40.621 0 6.624 1 0.000000
2782 788.015 38.361 267.737 -0.011978 40.630 0 6.596 1 0.000000
2783 788.015 38.361 267.737 -0.011978 40.630 0 6.596 1 0.000000
2784 787.991 38.368 267.723 -0.012001 40.639 0 6.567 1 0.000000
2785 787.991 38.368 267.723 -0.012001 40.639 0 6.567 1 0.000000
2786 787.966 38.374 267.710 -0.012024 40.648 0 6.538 1 0.000000
2787 787.966 38.374 267.710 -0.012024 40.648 0 6.538 1 0.000000
2788 787.941 38.380 267.697 -0.012047 40.657 0 6.509 1 0.000000
2789 787.941 38.380 267.697 -0.012047 40.657 0 6.509 1 0.000000
2790 787.917 38.387 267.684 -0.012070 40.666 0 6.481 1 0.000000
2791 787.917 38.387 267.684 -0.012070 40.666 0 6.481 1 0.000000
2792 787.892 38.393 267.670 -0.012093 40.675 0 6.452 1 0.000000
2793 787.892 38.393 267.670 -0.012093 40.675 0 6.452 1 0.000000
2794 787.867 38.399 267.657 -0.012115 40.684 0 6.423 1 0.000000
2795 787.843 38.406 267.644 -0.012138 40.693 0 6.395 1 0.000000
2796 787.843 38.406 267.644 -0.012138 40.693 0 6.395 1 0.000000
2797 787.818 38.412 267.631 -0.012161 40.702 0 6.366 1 0.000000
2798 787.818 38.412 267.631 -0.012161 40.702 0 6.366 1 0.000000
2799 787.793 38.418 267.618 -0.012180 40.711 0 6.337 1 0.000000
2800 787.793 38.418 267.618 -0.012180 40.711 0 6.337 1 0.000000
2801 787.769 38.425 267.604 -0.012207 40.720 0 6.309 1 0.000000
2802 787.769 38.425 267.604 -0.012207 40.720 0 6.309 1 0.000000
2803 787.744 38.431 267.591 -0.012230 40.729 0 6.280 1 0.000000
2804 787.744 38.431 267.591 -0.012230 40.729 0 6.280 1 0.000000
2805 787.719 38.437 267.578 -0.012253 40.739 0 6.251 1 0.000000
2806 787.719 38.437 267.578 -0.012253 40.739 0 6.251 1 0.000000
2807 787.695 38.443 267.565 -0.012272 40.748 0 6.223 1 0.000000
2808 787.695 38.443 267.565 -0.012272 40.748 0 6.223 1 0.000000
2809 787.670 38.450 267.552 -0.012299 40.757 0 6.194 1 0.000000
2810 787.670 38.450 267.552 -0.012299 40.757 0 6.194 1 0.000000
2811 787.645 38.456 267.538 -0.012318 40.766 0 6.165 1 0.000000
2812 787.645 38.456 267.538 -0.012318 40.766 0 6.165 1 0.000000
2813 787.621 38.462 267.525 -0.012318 40.775 0 6.137 1 0.000000
2814 787.621 38.462 267.525 -0.012318 40.775 0 6.137 1 0.000000
2815 787.596 38.469 267.512 -0.012249 40.785 0 6.108 1 0.000000
2816 787.596 38.469 267.512 -0.012249 40.785 0 6.108 1 0.000000
2817 787.571 38.475 267.499 -0.012211 40.794 0 6.079 1 0.000000
2818 787.571 38.475 267.499 -0.012211 40.794 0 6.079 1 0.000000
2819 787.547 38.481 267.485 -0.012218 40.803 0 6.051 1 0.000000
2820 787.547 38.481 267.485 -0.012218 40.803 0 6.051 1 0.000000
2821 787.522 38.488 267.472 -0.012218 40.812 0 6.022 1 0.000000
2822 787.522 38.488 267.472 -0.012218 40.812 0 6.022 1 0.000000
2823 787.498 38.494 267.459 -0.012222 40.822 0 5.993 1 0.000000
2824 787.498 38.494 267.459 -0.012222 40.822 0 5.993 1 0.000000
2825 787.473 38.500 267.445 -0.012222 40.831 0 5.965 1 0.000000
2826 787.473 38.500 267.445 -0.012222 40.831 0 5.965 1 0.000000
2827 787.448 38.506 267.432 -0.012184 40.841 0 5.936 1 0.000000
2828 787.448 38.506 267.432 -0.012184 40.841 0 5.936 1 0.000000
2829 787.424 38.513 267.419 -0.012165 40.850 0 5.907 1 0.000000
2830 787.424 38.513 267.419 -0.012165 40.850 0 5.907 1 0.000000
2831 787.399 38.519 267.406 -0.012150 40.859 0 5.879 1 0.000000
2832 787.399 38.519 267.406 -0.012150 40.859 0 5.879 1 0.000000
2833 787.374 38.525 267.392 -0.012135 40.869 0 5.850 1 0.000000
2834 787.374 38.525 267.392 -0.012135 40.869 0 5.850 1 0.000000
2835 787.350 38.532 267.379 -0.012119 40.878 0 5.821 1 0.000000
2836 787.350 38.532 267.379 -0.012119 40.878 0 5.821 1 0.000000
2837 787.325 38.538 267.366 -0.012100 40.887 0 5.793 1 0.000000
2838 787.325 38.538 267.366 -0.012100 40.887 0 5.793 1 0.000000
2839 787.300 38.544 267.353 -0.012081 40.897 0 5.764 1 0.000000
2840 787.300 38.544 267.353 -0.012081 40.897 0 5.764 1 0.000000
2841 787.276 38.550 267.339 -0.012066 40.906 0 5.735 1 0.000000
2842 787.276 38.550 267.339 -0.012066 40.906 0 5.735 1 0.000000
2843 787.251 38.557 267.326 -0.012051 40.916 0 5.706 1 0.000000
2844 787.251 38.557 267.326 -0.012051 40.916 0 5.706 1 0.000000
2845 787.226 38.563 267.313 -0.012032 40.925 0 5.678 1 0.000000
2846 787.226 38.563 267.313 -0.012032 40.925 0 5.678 1 0.000000
2847 787.202 38.569 267.300 -0.012016 40.935 0 5.649 1 0.000000
2848 787.202 38.569 267.300 -0.012016 40.935 0 5.649 1 0.000000
2849 787.177 38.576 267.287 -0.012001 40.944 0 5.620 1 0.000000
2850 787.177 38.576 267.287 -0.012001 40.944 0 5.620 1 0.000000
2851 787.152 38.582 267.274 -0.011982 40.953 0 5.592 1 0.000000
2852 787.152 38.582 267.274 -0.011982 40.953 0 5.592 1 0.000000
2853 787.128 38.588 267.260 -0.011967 40.963 0 5.563 1 0.000000
2854 787.128 38.588 267.260 -0.011967 40.963 0 5.563 1 0.000000
2855 787.103 38.594 267.247 -0.011951 40.972 0 5.534 1 0.000000
2856 787.103 38.594 267.247 -0.011951 40.972 0 5.534 1 0.000000
2857 787.078 38.601 267.234 -0.011932 40.981 0 5.506 1 0.000000
2858 787.078 38.601 267.234 -0.011932 40.981 0 5.506 1 0.000000
2859 787.053 38.607 267.221 -0.011917 40.991 0 5.477 1 0.000000
2860 787.053 38.607 267.221 -0.011917 40.991 0 5.477 1 0.000000
2861 787.029 38.613 267.208 -0.011898 41.000 0 5.448 1 0.000000
2862 787.029 38.613 267.208 -0.011898 41.000 0 5.448 1 0.000000
2863 787.004 38.619 267.195 -0.011883 41.010 0 5.420 1 0.000000
2864 787.004 38.619 267.195 -0.011883 41.010 0 5.420 1 0.000000
2865 786.979 38.626 267.182 -0.011868 41.019 0 5.391 1 0.000000
2866 786.979 38.626 267.182 -0.011868 41.019 0 5.391 1 0.000000
2867 786.955 38.632 267.169 -0.011848 41.028 0 5.362 1 0.000000
2868 786.955 38.632 267.169 -0.011848 41.028 0 5.362 1 0.000000
2869 786.930 38.638 267.156 -0.011829 41.038 0 5.334 1 0.000000
2870 786.930 38.638 267.156 -0.011829 41.038 0 5.334 1 0.000000
2871 786.905 38.645 267.143 -0.011810 41.047 0 5.305 1 0.000000
2872 786.905 38.645 267.143 -0.011810 41.047 0 5.305 1 0.000000
2873 786.880 38.651 267.130 -0.011799 41.057 0 5.276 1 0.000000
2874 786.880 38.651 267.130 -0.011799 41.057 0 5.276 1 0.000000
2875 786.856 38.657 267.116 -0.011780 41.066 0 5.248 1 0.000000
2876 786.856 38.657 267.116 -0.011780 41.066 0 5.248 1 0.000000
2877 786.831 38.663 267.103 -0.011761 41.076 0 5.219 1 0.000000
2878 786.831 38.663 267.103 -0.011761 41.076 0 5.219 1 0.000000
2879 786.806 38.670 267.090 -0.011745 41.085 0 5.190 1 0.000000
2880 786.806 38.670 267.090 -0.011745 41.085 0 5.190 1 0.000000
2881 786.781 38.676 267.077 -0.011726 41.095 0 5.162 1 0.000000
2882 786.781 38.676 267.077 -0.011726 41.095 0 5.162 1 0.000000
2883 786.757 38.682 267.064 -0.011711 41.105 0 5.133 1 0.000000
2884 786.732 38.689 267.051 -0.011696 41.114 0 5.104 1 0.000000
2885 786.732 38.689 267.051 -0.011696 41.114 0 5.104 1 0.000000
2886 786.707 38.695 267.038 -0.011677 41.124 0 5.076 1 0.000000
2887 786.707 38.695 267.038 -0.011677 41.124 0 5.076 1 0.000000
2888 786.683 38.701 267.025 -0.011658 41.133 0 5.047 1 0.000000
2889 786.683 38.701 267.025 -0.011658 41.133 0 5.047 1 0.000000
2890 786.683 38.701 267.025 -0.011658 41.133 0 5.047 1 0.000000
2891 786.658 38.707 267.012 -0.011642 41.143 0 5.018 1 0.000000
2892 786.658 38.707 267.012 -0.011642 41.143 0 5.018 1 0.000000
2893 786.633 38.714 266.999 -0.011627 41.153 0 4.990 1 0.000000
2894 786.633 38.714 266.999 -0.011627 41.153 0 4.990 1 0.000000
2895 786.608 38.720 266.986 -0.011608 41.162 0 4.961 1 0.000000
2896 786.559 38.733 266.959 -0.011578 41.182 0 4.904 1 0.000000
2897 786.559 38.733 266.959 -0.011578 41.182 0 4.904 1 0.000000
2898 786.559 38.733 266.959 -0.011578 41.182 0 4.904 1 0.000000
2899 786.534 38.739 266.946 -0.011612 41.191 0 4.875 1 0.000000
2900 786.534 38.739 266.946 -0.011612 41.191 0 4.875 1 0.000000
2901 786.510 38.745 266.933 -0.011635 41.201 0 4.846 1 0.000000
2902 786.510 38.745 266.933 -0.011635 41.201 0 4.846 1 0.000000
2903 786.485 38.751 266.920 -0.011654 41.211 0 4.818 1 0.000000
2904 786.485 38.751 266.920 -0.011654 41.211 0 4.818 1 0.000000
2905 786.460 38.758 266.907 -0.011677 41.220 0 4.789 1 0.000000
2906 786.435 38.764 266.894 -0.011700 41.230 0 4.760 1 0.000000
2907 786.435 38.764 266.894 -0.011700 41.230 0 4.760 1 0.000000
2908 786.435 38.764 266.894 -0.011700 41.230 0 4.760 1 0.000000
2909 786.411 38.770 266.881 -0.011723 41.240 0 4.732 1 0.000000
2910 786.411 38.770 266.881 -0.011723 41.240 0 4.732 1 0.000000
2911 786.386 38.777 266.868 -0.011742 41.250 0 4.703 1 0.000000
2912 786.386 38.777 266.868 -0.011742 41.250 0 4.703 1 0.000000
2913 786.361 38.783 266.855 -0.011765 41.260 0 4.674 1 0.000000
2914 786.361 38.783 266.855 -0.011765 41.260 0 4.674 1 0.000000
2915 786.337 38.789 266.842 -0.011787 41.269 0 4.646 1 0.000000
2916 786.337 38.789 266.842 -0.011787 41.269 0 4.646 1 0.000000
2917 786.312 38.796 266.828 -0.011806 41.279 0 4.617 1 0.000000
2918 786.312 38.796 266.828 -0.011806 41.279 0 4.617 1 0.000000
2919 786.287 38.802 266.815 -0.011829 41.289 0 4.588 1 0.000000
2920 786.287 38.802 266.815 -0.011829 41.289 0 4.588 1 0.000000
2921 786.262 38.808 266.802 -0.011848 41.299 0 4.560 1 0.000000
2922 786.262 38.808 266.802 -0.011848 41.299 0 4.560 1 0.000000
2923 786.238 38.815 266.789 -0.011868 41.309 0 4.531 1 0.000000
2924 786.238 38.815 266.789 -0.011868 41.309 0 4.531 1 0.000000
2925 786.213 38.821 266.776 -0.011890 41.319 0 4.502 1 0.000000
2926 786.213 38.821 266.776 -0.011890 41.319 0 4.502 1 0.000000
2927 786.188 38.827 266.763 -0.011913 41.329 0 4.474 1 0.000000
2928 786.188 38.827 266.763 -0.011913 41.329 0 4.474 1 0.000000
2929 786.164 38.834 266.750 -0.011932 41.338 0 4.445 1 0.000000
2930 786.164 38.834 266.750 -0.011932 41.338 0 4.445 1 0.000000
2931 786.139 38.840 266.737 -0.011955 41.348 0 4.416 1 0.000000
2932 786.139 38.840 266.737 -0.011955 41.348 0 4.416 1 0.000000
2933 786.114 38.846 266.724 -0.011978 41.358 0 4.388 1 0.000000
2934 786.114 38.846 266.724 -0.011978 41.358 0 4.388 1 0.000000
2935 786.089 38.853 266.711 -0.012001 41.368 0 4.359 1 0.000000
2936 786.089 38.853 266.711 -0.012001 41.368 0 4.359 1 0.000000
2937 786.065 38.859 266.698 -0.012020 41.378 0 4.330 1 0.000000
2938 786.065 38.859 266.698 -0.012020 41.378 0 4.330 1 0.000000
2939 786.040 38.865 266.684 -0.012043 41.388 0 4.301 1 0.000000
2940 786.040 38.865 266.684 -0.012043 41.388 0 4.301 1 0.000000
2941 786.015 38.872 266.671 -0.012066 41.398 0 4.273 1 0.000000
2942 786.015 38.872 266.671 -0.012066 41.398 0 4.273 1 0.000000
2943 785.990 38.878 266.658 -0.012089 41.408 0 4.244 1 0.000000
2944 785.990 38.878 266.658 -0.012089 41.408 0 4.244 1 0.000000
2945 785.966 38.884 266.645 -0.012108 41.418 0 4.215 1 0.000000
2946 785.966 38.884 266.645 -0.012108 41.418 0 4.215 1 0.000000
2947 785.941 38.891 266.632 -0.012131 41.428 0 4.187 1 0.000000
2948 785.941 38.891 266.632 -0.012131 41.428 0 4.187 1 0.000000
2949 785.916 38.897 266.619 -0.012154 41.439 0 4.158 1 0.000000
2950 785.916 38.897 266.619 -0.012154 41.439 0 4.158 1 0.000000
2951 785.892 38.903 266.606 -0.012173 41.449 0 4.129 1 0.000000
2952 785.892 38.903 266.606 -0.012173 41.449 0 4.129 1 0.000000
2953 785.867 38.910 266.593 -0.012196 41.459 0 4.101 1 0.000000
2954 785.867 38.910 266.593 -0.012196 41.459 0 4.101 1 0.000000
2955 785.842 38.916 266.580 -0.012218 41.469 0 4.072 1 0.000000
2956 785.842 38.916 266.580 -0.012218 41.469 0 4.072 1 0.000000
2957 785.817 38.922 266.567 -0.012238 41.479 0 4.043 1 0.000000
2958 785.817 38.922 266.567 -0.012238 41.479 0 4.043 1 0.000000
2959 785.793 38.928 266.553 -0.012257 41.489 0 4.015 1 0.000000
2960 785.793 38.928 266.553 -0.012257 41.489 0 4.015 1 0.000000
2961 785.768 38.935 266.540 -0.012280 41.499 0 3.986 1 0.000000
2962 785.768 38.935 266.540 -0.012280 41.499 0 3.986 1 0.000000
2963 785.743 38.941 266.527 -0.012268 41.510 0 3.957 1 0.000000
2964 785.743 38.941 266.527 -0.012268 41.510 0 3.957 1 0.000000
2965 785.719 38.947 266.514 -0.012196 41.520 0 3.929 1 0.000000
2966 785.719 38.947 266.514 -0.012196 41.520 0 3.929 1 0.000000
2967 785.694 38.954 266.501 -0.012142 41.530 0 3.900 1 0.000000
2968 785.694 38.954 266.501 -0.012142 41.530 0 3.900 1 0.000000
2969 785.669 38.960 266.488 -0.012093 41.540 0 3.871 1 0.000000
2970 785.669 38.960 266.488 -0.012093 41.540 0 3.871 1 0.000000
2971 785.644 38.966 266.475 -0.012039 41.551 0 3.843 1 0.000000
2972 785.644 38.966 266.475 -0.012039 41.551 0 3.843 1 0.000000
2973 785.620 38.972 266.462 -0.011990 41.561 0 3.814 1 0.000000
2974 785.620 38.972 266.462 -0.011990 41.561 0 3.814 1 0.000000
2975 785.595 38.979 266.448 -0.011940 41.571 0 3.785 1 0.000000
2976 785.595 38.979 266.448 -0.011940 41.571 0 3.785 1 0.000000
2977 785.570 38.985 266.435 -0.011887 41.582 0 3.757 1 0.000000
2978 785.570 38.985 266.435 -0.011887 41.582 0 3.757 1 0.000000
2979 785.546 38.991 266.422 -0.011837 41.592 0 3.728 1 0.000000
2980 785.546 38.991 266.422 -0.011837 41.592 0 3.728 1 0.000000
2981 785.521 38.997 266.409 -0.011787 41.602 0 3.699 1 0.000000
2982 785.521 38.997 266.409 -0.011787 41.602 0 3.699 1 0.000000
2983 785.496 39.004 266.396 -0.011738 41.613 0 3.670 1 0.000000
2984 785.496 39.004 266.396 -0.011738 41.613 0 3.670 1 0.000000
2985 785.471 39.010 266.383 -0.011684 41.623 0 3.642 1 0.000000
2986 785.471 39.010 266.383 -0.011684 41.623 0 3.642 1 0.000000
2987 785.447 39.016 266.369 -0.011635 41.634 0 3.613 1 0.000000
2988 785.447 39.016 266.369 -0.011635 41.634 0 3.613 1 0.000000
2989 785.422 39.023 266.356 -0.012028 41.644 0 3.584 1 0.000000
2990 785.422 39.023 266.356 -0.012028 41.644 0 3.584 1 0.000000
2991 785.397 39.029 266.343 -0.012012 41.655 0 3.556 1 0.000000
2992 785.397 39.029 266.343 -0.012012 41.655 0 3.556 1 0.000000
2993 785.373 39.036 266.330 -0.012230 41.665 0 3.527 1 0.000000
2994 785.373 39.036 266.330 -0.012230 41.665 0 3.527 1 0.000000
2995 785.348 39.042 266.317 -0.012444 41.675 0 3.499 1 0.000000
2996 785.348 39.042 266.317 -0.012444 41.675 0 3.499 1 0.000000
2997 785.323 39.048 266.304 -0.012310 41.686 0 3.470 1 0.000000
2998 785.323 39.048 266.304 -0.012310 41.686 0 3.470 1 0.000000
2999 785.299 39.054 266.291 -0.012199 41.696 0 3.441 1 0.000000
3000 785.299 39.054 266.291 -0.012199 41.696 0 3.441 1 0.000000
3001 785.274 39.061 266.278 -0.012093 41.707 0 3.412 1 0.000000
3002 785.274 39.061 266.278 -0.012093 41.707 0 3.412 1 0.000000
3003 785.249 39.067 266.265 -0.011986 41.717 0 3.384 1 0.000000
3004 785.249 39.067 266.265 -0.011986 41.717 0 3.384 1 0.000000
3005 785.224 39.073 266.252 -0.011883 41.728 0 3.355 1 0.000000
3006 785.224 39.073 266.252 -0.011883 41.728 0 3.355 1 0.000000
3007 785.200 39.079 266.238 -0.011772 41.739 0 3.326 1 0.000000
3008 785.200 39.079 266.238 -0.011772 41.739 0 3.326 1 0.000000
3009 785.175 39.085 266.225 -0.011665 41.749 0 3.298 1 0.000000
3010 785.150 39.092 266.212 -0.011559 41.760 0 3.269 1 0.000000
3011 785.150 39.092 266.212 -0.011559 41.760 0 3.269 1 0.000000
3012 785.125 39.098 266.199 -0.011452 41.770 0 3.240 1 0.000000
3013 785.125 39.098 266.199 -0.011452 41.770 0 3.240 1 0.000000
3014 785.100 39.104 266.186 -0.011345 41.781 0 3.211 1 0.000000
3015 785.100 39.104 266.186 -0.011345 41.781 0 3.211 1 0.000000
3016 785.076 39.110 266.173 -0.011238 41.792 0 3.183 1 0.000000
3017 785.076 39.110 266.173 -0.011238 41.792 0 3.183 1 0.000000
3018 785.051 39.116 266.160 -0.011131 41.802 0 3.154 1 0.000000
3019 785.051 39.116 266.160 -0.011131 41.802 0 3.154 1 0.000000
3020 785.026 39.123 266.147 -0.011024 41.813 0 3.125 1 0.000000
3021 785.026 39.123 266.147 -0.011024 41.813 0 3.125 1 0.000000
3022 785.001 39.129 266.133 -0.010918 41.824 0 3.097 1 0.000000
3023 785.001 39.129 266.133 -0.010918 41.824 0 3.097 1 0.000000
3024 784.977 39.135 266.120 -0.010811 41.834 0 3.068 1 0.000000
3025 784.977 39.135 266.120 -0.010811 41.834 0 3.068 1 0.000000
3026 784.952 39.141 266.107 -0.010777 41.845 0 3.039 1 0.000000
3027 784.902 39.154 266.081 -0.010658 41.867 0 2.982 1 0.000000
3028 784.902 39.154 266.081 -0.010658 41.867 0 2.982 1 0.000000
3029 784.878 39.160 266.068 -0.010597 41.878 0 2.953 1 0.000000
3030 784.878 39.160 266.068 -0.010597 41.878 0 2.953 1 0.000000
3031 784.853 39.166 266.055 -0.010536 41.889 0 2.924 1 0.000000
3032 784.853 39.166 266.055 -0.010536 41.889 0 2.924 1 0.000000
3033 784.828 39.172 266.041 -0.010479 41.899 0 2.896 1 0.000000
3034 784.828 39.172 266.041 -0.010479 41.899 0 2.896 1 0.000000
3035 784.803 39.179 266.028 -0.010418 41.910 0 2.867 1 0.000000
3036 784.803 39.179 266.028 -0.010418 41.910 0 2.867 1 0.000000
3037 784.779 39.185 266.015 -0.010357 41.921 0 2.838 1 0.000000
3038 784.779 39.185 266.015 -0.010357 41.921 0 2.838 1 0.000000
3039 784.754 39.191 266.002 -0.010296 41.932 0 2.810 1 0.000000
3040 784.754 39.191 266.002 -0.010296 41.932 0 2.810 1 0.000000
3041 784.729 39.197 265.989 -0.010235 41.943 0 2.781 1 0.000000
3042 784.729 39.197 265.989 -0.010235 41.943 0 2.781 1 0.000000
3043 784.705 39.204 265.976 -0.010174 41.954 0 2.752 1 0.000000
3044 784.705 39.204 265.976 -0.010174 41.954 0 2.752 1 0.000000
3045 784.680 39.210 265.962 -0.010113 41.965 0 2.724 1 0.000000
3046 784.680 39.210 265.962 -0.010113 41.965 0 2.724 1 0.000000
3047 784.655 39.216 265.949 -0.010052 41.976 0 2.695 1 0.000000
3048 784.655 39.216 265.949 -0.010052 41.976 0 2.695 1 0.000000
3049 784.630 39.222 265.936 -0.009995 41.987 0 2.666 1 0.000000
3050 784.630 39.222 265.936 -0.009995 41.987 0 2.666 1 0.000000
3051 784.606 39.229 265.923 -0.009933 41.998 0 2.638 1 0.000000
3052 784.606 39.229 265.923 -0.009933 41.998 0 2.638 1 0.000000
3053 784.581 39.235 265.910 -0.009876 42.009 0 2.609 1 0.000000
3054 784.581 39.235 265.910 -0.009876 42.009 0 2.609 1 0.000000
3055 784.556 39.241 265.897 -0.009815 42.020 0 2.580 1 0.000000
3056 784.556 39.241 265.897 -0.009815 42.020 0 2.580 1 0.000000
3057 784.532 39.247 265.884 -0.009804 42.031 0 2.551 1 0.000000
3058 784.532 39.247 265.884 -0.009804 42.031 0 2.551 1 0.000000
3059 784.507 39.254 265.870 -0.009773 42.042 0 2.523 1 0.000000
3060 784.507 39.254 265.870 -0.009773 42.042 0 2.523 1 0.000000
3061 784.482 39.260 265.857 -0.009739 42.053 0 2.494 1 0.000000
3062 784.482 39.260 265.857 -0.009739 42.053 0 2.494 1 0.000000
3063 784.457 39.266 265.844 -0.009716 42.064 0 2.465 1 0.000000
3064 784.457 39.266 265.844 -0.009716 42.064 0 2.465 1 0.000000
3065 784.433 39.273 265.831 -0.009682 42.076 0 2.437 1 0.000000
3066 784.433 39.273 265.831 -0.009682 42.076 0 2.437 1 0.000000
3067 784.408 39.279 265.818 -0.009655 42.087 0 2.408 1 0.000000
3068 784.408 39.279 265.818 -0.009655 42.087 0 2.408 1 0.000000
3069 784.383 39.285 265.805 -0.009628 42.098 0 2.379 1 0.000000
3070 784.383 39.285 265.805 -0.009628 42.098 0 2.379 1 0.000000
3071 784.359 39.291 265.792 -0.009594 42.109 0 2.351 1 0.000000
3072 784.359 39.291 265.792 -0.009594 42.109 0 2.351 1 0.000000
3073 784.334 39.298 265.779 -0.009567 42.120 0 2.322 1 0.000000
3074 784.334 39.298 265.779 -0.009567 42.120 0 2.322 1 0.000000
3075 784.309 39.304 265.765 -0.009541 42.132 0 2.293 1 0.000000
3076 784.309 39.304 265.765 -0.009541 42.132 0 2.293 1 0.000000
3077 784.284 39.310 265.752 -0.009510 42.143 0 2.265 1 0.000000
3078 784.284 39.310 265.752 -0.009510 42.143 0 2.265 1 0.000000
3079 784.260 39.316 265.739 -0.009476 42.154 0 2.236 1 0.000000
3080 784.260 39.316 265.739 -0.009476 42.154 0 2.236 1 0.000000
3081 784.235 39.323 265.726 -0.009449 42.165 0 2.207 1 0.000000
3082 784.235 39.323 265.726 -0.009449 42.165 0 2.207 1 0.000000
3083 784.210 39.329 265.713 -0.009422 42.177 0 2.179 1 0.000000
3084 784.210 39.329 265.713 -0.009422 42.177 0 2.179 1 0.000000
3085 784.185 39.335 265.700 -0.009388 42.188 0 2.150 1 0.000000
3086 784.185 39.335 265.700 -0.009388 42.188 0 2.150 1 0.000000
3087 784.161 39.341 265.687 -0.009357 42.199 0 2.121 1 0.000000
3088 784.161 39.341 265.687 -0.009357 42.199 0 2.121 1 0.000000
3089 784.136 39.348 265.674 -0.009331 42.211 0 2.093 1 0.000000
3090 784.136 39.348 265.674 -0.009331 42.211 0 2.093 1 0.000000
3091 784.111 39.354 265.660 -0.009300 42.222 0 2.064 1 0.000000
3092 784.087 39.360 265.647 -0.009270 42.233 0 2.035 1 0.000000
3093 784.087 39.360 265.647 -0.009270 42.233 0 2.035 1 0.000000
3094 784.087 39.360 265.647 -0.009270 42.233 0 2.035 1 0.000000
3095 784.062 39.367 265.634 -0.009243 42.245 0 2.007 1 0.000000
3096 784.062 39.367 265.634 -0.009243 42.245 0 2.007 1 0.000000
3097 784.037 39.373 265.621 -0.009212 42.256 0 1.978 1 0.000000
3098 784.037 39.373 265.621 -0.009212 42.256 0 1.978 1 0.000000
3099 784.012 39.379 265.608 -0.009182 42.267 0 1.949 1 0.000000
3100 784.012 39.379 265.608 -0.009182 42.267 0 1.949 1 0.000000
3101 783.988 39.385 265.595 -0.009151 42.279 0 1.920 1 0.000000
3102 783.988 39.385 265.595 -0.009151 42.279 0 1.920 1 0.000000
3103 783.938 39.398 265.569 -0.009098 42.302 0 1.863 1 0.000000
3104 783.938 39.398 265.569 -0.009098 42.302 0 1.863 1 0.000000
3105 783.914 39.404 265.555 -0.009064 42.313 0 1.834 1 0.000000
3106 783.914 39.404 265.555 -0.009064 42.313 0 1.834 1 0.000000
3107 783.889 39.410 265.542 -0.009033 42.325 0 1.806 1 0.000000
3108 783.889 39.410 265.542 -0.009033 42.325 0 1.806 1 0.000000
3109 783.864 39.417 265.529 -0.009167 42.337 0 1.777 1 0.000000
3110 783.864 39.417 265.529 -0.009167 42.337 0 1.777 1 0.000000
3111 783.839 39.423 265.516 -0.009018 42.348 0 1.748 1 0.000000
3112 783.839 39.423 265.516 -0.009018 42.348 0 1.748 1 0.000000
3113 783.815 39.429 265.503 -0.009007 42.360 0 1.720 1 0.000000
3114 783.815 39.429 265.503 -0.009007 42.360 0 1.720 1 0.000000
3115 783.790 39.436 265.490 -0.008999 42.371 0 1.691 1 0.000000
3116 783.790 39.436 265.490 -0.008999 42.371 0 1.691 1 0.000000
3117 783.765 39.442 265.477 -0.008995 42.383 0 1.662 1 0.000000
3118 783.765 39.442 265.477 -0.008995 42.383 0 1.662 1 0.000000
3119 783.741 39.448 265.464 -0.008987 42.395 0 1.634 1 0.000000
3120 783.741 39.448 265.464 -0.008987 42.395 0 1.634 1 0.000000
3121 783.716 39.455 265.450 -0.008984 42.406 0 1.605 1 0.000000
3122 783.716 39.455 265.450 -0.008984 42.406 0 1.605 1 0.000000
3123 783.691 39.461 265.437 -0.008980 42.418 0 1.576 1 0.000000
3124 783.691 39.461 265.437 -0.008980 42.418 0 1.576 1 0.000000
3125 783.666 39.467 265.424 -0.008972 42.430 0 1.548 1 0.000000
3126 783.666 39.467 265.424 -0.008972 42.430 0 1.548 1 0.000000
3127 783.642 39.473 265.411 -0.008965 42.441 0 1.519 1 0.000000
3128 783.642 39.473 265.411 -0.008965 42.441 0 1.519 1 0.000000
3129 783.617 39.480 265.398 -0.008961 42.453 0 1.490 1 0.000000
3130 783.617 39.480 265.398 -0.008961 42.453 0 1.490 1 0.000000
3131 783.592 39.486 265.385 -0.008953 42.465 0 1.462 1 0.000000
3132 783.592 39.486 265.385 -0.008953 42.465 0 1.462 1 0.000000
3133 783.568 39.492 265.372 -0.008949 42.477 0 1.433 1 0.000000
3134 783.568 39.492 265.372 -0.008949 42.477 0 1.433 1 0.000000
3135 783.543 39.499 265.359 -0.008904 42.488 0 1.404 1 0.000000
3136 783.543 39.499 265.359 -0.008904 42.488 0 1.404 1 0.000000
3137 783.518 39.505 265.345 -0.008858 42.500 0 1.376 1 0.000000
3138 783.518 39.505 265.345 -0.008858 42.500 0 1.376 1 0.000000
3139 783.493 39.511 265.332 -0.008816 42.512 0 1.347 1 0.000000
3140 783.493 39.511 265.332 -0.008816 42.512 0 1.347 1 0.000000
3141 783.469 39.517 265.319 -0.008774 42.524 0 1.318 1 0.000000
3142 783.469 39.517 265.319 -0.008774 42.524 0 1.318 1 0.000000
3143 783.444 39.524 265.306 -0.008724 42.536 0 1.290 1 0.000000
3144 783.444 39.524 265.306 -0.008724 42.536 0 1.290 1 0.000000
3145 783.419 39.530 265.293 -0.008682 42.548 0 1.261 1 0.000000
3146 783.419 39.530 265.293 -0.008682 42.548 0 1.261 1 0.000000
3147 783.395 39.536 265.280 -0.008640 42.560 0 1.232 1 0.000000
3148 783.395 39.536 265.280 -0.008640 42.560 0 1.232 1 0.000000
3149 783.370 39.542 265.267 -0.008598 42.572 0 1.203 1 0.000000
3150 783.370 39.542 265.267 -0.008598 42.572 0 1.203 1 0.000000
3151 783.345 39.549 265.254 -0.008553 42.584 0 1.175 1 0.000000
3152 783.345 39.549 265.254 -0.008553 42.584 0 1.175 1 0.000000
3153 783.320 39.555 265.240 -0.008507 42.596 0 1.146 1 0.000000
3154 783.320 39.555 265.240 -0.008507 42.596 0 1.146 1 0.000000
3155 783.296 39.561 265.227 -0.008465 42.608 0 1.117 1 0.000000
3156 783.296 39.561 265.227 -0.008465 42.608 0 1.117 1 0.000000
3157 783.271 39.567 265.214 -0.008419 42.620 0 1.089 1 0.000000
3158 783.271 39.567 265.214 -0.008419 42.620 0 1.089 1 0.000000
3159 783.246 39.574 265.201 -0.008373 42.632 0 1.060 1 0.000000
3160 783.246 39.574 265.201 -0.008373 42.632 0 1.060 1 0.000000
3161 783.221 39.580 265.188 -0.008331 42.644 0 1.031 1 0.000000
3162 783.221 39.580 265.188 -0.008331 42.644 0 1.031 1 0.000000
3163 783.197 39.586 265.175 -0.008308 42.656 0 1.003 1 0.000000
3164 783.197 39.586 265.175 -0.008308 42.656 0 1.003 1 0.000000
3165 783.172 39.592 265.162 -0.008282 42.668 0 0.974 1 0.000000
3166 783.172 39.592 265.162 -0.008282 42.668 0 0.974 1 0.000000
3167 783.147 39.599 265.149 -0.008251 42.680 0 0.945 1 0.000000
3168 783.147 39.599 265.149 -0.008251 42.680 0 0.945 1 0.000000
3169 783.123 39.605 265.135 -0.008228 42.692 0 0.917 1 0.000000
3170 783.123 39.605 265.135 -0.008228 42.692 0 0.917 1 0.000000
3171 783.098 39.611 265.122 -0.008205 42.704 0 0.888 1 0.000000
3172 783.098 39.611 265.122 -0.008205 42.704 0 0.888 1 0.000000
3173 783.073 39.618 265.109 -0.008179 42.716 0 0.859 1 0.000000
3174 783.073 39.618 265.109 -0.008179 42.716 0 0.859 1 0.000000
3175 783.048 39.624 265.096 -0.008152 42.729 0 0.831 1 0.000000
3176 783.048 39.624 265.096 -0.008152 42.729 0 0.831 1 0.000000
3177 783.024 39.630 265.083 -0.008125 42.741 0 0.802 1 0.000000
3178 783.024 39.630 265.083 -0.008125 42.741 0 0.802 1 0.000000
3179 782.999 39.636 265.070 -0.008102 42.753 0 0.773 1 0.000000
3180 782.999 39.636 265.070 -0.008102 42.753 0 0.773 1 0.000000
3181 782.974 39.643 265.057 -0.008072 42.765 0 0.745 1 0.000000
3182 782.974 39.643 265.057 -0.008072 42.765 0 0.745 1 0.000000
3183 782.950 39.649 265.044 -0.008045 42.778 0 0.716 1 0.000000
3184 782.950 39.649 265.044 -0.008045 42.778 0 0.716 1 0.000000
3185 782.925 39.655 265.031 -0.008022 42.790 0 0.687 1 0.000000
3186 782.925 39.655 265.031 -0.008022 42.790 0 0.687 1 0.000000
3187 782.900 39.661 265.017 -0.007996 42.802 0 0.659 1 0.000000
3188 782.900 39.661 265.017 -0.007996 42.802 0 0.659 1 0.000000
3189 782.875 39.668 265.004 -0.007969 42.815 0 0.630 1 0.000000
3190 782.875 39.668 265.004 -0.007969 42.815 0 0.630 1 0.000000
3191 782.851 39.674 264.991 -0.007942 42.827 0 0.601 1 0.000000
3192 782.851 39.674 264.991 -0.007942 42.827 0 0.601 1 0.000000
3193 782.826 39.680 264.978 -0.007919 42.839 0 0.573 1 0.000000
3194 782.826 39.680 264.978 -0.007919 42.839 0 0.573 1 0.000000
3195 782.801 39.687 264.965 -0.007893 42.852 0 0.544 1 0.000000
3196 782.801 39.687 264.965 -0.007893 42.852 0 0.544 1 0.000000
3197 782.777 39.693 264.952 -0.007866 42.864 0 0.515 1 0.000000
3198 782.777 39.693 264.952 -0.007866 42.864 0 0.515 1 0.000000
3199 782.752 39.699 264.939 -0.007839 42.877 0 0.486 1 0.000000
3200 782.752 39.699 264.939 -0.007839 42.877 0 0.486 1 0.000000
3201 782.727 39.705 264.926 -0.007816 42.889 0 0.458 1 0.000000
3202 782.727 39.705 264.926 -0.007816 42.889 0 0.458 1 0.000000
3203 782.702 39.712 264.912 -0.007790 42.902 0 0.429 1 0.000000
3204 782.702 39.712 264.912 -0.007790 42.902 0 0.429 1 0.000000
3205 782.678 39.718 264.899 -0.007763 42.914 0 0.400 1 0.000000
3206 782.678 39.718 264.899 -0.007763 42.914 0 0.400 1 0.000000
3207 782.653 39.724 264.886 -0.007736 42.927 0 0.372 1 0.000000
3208 782.653 39.724 264.886 -0.007736 42.927 0 0.372 1 0.000000
3209 782.628 39.730 264.873 -0.007713 42.939 0 0.343 1 0.000000
3210 782.628 39.730 264.873 -0.007713 42.939 0 0.343 1 0.000000
3211 782.604 39.737 264.860 -0.007687 42.952 0 0.314 1 0.000000
3212 782.604 39.737 264.860 -0.007687 42.952 0 0.314 1 0.000000
3213 782.579 39.743 264.847 -0.007660 42.965 0 0.286 1 0.000000
3214 782.579 39.743 264.847 -0.007660 42.965 0 0.286 1 0.000000
3215 782.554 39.749 264.834 -0.007633 42.977 0 0.257 1 0.000000
3216 782.554 39.749 264.834 -0.007633 42.977 0 0.257 1 0.000000
3217 782.529 39.755 264.821 -0.007561 42.990 0 0.228 1 0.000000
3218 782.529 39.755 264.821 -0.007561 42.990 0 0.228 1 0.000000
3219 782.505 39.762 264.807 -0.007496 43.003 0 0.200 1 0.000000
3220 782.505 39.762 264.807 -0.007496 43.003 0 0.200 1 0.000000
3221 782.480 39.768 264.794 -0.007439 43.015 0 0.171 1 0.000000
3222 782.480 39.768 264.794 -0.007439 43.015 0 0.171 1 0.000000
3223 782.455 39.774 264.781 -0.007381 43.028 0 0.142 1 0.000000
3224 782.455 39.774 264.781 -0.007381 43.028 0 0.142 1 0.000000
3225 782.430 39.780 264.768 -0.007320 43.041 0 0.114 1 0.000000
3226 782.430 39.780 264.768 -0.007320 43.041 0 0.114 1 0.000000
3227 782.406 39.787 264.755 -0.007263 43.053 0 0.085 1 0.000000
3228 782.406 39.787 264.755 -0.007263 43.053 0 0.085 1 0.000000
3229 782.381 39.793 264.742 -0.007206 43.066 0 0.056 1 0.000000
3230 782.381 39.793 264.742 -0.007206 43.066 0 0.056 1 0.000000
3231 782.356 39.799 264.729 -0.007145 43.079 0 0.028 1 0.000000
3232 782.356 39.799 264.729 -0.007145 43.079 0 0.028 1 0.000000
3233 782.332 39.805 264.716 -0.007088 43.092 0 0.001 1 0.000000
3234 782.332 39.805 264.716 -0.007088 43.092 0 0.001 1 0.000000
3235 782.307 39.812 264.702 -0.007030 43.105 0 0.030 1 0.000000
3236 782.307 39.812 264.702 -0.007030 43.105 0 0.030 1 0.000000
3237 782.282 39.818 264.689 -0.006969 43.118 0 0.058 1 0.000000
3238 782.282 39.818 264.689 -0.006969 43.118 0 0.058 1 0.000000
3239 782.257 39.824 264.676 -0.006912 43.130 0 0.087 1 0.000000
3240 782.257 39.824 264.676 -0.006912 43.130 0 0.087 1 0.000000
3241 782.233 39.830 264.663 -0.006855 43.143 0 0.116 1 0.000000
3242 782.233 39.830 264.663 -0.006855 43.143 0 0.116 1 0.000000
3243 782.208 39.837 264.650 -0.006794 43.156 0 0.144 1 0.000000
3244 782.208 39.837 264.650 -0.006794 43.156 0 0.144 1 0.000000
3245 782.183 39.843 264.637 -0.006737 43.169 0 0.173 1 0.000000
3246 782.183 39.843 264.637 -0.006737 43.169 0 0.173 1 0.000000
3247 782.159 39.849 264.624 -0.006676 43.182 0 0.202 1 0.000000
3248 782.159 39.849 264.624 -0.006676 43.182 0 0.202 1 0.000000
3249 782.134 39.855 264.611 -0.006618 43.195 0 0.230 1 0.000000
3250 782.134 39.855 264.611 -0.006618 43.195 0 0.230 1 0.000000
3251 782.109 39.862 264.597 -0.006561 43.208 0 0.259 1 0.000000
3252 782.109 39.862 264.597 -0.006561 43.208 0 0.259 1 0.000000
3253 782.084 39.868 264.584 -0.006500 43.221 0 0.288 1 0.000000
3254 782.084 39.868 264.584 -0.006500 43.221 0 0.288 1 0.000000
3255 782.060 39.874 264.571 -0.006447 43.234 0 0.316 1 0.000000
3256 782.060 39.874 264.571 -0.006447 43.234 0 0.316 1 0.000000
3257 782.035 39.880 264.558 -0.006390 43.247 0 0.345 1 0.000000
3258 782.035 39.880 264.558 -0.006390 43.247 0 0.345 1 0.000000
3259 782.010 39.887 264.545 -0.006329 43.260 0 0.374 1 0.000000
3260 782.010 39.887 264.545 -0.006329 43.260 0 0.374 1 0.000000
3261 781.986 39.893 264.532 -0.006271 43.274 0 0.402 1 0.000000
3262 781.986 39.893 264.532 -0.006271 43.274 0 0.402 1 0.000000
3263 781.961 39.899 264.519 -0.006264 43.287 0 0.431 1 0.000000
3264 781.961 39.899 264.519 -0.006264 43.287 0 0.431 1 0.000000
3265 781.936 39.905 264.506 -0.006241 43.300 0 0.460 1 0.000000
3266 781.936 39.905 264.506 -0.006241 43.300 0 0.460 1 0.000000
3267 781.911 39.912 264.493 -0.006222 43.313 0 0.488 1 0.000000
3268 781.911 39.912 264.493 -0.006222 43.313 0 0.488 1 0.000000
3269 781.887 39.918 264.478 -0.006191 43.328 0 0.517 1 0.000000
3270 781.887 39.918 264.478 -0.006191 43.328 0 0.517 1 0.000000
3271 781.864 39.924 264.463 -0.006172 43.344 0 0.546 1 0.000000
3272 781.864 39.924 264.463 -0.006172 43.344 0 0.546 1 0.000000
3273 781.842 39.930 264.446 -0.006145 43.361 0 0.574 1 0.000000
3274 781.842 39.930 264.446 -0.006145 43.361 0 0.574 1 0.000000
3275 781.819 39.937 264.429 -0.006119 43.379 0 0.602 1 0.000000
3276 781.819 39.937 264.429 -0.006119 43.379 0 0.602 1 0.000000
3277 781.797 39.943 264.413 -0.006092 43.396 0 0.631 1 0.000000
3278 781.797 39.943 264.413 -0.006092 43.396 0 0.631 1 0.000000
3279 781.774 39.949 264.396 -0.006096 43.413 0 0.659 1 0.000000
3280 781.774 39.949 264.396 -0.006096 43.413 0 0.659 1 0.000000
3281 781.751 39.955 264.380 -0.006092 43.431 0 0.688 1 0.000000
3282 781.751 39.955 264.380 -0.006092 43.431 0 0.688 1 0.000000
3283 781.729 39.961 264.363 -0.006088 43.448 0 0.716 1 0.000000
3284 781.729 39.961 264.363 -0.006088 43.448 0 0.716 1 0.000000
3285 781.706 39.968 264.347 -0.006081 43.465 0 0.744 1 0.000000
3286 781.706 39.968 264.347 -0.006081 43.465 0 0.744 1 0.000000
3287 781.684 39.974 264.330 -0.006077 43.483 0 0.773 1 0.000000
3288 781.684 39.974 264.330 -0.006077 43.483 0 0.773 1 0.000000
3289 781.661 39.980 264.313 -0.006073 43.500 0 0.801 1 0.000000
3290 781.661 39.980 264.313 -0.006073 43.500 0 0.801 1 0.000000
3291 781.638 39.986 264.297 -0.006065 43.518 0 0.830 1 0.000000
3292 781.638 39.986 264.297 -0.006065 43.518 0 0.830 1 0.000000
3293 781.616 39.993 264.280 -0.006062 43.535 0 0.858 1 0.000000
3294 781.616 39.993 264.280 -0.006062 43.535 0 0.858 1 0.000000
3295 781.593 39.999 264.264 -0.006058 43.553 0 0.887 1 0.000000
3296 781.593 39.999 264.264 -0.006058 43.553 0 0.887 1 0.000000
3297 781.571 40.005 264.247 -0.006054 43.571 0 0.915 1 0.000000
3298 781.571 40.005 264.247 -0.006054 43.571 0 0.915 1 0.000000
3299 781.548 40.012 264.231 -0.006413 43.588 0 0.943 1 0.000000
3300 781.548 40.012 264.231 -0.006413 43.588 0 0.943 1 0.000000
3301 781.526 40.018 264.214 -0.006786 43.606 0 0.972 1 0.000000
3302 781.526 40.018 264.214 -0.006786 43.606 0 0.972 1 0.000000
3303 781.503 40.025 264.198 -0.007156 43.623 0 1.000 1 0.000000
3304 781.503 40.025 264.198 -0.007156 43.623 0 1.000 1 0.000000
3305 781.481 40.031 264.181 -0.007523 43.641 0 1.028 1 0.000000
3306 781.481 40.031 264.181 -0.007523 43.641 0 1.028 1 0.000000
3307 781.459 40.038 264.165 -0.007893 43.658 0 1.057 1 0.000000
3308 781.459 40.038 264.165 -0.007893 43.658 0 1.057 1 0.000000
3309 781.436 40.045 264.148 -0.008259 43.676 0 1.085 1 0.000000
3310 781.436 40.045 264.148 -0.008259 43.676 0 1.085 1 0.000000
3311 781.414 40.051 264.132 -0.008629 43.694 0 1.113 1 0.000000
3312 781.414 40.051 264.132 -0.008629 43.694 0 1.113 1 0.000000
3313 781.391 40.058 264.115 -0.008915 43.711 0 1.141 1 0.000000
3314 781.391 40.058 264.115 -0.008915 43.711 0 1.141 1 0.000000
3315 781.369 40.064 264.099 -0.008572 43.729 0 1.170 1 0.000000
3316 781.369 40.064 264.099 -0.008572 43.729 0 1.170 1 0.000000
3317 781.346 40.070 264.082 -0.008533 43.747 0 1.198 1 0.000000
3318 781.346 40.070 264.082 -0.008533 43.747 0 1.198 1 0.000000
3319 781.323 40.076 264.066 -0.008495 43.765 0 1.227 1 0.000000
3320 781.323 40.076 264.066 -0.008495 43.765 0 1.227 1 0.000000
3321 781.301 40.082 264.049 -0.008453 43.783 0 1.255 1 0.000000
3322 781.301 40.082 264.049 -0.008453 43.783 0 1.255 1 0.000000
3323 781.278 40.088 264.033 -0.008411 43.801 0 1.284 1 0.000000
3324 781.278 40.088 264.033 -0.008411 43.801 0 1.284 1 0.000000
3325 781.255 40.095 264.016 -0.008373 43.818 0 1.312 1 0.000000
3326 781.255 40.095 264.016 -0.008373 43.818 0 1.312 1 0.000000
3327 781.233 40.101 264.000 -0.008331 43.836 0 1.340 1 0.000000
3328 781.233 40.101 264.000 -0.008331 43.836 0 1.340 1 0.000000
3329 781.210 40.107 263.983 -0.008293 43.854 0 1.369 1 0.000000
3330 781.210 40.107 263.983 -0.008293 43.854 0 1.369 1 0.000000
3331 781.187 40.113 263.967 -0.008255 43.872 0 1.397 1 0.000000
3332 781.165 40.119 263.950 -0.008213 43.890 0 1.426 1 0.000000
3333 781.165 40.119 263.950 -0.008213 43.890 0 1.426 1 0.000000
3334 781.142 40.126 263.934 -0.008171 43.908 0 1.454 1 0.000000
3335 781.142 40.126 263.934 -0.008171 43.908 0 1.454 1 0.000000
3336 781.120 40.132 263.917 -0.008133 43.927 0 1.483 1 0.000000
3337 781.120 40.132 263.917 -0.008133 43.927 0 1.483 1 0.000000
3338 781.097 40.138 263.901 -0.008091 43.945 0 1.511 1 0.000000
3339 781.097 40.138 263.901 -0.008091 43.945 0 1.511 1 0.000000
3340 781.074 40.144 263.884 -0.008053 43.963 0 1.539 1 0.000000
3341 781.074 40.144 263.884 -0.008053 43.963 0 1.539 1 0.000000
3342 781.052 40.150 263.868 -0.008015 43.981 0 1.568 1 0.000000
3343 781.052 40.150 263.868 -0.008015 43.981 0 1.568 1 0.000000
3344 781.029 40.157 263.851 -0.007973 43.999 0 1.596 1 0.000000
3345 781.029 40.157 263.851 -0.007973 43.999 0 1.596 1 0.000000
3346 781.006 40.163 263.835 -0.007935 44.017 0 1.625 1 0.000000
3347 781.006 40.163 263.835 -0.007935 44.017 0 1.625 1 0.000000
3348 780.984 40.169 263.818 -0.007893 44.036 0 1.653 1 0.000000
3349 780.984 40.169 263.818 -0.007893 44.036 0 1.653 1 0.000000
3350 780.961 40.175 263.802 -0.007851 44.054 0 1.682 1 0.000000
3351 780.961 40.175 263.802 -0.007851 44.054 0 1.682 1 0.000000
3352 780.938 40.182 263.785 -0.007812 44.072 0 1.710 1 0.000000
3353 780.938 40.182 263.785 -0.007812 44.072 0 1.710 1 0.000000
3354 780.916 40.188 263.769 -0.007771 44.091 0 1.739 1 0.000000
3355 780.916 40.188 263.769 -0.007771 44.091 0 1.739 1 0.000000
3356 780.893 40.194 263.752 -0.007732 44.109 0 1.767 1 0.000000
3357 780.893 40.194 263.752 -0.007732 44.109 0 1.767 1 0.000000
3358 780.870 40.200 263.736 -0.007694 44.128 0 1.795 1 0.000000
3359 780.870 40.200 263.736 -0.007694 44.128 0 1.795 1 0.000000
3360 780.848 40.206 263.719 -0.007652 44.146 0 1.824 1 0.000000
3361 780.848 40.206 263.719 -0.007652 44.146 0 1.824 1 0.000000
3362 780.825 40.213 263.703 -0.007610 44.164 0 1.852 1 0.000000
3363 780.825 40.213 263.703 -0.007610 44.164 0 1.852 1 0.000000
3364 780.802 40.219 263.686 -0.007572 44.183 0 1.881 1 0.000000
3365 780.802 40.219 263.686 -0.007572 44.183 0 1.881 1 0.000000
3366 780.780 40.225 263.670 -0.007534 44.202 0 1.909 1 0.000000
3367 780.780 40.225 263.670 -0.007534 44.202 0 1.909 1 0.000000
3368 780.757 40.231 263.653 -0.007492 44.220 0 1.938 1 0.000000
3369 780.757 40.231 263.653 -0.007492 44.220 0 1.938 1 0.000000
3370 780.735 40.237 263.637 -0.007454 44.239 0 1.966 1 0.000000
3371 780.735 40.237 263.637 -0.007454 44.239 0 1.966 1 0.000000
3372 780.712 40.244 263.620 -0.007412 44.257 0 1.994 1 0.000000
3373 780.712 40.244 263.620 -0.007412 44.257 0 1.994 1 0.000000
3374 780.689 40.250 263.604 -0.007370 44.276 0 2.023 1 0.000000
3375 780.689 40.250 263.604 -0.007370 44.276 0 2.023 1 0.000000
3376 780.667 40.256 263.587 -0.007332 44.295 0 2.051 1 0.000000
3377 780.667 40.256 263.587 -0.007332 44.295 0 2.051 1 0.000000
3378 780.644 40.262 263.571 -0.007294 44.313 0 2.080 1 0.000000
3379 780.644 40.262 263.571 -0.007294 44.313 0 2.080 1 0.000000
3380 780.621 40.268 263.554 -0.007256 44.332 0 2.108 1 0.000000
3381 780.621 40.268 263.554 -0.007256 44.332 0 2.108 1 0.000000
3382 780.599 40.275 263.538 -0.007839 44.351 0 2.137 1 0.000000
3383 780.599 40.275 263.538 -0.007839 44.351 0 2.137 1 0.000000
3384 780.576 40.282 263.522 -0.008678 44.369 0 2.165 1 0.000000
3385 780.576 40.282 263.522 -0.008678 44.369 0 2.165 1 0.000000
3386 780.554 40.289 263.506 -0.009514 44.387 0 2.193 1 0.000000
3387 780.554 40.289 263.506 -0.009514 44.387 0 2.193 1 0.000000
3388 780.531 40.295 263.490 -0.008995 44.405 0 2.221 1 0.000000
3389 780.531 40.295 263.490 -0.008995 44.405 0 2.221 1 0.000000
3390 780.508 40.301 263.474 -0.008446 44.424 0 2.250 1 0.000000
3391 780.508 40.301 263.474 -0.008446 44.424 0 2.250 1 0.000000
3392 780.484 40.307 263.458 -0.008072 44.442 0 2.279 1 0.000000
3393 780.484 40.307 263.458 -0.008072 44.442 0 2.279 1 0.000000
3394 780.461 40.313 263.442 -0.007702 44.460 0 2.307 1 0.000000
3395 780.461 40.313 263.442 -0.007702 44.460 0 2.307 1 0.000000
3396 780.438 40.319 263.426 -0.007332 44.479 0 2.336 1 0.000000
3397 780.438 40.319 263.426 -0.007332 44.479 0 2.336 1 0.000000
3398 780.415 40.325 263.410 -0.007336 44.497 0 2.364 1 0.000000
3399 780.415 40.325 263.410 -0.007336 44.497 0 2.364 1 0.000000
3400 780.392 40.331 263.393 -0.007362 44.516 0 2.393 1 0.000000
3401 780.392 40.331 263.393 -0.007362 44.516 0 2.393 1 0.000000
3402 780.370 40.337 263.377 -0.007389 44.535 0 2.421 1 0.000000
3403 780.370 40.337 263.377 -0.007389 44.535 0 2.421 1 0.000000
3404 780.347 40.344 263.360 -0.007423 44.554 0 2.450 1 0.000000
3405 780.347 40.344 263.360 -0.007423 44.554 0 2.450 1 0.000000
3406 780.325 40.350 263.344 -0.007450 44.574 0 2.478 1 0.000000
3407 780.325 40.350 263.344 -0.007450 44.574 0 2.478 1 0.000000
3408 780.302 40.356 263.327 -0.007484 44.593 0 2.506 1 0.000000
3409 780.302 40.356 263.327 -0.007484 44.593 0 2.506 1 0.000000
3410 780.279 40.362 263.311 -0.007515 44.612 0 2.535 1 0.000000
3411 780.279 40.362 263.311 -0.007515 44.612 0 2.535 1 0.000000
3412 780.257 40.369 263.294 -0.007545 44.631 0 2.563 1 0.000000
3413 780.257 40.369 263.294 -0.007545 44.631 0 2.563 1 0.000000
3414 780.234 40.375 263.278 -0.007576 44.651 0 2.592 1 0.000000
3415 780.234 40.375 263.278 -0.007576 44.651 0 2.592 1 0.000000
3416 780.212 40.381 263.261 -0.007607 44.670 0 2.620 1 0.000000
3417 780.212 40.381 263.261 -0.007607 44.670 0 2.620 1 0.000000
3418 780.189 40.387 263.245 -0.007637 44.689 0 2.648 1 0.000000
3419 780.189 40.387 263.245 -0.007637 44.689 0 2.648 1 0.000000
3420 780.167 40.394 263.228 -0.007668 44.709 0 2.677 1 0.000000
3421 780.167 40.394 263.228 -0.007668 44.709 0 2.677 1 0.000000
3422 780.144 40.400 263.212 -0.007698 44.728 0 2.705 1 0.000000
3423 780.144 40.400 263.212 -0.007698 44.728 0 2.705 1 0.000000
3424 780.121 40.406 263.195 -0.007725 44.748 0 2.734 1 0.000000
3425 780.121 40.406 263.195 -0.007725 44.748 0 2.734 1 0.000000
3426 780.099 40.413 263.179 -0.007759 44.767 0 2.762 1 0.000000
3427 780.099 40.413 263.179 -0.007759 44.767 0 2.762 1 0.000000
3428 780.076 40.419 263.162 -0.007790 44.786 0 2.790 1 0.000000
3429 780.076 40.419 263.162 -0.007790 44.786 0 2.790 1 0.000000
3430 780.054 40.425 263.146 -0.007820 44.806 0 2.819 1 0.000000
3431 780.054 40.425 263.146 -0.007820 44.806 0 2.819 1 0.000000
3432 780.031 40.431 263.129 -0.007854 44.826 0 2.847 1 0.000000
3433 780.031 40.431 263.129 -0.007854 44.826 0 2.847 1 0.000000
3434 780.008 40.438 263.113 -0.007881 44.845 0 2.876 1 0.000000
3435 780.008 40.438 263.113 -0.007881 44.845 0 2.876 1 0.000000
3436 779.986 40.444 263.096 -0.007912 44.865 0 2.904 1 0.000000
3437 779.986 40.444 263.096 -0.007912 44.865 0 2.904 1 0.000000
3438 779.963 40.450 263.080 -0.007942 44.884 0 2.932 1 0.000000
3439 779.963 40.450 263.080 -0.007942 44.884 0 2.932 1 0.000000
3440 779.941 40.456 263.063 -0.007973 44.904 0 2.961 1 0.000000
3441 779.941 40.456 263.063 -0.007973 44.904 0 2.961 1 0.000000
3442 779.918 40.463 263.047 -0.008003 44.924 0 2.989 1 0.000000
3443 779.918 40.463 263.047 -0.008003 44.924 0 2.989 1 0.000000
3444 779.895 40.469 263.030 -0.008022 44.943 0 3.017 1 0.000000
3445 779.895 40.469 263.030 -0.008022 44.943 0 3.017 1 0.000000
3446 779.873 40.475 263.014 -0.008064 44.963 0 3.046 1 0.000000
3447 779.873 40.475 263.014 -0.008064 44.963 0 3.046 1 0.000000
3448 779.850 40.481 262.997 -0.008080 44.983 0 3.074 1 0.000000
3449 779.850 40.481 262.997 -0.008080 44.983 0 3.074 1 0.000000
3450 779.828 40.488 262.981 -0.008114 45.003 0 3.103 1 0.000000
3451 779.828 40.488 262.981 -0.008114 45.003 0 3.103 1 0.000000
3452 779.805 40.494 262.965 -0.008144 45.023 0 3.131 1 0.000000
3453 779.805 40.494 262.965 -0.008144 45.023 0 3.131 1 0.000000
3454 779.782 40.500 262.948 -0.008171 45.043 0 3.160 1 0.000000
3455 779.782 40.500 262.948 -0.008171 45.043 0 3.160 1 0.000000
3456 779.760 40.507 262.932 -0.008205 45.063 0 3.188 1 0.000000
3457 779.760 40.507 262.932 -0.008205 45.063 0 3.188 1 0.000000
3458 779.737 40.513 262.915 -0.008232 45.083 0 3.216 1 0.000000
3459 779.737 40.513 262.915 -0.008232 45.083 0 3.216 1 0.000000
3460 779.714 40.519 262.899 -0.008263 45.103 0 3.245 1 0.000000
3461 779.714 40.519 262.899 -0.008263 45.103 0 3.245 1 0.000000
3462 779.692 40.525 262.882 -0.008293 45.123 0 3.273 1 0.000000
3463 779.692 40.525 262.882 -0.008293 45.123 0 3.273 1 0.000000
3464 779.669 40.532 262.866 -0.008324 45.143 0 3.302 1 0.000000
3465 779.669 40.532 262.866 -0.008324 45.143 0 3.302 1 0.000000
3466 779.646 40.538 262.849 -0.008358 45.163 0 3.330 1 0.000000
3467 779.646 40.538 262.849 -0.008358 45.163 0 3.330 1 0.000000
3468 779.624 40.544 262.833 -0.008385 45.183 0 3.359 1 0.000000
3469 779.624 40.544 262.833 -0.008385 45.183 0 3.359 1 0.000000
3470 779.601 40.550 262.816 -0.008415 45.203 0 3.387 1 0.000000
3471 779.601 40.550 262.816 -0.008415 45.203 0 3.387 1 0.000000
3472 779.578 40.557 262.800 -0.008446 45.223 0 3.416 1 0.000000
3473 779.578 40.557 262.800 -0.008446 45.223 0 3.416 1 0.000000
3474 779.556 40.563 262.783 -0.008476 45.244 0 3.444 1 0.000000
3475 779.556 40.563 262.783 -0.008476 45.244 0 3.444 1 0.000000
3476 779.533 40.569 262.767 -0.008125 45.264 0 3.472 1 0.000000
3477 779.533 40.569 262.767 -0.008125 45.264 0 3.472 1 0.000000
3478 779.510 40.575 262.750 -0.007912 45.284 0 3.501 1 0.000000
3479 779.510 40.575 262.750 -0.007912 45.284 0 3.501 1 0.000000
3480 779.488 40.581 262.734 -0.007694 45.304 0 3.529 1 0.000000
3481 779.488 40.581 262.734 -0.007694 45.304 0 3.529 1 0.000000
3482 779.465 40.587 262.717 -0.007481 45.325 0 3.558 1 0.000000
3483 779.465 40.587 262.717 -0.007481 45.325 0 3.558 1 0.000000
3484 779.442 40.593 262.701 -0.007267 45.345 0 3.586 1 0.000000
3485 779.442 40.593 262.701 -0.007267 45.345 0 3.586 1 0.000000
3486 779.419 40.599 262.684 -0.007057 45.366 0 3.615 1 0.000000
3487 779.419 40.599 262.684 -0.007057 45.366 0 3.615 1 0.000000
3488 779.396 40.605 262.668 -0.006840 45.386 0 3.643 1 0.000000
3489 779.396 40.605 262.668 -0.006840 45.386 0 3.643 1 0.000000
3490 779.374 40.611 262.651 -0.006626 45.407 0 3.672 1 0.000000
3491 779.374 40.611 262.651 -0.006626 45.407 0 3.672 1 0.000000
3492 779.351 40.617 262.635 -0.006413 45.427 0 3.700 1 0.000000
3493 779.351 40.617 262.635 -0.006413 45.427 0 3.700 1 0.000000
3494 779.328 40.623 262.618 -0.006203 45.448 0 3.729 1 0.000000
3495 779.328 40.623 262.618 -0.006203 45.448 0 3.729 1 0.000000
3496 779.305 40.629 262.602 -0.005985 45.468 0 3.757 1 0.000000
3497 779.305 40.629 262.602 -0.005985 45.468 0 3.757 1 0.000000
3498 779.283 40.635 262.585 -0.005772 45.489 0 3.786 1 0.000000
3499 779.283 40.635 262.585 -0.005772 45.489 0 3.786 1 0.000000
3500 779.260 40.641 262.569 -0.005558 45.510 0 3.814 1 0.000000
3501 779.260 40.641 262.569 -0.005558 45.510 0 3.814 1 0.000000
3502 779.237 40.648 262.552 -0.005348 45.531 0 3.843 1 0.000000
3503 779.237 40.648 262.552 -0.005348 45.531 0 3.843 1 0.000000
3504 779.214 40.654 262.536 -0.005131 45.551 0 3.871 1 0.000000
3505 779.214 40.654 262.536 -0.005131 45.551 0 3.871 1 0.000000
3506 779.192 40.659 262.519 -0.004757 45.572 0 3.900 1 0.000000
3507 779.192 40.659 262.519 -0.004757 45.572 0 3.900 1 0.000000
3508 779.169 40.665 262.503 -0.003624 45.593 0 3.928 1 0.000000
3509 779.169 40.665 262.503 -0.003624 45.593 0 3.928 1 0.000000
3510 779.146 40.670 262.486 -0.002804 45.615 0 3.957 1 0.000000
3511 779.146 40.670 262.486 -0.002804 45.615 0 3.957 1 0.000000
3512 779.123 40.676 262.469 -0.001980 45.636 0 3.986 1 0.000000
3513 779.123 40.676 262.469 -0.001980 45.636 0 3.986 1 0.000000
3514 779.100 40.681 262.452 -0.001160 45.658 0 4.014 1 0.000000
3515 779.100 40.681 262.452 -0.001160 45.658 0 4.014 1 0.000000
3516 779.077 40.687 262.435 -0.000336 45.679 0 4.043 1 0.000000
3517 779.077 40.687 262.435 -0.000336 45.679 0 4.043 1 0.000000
3518 779.054 40.692 262.418 +0.000484 45.700 0 0.000 0 0.000000
3519 779.054 40.692 262.418 +0.000484 45.700 0 0.000 0 0.000000
3520 779.031 40.697 262.402 +0.001301 45.722 0 0.000 0 0.000000
3521 779.031 40.697 262.402 +0.001301 45.722 0 0.000 0 0.000000
3522 779.008 40.703 262.385 +0.002121 45.743 0 0.000 0 0.000000
3523 779.008 40.703 262.385 +0.002121 45.743 0 0.000 0 0.000000
3524 778.985 40.708 262.368 +0.002945 45.765 0 0.000 0 0.000000
3525 778.985 40.708 262.368 +0.002945 45.765 0 0.000 0 0.000000
3526 778.963 40.714 262.351 +0.003765 45.787 0 0.000 0 0.000000
3527 778.963 40.714 262.351 +0.003765 45.787 0 0.000 0 0.000000
3528 778.940 40.719 262.334 +0.004585 45.808 0 0.000 0 0.000000
3529 778.940 40.719 262.334 +0.004585 45.808 0 0.000 0 0.000000
3530 778.917 40.725 262.317 +0.005405 45.830 0 0.000 0 0.000000
3531 778.917 40.725 262.317 +0.005405 45.830 0 0.000 0 0.000000
3532 778.894 40.730 262.301 +0.006226 45.852 0 0.000 0 0.000000
3533 778.894 40.730 262.301 +0.006226 45.852 0 0.000 0 0.000000
3534 778.871 40.736 262.284 +0.007046 45.873 0 0.000 0 0.000000
3535 778.871 40.736 262.284 +0.007046 45.873 0 0.000 0 0.000000
3536 778.848 40.741 262.267 +0.007866 45.895 0 0.000 0 0.000000
3537 778.848 40.741 262.267 +0.007866 45.895 0 0.000 0 0.000000
3538 778.825 40.747 262.250 +0.008686 45.917 0 0.000 0 0.000000
3539 778.825 40.747 262.250 +0.008686 45.917 0 0.000 0 0.000000
3540 778.802 40.752 262.233 +0.009521 45.939 0 0.000 0 0.000000
3541 778.802 40.752 262.233 +0.009521 45.939 0 0.000 0 0.000000
3542 778.779 40.758 262.217 +0.010338 45.960 0 0.000 0 0.000000
3543 778.779 40.758 262.217 +0.010338 45.960 0 0.000 0 0.000000
3544 778.756 40.763 262.200 +0.011162 45.982 0 0.000 0 0.000000
3545 778.756 40.763 262.200 +0.011162 45.982 0 0.000 0 0.000000
3546 778.733 40.769 262.183 +0.011982 46.004 0 0.000 0 0.000000
3547 778.711 40.774 262.166 +0.012802 46.026 0 0.000 0 0.000000
3548 778.711 40.774 262.166 +0.012802 46.026 0 0.000 0 0.000000
3549 778.688 40.779 262.149 +0.013622 46.048 0 0.000 0 0.000000
3550 778.688 40.779 262.149 +0.013622 46.048 0 0.000 0 0.000000
3551 778.665 40.785 262.133 +0.014439 46.070 0 0.000 0 0.000000
3552 778.665 40.785 262.133 +0.014439 46.070 0 0.000 0 0.000000
3553 778.642 40.790 262.116 +0.015263 46.092 0 0.000 0 0.000000
3554 778.619 40.796 262.099 +0.016083 46.114 0 0.000 0 0.000000
3555 778.619 40.796 262.099 +0.016083 46.114 0 0.000 0 0.000000
3556 778.596 40.801 262.082 +0.016903 46.137 0 0.000 0 0.000000
3557 778.573 40.807 262.066 +0.017723 46.159 0 0.000 0 0.000000
3558 778.573 40.807 262.066 +0.017723 46.159 0 0.000 0 0.000000
3559 778.550 40.812 262.049 +0.018543 46.181 0 0.000 0 0.000000
3560 778.526 40.816 262.032 +0.020954 46.203 0 0.000 0 0.000000
3561 778.526 40.816 262.032 +0.020954 46.203 0 0.000 0 0.000000
3562 778.478 40.820 261.998 +0.029522 46.249 0 0.000 0 0.000000
3563 778.454 40.823 261.981 +0.033485 46.271 0 0.000 0 0.000000
3564 778.454 40.823 261.981 +0.033485 46.271 0 0.000 0 0.000000
3565 778.430 40.825 261.964 +0.037449 46.294 0 0.000 0 0.000000
3566 778.405 40.828 261.947 +0.041409 46.317 0 0.000 0 0.000000
3567 778.405 40.828 261.947 +0.041409 46.317 0 0.000 0 0.000000
3568 778.381 40.830 261.930 +0.045376 46.340 0 0.000 0 0.000000
3569 778.381 40.830 261.930 +0.045376 46.340 0 0.000 0 0.000000
3570 778.357 40.833 261.913 +0.049335 46.362 0 0.000 0 0.000000
3571 778.357 40.833 261.913 +0.049335 46.362 0 0.000 0 0.000000
3572 778.333 40.835 261.896 +0.053295 46.385 0 0.000 0 0.000000
3573 778.308 40.838 261.879 +0.057259 46.408 0 0.000 0 0.000000
3574 778.308 40.838 261.879 +0.057259 46.408 0 0.000 0 0.000000
3575 778.284 40.840 261.862 +0.061222 46.431 0 0.000 0 0.000000
3576 778.284 40.840 261.862 +0.061222 46.431 0 0.000 0 0.000000
3577 778.260 40.843 261.845 +0.061306 46.454 0 0.000 0 0.000000
3578 778.260 40.843 261.845 +0.061306 46.454 0 0.000 0 0.000000
3579 778.236 40.845 261.828 +0.058853 46.477 0 0.000 0 0.000000
3580 778.236 40.845 261.828 +0.058853 46.477 0 0.000 0 0.000000
3581 778.211 40.847 261.811 +0.056400 46.500 0 0.000 0 0.000000
3582 778.211 40.847 261.811 +0.056400 46.500 0 0.000 0 0.000000
3583 778.187 40.850 261.794 +0.053951 46.524 0 0.000 0 0.000000
3584 778.187 40.850 261.794 +0.053951 46.524 0 0.000 0 0.000000
3585 778.163 40.852 261.777 +0.051502 46.547 0 0.000 0 0.000000
3586 778.163 40.852 261.777 +0.051502 46.547 0 0.000 0 0.000000
3587 778.139 40.855 261.760 +0.049053 46.570 0 0.000 0 0.000000
3588 778.139 40.855 261.760 +0.049053 46.570 0 0.000 0 0.000000
3589 778.115 40.857 261.743 +0.046604 46.593 0 0.000 0 0.000000
3590 778.115 40.857 261.743 +0.046604 46.593 0 0.000 0 0.000000
3591 778.091 40.860 261.726 +0.044155 46.617 0 0.000 0 0.000000
3592 778.091 40.860 261.726 +0.044155 46.617 0 0.000 0 0.000000
3593 778.066 40.862 261.709 +0.041706 46.640 0 0.000 0 0.000000
3594 778.066 40.862 261.709 +0.041706 46.640 0 0.000 0 0.000000
3595 778.042 40.865 261.692 +0.039257 46.663 0 0.000 0 0.000000
3596 778.042 40.865 261.692 +0.039257 46.663 0 0.000 0 0.000000
3597 778.018 40.867 261.675 +0.036808 46.687 0 0.000 0 0.000000
3598 778.018 40.867 261.675 +0.036808 46.687 0 0.000 0 0.000000
3599 777.994 40.869 261.658 +0.034359 46.710 0 0.000 0 0.000000
3600 777.994 40.869 261.658 +0.034359 46.710 0 0.000 0 0.000000
3601 777.970 40.872 261.641 +0.031910 46.734 0 0.000 0 0.000000
3602 777.970 40.872 261.641 +0.031910 46.734 0 0.000 0 0.000000
3603 777.946 40.874 261.624 +0.029461 46.757 0 0.000 0 0.000000
3604 777.946 40.874 261.624 +0.029461 46.757 0 0.000 0 0.000000
3605 777.921 40.877 261.607 +0.027012 46.781 0 0.000 0 0.000000
3606 777.921 40.877 261.607 +0.027012 46.781 0 0.000 0 0.000000
3607 777.897 40.879 261.590 +0.024563 46.805 0 0.000 0 0.000000
3608 777.897 40.879 261.590 +0.024563 46.805 0 0.000 0 0.000000
3609 777.873 40.882 261.573 +0.022114 46.828 0 0.000 0 0.000000
3610 777.873 40.882 261.573 +0.022114 46.828 0 0.000 0 0.000000
3611 777.849 40.884 261.556 +0.019665 46.852 0 0.000 0 0.000000
3612 777.849 40.884 261.556 +0.019665 46.852 0 0.000 0 0.000000
3613 777.825 40.887 261.539 +0.017216 46.876 0 0.000 0 0.000000
3614 777.825 40.887 261.539 +0.017216 46.876 0 0.000 0 0.000000
3615 777.801 40.889 261.522 +0.014767 46.900 0 0.000 0 0.000000
3616 777.801 40.889 261.522 +0.014767 46.900 0 0.000 0 0.000000
3617 777.776 40.892 261.505 +0.012287 46.924 0 0.000 0 0.000000
3618 777.776 40.892 261.505 +0.012287 46.924 0 0.000 0 0.000000
3619 777.752 40.894 261.488 +0.009811 46.947 0 0.000 0 0.000000
3620 777.752 40.894 261.488 +0.009811 46.947 0 0.000 0 0.000000
3621 777.728 40.897 261.471 +0.007339 46.971 0 0.000 0 0.000000
3622 777.728 40.897 261.471 +0.007339 46.971 0 0.000 0 0.000000
3623 777.704 40.899 261.454 +0.004864 46.995 0 0.000 0 0.000000
3624 777.704 40.899 261.454 +0.004864 46.995 0 0.000 0 0.000000
3625 777.680 40.901 261.437 +0.002388 47.019 0 0.000 0 0.000000
3626 777.680 40.901 261.437 +0.002388 47.019 0 0.000 0 0.000000
3627 777.656 40.904 261.420 -0.000084 47.044 0 5.960 1 0.000000
3628 777.656 40.904 261.420 -0.000084 47.044 0 5.960 1 0.000000
3629 777.631 40.906 261.403 -0.002560 47.068 0 5.989 1 0.000000
3630 777.631 40.906 261.403 -0.002560 47.068 0 5.989 1 0.000000
3631 777.607 40.909 261.386 -0.005035 47.092 0 6.019 1 0.000000
3632 777.607 40.909 261.386 -0.005035 47.092 0 6.019 1 0.000000
3633 777.583 40.911 261.369 -0.007515 47.116 0 6.048 1 0.000000
3634 777.583 40.911 261.369 -0.007515 47.116 0 6.048 1 0.000000
3635 777.559 40.914 261.352 -0.009991 47.141 0 6.077 1 0.000000
3636 777.559 40.914 261.352 -0.009991 47.141 0 6.077 1 0.000000
3637 777.535 40.916 261.335 -0.012466 47.165 0 6.106 1 0.000000
3638 777.535 40.916 261.335 -0.012466 47.165 0 6.106 1 0.000000
3639 777.511 40.919 261.318 -0.014942 47.189 0 6.135 1 0.000000
3640 777.511 40.919 261.318 -0.014942 47.189 0 6.135 1 0.000000
3641 777.486 40.921 261.301 -0.016941 47.214 0 6.164 1 0.000000
3642 777.486 40.921 261.301 -0.016941 47.214 0 6.164 1 0.000000
3643 777.462 40.923 261.284 -0.019028 47.238 0 6.194 1 0.000000
3644 777.462 40.923 261.284 -0.019028 47.238 0 6.194 1 0.000000
3645 777.438 40.925 261.267 -0.021118 47.263 0 6.223 1 0.000000
3646 777.438 40.925 261.267 -0.021118 47.263 0 6.223 1 0.000000
3647 777.413 40.927 261.249 -0.023209 47.287 0 6.252 1 0.000000
3648 777.413 40.927 261.249 -0.023209 47.287 0 6.252 1 0.000000
3649 777.389 40.929 261.232 -0.025299 47.312 0 6.281 1 0.000000
3650 777.389 40.929 261.232 -0.025299 47.312 0 6.281 1 0.000000
3651 777.365 40.931 261.215 -0.027390 47.337 0 6.311 1 0.000000
3652 777.365 40.931 261.215 -0.027390 47.337 0 6.311 1 0.000000
3653 777.341 40.933 261.198 -0.029476 47.362 0 6.340 1 0.000000
3654 777.341 40.933 261.198 -0.029476 47.362 0 6.340 1 0.000000
3655 777.316 40.935 261.181 -0.031563 47.386 0 6.369 1 0.000000
3656 777.316 40.935 261.181 -0.031563 47.386 0 6.369 1 0.000000
3657 777.292 40.937 261.164 -0.033649 47.411 0 6.398 1 0.000000
3658 777.292 40.937 261.164 -0.033649 47.411 0 6.398 1 0.000000
3659 777.268 40.940 261.147 -0.035736 47.436 0 6.427 1 0.000000
3660 777.268 40.940 261.147 -0.035736 47.436 0 6.427 1 0.000000
3661 777.244 40.942 261.130 -0.037827 47.461 0 6.457 1 0.000000
3662 777.244 40.942 261.130 -0.037827 47.461 0 6.457 1 0.000000
3663 777.219 40.944 261.113 -0.039913 47.486 0 6.486 1 0.000000
3664 777.219 40.944 261.113 -0.039913 47.486 0 6.486 1 0.000000
3665 777.195 40.946 261.096 -0.042004 47.511 0 6.515 1 0.000000
3666 777.195 40.946 261.096 -0.042004 47.511 0 6.515 1 0.000000
3667 777.171 40.948 261.079 -0.044094 47.536 0 6.544 1 0.000000
3668 777.171 40.948 261.079 -0.044094 47.536 0 6.544 1 0.000000
3669 777.147 40.950 261.062 -0.046185 47.561 0 6.573 1 0.000000
3670 777.147 40.950 261.062 -0.046185 47.561 0 6.573 1 0.000000
3671 777.123 40.952 261.045 -0.048271 47.587 0 6.603 1 0.000000
3672 777.123 40.952 261.045 -0.048271 47.587 0 6.603 1 0.000000
3673 777.098 40.954 261.027 -0.050362 47.612 0 6.632 1 0.000000
3674 777.098 40.954 261.027 -0.050362 47.612 0 6.632 1 0.000000
3675 777.074 40.956 261.010 -0.052452 47.637 0 6.661 1 0.000000
3676 777.074 40.956 261.010 -0.052452 47.637 0 6.661 1 0.000000
3677 777.050 40.958 260.993 -0.054543 47.663 0 6.690 1 0.000000
3678 777.050 40.958 260.993 -0.054543 47.663 0 6.690 1 0.000000
3679 777.026 40.962 260.977 -0.057880 47.687 0 6.719 1 0.000000
3680 777.026 40.962 260.977 -0.057880 47.687 0 6.719 1 0.000000
3681 777.002 40.970 260.964 -0.066425 47.707 0 6.746 1 0.000000
3682 777.002 40.970 260.964 -0.066425 47.707 0 6.746 1 0.000000
3683 776.980 40.979 260.950 -0.075264 47.727 0 6.772 1 0.000000
3684 776.980 40.979 260.950 -0.075264 47.727 0 6.772 1 0.000000
3685 776.959 40.988 260.936 -0.084442 47.749 0 6.798 1 0.000000
3686 776.959 40.988 260.936 -0.084442 47.749 0 6.798 1 0.000000
3687 776.939 40.998 260.920 -0.093929 47.772 0 6.824 1 0.000000
3688 776.939 40.998 260.920 -0.093929 47.772 0 6.824 1 0.000000
3689 776.921 41.008 260.904 -0.103703 47.796 0 6.850 1 0.000000
3690 776.921 41.008 260.904 -0.103703 47.796 0 6.850 1 0.000000
3691 776.903 41.018 260.886 -0.113731 47.822 0 6.876 1 0.000000
3692 776.903 41.018 260.886 -0.113731 47.822 0 6.876 1 0.000000
3693 776.887 41.028 260.868 -0.106407 47.849 0 6.902 1 0.000000
3694 776.887 41.028 260.868 -0.106407 47.849 0 6.902 1 0.000000
3695 776.872 41.038 260.849 -0.082198 47.876 0 6.927 1 0.000000
3696 776.872 41.038 260.849 -0.082198 47.876 0 6.927 1 0.000000
3697 776.859 41.049 260.829 -0.058197 47.905 0 6.952 1 0.000000
3698 776.859 41.049 260.829 -0.058197 47.905 0 6.952 1 0.000000
3699 776.846 41.060 260.809 -0.034396 47.934 0 6.977 1 0.000000
3700 776.846 41.060 260.809 -0.034396 47.934 0 6.977 1 0.000000
3701 776.834 41.070 260.788 -0.010593 47.964 0 7.001 1 0.000000
3702 776.834 41.070 260.788 -0.010593 47.964 0 7.001 1 0.000000
3703 776.822 41.081 260.768 +0.013237 47.993 0 0.000 0 0.000000
3704 776.822 41.081 260.768 +0.013237 47.993 0 0.000 0 0.000000
3705 776.809 41.092 260.747 +0.037068 48.023 0 0.000 0 0.000000
3706 776.809 41.092 260.747 +0.037068 48.023 0 0.000 0 0.000000
3707 776.797 41.103 260.727 +0.060901 48.052 0 0.000 0 0.000000
3708 776.797 41.103 260.727 +0.060901 48.052 0 0.000 0 0.000000
3709 776.784 41.113 260.706 +0.084736 48.082 0 0.000 0 0.000000
3710 776.784 41.113 260.706 +0.084736 48.082 0 0.000 0 0.000000
3711 776.772 41.124 260.686 +0.090477 48.112 0 0.000 0 0.000000
3712 776.772 41.124 260.686 +0.090477 48.112 0 0.000 0 0.000000
3713 776.760 41.136 260.666 +0.082680 48.141 0 0.000 0 0.000000
3714 776.760 41.136 260.666 +0.082680 48.141 0 0.000 0 0.000000
3715 776.747 41.146 260.645 +0.075909 48.171 0 0.000 0 0.000000
3716 776.747 41.146 260.645 +0.075909 48.171 0 0.000 0 0.000000
3717 776.735 41.155 260.623 +0.070560 48.202 0 0.000 0 0.000000
3718 776.735 41.155 260.623 +0.070560 48.202 0 0.000 0 0.000000
3719 776.722 41.163 260.600 +0.066803 48.236 0 0.000 0 0.000000
3720 776.722 41.163 260.600 +0.066803 48.236 0 0.000 0 0.000000
3721 776.708 41.169 260.576 +0.064877 48.272 0 0.000 0 0.000000
3722 776.708 41.169 260.576 +0.064877 48.272 0 0.000 0 0.000000
3723 776.695 41.175 260.551 +0.062843 48.307 0 0.000 0 0.000000
3724 776.695 41.175 260.551 +0.062843 48.307 0 0.000 0 0.000000
3725 776.682 41.181 260.527 +0.060413 48.343 0 0.000 0 0.000000
3726 776.682 41.181 260.527 +0.060413 48.343 0 0.000 0 0.000000
3727 776.668 41.188 260.502 +0.057983 48.379 0 0.000 0 0.000000
3728 776.668 41.188 260.502 +0.057983 48.379 0 0.000 0 0.000000
3729 776.655 41.194 260.478 +0.055557 48.414 0 0.000 0 0.000000
3730 776.655 41.194 260.478 +0.055557 48.414 0 0.000 0 0.000000
3731 776.642 41.201 260.453 +0.053127 48.450 0 0.000 0 0.000000
3732 776.642 41.201 260.453 +0.053127 48.450 0 0.000 0 0.000000
3733 776.628 41.207 260.429 +0.050701 48.486 0 0.000 0 0.000000
3734 776.628 41.207 260.429 +0.050701 48.486 0 0.000 0 0.000000
3735 776.615 41.214 260.405 +0.048275 48.522 0 0.000 0 0.000000
3736 776.615 41.214 260.405 +0.048275 48.522 0 0.000 0 0.000000
3737 776.602 41.220 260.380 +0.045849 48.558 0 0.000 0 0.000000
3738 776.602 41.220 260.380 +0.045849 48.558 0 0.000 0 0.000000
3739 776.589 41.227 260.356 +0.043415 48.594 0 0.000 0 0.000000
3740 776.589 41.227 260.356 +0.043415 48.594 0 0.000 0 0.000000
3741 776.575 41.233 260.331 +0.040985 48.630 0 0.000 0 0.000000
3742 776.575 41.233 260.331 +0.040985 48.630 0 0.000 0 0.000000
3743 776.562 41.240 260.307 +0.038551 48.666 0 0.000 0 0.000000
3744 776.562 41.240 260.307 +0.038551 48.666 0 0.000 0 0.000000
3745 776.549 41.246 260.282 +0.036121 48.702 0 0.000 0 0.000000
3746 776.549 41.246 260.282 +0.036121 48.702 0 0.000 0 0.000000
3747 776.535 41.253 260.258 +0.033916 48.739 0 0.000 0 0.000000
3748 776.535 41.253 260.258 +0.033916 48.739 0 0.000 0 0.000000
3749 776.522 41.259 260.233 +0.031631 48.775 0 0.000 0 0.000000
3750 776.522 41.259 260.233 +0.031631 48.775 0 0.000 0 0.000000
3751 776.508 41.265 260.209 +0.029346 48.811 0 0.000 0 0.000000
3752 776.508 41.265 260.209 +0.029346 48.811 0 0.000 0 0.000000
3753 776.495 41.272 260.184 +0.027061 48.848 0 0.000 0 0.000000
3754 776.495 41.272 260.184 +0.027061 48.848 0 0.000 0 0.000000
3755 776.482 41.278 260.160 +0.024773 48.884 0 0.000 0 0.000000
3756 776.482 41.278 260.160 +0.024773 48.884 0 0.000 0 0.000000
3757 776.468 41.285 260.135 +0.022484 48.921 0 0.000 0 0.000000
3758 776.468 41.285 260.135 +0.022484 48.921 0 0.000 0 0.000000
3759 776.455 41.291 260.111 +0.020191 48.958 0 0.000 0 0.000000
3760 776.455 41.291 260.111 +0.020191 48.958 0 0.000 0 0.000000
3761 776.441 41.297 260.086 +0.017902 48.994 0 0.000 0 0.000000
3762 776.441 41.297 260.086 +0.017902 48.994 0 0.000 0 0.000000
3763 776.428 41.304 260.062 +0.015610 49.031 0 0.000 0 0.000000
3764 776.428 41.304 260.062 +0.015610 49.031 0 0.000 0 0.000000
3765 776.415 41.310 260.037 +0.013321 49.068 0 0.000 0 0.000000
3766 776.415 41.310 260.037 +0.013321 49.068 0 0.000 0 0.000000
3767 776.401 41.316 260.013 +0.011028 49.105 0 0.000 0 0.000000
3768 776.401 41.316 260.013 +0.011028 49.105 0 0.000 0 0.000000
3769 776.388 41.323 259.988 +0.008739 49.141 0 0.000 0 0.000000
3770 776.388 41.323 259.988 +0.008739 49.141 0 0.000 0 0.000000
3771 776.375 41.329 259.964 +0.006447 49.178 0 0.000 0 0.000000
3772 776.375 41.329 259.964 +0.006447 49.178 0 0.000 0 0.000000
3773 776.361 41.335 259.939 +0.004162 49.215 0 0.000 0 0.000000
3774 776.361 41.335 259.939 +0.004162 49.215 0 0.000 0 0.000000
3775 776.348 41.342 259.915 +0.001873 49.252 0 0.000 0 0.000000
3776 776.348 41.342 259.915 +0.001873 49.252 0 0.000 0 0.000000
3777 776.334 41.348 259.890 -0.000420 49.290 0 8.020 1 0.000000
3778 776.334 41.348 259.890 -0.000420 49.290 0 8.020 1 0.000000
3779 776.321 41.355 259.866 -0.002708 49.327 0 8.047 1 0.000000
3780 776.321 41.355 259.866 -0.002708 49.327 0 8.047 1 0.000000
3781 776.308 41.361 259.841 -0.005001 49.364 0 8.075 1 0.000000
3782 776.308 41.361 259.841 -0.005001 49.364 0 8.075 1 0.000000
3783 776.294 41.367 259.817 -0.007290 49.401 0 8.102 1 0.000000
3784 776.294 41.367 259.817 -0.007290 49.401 0 8.102 1 0.000000
3785 776.281 41.374 259.792 -0.009579 49.439 0 8.130 1 0.000000
3786 776.281 41.374 259.792 -0.009579 49.439 0 8.130 1 0.000000
3787 776.268 41.380 259.768 -0.011868 49.476 0 8.157 1 0.000000
3788 776.268 41.380 259.768 -0.011868 49.476 0 8.157 1 0.000000
3789 776.254 41.386 259.743 -0.014156 49.513 0 8.184 1 0.000000
3790 776.254 41.386 259.743 -0.014156 49.513 0 8.184 1 0.000000
3791 776.241 41.393 259.718 -0.016449 49.551 0 8.212 1 0.000000
3792 776.241 41.393 259.718 -0.016449 49.551 0 8.212 1 0.000000
3793 776.227 41.399 259.694 -0.018742 49.589 0 8.239 1 0.000000
3794 776.227 41.399 259.694 -0.018742 49.589 0 8.239 1 0.000000
3795 776.214 41.406 259.669 -0.021034 49.626 0 8.267 1 0.000000
3796 776.214 41.406 259.669 -0.021034 49.626 0 8.267 1 0.000000
3797 776.201 41.412 259.645 -0.023327 49.664 0 8.294 1 0.000000
3798 776.201 41.412 259.645 -0.023327 49.664 0 8.294 1 0.000000
3799 776.187 41.418 259.620 -0.025623 49.702 0 8.322 1 0.000000
3800 776.187 41.418 259.620 -0.025623 49.702 0 8.322 1 0.000000
3801 776.174 41.425 259.596 -0.027924 49.739 0 8.349 1 0.000000
3802 776.174 41.425 259.596 -0.027924 49.739 0 8.349 1 0.000000
3803 776.161 41.431 259.571 -0.030216 49.777 0 8.377 1 0.000000
3804 776.161 41.431 259.571 -0.030216 49.777 0 8.377 1 0.000000
3805 776.147 41.437 259.546 -0.031734 49.816 0 8.404 1 0.000000
3806 776.147 41.437 259.546 -0.031734 49.816 0 8.404 1 0.000000
3807 776.134 41.440 259.520 -0.030819 49.856 0 8.432 1 0.000000
3808 776.134 41.440 259.520 -0.030819 49.856 0 8.432 1 0.000000
3809 776.120 41.444 259.495 -0.030632 49.895 0 8.460 1 0.000000
3810 776.120 41.444 259.495 -0.030632 49.895 0 8.460 1 0.000000
3811 776.107 41.448 259.469 -0.030510 49.935 0 8.488 1 0.000000
3812 776.107 41.448 259.469 -0.030510 49.935 0 8.488 1 0.000000
3813 776.093 41.452 259.443 -0.030388 49.975 0 8.516 1 0.000000
3814 776.093 41.452 259.443 -0.030388 49.975 0 8.516 1 0.000000
3815 776.080 41.456 259.417 -0.030266 50.015 0 8.544 1 0.000000
3816 776.080 41.456 259.417 -0.030266 50.015 0 8.544 1 0.000000
3817 776.066 41.460 259.392 -0.030148 50.055 0 8.572 1 0.000000
3818 776.066 41.460 259.392 -0.030148 50.055 0 8.572 1 0.000000
3819 776.053 41.464 259.366 -0.030025 50.096 0 8.600 1 0.000000
3820 776.053 41.464 259.366 -0.030025 50.096 0 8.600 1 0.000000
3821 776.039 41.468 259.340 -0.029907 50.136 0 8.628 1 0.000000
3822 776.039 41.468 259.340 -0.029907 50.136 0 8.628 1 0.000000
3823 776.026 41.472 259.314 -0.029781 50.176 0 8.656 1 0.000000
3824 776.026 41.472 259.314 -0.029781 50.176 0 8.656 1 0.000000
3825 776.012 41.476 259.289 -0.029659 50.216 0 8.685 1 0.000000
3826 776.012 41.476 259.289 -0.029659 50.216 0 8.685 1 0.000000
3827 775.999 41.480 259.263 -0.029541 50.257 0 8.713 1 0.000000
3828 775.999 41.480 259.263 -0.029541 50.257 0 8.713 1 0.000000
3829 775.985 41.484 259.237 -0.029419 50.297 0 8.741 1 0.000000
3830 775.985 41.484 259.237 -0.029419 50.297 0 8.741 1 0.000000
3831 775.972 41.488 259.211 -0.029301 50.338 0 8.769 1 0.000000
3832 775.972 41.488 259.211 -0.029301 50.338 0 8.769 1 0.000000
3833 775.958 41.493 259.186 -0.029179 50.378 0 8.797 1 0.000000
3834 775.958 41.493 259.186 -0.029179 50.378 0 8.797 1 0.000000
3835 775.945 41.497 259.160 -0.029057 50.419 0 8.825 1 0.000000
3836 775.945 41.497 259.160 -0.029057 50.419 0 8.825 1 0.000000
3837 775.932 41.501 259.134 -0.028934 50.460 0 8.853 1 0.000000
3838 775.932 41.501 259.134 -0.028934 50.460 0 8.853 1 0.000000
3839 775.918 41.505 259.108 -0.028812 50.500 0 8.881 1 0.000000
3840 775.918 41.505 259.108 -0.028812 50.500 0 8.881 1 0.000000
3841 775.905 41.509 259.083 -0.028694 50.541 0 8.909 1 0.000000
3842 775.905 41.509 259.083 -0.028694 50.541 0 8.909 1 0.000000
3843 775.891 41.513 259.057 -0.028572 50.582 0 8.937 1 0.000000
3844 775.891 41.513 259.057 -0.028572 50.582 0 8.937 1 0.000000
3845 775.878 41.517 259.031 -0.028450 50.623 0 8.965 1 0.000000
3846 775.878 41.517 259.031 -0.028450 50.623 0 8.965 1 0.000000
3847 775.864 41.521 259.005 -0.028332 50.664 0 8.993 1 0.000000
3848 775.864 41.521 259.005 -0.028332 50.664 0 8.993 1 0.000000
3849 775.851 41.525 258.980 -0.028210 50.705 0 9.021 1 0.000000
3850 775.851 41.525 258.980 -0.028210 50.705 0 9.021 1 0.000000
3851 775.837 41.529 258.954 -0.028084 50.746 0 9.049 1 0.000000
3852 775.837 41.529 258.954 -0.028084 50.746 0 9.049 1 0.000000
3853 775.824 41.533 258.928 -0.027966 50.788 0 9.077 1 0.000000
3854 775.824 41.533 258.928 -0.027966 50.788 0 9.077 1 0.000000
3855 775.810 41.537 258.902 -0.028282 50.829 0 9.105 1 0.000000
3856 775.810 41.537 258.902 -0.028282 50.829 0 9.105 1 0.000000
3857 775.795 41.543 258.879 -0.029816 50.867 0 9.133 1 0.000000
3858 775.795 41.543 258.879 -0.029816 50.867 0 9.133 1 0.000000
3859 775.780 41.549 258.855 -0.031361 50.906 0 9.161 1 0.000000
3860 775.780 41.549 258.855 -0.031361 50.906 0 9.161 1 0.000000
3861 775.765 41.555 258.831 -0.032909 50.945 0 9.189 1 0.000000
3862 775.765 41.555 258.831 -0.032909 50.945 0 9.189 1 0.000000
3863 775.750 41.560 258.807 -0.034470 50.984 0 9.217 1 0.000000
3864 775.750 41.560 258.807 -0.034470 50.984 0 9.217 1 0.000000
3865 775.735 41.566 258.783 -0.036037 51.022 0 9.245 1 0.000000
3866 775.735 41.566 258.783 -0.036037 51.022 0 9.245 1 0.000000
3867 775.720 41.572 258.759 -0.037601 51.061 0 9.273 1 0.000000
3868 775.720 41.572 258.759 -0.037601 51.061 0 9.273 1 0.000000
3869 775.705 41.578 258.736 -0.039181 51.100 0 9.301 1 0.000000
3870 775.705 41.578 258.736 -0.039181 51.100 0 9.301 1 0.000000
3871 775.690 41.583 258.712 -0.040771 51.140 0 9.329 1 0.000000
3872 775.690 41.583 258.712 -0.040771 51.140 0 9.329 1 0.000000
3873 775.675 41.589 258.688 -0.042362 51.179 0 9.357 1 0.000000
3874 775.675 41.589 258.688 -0.042362 51.179 0 9.357 1 0.000000
3875 775.660 41.595 258.664 -0.043964 51.218 0 9.385 1 0.000000
3876 775.660 41.595 258.664 -0.043964 51.218 0 9.385 1 0.000000
3877 775.645 41.601 258.640 -0.045578 51.257 0 9.413 1 0.000000
3878 775.645 41.601 258.640 -0.045578 51.257 0 9.413 1 0.000000
3879 775.630 41.606 258.616 -0.047192 51.297 0 9.441 1 0.000000
3880 775.630 41.606 258.616 -0.047192 51.297 0 9.441 1 0.000000
3881 775.615 41.612 258.592 -0.048729 51.336 0 9.469 1 0.000000
3882 775.615 41.612 258.592 -0.048729 51.336 0 9.469 1 0.000000
3883 775.601 41.615 258.567 -0.047951 51.378 0 9.498 1 0.000000
3884 775.601 41.615 258.567 -0.047951 51.378 0 9.498 1 0.000000
3885 775.587 41.619 258.542 -0.047215 51.419 0 9.526 1 0.000000
3886 775.587 41.619 258.542 -0.047215 51.419 0 9.526 1 0.000000
3887 775.572 41.623 258.516 -0.046844 51.461 0 9.554 1 0.000000
3888 775.572 41.623 258.516 -0.046844 51.461 0 9.554 1 0.000000
3889 775.558 41.627 258.491 -0.046490 51.503 0 9.583 1 0.000000
3890 775.558 41.627 258.491 -0.046490 51.503 0 9.583 1 0.000000
3891 775.543 41.631 258.466 -0.046131 51.544 0 9.611 1 0.000000
3892 775.543 41.631 258.466 -0.046131 51.544 0 9.611 1 0.000000
3893 775.529 41.634 258.441 -0.045776 51.586 0 9.639 1 0.000000
3894 775.529 41.634 258.441 -0.045776 51.586 0 9.639 1 0.000000
3895 775.514 41.638 258.415 -0.045422 51.628 0 9.668 1 0.000000
3896 775.514 41.638 258.415 -0.045422 51.628 0 9.668 1 0.000000
3897 775.500 41.642 258.390 -0.045082 51.670 0 9.696 1 0.000000
3898 775.500 41.642 258.390 -0.045082 51.670 0 9.696 1 0.000000
3899 775.485 41.646 258.365 -0.044743 51.712 0 9.724 1 0.000000
3900 775.471 41.650 258.340 -0.044415 51.754 0 9.752 1 0.000000
3901 775.471 41.650 258.340 -0.044415 51.754 0 9.752 1 0.000000
3902 775.471 41.650 258.340 -0.044415 51.754 0 9.752 1 0.000000
3903 775.457 41.654 258.314 -0.044304 51.796 0 9.781 1 0.000000
3904 775.457 41.654 258.314 -0.044304 51.796 0 9.781 1 0.000000
3905 775.443 41.659 258.289 -0.045372 51.838 0 9.809 1 0.000000
3906 775.443 41.659 258.289 -0.045372 51.838 0 9.809 1 0.000000
3907 775.429 41.664 258.264 -0.046452 51.880 0 9.836 1 0.000000
3908 775.429 41.664 258.264 -0.046452 51.880 0 9.836 1 0.000000
3909 775.416 41.670 258.239 -0.047531 51.922 0 9.864 1 0.000000
3910 775.416 41.670 258.239 -0.047531 51.922 0 9.864 1 0.000000
3911 775.402 41.675 258.214 -0.048615 51.964 0 9.892 1 0.000000
3912 775.402 41.675 258.214 -0.048615 51.964 0 9.892 1 0.000000
3913 775.388 41.680 258.189 -0.049690 52.006 0 9.920 1 0.000000
3914 775.388 41.680 258.189 -0.049690 52.006 0 9.920 1 0.000000
3915 775.375 41.685 258.164 -0.050781 52.048 0 9.948 1 0.000000
3916 775.375 41.685 258.164 -0.050781 52.048 0 9.948 1 0.000000
3917 775.361 41.691 258.139 -0.051868 52.090 0 9.976 1 0.000000
3918 775.361 41.691 258.139 -0.051868 52.090 0 9.976 1 0.000000
3919 775.347 41.696 258.114 -0.052963 52.132 0 10.003 1 0.000000
3920 775.347 41.696 258.114 -0.052963 52.132 0 10.003 1 0.000000
3921 775.334 41.701 258.089 -0.054058 52.174 0 10.031 1 0.000000
3922 775.334 41.701 258.089 -0.054058 52.174 0 10.031 1 0.000000
3923 775.320 41.706 258.064 -0.055149 52.217 0 10.059 1 0.000000
3924 775.320 41.706 258.064 -0.055149 52.217 0 10.059 1 0.000000
3925 775.307 41.711 258.039 -0.056255 52.259 0 10.087 1 0.000000
3926 775.307 41.711 258.039 -0.056255 52.259 0 10.087 1 0.000000
3927 775.293 41.717 258.014 -0.057358 52.302 0 10.115 1 0.000000
3928 775.293 41.717 258.014 -0.057358 52.302 0 10.115 1 0.000000
3929 775.280 41.722 257.989 -0.058468 52.344 0 10.143 1 0.000000
3930 775.280 41.722 257.989 -0.058468 52.344 0 10.143 1 0.000000
3931 775.266 41.727 257.964 -0.059570 52.387 0 10.170 1 0.000000
3932 775.266 41.727 257.964 -0.059570 52.387 0 10.170 1 0.000000
3933 775.253 41.732 257.938 -0.060684 52.429 0 10.198 1 0.000000
3934 775.253 41.732 257.938 -0.060684 52.429 0 10.198 1 0.000000
3935 775.239 41.738 257.913 -0.061802 52.472 0 10.226 1 0.000000
3936 775.239 41.738 257.913 -0.061802 52.472 0 10.226 1 0.000000
3937 775.226 41.743 257.888 -0.062923 52.515 0 10.254 1 0.000000
3938 775.226 41.743 257.888 -0.062923 52.515 0 10.254 1 0.000000
3939 775.212 41.748 257.863 -0.064045 52.558 0 10.281 1 0.000000
3940 775.212 41.748 257.863 -0.064045 52.558 0 10.281 1 0.000000
3941 775.199 41.753 257.838 -0.065174 52.601 0 10.309 1 0.000000
3942 775.199 41.753 257.838 -0.065174 52.601 0 10.309 1 0.000000
3943 775.185 41.759 257.813 -0.066307 52.644 0 10.337 1 0.000000
3944 775.185 41.759 257.813 -0.066307 52.644 0 10.337 1 0.000000
3945 775.172 41.764 257.788 -0.067436 52.687 0 10.365 1 0.000000
3946 775.172 41.764 257.788 -0.067436 52.687 0 10.365 1 0.000000
3947 775.159 41.769 257.762 -0.068573 52.730 0 10.392 1 0.000000
3948 775.159 41.769 257.762 -0.068573 52.730 0 10.392 1 0.000000
3949 775.145 41.774 257.737 -0.069714 52.774 0 10.420 1 0.000000
3950 775.145 41.774 257.737 -0.069714 52.774 0 10.420 1 0.000000
3951 775.133 41.780 257.711 -0.071129 52.818 0 10.447 1 0.000000
3952 775.133 41.780 257.711 -0.071129 52.818 0 10.447 1 0.000000
3953 775.123 41.786 257.685 -0.072811 52.862 0 10.474 1 0.000000
3954 775.123 41.786 257.685 -0.072811 52.862 0 10.474 1 0.000000
3955 775.114 41.791 257.658 -0.074760 52.907 0 10.500 1 0.000000
3956 775.114 41.791 257.658 -0.074760 52.907 0 10.500 1 0.000000
3957 775.106 41.797 257.631 -0.076969 52.953 0 10.525 1 0.000000
3958 775.106 41.797 257.631 -0.076969 52.953 0 10.525 1 0.000000
3959 775.100 41.803 257.604 -0.079426 52.998 0 10.549 1 0.000000
3960 775.100 41.803 257.604 -0.079426 52.998 0 10.549 1 0.000000
3961 775.096 41.810 257.576 -0.082138 53.044 0 10.573 1 0.000000
3962 775.096 41.810 257.576 -0.082138 53.044 0 10.573 1 0.000000
3963 775.093 41.814 257.548 -0.083477 53.091 0 10.595 1 0.000000
3964 775.093 41.814 257.548 -0.083477 53.091 0 10.595 1 0.000000
3965 775.092 41.818 257.519 -0.084381 53.138 0 10.617 1 0.000000
3966 775.092 41.818 257.519 -0.084381 53.138 0 10.617 1 0.000000
3967 775.092 41.823 257.490 -0.085987 53.185 0 14.316 1 0.000000
3968 775.092 41.823 257.490 -0.085987 53.185 0 14.316 1 0.000000
3969 775.094 41.828 257.461 -0.087818 53.231 0 14.330 1 0.000000
3970 775.094 41.828 257.461 -0.087818 53.231 0 14.330 1 0.000000
3971 775.098 41.832 257.433 -0.089855 53.276 0 14.346 1 0.000000
3972 775.098 41.832 257.433 -0.089855 53.276 0 14.346 1 0.000000
3973 775.103 41.837 257.404 -0.092098 53.321 0 14.363 1 0.000000
3974 775.103 41.837 257.404 -0.092098 53.321 0 14.363 1 0.000000
3975 775.109 41.842 257.376 -0.094543 53.365 0 14.382 1 0.000000
3976 775.109 41.842 257.376 -0.094543 53.365 0 14.382 1 0.000000
3977 775.117 41.847 257.349 -0.097176 53.408 0 14.401 1 0.000000
3978 775.117 41.847 257.349 -0.097176 53.408 0 14.401 1 0.000000
3979 775.127 41.852 257.322 -0.099987 53.450 0 14.422 1 0.000000
3980 775.127 41.852 257.322 -0.099987 53.450 0 14.422 1 0.000000
3981 775.138 41.857 257.295 -0.104122 53.491 0 14.443 1 0.000000
3982 775.138 41.857 257.295 -0.104122 53.491 0 14.443 1 0.000000
3983 775.147 41.868 257.273 -0.113400 53.526 0 14.463 1 0.000000
3984 775.147 41.868 257.273 -0.113400 53.526 0 14.463 1 0.000000
3985 775.150 41.881 257.255 -0.124088 53.554 0 14.476 1 0.000000
3986 775.150 41.881 257.255 -0.124088 53.554 0 14.476 1 0.000000
3987 775.154 41.894 257.238 -0.135288 53.580 0 14.490 1 0.000000
3988 775.154 41.894 257.238 -0.135288 53.580 0 14.490 1 0.000000
3989 775.160 41.907 257.222 -0.146969 53.605 0 14.505 1 0.000000
3990 775.160 41.907 257.222 -0.146969 53.605 0 14.505 1 0.000000
3991 775.167 41.920 257.207 -0.159081 53.628 0 14.520 1 0.000000
3992 775.167 41.920 257.207 -0.159081 53.628 0 14.520 1 0.000000
3993 775.174 41.933 257.194 -0.171585 53.648 0 14.536 1 0.000000
3994 775.174 41.933 257.194 -0.171585 53.648 0 14.536 1 0.000000
3995 775.183 41.947 257.181 -0.184448 53.667 0 14.553 1 0.000000
3996 775.183 41.947 257.181 -0.184448 53.667 0 14.553 1 0.000000
3997 775.193 41.961 257.170 -0.198185 53.683 0 14.569 1 0.000000
3998 775.193 41.961 257.170 -0.198185 53.683 0 14.569 1 0.000000
3999 775.203 41.975 257.161 -0.211666 53.694 0 14.585 1 0.000000
4000 775.203 41.975 257.161 -0.211666 53.694 0 14.585 1 0.000000
4001 775.214 41.988 257.154 -0.225349 53.704 0 14.602 1 0.000000
4002 775.214 41.988 257.154 -0.225349 53.704 0 14.602 1 0.000000
4003 775.227 42.002 257.148 -0.239193 53.711 0 14.618 1 0.000000
4004 775.227 42.002 257.148 -0.239193 53.711 0 14.618 1 0.000000
4005 775.239 42.015 257.142 -0.233636 53.718 0 14.635 1 0.000000
4006 775.239 42.015 257.142 -0.233636 53.718 0 14.635 1 0.000000
4007 775.252 42.029 257.136 -0.220538 53.725 0 14.652 1 0.000000
4008 775.252 42.029 257.136 -0.220538 53.725 0 14.652 1 0.000000
4009 775.264 42.042 257.130 -0.207416 53.732 0 14.669 1 0.000000
4010 775.264 42.042 257.130 -0.207416 53.732 0 14.669 1 0.000000
4011 775.276 42.056 257.124 -0.194401 53.739 0 14.686 1 0.000000
4012 775.276 42.056 257.124 -0.194401 53.739 0 14.686 1 0.000000
4013 775.289 42.069 257.118 -0.181275 53.746 0 14.703 1 0.000000
4014 775.289 42.069 257.118 -0.181275 53.746 0 14.703 1 0.000000
4015 775.301 42.083 257.112 -0.168192 53.753 0 14.719 1 0.000000
4016 775.301 42.083 257.112 -0.168192 53.753 0 14.719 1 0.000000
4017 775.314 42.096 257.106 -0.155107 53.760 0 14.736 1 0.000000
4018 775.314 42.096 257.106 -0.155107 53.760 0 14.736 1 0.000000
4019 775.326 42.110 257.099 -0.141976 53.767 0 14.753 1 0.000000
4020 775.326 42.110 257.099 -0.141976 53.767 0 14.753 1 0.000000
4021 775.338 42.123 257.093 -0.128888 53.774 0 14.770 1 0.000000
4022 775.338 42.123 257.093 -0.128888 53.774 0 14.770 1 0.000000
4023 775.351 42.137 257.087 -0.115754 53.781 0 14.787 1 0.000000
4024 775.351 42.137 257.087 -0.115754 53.781 0 14.787 1 0.000000
4025 775.363 42.150 257.081 -0.102642 53.788 0 14.803 1 0.000000
4026 775.363 42.150 257.081 -0.102642 53.788 0 14.803 1 0.000000
4027 775.376 42.164 257.075 -0.089550 53.795 0 14.820 1 0.000000
4028 775.376 42.164 257.075 -0.089550 53.795 0 14.820 1 0.000000
4029 775.388 42.177 257.069 -0.076411 53.802 0 14.837 1 0.000000
4030 775.388 42.177 257.069 -0.076411 53.802 0 14.837 1 0.000000
4031 775.415 42.209 257.053 -0.045364 53.822 0 14.876 1 0.000000
4032 775.415 42.209 257.053 -0.045364 53.822 0 14.876 1 0.000000
4033 775.415 42.208 257.055 -0.047506 53.818 0 14.874 1 0.000000
4034 775.415 42.208 257.055 -0.047506 53.818 0 14.874 1 0.000000
4035 775.415 42.208 257.055 -0.047506 53.818 0 14.874 1 0.000000
4036 775.415 42.208 257.055 -0.047506 53.818 0 14.874 1 0.000000
4037 775.415 42.208 257.055 -0.047506 53.818 0 14.874 1 0.000000
4038 775.415 42.208 257.055 -0.047506 53.818 0 14.874 1 0.000000
4039 775.415 42.208 257.055 -0.047506 53.818 0 14.874 1 0.000000
4040 775.415 42.208 257.055 -0.047506 53.818 0 14.874 1 0.000000
4041 775.415 42.208 257.055 -0.047506 53.818 0 14.874 1 0.000000
4042 775.415 42.208 257.055 -0.047506 53.818 0 14.874 1 0.000000
4043 775.415 42.208 257.055 -0.047506 53.818 0 14.874 1 0.000000
4044 775.415 42.208 257.055 -0.047506 53.818 0 14.874 1 0.000000
4045 775.415 42.208 257.055 -0.047506 53.818 0 14.874 1 0.000000
4046 775.415 42.208 257.055 -0.047506 53.818 0 14.874 1 0.000000
4047 775.415 42.208 257.055 -0.047506 53.818 0 14.874 1 0.000000
4048 775.415 42.208 257.055 -0.047506 53.818 0 14.874 1 0.000000
4049 775.415 42.208 257.055 -0.047506 53.818 0 14.874 1 0.000000
4050 775.415 42.208 257.055 -0.047506 53.818 0 14.874 1 0.000000
4051 775.415 42.208 257.055 -0.047506 53.818 0 14.874 1 0.000000
4052 775.415 42.208 257.055 -0.047506 53.818 0 14.874 1 0.000000
4053 775.415 42.208 257.055 -0.047506 53.818 0 14.874 1 0.000000
4054 775.415 42.208 257.055 -0.047506 53.818 0 14.874 1 0.000000
4055 775.415 42.208 257.055 -0.047506 53.818 0 14.874 1 0.000000
4056 775.415 42.208 257.055 -0.047506 53.818 0 14.874 1 0.000000
4057 775.415 42.208 257.055 -0.047506 53.818 0 14.874 1 0.000000
4058 775.415 42.208 257.055 -0.047506 53.818 0 14.874 1 0.000000
4059 775.415 42.208 257.055 -0.047506 53.818 0 14.874 1 0.000000
4060 775.415 42.208 257.055 -0.047506 53.818 0 14.874 1 0.000000
4061 775.415 42.208 257.055 -0.047506 53.818 0 14.874 1 0.000000
4062 775.415 42.208 257.055 -0.047506 53.818 0 14.874 1 0.000000
4063 775.415 42.208 257.055 -0.047506 53.818 0 14.874 1 0.000000
4064 775.415 42.208 257.055 -0.047506 53.818 0 14.874 1 0.000000
4065 775.415 42.208 257.055 -0.047506 53.818 0 14.874 1 0.000000
4066 775.415 42.208 257.055 -0.047506 53.818 0 14.874 1 0.000000
4067 775.415 42.208 257.055 -0.047506 53.818 0 14.874 1 0.000000
4068 775.415 42.208 257.055 -0.047506 53.818 0 14.874 1 0.000000
4069 775.415 42.208 257.055 -0.047506 53.818 0 14.874 1 0.000000
4070 775.415 42.208 257.055 -0.047506 53.818 0 14.874 1 0.000000
4071 775.415 42.208 257.055 -0.047506 53.818 0 14.874 1 0.000000
4072 775.415 42.208 257.055 -0.047506 53.818 0 14.874 1 0.000000
4073 775.415 42.208 257.055 -0.047506 53.818 0 14.874 1 0.000000
4074 775.415 42.208 257.055 -0.047506 53.818 0 14.874 1 0.000000
4075 775.415 42.208 257.055 -0.047506 53.818 0 14.874 1 0.000000
4076 775.415 42.208 257.055 -0.047506 53.818 0 14.874 1 0.000000
4077 775.415 42.208 257.055 -0.047506 53.818 0 14.874 1 0.000000
4078 775.415 42.208 257.055 -0.047506 53.818 0 14.874 1 0.000000
4079 775.415 42.208 257.055 -0.047506 53.818 0 14.874 1 0.000000
4080 775.415 42.208 257.055 -0.047506 53.818 0 14.874 1 0.000000
4081 775.415 42.208 257.055 -0.047506 53.818 0 14.874 1 0.000000
4082 775.415 42.208 257.055 -0.047506 53.818 0 14.874 1 0.000000
4083 775.415 42.208 257.055 -0.047506 53.818 0 14.874 1 0.000000
4084 775.415 42.208 257.055 -0.047506 53.818 0 14.874 1 0.000000
4085 775.415 42.208 257.055 -0.047506 53.818 0 14.874 1 0.000000
4086 775.415 42.208 257.055 -0.047506 53.818 0 14.874 1 0.000000
4087 775.415 42.208 257.055 -0.047506 53.818 0 14.874 1 0.000000
4088 775.415 42.208 257.055 -0.047506 53.818 0 14.874 1 0.000000
4089 775.415 42.208 257.055 -0.047506 53.818 0 14.874 1 0.000000
4090 775.415 42.208 257.055 -0.047506 53.818 0 14.874 1 0.000000
4091 775.415 42.208 257.055 -0.047506 53.818 0 14.874 1 0.000000
4092 775.415 42.208 257.055 -0.047506 53.818 0 14.874 1 0.000000
4093 775.415 42.208 257.055 -0.047506 53.818 0 14.874 1 0.000000
4094 775.415 42.208 257.055 -0.047506 53.818 0 14.874 1 0.000000
4095 775.415 42.208 257.055 -0.047506 53.818 0 14.874 1 0.000000
4096 775.415 42.208 257.055 -0.047506 53.818 0 14.874 1 0.000000
4097 775.415 42.208 257.055 -0.047506 53.818 0 14.874 1 0.000000
4098 775.415 42.208 257.055 -0.047506 53.818 0 14.874 1 0.000000
4099 775.415 42.208 257.055 -0.047506 53.818 0 14.874 1 0.000000
4100 775.415 42.208 257.055 -0.047506 53.818 0 14.874 1 0.000000
4101 775.415 42.208 257.055 -0.047506 53.818 0 14.874 1 0.000000
4102 775.415 42.208 257.055 -0.047506 53.818 0 14.874 1 0.000000
4103 775.415 42.208 257.055 -0.047506 53.818 0 14.874 1 0.000000
4104 775.415 42.208 257.055 -0.047506 53.818 0 14.874 1 0.000000
4105 775.415 42.208 257.055 -0.047506 53.818 0 14.874 1 0.000000
4106 775.415 42.208 257.055 -0.047506 53.818 0 14.874 1 0.000000
4107 775.415 42.208 257.055 -0.047506 53.818 0 14.874 1 0.000000
4108 775.415 42.208 257.055 -0.047506 53.818 0 14.874 1 0.000000
4109 775.415 42.208 257.055 -0.047506 53.818 0 14.874 1 0.000000
4110 775.415 42.208 257.055 -0.047506 53.818 0 14.874 1 0.000000
4111 775.415 42.208 257.055 -0.047506 53.818 0 14.874 1 0.000000
4112 775.415 42.208 257.055 -0.047506 53.818 0 14.874 1 0.000000
4113 775.415 42.208 257.055 -0.047506 53.818 0 14.874 1 0.000000
4114 775.415 42.208 257.055 -0.047506 53.818 0 14.874 1 0.000000
4115 775.415 42.208 257.055 -0.047506 53.818 0 14.874 1 0.000000
4116 775.415 42.208 257.055 -0.047506 53.818 0 14.874 1 0.000000
4117 775.415 42.208 257.055 -0.047506 53.818 0 14.874 1 0.000000
4118 775.415 42.208 257.055 -0.047506 53.818 0 14.874 1 0.000000
4119 775.415 42.208 257.055 -0.047506 53.818 0 14.874 1 0.000000
4120 775.415 42.208 257.055 -0.047506 53.818 0 14.874 1 0.000000
4121 775.415 42.208 257.055 -0.047506 53.818 0 14.874 1 0.000000
4122 775.415 42.208 257.055 -0.047506 53.818 0 14.874 1 0.000000
4123 775.415 42.208 257.055 -0.047506 53.818 0 14.874 1 0.000000
4124 775.415 42.208 257.055 -0.047506 53.818 0 14.874 1 0.000000
4125 775.415 42.208 257.055 -0.047506 53.818 0 14.874 1 0.000000
4126 775.415 42.208 257.055 -0.047506 53.818 0 14.874 1 0.000000
4127 775.415 42.208 257.055 -0.047506 53.818 0 14.874 1 0.000000
4128 775.415 42.208 257.055 -0.047506 53.818 0 14.874 1 0.000000
4129 775.415 42.208 257.055 -0.047506 53.818 0 14.874 1 0.000000
4130 775.415 42.208 257.055 -0.047506 53.818 0 14.874 1 0.000000
4131 775.415 42.208 257.055 -0.047506 53.818 0 14.874 1 0.000000
4132 775.415 42.208 257.055 -0.047506 53.818 0 14.874 1 0.000000
4133 775.415 42.208 257.055 -0.047506 53.818 0 14.874 1 0.000000
4134 775.415 42.208 257.055 -0.047506 53.818 0 14.874 1 0.000000
4135 775.415 42.208 257.055 -0.047506 53.818 0 14.874 1 0.000000
4136 775.415 42.208 257.055 -0.047506 53.818 0 14.874 1 0.000000
4137 775.415 42.208 257.055 -0.047506 53.818 0 14.874 1 0.000000
4138 775.415 42.208 257.055 -0.047506 53.818 0 14.874 1 0.000000
4139 775.415 42.208 257.055 -0.047506 53.818 0 14.874 1 0.000000
4140 775.415 42.208 257.055 -0.047506 53.818 0 14.874 1 0.000000
4141 775.415 42.208 257.055 -0.047506 53.818 0 14.874 1 0.000000
4142 775.415 42.208 257.055 -0.047506 53.818 0 14.874 1 0.000000
4143 775.415 42.208 257.055 -0.047506 53.818 0 14.874 1 0.000000
4144 775.415 42.208 257.055 -0.047506 53.818 0 14.874 1 0.000000
4145 775.415 42.208 257.055 -0.047506 53.818 0 14.874 1 0.000000
4146 775.415 42.208 257.055 -0.047506 53.818 0 14.874 1 0.000000
4147 775.415 42.208 257.055 -0.047506 53.818 0 14.874 1 0.000000
4148 775.415 42.208 257.055 -0.047506 53.818 0 14.874 1 0.000000
4149 775.415 42.208 257.055 -0.047506 53.818 0 14.874 1 0.000000
4150 775.415 42.208 257.055 -0.047506 53.818 0 14.874 1 0.000000
4151 775.415 42.208 257.055 -0.047506 53.818 0 14.874 1 0.000000
4152 775.415 42.208 257.055 -0.047506 53.818 0 14.874 1 0.000000
4153 775.415 42.208 257.055 -0.047506 53.818 0 14.874 1 0.000000
4154 775.415 42.208 257.055 -0.047506 53.818 0 14.874 1 0.000000
4155 775.415 42.208 257.055 -0.047506 53.818 0 14.874 1 0.000000
4156 775.415 42.208 257.055 -0.047506 53.818 0 14.874 1 0.000000
4157 775.415 42.208 257.055 -0.047506 53.818 0 14.874 1 0.000000
4158 775.415 42.208 257.055 -0.047506 53.818 0 14.874 1 0.000000
4159 775.415 42.208 257.055 -0.047506 53.818 0 14.874 1 0.000000
4160 775.415 42.208 257.055 -0.047506 53.818 0 14.874 1 0.000000
4161 775.415 42.208 257.055 -0.047506 53.818 0 14.874 1 0.000000
4162 775.415 42.208 257.055 -0.047506 53.818 0 14.874 1 0.000000
4163 775.415 42.208 257.055 -0.047506 53.818 0 14.874 1 0.000000
4164 775.415 42.208 257.055 -0.047506 53.818 0 14.874 1 0.000000
4165 775.415 42.208 257.055 -0.047506 53.818 0 14.874 1 0.000000
4166 775.415 42.208 257.055 -0.047506 53.818 0 14.874 1 0.000000
4167 775.415 42.208 257.055 -0.047506 53.818 0 14.874 1 0.000000
4168 775.415 42.208 257.055 -0.047506 53.818 0 14.874 1 0.000000
4169 775.415 42.208 257.055 -0.047506 53.818 0 14.874 1 0.000000
4170 775.415 42.208 257.055 -0.047506 53.818 0 14.874 1 0.000000
4171 775.415 42.208 257.055 -0.047506 53.818 0 14.874 1 0.000000
4172 775.415 42.208 257.055 -0.047506 53.818 0 14.874 1 0.000000
4173 775.415 42.208 257.055 -0.047506 53.818 0 14.874 1 0.000000
4174 775.415 42.208 257.055 -0.047506 53.818 0 14.874 1 0.000000
4175 775.415 42.208 257.055 -0.047506 53.818 0 14.874 1 0.000000
4176 775.415 42.208 257.055 -0.047506 53.818 0 14.874 1 0.000000
4177 775.415 42.208 257.055 -0.047506 53.818 0 14.874 1 0.000000
4178 775.415 42.208 257.055 -0.047506 53.818 0 14.874 1 0.000000
4179 775.415 42.208 257.055 -0.047506 53.818 0 14.874 1 0.000000
4180 775.415 42.208 257.055 -0.047506 53.818 0 14.874 1 0.000000
4181 775.415 42.208 257.055 -0.047506 53.818 0 14.874 1 0.000000
4182 775.415 42.208 257.055 -0.047506 53.818 0 14.874 1 0.000000
4183 775.415 42.208 257.055 -0.047506 53.818 0 14.874 1 0.000000
4184 775.415 42.208 257.055 -0.047506 53.818 0 14.874 1 0.000000
4185 775.415 42.208 257.055 -0.047506 53.818 0 14.874 1 0.000000
4186 775.415 42.208 257.055 -0.047506 53.818 0 14.874 1 0.000000
4187 775.415 42.208 257.055 -0.047506 53.818 0 14.874 1 0.000000
4188 775.415 42.208 257.055 -0.047506 53.818 0 14.874 1 0.000000
4189 775.415 42.208 257.055 -0.047506 53.818 0 14.874 1 0.000000
4190 775.415 42.208 257.055 -0.047506 53.818 0 14.874 1 0.000000
4191 775.415 42.208 257.055 -0.047506 53.818 0 14.874 1 0.000000
4192 775.415 42.208 257.055 -0.047506 53.818 0 14.874 1 0.000000
4193 775.415 42.208 257.055 -0.047506 53.818 0 14.874 1 0.000000
4194 775.415 42.208 257.055 -0.047506 53.818 0 14.874 1 0.000000
4195 775.415 42.208 257.055 -0.047506 53.818 0 14.874 1 0.000000
4196 775.415 42.208 257.055 -0.047506 53.818 0 14.874 1 0.000000
4197 775.415 42.208 257.055 -0.047506 53.818 0 14.874 1 0.000000
4198 775.415 42.208 257.055 -0.047506 53.818 0 14.874 1 0.000000
4199 775.415 42.208 257.055 -0.047506 53.818 0 14.874 1 0.000000
4200 775.415 42.208 257.055 -0.047506 53.818 0 14.874 1 0.000000
4201 775.416 42.279 257.057 -0.047330 53.816 0 14.893 1 0.000000
4202 775.416 42.279 257.057 -0.047330 53.816 0 14.893 1 0.000000
4203 775.417 42.347 257.058 -0.047137 53.814 0 14.911 1 0.000000
4204 775.417 42.347 257.058 -0.047137 53.814 0 14.911 1 0.000000
4205 775.442 42.413 257.041 -0.017143 53.836 0 14.956 1 0.000000
4206 775.442 42.413 257.041 -0.017143 53.836 0 14.956 1 0.000000
4207 775.466 42.476 257.024 +0.012777 53.858 0 0.000 0 0.000000
4208 775.466 42.476 257.024 +0.012777 53.858 0 0.000 0 0.000000
4209 775.491 42.536 257.007 +0.042768 53.880 0 0.000 0 0.000000
4210 775.491 42.536 257.007 +0.042768 53.880 0 0.000 0 0.000000
4211 775.516 42.593 256.990 +0.072718 53.902 0 0.000 0 0.000000
4212 775.516 42.593 256.990 +0.072718 53.902 0 0.000 0 0.000000
4213 775.540 42.648 256.973 +0.048763 53.924 0 0.000 0 0.000000
4214 775.540 42.648 256.973 +0.048763 53.924 0 0.000 0 0.000000
4215 775.565 42.700 256.956 +0.007587 53.946 0 0.000 0 0.000000
4216 775.565 42.700 256.956 +0.007587 53.946 0 0.000 0 0.000000
4217 775.590 42.749 256.939 -0.031040 53.968 0 15.215 1 0.000000
4218 775.590 42.749 256.939 -0.031040 53.968 0 15.215 1 0.000000
4219 775.615 42.796 256.922 -0.067127 53.990 0 15.255 1 0.000000
4220 775.615 42.796 256.922 -0.067127 53.990 0 15.255 1 0.000000
4221 775.639 42.840 256.905 -0.100674 54.012 0 15.295 1 0.000000
4222 775.639 42.840 256.905 -0.100674 54.012 0 15.295 1 0.000000
4223 775.664 42.881 256.888 -0.131672 54.034 0 15.334 1 0.000000
4224 775.664 42.881 256.888 -0.131672 54.034 0 15.334 1 0.000000
4225 775.689 42.919 256.871 -0.160130 54.057 0 15.373 1 0.000000
4226 775.689 42.919 256.871 -0.160130 54.057 0 15.373 1 0.000000
4227 775.713 42.955 256.854 -0.186043 54.079 0 15.411 1 0.000000
4228 775.713 42.955 256.854 -0.186043 54.079 0 15.411 1 0.000000
4229 775.738 42.988 256.836 -0.209412 54.101 0 15.448 1 0.000000
4230 775.738 42.988 256.836 -0.209412 54.101 0 15.448 1 0.000000
4231 775.763 43.018 256.819 -0.230240 54.123 0 15.484 1 0.000000
4232 775.763 43.018 256.819 -0.230240 54.123 0 15.484 1 0.000000
4233 775.788 43.046 256.802 -0.248528 54.145 0 15.520 1 0.000000
4234 775.788 43.046 256.802 -0.248528 54.145 0 15.520 1 0.000000
4235 775.812 43.070 256.785 -0.264267 54.167 0 15.555 1 0.000000
4236 775.812 43.070 256.785 -0.264267 54.167 0 15.555 1 0.000000
4237 775.837 43.092 256.768 -0.277462 54.189 0 15.589 1 0.000000
4238 775.837 43.092 256.768 -0.277462 54.189 0 15.589 1 0.000000
4239 775.862 43.112 256.751 -0.288120 54.211 0 15.623 1 0.000000
4240 775.862 43.112 256.751 -0.288120 54.211 0 15.623 1 0.000000
4241 775.886 43.128 256.734 -0.296230 54.233 0 15.655 1 0.000000
4242 775.886 43.128 256.734 -0.296230 54.233 0 15.655 1 0.000000
4243 775.911 43.142 256.717 -0.301800 54.255 0 15.688 1 0.000000
4244 775.911 43.142 256.717 -0.301800 54.255 0 15.688 1 0.000000
4245 775.936 43.153 256.700 -0.304825 54.277 0 15.719 1 0.000000
4246 775.936 43.153 256.700 -0.304825 54.277 0 15.719 1 0.000000
4247 775.961 43.162 256.683 -0.305305 54.299 0 15.750 1 0.000000
4248 775.961 43.162 256.683 -0.305305 54.299 0 15.750 1 0.000000
4249 775.985 43.168 256.666 -0.303246 54.321 0 15.780 1 0.000000
4250 775.985 43.168 256.666 -0.303246 54.321 0 15.780 1 0.000000
4251 776.010 43.170 256.649 -0.298641 54.344 0 15.809 1 0.000000
4252 776.010 43.170 256.649 -0.298641 54.344 0 15.809 1 0.000000
4253 776.035 43.171 256.632 -0.291492 54.366 0 15.838 1 0.000000
4254 776.035 43.171 256.632 -0.291492 54.366 0 15.838 1 0.000000
4255 776.060 43.168 256.615 -0.281799 54.388 0 15.866 1 0.000000
4256 776.060 43.168 256.615 -0.281799 54.388 0 15.866 1 0.000000
4257 776.084 43.163 256.598 -0.269569 54.410 0 15.893 1 0.000000
4258 776.084 43.163 256.598 -0.269569 54.410 0 15.893 1 0.000000
4259 776.109 43.155 256.581 -0.254787 54.432 0 15.920 1 0.000000
4260 776.109 43.155 256.581 -0.254787 54.432 0 15.920 1 0.000000
4261 776.134 43.144 256.564 -0.237469 54.454 0 15.945 1 0.000000
4262 776.134 43.144 256.564 -0.237469 54.454 0 15.945 1 0.000000
4263 776.158 43.131 256.547 -0.217606 54.476 0 15.970 1 0.000000
4264 776.158 43.131 256.547 -0.217606 54.476 0 15.970 1 0.000000
4265 776.183 43.115 256.530 -0.195198 54.498 0 15.995 1 0.000000
4266 776.183 43.115 256.530 -0.195198 54.498 0 15.995 1 0.000000
4267 776.208 43.096 256.513 -0.170246 54.520 0 16.019 1 0.000000
4268 776.233 43.075 256.496 -0.142754 54.542 0 16.042 1 0.000000
4269 776.233 43.075 256.496 -0.142754 54.542 0 16.042 1 0.000000
4270 776.257 43.050 256.479 -0.112717 54.564 0 16.064 1 0.000000
4271 776.282 43.023 256.462 -0.080139 54.587 0 16.086 1 0.000000
4272 776.282 43.023 256.462 -0.080139 54.587 0 16.086 1 0.000000
4273 776.307 42.994 256.445 -0.045017 54.609 0 16.106 1 0.000000
4274 776.344 42.963 256.417 -0.005421 54.646 0 16.143 1 0.000000
4275 776.344 42.963 256.417 -0.005421 54.646 0 16.143 1 0.000000
4276 776.365 42.973 256.402 -0.007790 54.665 0 16.169 1 0.000000
4277 776.386 42.982 256.387 -0.010147 54.685 0 16.196 1 0.000000
4278 776.386 42.982 256.387 -0.010147 54.685 0 16.196 1 0.000000
4279 776.406 42.991 256.372 -0.012505 54.705 0 16.223 1 0.000000
4280 776.427 43.000 256.357 -0.014858 54.724 0 16.250 1 0.000000
4281 776.448 43.010 256.342 -0.017216 54.744 0 16.276 1 0.000000
4282 776.448 43.010 256.342 -0.017216 54.744 0 16.276 1 0.000000
4283 776.469 43.019 256.327 -0.019569 54.764 0 16.303 1 0.000000
4284 776.490 43.028 256.312 -0.021221 54.784 0 16.330 1 0.000000
4285 776.490 43.028 256.312 -0.021221 54.784 0 16.330 1 0.000000
4286 776.513 43.034 256.296 -0.020397 54.805 0 16.358 1 0.000000
4287 776.535 43.041 256.280 -0.020523 54.826 0 16.386 1 0.000000
4288 776.557 43.049 256.264 -0.020645 54.847 0 16.413 1 0.000000
4289 776.578 43.059 256.248 -0.023964 54.867 0 16.440 1 0.000000
4290 776.578 43.059 256.248 -0.023964 54.867 0 16.440 1 0.000000
4291 776.613 43.081 256.219 -0.033802 54.907 0 16.489 1 0.000000
4292 776.613 43.081 256.219 -0.033802 54.907 0 16.489 1 0.000000
4293 776.631 43.093 256.204 -0.038731 54.926 0 16.514 1 0.000000
4294 776.631 43.093 256.204 -0.038731 54.926 0 16.514 1 0.000000
4295 776.649 43.104 256.190 -0.043663 54.946 0 16.539 1 0.000000
4296 776.685 43.126 256.161 -0.053532 54.985 0 16.588 1 0.000000
4297 776.685 43.126 256.161 -0.053532 54.985 0 16.588 1 0.000000
4298 776.703 43.138 256.146 -0.058464 55.005 0 16.612 1 0.000000
4299 776.721 43.149 256.132 -0.063393 55.024 0 16.637 1 0.000000
4300 776.721 43.149 256.132 -0.063393 55.024 0 16.637 1 0.000000
4301 776.739 43.160 256.117 -0.068329 55.044 0 16.661 1 0.000000
4302 776.757 43.171 256.103 -0.073242 55.063 0 16.686 1 0.000000
4303 776.775 43.183 256.089 -0.078182 55.083 0 16.710 1 0.000000
4304 776.793 43.194 256.074 -0.083122 55.102 0 16.735 1 0.000000
4305 776.811 43.205 256.060 -0.088066 55.121 0 16.759 1 0.000000
4306 776.829 43.217 256.045 -0.093006 55.141 0 16.784 1 0.000000
4307 776.847 43.228 256.031 -0.097950 55.160 0 16.808 1 0.000000
4308 776.866 43.237 256.016 -0.100925 55.181 0 16.834 1 0.000000
4309 776.866 43.237 256.016 -0.100925 55.181 0 16.834 1 0.000000
4310 776.887 43.245 256.000 -0.101955 55.202 0 16.861 1 0.000000
4311 776.909 43.252 255.983 -0.101017 55.224 0 16.889 1 0.000000
4312 776.932 43.256 255.966 -0.097950 55.247 0 16.917 1 0.000000
4313 776.979 43.263 255.931 -0.090595 55.293 0 16.974 1 0.000000
4314 777.026 43.271 255.897 -0.084095 55.338 0 17.031 1 0.003846
4315 777.049 43.276 255.879 -0.080849 55.361 0 17.059 1 0.007409
4316 777.096 43.284 255.845 -0.074356 55.407 0 17.116 1 0.014533
4317 777.142 43.292 255.810 -0.067871 55.452 0 17.173 1 0.021655
4318 777.166 43.296 255.793 -0.064632 55.475 0 17.202 1 0.025216
4319 777.212 43.304 255.759 -0.058144 55.521 0 17.259 1 0.032342
4320 777.212 43.304 255.759 -0.058144 55.521 0 17.259 1 0.032342
4321 777.212 43.304 255.759 -0.058144 55.521 0 17.259 1 0.032342
4322 777.236 43.308 255.742 -0.054909 55.543 0 17.287 1 0.035908
4323 777.259 43.313 255.724 -0.051678 55.566 0 17.316 1 0.039474
4324 777.306 43.321 255.690 -0.045216 55.611 0 17.373 1 0.046603
4325 777.329 43.325 255.673 -0.041988 55.634 0 17.401 1 0.050168
4326 777.376 43.333 255.639 -0.035538 55.679 0 17.458 1 0.057295
4327 777.419 43.348 255.604 -0.035671 55.726 0 17.514 1 0.064199
4328 777.460 43.363 255.569 -0.036884 55.773 0 17.568 1 0.070953
4329 777.504 43.373 255.534 -0.032665 55.820 0 17.623 1 0.077909
4330 777.528 43.375 255.517 -0.026978 55.843 0 17.652 1 0.081460
4331 777.528 43.375 255.517 -0.026978 55.843 0 17.652 1 0.081460
4332 777.552 43.375 255.500 -0.020088 55.866 0 17.680 1 0.085018
4333 777.552 43.375 255.500 -0.020088 55.866 0 17.680 1 0.085018
4334 777.576 43.377 255.482 -0.014099 55.889 0 17.709 1 0.088590
4335 777.576 43.377 255.482 -0.014099 55.889 0 17.709 1 0.088590
4336 777.600 43.381 255.465 -0.011421 55.911 0 17.737 1 0.092162
4337 777.600 43.381 255.465 -0.011421 55.911 0 17.737 1 0.092162
4338 777.622 43.388 255.450 -0.011398 55.931 0 17.765 1 0.095658
4339 777.622 43.388 255.450 -0.011398 55.931 0 17.765 1 0.095658
4340 777.645 43.396 255.435 -0.011372 55.951 0 17.793 1 0.099154
4341 777.645 43.396 255.435 -0.011372 55.951 0 17.793 1 0.099154
4342 777.668 43.403 255.419 -0.011349 55.970 0 17.821 1 0.102649
4343 777.668 43.403 255.419 -0.011349 55.970 0 17.821 1 0.102649
4344 777.691 43.410 255.404 -0.011322 55.990 0 17.849 1 0.106143
4345 777.691 43.410 255.404 -0.011322 55.990 0 17.849 1 0.106143
4346 777.713 43.417 255.389 -0.011280 56.010 0 17.877 1 0.109645
4347 777.713 43.417 255.389 -0.011280 56.010 0 17.877 1 0.109645
4348 777.736 43.424 255.374 -0.011265 56.030 0 17.905 1 0.113139
4349 777.736 43.424 255.374 -0.011265 56.030 0 17.905 1 0.113139
4350 777.759 43.432 255.358 -0.011227 56.049 0 17.933 1 0.116640
4351 777.759 43.432 255.358 -0.011227 56.049 0 17.933 1 0.116640
4352 777.782 43.439 255.343 -0.011200 56.069 0 17.961 1 0.120141
4353 777.782 43.439 255.343 -0.011200 56.069 0 17.961 1 0.120141
4354 777.804 43.446 255.328 -0.011173 56.089 0 17.989 1 0.123642
4355 777.804 43.446 255.328 -0.011173 56.089 0 17.989 1 0.123642
4356 777.827 43.453 255.313 -0.011147 56.108 0 18.017 1 0.127143
4357 777.827 43.453 255.313 -0.011147 56.108 0 18.017 1 0.127143
4358 777.850 43.460 255.297 -0.011124 56.128 0 18.045 1 0.130644
4359 777.850 43.460 255.297 -0.011124 56.128 0 18.045 1 0.130644
4360 777.873 43.468 255.282 -0.011097 56.148 0 18.073 1 0.134144
4361 777.873 43.468 255.282 -0.011097 56.148 0 18.073 1 0.134144
4362 777.895 43.475 255.267 -0.011066 56.167 0 18.101 1 0.137644
4363 777.895 43.475 255.267 -0.011066 56.167 0 18.101 1 0.137644
4364 777.918 43.482 255.252 -0.011044 56.187 0 18.129 1 0.141144
4365 777.918 43.482 255.252 -0.011044 56.187 0 18.129 1 0.141144
4366 777.941 43.489 255.236 -0.011017 56.207 0 18.157 1 0.144644
4367 777.941 43.489 255.236 -0.011017 56.207 0 18.157 1 0.144644
4368 777.964 43.496 255.221 -0.010990 56.226 0 18.185 1 0.148143
4369 777.964 43.496 255.221 -0.010990 56.226 0 18.185 1 0.148143
4370 777.986 43.504 255.206 -0.010967 56.246 0 18.213 1 0.151642
4371 777.986 43.504 255.206 -0.010967 56.246 0 18.213 1 0.151642
4372 778.009 43.511 255.191 -0.010937 56.265 0 18.241 1 0.155142
4373 778.009 43.511 255.191 -0.010937 56.265 0 18.241 1 0.155142
4374 778.032 43.518 255.175 -0.010910 56.285 0 18.269 1 0.158640
4375 778.032 43.518 255.175 -0.010910 56.285 0 18.269 1 0.158640
4376 778.055 43.525 255.160 -0.010883 56.305 0 18.297 1 0.162139
4377 778.055 43.525 255.160 -0.010883 56.305 0 18.297 1 0.162139
4378 778.078 43.532 255.145 -0.010853 56.324 0 18.325 1 0.165637
4379 778.078 43.532 255.145 -0.010853 56.324 0 18.325 1 0.165637
4380 778.100 43.540 255.130 -0.010818 56.344 0 18.353 1 0.169135
4381 778.100 43.540 255.130 -0.010818 56.344 0 18.353 1 0.169135
4382 778.123 43.547 255.115 -0.010788 56.363 0 18.381 1 0.172633
4383 778.123 43.547 255.115 -0.010788 56.363 0 18.381 1 0.172633
4384 778.146 43.554 255.099 -0.010754 56.383 0 18.409 1 0.176129
4385 778.146 43.554 255.099 -0.010754 56.383 0 18.409 1 0.176129
4386 778.169 43.561 255.084 -0.010723 56.403 0 18.437 1 0.179627
4387 778.169 43.561 255.084 -0.010723 56.403 0 18.437 1 0.179627
4388 778.191 43.568 255.069 -0.010693 56.422 0 18.465 1 0.183125
4389 778.191 43.568 255.069 -0.010693 56.422 0 18.465 1 0.183125
4390 778.214 43.576 255.054 -0.010658 56.442 0 18.493 1 0.186622
4391 778.214 43.576 255.054 -0.010658 56.442 0 18.493 1 0.186622
4392 778.237 43.583 255.039 -0.010612 56.461 0 18.521 1 0.190125
4393 778.237 43.583 255.039 -0.010612 56.461 0 18.521 1 0.190125
4394 778.260 43.590 255.023 -0.010578 56.481 0 18.549 1 0.193629
4395 778.260 43.590 255.023 -0.010578 56.481 0 18.549 1 0.193629
4396 778.283 43.597 255.008 -0.010548 56.500 0 18.577 1 0.197133
4397 778.283 43.597 255.008 -0.010548 56.500 0 18.577 1 0.197133
4398 778.305 43.604 254.993 -0.010517 56.520 0 18.605 1 0.200635
4399 778.305 43.604 254.993 -0.010517 56.520 0 18.605 1 0.200635
4400 778.328 43.612 254.978 -0.010479 56.539 0 18.633 1 0.204139
4401 778.328 43.612 254.978 -0.010479 56.539 0 18.633 1 0.204139
4402 778.351 43.619 254.963 -0.010452 56.559 0 18.661 1 0.207641
4403 778.351 43.619 254.963 -0.010452 56.559 0 18.661 1 0.207641
4404 778.374 43.626 254.948 -0.010418 56.578 0 18.689 1 0.211143
4405 778.374 43.626 254.948 -0.010418 56.578 0 18.689 1 0.211143
4406 778.397 43.633 254.932 -0.010387 56.598 0 18.717 1 0.214644
4407 778.397 43.633 254.932 -0.010387 56.598 0 18.717 1 0.214644
4408 778.420 43.640 254.917 -0.010353 56.617 0 18.745 1 0.218146
4409 778.420 43.640 254.917 -0.010353 56.617 0 18.745 1 0.218146
4410 778.442 43.648 254.902 -0.010483 56.637 0 18.773 1 0.221639
4411 778.442 43.648 254.902 -0.010483 56.637 0 18.773 1 0.221639
4412 778.465 43.655 254.887 -0.010555 56.656 0 18.801 1 0.225135
4413 778.465 43.655 254.887 -0.010555 56.656 0 18.801 1 0.225135
4414 778.488 43.662 254.872 -0.010639 56.676 0 18.829 1 0.228633
4415 778.488 43.662 254.872 -0.010639 56.676 0 18.829 1 0.228633
4416 778.511 43.670 254.857 -0.010727 56.695 0 18.857 1 0.232129
4417 778.511 43.670 254.857 -0.010727 56.695 0 18.857 1 0.232129
4418 778.533 43.677 254.842 -0.010811 56.715 0 18.885 1 0.235625
4419 778.533 43.677 254.842 -0.010811 56.715 0 18.885 1 0.235625
4420 778.556 43.684 254.827 -0.010895 56.734 0 18.913 1 0.239121
4421 778.556 43.684 254.827 -0.010895 56.734 0 18.913 1 0.239121
4422 778.579 43.692 254.812 -0.010983 56.753 0 18.941 1 0.242618
4423 778.579 43.692 254.812 -0.010983 56.753 0 18.941 1 0.242618
4424 778.602 43.699 254.796 -0.011066 56.773 0 18.969 1 0.246114
4425 778.602 43.699 254.796 -0.011066 56.773 0 18.969 1 0.246114
4426 778.624 43.706 254.781 -0.011154 56.792 0 18.997 1 0.249608
4427 778.624 43.706 254.781 -0.011154 56.792 0 18.997 1 0.249608
4428 778.647 43.714 254.766 -0.011238 56.812 0 19.025 1 0.253104
4429 778.647 43.714 254.766 -0.011238 56.812 0 19.025 1 0.253104
4430 778.670 43.721 254.751 -0.011066 56.831 0 19.053 1 0.256608
4431 778.670 43.721 254.751 -0.011066 56.831 0 19.053 1 0.256608
4432 778.693 43.728 254.736 -0.010929 56.851 0 19.081 1 0.260114
4433 778.693 43.728 254.736 -0.010929 56.851 0 19.081 1 0.260114
4434 778.716 43.735 254.721 -0.010796 56.870 0 19.109 1 0.263618
4435 778.716 43.735 254.721 -0.010796 56.870 0 19.109 1 0.263618
4436 778.739 43.742 254.706 -0.010662 56.889 0 19.137 1 0.267123
4437 778.739 43.742 254.706 -0.010662 56.889 0 19.137 1 0.267123
4438 778.762 43.749 254.692 -0.010540 56.906 0 19.165 1 0.270648
4439 778.762 43.749 254.692 -0.010540 56.906 0 19.165 1 0.270648
4440 778.787 43.756 254.680 -0.010422 56.921 0 19.193 1 0.274184
4441 778.787 43.756 254.680 -0.010422 56.921 0 19.193 1 0.274184
4442 778.811 43.764 254.667 -0.010311 56.935 0 19.222 1 0.277720
4443 778.836 43.771 254.655 -0.010193 56.949 0 19.250 1 0.281257
4444 778.860 43.778 254.643 -0.010078 56.963 0 19.278 1 0.284793
4445 778.860 43.778 254.643 -0.010078 56.963 0 19.278 1 0.284793
4446 778.885 43.785 254.631 -0.009964 56.977 0 19.307 1 0.288329
4447 778.885 43.785 254.631 -0.009964 56.977 0 19.307 1 0.288329
4448 778.909 43.792 254.619 -0.009850 56.991 0 19.335 1 0.291865
4449 778.909 43.792 254.619 -0.009850 56.991 0 19.335 1 0.291865
4450 778.934 43.799 254.607 -0.009735 57.006 0 19.363 1 0.295402
4451 778.959 43.807 254.595 -0.009621 57.020 0 19.392 1 0.298938
4452 778.959 43.807 254.595 -0.009621 57.020 0 19.392 1 0.298938
4453 778.959 43.807 254.595 -0.009621 57.020 0 19.392 1 0.298938
4454 778.983 43.814 254.583 -0.009605 57.034 0 19.420 1 0.302478
4455 778.983 43.814 254.583 -0.009605 57.034 0 19.420 1 0.302478
4456 779.008 43.821 254.571 -0.009583 57.048 0 19.448 1 0.306012
4457 779.008 43.821 254.571 -0.009583 57.048 0 19.448 1 0.306012
4458 779.032 43.829 254.559 -0.009575 57.062 0 19.476 1 0.309546
4459 779.057 43.836 254.546 -0.009563 57.076 0 19.505 1 0.313081
4460 779.057 43.836 254.546 -0.009563 57.076 0 19.505 1 0.313081
4461 779.057 43.836 254.546 -0.009563 57.076 0 19.505 1 0.313081
4462 779.081 43.843 254.534 -0.009556 57.089 0 19.533 1 0.316617
4463 779.106 43.850 254.522 -0.009548 57.103 0 19.561 1 0.320151
4464 779.106 43.850 254.522 -0.009548 57.103 0 19.561 1 0.320151
4465 779.106 43.850 254.522 -0.009548 57.103 0 19.561 1 0.320151
4466 779.130 43.858 254.510 -0.009541 57.117 0 19.590 1 0.323688
4467 779.130 43.858 254.510 -0.009541 57.117 0 19.590 1 0.323688
4468 779.155 43.865 254.498 -0.009529 57.131 0 19.618 1 0.327222
4469 779.179 43.872 254.486 -0.009521 57.145 0 19.646 1 0.330756
4470 779.179 43.872 254.486 -0.009521 57.145 0 19.646 1 0.330756
4471 779.179 43.872 254.486 -0.009521 57.145 0 19.646 1 0.330756
4472 779.204 43.880 254.474 -0.009514 57.159 0 19.674 1 0.334292
4473 779.228 43.887 254.462 -0.009506 57.173 0 19.703 1 0.337827
4474 779.228 43.887 254.462 -0.009506 57.173 0 19.703 1 0.337827
4475 779.228 43.887 254.462 -0.009506 57.173 0 19.703 1 0.337827
4476 779.278 43.901 254.438 -0.009457 57.201 0 19.759 1 0.344897
4477 779.278 43.901 254.438 -0.009457 57.201 0 19.759 1 0.344897
4478 779.302 43.909 254.426 -0.009411 57.215 0 19.787 1 0.348432
4479 779.302 43.909 254.426 -0.009411 57.215 0 19.787 1 0.348432
4480 779.327 43.916 254.414 -0.009373 57.229 0 19.816 1 0.351966
4481 779.351 43.923 254.402 -0.009331 57.243 0 19.844 1 0.355500
4482 779.351 43.923 254.402 -0.009331 57.243 0 19.844 1 0.355500
4483 779.376 43.931 254.390 -0.009499 57.257 0 19.872 1 0.359025
4484 779.376 43.931 254.390 -0.009499 57.257 0 19.872 1 0.359025
4485 779.400 43.938 254.378 -0.009605 57.271 0 19.900 1 0.362556
4486 779.400 43.938 254.378 -0.009605 57.271 0 19.900 1 0.362556
4487 779.424 43.945 254.366 -0.009720 57.285 0 19.929 1 0.366086
4488 779.424 43.945 254.366 -0.009720 57.285 0 19.929 1 0.366086
4489 779.449 43.953 254.354 -0.009834 57.280 0 19.957 1 0.369617
4490 779.449 43.953 254.354 -0.009834 57.280 0 19.957 1 0.369617
4491 779.473 43.960 254.342 -0.009953 57.284 0 19.985 1 0.373147
4492 779.473 43.960 254.342 -0.009953 57.284 0 19.985 1 0.373147
4493 779.498 43.968 254.330 -0.010067 57.288 0 20.013 1 0.376678
4494 779.498 43.968 254.330 -0.010067 57.288 0 20.013 1 0.376678
4495 779.522 43.975 254.318 -0.010185 57.291 0 20.042 1 0.380208
4496 779.522 43.975 254.318 -0.010185 57.291 0 20.042 1 0.380208
4497 779.547 43.983 254.306 -0.010300 57.295 0 20.070 1 0.383739
4498 779.547 43.983 254.306 -0.010300 57.295 0 20.070 1 0.383739
4499 779.571 43.990 254.294 -0.010414 57.298 0 20.098 1 0.387269
4500 779.571 43.990 254.294 -0.010414 57.298 0 20.098 1 0.387269
4501 779.596 43.997 254.282 -0.010532 57.302 0 20.126 1 0.390800
4502 779.596 43.997 254.282 -0.010532 57.302 0 20.126 1 0.390800
4503 779.596 43.997 254.282 -0.010532 57.302 0 20.126 1 0.390800
4504 779.620 44.005 254.270 -0.010647 57.306 0 20.155 1 0.394330
4505 779.645 44.012 254.258 -0.010765 57.309 0 20.183 1 0.397861
4506 779.645 44.012 254.258 -0.010765 57.309 0 20.183 1 0.397861
4507 779.669 44.020 254.246 -0.010883 57.313 0 20.211 1 0.401391
4508 779.669 44.020 254.246 -0.010883 57.313 0 20.211 1 0.401391
4509 779.694 44.027 254.234 -0.011211 57.316 0 20.239 1 0.404912
4510 779.694 44.027 254.234 -0.011211 57.316 0 20.239 1 0.404912
4511 779.718 44.035 254.222 -0.011444 57.320 0 20.267 1 0.408437
4512 779.718 44.035 254.222 -0.011444 57.320 0 20.267 1 0.408437
4513 779.718 44.035 254.222 -0.011444 57.320 0 20.267 1 0.408437
4514 779.742 44.043 254.210 -0.012058 57.324 0 20.296 1 0.411942
4515 779.742 44.043 254.210 -0.012058 57.324 0 20.296 1 0.411942
4516 779.766 44.050 254.198 -0.012657 57.327 0 20.324 1 0.415446
4517 779.766 44.050 254.198 -0.012657 57.327 0 20.324 1 0.415446
4518 779.791 44.058 254.186 -0.013256 57.331 0 20.352 1 0.418952
4519 779.791 44.058 254.186 -0.013256 57.331 0 20.352 1 0.418952
4520 779.815 44.066 254.174 -0.013851 57.334 0 20.380 1 0.422456
4521 779.815 44.066 254.174 -0.013851 57.334 0 20.380 1 0.422456
4522 779.839 44.074 254.162 -0.014450 57.338 0 20.408 1 0.425960
4523 779.839 44.074 254.162 -0.014450 57.338 0 20.408 1 0.425960
4524 779.863 44.082 254.151 -0.015041 57.341 0 20.436 1 0.429465
4525 779.863 44.082 254.151 -0.015041 57.341 0 20.436 1 0.429465
4526 779.887 44.090 254.139 -0.015636 57.345 0 20.464 1 0.432969
4527 779.911 44.097 254.127 -0.016235 57.349 0 20.492 1 0.436475
4528 779.911 44.097 254.127 -0.016235 57.349 0 20.492 1 0.436475
4529 779.936 44.105 254.115 -0.016830 57.352 0 20.520 1 0.439979
4530 779.936 44.105 254.115 -0.016830 57.352 0 20.520 1 0.439979
4531 779.960 44.113 254.103 -0.017429 57.356 0 20.548 1 0.443484
4532 779.960 44.113 254.103 -0.017429 57.356 0 20.548 1 0.443484
4533 779.984 44.120 254.091 -0.017067 57.359 0 20.576 1 0.447019
4534 779.984 44.120 254.091 -0.017067 57.359 0 20.576 1 0.447019
4535 780.009 44.127 254.079 -0.017025 57.363 0 20.604 1 0.450555
4536 780.009 44.127 254.079 -0.017025 57.363 0 20.604 1 0.450555
4537 780.009 44.127 254.079 -0.017025 57.363 0 20.604 1 0.450555
4538 780.033 44.135 254.067 -0.016987 57.367 0 20.633 1 0.454093
4539 780.058 44.142 254.055 -0.016953 57.370 0 20.661 1 0.457631
4540 780.058 44.142 254.055 -0.016953 57.370 0 20.661 1 0.457631
4541 780.058 44.142 254.055 -0.016953 57.370 0 20.661 1 0.457631
4542 780.082 44.149 254.043 -0.016914 57.374 0 20.689 1 0.461167
4543 780.107 44.156 254.030 -0.016876 57.377 0 20.718 1 0.464705
4544 780.107 44.156 254.030 -0.016876 57.377 0 20.718 1 0.464705
4545 780.107 44.156 254.030 -0.016876 57.377 0 20.718 1 0.464705
4546 780.132 44.164 254.018 -0.016846 57.381 0 20.746 1 0.468242
4547 780.132 44.164 254.018 -0.016846 57.381 0 20.746 1 0.468242
4548 780.156 44.171 254.006 -0.016808 57.384 0 20.774 1 0.471780
4549 780.156 44.171 254.006 -0.016808 57.384 0 20.774 1 0.471780
4550 780.181 44.178 253.994 -0.016773 57.388 0 20.803 1 0.475318
4551 780.181 44.178 253.994 -0.016773 57.388 0 20.803 1 0.475318
4552 780.205 44.186 253.982 -0.016735 57.392 0 20.831 1 0.478854
4553 780.205 44.186 253.982 -0.016735 57.392 0 20.831 1 0.478854
4554 780.230 44.193 253.970 -0.016697 57.395 0 20.859 1 0.482390
4555 780.230 44.193 253.970 -0.016697 57.395 0 20.859 1 0.482390
4556 780.254 44.200 253.958 -0.016663 57.399 0 20.887 1 0.485929
4557 780.254 44.200 253.958 -0.016663 57.399 0 20.887 1 0.485929
4558 780.279 44.207 253.946 -0.016624 57.402 0 20.916 1 0.489465
4559 780.279 44.207 253.946 -0.016624 57.402 0 20.916 1 0.489465
4560 780.303 44.215 253.934 -0.016590 57.406 0 20.944 1 0.493001
4561 780.303 44.215 253.934 -0.016590 57.406 0 20.944 1 0.493001
4562 780.328 44.222 253.922 -0.016552 57.410 0 20.972 1 0.496537
4563 780.352 44.229 253.910 -0.016518 57.413 0 21.001 1 0.500073
4564 780.352 44.229 253.910 -0.016518 57.413 0 21.001 1 0.500073
4565 780.377 44.237 253.897 -0.017216 57.417 0 21.029 1 0.503604
4566 780.377 44.237 253.897 -0.017216 57.417 0 21.029 1 0.503604
4567 780.400 44.245 253.885 -0.018261 57.420 0 21.057 1 0.507068
4568 780.400 44.245 253.885 -0.018261 57.420 0 21.057 1 0.507068
4569 780.424 44.254 253.873 -0.019585 57.424 0 21.084 1 0.510528
4570 780.424 44.254 253.873 -0.019585 57.424 0 21.084 1 0.510528
4571 780.447 44.262 253.861 -0.020905 57.427 0 21.112 1 0.513986
4572 780.447 44.262 253.861 -0.020905 57.427 0 21.112 1 0.513986
4573 780.471 44.271 253.849 -0.022221 57.431 0 21.140 1 0.517444
4574 780.471 44.271 253.849 -0.022221 57.431 0 21.140 1 0.517444
4575 780.494 44.279 253.837 -0.023537 57.435 0 21.167 1 0.520902
4576 780.518 44.288 253.825 -0.024860 57.438 0 21.195 1 0.524360
4577 780.518 44.288 253.825 -0.024860 57.438 0 21.195 1 0.524360
4578 780.541 44.296 253.813 -0.026176 57.442 0 21.223 1 0.527816
4579 780.541 44.296 253.813 -0.026176 57.442 0 21.223 1 0.527816
4580 780.565 44.305 253.801 -0.027493 57.445 0 21.250 1 0.531274
4581 780.565 44.305 253.801 -0.027493 57.445 0 21.250 1 0.531274
4582 780.588 44.313 253.789 -0.028809 57.449 0 21.278 1 0.534730
4583 780.588 44.313 253.789 -0.028809 57.449 0 21.278 1 0.534730
4584 780.612 44.321 253.777 -0.030125 57.452 0 21.306 1 0.538188
4585 780.635 44.330 253.765 -0.031445 57.456 0 21.333 1 0.541646
4586 780.635 44.330 253.765 -0.031445 57.456 0 21.333 1 0.541646
4587 780.659 44.338 253.753 -0.031925 57.460 0 21.361 1 0.545146
4588 780.684 44.343 253.740 -0.029995 57.463 0 21.390 1 0.548717
4589 780.684 44.343 253.740 -0.029995 57.463 0 21.390 1 0.548717
4590 780.709 44.349 253.727 -0.028961 57.467 0 21.418 1 0.552289
4591 780.734 44.356 253.714 -0.027927 57.471 0 21.447 1 0.555860
4592 780.734 44.356 253.714 -0.027927 57.471 0 21.447 1 0.555860
4593 780.759 44.362 253.702 -0.026894 57.475 0 21.475 1 0.559430
4594 780.783 44.368 253.689 -0.025845 57.479 0 21.504 1 0.563008
4595 780.783 44.368 253.689 -0.025845 57.479 0 21.504 1 0.563008
4596 780.808 44.375 253.676 -0.024822 57.482 0 21.533 1 0.566579
4597 780.808 44.375 253.676 -0.024822 57.482 0 21.533 1 0.566579
4598 780.833 44.381 253.663 -0.023777 57.486 0 21.561 1 0.570155
4599 780.858 44.388 253.650 -0.022739 57.490 0 21.590 1 0.573733
4600 780.858 44.388 253.650 -0.022739 57.490 0 21.590 1 0.573733
4601 780.883 44.394 253.638 -0.021709 57.494 0 21.618 1 0.577312
4602 780.908 44.400 253.625 -0.020676 57.497 0 21.647 1 0.580888
4603 780.908 44.400 253.625 -0.020676 57.497 0 21.647 1 0.580888
4604 780.932 44.407 253.612 -0.019642 57.501 0 21.676 1 0.584464
4605 780.957 44.413 253.599 -0.018608 57.505 0 21.704 1 0.588040
4606 780.957 44.413 253.599 -0.018608 57.505 0 21.704 1 0.588040
4607 780.982 44.419 253.586 -0.017574 57.509 0 21.733 1 0.591617
4608 780.982 44.419 253.586 -0.017574 57.509 0 21.733 1 0.591617
4609 781.007 44.426 253.574 -0.016544 57.512 0 21.762 1 0.595193
4610 781.007 44.426 253.574 -0.016544 57.512 0 21.762 1 0.595193
4611 781.032 44.432 253.561 -0.015511 57.516 0 21.790 1 0.598769
4612 781.032 44.432 253.561 -0.015511 57.516 0 21.790 1 0.598769
4613 781.057 44.438 253.548 -0.014481 57.520 0 21.819 1 0.602345
4614 781.057 44.438 253.548 -0.014481 57.520 0 21.819 1 0.602345
4615 781.081 44.445 253.535 -0.013447 57.524 0 21.847 1 0.605920
4616 781.081 44.445 253.535 -0.013447 57.524 0 21.847 1 0.605920
4617 781.106 44.452 253.523 -0.013771 57.527 0 21.876 1 0.609494
4618 781.131 44.460 253.511 -0.014210 57.530 0 21.904 1 0.613009
4619 781.155 44.468 253.500 -0.014645 57.533 0 21.932 1 0.616527
4620 781.155 44.468 253.500 -0.014645 57.533 0 21.932 1 0.616527
4621 781.180 44.476 253.488 -0.015079 57.537 0 21.960 1 0.620042
4622 781.204 44.483 253.477 -0.015514 57.540 0 21.988 1 0.623557
4623 781.204 44.483 253.477 -0.015514 57.540 0 21.988 1 0.623557
4624 781.229 44.491 253.466 -0.015945 57.543 0 22.017 1 0.627072
4625 781.229 44.491 253.466 -0.015945 57.543 0 22.017 1 0.627072
4626 781.253 44.499 253.454 -0.016399 57.546 0 22.045 1 0.630582
4627 781.253 44.499 253.454 -0.016399 57.546 0 22.045 1 0.630582
4628 781.278 44.506 253.443 -0.016819 57.549 0 22.073 1 0.634097
4629 781.278 44.506 253.443 -0.016819 57.549 0 22.073 1 0.634097
4630 781.302 44.514 253.431 -0.017269 57.552 0 22.101 1 0.637607
4631 781.327 44.521 253.420 -0.016956 57.556 0 22.129 1 0.641150
4632 781.327 44.521 253.420 -0.016956 57.556 0 22.129 1 0.641150
4633 781.352 44.527 253.408 -0.015198 57.559 0 22.158 1 0.644729
4634 781.352 44.527 253.408 -0.015198 57.559 0 22.158 1 0.644729
4635 781.378 44.533 253.396 -0.014126 57.562 0 22.186 1 0.648305
4636 781.378 44.533 253.396 -0.014126 57.562 0 22.186 1 0.648305
4637 781.403 44.539 253.384 -0.013046 57.566 0 22.215 1 0.651883
4638 781.403 44.539 253.384 -0.013046 57.566 0 22.215 1 0.651883
4639 781.428 44.546 253.372 -0.012089 57.569 0 22.244 1 0.655463
4640 781.428 44.546 253.372 -0.012089 57.569 0 22.244 1 0.655463
4641 781.453 44.553 253.360 -0.012249 57.572 0 22.272 1 0.658996
4642 781.477 44.561 253.348 -0.012245 57.576 0 22.300 1 0.662534
4643 781.477 44.561 253.348 -0.012245 57.576 0 22.300 1 0.662534
4644 781.502 44.568 253.336 -0.012249 57.579 0 22.329 1 0.666068
4645 781.502 44.568 253.336 -0.012249 57.579 0 22.329 1 0.666068
4646 781.526 44.575 253.324 -0.012253 57.582 0 22.357 1 0.669604
4647 781.526 44.575 253.324 -0.012253 57.582 0 22.357 1 0.669604
4648 781.551 44.582 253.312 -0.012260 57.586 0 22.385 1 0.673141
4649 781.551 44.582 253.312 -0.012260 57.586 0 22.385 1 0.673141
4650 781.576 44.590 253.300 -0.012260 57.589 0 22.413 1 0.676677
4651 781.576 44.590 253.300 -0.012260 57.589 0 22.413 1 0.676677
4652 781.600 44.597 253.288 -0.012264 57.592 0 22.442 1 0.680213
4653 781.600 44.597 253.288 -0.012264 57.592 0 22.442 1 0.680213
4654 781.625 44.604 253.276 -0.012272 57.596 0 22.470 1 0.683749
4655 781.649 44.612 253.264 -0.012276 57.599 0 22.498 1 0.687285
4656 781.649 44.612 253.264 -0.012276 57.599 0 22.498 1 0.687285
4657 781.674 44.619 253.252 -0.012280 57.602 0 22.527 1 0.690822
4658 781.674 44.619 253.252 -0.012280 57.602 0 22.527 1 0.690822
4659 781.699 44.626 253.240 -0.012280 57.606 0 22.555 1 0.694358
4660 781.699 44.626 253.240 -0.012280 57.606 0 22.555 1 0.694358
4661 781.723 44.634 253.229 -0.012283 57.609 0 22.583 1 0.697894
4662 781.723 44.634 253.229 -0.012283 57.609 0 22.583 1 0.697894
4663 781.748 44.641 253.217 -0.012287 57.612 0 22.611 1 0.701428
4664 781.748 44.641 253.217 -0.012287 57.612 0 22.611 1 0.701428
4665 781.772 44.648 253.205 -0.012291 57.615 0 22.640 1 0.704965
4666 781.772 44.648 253.205 -0.012291 57.615 0 22.640 1 0.704965
4667 781.797 44.656 253.193 -0.012299 57.619 0 22.668 1 0.708501
4668 781.822 44.663 253.181 -0.012302 57.622 0 22.696 1 0.712037
4669 781.822 44.663 253.181 -0.012302 57.622 0 22.696 1 0.712037
4670 781.822 44.663 253.181 -0.012302 57.622 0 22.696 1 0.712037
4671 781.846 44.670 253.169 -0.012302 57.625 0 22.725 1 0.715573
4672 781.846 44.670 253.169 -0.012302 57.625 0 22.725 1 0.715573
4673 781.871 44.677 253.157 -0.012306 57.629 0 22.753 1 0.719110
4674 781.871 44.677 253.157 -0.012306 57.629 0 22.753 1 0.719110
4675 781.895 44.685 253.145 -0.012310 57.632 0 22.781 1 0.722646
4676 781.920 44.692 253.133 -0.012314 57.635 0 22.809 1 0.726182
4677 781.945 44.699 253.121 -0.012321 57.638 0 22.838 1 0.729718
4678 781.945 44.699 253.121 -0.012321 57.638 0 22.838 1 0.729718
4679 781.945 44.699 253.121 -0.012321 57.638 0 22.838 1 0.729718
4680 781.969 44.707 253.109 -0.012325 57.642 0 22.866 1 0.733253
4681 781.969 44.707 253.109 -0.012325 57.642 0 22.866 1 0.733253
4682 781.994 44.714 253.097 -0.012325 57.645 0 22.894 1 0.736789
4683 781.994 44.714 253.097 -0.012325 57.645 0 22.894 1 0.736789
4684 782.018 44.721 253.085 -0.012230 57.648 0 22.923 1 0.740323
4685 782.043 44.728 253.074 -0.012161 57.651 0 22.951 1 0.743859
4686 782.043 44.728 253.074 -0.012161 57.651 0 22.951 1 0.743859
4687 782.068 44.736 253.062 -0.012104 57.655 0 22.979 1 0.747394
4688 782.068 44.736 253.062 -0.012104 57.655 0 22.979 1 0.747394
4689 782.092 44.743 253.050 -0.012039 57.658 0 23.007 1 0.750930
4690 782.117 44.750 253.038 -0.011974 57.661 0 23.036 1 0.754464
4691 782.117 44.750 253.038 -0.011974 57.661 0 23.036 1 0.754464
4692 782.117 44.750 253.038 -0.011974 57.661 0 23.036 1 0.754464
4693 782.141 44.757 253.026 -0.011909 57.664 0 23.064 1 0.758000
4694 782.166 44.765 253.014 -0.011845 57.668 0 23.092 1 0.761535
4695 782.166 44.765 253.014 -0.011845 57.668 0 23.092 1 0.761535
4696 782.190 44.772 253.002 -0.011784 57.671 0 23.121 1 0.765071
4697 782.190 44.772 253.002 -0.011784 57.671 0 23.121 1 0.765071
4698 782.215 44.779 252.990 -0.011719 57.674 0 23.149 1 0.768605
4699 782.215 44.779 252.990 -0.011719 57.674 0 23.149 1 0.768605
4700 782.240 44.786 252.978 -0.011654 57.677 0 23.177 1 0.772141
4701 782.264 44.794 252.966 -0.011589 57.681 0 23.205 1 0.775676
4702 782.264 44.794 252.966 -0.011589 57.681 0 23.205 1 0.775676
4703 782.289 44.801 252.954 -0.011528 57.684 0 23.234 1 0.779212
4704 782.313 44.808 252.942 -0.011467 57.687 0 23.262 1 0.782748
4705 782.313 44.808 252.942 -0.011467 57.687 0 23.262 1 0.782748
4706 782.338 44.815 252.930 -0.011402 57.690 0 23.290 1 0.786283
4707 782.338 44.815 252.930 -0.011402 57.690 0 23.290 1 0.786283
4708 782.363 44.823 252.918 -0.011337 57.694 0 23.319 1 0.789817
4709 782.363 44.823 252.918 -0.011337 57.694 0 23.319 1 0.789817
4710 782.387 44.830 252.906 -0.011272 57.697 0 23.347 1 0.793353
4711 782.387 44.830 252.906 -0.011272 57.697 0 23.347 1 0.793353
4712 782.412 44.837 252.894 -0.011208 57.700 0 23.375 1 0.796887
4713 782.412 44.837 252.894 -0.011208 57.700 0 23.375 1 0.796887
4714 782.436 44.844 252.882 -0.011147 57.703 0 23.403 1 0.800424
4715 782.436 44.844 252.882 -0.011147 57.703 0 23.403 1 0.800424
4716 782.461 44.852 252.870 -0.011440 57.706 0 23.432 1 0.803962
4717 782.461 44.852 252.870 -0.011440 57.706 0 23.432 1 0.803962
4718 782.486 44.859 252.858 -0.011108 57.710 0 23.460 1 0.807496
4719 782.486 44.859 252.858 -0.011108 57.710 0 23.460 1 0.807496
4720 782.510 44.866 252.847 -0.011089 57.713 0 23.488 1 0.811034
4721 782.510 44.866 252.847 -0.011089 57.713 0 23.488 1 0.811034
4722 782.535 44.873 252.835 -0.011082 57.716 0 23.517 1 0.814570
4723 782.535 44.873 252.835 -0.011082 57.716 0 23.517 1 0.814570
4724 782.559 44.881 252.823 -0.011070 57.719 0 23.545 1 0.818107
4725 782.559 44.881 252.823 -0.011070 57.719 0 23.545 1 0.818107
4726 782.584 44.888 252.811 -0.011059 57.722 0 23.573 1 0.821643
4727 782.584 44.888 252.811 -0.011059 57.722 0 23.573 1 0.821643
4728 782.609 44.895 252.799 -0.011051 57.726 0 23.601 1 0.825179
4729 782.609 44.895 252.799 -0.011051 57.726 0 23.601 1 0.825179
4730 782.633 44.903 252.787 -0.011036 57.729 0 23.630 1 0.828715
4731 782.633 44.903 252.787 -0.011036 57.729 0 23.630 1 0.828715
4732 782.658 44.909 252.775 -0.010487 57.732 0 23.658 1 0.832269
4733 782.658 44.909 252.775 -0.010487 57.732 0 23.658 1 0.832269
4734 782.683 44.916 252.763 -0.010120 57.735 0 23.687 1 0.835820
4735 782.683 44.916 252.763 -0.010120 57.735 0 23.687 1 0.835820
4736 782.708 44.923 252.751 -0.009750 57.738 0 23.715 1 0.839374
4737 782.708 44.923 252.751 -0.009750 57.738 0 23.715 1 0.839374
4738 782.732 44.931 252.739 -0.010063 57.742 0 23.743 1 0.842921
4739 782.732 44.931 252.739 -0.010063 57.742 0 23.743 1 0.842921
4740 782.757 44.938 252.727 -0.009411 57.745 0 23.772 1 0.846471
4741 782.757 44.938 252.727 -0.009411 57.745 0 23.772 1 0.846471
4742 782.782 44.945 252.715 -0.009468 57.748 0 23.800 1 0.850005
4743 782.782 44.945 252.715 -0.009468 57.748 0 23.800 1 0.850005
4744 782.806 44.952 252.703 -0.009563 57.751 0 23.828 1 0.853532
4745 782.806 44.952 252.703 -0.009563 57.751 0 23.828 1 0.853532
4746 782.831 44.960 252.691 -0.009632 57.754 0 23.857 1 0.857066
4747 782.831 44.960 252.691 -0.009632 57.754 0 23.857 1 0.857066
4748 782.855 44.967 252.679 -0.009724 57.757 0 23.885 1 0.860595
4749 782.855 44.967 252.679 -0.009724 57.757 0 23.885 1 0.860595
4750 782.880 44.975 252.667 -0.009804 57.761 0 23.913 1 0.864121
4751 782.880 44.975 252.667 -0.009804 57.761 0 23.913 1 0.864121
4752 782.904 44.982 252.656 -0.009872 57.764 0 23.941 1 0.867656
4753 782.904 44.982 252.656 -0.009872 57.764 0 23.941 1 0.867656
4754 782.929 44.989 252.644 -0.009968 57.767 0 23.969 1 0.871182
4755 782.929 44.989 252.644 -0.009968 57.767 0 23.969 1 0.871182
4756 782.954 44.997 252.632 -0.010048 57.770 0 23.998 1 0.874711
4757 782.954 44.997 252.632 -0.010048 57.770 0 23.998 1 0.874711
4758 782.978 45.004 252.620 -0.010132 57.773 0 24.026 1 0.878238
4759 782.978 45.004 252.620 -0.010132 57.773 0 24.026 1 0.878238
4760 783.003 45.011 252.608 -0.010212 57.776 0 24.054 1 0.881764
4761 783.003 45.011 252.608 -0.010212 57.776 0 24.054 1 0.881764
4762 783.027 45.019 252.596 -0.010292 57.779 0 24.082 1 0.885293
4763 783.027 45.019 252.596 -0.010292 57.779 0 24.082 1 0.885293
4764 783.052 45.026 252.585 -0.010372 57.782 0 24.111 1 0.888820
4765 783.052 45.026 252.585 -0.010372 57.782 0 24.111 1 0.888820
4766 783.076 45.034 252.573 -0.010456 57.786 0 24.139 1 0.892348
4767 783.076 45.034 252.573 -0.010456 57.786 0 24.139 1 0.892348
4768 783.101 45.041 252.561 -0.010536 57.789 0 24.167 1 0.895875
4769 783.101 45.041 252.561 -0.010536 57.789 0 24.167 1 0.895875
4770 783.125 45.048 252.549 -0.010612 57.792 0 24.195 1 0.899402
4771 783.125 45.048 252.549 -0.010612 57.792 0 24.195 1 0.899402
4772 783.150 45.056 252.537 -0.010544 57.795 0 24.223 1 0.902936
4773 783.150 45.056 252.537 -0.010544 57.795 0 24.223 1 0.902936
4774 783.174 45.063 252.525 -0.010529 57.798 0 24.252 1 0.906472
4775 783.174 45.063 252.525 -0.010529 57.798 0 24.252 1 0.906472
4776 783.199 45.070 252.513 -0.010517 57.801 0 24.280 1 0.910008
4777 783.199 45.070 252.513 -0.010517 57.801 0 24.280 1 0.910008
4778 783.224 45.077 252.501 -0.010502 57.804 0 24.308 1 0.913545
4779 783.224 45.077 252.501 -0.010502 57.804 0 24.308 1 0.913545
4780 783.248 45.085 252.490 -0.011204 57.807 0 24.337 1 0.917077
4781 783.248 45.085 252.490 -0.011204 57.807 0 24.337 1 0.917077
4782 783.273 45.092 252.478 -0.010906 57.811 0 24.365 1 0.920598
4783 783.273 45.092 252.478 -0.010906 57.811 0 24.365 1 0.920598
4784 783.297 45.100 252.466 -0.011261 57.814 0 24.393 1 0.924115
4785 783.297 45.100 252.466 -0.011261 57.814 0 24.393 1 0.924115
4786 783.322 45.107 252.454 -0.011261 57.817 0 24.421 1 0.927648
4787 783.322 45.107 252.454 -0.011261 57.817 0 24.421 1 0.927648
4788 783.346 45.115 252.442 -0.011349 57.820 0 24.449 1 0.931176
4789 783.346 45.115 252.442 -0.011349 57.820 0 24.449 1 0.931176
4790 783.371 45.122 252.430 -0.011410 57.823 0 24.478 1 0.934711
4791 783.371 45.122 252.430 -0.011410 57.823 0 24.478 1 0.934711
4792 783.395 45.130 252.419 -0.011620 57.826 0 24.506 1 0.938233
4793 783.395 45.130 252.419 -0.011620 57.826 0 24.506 1 0.938233
4794 783.420 45.137 252.407 -0.011776 57.829 0 24.534 1 0.941764
4795 783.420 45.137 252.407 -0.011776 57.829 0 24.534 1 0.941764
4796 783.444 45.144 252.395 -0.011951 57.832 0 24.562 1 0.945287
4797 783.444 45.144 252.395 -0.011951 57.832 0 24.562 1 0.945287
4798 783.469 45.152 252.383 -0.012100 57.835 0 24.591 1 0.948817
4799 783.469 45.152 252.383 -0.012100 57.835 0 24.591 1 0.948817
4800 783.493 45.159 252.371 -0.012280 57.838 0 24.619 1 0.952340
4801 783.493 45.159 252.371 -0.012280 57.838 0 24.619 1 0.952340
4802 783.518 45.167 252.359 -0.012428 57.842 0 24.647 1 0.955871
4803 783.518 45.167 252.359 -0.012428 57.842 0 24.647 1 0.955871
4804 783.542 45.174 252.348 -0.012608 57.845 0 24.675 1 0.959394
4805 783.542 45.174 252.348 -0.012608 57.845 0 24.675 1 0.959394
4806 783.567 45.182 252.336 -0.012756 57.848 0 24.703 1 0.962924
4807 783.567 45.182 252.336 -0.012756 57.848 0 24.703 1 0.962924
4808 783.591 45.189 252.324 -0.012936 57.851 0 24.732 1 0.966447
4809 783.591 45.189 252.324 -0.012936 57.851 0 24.732 1 0.966447
4810 783.616 45.197 252.312 -0.013084 57.854 0 24.760 1 0.969977
4811 783.616 45.197 252.312 -0.013084 57.854 0 24.760 1 0.969977
4812 783.640 45.204 252.300 -0.013260 57.857 0 24.788 1 0.973500
4813 783.640 45.204 252.300 -0.013260 57.857 0 24.788 1 0.973500
4814 783.665 45.211 252.288 -0.013412 57.860 0 24.816 1 0.977031
4815 783.665 45.211 252.288 -0.013412 57.860 0 24.816 1 0.977031
4816 783.689 45.219 252.277 -0.013588 57.863 0 24.844 1 0.980554
4817 783.689 45.219 252.277 -0.013588 57.863 0 24.844 1 0.980554
4818 783.714 45.226 252.265 -0.013741 57.866 0 24.873 1 0.984082
4819 783.714 45.226 252.265 -0.013741 57.866 0 24.873 1 0.984082
4820 783.738 45.234 252.253 -0.013916 57.869 0 24.901 1 0.987607
4821 783.738 45.234 252.253 -0.013916 57.869 0 24.901 1 0.987607
4822 783.763 45.241 252.241 -0.014069 57.872 0 24.929 1 0.991136
4823 783.763 45.241 252.241 -0.014069 57.872 0 24.929 1 0.991136
4824 783.787 45.249 252.229 -0.014244 57.876 0 24.957 1 0.994660
4825 783.787 45.249 252.229 -0.014244 57.876 0 24.957 1 0.994660
4826 783.812 45.256 252.217 -0.014397 57.879 0 24.986 1 0.998189
4827 783.812 45.256 252.217 -0.014397 57.879 0 24.986 1 0.998189
4828 783.836 45.264 252.205 -0.014572 57.882 0 25.014 1 1.000000
4829 783.836 45.264 252.205 -0.014572 57.882 0 25.014 1 1.000000
4830 783.861 45.271 252.194 -0.014725 57.885 0 25.042 1 1.000000
4831 783.861 45.271 252.194 -0.014725 57.885 0 25.042 1 1.000000
4832 783.885 45.279 252.182 -0.014900 57.888 0 25.070 1 1.000000
4833 783.885 45.279 252.182 -0.014900 57.888 0 25.070 1 1.000000
4834 783.910 45.286 252.170 -0.015049 57.891 0 25.098 1 1.000000
4835 783.910 45.286 252.170 -0.015049 57.891 0 25.098 1 1.000000
4836 783.934 45.293 252.158 -0.015228 57.894 0 25.127 1 1.000000
4837 783.934 45.293 252.158 -0.015228 57.894 0 25.127 1 1.000000
4838 783.959 45.301 252.146 -0.015377 57.897 0 25.155 1 1.000000
4839 783.959 45.301 252.146 -0.015377 57.897 0 25.155 1 1.000000
4840 783.983 45.308 252.134 -0.015556 57.900 0 25.183 1 1.000000
4841 783.983 45.308 252.134 -0.015556 57.900 0 25.183 1 1.000000
4842 784.008 45.316 252.123 -0.015720 57.903 0 25.211 1 1.000000
4843 784.008 45.316 252.123 -0.015720 57.903 0 25.211 1 1.000000
4844 784.033 45.323 252.111 -0.015369 57.906 0 25.240 1 1.000000
4845 784.057 45.330 252.099 -0.015148 57.910 0 25.268 1 1.000000
4846 784.057 45.330 252.099 -0.015148 57.910 0 25.268 1 1.000000
4847 784.082 45.337 252.087 -0.014931 57.913 0 25.296 1 1.000000
4848 784.082 45.337 252.087 -0.014931 57.913 0 25.296 1 1.000000
4849 784.107 45.344 252.075 -0.014713 57.916 0 25.325 1 1.000000
4850 784.107 45.344 252.075 -0.014713 57.916 0 25.325 1 1.000000
4851 784.132 45.351 252.063 -0.014496 57.919 0 25.353 1 1.000000
4852 784.132 45.351 252.063 -0.014496 57.919 0 25.353 1 1.000000
4853 784.156 45.358 252.051 -0.014282 57.922 0 25.381 1 1.000000
4854 784.156 45.358 252.051 -0.014282 57.922 0 25.381 1 1.000000
4855 784.181 45.365 252.039 -0.014069 57.925 0 25.410 1 1.000000
4856 784.181 45.365 252.039 -0.014069 57.925 0 25.410 1 1.000000
4857 784.206 45.373 252.027 -0.013851 57.928 0 25.438 1 1.000000
4858 784.230 45.380 252.015 -0.013634 57.931 0 25.466 1 1.000000
4859 784.255 45.387 252.003 -0.013420 57.934 0 25.495 1 1.000000
4860 784.255 45.387 252.003 -0.013420 57.934 0 25.495 1 1.000000
4861 784.255 45.387 252.003 -0.013420 57.934 0 25.495 1 1.000000
4862 784.280 45.394 251.991 -0.013203 57.937 0 25.523 1 1.000000
4863 784.280 45.394 251.991 -0.013203 57.937 0 25.523 1 1.000000
4864 784.305 45.401 251.979 -0.012985 57.941 0 25.552 1 1.000000
4865 784.329 45.408 251.967 -0.012772 57.944 0 25.580 1 1.000000
4866 784.329 45.408 251.967 -0.012772 57.944 0 25.580 1 1.000000
4867 784.354 45.415 251.955 -0.012554 57.947 0 25.608 1 1.000000
4868 784.379 45.422 251.943 -0.012337 57.950 0 25.637 1 1.000000
4869 784.428 45.436 251.919 -0.011906 57.956 0 25.693 1 1.000000
4870 784.477 45.451 251.895 -0.012154 57.962 0 25.750 1 1.000000
4871 784.502 45.459 251.883 -0.012203 57.965 0 25.778 1 1.000000
4872 784.502 45.459 251.883 -0.012203 57.965 0 25.778 1 1.000000
4873 784.526 45.466 251.872 -0.012257 57.968 0 25.806 1 1.000000
4874 784.526 45.466 251.872 -0.012257 57.968 0 25.806 1 1.000000
4875 784.551 45.473 251.860 -0.012302 57.971 0 25.835 1 1.000000
4876 784.551 45.473 251.860 -0.012302 57.971 0 25.835 1 1.000000
4877 784.575 45.481 251.848 -0.012352 57.974 0 25.863 1 1.000000
4878 784.575 45.481 251.848 -0.012352 57.974 0 25.863 1 1.000000
4879 784.600 45.488 251.836 -0.012402 57.978 0 25.891 1 1.000000
4880 784.600 45.488 251.836 -0.012402 57.978 0 25.891 1 1.000000
4881 784.624 45.495 251.824 -0.012451 57.981 0 25.919 1 1.000000
4882 784.624 45.495 251.824 -0.012451 57.981 0 25.919 1 1.000000
4883 784.649 45.503 251.812 -0.012501 57.984 0 25.948 1 1.000000
4884 784.649 45.503 251.812 -0.012501 57.984 0 25.948 1 1.000000
4885 784.674 45.510 251.800 -0.012550 57.987 0 25.976 1 1.000000
4886 784.674 45.510 251.800 -0.012550 57.987 0 25.976 1 1.000000
4887 784.698 45.517 251.788 -0.012600 57.990 0 26.004 1 1.000000
4888 784.698 45.517 251.788 -0.012600 57.990 0 26.004 1 1.000000
4889 784.723 45.525 251.776 -0.012650 57.993 0 26.032 1 1.000000
4890 784.723 45.525 251.776 -0.012650 57.993 0 26.032 1 1.000000
4891 784.747 45.532 251.764 -0.012695 57.996 0 26.060 1 1.000000
4892 784.747 45.532 251.764 -0.012695 57.996 0 26.060 1 1.000000
4893 784.772 45.539 251.752 -0.012749 57.999 0 26.089 1 1.000000
4894 784.772 45.539 251.752 -0.012749 57.999 0 26.089 1 1.000000
4895 784.796 45.547 251.740 -0.012798 58.002 0 26.117 1 1.000000
4896 784.796 45.547 251.740 -0.012798 58.002 0 26.117 1 1.000000
4897 784.821 45.554 251.729 -0.012848 58.005 0 26.145 1 1.000000
4898 784.845 45.561 251.717 -0.012897 58.008 0 26.173 1 1.000000
4899 784.845 45.561 251.717 -0.012897 58.008 0 26.173 1 1.000000
4900 784.870 45.569 251.705 -0.012947 58.011 0 26.202 1 1.000000
4901 784.870 45.569 251.705 -0.012947 58.011 0 26.202 1 1.000000
4902 784.870 45.569 251.705 -0.012947 58.011 0 26.202 1 1.000000
4903 784.894 45.576 251.693 -0.012997 58.014 0 26.230 1 1.000000
4904 784.894 45.576 251.693 -0.012997 58.014 0 26.230 1 1.000000
4905 784.919 45.584 251.681 -0.013046 58.017 0 26.258 1 1.000000
4906 784.919 45.584 251.681 -0.013046 58.017 0 26.258 1 1.000000
4907 784.943 45.591 251.669 -0.013096 58.020 0 26.286 1 1.000000
4908 784.943 45.591 251.669 -0.013096 58.020 0 26.286 1 1.000000
4909 784.968 45.598 251.657 -0.013145 58.023 0 26.315 1 1.000000
4910 784.968 45.598 251.657 -0.013145 58.023 0 26.315 1 1.000000
4911 784.992 45.606 251.645 -0.013195 58.026 0 26.343 1 1.000000
4912 784.992 45.606 251.645 -0.013195 58.026 0 26.343 1 1.000000
4913 785.017 45.613 251.633 -0.013245 58.029 0 26.371 1 1.000000
4914 785.017 45.613 251.633 -0.013245 58.029 0 26.371 1 1.000000
4915 785.042 45.620 251.621 -0.013294 58.033 0 26.399 1 1.000000
4916 785.042 45.620 251.621 -0.013294 58.033 0 26.399 1 1.000000
4917 785.066 45.628 251.609 -0.013344 58.036 0 26.428 1 1.000000
4918 785.066 45.628 251.609 -0.013344 58.036 0 26.428 1 1.000000
4919 785.091 45.635 251.598 -0.013393 58.039 0 26.456 1 1.000000
4920 785.091 45.635 251.598 -0.013393 58.039 0 26.456 1 1.000000
4921 785.115 45.642 251.586 -0.013443 58.042 0 26.484 1 1.000000
4922 785.115 45.642 251.586 -0.013443 58.042 0 26.484 1 1.000000
4923 785.140 45.650 251.574 -0.013493 58.045 0 26.512 1 1.000000
4924 785.140 45.650 251.574 -0.013493 58.045 0 26.512 1 1.000000
4925 785.164 45.657 251.562 -0.013542 58.048 0 26.541 1 1.000000
4926 785.164 45.657 251.562 -0.013542 58.048 0 26.541 1 1.000000
4927 785.189 45.664 251.550 -0.013592 58.051 0 26.569 1 1.000000
4928 785.189 45.664 251.550 -0.013592 58.051 0 26.569 1 1.000000
4929 785.213 45.672 251.538 -0.014271 58.054 0 26.597 1 1.000000
4930 785.213 45.672 251.538 -0.014271 58.054 0 26.597 1 1.000000
4931 785.238 45.680 251.527 -0.014942 58.057 0 26.625 1 1.000000
4932 785.238 45.680 251.527 -0.014942 58.057 0 26.625 1 1.000000
4933 785.262 45.688 251.516 -0.015614 58.059 0 26.653 1 1.000000
4934 785.262 45.688 251.516 -0.015614 58.059 0 26.653 1 1.000000
4935 785.286 45.696 251.505 -0.016277 58.062 0 26.681 1 1.000000
4936 785.286 45.696 251.505 -0.016277 58.062 0 26.681 1 1.000000
4937 785.311 45.704 251.493 -0.016949 58.065 0 26.709 1 1.000000
4938 785.311 45.704 251.493 -0.016949 58.065 0 26.709 1 1.000000
4939 785.335 45.712 251.482 -0.017616 58.068 0 26.737 1 1.000000
4940 785.335 45.712 251.482 -0.017616 58.068 0 26.737 1 1.000000
4941 785.360 45.720 251.471 -0.018272 58.071 0 26.765 1 1.000000
4942 785.360 45.720 251.471 -0.018272 58.071 0 26.765 1 1.000000
4943 785.385 45.725 251.459 -0.016209 58.074 0 26.794 1 1.000000
4944 785.385 45.725 251.459 -0.016209 58.074 0 26.794 1 1.000000
4945 785.410 45.731 251.447 -0.014957 58.077 0 26.822 1 1.000000
4946 785.410 45.731 251.447 -0.014957 58.077 0 26.822 1 1.000000
4947 785.436 45.737 251.435 -0.013874 58.080 0 26.851 1 1.000000
4948 785.436 45.737 251.435 -0.013874 58.080 0 26.851 1 1.000000
4949 785.460 45.745 251.423 -0.013985 58.083 0 26.879 1 1.000000
4950 785.460 45.745 251.423 -0.013985 58.083 0 26.879 1 1.000000
4951 785.485 45.752 251.411 -0.013950 58.086 0 26.907 1 1.000000
4952 785.485 45.752 251.411 -0.013950 58.086 0 26.907 1 1.000000
4953 785.509 45.759 251.399 -0.013924 58.089 0 26.936 1 1.000000
4954 785.509 45.759 251.399 -0.013924 58.089 0 26.936 1 1.000000
4955 785.534 45.767 251.387 -0.013893 58.092 0 26.964 1 1.000000
4956 785.534 45.767 251.387 -0.013893 58.092 0 26.964 1 1.000000
4957 785.559 45.774 251.375 -0.013863 58.095 0 26.992 1 1.000000
4958 785.559 45.774 251.375 -0.013863 58.095 0 26.992 1 1.000000
4959 785.583 45.781 251.363 -0.013840 58.098 0 27.021 1 1.000000
4960 785.583 45.781 251.363 -0.013840 58.098 0 27.021 1 1.000000
4961 785.608 45.789 251.351 -0.013813 58.101 0 27.049 1 1.000000
4962 785.608 45.789 251.351 -0.013813 58.101 0 27.049 1 1.000000
4963 785.632 45.796 251.339 -0.013783 58.104 0 27.077 1 1.000000
4964 785.632 45.796 251.339 -0.013783 58.104 0 27.077 1 1.000000
4965 785.657 45.803 251.327 -0.013756 58.107 0 27.105 1 1.000000
4966 785.657 45.803 251.327 -0.013756 58.107 0 27.105 1 1.000000
4967 785.682 45.810 251.315 -0.013729 58.110 0 27.134 1 1.000000
4968 785.682 45.810 251.315 -0.013729 58.110 0 27.134 1 1.000000
4969 785.706 45.818 251.303 -0.013702 58.113 0 27.162 1 1.000000
4970 785.706 45.818 251.303 -0.013702 58.113 0 27.162 1 1.000000
4971 785.731 45.825 251.292 -0.013672 58.116 0 27.190 1 1.000000
4972 785.731 45.825 251.292 -0.013672 58.116 0 27.190 1 1.000000
4973 785.755 45.832 251.280 -0.013645 58.119 0 27.219 1 1.000000
4974 785.755 45.832 251.280 -0.013645 58.119 0 27.219 1 1.000000
4975 785.780 45.839 251.268 -0.013618 58.122 0 27.247 1 1.000000
4976 785.780 45.839 251.268 -0.013618 58.122 0 27.247 1 1.000000
4977 785.805 45.847 251.256 -0.013592 58.125 0 27.275 1 1.000000
4978 785.805 45.847 251.256 -0.013592 58.125 0 27.275 1 1.000000
4979 785.829 45.854 251.244 -0.013569 58.128 0 27.303 1 1.000000
4980 785.829 45.854 251.244 -0.013569 58.128 0 27.303 1 1.000000
4981 785.854 45.861 251.232 -0.013538 58.131 0 27.332 1 1.000000
4982 785.854 45.861 251.232 -0.013538 58.131 0 27.332 1 1.000000
4983 785.878 45.869 251.220 -0.013512 58.134 0 27.360 1 1.000000
4984 785.878 45.869 251.220 -0.013512 58.134 0 27.360 1 1.000000
4985 785.903 45.876 251.208 -0.013485 58.137 0 27.388 1 1.000000
4986 785.903 45.876 251.208 -0.013485 58.137 0 27.388 1 1.000000
4987 785.928 45.883 251.196 -0.013458 58.140 0 27.417 1 1.000000
4988 785.928 45.883 251.196 -0.013458 58.140 0 27.417 1 1.000000
4989 785.952 45.890 251.184 -0.013432 58.143 0 27.445 1 1.000000
4990 785.952 45.890 251.184 -0.013432 58.143 0 27.445 1 1.000000
4991 785.977 45.898 251.172 -0.013401 58.147 0 27.473 1 1.000000
4992 785.977 45.898 251.172 -0.013401 58.147 0 27.473 1 1.000000
4993 786.001 45.905 251.161 -0.013718 58.150 0 27.501 1 1.000000
4994 786.001 45.905 251.161 -0.013718 58.150 0 27.501 1 1.000000
4995 786.026 45.913 251.149 -0.013947 58.153 0 27.530 1 1.000000
4996 786.026 45.913 251.149 -0.013947 58.153 0 27.530 1 1.000000
4997 786.050 45.920 251.137 -0.014183 58.156 0 27.558 1 1.000000
4998 786.050 45.920 251.137 -0.014183 58.156 0 27.558 1 1.000000
4999 786.075 45.928 251.125 -0.014423 58.159 0 27.586 1 1.000000
5000 786.075 45.928 251.125 -0.014423 58.159 0 27.586 1 1.000000
5001 786.099 45.935 251.113 -0.014664 58.162 0 27.614 1 1.000000
5002 786.099 45.935 251.113 -0.014664 58.162 0 27.614 1 1.000000
5003 786.124 45.943 251.101 -0.014904 58.165 0 27.642 1 1.000000
5004 786.124 45.943 251.101 -0.014904 58.165 0 27.642 1 1.000000
5005 786.148 45.950 251.089 -0.014755 58.168 0 27.671 1 1.000000
5006 786.148 45.950 251.089 -0.014755 58.168 0 27.671 1 1.000000
5007 786.173 45.957 251.078 -0.014732 58.171 0 27.699 1 1.000000
5008 786.173 45.957 251.078 -0.014732 58.171 0 27.699 1 1.000000
5009 786.197 45.965 251.066 -0.014706 58.174 0 27.727 1 1.000000
5010 786.197 45.965 251.066 -0.014706 58.174 0 27.727 1 1.000000
5011 786.222 45.972 251.054 -0.014679 58.177 0 27.755 1 1.000000
5012 786.222 45.972 251.054 -0.014679 58.177 0 27.755 1 1.000000
5013 786.247 45.979 251.042 -0.014645 58.180 0 27.784 1 1.000000
5014 786.247 45.979 251.042 -0.014645 58.180 0 27.784 1 1.000000
5015 786.271 45.986 251.030 -0.014614 58.183 0 27.812 1 1.000000
5016 786.271 45.986 251.030 -0.014614 58.183 0 27.812 1 1.000000
5017 786.296 45.994 251.018 -0.014465 58.186 0 27.840 1 1.000000
5018 786.296 45.994 251.018 -0.014465 58.186 0 27.840 1 1.000000
5019 786.321 46.001 251.006 -0.014320 58.189 0 27.869 1 1.000000
5020 786.321 46.001 251.006 -0.014320 58.189 0 27.869 1 1.000000
5021 786.345 46.008 250.994 -0.014175 58.192 0 27.897 1 1.000000
5022 786.345 46.008 250.994 -0.014175 58.192 0 27.897 1 1.000000
5023 786.370 46.015 250.982 -0.014034 58.195 0 27.925 1 1.000000
5024 786.370 46.015 250.982 -0.014034 58.195 0 27.925 1 1.000000
5025 786.395 46.022 250.970 -0.013889 58.198 0 27.954 1 1.000000
5026 786.395 46.022 250.970 -0.013889 58.198 0 27.954 1 1.000000
5027 786.419 46.029 250.958 -0.013741 58.201 0 27.982 1 1.000000
5028 786.419 46.029 250.958 -0.013741 58.201 0 27.982 1 1.000000
5029 786.444 46.037 250.946 -0.013599 58.204 0 28.010 1 1.000000
5030 786.444 46.037 250.946 -0.013599 58.204 0 28.010 1 1.000000
5031 786.469 46.044 250.935 -0.013454 58.207 0 28.038 1 1.000000
5032 786.469 46.044 250.935 -0.013454 58.207 0 28.038 1 1.000000
5033 786.493 46.051 250.923 -0.013309 58.210 0 28.067 1 1.000000
5034 786.493 46.051 250.923 -0.013309 58.210 0 28.067 1 1.000000
5035 786.518 46.058 250.911 -0.013287 58.213 0 28.095 1 1.000000
5036 786.518 46.058 250.911 -0.013287 58.213 0 28.095 1 1.000000
5037 786.541 46.067 250.899 -0.014843 58.216 0 28.123 1 1.000000
5038 786.541 46.067 250.899 -0.014843 58.216 0 28.123 1 1.000000
5039 786.565 46.075 250.888 -0.016212 58.219 0 28.150 1 1.000000
5040 786.565 46.075 250.888 -0.016212 58.219 0 28.150 1 1.000000
5041 786.589 46.084 250.876 -0.017578 58.222 0 28.178 1 1.000000
5042 786.589 46.084 250.876 -0.017578 58.222 0 28.178 1 1.000000
5043 786.612 46.092 250.864 -0.018944 58.225 0 28.206 1 1.000000
5044 786.612 46.092 250.864 -0.018944 58.225 0 28.206 1 1.000000
5045 786.636 46.101 250.853 -0.020309 58.228 0 28.233 1 1.000000
5046 786.636 46.101 250.853 -0.020309 58.228 0 28.233 1 1.000000
5047 786.660 46.109 250.841 -0.021675 58.231 0 28.261 1 1.000000
5048 786.660 46.109 250.841 -0.021675 58.231 0 28.261 1 1.000000
5049 786.684 46.118 250.830 -0.023041 58.234 0 28.289 1 1.000000
5050 786.684 46.118 250.830 -0.023041 58.234 0 28.289 1 1.000000
5051 786.707 46.126 250.818 -0.024406 58.237 0 28.316 1 1.000000
5052 786.707 46.126 250.818 -0.024406 58.237 0 28.316 1 1.000000
5053 786.731 46.134 250.806 -0.025002 58.240 0 28.344 1 1.000000
5054 786.731 46.134 250.806 -0.025002 58.240 0 28.344 1 1.000000
5055 786.756 46.140 250.794 -0.023712 58.243 0 28.373 1 1.000000
5056 786.756 46.140 250.794 -0.023712 58.243 0 28.373 1 1.000000
5057 786.781 46.147 250.782 -0.023224 58.246 0 28.401 1 1.000000
5058 786.781 46.147 250.782 -0.023224 58.246 0 28.401 1 1.000000
5059 786.806 46.154 250.769 -0.022736 58.249 0 28.430 1 1.000000
5060 786.806 46.154 250.769 -0.022736 58.249 0 28.430 1 1.000000
5061 786.830 46.161 250.757 -0.022251 58.252 0 28.458 1 1.000000
5062 786.830 46.161 250.757 -0.022251 58.252 0 28.458 1 1.000000
5063 786.855 46.168 250.745 -0.021767 58.256 0 28.486 1 1.000000
5064 786.855 46.168 250.745 -0.021767 58.256 0 28.486 1 1.000000
5065 786.880 46.175 250.732 -0.021278 58.259 0 28.515 1 1.000000
5066 786.880 46.175 250.732 -0.021278 58.259 0 28.515 1 1.000000
5067 786.905 46.181 250.720 -0.020790 58.262 0 28.543 1 1.000000
5068 786.905 46.181 250.720 -0.020790 58.262 0 28.543 1 1.000000
5069 786.929 46.188 250.708 -0.020306 58.265 0 28.572 1 1.000000
5070 786.929 46.188 250.708 -0.020306 58.265 0 28.572 1 1.000000
5071 786.954 46.195 250.696 -0.019821 58.268 0 28.600 1 1.000000
5072 786.954 46.195 250.696 -0.019821 58.268 0 28.600 1 1.000000
5073 786.979 46.202 250.683 -0.019333 58.271 0 28.629 1 1.000000
5074 786.979 46.202 250.683 -0.019333 58.271 0 28.629 1 1.000000
5075 787.003 46.209 250.671 -0.018848 58.275 0 28.657 1 1.000000
5076 787.003 46.209 250.671 -0.018848 58.275 0 28.657 1 1.000000
5077 787.028 46.216 250.659 -0.018364 58.278 0 28.685 1 1.000000
5078 787.028 46.216 250.659 -0.018364 58.278 0 28.685 1 1.000000
5079 787.053 46.223 250.647 -0.017876 58.281 0 28.714 1 1.000000
5080 787.053 46.223 250.647 -0.017876 58.281 0 28.714 1 1.000000
5081 787.078 46.229 250.634 -0.017391 58.284 0 28.742 1 1.000000
5082 787.102 46.236 250.622 -0.016903 58.287 0 28.771 1 1.000000
5083 787.102 46.236 250.622 -0.016903 58.287 0 28.771 1 1.000000
5084 787.127 46.243 250.610 -0.016415 58.290 0 28.799 1 1.000000
5085 787.127 46.243 250.610 -0.016415 58.290 0 28.799 1 1.000000
5086 787.152 46.250 250.597 -0.015934 58.293 0 28.827 1 1.000000
5087 787.176 46.257 250.585 -0.015446 58.297 0 28.856 1 1.000000
5088 787.176 46.257 250.585 -0.015446 58.297 0 28.856 1 1.000000
5089 787.201 46.264 250.573 -0.014950 58.300 0 28.884 1 1.000000
5090 787.201 46.264 250.573 -0.014950 58.300 0 28.884 1 1.000000
5091 787.201 46.264 250.573 -0.014950 58.300 0 28.884 1 1.000000
5092 787.226 46.271 250.561 -0.014477 58.303 0 28.913 1 1.000000
5093 787.226 46.271 250.561 -0.014477 58.303 0 28.913 1 1.000000
5094 787.251 46.277 250.548 -0.013977 58.306 0 28.941 1 1.000000
5095 787.251 46.277 250.548 -0.013977 58.306 0 28.941 1 1.000000
5096 787.275 46.286 250.537 -0.015400 58.309 0 28.970 1 1.000000
5097 787.275 46.286 250.537 -0.015400 58.309 0 28.970 1 1.000000
5098 787.299 46.295 250.527 -0.016891 58.311 0 28.997 1 1.000000
5099 787.299 46.295 250.527 -0.016891 58.311 0 28.997 1 1.000000
5100 787.323 46.303 250.516 -0.018398 58.314 0 29.025 1 1.000000
5101 787.323 46.303 250.516 -0.018398 58.314 0 29.025 1 1.000000
5102 787.348 46.312 250.506 -0.019890 58.316 0 29.052 1 1.000000
5103 787.348 46.312 250.506 -0.019890 58.316 0 29.052 1 1.000000
5104 787.372 46.320 250.496 -0.020424 58.319 0 29.080 1 1.000000
5105 787.372 46.320 250.496 -0.020424 58.319 0 29.080 1 1.000000
5106 787.398 46.325 250.484 -0.018478 58.322 0 29.109 1 1.000000
5107 787.398 46.325 250.484 -0.018478 58.322 0 29.109 1 1.000000
5108 787.424 46.329 250.472 -0.014729 58.325 0 29.138 1 1.000000
5109 787.424 46.329 250.472 -0.014729 58.325 0 29.138 1 1.000000
5110 787.450 46.335 250.460 -0.013634 58.328 0 29.167 1 1.000000
5111 787.450 46.335 250.460 -0.013634 58.328 0 29.167 1 1.000000
5112 787.474 46.343 250.448 -0.013668 58.331 0 29.195 1 1.000000
5113 787.474 46.343 250.448 -0.013668 58.331 0 29.195 1 1.000000
5114 787.499 46.350 250.436 -0.013699 58.334 0 29.223 1 1.000000
5115 787.499 46.350 250.436 -0.013699 58.334 0 29.223 1 1.000000
5116 787.524 46.357 250.424 -0.013725 58.337 0 29.251 1 1.000000
5117 787.524 46.357 250.424 -0.013725 58.337 0 29.251 1 1.000000
5118 787.548 46.365 250.413 -0.013756 58.340 0 29.280 1 1.000000
5119 787.548 46.365 250.413 -0.013756 58.340 0 29.280 1 1.000000
5120 787.573 46.372 250.401 -0.013786 58.343 0 29.308 1 1.000000
5121 787.573 46.372 250.401 -0.013786 58.343 0 29.308 1 1.000000
5122 787.597 46.379 250.389 -0.013813 58.346 0 29.336 1 1.000000
5123 787.597 46.379 250.389 -0.013813 58.346 0 29.336 1 1.000000
5124 787.622 46.387 250.377 -0.013847 58.349 0 29.364 1 1.000000
5125 787.622 46.387 250.377 -0.013847 58.349 0 29.364 1 1.000000
5126 787.647 46.394 250.365 -0.013874 58.352 0 29.393 1 1.000000
5127 787.647 46.394 250.365 -0.013874 58.352 0 29.393 1 1.000000
5128 787.671 46.401 250.354 -0.013905 58.355 0 29.421 1 1.000000
5129 787.671 46.401 250.354 -0.013905 58.355 0 29.421 1 1.000000
5130 787.696 46.409 250.342 -0.013935 58.358 0 29.449 1 1.000000
5131 787.696 46.409 250.342 -0.013935 58.358 0 29.449 1 1.000000
5132 787.720 46.416 250.330 -0.013962 58.361 0 29.477 1 1.000000
5133 787.720 46.416 250.330 -0.013962 58.361 0 29.477 1 1.000000
5134 787.745 46.423 250.318 -0.013992 58.364 0 29.506 1 1.000000
5135 787.745 46.423 250.318 -0.013992 58.364 0 29.506 1 1.000000
5136 787.770 46.430 250.307 -0.014023 58.367 0 29.534 1 1.000000
5137 787.770 46.430 250.307 -0.014023 58.367 0 29.534 1 1.000000
5138 787.794 46.438 250.295 -0.014053 58.370 0 29.562 1 1.000000
5139 787.794 46.438 250.295 -0.014053 58.370 0 29.562 1 1.000000
5140 787.819 46.445 250.283 -0.014084 58.373 0 29.590 1 1.000000
5141 787.819 46.445 250.283 -0.014084 58.373 0 29.590 1 1.000000
5142 787.843 46.452 250.271 -0.014114 58.376 0 29.619 1 1.000000
5143 787.843 46.452 250.271 -0.014114 58.376 0 29.619 1 1.000000
5144 787.868 46.460 250.259 -0.014145 58.379 0 29.647 1 1.000000
5145 787.868 46.460 250.259 -0.014145 58.379 0 29.647 1 1.000000
5146 787.893 46.467 250.248 -0.014175 58.381 0 29.675 1 1.000000
5147 787.893 46.467 250.248 -0.014175 58.381 0 29.675 1 1.000000
5148 787.917 46.474 250.236 -0.014202 58.384 0 29.703 1 1.000000
5149 787.917 46.474 250.236 -0.014202 58.384 0 29.703 1 1.000000
5150 787.942 46.482 250.224 -0.014229 58.387 0 29.732 1 1.000000
5151 787.942 46.482 250.224 -0.014229 58.387 0 29.732 1 1.000000
5152 787.966 46.489 250.212 -0.014259 58.390 0 29.760 1 1.000000
5153 787.966 46.489 250.212 -0.014259 58.390 0 29.760 1 1.000000
5154 787.991 46.496 250.200 -0.014290 58.393 0 29.788 1 1.000000
5155 788.016 46.504 250.189 -0.014320 58.396 0 29.816 1 1.000000
5156 788.016 46.504 250.189 -0.014320 58.396 0 29.816 1 1.000000
5157 788.040 46.511 250.177 -0.014351 58.399 0 29.844 1 1.000000
5158 788.040 46.511 250.177 -0.014351 58.399 0 29.844 1 1.000000
5159 788.065 46.518 250.165 -0.014381 58.402 0 29.873 1 1.000000
5160 788.065 46.518 250.165 -0.014381 58.402 0 29.873 1 1.000000
5161 788.090 46.525 250.153 -0.014046 58.405 0 29.901 1 1.000000
5162 788.090 46.525 250.153 -0.014046 58.405 0 29.901 1 1.000000
5163 788.114 46.533 250.141 -0.013878 58.408 0 29.929 1 1.000000
5164 788.114 46.533 250.141 -0.013878 58.408 0 29.929 1 1.000000
5165 788.139 46.540 250.129 -0.013702 58.411 0 29.958 1 1.000000
5166 788.139 46.540 250.129 -0.013702 58.411 0 29.958 1 1.000000
5167 788.164 46.547 250.117 -0.013527 58.414 0 29.986 1 1.000000
5168 788.164 46.547 250.117 -0.013527 58.414 0 29.986 1 1.000000
5169 788.188 46.554 250.106 -0.013355 58.417 0 30.014 1 1.000000
5170 788.188 46.554 250.106 -0.013355 58.417 0 30.014 1 1.000000
5171 788.213 46.561 250.094 -0.013180 58.420 0 30.043 1 1.000000
5172 788.213 46.561 250.094 -0.013180 58.420 0 30.043 1 1.000000
5173 788.238 46.568 250.082 -0.013004 58.423 0 30.071 1 1.000000
5174 788.238 46.568 250.082 -0.013004 58.423 0 30.071 1 1.000000
5175 788.263 46.575 250.070 -0.012833 58.426 0 30.099 1 1.000000
5176 788.263 46.575 250.070 -0.012833 58.426 0 30.099 1 1.000000
5177 788.287 46.583 250.058 -0.012657 58.429 0 30.128 1 1.000000
5178 788.287 46.583 250.058 -0.012657 58.429 0 30.128 1 1.000000
5179 788.312 46.590 250.046 -0.012482 58.432 0 30.156 1 1.000000
5180 788.312 46.590 250.046 -0.012482 58.432 0 30.156 1 1.000000
5181 788.337 46.597 250.034 -0.012306 58.435 0 30.185 1 1.000000
5182 788.337 46.597 250.034 -0.012306 58.435 0 30.185 1 1.000000
5183 788.361 46.604 250.022 -0.012135 58.438 0 30.213 1 1.000000
5184 788.361 46.604 250.022 -0.012135 58.438 0 30.213 1 1.000000
5185 788.386 46.611 250.010 -0.011959 58.441 0 30.241 1 1.000000
5186 788.411 46.618 249.999 -0.011784 58.444 0 30.270 1 1.000000
5187 788.411 46.618 249.999 -0.011784 58.444 0 30.270 1 1.000000
5188 788.436 46.626 249.987 -0.011925 58.447 0 30.298 1 1.000000
5189 788.436 46.626 249.987 -0.011925 58.447 0 30.298 1 1.000000
5190 788.460 46.633 249.975 -0.011757 58.450 0 30.326 1 1.000000
5191 788.460 46.633 249.975 -0.011757 58.450 0 30.326 1 1.000000
5192 788.485 46.640 249.963 -0.011761 58.453 0 30.354 1 1.000000
5193 788.485 46.640 249.963 -0.011761 58.453 0 30.354 1 1.000000
5194 788.509 46.647 249.951 -0.011761 58.456 0 30.383 1 1.000000
5195 788.509 46.647 249.951 -0.011761 58.456 0 30.383 1 1.000000
5196 788.534 46.655 249.939 -0.011765 58.459 0 30.411 1 1.000000
5197 788.534 46.655 249.939 -0.011765 58.459 0 30.411 1 1.000000
5198 788.559 46.662 249.927 -0.011765 58.462 0 30.439 1 1.000000
5199 788.559 46.662 249.927 -0.011765 58.462 0 30.439 1 1.000000
5200 788.583 46.669 249.915 -0.011768 58.465 0 30.468 1 1.000000
5201 788.583 46.669 249.915 -0.011768 58.465 0 30.468 1 1.000000
5202 788.608 46.677 249.904 -0.011768 58.468 0 30.496 1 1.000000
5203 788.608 46.677 249.904 -0.011768 58.468 0 30.496 1 1.000000
5204 788.632 46.684 249.892 -0.011768 58.471 0 30.524 1 1.000000
5205 788.632 46.684 249.892 -0.011768 58.471 0 30.524 1 1.000000
5206 788.657 46.691 249.880 -0.011768 58.474 0 30.552 1 1.000000
5207 788.657 46.691 249.880 -0.011768 58.474 0 30.552 1 1.000000
5208 788.682 46.699 249.868 -0.011772 58.477 0 30.581 1 1.000000
5209 788.682 46.699 249.868 -0.011772 58.477 0 30.581 1 1.000000
5210 788.706 46.706 249.856 -0.011772 58.480 0 30.609 1 1.000000
5211 788.706 46.706 249.856 -0.011772 58.480 0 30.609 1 1.000000
5212 788.731 46.713 249.844 -0.011772 58.483 0 30.637 1 1.000000
5213 788.731 46.713 249.844 -0.011772 58.483 0 30.637 1 1.000000
5214 788.755 46.720 249.832 -0.011669 58.486 0 30.665 1 1.000000
5215 788.755 46.720 249.832 -0.011669 58.486 0 30.665 1 1.000000
5216 788.780 46.728 249.820 -0.011600 58.489 0 30.694 1 1.000000
5217 788.780 46.728 249.820 -0.011600 58.489 0 30.694 1 1.000000
5218 788.805 46.735 249.809 -0.011528 58.492 0 30.722 1 1.000000
5219 788.805 46.735 249.809 -0.011528 58.492 0 30.722 1 1.000000
5220 788.829 46.742 249.797 -0.011456 58.495 0 30.750 1 1.000000
5221 788.829 46.742 249.797 -0.011456 58.495 0 30.750 1 1.000000
5222 788.854 46.749 249.785 -0.011387 58.498 0 30.779 1 1.000000
5223 788.854 46.749 249.785 -0.011387 58.498 0 30.779 1 1.000000
5224 788.879 46.757 249.773 -0.011318 58.501 0 30.807 1 1.000000
5225 788.879 46.757 249.773 -0.011318 58.501 0 30.807 1 1.000000
5226 789.002 46.793 249.713 -0.010960 58.582 0 30.949 1 1.000000
5227 789.027 46.800 249.702 -0.010887 58.602 0 30.977 1 1.000000
5228 789.051 46.807 249.690 -0.010815 58.623 0 31.005 1 1.000000
5229 789.051 46.807 249.690 -0.010815 58.623 0 31.005 1 1.000000
5230 789.076 46.815 249.678 -0.010746 58.644 0 31.033 1 1.000000
5231 789.076 46.815 249.678 -0.010746 58.644 0 31.033 1 1.000000
5232 789.101 46.822 249.666 -0.010674 58.664 0 31.062 1 1.000000
5233 789.101 46.822 249.666 -0.010674 58.664 0 31.062 1 1.000000
5234 789.125 46.829 249.654 -0.010605 58.685 0 31.090 1 1.000000
5235 789.125 46.829 249.654 -0.010605 58.685 0 31.090 1 1.000000
5236 789.150 46.836 249.642 -0.010532 58.706 0 31.118 1 1.000000
5237 789.150 46.836 249.642 -0.010532 58.706 0 31.118 1 1.000000
5238 789.175 46.843 249.630 -0.010460 58.727 0 31.147 1 1.000000
5239 789.175 46.843 249.630 -0.010460 58.727 0 31.147 1 1.000000
5240 789.199 46.851 249.618 -0.010391 58.747 0 31.175 1 1.000000
5241 789.199 46.851 249.618 -0.010391 58.747 0 31.175 1 1.000000
5242 789.224 46.858 249.606 -0.010456 58.768 0 31.203 1 1.000000
5243 789.224 46.858 249.606 -0.010456 58.768 0 31.203 1 1.000000
5244 789.248 46.866 249.595 -0.011047 58.787 0 31.231 1 1.000000
5245 789.248 46.866 249.595 -0.011047 58.787 0 31.231 1 1.000000
5246 789.273 46.874 249.584 -0.011711 58.806 0 31.259 1 1.000000
5247 789.297 46.882 249.573 -0.012363 58.825 0 31.287 1 1.000000
5248 789.322 46.890 249.562 -0.013016 58.845 0 31.315 1 1.000000
5249 789.322 46.890 249.562 -0.013016 58.845 0 31.315 1 1.000000
5250 789.322 46.890 249.562 -0.013016 58.845 0 31.315 1 1.000000
5251 789.346 46.897 249.550 -0.013668 58.864 0 31.343 1 1.000000
5252 789.346 46.897 249.550 -0.013668 58.864 0 31.343 1 1.000000
5253 789.370 46.905 249.539 -0.014324 58.883 0 31.371 1 1.000000
5254 789.370 46.905 249.539 -0.014324 58.883 0 31.371 1 1.000000
5255 789.396 46.911 249.527 -0.012619 58.904 0 31.400 1 1.000000
5256 789.396 46.911 249.527 -0.012619 58.904 0 31.400 1 1.000000
5257 789.422 46.916 249.515 -0.010082 58.925 0 31.429 1 1.000000
5258 789.422 46.916 249.515 -0.010082 58.925 0 31.429 1 1.000000
5259 789.446 46.923 249.503 -0.009769 58.946 0 31.457 1 1.000000
5260 789.446 46.923 249.503 -0.009769 58.946 0 31.457 1 1.000000
5261 789.471 46.930 249.491 -0.009758 58.967 0 31.485 1 1.000000
5262 789.471 46.930 249.491 -0.009758 58.967 0 31.485 1 1.000000
5263 789.495 46.938 249.479 -0.009750 58.988 0 31.514 1 1.000000
5264 789.495 46.938 249.479 -0.009750 58.988 0 31.514 1 1.000000
5265 789.520 46.945 249.467 -0.009735 59.009 0 31.542 1 1.000000
5266 789.520 46.945 249.467 -0.009735 59.009 0 31.542 1 1.000000
5267 789.545 46.952 249.455 -0.009727 59.030 0 31.570 1 1.000000
5268 789.545 46.952 249.455 -0.009727 59.030 0 31.570 1 1.000000
5269 789.569 46.959 249.443 -0.009720 59.051 0 31.598 1 1.000000
5270 789.569 46.959 249.443 -0.009720 59.051 0 31.598 1 1.000000
5271 789.594 46.967 249.432 -0.009708 59.071 0 31.627 1 1.000000
5272 789.594 46.967 249.432 -0.009708 59.071 0 31.627 1 1.000000
5273 789.619 46.974 249.420 -0.009697 59.091 0 31.655 1 1.000000
5274 789.619 46.974 249.420 -0.009697 59.091 0 31.655 1 1.000000
5275 789.644 46.981 249.409 -0.009689 59.110 0 31.683 1 1.000000
5276 789.644 46.981 249.409 -0.009689 59.110 0 31.683 1 1.000000
5277 789.669 46.989 249.398 -0.009678 59.130 0 31.712 1 1.000000
5278 789.669 46.989 249.398 -0.009678 59.130 0 31.712 1 1.000000
5279 789.693 46.996 249.386 -0.009666 59.150 0 31.740 1 1.000000
5280 789.693 46.996 249.386 -0.009666 59.150 0 31.740 1 1.000000
5281 789.718 47.003 249.375 -0.009659 59.169 0 31.768 1 1.000000
5282 789.718 47.003 249.375 -0.009659 59.169 0 31.768 1 1.000000
5283 789.743 47.011 249.363 -0.009686 59.189 0 31.796 1 1.000000
5284 789.743 47.011 249.363 -0.009686 59.189 0 31.796 1 1.000000
5285 789.768 47.018 249.352 -0.009693 59.209 0 31.825 1 1.000000
5286 789.768 47.018 249.352 -0.009693 59.209 0 31.825 1 1.000000
5287 789.792 47.026 249.341 -0.010303 59.228 0 31.853 1 1.000000
5288 789.792 47.026 249.341 -0.010303 59.228 0 31.853 1 1.000000
5289 789.817 47.033 249.329 -0.009884 59.248 0 31.881 1 1.000000
5290 789.817 47.033 249.329 -0.009884 59.248 0 31.881 1 1.000000
5291 789.842 47.040 249.318 -0.009888 59.268 0 31.909 1 1.000000
5292 789.842 47.040 249.318 -0.009888 59.268 0 31.909 1 1.000000
5293 789.867 47.047 249.306 -0.009983 59.287 0 31.938 1 1.000000
5294 789.867 47.047 249.306 -0.009983 59.287 0 31.938 1 1.000000
5295 789.892 47.055 249.295 -0.010082 59.307 0 31.966 1 1.000000
5296 789.892 47.055 249.295 -0.010082 59.307 0 31.966 1 1.000000
5297 789.917 47.062 249.284 -0.010181 59.327 0 31.994 1 1.000000
5298 789.917 47.062 249.284 -0.010181 59.327 0 31.994 1 1.000000
5299 789.941 47.069 249.272 -0.010284 59.346 0 32.022 1 1.000000
5300 789.941 47.069 249.272 -0.010284 59.346 0 32.022 1 1.000000
5301 789.966 47.077 249.261 -0.010384 59.366 0 32.051 1 1.000000
5302 789.966 47.077 249.261 -0.010384 59.366 0 32.051 1 1.000000
5303 789.991 47.084 249.249 -0.010483 59.386 0 32.079 1 1.000000
5304 789.991 47.084 249.249 -0.010483 59.386 0 32.079 1 1.000000
5305 790.016 47.092 249.238 -0.010582 59.405 0 32.107 1 1.000000
5306 790.016 47.092 249.238 -0.010582 59.405 0 32.107 1 1.000000
5307 790.040 47.099 249.227 -0.010681 59.425 0 32.136 1 1.000000
5308 790.040 47.099 249.227 -0.010681 59.425 0 32.136 1 1.000000
5309 790.065 47.106 249.215 -0.010780 59.445 0 32.164 1 1.000000
5310 790.065 47.106 249.215 -0.010780 59.445 0 32.164 1 1.000000
5311 790.090 47.114 249.204 -0.010857 59.464 0 32.192 1 1.000000
5312 790.090 47.114 249.204 -0.010857 59.464 0 32.192 1 1.000000
5313 790.115 47.121 249.193 -0.010929 59.484 0 32.220 1 1.000000
5314 790.115 47.121 249.193 -0.010929 59.484 0 32.220 1 1.000000
5315 790.140 47.129 249.181 -0.011009 59.504 0 32.249 1 1.000000
5316 790.140 47.129 249.181 -0.011009 59.504 0 32.249 1 1.000000
5317 790.164 47.136 249.170 -0.011086 59.523 0 32.277 1 1.000000
5318 790.164 47.136 249.170 -0.011086 59.523 0 32.277 1 1.000000
5319 790.189 47.143 249.158 -0.011166 59.543 0 32.305 1 1.000000
5320 790.189 47.143 249.158 -0.011166 59.543 0 32.305 1 1.000000
5321 790.214 47.151 249.147 -0.011238 59.563 0 32.333 1 1.000000
5322 790.214 47.151 249.147 -0.011238 59.563 0 32.333 1 1.000000
5323 790.239 47.158 249.136 -0.011314 59.583 0 32.362 1 1.000000
5324 790.239 47.158 249.136 -0.011314 59.583 0 32.362 1 1.000000
5325 790.263 47.165 249.124 -0.011395 59.602 0 32.390 1 1.000000
5326 790.263 47.165 249.124 -0.011395 59.602 0 32.390 1 1.000000
5327 790.288 47.173 249.113 -0.011475 59.622 0 32.418 1 1.000000
5328 790.288 47.173 249.113 -0.011475 59.622 0 32.418 1 1.000000
5329 790.313 47.180 249.101 -0.011547 59.642 0 32.446 1 1.000000
5330 790.313 47.180 249.101 -0.011547 59.642 0 32.446 1 1.000000
5331 790.338 47.188 249.090 -0.011627 59.661 0 32.475 1 1.000000
5332 790.338 47.188 249.090 -0.011627 59.661 0 32.475 1 1.000000
5333 790.363 47.195 249.079 -0.011703 59.681 0 32.503 1 1.000000
5334 790.363 47.195 249.079 -0.011703 59.681 0 32.503 1 1.000000
5335 790.412 47.210 249.056 -0.011913 59.721 0 32.559 1 1.000000
5336 790.412 47.210 249.056 -0.011913 59.721 0 32.559 1 1.000000
5337 790.437 47.217 249.045 -0.012016 59.740 0 32.587 1 1.000000
5338 790.437 47.217 249.045 -0.012016 59.740 0 32.587 1 1.000000
5339 790.462 47.225 249.033 -0.012127 59.760 0 32.616 1 1.000000
5340 790.462 47.225 249.033 -0.012127 59.760 0 32.616 1 1.000000
5341 790.486 47.232 249.022 -0.012234 59.780 0 32.644 1 1.000000
5342 790.486 47.232 249.022 -0.012234 59.780 0 32.644 1 1.000000
5343 790.511 47.239 249.010 -0.012344 59.799 0 32.672 1 1.000000
5344 790.511 47.239 249.010 -0.012344 59.799 0 32.672 1 1.000000
5345 790.536 47.247 248.999 -0.012455 59.819 0 32.701 1 1.000000
5346 790.536 47.247 248.999 -0.012455 59.819 0 32.701 1 1.000000
5347 790.561 47.254 248.988 -0.012566 59.839 0 32.729 1 1.000000
5348 790.561 47.254 248.988 -0.012566 59.839 0 32.729 1 1.000000
5349 790.586 47.262 248.976 -0.012672 59.859 0 32.757 1 1.000000
5350 790.586 47.262 248.976 -0.012672 59.859 0 32.757 1 1.000000
5351 790.610 47.269 248.965 -0.012779 59.878 0 32.785 1 1.000000
5352 790.610 47.269 248.965 -0.012779 59.878 0 32.785 1 1.000000
5353 790.635 47.276 248.953 -0.012890 59.898 0 32.814 1 1.000000
5354 790.635 47.276 248.953 -0.012890 59.898 0 32.814 1 1.000000
5355 790.660 47.284 248.942 -0.013000 59.918 0 32.842 1 1.000000
5356 790.660 47.284 248.942 -0.013000 59.918 0 32.842 1 1.000000
5357 790.685 47.291 248.931 -0.013107 59.937 0 32.870 1 1.000000
5358 790.685 47.291 248.931 -0.013107 59.937 0 32.870 1 1.000000
5359 790.709 47.299 248.919 -0.013218 59.957 0 32.898 1 1.000000
5360 790.709 47.299 248.919 -0.013218 59.957 0 32.898 1 1.000000
5361 790.734 47.306 248.908 -0.013329 59.977 0 32.927 1 1.000000
5362 790.734 47.306 248.908 -0.013329 59.977 0 32.927 1 1.000000
5363 790.759 47.313 248.897 -0.013439 59.997 0 32.955 1 1.000000
5364 790.759 47.313 248.897 -0.013439 59.997 0 32.955 1 1.000000
5365 790.784 47.321 248.885 -0.013550 60.016 0 32.983 1 1.000000
5366 790.784 47.321 248.885 -0.013550 60.016 0 32.983 1 1.000000
5367 790.809 47.328 248.874 -0.013496 60.036 0 33.011 1 1.000000
5368 790.809 47.328 248.874 -0.013496 60.036 0 33.011 1 1.000000
5369 790.833 47.335 248.862 -0.013523 60.056 0 33.040 1 1.000000
5370 790.833 47.335 248.862 -0.013523 60.056 0 33.040 1 1.000000
5371 790.858 47.343 248.851 -0.013546 60.076 0 33.068 1 1.000000
5372 790.883 47.350 248.839 -0.013561 60.096 0 33.096 1 1.000000
5373 790.883 47.350 248.839 -0.013561 60.096 0 33.096 1 1.000000
5374 790.908 47.357 248.828 -0.013580 60.115 0 33.124 1 1.000000
5375 790.908 47.357 248.828 -0.013580 60.115 0 33.124 1 1.000000
5376 790.932 47.365 248.817 -0.013599 60.135 0 33.153 1 1.000000
5377 790.932 47.365 248.817 -0.013599 60.135 0 33.153 1 1.000000
5378 790.957 47.372 248.805 -0.013618 60.155 0 33.181 1 1.000000
5379 790.957 47.372 248.805 -0.013618 60.155 0 33.181 1 1.000000
5380 790.982 47.379 248.794 -0.013634 60.175 0 33.209 1 1.000000
5381 790.982 47.379 248.794 -0.013634 60.175 0 33.209 1 1.000000
5382 791.007 47.387 248.782 -0.013653 60.195 0 33.237 1 1.000000
5383 791.007 47.387 248.782 -0.013653 60.195 0 33.237 1 1.000000
5384 791.032 47.394 248.771 -0.013668 60.214 0 33.266 1 1.000000
5385 791.032 47.394 248.771 -0.013668 60.214 0 33.266 1 1.000000
5386 791.056 47.401 248.759 -0.013691 60.234 0 33.294 1 1.000000
5387 791.056 47.401 248.759 -0.013691 60.234 0 33.294 1 1.000000
5388 791.081 47.409 248.748 -0.013706 60.254 0 33.322 1 1.000000
5389 791.081 47.409 248.748 -0.013706 60.254 0 33.322 1 1.000000
5390 791.106 47.416 248.737 -0.013721 60.274 0 33.350 1 1.000000
5391 791.106 47.416 248.737 -0.013721 60.274 0 33.350 1 1.000000
5392 791.131 47.423 248.725 -0.013741 60.293 0 33.379 1 1.000000
5393 791.131 47.423 248.725 -0.013741 60.293 0 33.379 1 1.000000
5394 791.156 47.431 248.714 -0.013760 60.313 0 33.407 1 1.000000
5395 791.180 47.438 248.702 -0.013779 60.333 0 33.435 1 1.000000
5396 791.205 47.445 248.691 -0.013794 60.353 0 33.463 1 1.000000
5397 791.205 47.445 248.691 -0.013794 60.353 0 33.463 1 1.000000
5398 791.230 47.452 248.679 -0.013813 60.373 0 33.492 1 1.000000
5399 791.230 47.452 248.679 -0.013813 60.373 0 33.492 1 1.000000
5400 791.255 47.460 248.668 -0.013832 60.392 0 33.520 1 1.000000
5401 791.255 47.460 248.668 -0.013832 60.392 0 33.520 1 1.000000
5402 791.279 47.467 248.657 -0.013847 60.412 0 33.548 1 1.000000
5403 791.279 47.467 248.657 -0.013847 60.412 0 33.548 1 1.000000
5404 791.304 47.474 248.645 -0.013866 60.432 0 33.576 1 1.000000
5405 791.304 47.474 248.645 -0.013866 60.432 0 33.576 1 1.000000
5406 791.329 47.482 248.634 -0.013885 60.451 0 33.605 1 1.000000
5407 791.354 47.489 248.622 -0.013905 60.471 0 33.633 1 1.000000
5408 791.354 47.489 248.622 -0.013905 60.471 0 33.633 1 1.000000
5409 791.379 47.496 248.611 -0.013920 60.491 0 33.661 1 1.000000
5410 791.379 47.496 248.611 -0.013920 60.491 0 33.661 1 1.000000
5411 791.403 47.504 248.599 -0.013939 60.511 0 33.689 1 1.000000
5412 791.403 47.504 248.599 -0.013939 60.511 0 33.689 1 1.000000
5413 791.428 47.512 248.588 -0.014782 60.530 0 33.718 1 1.000000
5414 791.428 47.512 248.588 -0.014782 60.530 0 33.718 1 1.000000
5415 791.452 47.520 248.577 -0.015728 60.550 0 33.746 1 1.000000
5416 791.452 47.520 248.577 -0.015728 60.550 0 33.746 1 1.000000
5417 791.477 47.527 248.565 -0.015720 60.570 0 33.774 1 1.000000
5418 791.477 47.527 248.565 -0.015720 60.570 0 33.774 1 1.000000
5419 791.502 47.534 248.553 -0.014751 60.591 0 33.802 1 1.000000
5420 791.502 47.534 248.553 -0.014751 60.591 0 33.802 1 1.000000
5421 791.527 47.540 248.541 -0.014290 60.612 0 33.831 1 1.000000
5422 791.527 47.540 248.541 -0.014290 60.612 0 33.831 1 1.000000
5423 791.552 47.548 248.530 -0.013988 60.632 0 33.859 1 1.000000
5424 791.552 47.548 248.530 -0.013988 60.632 0 33.859 1 1.000000
5425 791.576 47.555 248.518 -0.014057 60.652 0 33.887 1 1.000000
5426 791.576 47.555 248.518 -0.014057 60.652 0 33.887 1 1.000000
5427 791.601 47.562 248.507 -0.014111 60.671 0 33.916 1 1.000000
5428 791.601 47.562 248.507 -0.014111 60.671 0 33.916 1 1.000000
5429 791.626 47.570 248.495 -0.014168 60.691 0 33.944 1 1.000000
5430 791.626 47.570 248.495 -0.014168 60.691 0 33.944 1 1.000000
5431 791.651 47.577 248.484 -0.014221 60.710 0 33.972 1 1.000000
5432 791.651 47.577 248.484 -0.014221 60.710 0 33.972 1 1.000000
5433 791.675 47.584 248.473 -0.014278 60.730 0 34.000 1 1.000000
5434 791.675 47.584 248.473 -0.014278 60.730 0 34.000 1 1.000000
5435 791.700 47.592 248.461 -0.014336 60.749 0 34.028 1 1.000000
5436 791.700 47.592 248.461 -0.014336 60.749 0 34.028 1 1.000000
5437 791.725 47.599 248.450 -0.014389 60.769 0 34.057 1 1.000000
5438 791.725 47.599 248.450 -0.014389 60.769 0 34.057 1 1.000000
5439 791.750 47.606 248.439 -0.014442 60.788 0 34.085 1 1.000000
5440 791.750 47.606 248.439 -0.014442 60.788 0 34.085 1 1.000000
5441 791.775 47.614 248.427 -0.014500 60.807 0 34.113 1 1.000000
5442 791.775 47.614 248.427 -0.014500 60.807 0 34.113 1 1.000000
5443 791.799 47.621 248.416 -0.014553 60.827 0 34.141 1 1.000000
5444 791.799 47.621 248.416 -0.014553 60.827 0 34.141 1 1.000000
5445 791.824 47.628 248.405 -0.014610 60.846 0 34.170 1 1.000000
5446 791.824 47.628 248.405 -0.014610 60.846 0 34.170 1 1.000000
5447 791.849 47.636 248.393 -0.014664 60.866 0 34.198 1 1.000000
5448 791.849 47.636 248.393 -0.014664 60.866 0 34.198 1 1.000000
5449 791.874 47.643 248.382 -0.014721 60.885 0 34.226 1 1.000000
5450 791.874 47.643 248.382 -0.014721 60.885 0 34.226 1 1.000000
5451 791.898 47.650 248.371 -0.014774 60.904 0 34.254 1 1.000000
5452 791.898 47.650 248.371 -0.014774 60.904 0 34.254 1 1.000000
5453 791.923 47.658 248.359 -0.014832 60.924 0 34.283 1 1.000000
5454 791.923 47.658 248.359 -0.014832 60.924 0 34.283 1 1.000000
5455 791.948 47.665 248.348 -0.014885 60.943 0 34.311 1 1.000000
5456 791.948 47.665 248.348 -0.014885 60.943 0 34.311 1 1.000000
5457 791.973 47.672 248.336 -0.014942 60.963 0 34.339 1 1.000000
5458 791.973 47.672 248.336 -0.014942 60.963 0 34.339 1 1.000000
5459 791.998 47.680 248.325 -0.014996 60.982 0 34.367 1 1.000000
5460 791.998 47.680 248.325 -0.014996 60.982 0 34.367 1 1.000000
5461 792.022 47.687 248.314 -0.015053 61.001 0 34.396 1 1.000000
5462 792.022 47.687 248.314 -0.015053 61.001 0 34.396 1 1.000000
5463 792.047 47.694 248.302 -0.015110 61.021 0 34.424 1 1.000000
5464 792.047 47.694 248.302 -0.015110 61.021 0 34.424 1 1.000000
5465 792.072 47.702 248.291 -0.015163 61.040 0 34.452 1 1.000000
5466 792.072 47.702 248.291 -0.015163 61.040 0 34.452 1 1.000000
5467 792.097 47.709 248.280 -0.015217 61.059 0 34.480 1 1.000000
5468 792.097 47.709 248.280 -0.015217 61.059 0 34.480 1 1.000000
5469 792.122 47.717 248.268 -0.015274 61.079 0 34.508 1 1.000000
5470 792.122 47.717 248.268 -0.015274 61.079 0 34.508 1 1.000000
5471 792.146 47.724 248.257 -0.015327 61.098 0 34.537 1 1.000000
5472 792.146 47.724 248.257 -0.015327 61.098 0 34.537 1 1.000000
5473 792.171 47.731 248.245 -0.015099 61.117 0 34.565 1 1.000000
5474 792.196 47.738 248.234 -0.014950 61.137 0 34.593 1 1.000000
5475 792.246 47.752 248.211 -0.014660 61.176 0 34.650 1 1.000000
5476 792.246 47.752 248.211 -0.014660 61.176 0 34.650 1 1.000000
5477 792.271 47.760 248.200 -0.014515 61.195 0 34.678 1 1.000000
5478 792.271 47.760 248.200 -0.014515 61.195 0 34.678 1 1.000000
5479 792.296 47.767 248.188 -0.014370 61.215 0 34.707 1 1.000000
5480 792.321 47.774 248.177 -0.014229 61.234 0 34.735 1 1.000000
5481 792.321 47.774 248.177 -0.014229 61.234 0 34.735 1 1.000000
5482 792.346 47.781 248.165 -0.014084 61.253 0 34.763 1 1.000000
5483 792.370 47.788 248.154 -0.013943 61.273 0 34.792 1 1.000000
5484 792.370 47.788 248.154 -0.013943 61.273 0 34.792 1 1.000000
5485 792.395 47.795 248.142 -0.013798 61.292 0 34.820 1 1.000000
5486 792.395 47.795 248.142 -0.013798 61.292 0 34.820 1 1.000000
5487 792.420 47.803 248.131 -0.013653 61.312 0 34.848 1 1.000000
5488 792.420 47.803 248.131 -0.013653 61.312 0 34.848 1 1.000000
5489 792.445 47.810 248.120 -0.013508 61.331 0 34.877 1 1.000000
5490 792.470 47.817 248.108 -0.013485 61.350 0 34.905 1 1.000000
5491 792.470 47.817 248.108 -0.013485 61.350 0 34.905 1 1.000000
5492 792.495 47.824 248.097 -0.013435 61.370 0 34.933 1 1.000000
5493 792.520 47.832 248.085 -0.013390 61.389 0 34.962 1 1.000000
5494 792.520 47.832 248.085 -0.013390 61.389 0 34.962 1 1.000000
5495 792.544 47.839 248.074 -0.013344 61.408 0 34.990 1 1.000000
5496 792.544 47.839 248.074 -0.013344 61.408 0 34.990 1 1.000000
5497 792.569 47.846 248.062 -0.013294 61.428 0 35.018 1 1.000000
5498 792.569 47.846 248.062 -0.013294 61.428 0 35.018 1 1.000000
5499 792.594 47.853 248.051 -0.013245 61.447 0 35.046 1 1.000000
5500 792.594 47.853 248.051 -0.013245 61.447 0 35.046 1 1.000000
5501 792.619 47.861 248.040 -0.013199 61.466 0 35.075 1 1.000000
5502 792.619 47.861 248.040 -0.013199 61.466 0 35.075 1 1.000000
5503 792.644 47.868 248.028 -0.013149 61.486 0 35.103 1 1.000000
5504 792.644 47.868 248.028 -0.013149 61.486 0 35.103 1 1.000000
5505 792.669 47.875 248.017 -0.013103 61.505 0 35.131 1 1.000000
5506 792.669 47.875 248.017 -0.013103 61.505 0 35.131 1 1.000000
5507 792.694 47.882 248.005 -0.013054 61.524 0 35.160 1 1.000000
5508 792.694 47.882 248.005 -0.013054 61.524 0 35.160 1 1.000000
5509 792.718 47.890 247.994 -0.013008 61.544 0 35.188 1 1.000000
5510 792.718 47.890 247.994 -0.013008 61.544 0 35.188 1 1.000000
5511 792.743 47.897 247.982 -0.012955 61.563 0 35.216 1 1.000000
5512 792.743 47.897 247.982 -0.012955 61.563 0 35.216 1 1.000000
5513 792.768 47.904 247.971 -0.012909 61.582 0 35.244 1 1.000000
5514 792.768 47.904 247.971 -0.012909 61.582 0 35.244 1 1.000000
5515 792.793 47.912 247.960 -0.013283 61.601 0 35.273 1 1.000000
5516 792.793 47.912 247.960 -0.013283 61.601 0 35.273 1 1.000000
5517 792.817 47.919 247.948 -0.013577 61.620 0 35.301 1 1.000000
5518 792.817 47.919 247.948 -0.013577 61.620 0 35.301 1 1.000000
5519 792.842 47.927 247.937 -0.013863 61.640 0 35.329 1 1.000000
5520 792.842 47.927 247.937 -0.013863 61.640 0 35.329 1 1.000000
5521 792.867 47.935 247.926 -0.014153 61.659 0 35.357 1 1.000000
5522 792.867 47.935 247.926 -0.014153 61.659 0 35.357 1 1.000000
5523 792.891 47.942 247.914 -0.014439 61.678 0 35.385 1 1.000000
5524 792.891 47.942 247.914 -0.014439 61.678 0 35.385 1 1.000000
5525 792.916 47.950 247.903 -0.014729 61.697 0 35.413 1 1.000000
5526 792.916 47.950 247.903 -0.014729 61.697 0 35.413 1 1.000000
5527 792.941 47.957 247.892 -0.015018 61.716 0 35.442 1 1.000000
5528 792.941 47.957 247.892 -0.015018 61.716 0 35.442 1 1.000000
5529 792.965 47.965 247.880 -0.015923 61.735 0 35.470 1 1.000000
5530 792.965 47.965 247.880 -0.015923 61.735 0 35.470 1 1.000000
5531 792.990 47.973 247.869 -0.016460 61.754 0 35.498 1 1.000000
5532 792.990 47.973 247.869 -0.016460 61.754 0 35.498 1 1.000000
5533 793.015 47.979 247.858 -0.015358 61.773 0 35.526 1 1.000000
5534 793.015 47.979 247.858 -0.015358 61.773 0 35.526 1 1.000000
5535 793.040 47.987 247.846 -0.015244 61.793 0 35.554 1 1.000000
5536 793.040 47.987 247.846 -0.015244 61.793 0 35.554 1 1.000000
5537 793.065 47.994 247.835 -0.015129 61.812 0 35.583 1 1.000000
5538 793.065 47.994 247.835 -0.015129 61.812 0 35.583 1 1.000000
5539 793.089 48.001 247.823 -0.015011 61.832 0 35.611 1 1.000000
5540 793.089 48.001 247.823 -0.015011 61.832 0 35.611 1 1.000000
5541 793.114 48.008 247.812 -0.014896 61.851 0 35.639 1 1.000000
5542 793.114 48.008 247.812 -0.014896 61.851 0 35.639 1 1.000000
5543 793.139 48.015 247.800 -0.014774 61.870 0 35.668 1 1.000000
5544 793.139 48.015 247.800 -0.014774 61.870 0 35.668 1 1.000000
5545 793.164 48.023 247.789 -0.014660 61.890 0 35.696 1 1.000000
5546 793.164 48.023 247.789 -0.014660 61.890 0 35.696 1 1.000000
5547 793.189 48.030 247.777 -0.014545 61.909 0 35.724 1 1.000000
5548 793.189 48.030 247.777 -0.014545 61.909 0 35.724 1 1.000000
5549 793.214 48.037 247.766 -0.014427 61.929 0 35.753 1 1.000000
5550 793.214 48.037 247.766 -0.014427 61.929 0 35.753 1 1.000000
5551 793.238 48.044 247.754 -0.014313 61.948 0 35.781 1 1.000000
5552 793.238 48.044 247.754 -0.014313 61.948 0 35.781 1 1.000000
5553 793.263 48.051 247.743 -0.014198 61.968 0 35.809 1 1.000000
5554 793.263 48.051 247.743 -0.014198 61.968 0 35.809 1 1.000000
5555 793.288 48.059 247.731 -0.014076 61.987 0 35.838 1 1.000000
5556 793.288 48.059 247.731 -0.014076 61.987 0 35.838 1 1.000000
5557 793.313 48.066 247.720 -0.013962 62.007 0 35.866 1 1.000000
5558 793.313 48.066 247.720 -0.013962 62.007 0 35.866 1 1.000000
5559 793.338 48.073 247.708 -0.013847 62.026 0 35.894 1 1.000000
5560 793.338 48.073 247.708 -0.013847 62.026 0 35.894 1 1.000000
5561 793.363 48.080 247.697 -0.013729 62.045 0 35.922 1 1.000000
5562 793.363 48.080 247.697 -0.013729 62.045 0 35.922 1 1.000000
5563 793.387 48.088 247.685 -0.014545 62.065 0 35.951 1 1.000000
5564 793.387 48.088 247.685 -0.014545 62.065 0 35.951 1 1.000000
5565 793.410 48.098 247.674 -0.017277 62.083 0 35.978 1 1.000000
5566 793.410 48.098 247.674 -0.017277 62.083 0 35.978 1 1.000000
5567 793.433 48.108 247.664 -0.020012 62.101 0 36.004 1 1.000000
5568 793.433 48.108 247.664 -0.020012 62.101 0 36.004 1 1.000000
5569 793.456 48.117 247.653 -0.022755 62.120 0 36.031 1 1.000000
5570 793.456 48.117 247.653 -0.022755 62.120 0 36.031 1 1.000000
5571 793.479 48.126 247.641 -0.023861 62.140 0 36.059 1 1.000000
5572 793.479 48.126 247.641 -0.023861 62.140 0 36.059 1 1.000000
5573 793.504 48.132 247.629 -0.022846 62.161 0 36.087 1 1.000000
5574 793.504 48.132 247.629 -0.022846 62.161 0 36.087 1 1.000000
5575 793.529 48.137 247.617 -0.021000 62.182 0 36.116 1 1.000000
5576 793.529 48.137 247.617 -0.021000 62.182 0 36.116 1 1.000000
5577 793.555 48.144 247.604 -0.019859 62.203 0 36.145 1 1.000000
5578 793.555 48.144 247.604 -0.019859 62.203 0 36.145 1 1.000000
5579 793.580 48.150 247.592 -0.018715 62.225 0 36.173 1 1.000000
5580 793.580 48.150 247.592 -0.018715 62.225 0 36.173 1 1.000000
5581 793.605 48.156 247.580 -0.017570 62.246 0 36.202 1 1.000000
5582 793.605 48.156 247.580 -0.017570 62.246 0 36.202 1 1.000000
5583 793.630 48.162 247.567 -0.016426 62.268 0 36.230 1 1.000000
5584 793.630 48.162 247.567 -0.016426 62.268 0 36.230 1 1.000000
5585 793.655 48.169 247.555 -0.015285 62.289 0 36.259 1 1.000000
5586 793.655 48.169 247.555 -0.015285 62.289 0 36.259 1 1.000000
5587 793.680 48.175 247.543 -0.014141 62.311 0 36.288 1 1.000000
5588 793.680 48.175 247.543 -0.014141 62.311 0 36.288 1 1.000000
5589 793.705 48.181 247.530 -0.012989 62.332 0 36.316 1 1.000000
5590 793.705 48.181 247.530 -0.012989 62.332 0 36.316 1 1.000000
5591 793.730 48.189 247.519 -0.013493 62.350 0 36.344 1 1.000000
5592 793.755 48.197 247.509 -0.013935 62.368 0 36.373 1 1.000000
5593 793.755 48.197 247.509 -0.013935 62.368 0 36.373 1 1.000000
5594 793.755 48.197 247.509 -0.013935 62.368 0 36.373 1 1.000000
5595 793.779 48.204 247.498 -0.014370 62.385 0 36.401 1 1.000000
5596 793.779 48.204 247.498 -0.014370 62.385 0 36.401 1 1.000000
5597 793.804 48.212 247.487 -0.014812 62.403 0 36.429 1 1.000000
5598 793.928 48.250 247.433 -0.017002 62.492 0 36.569 1 1.000000
5599 793.978 48.266 247.411 -0.017895 62.528 0 36.626 1 1.000000
5600 794.002 48.274 247.400 -0.018333 62.546 0 36.654 1 1.000000
5601 794.002 48.274 247.400 -0.018333 62.546 0 36.654 1 1.000000
5602 794.027 48.281 247.389 -0.018776 62.564 0 36.682 1 1.000000
5603 794.027 48.281 247.389 -0.018776 62.564 0 36.682 1 1.000000
5604 794.052 48.289 247.378 -0.019215 62.582 0 36.710 1 1.000000
5605 794.052 48.289 247.378 -0.019215 62.582 0 36.710 1 1.000000
5606 794.077 48.297 247.368 -0.019657 62.600 0 36.738 1 1.000000
5607 794.077 48.297 247.368 -0.019657 62.600 0 36.738 1 1.000000
5608 794.101 48.304 247.357 -0.020096 62.618 0 36.766 1 1.000000
5609 794.101 48.304 247.357 -0.020096 62.618 0 36.766 1 1.000000
5610 794.126 48.312 247.346 -0.020535 62.636 0 36.794 1 1.000000
5611 794.126 48.312 247.346 -0.020535 62.636 0 36.794 1 1.000000
5612 794.151 48.320 247.335 -0.020977 62.654 0 36.822 1 1.000000
5613 794.151 48.320 247.335 -0.020977 62.654 0 36.822 1 1.000000
5614 794.175 48.327 247.324 -0.021420 62.672 0 36.850 1 1.000000
5615 794.175 48.327 247.324 -0.021420 62.672 0 36.850 1 1.000000
5616 794.200 48.335 247.313 -0.021858 62.690 0 36.878 1 1.000000
5617 794.200 48.335 247.313 -0.021858 62.690 0 36.878 1 1.000000
5618 794.226 48.341 247.301 -0.020233 62.709 0 36.907 1 1.000000
5619 794.226 48.341 247.301 -0.020233 62.709 0 36.907 1 1.000000
5620 794.251 48.347 247.290 -0.019039 62.729 0 36.935 1 1.000000
5621 794.251 48.347 247.290 -0.019039 62.729 0 36.935 1 1.000000
5622 794.277 48.353 247.278 -0.017933 62.748 0 36.964 1 1.000000
5623 794.277 48.353 247.278 -0.017933 62.748 0 36.964 1 1.000000
5624 794.302 48.360 247.267 -0.016823 62.767 0 36.993 1 1.000000
5625 794.302 48.360 247.267 -0.016823 62.767 0 36.993 1 1.000000
5626 794.328 48.366 247.255 -0.015713 62.787 0 37.021 1 1.000000
5627 794.328 48.366 247.255 -0.015713 62.787 0 37.021 1 1.000000
5628 794.353 48.372 247.244 -0.014599 62.806 0 37.050 1 1.000000
5629 794.353 48.372 247.244 -0.014599 62.806 0 37.050 1 1.000000
5630 794.378 48.379 247.232 -0.013489 62.826 0 37.079 1 1.000000
5631 794.378 48.379 247.232 -0.013489 62.826 0 37.079 1 1.000000
5632 794.404 48.385 247.221 -0.012379 62.845 0 37.107 1 1.000000
5633 794.404 48.385 247.221 -0.012379 62.845 0 37.107 1 1.000000
5634 794.429 48.391 247.209 -0.011509 62.865 0 37.136 1 1.000000
5635 794.429 48.391 247.209 -0.011509 62.865 0 37.136 1 1.000000
5636 794.454 48.399 247.198 -0.011620 62.884 0 37.164 1 1.000000
5637 794.454 48.399 247.198 -0.011620 62.884 0 37.164 1 1.000000
5638 794.479 48.406 247.186 -0.011623 62.903 0 37.192 1 1.000000
5639 794.479 48.406 247.186 -0.011623 62.903 0 37.192 1 1.000000
5640 794.504 48.413 247.175 -0.011620 62.923 0 37.221 1 1.000000
5641 794.504 48.413 247.175 -0.011620 62.923 0 37.221 1 1.000000
5642 794.528 48.421 247.163 -0.011620 62.942 0 37.249 1 1.000000
5643 794.528 48.421 247.163 -0.011620 62.942 0 37.249 1 1.000000
5644 794.553 48.428 247.152 -0.011620 62.962 0 37.277 1 1.000000
5645 794.553 48.428 247.152 -0.011620 62.962 0 37.277 1 1.000000
5646 794.578 48.435 247.140 -0.011616 62.981 0 37.305 1 1.000000
5647 794.578 48.435 247.140 -0.011616 62.981 0 37.305 1 1.000000
5648 794.603 48.443 247.129 -0.011616 63.001 0 37.334 1 1.000000
5649 794.603 48.443 247.129 -0.011616 63.001 0 37.334 1 1.000000
5650 794.628 48.450 247.118 -0.011612 63.020 0 37.362 1 1.000000
5651 794.628 48.450 247.118 -0.011612 63.020 0 37.362 1 1.000000
5652 794.652 48.457 247.106 -0.011612 63.040 0 37.390 1 1.000000
5653 794.652 48.457 247.106 -0.011612 63.040 0 37.390 1 1.000000
5654 794.677 48.464 247.095 -0.011608 63.059 0 37.418 1 1.000000
5655 794.677 48.464 247.095 -0.011608 63.059 0 37.418 1 1.000000
5656 794.702 48.472 247.083 -0.011608 63.079 0 37.447 1 1.000000
5657 794.702 48.472 247.083 -0.011608 63.079 0 37.447 1 1.000000
5658 794.727 48.479 247.072 -0.011608 63.098 0 37.475 1 1.000000
5659 794.727 48.479 247.072 -0.011608 63.098 0 37.475 1 1.000000
5660 794.751 48.486 247.060 -0.011604 63.118 0 37.503 1 1.000000
5661 794.751 48.486 247.060 -0.011604 63.118 0 37.503 1 1.000000
5662 794.776 48.494 247.049 -0.011600 63.137 0 37.531 1 1.000000
5663 794.776 48.494 247.049 -0.011600 63.137 0 37.531 1 1.000000
5664 794.801 48.501 247.037 -0.011600 63.157 0 37.560 1 1.000000
5665 794.801 48.501 247.037 -0.011600 63.157 0 37.560 1 1.000000
5666 794.826 48.508 247.026 -0.011597 63.176 0 37.588 1 1.000000
5667 794.826 48.508 247.026 -0.011597 63.176 0 37.588 1 1.000000
5668 794.851 48.515 247.015 -0.011597 63.196 0 37.616 1 1.000000
5669 794.851 48.515 247.015 -0.011597 63.196 0 37.616 1 1.000000
5670 794.875 48.523 247.003 -0.011597 63.216 0 37.644 1 1.000000
5671 794.900 48.530 246.992 -0.011593 63.235 0 37.673 1 1.000000
5672 794.900 48.530 246.992 -0.011593 63.235 0 37.673 1 1.000000
5673 794.900 48.530 246.992 -0.011593 63.235 0 37.673 1 1.000000
5674 794.925 48.537 246.980 -0.011593 63.255 0 37.701 1 1.000000
5675 794.925 48.537 246.980 -0.011593 63.255 0 37.701 1 1.000000
5676 794.950 48.545 246.969 -0.011589 63.274 0 37.729 1 1.000000
5677 794.950 48.545 246.969 -0.011589 63.274 0 37.729 1 1.000000
5678 794.974 48.552 246.957 -0.011589 63.294 0 37.757 1 1.000000
5679 794.974 48.552 246.957 -0.011589 63.294 0 37.757 1 1.000000
5680 794.999 48.559 246.946 -0.011585 63.314 0 37.786 1 1.000000
5681 794.999 48.559 246.946 -0.011585 63.314 0 37.786 1 1.000000
5682 795.024 48.567 246.934 -0.011589 63.333 0 37.814 1 1.000000
5683 795.049 48.574 246.923 -0.011570 63.353 0 37.842 1 1.000000
5684 795.074 48.581 246.912 -0.011581 63.373 0 37.871 1 1.000000
5685 795.074 48.581 246.912 -0.011581 63.373 0 37.871 1 1.000000
5686 795.098 48.588 246.900 -0.011581 63.393 0 37.899 1 1.000000
5687 795.123 48.596 246.889 -0.011578 63.412 0 37.927 1 1.000000
5688 795.123 48.596 246.889 -0.011578 63.412 0 37.927 1 1.000000
5689 795.148 48.603 246.877 -0.011574 63.432 0 37.955 1 1.000000
5690 795.173 48.610 246.866 -0.011570 63.452 0 37.984 1 1.000000
5691 795.222 48.625 246.843 -0.011570 63.492 0 38.040 1 1.000000
5692 795.247 48.632 246.831 -0.011566 63.511 0 38.068 1 1.000000
5693 795.272 48.640 246.820 -0.011570 63.531 0 38.097 1 1.000000
5694 795.272 48.640 246.820 -0.011570 63.531 0 38.097 1 1.000000
5695 795.297 48.647 246.808 -0.011566 63.551 0 38.125 1 1.000000
5696 795.297 48.647 246.808 -0.011566 63.551 0 38.125 1 1.000000
5697 795.321 48.654 246.797 -0.011562 63.571 0 38.153 1 1.000000
5698 795.346 48.661 246.785 -0.011562 63.591 0 38.181 1 1.000000
5699 795.346 48.661 246.785 -0.011562 63.591 0 38.181 1 1.000000
5700 795.371 48.669 246.774 -0.011562 63.611 0 38.210 1 1.000000
5701 795.396 48.676 246.762 -0.011559 63.631 0 38.238 1 1.000000
5702 795.396 48.676 246.762 -0.011559 63.631 0 38.238 1 1.000000
5703 795.396 48.676 246.762 -0.011559 63.631 0 38.238 1 1.000000
5704 795.421 48.683 246.751 -0.011559 63.651 0 38.266 1 1.000000
5705 795.421 48.683 246.751 -0.011559 63.651 0 38.266 1 1.000000
5706 795.445 48.691 246.739 -0.011650 63.671 0 38.294 1 1.000000
5707 795.445 48.691 246.739 -0.011650 63.671 0 38.294 1 1.000000
5708 795.470 48.698 246.728 -0.011703 63.691 0 38.323 1 1.000000
5709 795.470 48.698 246.728 -0.011703 63.691 0 38.323 1 1.000000
5710 795.495 48.705 246.716 -0.011784 63.711 0 38.351 1 1.000000
5711 795.495 48.705 246.716 -0.011784 63.711 0 38.351 1 1.000000
5712 795.520 48.713 246.705 -0.011852 63.731 0 38.379 1 1.000000
5713 795.520 48.713 246.705 -0.011852 63.731 0 38.379 1 1.000000
5714 795.544 48.720 246.694 -0.011906 63.751 0 38.408 1 1.000000
5715 795.544 48.720 246.694 -0.011906 63.751 0 38.408 1 1.000000
5716 795.569 48.728 246.682 -0.011986 63.771 0 38.436 1 1.000000
5717 795.569 48.728 246.682 -0.011986 63.771 0 38.436 1 1.000000
5718 795.594 48.735 246.671 -0.012039 63.791 0 38.464 1 1.000000
5719 795.594 48.735 246.671 -0.012039 63.791 0 38.464 1 1.000000
5720 795.619 48.742 246.659 -0.012058 63.811 0 38.492 1 1.000000
5721 795.619 48.742 246.659 -0.012058 63.811 0 38.492 1 1.000000
5722 795.643 48.750 246.648 -0.012100 63.831 0 38.521 1 1.000000
5723 795.693 48.764 246.625 -0.012177 63.871 0 38.577 1 1.000000
5724 795.693 48.764 246.625 -0.012177 63.871 0 38.577 1 1.000000
5725 795.718 48.772 246.613 -0.012218 63.892 0 38.605 1 1.000000
5726 795.718 48.772 246.613 -0.012218 63.892 0 38.605 1 1.000000
5727 795.742 48.779 246.602 -0.012260 63.912 0 38.634 1 1.000000
5728 795.742 48.779 246.602 -0.012260 63.912 0 38.634 1 1.000000
5729 795.767 48.786 246.590 -0.012299 63.932 0 38.662 1 1.000000
5730 795.767 48.786 246.590 -0.012299 63.932 0 38.662 1 1.000000
5731 795.792 48.794 246.579 -0.012337 63.952 0 38.690 1 1.000000
5732 795.792 48.794 246.579 -0.012337 63.952 0 38.690 1 1.000000
5733 795.817 48.801 246.567 -0.012379 63.972 0 38.719 1 1.000000
5734 795.842 48.808 246.556 -0.012421 63.993 0 38.747 1 1.000000
5735 795.842 48.808 246.556 -0.012421 63.993 0 38.747 1 1.000000
5736 795.866 48.816 246.544 -0.012459 64.013 0 38.775 1 1.000000
5737 795.866 48.816 246.544 -0.012459 64.013 0 38.775 1 1.000000
5738 795.891 48.823 246.533 -0.012623 64.033 0 38.803 1 1.000000
5739 795.891 48.823 246.533 -0.012623 64.033 0 38.803 1 1.000000
5740 795.916 48.830 246.521 -0.012535 64.053 0 38.832 1 1.000000
5741 795.916 48.830 246.521 -0.012535 64.053 0 38.832 1 1.000000
5742 795.941 48.838 246.510 -0.012562 64.074 0 38.860 1 1.000000
5743 795.941 48.838 246.510 -0.012562 64.074 0 38.860 1 1.000000
5744 795.965 48.845 246.498 -0.012592 64.094 0 38.888 1 1.000000
5745 795.965 48.845 246.498 -0.012592 64.094 0 38.888 1 1.000000
5746 795.990 48.852 246.487 -0.012627 64.114 0 38.916 1 1.000000
5747 795.990 48.852 246.487 -0.012627 64.114 0 38.916 1 1.000000
5748 796.015 48.860 246.475 -0.012657 64.135 0 38.945 1 1.000000
5749 796.015 48.860 246.475 -0.012657 64.135 0 38.945 1 1.000000
5750 796.040 48.867 246.464 -0.012695 64.155 0 38.973 1 1.000000
5751 796.040 48.867 246.464 -0.012695 64.155 0 38.973 1 1.000000
5752 796.065 48.874 246.452 -0.012726 64.176 0 39.001 1 1.000000
5753 796.065 48.874 246.452 -0.012726 64.176 0 39.001 1 1.000000
5754 796.089 48.882 246.441 -0.012756 64.196 0 39.030 1 1.000000
5755 796.089 48.882 246.441 -0.012756 64.196 0 39.030 1 1.000000
5756 796.114 48.889 246.429 -0.012791 64.217 0 39.058 1 1.000000
5757 796.114 48.889 246.429 -0.012791 64.217 0 39.058 1 1.000000
5758 796.139 48.896 246.418 -0.012821 64.237 0 39.086 1 1.000000
5759 796.139 48.896 246.418 -0.012821 64.237 0 39.086 1 1.000000
5760 796.164 48.904 246.406 -0.012749 64.258 0 39.114 1 1.000000
5761 796.164 48.904 246.406 -0.012749 64.258 0 39.114 1 1.000000
5762 796.189 48.911 246.395 -0.012676 64.278 0 39.143 1 1.000000
5763 796.189 48.911 246.395 -0.012676 64.278 0 39.143 1 1.000000
5764 796.213 48.918 246.383 -0.012608 64.299 0 39.171 1 1.000000
5765 796.213 48.918 246.383 -0.012608 64.299 0 39.171 1 1.000000
5766 796.238 48.925 246.372 -0.012661 64.320 0 39.199 1 1.000000
5767 796.238 48.925 246.372 -0.012661 64.320 0 39.199 1 1.000000
5768 796.263 48.933 246.360 -0.012688 64.340 0 39.228 1 1.000000
5769 796.263 48.933 246.360 -0.012688 64.340 0 39.228 1 1.000000
5770 796.288 48.940 246.349 -0.012714 64.361 0 39.256 1 1.000000
5771 796.288 48.940 246.349 -0.012714 64.361 0 39.256 1 1.000000
5772 796.313 48.947 246.337 -0.012733 64.382 0 39.284 1 1.000000
5773 796.313 48.947 246.337 -0.012733 64.382 0 39.284 1 1.000000
5774 796.337 48.955 246.326 -0.012756 64.402 0 39.313 1 1.000000
5775 796.337 48.955 246.326 -0.012756 64.402 0 39.313 1 1.000000
5776 796.362 48.962 246.314 -0.012783 64.423 0 39.341 1 1.000000
5777 796.362 48.962 246.314 -0.012783 64.423 0 39.341 1 1.000000
5778 796.387 48.969 246.303 -0.012806 64.444 0 39.369 1 1.000000
5779 796.387 48.969 246.303 -0.012806 64.444 0 39.369 1 1.000000
5780 796.412 48.977 246.291 -0.012829 64.465 0 39.397 1 1.000000
5781 796.412 48.977 246.291 -0.012829 64.465 0 39.397 1 1.000000
5782 796.436 48.984 246.280 -0.012852 64.485 0 39.426 1 1.000000
5783 796.436 48.984 246.280 -0.012852 64.485 0 39.426 1 1.000000
5784 796.461 48.991 246.268 -0.012878 64.506 0 39.454 1 1.000000
5785 796.486 48.999 246.257 -0.012901 64.527 0 39.482 1 1.000000
5786 796.486 48.999 246.257 -0.012901 64.527 0 39.482 1 1.000000
5787 796.486 48.999 246.257 -0.012901 64.527 0 39.482 1 1.000000
5788 796.511 49.006 246.245 -0.012924 64.548 0 39.511 1 1.000000
5789 796.511 49.006 246.245 -0.012924 64.548 0 39.511 1 1.000000
5790 796.536 49.013 246.234 -0.012947 64.569 0 39.539 1 1.000000
5791 796.560 49.021 246.222 -0.012989 64.590 0 39.567 1 1.000000
5792 796.560 49.021 246.222 -0.012989 64.590 0 39.567 1 1.000000
5793 796.560 49.021 246.222 -0.012989 64.590 0 39.567 1 1.000000
5794 796.585 49.028 246.211 -0.013023 64.611 0 39.595 1 1.000000
5795 796.610 49.035 246.199 -0.013058 64.631 0 39.624 1 1.000000
5796 796.635 49.043 246.188 -0.013092 64.652 0 39.652 1 1.000000
5797 796.635 49.043 246.188 -0.013092 64.652 0 39.652 1 1.000000
5798 796.659 49.050 246.176 -0.013126 64.673 0 39.680 1 1.000000
5799 796.659 49.050 246.176 -0.013126 64.673 0 39.680 1 1.000000
5800 796.684 49.057 246.165 -0.013058 64.694 0 39.709 1 1.000000
5801 796.684 49.057 246.165 -0.013058 64.694 0 39.709 1 1.000000
5802 796.709 49.065 246.153 -0.012989 64.715 0 39.737 1 1.000000
5803 796.734 49.072 246.142 -0.012924 64.736 0 39.765 1 1.000000
5804 796.759 49.079 246.130 -0.012859 64.758 0 39.794 1 1.000000
5805 796.784 49.086 246.119 -0.012794 64.779 0 39.822 1 1.000000
5806 796.784 49.086 246.119 -0.012794 64.779 0 39.822 1 1.000000
5807 796.809 49.094 246.107 -0.012730 64.800 0 39.850 1 1.000000
5808 796.809 49.094 246.107 -0.012730 64.800 0 39.850 1 1.000000
5809 796.833 49.101 246.096 -0.012665 64.821 0 39.879 1 1.000000
5810 796.833 49.101 246.096 -0.012665 64.821 0 39.879 1 1.000000
5811 796.858 49.108 246.084 -0.012600 64.842 0 39.907 1 1.000000
5812 796.883 49.115 246.073 -0.012531 64.863 0 39.935 1 1.000000
5813 796.883 49.115 246.073 -0.012531 64.863 0 39.935 1 1.000000
5814 796.908 49.123 246.061 -0.012470 64.885 0 39.963 1 1.000000
5815 796.933 49.130 246.050 -0.012405 64.906 0 39.992 1 1.000000
5816 796.933 49.130 246.050 -0.012405 64.906 0 39.992 1 1.000000
5817 796.958 49.137 246.038 -0.012341 64.927 0 40.020 1 1.000000
5818 796.958 49.137 246.038 -0.012341 64.927 0 40.020 1 1.000000
5819 797.007 49.152 246.015 -0.012390 64.970 0 40.077 1 1.000000
5820 797.057 49.166 245.992 -0.012447 65.012 0 40.133 1 1.000000
5821 797.081 49.174 245.981 -0.012482 65.034 0 40.162 1 1.000000
5822 797.081 49.174 245.981 -0.012482 65.034 0 40.162 1 1.000000
5823 797.106 49.181 245.969 -0.012508 65.055 0 40.190 1 1.000000
5824 797.106 49.181 245.969 -0.012508 65.055 0 40.190 1 1.000000
5825 797.131 49.188 245.958 -0.012543 65.076 0 40.218 1 1.000000
5826 797.131 49.188 245.958 -0.012543 65.076 0 40.218 1 1.000000
5827 797.156 49.196 245.946 -0.012577 65.098 0 40.246 1 1.000000
5828 797.156 49.196 245.946 -0.012577 65.098 0 40.246 1 1.000000
5829 797.181 49.203 245.935 -0.012604 65.119 0 40.275 1 1.000000
5830 797.181 49.203 245.935 -0.012604 65.119 0 40.275 1 1.000000
5831 797.205 49.210 245.923 -0.012638 65.141 0 40.303 1 1.000000
5832 797.205 49.210 245.923 -0.012638 65.141 0 40.303 1 1.000000
5833 797.230 49.218 245.912 -0.012672 65.162 0 40.331 1 1.000000
5834 797.230 49.218 245.912 -0.012672 65.162 0 40.331 1 1.000000
5835 797.255 49.225 245.900 -0.012699 65.184 0 40.359 1 1.000000
5836 797.255 49.225 245.900 -0.012699 65.184 0 40.359 1 1.000000
5837 797.280 49.232 245.889 -0.012733 65.205 0 40.388 1 1.000000
5838 797.280 49.232 245.889 -0.012733 65.205 0 40.388 1 1.000000
5839 797.305 49.240 245.877 -0.012768 65.227 0 40.416 1 1.000000
5840 797.305 49.240 245.877 -0.012768 65.227 0 40.416 1 1.000000
5841 797.329 49.247 245.866 -0.012794 65.248 0 40.444 1 1.000000
5842 797.329 49.247 245.866 -0.012794 65.248 0 40.444 1 1.000000
5843 797.354 49.254 245.855 -0.012829 65.270 0 40.473 1 1.000000
5844 797.354 49.254 245.855 -0.012829 65.270 0 40.473 1 1.000000
5845 797.379 49.262 245.843 -0.012859 65.291 0 40.501 1 1.000000
5846 797.379 49.262 245.843 -0.012859 65.291 0 40.501 1 1.000000
5847 797.404 49.269 245.832 -0.012890 65.313 0 40.529 1 1.000000
5848 797.404 49.269 245.832 -0.012890 65.313 0 40.529 1 1.000000
5849 797.428 49.277 245.820 -0.013424 65.335 0 40.557 1 1.000000
5850 797.428 49.277 245.820 -0.013424 65.335 0 40.557 1 1.000000
5851 797.453 49.285 245.809 -0.014038 65.356 0 40.585 1 1.000000
5852 797.453 49.285 245.809 -0.014038 65.356 0 40.585 1 1.000000
5853 797.477 49.293 245.797 -0.014660 65.378 0 40.613 1 1.000000
5854 797.477 49.293 245.797 -0.014660 65.378 0 40.613 1 1.000000
5855 797.501 49.300 245.786 -0.015278 65.400 0 40.641 1 1.000000
5856 797.501 49.300 245.786 -0.015278 65.400 0 40.641 1 1.000000
5857 797.526 49.308 245.775 -0.015900 65.421 0 40.669 1 1.000000
5858 797.526 49.308 245.775 -0.015900 65.421 0 40.669 1 1.000000
5859 797.550 49.316 245.763 -0.016518 65.443 0 40.697 1 1.000000
5860 797.550 49.316 245.763 -0.016518 65.443 0 40.697 1 1.000000
5861 797.574 49.324 245.752 -0.017139 65.465 0 40.725 1 1.000000
5862 797.574 49.324 245.752 -0.017139 65.465 0 40.725 1 1.000000
5863 797.599 49.332 245.740 -0.017761 65.487 0 40.753 1 1.000000
5864 797.599 49.332 245.740 -0.017761 65.487 0 40.753 1 1.000000
5865 797.623 49.340 245.729 -0.018379 65.508 0 40.781 1 1.000000
5866 797.623 49.340 245.729 -0.018379 65.508 0 40.781 1 1.000000
5867 797.648 49.346 245.717 -0.017517 65.531 0 40.810 1 1.000000
5868 797.673 49.353 245.705 -0.017185 65.554 0 40.838 1 1.000000
5869 797.698 49.360 245.693 -0.016857 65.576 0 40.867 1 1.000000
5870 797.698 49.360 245.693 -0.016857 65.576 0 40.867 1 1.000000
5871 797.723 49.367 245.682 -0.016529 65.599 0 40.895 1 1.000000
5872 797.847 49.402 245.623 -0.014893 65.713 0 41.037 1 1.000000
5873 797.847 49.402 245.623 -0.014893 65.713 0 41.037 1 1.000000
5874 797.872 49.409 245.611 -0.014565 65.736 0 41.066 1 1.000000
5875 797.872 49.409 245.611 -0.014565 65.736 0 41.066 1 1.000000
5876 797.897 49.416 245.599 -0.014236 65.759 0 41.094 1 1.000000
5877 797.897 49.416 245.599 -0.014236 65.759 0 41.094 1 1.000000
5878 797.922 49.423 245.588 -0.013908 65.781 0 41.122 1 1.000000
5879 797.922 49.423 245.588 -0.013908 65.781 0 41.122 1 1.000000
5880 797.947 49.430 245.576 -0.013584 65.804 0 41.151 1 1.000000
5881 797.947 49.430 245.576 -0.013584 65.804 0 41.151 1 1.000000
5882 797.972 49.437 245.564 -0.013256 65.827 0 41.179 1 1.000000
5883 797.972 49.437 245.564 -0.013256 65.827 0 41.179 1 1.000000
5884 797.997 49.444 245.552 -0.012932 65.850 0 41.208 1 1.000000
5885 797.997 49.444 245.552 -0.012932 65.850 0 41.208 1 1.000000
5886 798.021 49.452 245.541 -0.013584 65.873 0 41.236 1 1.000000
5887 798.021 49.452 245.541 -0.013584 65.873 0 41.236 1 1.000000
5888 798.046 49.460 245.530 -0.014416 65.892 0 41.264 1 1.000000
5889 798.046 49.460 245.530 -0.014416 65.892 0 41.264 1 1.000000
5890 798.071 49.468 245.520 -0.015251 65.912 0 41.292 1 1.000000
5891 798.071 49.468 245.520 -0.015251 65.912 0 41.292 1 1.000000
5892 798.095 49.476 245.509 -0.016083 65.932 0 41.320 1 1.000000
5893 798.095 49.476 245.509 -0.016083 65.932 0 41.320 1 1.000000
5894 798.120 49.485 245.499 -0.016937 65.951 0 41.348 1 1.000000
5895 798.120 49.485 245.499 -0.016937 65.951 0 41.348 1 1.000000
5896 798.145 49.493 245.489 -0.017773 65.971 0 41.376 1 1.000000
5897 798.145 49.493 245.489 -0.017773 65.971 0 41.376 1 1.000000
5898 798.169 49.501 245.478 -0.018608 65.991 0 41.404 1 1.000000
5899 798.169 49.501 245.478 -0.018608 65.991 0 41.404 1 1.000000
5900 798.194 49.509 245.468 -0.019447 66.011 0 41.431 1 1.000000
5901 798.194 49.509 245.468 -0.019447 66.011 0 41.431 1 1.000000
5902 798.218 49.517 245.457 -0.020283 66.031 0 41.459 1 1.000000
5903 798.218 49.517 245.457 -0.020283 66.031 0 41.459 1 1.000000
5904 798.243 49.525 245.447 -0.021122 66.051 0 41.487 1 1.000000
5905 798.243 49.525 245.447 -0.021122 66.051 0 41.487 1 1.000000
5906 798.268 49.533 245.436 -0.021961 66.070 0 41.515 1 1.000000
5907 798.268 49.533 245.436 -0.021961 66.070 0 41.515 1 1.000000
5908 798.292 49.541 245.426 -0.022800 66.090 0 41.543 1 1.000000
5909 798.292 49.541 245.426 -0.022800 66.090 0 41.543 1 1.000000
5910 798.317 49.548 245.415 -0.022190 66.112 0 41.571 1 1.000000
5911 798.317 49.548 245.415 -0.022190 66.112 0 41.571 1 1.000000
5912 798.344 49.552 245.403 -0.019192 66.135 0 41.600 1 1.000000
5913 798.344 49.552 245.403 -0.019192 66.135 0 41.600 1 1.000000
5914 798.370 49.557 245.391 -0.017113 66.158 0 41.629 1 1.000000
5915 798.370 49.557 245.391 -0.017113 66.158 0 41.629 1 1.000000
5916 798.395 49.563 245.379 -0.015026 66.181 0 41.658 1 1.000000
5917 798.395 49.563 245.379 -0.015026 66.181 0 41.658 1 1.000000
5918 798.421 49.568 245.368 -0.012936 66.204 0 41.687 1 1.000000
5919 798.421 49.568 245.368 -0.012936 66.204 0 41.687 1 1.000000
5920 798.447 49.575 245.356 -0.012417 66.226 0 41.716 1 1.000000
5921 798.447 49.575 245.356 -0.012417 66.226 0 41.716 1 1.000000
5922 798.472 49.582 245.345 -0.012424 66.249 0 41.744 1 1.000000
5923 798.472 49.582 245.345 -0.012424 66.249 0 41.744 1 1.000000
5924 798.497 49.590 245.333 -0.012428 66.272 0 41.772 1 1.000000
5925 798.497 49.590 245.333 -0.012428 66.272 0 41.772 1 1.000000
5926 798.521 49.597 245.322 -0.012432 66.295 0 41.801 1 1.000000
5927 798.521 49.597 245.322 -0.012432 66.295 0 41.801 1 1.000000
5928 798.546 49.604 245.310 -0.012444 66.317 0 41.829 1 1.000000
5929 798.546 49.604 245.310 -0.012444 66.317 0 41.829 1 1.000000
5930 798.571 49.612 245.299 -0.012447 66.340 0 41.857 1 1.000000
5931 798.571 49.612 245.299 -0.012447 66.340 0 41.857 1 1.000000
5932 798.596 49.619 245.287 -0.012451 66.363 0 41.885 1 1.000000
5933 798.645 49.634 245.264 -0.012466 66.409 0 41.942 1 1.000000
5934 798.645 49.634 245.264 -0.012466 66.409 0 41.942 1 1.000000
5935 798.645 49.634 245.264 -0.012466 66.409 0 41.942 1 1.000000
5936 798.670 49.641 245.253 -0.012470 66.432 0 41.970 1 1.000000
5937 798.695 49.648 245.241 -0.012478 66.455 0 41.999 1 1.000000
5938 798.720 49.655 245.230 -0.012482 66.478 0 42.027 1 1.000000
5939 798.720 49.655 245.230 -0.012482 66.478 0 42.027 1 1.000000
5940 798.744 49.663 245.218 -0.012489 66.501 0 42.055 1 1.000000
5941 798.744 49.663 245.218 -0.012489 66.501 0 42.055 1 1.000000
5942 798.769 49.670 245.207 -0.012497 66.524 0 42.083 1 1.000000
5943 798.769 49.670 245.207 -0.012497 66.524 0 42.083 1 1.000000
5944 798.893 49.707 245.149 -0.012527 66.640 0 42.225 1 1.000000
5945 798.918 49.714 245.138 -0.012531 66.663 0 42.253 1 1.000000
5946 798.943 49.721 245.126 -0.012539 66.686 0 42.281 1 1.000000
5947 798.943 49.721 245.126 -0.012539 66.686 0 42.281 1 1.000000
5948 798.943 49.721 245.126 -0.012539 66.686 0 42.281 1 1.000000
5949 798.967 49.729 245.115 -0.012547 66.709 0 42.310 1 1.000000
5950 798.967 49.729 245.115 -0.012547 66.709 0 42.310 1 1.000000
5951 798.992 49.736 245.103 -0.012550 66.732 0 42.338 1 1.000000
5952 798.992 49.736 245.103 -0.012550 66.732 0 42.338 1 1.000000
5953 799.017 49.743 245.092 -0.012531 66.756 0 42.366 1 1.000000
5954 799.017 49.743 245.092 -0.012531 66.756 0 42.366 1 1.000000
5955 799.042 49.750 245.080 -0.012520 66.779 0 42.395 1 1.000000
5956 799.066 49.758 245.069 -0.012508 66.802 0 42.423 1 1.000000
5957 799.066 49.758 245.069 -0.012508 66.802 0 42.423 1 1.000000
5958 799.066 49.758 245.069 -0.012508 66.802 0 42.423 1 1.000000
5959 799.091 49.765 245.057 -0.012497 66.826 0 42.451 1 1.000000
5960 799.091 49.765 245.057 -0.012497 66.826 0 42.451 1 1.000000
5961 799.116 49.772 245.046 -0.012489 66.849 0 42.479 1 1.000000
5962 799.116 49.772 245.046 -0.012489 66.849 0 42.479 1 1.000000
5963 799.141 49.780 245.034 -0.012478 66.873 0 42.508 1 1.000000
5964 799.141 49.780 245.034 -0.012478 66.873 0 42.508 1 1.000000
5965 799.166 49.787 245.022 -0.012463 66.896 0 42.536 1 1.000000
5966 799.166 49.787 245.022 -0.012463 66.896 0 42.536 1 1.000000
5967 799.190 49.794 245.011 -0.012455 66.919 0 42.564 1 1.000000
5968 799.190 49.794 245.011 -0.012455 66.919 0 42.564 1 1.000000
5969 799.215 49.802 244.999 -0.012444 66.943 0 42.593 1 1.000000
5970 799.215 49.802 244.999 -0.012444 66.943 0 42.593 1 1.000000
5971 799.240 49.809 244.988 -0.012432 66.966 0 42.621 1 1.000000
5972 799.240 49.809 244.988 -0.012432 66.966 0 42.621 1 1.000000
5973 799.265 49.816 244.976 -0.012417 66.990 0 42.649 1 1.000000
5974 799.265 49.816 244.976 -0.012417 66.990 0 42.649 1 1.000000
5975 799.289 49.823 244.965 -0.012409 67.013 0 42.677 1 1.000000
5976 799.289 49.823 244.965 -0.012409 67.013 0 42.677 1 1.000000
5977 799.314 49.831 244.953 -0.012398 67.037 0 42.706 1 1.000000
5978 799.314 49.831 244.953 -0.012398 67.037 0 42.706 1 1.000000
5979 799.339 49.838 244.942 -0.012386 67.060 0 42.734 1 1.000000
5980 799.339 49.838 244.942 -0.012386 67.060 0 42.734 1 1.000000
5981 799.364 49.845 244.930 -0.012375 67.084 0 42.762 1 1.000000
5982 799.364 49.845 244.930 -0.012375 67.084 0 42.762 1 1.000000
5983 799.389 49.853 244.919 -0.012363 67.107 0 42.790 1 1.000000
5984 799.389 49.853 244.919 -0.012363 67.107 0 42.790 1 1.000000
5985 799.413 49.860 244.907 -0.012348 67.131 0 42.819 1 1.000000
5986 799.413 49.860 244.907 -0.012348 67.131 0 42.819 1 1.000000
5987 799.438 49.867 244.896 -0.012341 67.154 0 42.847 1 1.000000
5988 799.438 49.867 244.896 -0.012341 67.154 0 42.847 1 1.000000
5989 799.463 49.874 244.884 -0.012314 67.178 0 42.875 1 1.000000
5990 799.463 49.874 244.884 -0.012314 67.178 0 42.875 1 1.000000
5991 799.488 49.882 244.873 -0.012287 67.202 0 42.904 1 1.000000
5992 799.488 49.882 244.873 -0.012287 67.202 0 42.904 1 1.000000
5993 799.513 49.889 244.861 -0.012264 67.225 0 42.932 1 1.000000
5994 799.537 49.896 244.850 -0.012238 67.249 0 42.960 1 1.000000
5995 799.537 49.896 244.850 -0.012238 67.249 0 42.960 1 1.000000
5996 799.562 49.904 244.838 -0.012215 67.273 0 42.988 1 1.000000
5997 799.562 49.904 244.838 -0.012215 67.273 0 42.988 1 1.000000
5998 799.587 49.911 244.827 -0.012192 67.297 0 43.017 1 1.000000
5999 799.587 49.911 244.827 -0.012192 67.297 0 43.017 1 1.000000
6000 799.612 49.919 244.815 -0.012634 67.320 0 43.045 1 1.000000
6001 799.612 49.919 244.815 -0.012634 67.320 0 43.045 1 1.000000
6002 799.636 49.926 244.804 -0.013081 67.344 0 43.073 1 1.000000
6003 799.636 49.926 244.804 -0.013081 67.344 0 43.073 1 1.000000
6004 799.661 49.934 244.793 -0.013531 67.367 0 43.101 1 1.000000
6005 799.685 49.942 244.781 -0.013981 67.390 0 43.129 1 1.000000
6006 799.685 49.942 244.781 -0.013981 67.390 0 43.129 1 1.000000
6007 799.685 49.942 244.781 -0.013981 67.390 0 43.129 1 1.000000
6008 799.710 49.949 244.770 -0.013638 67.414 0 43.158 1 1.000000
6009 799.710 49.949 244.770 -0.013638 67.414 0 43.158 1 1.000000
6010 799.735 49.956 244.758 -0.013531 67.439 0 43.186 1 1.000000
6011 799.760 49.963 244.746 -0.013416 67.463 0 43.214 1 1.000000
6012 799.760 49.963 244.746 -0.013416 67.463 0 43.214 1 1.000000
6013 799.760 49.963 244.746 -0.013416 67.463 0 43.214 1 1.000000
6014 799.784 49.970 244.735 -0.013306 67.487 0 43.242 1 1.000000
6015 799.784 49.970 244.735 -0.013306 67.487 0 43.242 1 1.000000
6016 799.809 49.977 244.723 -0.013199 67.511 0 43.271 1 1.000000
6017 799.809 49.977 244.723 -0.013199 67.511 0 43.271 1 1.000000
6018 799.834 49.985 244.712 -0.013088 67.535 0 43.299 1 1.000000
6019 799.859 49.992 244.700 -0.012978 67.559 0 43.327 1 1.000000
6020 799.859 49.992 244.700 -0.012978 67.559 0 43.327 1 1.000000
6021 799.859 49.992 244.700 -0.012978 67.559 0 43.327 1 1.000000
6022 799.883 49.999 244.688 -0.012867 67.583 0 43.356 1 1.000000
6023 799.908 50.006 244.677 -0.012745 67.607 0 43.384 1 1.000000
6024 799.908 50.006 244.677 -0.012745 67.607 0 43.384 1 1.000000
6025 799.933 50.013 244.665 -0.012646 67.631 0 43.412 1 1.000000
6026 799.933 50.013 244.665 -0.012646 67.631 0 43.412 1 1.000000
6027 799.958 50.021 244.654 -0.012524 67.656 0 43.441 1 1.000000
6028 799.983 50.028 244.642 -0.012428 67.680 0 43.469 1 1.000000
6029 799.983 50.028 244.642 -0.012428 67.680 0 43.469 1 1.000000
6030 799.983 50.028 244.642 -0.012428 67.680 0 43.469 1 1.000000
6031 800.008 50.035 244.630 -0.012306 67.704 0 43.497 1 1.000000
6032 800.008 50.035 244.630 -0.012306 67.704 0 43.497 1 1.000000
6033 800.032 50.042 244.619 -0.012196 67.728 0 43.526 1 1.000000
6034 800.032 50.042 244.619 -0.012196 67.728 0 43.526 1 1.000000
6035 800.057 50.049 244.607 -0.012081 67.752 0 43.554 1 1.000000
6036 800.057 50.049 244.607 -0.012081 67.752 0 43.554 1 1.000000
6037 800.082 50.057 244.596 -0.012085 67.776 0 43.582 1 1.000000
6038 800.107 50.064 244.584 -0.011898 67.801 0 43.611 1 1.000000
6039 800.107 50.064 244.584 -0.011898 67.801 0 43.611 1 1.000000
6040 800.132 50.071 244.572 -0.011818 67.825 0 43.639 1 1.000000
6041 800.132 50.071 244.572 -0.011818 67.825 0 43.639 1 1.000000
6042 800.132 50.071 244.572 -0.011818 67.825 0 43.639 1 1.000000
6043 800.156 50.078 244.561 -0.011715 67.849 0 43.667 1 1.000000
6044 800.156 50.078 244.561 -0.011715 67.849 0 43.667 1 1.000000
6045 800.181 50.086 244.549 -0.011635 67.873 0 43.695 1 1.000000
6046 800.206 50.093 244.538 -0.011806 67.897 0 43.724 1 1.000000
6047 800.206 50.093 244.538 -0.011806 67.897 0 43.724 1 1.000000
6048 800.206 50.093 244.538 -0.011806 67.897 0 43.724 1 1.000000
6049 800.230 50.101 244.527 -0.012672 67.920 0 43.752 1 1.000000
6050 800.255 50.109 244.516 -0.013470 67.943 0 43.780 1 1.000000
6051 800.255 50.109 244.516 -0.013470 67.943 0 43.780 1 1.000000
6052 800.255 50.109 244.516 -0.013470 67.943 0 43.780 1 1.000000
6053 800.279 50.117 244.505 -0.014130 67.966 0 43.808 1 1.000000
6054 800.279 50.117 244.505 -0.014130 67.966 0 43.808 1 1.000000
6055 800.304 50.124 244.493 -0.013779 67.990 0 43.836 1 1.000000
6056 800.329 50.131 244.482 -0.013897 68.013 0 43.864 1 1.000000
6057 800.354 50.139 244.471 -0.014019 68.037 0 43.892 1 1.000000
6058 800.354 50.139 244.471 -0.014019 68.037 0 43.892 1 1.000000
6059 800.378 50.146 244.459 -0.014198 68.060 0 43.921 1 1.000000
6060 800.378 50.146 244.459 -0.014198 68.060 0 43.921 1 1.000000
6061 800.403 50.154 244.448 -0.014339 68.084 0 43.949 1 1.000000
6062 800.403 50.154 244.448 -0.014339 68.084 0 43.949 1 1.000000
6063 800.428 50.161 244.437 -0.014492 68.107 0 43.977 1 1.000000
6064 800.453 50.169 244.425 -0.014656 68.131 0 44.005 1 1.000000
6065 800.453 50.169 244.425 -0.014656 68.131 0 44.005 1 1.000000
6066 800.453 50.169 244.425 -0.014656 68.131 0 44.005 1 1.000000
6067 800.477 50.176 244.412 -0.014824 68.158 0 44.033 1 1.000000
6068 800.477 50.176 244.412 -0.014824 68.158 0 44.033 1 1.000000
6069 800.501 50.183 244.399 -0.015003 68.187 0 44.062 1 1.000000
6070 800.501 50.183 244.399 -0.015003 68.187 0 44.062 1 1.000000
6071 800.524 50.191 244.386 -0.015182 68.215 0 44.090 1 1.000000
6072 800.548 50.198 244.373 -0.015362 68.243 0 44.118 1 1.000000
6073 800.548 50.198 244.373 -0.015362 68.243 0 44.118 1 1.000000
6074 800.572 50.206 244.360 -0.015541 68.272 0 44.146 1 1.000000
6075 800.572 50.206 244.360 -0.015541 68.272 0 44.146 1 1.000000
6076 800.596 50.213 244.347 -0.015720 68.300 0 44.174 1 1.000000
6077 800.596 50.213 244.347 -0.015720 68.300 0 44.174 1 1.000000
6078 800.620 50.221 244.334 -0.015900 68.329 0 44.202 1 1.000000
6079 800.644 50.228 244.321 -0.016075 68.357 0 44.231 1 1.000000
6080 800.644 50.228 244.321 -0.016075 68.357 0 44.231 1 1.000000
6081 800.668 50.236 244.308 -0.016258 68.386 0 44.259 1 1.000000
6082 800.691 50.243 244.295 -0.016438 68.414 0 44.287 1 1.000000
6083 800.691 50.243 244.295 -0.016438 68.414 0 44.287 1 1.000000
6084 800.691 50.243 244.295 -0.016438 68.414 0 44.287 1 1.000000
6085 800.715 50.251 244.282 -0.016617 68.442 0 44.315 1 1.000000
6086 800.739 50.258 244.268 -0.016796 68.471 0 44.343 1 1.000000
6087 800.739 50.258 244.268 -0.016796 68.471 0 44.343 1 1.000000
6088 800.739 50.258 244.268 -0.016796 68.471 0 44.343 1 1.000000
6089 800.763 50.265 244.255 -0.016972 68.499 0 44.371 1 1.000000
6090 800.763 50.265 244.255 -0.016972 68.499 0 44.371 1 1.000000
6091 800.787 50.273 244.242 -0.017151 68.528 0 44.399 1 1.000000
6092 800.787 50.273 244.242 -0.017151 68.528 0 44.399 1 1.000000
6093 800.811 50.280 244.229 -0.017330 68.556 0 44.428 1 1.000000
6094 800.811 50.280 244.229 -0.017330 68.556 0 44.428 1 1.000000
6095 800.835 50.288 244.216 -0.017513 68.585 0 44.456 1 1.000000
6096 800.835 50.288 244.216 -0.017513 68.585 0 44.456 1 1.000000
6097 800.859 50.295 244.203 -0.017689 68.613 0 44.484 1 1.000000
6098 800.859 50.295 244.203 -0.017689 68.613 0 44.484 1 1.000000
6099 800.882 50.303 244.190 -0.017868 68.641 0 44.512 1 1.000000
6100 800.906 50.310 244.177 -0.018051 68.670 0 44.540 1 1.000000
6101 801.026 50.347 244.111 -0.018406 68.812 0 44.681 1 1.000000
6102 801.026 50.347 244.111 -0.018406 68.812 0 44.681 1 1.000000
6103 801.050 50.354 244.098 -0.018002 68.841 0 44.710 1 1.000000
6104 801.050 50.354 244.098 -0.018002 68.841 0 44.710 1 1.000000
6105 801.074 50.361 244.085 -0.017643 68.870 0 44.738 1 1.000000
6106 801.074 50.361 244.085 -0.017643 68.870 0 44.738 1 1.000000
6107 801.098 50.368 244.071 -0.017288 68.899 0 44.766 1 1.000000
6108 801.098 50.368 244.071 -0.017288 68.899 0 44.766 1 1.000000
6109 801.122 50.375 244.058 -0.016933 68.928 0 44.795 1 1.000000
6110 801.122 50.375 244.058 -0.016933 68.928 0 44.795 1 1.000000
6111 801.146 50.382 244.045 -0.016579 68.957 0 44.823 1 1.000000
6112 801.146 50.382 244.045 -0.016579 68.957 0 44.823 1 1.000000
6113 801.170 50.389 244.031 -0.016224 68.986 0 44.851 1 1.000000
6114 801.170 50.389 244.031 -0.016224 68.986 0 44.851 1 1.000000
6115 801.195 50.396 244.018 -0.015865 69.015 0 44.880 1 1.000000
6116 801.219 50.403 244.005 -0.015511 69.043 0 44.908 1 1.000000
6117 801.219 50.403 244.005 -0.015511 69.043 0 44.908 1 1.000000
6118 801.243 50.410 243.991 -0.015156 69.072 0 44.936 1 1.000000
6119 801.243 50.410 243.991 -0.015156 69.072 0 44.936 1 1.000000
6120 801.243 50.410 243.991 -0.015156 69.072 0 44.936 1 1.000000
6121 801.267 50.416 243.978 -0.014801 69.101 0 44.965 1 1.000000
6122 801.267 50.416 243.978 -0.014801 69.101 0 44.965 1 1.000000
6123 801.291 50.423 243.965 -0.014442 69.130 0 44.993 1 1.000000
6124 801.291 50.423 243.965 -0.014442 69.130 0 44.993 1 1.000000
6125 801.315 50.430 243.952 -0.014088 69.159 0 45.021 1 1.000000
6126 801.315 50.430 243.952 -0.014088 69.159 0 45.021 1 1.000000
6127 801.339 50.437 243.938 -0.013733 69.188 0 45.050 1 1.000000
6128 801.339 50.437 243.938 -0.013733 69.188 0 45.050 1 1.000000
6129 801.363 50.444 243.925 -0.013382 69.216 0 45.078 1 1.000000
6130 801.363 50.444 243.925 -0.013382 69.216 0 45.078 1 1.000000
6131 801.387 50.451 243.912 -0.013023 69.245 0 45.106 1 1.000000
6132 801.387 50.451 243.912 -0.013023 69.245 0 45.106 1 1.000000
6133 801.412 50.458 243.898 -0.012669 69.274 0 45.134 1 1.000000
6134 801.436 50.466 243.885 -0.012707 69.302 0 45.163 1 1.000000
6135 801.436 50.466 243.885 -0.012707 69.302 0 45.163 1 1.000000
6136 801.436 50.466 243.885 -0.012707 69.302 0 45.163 1 1.000000
6137 801.460 50.473 243.872 -0.012638 69.331 0 45.191 1 1.000000
6138 801.483 50.480 243.859 -0.012669 69.360 0 45.219 1 1.000000
6139 801.483 50.480 243.859 -0.012669 69.360 0 45.219 1 1.000000
6140 801.483 50.480 243.859 -0.012669 69.360 0 45.219 1 1.000000
6141 801.507 50.487 243.845 -0.012691 69.389 0 45.247 1 1.000000
6142 801.507 50.487 243.845 -0.012691 69.389 0 45.247 1 1.000000
6143 801.531 50.495 243.832 -0.012714 69.417 0 45.276 1 1.000000
6144 801.531 50.495 243.832 -0.012714 69.417 0 45.276 1 1.000000
6145 801.555 50.502 243.819 -0.012737 69.446 0 45.304 1 1.000000
6146 801.555 50.502 243.819 -0.012737 69.446 0 45.304 1 1.000000
6147 801.579 50.509 243.806 -0.012760 69.475 0 45.332 1 1.000000
6148 801.579 50.509 243.806 -0.012760 69.475 0 45.332 1 1.000000
6149 801.603 50.517 243.792 -0.012779 69.503 0 45.360 1 1.000000
6150 801.603 50.517 243.792 -0.012779 69.503 0 45.360 1 1.000000
6151 801.627 50.524 243.779 -0.012802 69.532 0 45.388 1 1.000000
6152 801.627 50.524 243.779 -0.012802 69.532 0 45.388 1 1.000000
6153 801.650 50.531 243.766 -0.012829 69.561 0 45.417 1 1.000000
6154 801.650 50.531 243.766 -0.012829 69.561 0 45.417 1 1.000000
6155 801.674 50.539 243.753 -0.012852 69.589 0 45.445 1 1.000000
6156 801.674 50.539 243.753 -0.012852 69.589 0 45.445 1 1.000000
6157 801.698 50.546 243.739 -0.012871 69.618 0 45.473 1 1.000000
6158 801.698 50.546 243.739 -0.012871 69.618 0 45.473 1 1.000000
6159 801.722 50.553 243.726 -0.012894 69.646 0 45.501 1 1.000000
6160 801.722 50.553 243.726 -0.012894 69.646 0 45.501 1 1.000000
6161 801.746 50.560 243.713 -0.012917 69.675 0 45.529 1 1.000000
6162 801.818 50.582 243.673 -0.012981 69.761 0 45.614 1 1.000000
6163 801.818 50.582 243.673 -0.012981 69.761 0 45.614 1 1.000000
6164 801.841 50.590 243.660 -0.013008 69.789 0 45.642 1 1.000000
6165 801.865 50.597 243.647 -0.013031 69.818 0 45.670 1 1.000000
6166 801.865 50.597 243.647 -0.013031 69.818 0 45.670 1 1.000000
6167 801.865 50.597 243.647 -0.013031 69.818 0 45.670 1 1.000000
6168 801.889 50.604 243.633 -0.013050 69.846 0 45.698 1 1.000000
6169 801.889 50.604 243.633 -0.013050 69.846 0 45.698 1 1.000000
6170 801.913 50.612 243.620 -0.013073 69.875 0 45.727 1 1.000000
6171 801.913 50.612 243.620 -0.013073 69.875 0 45.727 1 1.000000
6172 801.937 50.619 243.607 -0.013096 69.903 0 45.755 1 1.000000
6173 801.937 50.619 243.607 -0.013096 69.903 0 45.755 1 1.000000
6174 801.961 50.626 243.594 -0.013119 69.932 0 45.783 1 1.000000
6175 801.961 50.626 243.594 -0.013119 69.932 0 45.783 1 1.000000
6176 801.985 50.633 243.580 -0.013123 69.960 0 45.811 1 1.000000
6177 802.008 50.641 243.567 -0.013165 69.966 0 45.839 1 1.000000
6178 802.008 50.641 243.567 -0.013165 69.966 0 45.839 1 1.000000
6179 802.008 50.641 243.567 -0.013165 69.966 0 45.839 1 1.000000
6180 802.032 50.648 243.554 -0.013557 69.967 0 45.868 1 1.000000
6181 802.032 50.648 243.554 -0.013557 69.967 0 45.868 1 1.000000
6182 802.056 50.657 243.542 -0.014732 69.968 0 45.895 1 1.000000
6183 802.056 50.657 243.542 -0.014732 69.968 0 45.895 1 1.000000
6184 802.080 50.665 243.530 -0.015896 69.969 0 45.923 1 1.000000
6185 802.080 50.665 243.530 -0.015896 69.969 0 45.923 1 1.000000
6186 802.103 50.673 243.518 -0.017063 69.970 0 45.951 1 1.000000
6187 802.103 50.673 243.518 -0.017063 69.970 0 45.951 1 1.000000
6188 802.127 50.682 243.506 -0.018227 69.971 0 45.978 1 1.000000
6189 802.127 50.682 243.506 -0.018227 69.971 0 45.978 1 1.000000
6190 802.150 50.690 243.494 -0.019394 69.972 0 46.006 1 1.000000
6191 802.150 50.690 243.494 -0.019394 69.972 0 46.006 1 1.000000
6192 802.174 50.698 243.482 -0.020565 69.973 0 46.034 1 1.000000
6193 802.174 50.698 243.482 -0.020565 69.973 0 46.034 1 1.000000
6194 802.198 50.707 243.470 -0.021729 69.974 0 46.062 1 1.000000
6195 802.221 50.715 243.458 -0.022896 69.975 0 46.089 1 1.000000
6196 802.221 50.715 243.458 -0.022896 69.975 0 46.089 1 1.000000
6197 802.221 50.715 243.458 -0.022896 69.975 0 46.089 1 1.000000
6198 802.245 50.723 243.446 -0.024067 69.976 0 46.117 1 1.000000
6199 802.245 50.723 243.446 -0.024067 69.976 0 46.117 1 1.000000
6200 802.268 50.732 243.434 -0.025234 69.977 0 46.145 1 1.000000
6201 802.268 50.732 243.434 -0.025234 69.977 0 46.145 1 1.000000
6202 802.292 50.740 243.422 -0.026405 69.978 0 46.173 1 1.000000
6203 802.317 50.746 243.409 -0.025253 69.979 0 46.201 1 1.000000
6204 802.317 50.746 243.409 -0.025253 69.979 0 46.201 1 1.000000
6205 802.342 50.751 243.395 -0.022190 69.980 0 46.230 1 1.000000
6206 802.342 50.751 243.395 -0.022190 69.980 0 46.230 1 1.000000
6207 802.367 50.756 243.382 -0.020065 69.981 0 46.259 1 1.000000
6208 802.367 50.756 243.382 -0.020065 69.981 0 46.259 1 1.000000
6209 802.392 50.761 243.368 -0.017944 69.982 0 46.287 1 1.000000
6210 802.392 50.761 243.368 -0.017944 69.982 0 46.287 1 1.000000
6211 802.417 50.767 243.355 -0.015820 69.983 0 46.316 1 1.000000
6212 802.442 50.772 243.342 -0.014153 69.984 0 46.345 1 1.000000
6213 802.442 50.772 243.342 -0.014153 69.984 0 46.345 1 1.000000
6214 802.442 50.772 243.342 -0.014153 69.984 0 46.345 1 1.000000
6215 802.466 50.779 243.328 -0.013775 69.985 0 46.373 1 1.000000
6216 802.466 50.779 243.328 -0.013775 69.985 0 46.373 1 1.000000
6217 802.490 50.787 243.315 -0.013760 69.986 0 46.402 1 1.000000
6218 802.490 50.787 243.315 -0.013760 69.986 0 46.402 1 1.000000
6219 802.514 50.794 243.302 -0.013767 69.987 0 46.430 1 1.000000
6220 802.514 50.794 243.302 -0.013767 69.987 0 46.430 1 1.000000
6221 802.538 50.801 243.288 -0.013744 69.988 0 46.458 1 1.000000
6222 802.562 50.808 243.275 -0.013737 69.990 0 46.486 1 1.000000
6223 802.562 50.808 243.275 -0.013737 69.990 0 46.486 1 1.000000
6224 802.562 50.808 243.275 -0.013737 69.990 0 46.486 1 1.000000
6225 802.586 50.816 243.262 -0.013729 69.991 0 46.515 1 1.000000
6226 802.586 50.816 243.262 -0.013729 69.991 0 46.515 1 1.000000
6227 802.610 50.823 243.249 -0.013718 69.992 0 46.543 1 1.000000
6228 802.634 50.830 243.235 -0.013710 69.993 0 46.571 1 1.000000
6229 802.634 50.830 243.235 -0.013710 69.993 0 46.571 1 1.000000
6230 802.658 50.838 243.222 -0.013702 69.994 0 46.599 1 1.000000
6231 802.682 50.845 243.209 -0.013695 69.995 0 46.628 1 1.000000
6232 802.706 50.852 243.196 -0.013691 69.996 0 46.656 1 1.000000
6233 802.706 50.852 243.196 -0.013691 69.996 0 46.656 1 1.000000
6234 802.730 50.859 243.182 -0.013680 69.997 0 46.684 1 1.000000
6235 802.730 50.859 243.182 -0.013680 69.997 0 46.684 1 1.000000
6236 802.753 50.867 243.169 -0.013676 69.998 0 46.712 1 1.000000
6237 802.777 50.874 243.156 -0.013664 69.999 0 46.741 1 1.000000
6238 802.801 50.881 243.143 -0.013657 70.000 0 46.769 1 1.000000
6239 802.801 50.881 243.143 -0.013657 70.000 0 46.769 1 1.000000
6240 802.825 50.889 243.129 -0.013645 70.001 0 46.797 1 1.000000
6241 802.849 50.896 243.116 -0.013641 70.002 0 46.825 1 1.000000
6242 802.849 50.896 243.116 -0.013641 70.002 0 46.825 1 1.000000
6243 802.873 50.903 243.103 -0.013630 70.003 0 46.853 1 1.000000
6244 802.873 50.903 243.103 -0.013630 70.003 0 46.853 1 1.000000
6245 802.873 50.903 243.103 -0.013630 70.003 0 46.853 1 1.000000
6246 802.897 50.910 243.090 -0.013664 70.004 0 46.882 1 1.000000
6247 802.897 50.910 243.090 -0.013664 70.004 0 46.882 1 1.000000
6248 802.921 50.918 243.076 -0.013683 70.005 0 46.910 1 1.000000
6249 802.921 50.918 243.076 -0.013683 70.005 0 46.910 1 1.000000
6250 802.945 50.925 243.063 -0.013702 70.006 0 46.938 1 1.000000
6251 802.945 50.925 243.063 -0.013702 70.006 0 46.938 1 1.000000
6252 802.969 50.932 243.050 -0.013718 70.007 0 46.966 1 1.000000
6253 803.040 50.954 243.010 -0.013771 70.011 0 47.051 1 1.000000
6254 803.040 50.954 243.010 -0.013771 70.011 0 47.051 1 1.000000
6255 803.040 50.954 243.010 -0.013771 70.011 0 47.051 1 1.000000
6256 803.064 50.962 242.997 -0.014122 70.012 0 47.079 1 1.000000
6257 803.064 50.962 242.997 -0.014122 70.012 0 47.079 1 1.000000
6258 803.088 50.969 242.984 -0.013863 70.013 0 47.107 1 1.000000
6259 803.088 50.969 242.984 -0.013863 70.013 0 47.107 1 1.000000
6260 803.112 50.976 242.970 -0.013912 70.014 0 47.135 1 1.000000
6261 803.112 50.976 242.970 -0.013912 70.014 0 47.135 1 1.000000
6262 803.136 50.984 242.957 -0.013962 70.015 0 47.163 1 1.000000
6263 803.136 50.984 242.957 -0.013962 70.015 0 47.163 1 1.000000
6264 803.159 50.991 242.944 -0.013973 70.016 0 47.192 1 1.000000
6265 803.159 50.991 242.944 -0.013973 70.016 0 47.192 1 1.000000
6266 803.183 50.998 242.931 -0.014000 70.017 0 47.220 1 1.000000
6267 803.183 50.998 242.931 -0.014000 70.017 0 47.220 1 1.000000
6268 803.207 51.005 242.917 -0.014027 70.018 0 47.248 1 1.000000
6269 803.279 51.027 242.878 -0.014111 70.021 0 47.333 1 1.000000
6270 803.303 51.035 242.864 -0.014137 70.022 0 47.361 1 1.000000
6271 803.303 51.035 242.864 -0.014137 70.022 0 47.361 1 1.000000
6272 803.303 51.035 242.864 -0.014137 70.022 0 47.361 1 1.000000
6273 803.327 51.042 242.851 -0.014168 70.023 0 47.389 1 1.000000
6274 803.327 51.042 242.851 -0.014168 70.023 0 47.389 1 1.000000
6275 803.350 51.049 242.838 -0.014194 70.024 0 47.417 1 1.000000
6276 803.350 51.049 242.838 -0.014194 70.024 0 47.417 1 1.000000
6277 803.374 51.057 242.825 -0.014225 70.025 0 47.445 1 1.000000
6278 803.398 51.064 242.812 -0.014233 70.026 0 47.473 1 1.000000
6279 803.398 51.064 242.812 -0.014233 70.026 0 47.473 1 1.000000
6280 803.422 51.071 242.798 -0.014275 70.027 0 47.502 1 1.000000
6281 803.446 51.079 242.785 -0.014290 70.028 0 47.530 1 1.000000
6282 803.446 51.079 242.785 -0.014290 70.028 0 47.530 1 1.000000
6283 803.446 51.079 242.785 -0.014290 70.028 0 47.530 1 1.000000
6284 803.470 51.086 242.772 -0.014900 70.029 0 47.558 1 1.000000
6285 803.470 51.086 242.772 -0.014900 70.029 0 47.558 1 1.000000
6286 803.493 51.094 242.759 -0.015450 70.030 0 47.586 1 1.000000
6287 803.493 51.094 242.759 -0.015450 70.030 0 47.586 1 1.000000
6288 803.517 51.102 242.746 -0.015991 70.031 0 47.614 1 1.000000
6289 803.517 51.102 242.746 -0.015991 70.031 0 47.614 1 1.000000
6290 803.540 51.110 242.733 -0.016537 70.032 0 47.642 1 1.000000
6291 803.540 51.110 242.733 -0.016537 70.032 0 47.642 1 1.000000
6292 803.564 51.117 242.720 -0.017075 70.033 0 47.670 1 1.000000
6293 803.564 51.117 242.720 -0.017075 70.033 0 47.670 1 1.000000
6294 803.587 51.125 242.706 -0.017422 70.034 0 47.698 1 1.000000
6295 803.587 51.125 242.706 -0.017422 70.034 0 47.698 1 1.000000
6296 803.612 51.132 242.693 -0.016571 70.035 0 47.726 1 1.000000
6297 803.612 51.132 242.693 -0.016571 70.035 0 47.726 1 1.000000
6298 803.636 51.139 242.679 -0.016281 70.036 0 47.755 1 1.000000
6299 803.660 51.146 242.666 -0.015984 70.037 0 47.783 1 1.000000
6300 803.660 51.146 242.666 -0.015984 70.037 0 47.783 1 1.000000
6301 803.660 51.146 242.666 -0.015984 70.037 0 47.783 1 1.000000
6302 803.684 51.153 242.653 -0.015667 70.037 0 47.811 1 1.000000
6303 803.684 51.153 242.653 -0.015667 70.037 0 47.811 1 1.000000
6304 803.708 51.160 242.639 -0.015377 70.038 0 47.839 1 1.000000
6305 803.708 51.160 242.639 -0.015377 70.038 0 47.839 1 1.000000
6306 803.732 51.167 242.626 -0.015064 70.039 0 47.868 1 1.000000
6307 803.732 51.167 242.626 -0.015064 70.039 0 47.868 1 1.000000
6308 803.756 51.174 242.612 -0.014759 70.040 0 47.896 1 1.000000
6309 803.756 51.174 242.612 -0.014759 70.040 0 47.896 1 1.000000
6310 803.780 51.181 242.599 -0.014462 70.041 0 47.924 1 1.000000
6311 803.780 51.181 242.599 -0.014462 70.041 0 47.924 1 1.000000
6312 803.804 51.188 242.585 -0.014156 70.042 0 47.953 1 1.000000
6313 803.804 51.188 242.585 -0.014156 70.042 0 47.953 1 1.000000
6314 803.827 51.198 242.574 -0.017426 70.043 0 47.981 1 1.000000
6315 803.827 51.198 242.574 -0.017426 70.043 0 47.981 1 1.000000
6316 803.850 51.208 242.565 -0.020195 70.044 0 48.007 1 1.000000
6317 803.850 51.208 242.565 -0.020195 70.044 0 48.007 1 1.000000
6318 803.874 51.217 242.556 -0.022964 70.044 0 48.034 1 1.000000
6319 803.874 51.217 242.556 -0.022964 70.044 0 48.034 1 1.000000
6320 803.897 51.227 242.547 -0.025734 70.045 0 48.060 1 1.000000
6321 803.897 51.227 242.547 -0.025734 70.045 0 48.060 1 1.000000
6322 803.920 51.237 242.538 -0.028519 70.045 0 48.087 1 1.000000
6323 803.920 51.237 242.538 -0.028519 70.045 0 48.087 1 1.000000
6324 803.944 51.246 242.529 -0.031315 70.046 0 48.113 1 1.000000
6325 803.967 51.256 242.520 -0.034115 70.046 0 48.140 1 1.000000
6326 803.990 51.266 242.511 -0.036915 70.047 0 48.166 1 1.000000
6327 803.990 51.266 242.511 -0.036915 70.047 0 48.166 1 1.000000
6328 803.990 51.266 242.511 -0.036915 70.047 0 48.166 1 1.000000
6329 803.990 51.266 242.511 -0.036915 70.047 0 48.166 1 1.000000
6330 804.013 51.275 242.502 -0.039726 70.048 0 48.193 1 1.000000
6331 804.013 51.275 242.502 -0.039726 70.048 0 48.193 1 1.000000
6332 804.036 51.285 242.493 -0.042553 70.048 0 48.219 1 1.000000
6333 804.036 51.285 242.493 -0.042553 70.048 0 48.219 1 1.000000
6334 804.060 51.295 242.484 -0.045376 70.049 0 48.246 1 1.000000
6335 804.060 51.295 242.484 -0.045376 70.049 0 48.246 1 1.000000
6336 804.083 51.304 242.475 -0.048206 70.049 0 48.273 1 1.000000
6337 804.083 51.304 242.475 -0.048206 70.049 0 48.273 1 1.000000
6338 804.106 51.314 242.465 -0.051060 70.050 0 48.299 1 1.000000
6339 804.129 51.324 242.456 -0.053913 70.050 0 48.326 1 1.000000
6340 804.129 51.324 242.456 -0.053913 70.050 0 48.326 1 1.000000
6341 804.129 51.324 242.456 -0.053913 70.050 0 48.326 1 1.000000
6342 804.152 51.333 242.447 -0.056767 70.051 0 48.352 1 1.000000
6343 804.152 51.333 242.447 -0.056767 70.051 0 48.352 1 1.000000
6344 804.175 51.343 242.438 -0.059628 70.051 0 48.379 1 1.000000
6345 804.175 51.343 242.438 -0.059628 70.051 0 48.379 1 1.000000
6346 804.198 51.353 242.429 -0.062504 70.052 0 48.405 1 1.000000
6347 804.222 51.362 242.419 -0.065380 70.052 0 48.432 1 1.000000
6348 804.245 51.371 242.409 -0.066551 70.053 0 48.459 1 1.000000
6349 804.245 51.371 242.409 -0.066551 70.053 0 48.459 1 1.000000
6350 804.296 51.382 242.384 -0.062946 70.055 0 48.516 1 1.000000
6351 804.296 51.382 242.384 -0.062946 70.055 0 48.516 1 1.000000
6352 804.322 51.384 242.371 -0.058159 70.056 0 48.545 1 1.000000
6353 804.322 51.384 242.371 -0.058159 70.056 0 48.545 1 1.000000
6354 804.348 51.385 242.357 -0.051262 70.057 0 48.574 1 1.000000
6355 804.348 51.385 242.357 -0.051262 70.057 0 48.574 1 1.000000
6356 804.374 51.385 242.342 -0.043385 70.058 0 48.602 1 1.000000
6357 804.400 51.385 242.328 -0.036327 70.059 0 48.631 1 1.000000
6358 804.400 51.385 242.328 -0.036327 70.059 0 48.631 1 1.000000
6359 804.427 51.385 242.313 -0.029274 70.060 0 48.660 1 1.000000
6360 804.427 51.385 242.313 -0.029274 70.060 0 48.660 1 1.000000
6361 804.453 51.386 242.299 -0.022217 70.061 0 48.689 1 1.000000
6362 804.478 51.390 242.285 -0.018471 70.062 0 48.718 1 1.000000
6363 804.549 51.412 242.244 -0.019581 70.064 0 48.802 1 1.000000
6364 804.573 51.420 242.231 -0.019951 70.065 0 48.831 1 1.000000
6365 804.573 51.420 242.231 -0.019951 70.065 0 48.831 1 1.000000
6366 804.596 51.428 242.218 -0.020321 70.066 0 48.859 1 1.000000
6367 804.596 51.428 242.218 -0.020321 70.066 0 48.859 1 1.000000
6368 804.620 51.435 242.204 -0.020691 70.067 0 48.887 1 1.000000
6369 804.620 51.435 242.204 -0.020691 70.067 0 48.887 1 1.000000
6370 804.643 51.443 242.191 -0.021065 70.068 0 48.915 1 1.000000
6371 804.643 51.443 242.191 -0.021065 70.068 0 48.915 1 1.000000
6372 804.667 51.451 242.177 -0.021435 70.069 0 48.943 1 1.000000
6373 804.667 51.451 242.177 -0.021435 70.069 0 48.943 1 1.000000
6374 804.690 51.458 242.164 -0.021805 70.070 0 48.971 1 1.000000
6375 804.690 51.458 242.164 -0.021805 70.070 0 48.971 1 1.000000
6376 804.714 51.466 242.150 -0.022175 70.071 0 48.999 1 1.000000
6377 804.714 51.466 242.150 -0.022175 70.071 0 48.999 1 1.000000
6378 804.737 51.473 242.137 -0.022545 70.072 0 49.027 1 1.000000
6379 804.737 51.473 242.137 -0.022545 70.072 0 49.027 1 1.000000
6380 804.761 51.481 242.124 -0.022919 70.073 0 49.055 1 1.000000
6381 804.761 51.481 242.124 -0.022919 70.073 0 49.055 1 1.000000
6382 804.785 51.489 242.110 -0.023285 70.074 0 49.083 1 1.000000
6383 804.785 51.489 242.110 -0.023285 70.074 0 49.083 1 1.000000
6384 804.808 51.496 242.097 -0.023659 70.074 0 49.111 1 1.000000
6385 804.808 51.496 242.097 -0.023659 70.074 0 49.111 1 1.000000
6386 804.832 51.504 242.083 -0.024029 70.075 0 49.139 1 1.000000
6387 804.832 51.504 242.083 -0.024029 70.075 0 49.139 1 1.000000
6388 804.855 51.512 242.070 -0.024399 70.076 0 49.167 1 1.000000
6389 804.855 51.512 242.070 -0.024399 70.076 0 49.167 1 1.000000
6390 804.879 51.519 242.056 -0.024773 70.077 0 49.195 1 1.000000
6391 804.879 51.519 242.056 -0.024773 70.077 0 49.195 1 1.000000
6392 804.902 51.527 242.043 -0.025143 70.078 0 49.224 1 1.000000
6393 804.902 51.527 242.043 -0.025143 70.078 0 49.224 1 1.000000
6394 804.926 51.534 242.030 -0.025513 70.079 0 49.252 1 1.000000
6395 804.926 51.534 242.030 -0.025513 70.079 0 49.252 1 1.000000
6396 804.950 51.540 242.016 -0.024181 70.080 0 49.280 1 1.000000
6397 804.950 51.540 242.016 -0.024181 70.080 0 49.280 1 1.000000
6398 804.974 51.547 242.002 -0.023495 70.081 0 49.308 1 1.000000
6399 804.998 51.554 241.988 -0.022816 70.082 0 49.337 1 1.000000
6400 804.998 51.554 241.988 -0.022816 70.082 0 49.337 1 1.000000
6401 804.998 51.554 241.988 -0.022816 70.082 0 49.337 1 1.000000
6402 805.022 51.560 241.974 -0.022133 70.083 0 49.365 1 1.000000
6403 805.022 51.560 241.974 -0.022133 70.083 0 49.365 1 1.000000
6404 805.046 51.567 241.960 -0.021450 70.084 0 49.394 1 1.000000
6405 805.094 51.580 241.933 -0.020084 70.085 0 49.450 1 1.000000
6406 805.191 51.607 241.877 -0.017353 70.089 0 49.564 1 1.000000
6407 805.191 51.607 241.877 -0.017353 70.089 0 49.564 1 1.000000
6408 805.191 51.607 241.877 -0.017353 70.089 0 49.564 1 1.000000
6409 805.215 51.614 241.863 -0.016666 70.090 0 49.593 1 1.000000
6410 805.215 51.614 241.863 -0.016666 70.090 0 49.593 1 1.000000
6411 805.239 51.620 241.850 -0.015987 70.091 0 49.621 1 1.000000
6412 805.239 51.620 241.850 -0.015987 70.091 0 49.621 1 1.000000
6413 805.263 51.627 241.836 -0.015305 70.092 0 49.649 1 1.000000
6414 805.263 51.627 241.836 -0.015305 70.092 0 49.649 1 1.000000
6415 805.287 51.634 241.822 -0.014626 70.093 0 49.678 1 1.000000
6416 805.287 51.634 241.822 -0.014626 70.093 0 49.678 1 1.000000
6417 805.311 51.640 241.808 -0.013939 70.094 0 49.706 1 1.000000
6418 805.311 51.640 241.808 -0.013939 70.094 0 49.706 1 1.000000
6419 805.335 51.647 241.794 -0.013256 70.095 0 49.735 1 1.000000
6420 805.335 51.647 241.794 -0.013256 70.095 0 49.735 1 1.000000
6421 805.359 51.654 241.780 -0.012573 70.096 0 49.763 1 1.000000
6422 805.359 51.654 241.780 -0.012573 70.096 0 49.763 1 1.000000
6423 805.383 51.660 241.767 -0.011890 70.096 0 49.791 1 1.000000
6424 805.383 51.660 241.767 -0.011890 70.096 0 49.791 1 1.000000
6425 805.407 51.667 241.753 -0.011208 70.097 0 49.820 1 1.000000
6426 805.431 51.674 241.739 -0.010529 70.098 0 49.848 1 1.000000
6427 805.431 51.674 241.739 -0.010529 70.098 0 49.848 1 1.000000
6428 805.431 51.674 241.739 -0.010529 70.098 0 49.848 1 1.000000
6429 805.455 51.681 241.725 -0.010448 70.099 0 49.877 1 1.000000
6430 805.455 51.681 241.725 -0.010448 70.099 0 49.877 1 1.000000
6431 805.479 51.688 241.711 -0.010185 70.100 0 49.905 1 1.000000
6432 805.479 51.688 241.711 -0.010185 70.100 0 49.905 1 1.000000
6433 805.502 51.695 241.698 -0.009926 70.101 0 49.933 1 1.000000
6434 805.502 51.695 241.698 -0.009926 70.101 0 49.933 1 1.000000
6435 805.526 51.702 241.684 -0.009663 70.102 0 49.961 1 1.000000
6436 805.526 51.702 241.684 -0.009663 70.102 0 49.961 1 1.000000
6437 805.550 51.709 241.670 -0.009403 70.103 0 49.990 1 1.000000
6438 805.550 51.709 241.670 -0.009403 70.103 0 49.990 1 1.000000
6439 805.574 51.716 241.656 -0.008991 70.104 0 50.018 1 1.000000
6440 805.574 51.716 241.656 -0.008991 70.104 0 50.018 1 1.000000
6441 805.598 51.721 241.642 -0.006451 70.105 0 50.047 1 1.000000
6442 805.598 51.721 241.642 -0.006451 70.105 0 50.047 1 1.000000
6443 805.622 51.726 241.626 -0.004749 70.106 0 50.075 1 1.000000
6444 805.726 51.755 241.530 +0.002361 70.113 0 0.000 0 0.000000
6445 805.726 51.755 241.530 +0.002361 70.113 0 0.000 0 0.000000
6446 805.743 51.762 241.509 +0.001919 70.115 0 0.000 0 0.000000
6447 805.743 51.762 241.509 +0.001919 70.115 0 0.000 0 0.000000
6448 805.759 51.769 241.486 +0.001366 70.116 0 0.000 0 0.000000
6449 805.759 51.769 241.486 +0.001366 70.116 0 0.000 0 0.000000
6450 805.773 51.776 241.463 +0.000694 70.118 0 0.000 0 0.000000
6451 805.773 51.776 241.463 +0.000694 70.118 0 0.000 0 0.000000
6452 805.787 51.782 241.439 -0.000069 70.120 0 50.310 1 1.000000
6453 805.787 51.782 241.439 -0.000069 70.120 0 50.310 1 1.000000
6454 805.801 51.789 241.415 -0.000824 70.122 0 50.334 1 1.000000
6455 805.801 51.789 241.415 -0.000824 70.122 0 50.334 1 1.000000
6456 805.815 51.796 241.391 -0.001579 70.124 0 50.357 1 1.000000
6457 805.815 51.796 241.391 -0.001579 70.124 0 50.357 1 1.000000
6458 805.828 51.803 241.367 -0.002319 70.126 0 50.381 1 1.000000
6459 805.828 51.803 241.367 -0.002319 70.126 0 50.381 1 1.000000
6460 805.842 51.810 241.343 -0.003071 70.128 0 50.404 1 1.000000
6461 805.842 51.810 241.343 -0.003071 70.128 0 50.404 1 1.000000
6462 805.856 51.817 241.319 -0.003826 70.130 0 50.428 1 1.000000
6463 805.856 51.817 241.319 -0.003826 70.130 0 50.428 1 1.000000
6464 805.869 51.823 241.295 -0.004574 70.132 0 50.451 1 1.000000
6465 805.869 51.823 241.295 -0.004574 70.132 0 50.451 1 1.000000
6466 805.883 51.830 241.271 -0.005325 70.134 0 50.475 1 1.000000
6467 805.883 51.830 241.271 -0.005325 70.134 0 50.475 1 1.000000
6468 805.897 51.837 241.247 -0.006073 70.136 0 50.498 1 1.000000
6469 805.897 51.837 241.247 -0.006073 70.136 0 50.498 1 1.000000
6470 805.911 51.844 241.223 -0.006824 70.138 0 50.522 1 1.000000
6471 805.911 51.844 241.223 -0.006824 70.138 0 50.522 1 1.000000
6472 805.924 51.851 241.199 -0.007576 70.140 0 50.545 1 1.000000
6473 805.924 51.851 241.199 -0.007576 70.140 0 50.545 1 1.000000
6474 805.938 51.857 241.175 -0.008331 70.142 0 50.569 1 1.000000
6475 805.938 51.857 241.175 -0.008331 70.142 0 50.569 1 1.000000
6476 805.952 51.864 241.151 -0.009079 70.144 0 50.592 1 1.000000
6477 805.952 51.864 241.151 -0.009079 70.144 0 50.592 1 1.000000
6478 805.966 51.871 241.127 -0.009830 70.146 0 50.616 1 1.000000
6479 805.966 51.871 241.127 -0.009830 70.146 0 50.616 1 1.000000
6480 805.979 51.878 241.103 -0.010582 70.148 0 50.640 1 1.000000
6481 805.979 51.878 241.103 -0.010582 70.148 0 50.640 1 1.000000
6482 805.993 51.885 241.079 -0.011333 70.150 0 50.663 1 1.000000
6483 805.993 51.885 241.079 -0.011333 70.150 0 50.663 1 1.000000
6484 806.007 51.892 241.055 -0.012081 70.152 0 50.687 1 1.000000
6485 806.007 51.892 241.055 -0.012081 70.152 0 50.687 1 1.000000
6486 806.021 51.896 241.030 -0.010254 70.154 0 50.710 1 1.000000
6487 806.021 51.896 241.030 -0.010254 70.154 0 50.710 1 1.000000
6488 806.036 51.898 241.005 -0.006187 70.156 0 51.304 1 1.000000
6489 806.036 51.898 241.005 -0.006187 70.156 0 51.304 1 1.000000
6490 806.052 51.899 240.979 -0.001228 70.158 0 51.333 1 1.000000
6491 806.052 51.899 240.979 -0.001228 70.158 0 51.333 1 1.000000
6492 806.067 51.901 240.954 +0.002945 70.160 0 0.000 0 0.000000
6493 806.067 51.901 240.954 +0.002945 70.160 0 0.000 0 0.000000
6494 806.083 51.904 240.929 +0.007118 70.162 0 0.000 0 0.000000
6495 806.083 51.904 240.929 +0.007118 70.162 0 0.000 0 0.000000
6496 806.098 51.906 240.903 +0.011292 70.165 0 0.000 0 0.000000
6497 806.098 51.906 240.903 +0.011292 70.165 0 0.000 0 0.000000
6498 806.113 51.908 240.878 +0.015465 70.167 0 0.000 0 0.000000
6499 806.113 51.908 240.878 +0.015465 70.167 0 0.000 0 0.000000
6500 806.128 51.910 240.852 +0.019642 70.169 0 0.000 0 0.000000
6501 806.128 51.910 240.852 +0.019642 70.169 0 0.000 0 0.000000
6502 806.144 51.912 240.827 +0.023815 70.171 0 0.000 0 0.000000
6503 806.144 51.912 240.827 +0.023815 70.171 0 0.000 0 0.000000
6504 806.159 51.914 240.802 +0.027988 70.173 0 0.000 0 0.000000
6505 806.159 51.914 240.802 +0.027988 70.173 0 0.000 0 0.000000
6506 806.174 51.916 240.776 +0.032162 70.175 0 0.000 0 0.000000
6507 806.174 51.916 240.776 +0.032162 70.175 0 0.000 0 0.000000
6508 806.190 51.918 240.751 +0.036339 70.177 0 0.000 0 0.000000
6509 806.190 51.918 240.751 +0.036339 70.177 0 0.000 0 0.000000
6510 806.205 51.920 240.725 +0.040508 70.179 0 0.000 0 0.000000
6511 806.205 51.920 240.725 +0.040508 70.179 0 0.000 0 0.000000
6512 806.220 51.922 240.700 +0.039181 70.181 0 0.000 0 0.000000
6513 806.220 51.922 240.700 +0.039181 70.181 0 0.000 0 0.000000
6514 806.236 51.924 240.675 +0.037086 70.183 0 0.000 0 0.000000
6515 806.236 51.924 240.675 +0.037086 70.183 0 0.000 0 0.000000
6516 806.251 51.927 240.649 +0.034996 70.185 0 0.000 0 0.000000
6517 806.251 51.927 240.649 +0.034996 70.185 0 0.000 0 0.000000
6518 806.266 51.929 240.624 +0.032902 70.188 0 0.000 0 0.000000
6519 806.266 51.929 240.624 +0.032902 70.188 0 0.000 0 0.000000
6520 806.282 51.931 240.598 +0.030811 70.190 0 0.000 0 0.000000
6521 806.282 51.931 240.598 +0.030811 70.190 0 0.000 0 0.000000
6522 806.297 51.933 240.573 +0.028717 70.192 0 0.000 0 0.000000
6523 806.297 51.933 240.573 +0.028717 70.192 0 0.000 0 0.000000
6524 806.312 51.935 240.548 +0.026627 70.194 0 0.000 0 0.000000
6525 806.312 51.935 240.548 +0.026627 70.194 0 0.000 0 0.000000
6526 806.328 51.938 240.522 +0.023788 70.196 0 0.000 0 0.000000
6527 806.343 51.942 240.498 +0.019768 70.198 0 0.000 0 0.000000
6528 806.373 51.950 240.448 +0.011162 70.202 0 0.000 0 0.000000
6529 806.373 51.950 240.448 +0.011162 70.202 0 0.000 0 0.000000
6530 806.388 51.955 240.424 +0.006943 70.204 0 0.000 0 0.000000
6531 806.388 51.955 240.424 +0.006943 70.204 0 0.000 0 0.000000
6532 806.404 51.956 240.398 +0.005989 70.206 0 0.000 0 0.000000
6533 806.404 51.956 240.398 +0.005989 70.206 0 0.000 0 0.000000
6534 806.420 51.957 240.373 +0.004921 70.208 0 0.000 0 0.000000
6535 806.420 51.957 240.373 +0.004921 70.208 0 0.000 0 0.000000
6536 806.435 51.958 240.347 +0.003384 70.210 0 0.000 0 0.000000
6537 806.451 51.960 240.322 +0.001850 70.212 0 0.000 0 0.000000
6538 806.451 51.960 240.322 +0.001850 70.212 0 0.000 0 0.000000
6539 806.466 51.961 240.297 +0.000317 70.214 0 0.000 0 0.000000
6540 806.466 51.961 240.297 +0.000317 70.214 0 0.000 0 0.000000
6541 806.482 51.963 240.271 -0.001217 70.216 0 52.158 1 1.000000
6542 806.482 51.963 240.271 -0.001217 70.216 0 52.158 1 1.000000
6543 806.498 51.964 240.246 -0.002907 70.219 0 52.187 1 1.000000
6544 806.498 51.964 240.246 -0.002907 70.219 0 52.187 1 1.000000
6545 806.513 51.967 240.221 -0.005257 70.221 0 52.216 1 1.000000
6546 806.513 51.967 240.221 -0.005257 70.221 0 52.216 1 1.000000
6547 806.528 51.969 240.195 -0.007591 70.223 0 52.246 1 1.000000
6548 806.528 51.969 240.195 -0.007591 70.223 0 52.246 1 1.000000
6549 806.544 51.971 240.170 -0.009930 70.225 0 52.275 1 1.000000
6550 806.559 51.974 240.145 -0.012268 70.227 0 52.305 1 1.000000
6551 806.559 51.974 240.145 -0.012268 70.227 0 52.305 1 1.000000
6552 806.575 51.976 240.120 -0.014606 70.229 0 52.334 1 1.000000
6553 806.575 51.976 240.120 -0.014606 70.229 0 52.334 1 1.000000
6554 806.590 51.978 240.094 -0.016941 70.231 0 52.364 1 1.000000
6555 806.590 51.978 240.094 -0.016941 70.231 0 52.364 1 1.000000
6556 806.605 51.981 240.069 -0.019279 70.233 0 52.393 1 1.000000
6557 806.605 51.981 240.069 -0.019279 70.233 0 52.393 1 1.000000
6558 806.621 51.983 240.044 -0.021618 70.235 0 52.423 1 1.000000
6559 806.621 51.983 240.044 -0.021618 70.235 0 52.423 1 1.000000
6560 806.636 51.984 240.018 -0.022934 70.237 0 52.452 1 1.000000
6561 806.636 51.984 240.018 -0.022934 70.237 0 52.452 1 1.000000
6562 806.651 51.993 239.997 -0.031303 70.239 0 52.479 1 1.000000
6563 806.651 51.993 239.997 -0.031303 70.239 0 52.479 1 1.000000
6564 806.667 52.001 239.975 -0.039265 70.241 0 52.506 1 1.000000
6565 806.667 52.001 239.975 -0.039265 70.241 0 52.506 1 1.000000
6566 806.682 52.009 239.953 -0.047474 70.243 0 52.533 1 1.000000
6567 806.682 52.009 239.953 -0.047474 70.243 0 52.533 1 1.000000
6568 806.697 52.017 239.931 -0.055683 70.244 0 52.560 1 1.000000
6569 806.697 52.017 239.931 -0.055683 70.244 0 52.560 1 1.000000
6570 806.712 52.025 239.909 -0.063892 70.246 0 52.587 1 1.000000
6571 806.712 52.025 239.909 -0.063892 70.246 0 52.587 1 1.000000
6572 806.727 52.034 239.888 -0.072102 70.248 0 52.614 1 1.000000
6573 806.727 52.034 239.888 -0.072102 70.248 0 52.614 1 1.000000
6574 806.742 52.042 239.866 -0.080311 70.250 0 52.640 1 1.000000
6575 806.742 52.042 239.866 -0.080311 70.250 0 52.640 1 1.000000
6576 806.758 52.050 239.844 -0.088528 70.251 0 52.667 1 1.000000
6577 806.758 52.050 239.844 -0.088528 70.251 0 52.667 1 1.000000
6578 806.773 52.058 239.822 -0.096741 70.253 0 52.694 1 1.000000
6579 806.773 52.058 239.822 -0.096741 70.253 0 52.694 1 1.000000
6580 806.788 52.066 239.800 -0.104958 70.255 0 52.721 1 1.000000
6581 806.788 52.066 239.800 -0.104958 70.255 0 52.721 1 1.000000
6582 806.803 52.075 239.778 -0.113174 70.257 0 52.748 1 1.000000
6583 806.803 52.075 239.778 -0.113174 70.257 0 52.748 1 1.000000
6584 806.818 52.083 239.756 -0.121391 70.259 0 52.775 1 1.000000
6585 806.818 52.083 239.756 -0.121391 70.259 0 52.775 1 1.000000
6586 806.833 52.091 239.735 -0.120136 70.260 0 52.802 1 1.000000
6587 806.833 52.091 239.735 -0.120136 70.260 0 52.802 1 1.000000
6588 806.848 52.099 239.713 -0.096531 70.262 0 52.829 1 1.000000
6589 806.893 52.124 239.647 -0.025251 70.267 0 52.910 1 1.000000
6590 806.893 52.124 239.647 -0.025251 70.267 0 52.910 1 1.000000
6591 806.908 52.133 239.626 -0.001786 70.269 0 52.936 1 1.000000
6592 806.908 52.133 239.626 -0.001786 70.269 0 52.936 1 1.000000
6593 806.923 52.143 239.605 +0.020646 70.271 0 0.000 0 0.000000
6594 806.923 52.143 239.605 +0.020646 70.271 0 0.000 0 0.000000
6595 806.938 52.152 239.585 +0.043143 70.272 0 0.000 0 0.000000
6596 806.938 52.152 239.585 +0.043143 70.272 0 0.000 0 0.000000
6597 806.953 52.162 239.565 +0.040909 70.274 0 0.000 0 0.000000
6598 806.953 52.162 239.565 +0.040909 70.274 0 0.000 0 0.000000
6599 806.968 52.172 239.544 +0.034382 70.276 0 0.000 0 0.000000
6600 806.968 52.172 239.544 +0.034382 70.276 0 0.000 0 0.000000
6601 806.982 52.181 239.524 +0.027851 70.277 0 0.000 0 0.000000
6602 806.982 52.181 239.524 +0.027851 70.277 0 0.000 0 0.000000
6603 806.997 52.191 239.504 +0.021324 70.279 0 0.000 0 0.000000
6604 807.027 52.210 239.463 +0.008255 70.282 0 0.000 0 0.000000
6605 807.027 52.210 239.463 +0.008255 70.282 0 0.000 0 0.000000
6606 807.041 52.220 239.442 +0.001717 70.284 0 0.000 0 0.000000
6607 807.041 52.220 239.442 +0.001717 70.284 0 0.000 0 0.000000
6608 807.056 52.229 239.422 -0.004818 70.286 0 53.193 1 1.000000
6609 807.056 52.229 239.422 -0.004818 70.286 0 53.193 1 1.000000
6610 807.071 52.239 239.402 -0.011356 70.287 0 53.218 1 1.000000
6611 807.071 52.239 239.402 -0.011356 70.287 0 53.218 1 1.000000
6612 807.085 52.249 239.381 -0.017899 70.289 0 53.244 1 1.000000
6613 807.085 52.249 239.381 -0.017899 70.289 0 53.244 1 1.000000
6614 807.100 52.258 239.361 -0.024445 70.291 0 53.270 1 1.000000
6615 807.100 52.258 239.361 -0.024445 70.291 0 53.270 1 1.000000
6616 807.115 52.268 239.340 -0.030956 70.292 0 53.295 1 1.000000
6617 807.115 52.268 239.340 -0.030956 70.292 0 53.295 1 1.000000
6618 807.130 52.275 239.318 -0.035015 70.294 0 53.322 1 1.000000
6619 807.130 52.275 239.318 -0.035015 70.294 0 53.322 1 1.000000
6620 807.146 52.281 239.295 -0.037209 70.296 0 53.351 1 1.000000
6621 807.146 52.281 239.295 -0.037209 70.296 0 53.351 1 1.000000
6622 807.162 52.284 239.271 -0.037395 70.298 0 53.379 1 1.000000
6623 807.162 52.284 239.271 -0.037395 70.298 0 53.379 1 1.000000
6624 807.178 52.286 239.246 -0.035454 70.300 0 53.409 1 1.000000
6625 807.178 52.286 239.246 -0.035454 70.300 0 53.409 1 1.000000
6626 807.194 52.287 239.221 -0.032635 70.302 0 53.438 1 1.000000
6627 807.194 52.287 239.221 -0.032635 70.302 0 53.438 1 1.000000
6628 807.210 52.288 239.196 -0.030613 70.304 0 53.467 1 1.000000
6629 807.210 52.288 239.196 -0.030613 70.304 0 53.467 1 1.000000
6630 807.226 52.290 239.171 -0.028606 70.306 0 53.497 1 1.000000
6631 807.226 52.290 239.171 -0.028606 70.306 0 53.497 1 1.000000
6632 807.242 52.291 239.146 -0.026596 70.308 0 53.526 1 1.000000
6633 807.242 52.291 239.146 -0.026596 70.308 0 53.526 1 1.000000
6634 807.259 52.293 239.121 -0.024586 70.310 0 53.556 1 1.000000
6635 807.259 52.293 239.121 -0.024586 70.310 0 53.556 1 1.000000
6636 807.275 52.294 239.096 -0.022579 70.312 0 53.585 1 1.000000
6637 807.275 52.294 239.096 -0.022579 70.312 0 53.585 1 1.000000
6638 807.291 52.296 239.071 -0.020569 70.315 0 53.614 1 1.000000
6639 807.291 52.296 239.071 -0.020569 70.315 0 53.614 1 1.000000
6640 807.307 52.297 239.046 -0.018559 70.317 0 53.644 1 1.000000
6641 807.307 52.297 239.046 -0.018559 70.317 0 53.644 1 1.000000
6642 807.323 52.299 239.021 -0.016552 70.319 0 53.673 1 1.000000
6643 807.323 52.299 239.021 -0.016552 70.319 0 53.673 1 1.000000
6644 807.339 52.300 238.996 -0.014549 70.321 0 53.703 1 1.000000
6645 807.339 52.300 238.996 -0.014549 70.321 0 53.703 1 1.000000
6646 807.355 52.302 238.971 -0.012558 70.323 0 53.732 1 1.000000
6647 807.355 52.302 238.971 -0.012558 70.323 0 53.732 1 1.000000
6648 807.371 52.303 238.946 -0.010567 70.325 0 53.761 1 1.000000
6649 807.371 52.303 238.946 -0.010567 70.325 0 53.761 1 1.000000
6650 807.387 52.305 238.921 -0.008575 70.327 0 53.791 1 1.000000
6651 807.387 52.305 238.921 -0.008575 70.327 0 53.791 1 1.000000
6652 807.403 52.307 238.896 -0.006588 70.329 0 53.820 1 1.000000
6653 807.403 52.307 238.896 -0.006588 70.329 0 53.820 1 1.000000
6654 807.419 52.308 238.871 -0.004601 70.331 0 53.850 1 1.000000
6655 807.419 52.308 238.871 -0.004601 70.331 0 53.850 1 1.000000
6656 807.435 52.310 238.846 -0.002613 70.333 0 53.879 1 1.000000
6657 807.483 52.314 238.770 +0.003334 70.340 0 0.000 0 0.000000
6658 807.483 52.314 238.770 +0.003334 70.340 0 0.000 0 0.000000
6659 807.499 52.316 238.745 +0.005306 70.342 0 0.000 0 0.000000
6660 807.515 52.320 238.721 +0.004875 70.344 0 0.000 0 0.000000
6661 807.529 52.326 238.696 +0.002117 70.346 0 0.000 0 0.000000
6662 807.543 52.332 238.672 -0.000637 70.348 0 54.083 1 1.000000
6663 807.601 52.349 238.572 -0.003407 70.356 0 54.199 1 1.000000
6664 807.616 52.352 238.547 -0.003239 70.359 0 54.228 1 1.000000
6665 807.616 52.352 238.547 -0.003239 70.359 0 54.228 1 1.000000
6666 807.616 52.352 238.547 -0.003239 70.359 0 54.228 1 1.000000
6667 807.630 52.356 238.522 -0.003540 70.361 0 54.257 1 1.000000
6668 807.630 52.356 238.522 -0.003540 70.361 0 54.257 1 1.000000
6669 807.645 52.359 238.496 -0.003349 70.363 0 54.287 1 1.000000
6670 807.645 52.359 238.496 -0.003349 70.363 0 54.287 1 1.000000
6671 807.660 52.363 238.471 -0.003437 70.365 0 54.316 1 1.000000
6672 807.660 52.363 238.471 -0.003437 70.365 0 54.316 1 1.000000
6673 807.675 52.367 238.446 -0.003525 70.367 0 54.345 1 1.000000
6674 807.675 52.367 238.446 -0.003525 70.367 0 54.345 1 1.000000
6675 807.689 52.370 238.421 -0.003613 70.369 0 54.375 1 1.000000
6676 807.689 52.370 238.421 -0.003613 70.369 0 54.375 1 1.000000
6677 807.704 52.374 238.395 -0.003700 70.371 0 54.404 1 1.000000
6678 807.704 52.374 238.395 -0.003700 70.371 0 54.404 1 1.000000
6679 807.719 52.377 238.370 -0.003788 70.374 0 54.433 1 1.000000
6680 807.719 52.377 238.370 -0.003788 70.374 0 54.433 1 1.000000
6681 807.734 52.381 238.345 -0.003876 70.376 0 54.463 1 1.000000
6682 807.734 52.381 238.345 -0.003876 70.376 0 54.463 1 1.000000
6683 807.749 52.385 238.320 -0.003967 70.378 0 54.492 1 1.000000
6684 807.763 52.388 238.295 -0.004059 70.380 0 54.521 1 1.000000
6685 807.763 52.388 238.295 -0.004059 70.380 0 54.521 1 1.000000
6686 807.763 52.388 238.295 -0.004059 70.380 0 54.521 1 1.000000
6687 807.778 52.392 238.269 -0.004147 70.382 0 54.550 1 1.000000
6688 807.778 52.392 238.269 -0.004147 70.382 0 54.550 1 1.000000
6689 807.793 52.395 238.244 -0.004234 70.384 0 54.580 1 1.000000
6690 807.808 52.399 238.219 -0.004322 70.387 0 54.609 1 1.000000
6691 807.808 52.399 238.219 -0.004322 70.387 0 54.609 1 1.000000
6692 807.822 52.403 238.194 -0.004410 70.389 0 54.638 1 1.000000
6693 807.822 52.403 238.194 -0.004410 70.389 0 54.638 1 1.000000
6694 807.837 52.406 238.168 -0.004498 70.391 0 54.668 1 1.000000
6695 807.837 52.406 238.168 -0.004498 70.391 0 54.668 1 1.000000
6696 807.852 52.410 238.143 -0.004585 70.393 0 54.697 1 1.000000
6697 807.867 52.414 238.118 -0.004677 70.395 0 54.726 1 1.000000
6698 807.867 52.414 238.118 -0.004677 70.395 0 54.726 1 1.000000
6699 807.881 52.417 238.093 -0.004765 70.397 0 54.755 1 1.000000
6700 807.896 52.421 238.068 -0.004852 70.399 0 54.785 1 1.000000
6701 807.896 52.421 238.068 -0.004852 70.399 0 54.785 1 1.000000
6702 807.911 52.424 238.042 -0.004944 70.402 0 54.814 1 1.000000
6703 807.911 52.424 238.042 -0.004944 70.402 0 54.814 1 1.000000
6704 807.926 52.428 238.017 -0.005035 70.404 0 54.843 1 1.000000
6705 807.926 52.428 238.017 -0.005035 70.404 0 54.843 1 1.000000
6706 807.940 52.432 237.992 -0.005123 70.406 0 54.873 1 1.000000
6707 807.955 52.435 237.967 -0.005020 70.408 0 54.902 1 1.000000
6708 807.955 52.435 237.967 -0.005020 70.408 0 54.902 1 1.000000
6709 807.970 52.438 237.941 -0.004948 70.410 0 54.931 1 1.000000
6710 807.970 52.438 237.941 -0.004948 70.410 0 54.931 1 1.000000
6711 807.985 52.442 237.916 -0.004875 70.412 0 54.961 1 1.000000
6712 807.999 52.445 237.891 -0.004799 70.415 0 54.990 1 1.000000
6713 807.999 52.445 237.891 -0.004799 70.415 0 54.990 1 1.000000
6714 807.999 52.445 237.891 -0.004799 70.415 0 54.990 1 1.000000
6715 808.014 52.449 237.866 -0.004730 70.422 0 55.019 1 1.000000
6716 808.029 52.452 237.840 -0.004654 70.502 0 55.048 1 1.000000
6717 808.029 52.452 237.840 -0.004654 70.502 0 55.048 1 1.000000
6718 808.029 52.452 237.840 -0.004654 70.502 0 55.048 1 1.000000
6719 808.044 52.456 237.815 -0.004585 70.582 0 55.078 1 1.000000
6720 808.059 52.459 237.790 -0.004509 70.662 0 55.107 1 1.000000
6721 808.059 52.459 237.790 -0.004509 70.662 0 55.107 1 1.000000
6722 808.059 52.459 237.790 -0.004509 70.662 0 55.107 1 1.000000
6723 808.073 52.463 237.764 -0.004436 70.743 0 55.136 1 1.000000
6724 808.088 52.466 237.739 -0.004364 70.823 0 55.166 1 1.000000
6725 808.088 52.466 237.739 -0.004364 70.823 0 55.166 1 1.000000
6726 808.088 52.466 237.739 -0.004364 70.823 0 55.166 1 1.000000
6727 808.103 52.469 237.714 -0.004292 70.903 0 55.195 1 1.000000
6728 808.103 52.469 237.714 -0.004292 70.903 0 55.195 1 1.000000
6729 808.118 52.473 237.689 -0.004219 70.983 0 55.224 1 1.000000
6730 808.118 52.473 237.689 -0.004219 70.983 0 55.224 1 1.000000
6731 808.132 52.476 237.663 -0.004147 71.064 0 55.254 1 1.000000
6732 808.132 52.476 237.663 -0.004147 71.064 0 55.254 1 1.000000
6733 808.147 52.480 237.638 -0.004074 71.144 0 55.283 1 1.000000
6734 808.162 52.483 237.613 -0.004002 71.224 0 55.312 1 1.000000
6735 808.162 52.483 237.613 -0.004002 71.224 0 55.312 1 1.000000
6736 808.162 52.483 237.613 -0.004002 71.224 0 55.312 1 1.000000
6737 808.177 52.487 237.587 -0.003929 71.304 0 55.342 1 1.000000
6738 808.177 52.487 237.587 -0.003929 71.304 0 55.342 1 1.000000
6739 808.191 52.490 237.562 -0.003857 71.385 0 55.371 1 1.000000
6740 808.191 52.490 237.562 -0.003857 71.385 0 55.371 1 1.000000
6741 808.206 52.495 237.537 -0.005219 71.464 0 55.400 1 1.000000
6742 808.206 52.495 237.537 -0.005219 71.464 0 55.400 1 1.000000
6743 808.221 52.500 237.513 -0.007088 71.542 0 55.429 1 1.000000
6744 808.294 52.527 237.391 -0.016411 71.930 0 55.573 1 1.000000
6745 808.294 52.527 237.391 -0.016411 71.930 0 55.573 1 1.000000
6746 808.309 52.532 237.366 -0.018276 72.007 0 55.601 1 1.000000
6747 808.309 52.532 237.366 -0.018276 72.007 0 55.601 1 1.000000
6748 808.324 52.536 237.341 -0.018101 72.087 0 55.631 1 1.000000
6749 808.324 52.536 237.341 -0.018101 72.087 0 55.631 1 1.000000
6750 808.339 52.537 237.316 -0.015820 72.168 0 55.660 1 1.000000
6751 808.339 52.537 237.316 -0.015820 72.168 0 55.660 1 1.000000
6752 808.354 52.539 237.290 -0.014542 72.249 0 55.690 1 1.000000
6753 808.354 52.539 237.290 -0.014542 72.249 0 55.690 1 1.000000
6754 808.369 52.541 237.265 -0.013268 72.329 0 55.719 1 1.000000
6755 808.369 52.541 237.265 -0.013268 72.329 0 55.719 1 1.000000
6756 808.384 52.544 237.239 -0.011993 72.410 0 55.749 1 1.000000
6757 808.384 52.544 237.239 -0.011993 72.410 0 55.749 1 1.000000
6758 808.399 52.546 237.214 -0.010723 72.491 0 55.778 1 1.000000
6759 808.445 52.553 237.137 -0.006905 72.733 0 55.867 1 1.000000
6760 808.445 52.553 237.137 -0.006905 72.733 0 55.867 1 1.000000
6761 808.445 52.553 237.137 -0.006905 72.733 0 55.867 1 1.000000
6762 808.460 52.555 237.112 -0.005634 72.814 0 55.896 1 1.000000
6763 808.460 52.555 237.112 -0.005634 72.814 0 55.896 1 1.000000
6764 808.475 52.557 237.086 -0.004360 72.895 0 55.926 1 1.000000
6765 808.475 52.557 237.086 -0.004360 72.895 0 55.926 1 1.000000
6766 808.490 52.560 237.061 -0.003090 72.975 0 55.955 1 1.000000
6767 808.490 52.560 237.061 -0.003090 72.975 0 55.955 1 1.000000
6768 808.505 52.563 237.036 -0.002693 73.056 0 55.985 1 1.000000
6769 808.505 52.563 237.036 -0.002693 73.056 0 55.985 1 1.000000
6770 808.520 52.566 237.010 -0.002850 73.136 0 56.014 1 1.000000
6771 808.520 52.566 237.010 -0.002850 73.136 0 56.014 1 1.000000
6772 808.534 52.570 236.985 -0.002998 73.216 0 56.043 1 1.000000
6773 808.534 52.570 236.985 -0.002998 73.216 0 56.043 1 1.000000
6774 808.549 52.574 236.960 -0.003151 73.297 0 56.072 1 1.000000
6775 808.549 52.574 236.960 -0.003151 73.297 0 56.072 1 1.000000
6776 808.563 52.577 236.934 -0.003300 73.377 0 56.102 1 1.000000
6777 808.563 52.577 236.934 -0.003300 73.377 0 56.102 1 1.000000
6778 808.578 52.581 236.909 -0.003448 73.457 0 56.131 1 1.000000
6779 808.578 52.581 236.909 -0.003448 73.457 0 56.131 1 1.000000
6780 808.592 52.585 236.884 -0.003601 73.537 0 56.160 1 1.000000
6781 808.592 52.585 236.884 -0.003601 73.537 0 56.160 1 1.000000
6782 808.607 52.588 236.858 -0.003750 73.618 0 56.190 1 1.000000
6783 808.607 52.588 236.858 -0.003750 73.618 0 56.190 1 1.000000
6784 808.621 52.592 236.833 -0.003902 73.698 0 56.219 1 1.000000
6785 808.621 52.592 236.833 -0.003902 73.698 0 56.219 1 1.000000
6786 808.636 52.596 236.808 -0.004051 73.778 0 56.248 1 1.000000
6787 808.636 52.596 236.808 -0.004051 73.778 0 56.248 1 1.000000
6788 808.651 52.599 236.782 -0.004204 73.858 0 56.277 1 1.000000
6789 808.651 52.599 236.782 -0.004204 73.858 0 56.277 1 1.000000
6790 808.665 52.603 236.757 -0.004353 73.938 0 56.307 1 1.000000
6791 808.665 52.603 236.757 -0.004353 73.938 0 56.307 1 1.000000
6792 808.680 52.607 236.732 -0.004505 74.018 0 56.336 1 1.000000
6793 808.680 52.607 236.732 -0.004505 74.018 0 56.336 1 1.000000
6794 808.694 52.610 236.706 -0.004139 74.099 0 56.365 1 1.000000
6795 808.694 52.610 236.706 -0.004139 74.099 0 56.365 1 1.000000
6796 808.709 52.613 236.681 -0.003841 74.180 0 56.395 1 1.000000
6797 808.709 52.613 236.681 -0.003841 74.180 0 56.395 1 1.000000
6798 808.724 52.616 236.656 -0.003544 74.260 0 56.424 1 1.000000
6799 808.724 52.616 236.656 -0.003544 74.260 0 56.424 1 1.000000
6800 808.738 52.620 236.630 -0.003246 74.340 0 56.453 1 1.000000
6801 808.738 52.620 236.630 -0.003246 74.340 0 56.453 1 1.000000
6802 808.753 52.623 236.605 -0.002949 74.421 0 56.483 1 1.000000
6803 808.753 52.623 236.605 -0.002949 74.421 0 56.483 1 1.000000
6804 808.767 52.626 236.579 -0.002655 74.501 0 56.512 1 1.000000
6805 808.767 52.626 236.579 -0.002655 74.501 0 56.512 1 1.000000
6806 808.781 52.629 236.553 -0.002354 74.584 0 56.542 1 1.000000
6807 808.781 52.629 236.553 -0.002354 74.584 0 56.542 1 1.000000
6808 808.793 52.633 236.526 -0.002048 74.670 0 56.571 1 1.000000
6809 808.803 52.636 236.499 -0.002186 74.757 0 56.601 1 1.000000
6810 808.803 52.636 236.499 -0.002186 74.757 0 56.601 1 1.000000
6811 808.803 52.636 236.499 -0.002186 74.757 0 56.601 1 1.000000
6812 808.812 52.640 236.471 -0.002190 74.845 0 56.630 1 1.000000
6813 808.833 52.657 236.327 -0.002258 75.309 0 56.771 1 1.000000
6814 808.833 52.660 236.297 -0.002281 75.404 0 56.798 1 1.000000
6815 808.833 52.660 236.297 -0.002281 75.404 0 56.798 1 1.000000
6816 808.833 52.660 236.297 -0.002281 75.404 0 56.798 1 1.000000
6817 808.831 52.663 236.268 -0.002308 75.499 0 56.824 1 1.000000
6818 808.831 52.663 236.268 -0.002308 75.499 0 56.824 1 1.000000
6819 808.827 52.666 236.239 -0.002342 75.595 0 56.850 1 1.000000
6820 808.827 52.666 236.239 -0.002342 75.595 0 56.850 1 1.000000
6821 808.822 52.669 236.210 -0.002380 75.689 0 56.874 1 1.000000
6822 808.822 52.669 236.210 -0.002380 75.689 0 56.874 1 1.000000
6823 808.816 52.672 236.181 -0.002415 75.784 0 56.898 1 1.000000
6824 808.760 52.685 236.044 -0.002659 76.240 0 57.000 1 1.000000
6825 808.760 52.685 236.044 -0.002659 76.240 0 57.000 1 1.000000
6826 808.745 52.687 236.019 -0.002720 76.326 0 57.017 1 1.000000
6827 808.745 52.687 236.019 -0.002720 76.326 0 57.017 1 1.000000
6828 808.728 52.689 235.995 -0.002777 76.410 0 57.032 1 1.000000
6829 808.728 52.689 235.995 -0.002777 76.410 0 57.032 1 1.000000
6830 808.710 52.691 235.971 -0.002838 76.492 0 57.047 1 1.000000
6831 808.710 52.691 235.971 -0.002838 76.492 0 57.047 1 1.000000
6832 808.691 52.692 235.948 -0.002903 76.571 0 57.060 1 1.000000
6833 808.691 52.692 235.948 -0.002903 76.571 0 57.060 1 1.000000
6834 808.671 52.694 235.926 -0.002968 76.648 0 57.071 1 1.000000
6835 808.671 52.694 235.926 -0.002968 76.648 0 57.071 1 1.000000
6836 808.649 52.695 235.906 -0.003036 76.721 0 57.081 1 1.000000
6837 808.649 52.695 235.906 -0.003036 76.721 0 57.081 1 1.000000
6838 808.627 52.696 235.886 -0.003101 76.791 0 57.090 1 1.000000
6839 808.627 52.696 235.886 -0.003101 76.791 0 57.090 1 1.000000
6840 808.603 52.697 235.868 -0.003178 76.857 0 57.097 1 1.000000
6841 808.603 52.697 235.868 -0.003178 76.857 0 57.097 1 1.000000
6842 808.579 52.698 235.850 -0.003246 76.920 0 57.103 1 1.000000
6843 808.579 52.698 235.850 -0.003246 76.920 0 57.103 1 1.000000
6844 808.553 52.698 235.835 -0.003323 76.979 0 57.107 1 1.000000
6845 808.553 52.698 235.835 -0.003323 76.979 0 57.107 1 1.000000
6846 808.527 52.699 235.820 -0.003395 77.034 0 57.109 1 1.000000
6847 808.501 52.702 235.807 -0.006832 77.085 0 57.111 1 1.000000
6848 808.501 52.702 235.807 -0.006832 77.085 0 57.111 1 1.000000
6849 808.501 52.702 235.807 -0.006832 77.085 0 57.111 1 1.000000
6850 808.476 52.708 235.793 -0.011806 77.135 0 57.113 1 1.000000
6851 808.476 52.708 235.793 -0.011806 77.135 0 57.113 1 1.000000
6852 808.451 52.713 235.780 -0.016773 77.186 0 57.115 1 1.000000
6853 808.451 52.713 235.780 -0.016773 77.186 0 57.115 1 1.000000
6854 808.425 52.718 235.767 -0.021740 77.237 0 57.118 1 1.000000
6855 808.425 52.718 235.767 -0.021740 77.237 0 57.118 1 1.000000
6856 808.400 52.723 235.754 -0.026707 77.288 0 57.120 1 1.000000
6857 808.400 52.723 235.754 -0.026707 77.288 0 57.120 1 1.000000
6858 808.375 52.728 235.740 -0.031673 77.340 0 57.122 1 1.000000
6859 808.375 52.728 235.740 -0.031673 77.340 0 57.122 1 1.000000
6860 808.350 52.734 235.727 -0.036640 77.392 0 57.124 1 1.000000
6861 808.350 52.734 235.727 -0.036640 77.392 0 57.124 1 1.000000
6862 808.324 52.739 235.714 -0.041607 77.443 0 57.127 1 1.000000
6863 808.324 52.739 235.714 -0.041607 77.443 0 57.127 1 1.000000
6864 808.299 52.744 235.701 -0.046574 77.495 0 57.129 1 1.000000
6865 808.299 52.744 235.701 -0.046574 77.495 0 57.129 1 1.000000
6866 808.274 52.749 235.687 -0.051544 77.548 0 57.131 1 1.000000
6867 808.274 52.749 235.687 -0.051544 77.548 0 57.131 1 1.000000
6868 808.248 52.755 235.674 -0.056507 77.600 0 57.133 1 1.000000
6869 808.223 52.760 235.661 -0.061478 77.653 0 57.136 1 1.000000
6870 808.198 52.765 235.648 -0.066441 77.706 0 57.138 1 1.000000
6871 808.198 52.765 235.648 -0.066441 77.706 0 57.138 1 1.000000
6872 808.198 52.765 235.648 -0.066441 77.706 0 57.138 1 1.000000
6873 808.173 52.770 235.634 -0.071411 77.759 0 57.140 1 1.000000
6874 808.173 52.770 235.634 -0.071411 77.759 0 57.140 1 1.000000
6875 808.147 52.776 235.621 -0.076378 77.812 0 57.142 1 1.000000
6876 808.147 52.776 235.621 -0.076378 77.812 0 57.142 1 1.000000
6877 808.122 52.781 235.608 -0.081345 77.866 0 57.145 1 1.000000
6878 808.122 52.781 235.608 -0.081345 77.866 0 57.145 1 1.000000
6879 808.096 52.786 235.596 -0.086452 77.915 0 57.145 1 1.000000
6880 808.096 52.786 235.596 -0.086452 77.915 0 57.145 1 1.000000
6881 808.070 52.791 235.586 -0.091686 77.959 0 57.145 1 1.000000
6882 808.070 52.791 235.586 -0.091686 77.959 0 57.145 1 1.000000
6883 808.042 52.796 235.577 -0.097019 77.999 0 57.142 1 1.000000
6884 808.042 52.796 235.577 -0.097019 77.999 0 57.142 1 1.000000
6885 808.015 52.801 235.569 -0.102325 78.034 0 57.138 1 1.000000
6886 808.015 52.801 235.569 -0.102325 78.034 0 57.138 1 1.000000
6887 807.987 52.806 235.563 -0.107529 78.065 0 57.133 1 1.000000
6888 807.987 52.806 235.563 -0.107529 78.065 0 57.133 1 1.000000
6889 807.958 52.810 235.558 -0.112934 78.090 0 57.126 1 1.000000
6890 807.958 52.810 235.558 -0.112934 78.090 0 57.126 1 1.000000
6891 807.929 52.815 235.555 -0.118427 78.110 0 57.118 1 1.000000
6892 807.929 52.815 235.555 -0.118427 78.110 0 57.118 1 1.000000
6893 807.901 52.819 235.553 -0.123993 78.125 0 57.108 1 1.000000
6894 807.901 52.819 235.553 -0.123993 78.125 0 57.108 1 1.000000
6895 807.872 52.823 235.553 -0.129612 78.135 0 57.096 1 1.000000
6896 807.872 52.823 235.553 -0.129612 78.135 0 57.096 1 1.000000
6897 807.843 52.827 235.555 -0.135281 78.139 0 57.084 1 1.000000
6898 807.843 52.827 235.555 -0.135281 78.139 0 57.084 1 1.000000
6899 807.814 52.831 235.558 -0.140972 78.138 0 63.345 1 1.000000
6900 807.814 52.831 235.558 -0.140972 78.138 0 63.345 1 1.000000
6901 807.785 52.835 235.563 -0.146675 78.131 0 63.373 1 1.000000
6902 807.785 52.835 235.563 -0.146675 78.131 0 63.373 1 1.000000
6903 807.756 52.839 235.569 -0.152363 78.119 0 63.401 1 1.000000
6904 807.728 52.842 235.577 -0.158028 78.101 0 63.430 1 1.000000
6905 807.728 52.842 235.577 -0.158028 78.101 0 63.430 1 1.000000
6906 807.728 52.842 235.577 -0.158028 78.101 0 63.430 1 1.000000
6907 807.704 52.850 235.587 -0.167728 78.072 0 63.457 1 1.000000
6908 807.689 52.861 235.600 -0.180614 78.030 0 63.479 1 1.000000
6909 807.673 52.871 235.613 -0.192810 77.988 0 63.501 1 1.000000
6910 807.655 52.880 235.627 -0.204441 77.946 0 63.524 1 1.000000
6911 807.655 52.880 235.627 -0.204441 77.946 0 63.524 1 1.000000
6912 807.636 52.889 235.641 -0.215317 77.903 0 63.548 1 1.000000
6913 807.636 52.889 235.641 -0.215317 77.903 0 63.548 1 1.000000
6914 807.615 52.896 235.655 -0.225281 77.859 0 63.574 1 1.000000
6915 807.593 52.903 235.669 -0.234188 77.817 0 63.601 1 1.000000
6916 807.593 52.903 235.669 -0.234188 77.817 0 63.601 1 1.000000
6917 807.570 52.908 235.683 -0.242168 77.775 0 63.628 1 1.000000
6918 807.570 52.908 235.683 -0.242168 77.775 0 63.628 1 1.000000
6919 807.547 52.914 235.697 -0.250751 77.732 0 63.656 1 1.000000
6920 807.547 52.914 235.697 -0.250751 77.732 0 63.656 1 1.000000
6921 807.524 52.920 235.711 -0.259350 77.689 0 63.683 1 1.000000
6922 807.524 52.920 235.711 -0.259350 77.689 0 63.683 1 1.000000
6923 807.479 52.932 235.740 -0.276596 77.603 0 63.738 1 1.000000
6924 807.479 52.932 235.740 -0.276596 77.603 0 63.738 1 1.000000
6925 807.456 52.938 235.754 -0.285244 77.560 0 63.765 1 1.000000
6926 807.433 52.944 235.768 -0.293903 77.518 0 63.792 1 1.000000
6927 807.410 52.951 235.782 -0.302574 77.475 0 63.819 1 1.000000
6928 807.388 52.957 235.796 -0.311237 77.432 0 63.847 1 1.000000
6929 807.365 52.963 235.810 -0.306308 77.390 0 63.874 1 1.000000
6930 807.365 52.963 235.810 -0.306308 77.390 0 63.874 1 1.000000
6931 807.365 52.963 235.810 -0.306308 77.390 0 63.874 1 1.000000
6932 807.320 52.976 235.852 -0.282948 77.254 0 63.934 1 1.000000
6933 807.282 52.942 235.950 -0.288763 76.914 0 64.000 1 1.000000
6934 807.277 52.929 235.971 -0.293356 76.840 0 64.010 1 1.000000
6935 807.277 52.929 235.971 -0.293356 76.840 0 64.010 1 1.000000
6936 807.277 52.911 235.992 -0.293179 76.766 0 64.014 1 1.000000
6937 807.277 52.911 235.992 -0.293179 76.766 0 64.014 1 1.000000
6938 807.278 52.891 236.013 -0.275810 76.691 0 64.018 1 1.000000
6939 807.278 52.891 236.013 -0.275810 76.691 0 64.018 1 1.000000
6940 807.285 52.881 236.031 -0.267033 76.623 0 64.016 1 1.000000
6941 807.285 52.881 236.031 -0.267033 76.623 0 64.016 1 1.000000
6942 807.273 52.888 236.044 -0.276150 76.581 0 64.034 1 1.000000
6943 807.273 52.888 236.044 -0.276150 76.581 0 64.034 1 1.000000
6944 807.268 52.885 236.057 -0.275383 76.535 0 64.044 1 1.000000
6945 807.266 52.881 236.072 -0.272121 76.486 0 64.050 1 1.000000
6946 807.266 52.881 236.072 -0.272121 76.486 0 64.050 1 1.000000
6947 807.265 52.875 236.086 -0.268539 76.433 0 64.056 1 1.000000
6948 807.265 52.875 236.086 -0.268539 76.433 0 64.056 1 1.000000
6949 807.259 52.882 236.101 -0.277569 76.383 0 64.068 1 1.000000
6950 807.254 52.880 236.114 -0.276779 76.338 0 64.077 1 1.000000
6951 807.254 52.880 236.114 -0.276779 76.338 0 64.077 1 1.000000
6952 807.252 52.875 236.128 -0.273495 76.290 0 64.084 1 1.000000
6953 807.252 52.875 236.128 -0.273495 76.290 0 64.084 1 1.000000
6954 807.251 52.868 236.142 -0.267735 76.240 0 56.315 1 1.000000
6955 807.251 52.868 236.142 -0.267735 76.240 0 56.315 1 1.000000
6956 807.252 52.863 236.157 -0.264912 76.185 0 56.301 1 1.000000
6957 807.252 52.863 236.157 -0.264912 76.185 0 56.301 1 1.000000
6958 807.244 52.870 236.171 -0.274036 76.139 0 56.287 1 1.000000
6959 807.244 52.870 236.171 -0.274036 76.139 0 56.287 1 1.000000
6960 807.239 52.868 236.184 -0.273209 76.095 0 56.273 1 1.000000
6961 807.239 52.868 236.184 -0.273209 76.095 0 56.273 1 1.000000
6962 807.237 52.863 236.197 -0.269886 76.048 0 56.259 1 1.000000
6963 807.237 52.863 236.197 -0.269886 76.048 0 56.259 1 1.000000
6964 807.236 52.856 236.212 -0.264172 75.997 0 56.245 1 1.000000
6965 807.234 52.851 236.227 -0.261749 75.942 0 56.229 1 1.000000
6966 807.228 52.857 236.242 -0.269474 75.893 0 56.214 1 1.000000
6967 807.223 52.855 236.255 -0.268654 75.847 0 56.200 1 1.000000
6968 807.223 52.855 236.255 -0.268654 75.847 0 56.200 1 1.000000
6969 807.223 52.855 236.255 -0.268654 75.847 0 56.200 1 1.000000
6970 807.221 52.850 236.269 -0.265305 75.799 0 56.186 1 1.000000
6971 807.221 52.850 236.269 -0.265305 75.799 0 56.186 1 1.000000
6972 807.219 52.842 236.283 -0.259460 75.750 0 56.172 1 1.000000
6973 807.219 52.836 236.298 -0.254848 75.697 0 56.157 1 1.000000
6974 807.219 52.836 236.298 -0.254848 75.697 0 56.157 1 1.000000
6975 807.212 52.842 236.312 -0.262665 75.649 0 56.142 1 1.000000
6976 807.212 52.842 236.312 -0.262665 75.649 0 56.142 1 1.000000
6977 807.207 52.839 236.325 -0.261810 75.605 0 56.128 1 1.000000
6978 807.207 52.839 236.325 -0.261810 75.605 0 56.128 1 1.000000
6979 807.204 52.834 236.339 -0.258430 75.558 0 56.114 1 1.000000
6980 807.203 52.827 236.352 -0.252544 75.510 0 56.100 1 1.000000
6981 807.203 52.827 236.352 -0.252544 75.510 0 56.100 1 1.000000
6982 807.203 52.827 236.352 -0.252544 75.510 0 56.100 1 1.000000
6983 807.203 52.821 236.367 -0.248264 75.457 0 56.086 1 1.000000
6984 807.203 52.821 236.367 -0.248264 75.457 0 56.086 1 1.000000
6985 807.196 52.827 236.381 -0.256142 75.410 0 56.072 1 1.000000
6986 807.196 52.827 236.381 -0.256142 75.410 0 56.072 1 1.000000
6987 807.191 52.824 236.394 -0.255249 75.367 0 56.058 1 1.000000
6988 807.191 52.824 236.394 -0.255249 75.367 0 56.058 1 1.000000
6989 807.189 52.819 236.407 -0.251835 75.321 0 56.044 1 1.000000
6990 807.189 52.819 236.407 -0.251835 75.321 0 56.044 1 1.000000
6991 807.187 52.812 236.420 -0.245911 75.275 0 56.031 1 1.000000
6992 807.187 52.806 236.435 -0.241856 75.223 0 56.017 1 1.000000
6993 807.187 52.806 236.435 -0.241856 75.223 0 56.017 1 1.000000
6994 807.187 52.806 236.435 -0.241856 75.223 0 56.017 1 1.000000
6995 807.180 52.812 236.449 -0.249798 75.177 0 56.002 1 1.000000
6996 807.176 52.809 236.461 -0.248871 75.135 0 55.989 1 1.000000
6997 807.176 52.809 236.461 -0.248871 75.135 0 55.989 1 1.000000
6998 807.173 52.804 236.474 -0.245422 75.090 0 55.976 1 1.000000
6999 807.173 52.804 236.474 -0.245422 75.090 0 55.976 1 1.000000
7000 807.172 52.797 236.487 -0.239468 75.045 0 55.962 1 1.000000
7001 807.172 52.797 236.487 -0.239468 75.045 0 55.962 1 1.000000
7002 807.172 52.791 236.501 -0.235588 74.994 0 55.949 1 1.000000
7003 807.172 52.791 236.501 -0.235588 74.994 0 55.949 1 1.000000
7004 807.165 52.798 236.515 -0.243591 74.949 0 55.935 1 1.000000
7005 807.165 52.798 236.515 -0.243591 74.949 0 55.935 1 1.000000
7006 807.160 52.795 236.527 -0.242630 74.908 0 55.922 1 1.000000
7007 807.160 52.795 236.527 -0.242630 74.908 0 55.922 1 1.000000
7008 807.156 52.783 236.552 -0.233162 74.820 0 55.895 1 1.000000
7009 807.145 52.781 236.591 -0.236519 74.687 0 55.855 1 1.000000
7010 807.145 52.781 236.591 -0.236519 74.687 0 55.855 1 1.000000
7011 807.143 52.776 236.604 -0.233002 74.644 0 55.843 1 1.000000
7012 807.143 52.776 236.604 -0.233002 74.644 0 55.843 1 1.000000
7013 807.141 52.770 236.619 -0.229309 74.590 0 55.827 1 1.000000
7014 807.141 52.770 236.619 -0.229309 74.590 0 55.827 1 1.000000
7015 807.135 52.778 236.632 -0.238174 74.546 0 55.814 1 1.000000
7016 807.135 52.778 236.632 -0.238174 74.546 0 55.814 1 1.000000
7017 807.128 52.775 236.645 -0.237427 74.502 0 55.799 1 1.000000
7018 807.128 52.775 236.645 -0.237427 74.502 0 55.799 1 1.000000
7019 807.124 52.770 236.659 -0.234043 74.454 0 55.783 1 1.000000
7020 807.124 52.770 236.659 -0.234043 74.454 0 55.783 1 1.000000
7021 807.121 52.766 236.675 -0.232250 74.401 0 55.768 1 1.000000
7022 807.121 52.766 236.675 -0.232250 74.401 0 55.768 1 1.000000
7023 807.105 52.771 236.702 -0.240570 74.311 0 55.738 1 1.000000
7024 807.101 52.766 236.716 -0.237347 74.262 0 55.723 1 1.000000
7025 807.101 52.766 236.716 -0.237347 74.262 0 55.723 1 1.000000
7026 807.098 52.763 236.731 -0.235798 74.210 0 55.707 1 1.000000
7027 807.098 52.763 236.731 -0.235798 74.210 0 55.707 1 1.000000
7028 807.090 52.770 236.744 -0.244881 74.166 0 55.693 1 1.000000
7029 807.090 52.770 236.744 -0.244881 74.166 0 55.693 1 1.000000
7030 807.083 52.767 236.758 -0.244129 74.122 0 55.678 1 1.000000
7031 807.083 52.767 236.758 -0.244129 74.122 0 55.678 1 1.000000
7032 807.079 52.762 236.772 -0.240875 74.074 0 55.663 1 1.000000
7033 807.079 52.762 236.772 -0.240875 74.074 0 55.663 1 1.000000
7034 807.076 52.758 236.787 -0.238926 74.022 0 55.647 1 1.000000
7035 807.076 52.758 236.787 -0.238926 74.022 0 55.647 1 1.000000
7036 807.068 52.765 236.800 -0.247616 73.978 0 55.633 1 1.000000
7037 807.068 52.765 236.800 -0.247616 73.978 0 55.633 1 1.000000
7038 807.061 52.763 236.813 -0.246838 73.935 0 55.618 1 1.000000
7039 807.061 52.763 236.813 -0.246838 73.935 0 55.618 1 1.000000
7040 807.057 52.758 236.827 -0.243553 73.888 0 55.603 1 1.000000
7041 807.057 52.758 236.827 -0.243553 73.888 0 55.603 1 1.000000
7042 807.054 52.754 236.842 -0.241383 73.837 0 55.588 1 1.000000
7043 807.054 52.754 236.842 -0.241383 73.837 0 55.588 1 1.000000
7044 807.050 52.761 236.853 -0.249752 73.798 0 55.577 1 1.000000
7045 807.050 52.761 236.853 -0.249752 73.798 0 55.577 1 1.000000
7046 807.045 52.759 236.863 -0.248863 73.764 0 55.565 1 1.000000
7047 807.045 52.759 236.863 -0.248863 73.764 0 55.565 1 1.000000
7048 807.044 52.754 236.875 -0.245766 73.725 0 55.554 1 1.000000
7049 807.044 52.754 236.875 -0.245766 73.725 0 55.554 1 1.000000
7050 807.044 52.748 236.886 -0.240948 73.685 0 55.543 1 1.000000
7051 807.040 52.755 236.898 -0.249344 73.646 0 55.532 1 1.000000
7052 807.040 52.755 236.898 -0.249344 73.646 0 55.532 1 1.000000
7053 807.040 52.755 236.898 -0.249344 73.646 0 55.532 1 1.000000
7054 807.035 52.753 236.908 -0.248432 73.613 0 55.521 1 1.000000
7055 807.035 52.753 236.908 -0.248432 73.613 0 55.521 1 1.000000
7056 807.034 52.748 236.919 -0.245308 73.575 0 55.510 1 1.000000
7057 807.034 52.748 236.919 -0.245308 73.575 0 55.510 1 1.000000
7058 807.034 52.742 236.930 -0.240349 73.536 0 55.498 1 1.000000
7059 807.034 52.742 236.930 -0.240349 73.536 0 55.498 1 1.000000
7060 807.030 52.749 236.941 -0.248756 73.497 0 55.488 1 1.000000
7061 807.020 52.743 236.984 -0.248142 73.351 0 55.444 1 1.000000
7062 807.020 52.743 236.984 -0.248142 73.351 0 55.444 1 1.000000
7063 807.015 52.741 236.994 -0.247181 73.320 0 55.433 1 1.000000
7064 807.015 52.741 236.994 -0.247181 73.320 0 55.433 1 1.000000
7065 807.015 52.741 236.994 -0.247181 73.320 0 55.433 1 1.000000
7066 807.014 52.737 237.005 -0.244007 73.283 0 55.423 1 1.000000
7067 807.014 52.737 237.005 -0.244007 73.283 0 55.423 1 1.000000
7068 807.014 52.730 237.016 -0.239098 73.245 0 55.412 1 1.000000
7069 807.014 52.730 237.016 -0.239098 73.245 0 55.412 1 1.000000
7070 807.011 52.738 237.027 -0.247559 73.208 0 55.401 1 1.000000
7071 807.011 52.738 237.027 -0.247559 73.208 0 55.401 1 1.000000
7072 807.006 52.735 237.036 -0.246571 73.177 0 55.391 1 1.000000
7073 807.005 52.731 237.046 -0.243366 73.142 0 55.380 1 1.000000
7074 807.005 52.731 237.046 -0.243366 73.142 0 55.380 1 1.000000
7075 807.005 52.725 237.057 -0.238480 73.105 0 55.370 1 1.000000
7076 807.005 52.725 237.057 -0.238480 73.105 0 55.370 1 1.000000
7077 807.005 52.725 237.057 -0.238480 73.105 0 55.370 1 1.000000
7078 807.002 52.732 237.068 -0.246960 73.068 0 55.360 1 1.000000
7079 806.997 52.730 237.077 -0.245945 73.038 0 55.349 1 1.000000
7080 806.996 52.725 237.087 -0.242710 73.003 0 55.339 1 1.000000
7081 806.996 52.725 237.087 -0.242710 73.003 0 55.339 1 1.000000
7082 806.996 52.719 237.098 -0.237873 72.967 0 55.329 1 1.000000
7083 806.996 52.719 237.098 -0.237873 72.967 0 55.329 1 1.000000
7084 806.992 52.726 237.108 -0.246372 72.931 0 55.319 1 1.000000
7085 806.992 52.726 237.108 -0.246372 72.931 0 55.319 1 1.000000
7086 806.987 52.724 237.117 -0.245338 72.902 0 55.308 1 1.000000
7087 806.987 52.724 237.117 -0.245338 72.902 0 55.308 1 1.000000
7088 806.987 52.720 237.127 -0.242088 72.868 0 55.298 1 1.000000
7089 806.987 52.720 237.127 -0.242088 72.868 0 55.298 1 1.000000
7090 806.987 52.714 237.138 -0.237282 72.832 0 55.288 1 1.000000
7091 806.987 52.714 237.138 -0.237282 72.832 0 55.288 1 1.000000
7092 806.984 52.721 237.148 -0.245796 72.797 0 55.278 1 1.000000
7093 806.984 52.721 237.148 -0.245796 72.797 0 55.278 1 1.000000
7094 806.979 52.719 237.157 -0.244736 72.768 0 55.268 1 1.000000
7095 806.978 52.714 237.167 -0.241463 72.735 0 55.258 1 1.000000
7096 806.978 52.714 237.167 -0.241463 72.735 0 55.258 1 1.000000
7097 806.978 52.708 237.177 -0.236694 72.700 0 55.249 1 1.000000
7098 806.969 52.709 237.205 -0.240833 72.605 0 55.219 1 1.000000
7099 806.969 52.709 237.205 -0.240833 72.605 0 55.219 1 1.000000
7100 806.969 52.709 237.205 -0.240833 72.605 0 55.219 1 1.000000
7101 806.970 52.703 237.215 -0.236122 72.570 0 55.210 1 1.000000
7102 806.970 52.703 237.215 -0.236122 72.570 0 55.210 1 1.000000
7103 806.966 52.710 237.225 -0.244663 72.537 0 55.200 1 1.000000
7104 806.966 52.710 237.225 -0.244663 72.537 0 55.200 1 1.000000
7105 806.961 52.708 237.233 -0.243557 72.510 0 55.190 1 1.000000
7106 806.961 52.704 237.243 -0.240238 72.478 0 55.181 1 1.000000
7107 806.961 52.704 237.243 -0.240238 72.478 0 55.181 1 1.000000
7108 806.961 52.704 237.243 -0.240238 72.478 0 55.181 1 1.000000
7109 806.961 52.698 237.253 -0.235565 72.444 0 55.172 1 1.000000
7110 806.958 52.705 237.263 -0.244129 72.411 0 55.162 1 1.000000
7111 806.953 52.703 237.271 -0.243000 72.385 0 55.153 1 1.000000
7112 806.952 52.699 237.280 -0.239655 72.353 0 55.144 1 1.000000
7113 806.952 52.699 237.280 -0.239655 72.353 0 55.144 1 1.000000
7114 806.953 52.693 237.290 -0.235016 72.320 0 55.134 1 1.000000
7115 806.953 52.693 237.290 -0.235016 72.320 0 55.134 1 1.000000
7116 806.950 52.700 237.299 -0.243591 72.288 0 55.125 1 1.000000
7117 806.950 52.700 237.299 -0.243591 72.288 0 55.125 1 1.000000
7118 806.945 52.698 237.307 -0.242443 72.262 0 55.116 1 1.000000
7119 806.944 52.694 237.316 -0.239071 72.231 0 55.107 1 1.000000
7120 806.944 52.694 237.316 -0.239071 72.231 0 55.107 1 1.000000
7121 806.944 52.694 237.316 -0.239071 72.231 0 55.107 1 1.000000
7122 806.945 52.688 237.326 -0.234474 72.198 0 55.098 1 1.000000
7123 806.945 52.688 237.326 -0.234474 72.198 0 55.098 1 1.000000
7124 806.942 52.695 237.335 -0.243065 72.167 0 55.089 1 1.000000
7125 806.942 52.695 237.335 -0.243065 72.167 0 55.089 1 1.000000
7126 806.937 52.693 237.343 -0.241890 72.142 0 55.080 1 1.000000
7127 806.937 52.693 237.343 -0.241890 72.142 0 55.080 1 1.000000
7128 806.936 52.689 237.352 -0.238506 72.112 0 55.071 1 1.000000
7129 806.936 52.689 237.352 -0.238506 72.112 0 55.071 1 1.000000
7130 806.937 52.683 237.361 -0.233948 72.080 0 55.062 1 1.000000
7131 806.937 52.683 237.361 -0.233948 72.080 0 55.062 1 1.000000
7132 806.934 52.691 237.370 -0.242558 72.049 0 55.053 1 1.000000
7133 806.934 52.691 237.370 -0.242558 72.049 0 55.053 1 1.000000
7134 806.929 52.688 237.378 -0.241367 72.024 0 55.044 1 1.000000
7135 806.929 52.684 237.387 -0.237961 71.995 0 55.035 1 1.000000
7136 806.929 52.684 237.387 -0.237961 71.995 0 55.035 1 1.000000
7137 806.930 52.678 237.396 -0.233433 71.963 0 55.027 1 1.000000
7138 806.930 52.678 237.396 -0.233433 71.963 0 55.027 1 1.000000
7139 806.926 52.686 237.405 -0.242058 71.934 0 55.018 1 1.000000
7140 806.926 52.686 237.405 -0.242058 71.934 0 55.018 1 1.000000
7141 806.921 52.684 237.412 -0.240841 71.909 0 55.009 1 1.000000
7142 806.921 52.684 237.412 -0.240841 71.909 0 55.009 1 1.000000
7143 806.921 52.679 237.421 -0.237408 71.880 0 55.001 1 1.000000
7144 806.921 52.679 237.421 -0.237408 71.880 0 55.001 1 1.000000
7145 806.922 52.674 237.430 -0.232922 71.850 0 54.992 1 1.000000
7146 806.922 52.674 237.430 -0.232922 71.850 0 54.992 1 1.000000
7147 806.918 52.681 237.439 -0.241558 71.821 0 54.984 1 1.000000
7148 806.918 52.681 237.439 -0.241558 71.821 0 54.984 1 1.000000
7149 806.914 52.679 237.446 -0.240318 71.797 0 54.975 1 1.000000
7150 806.914 52.679 237.446 -0.240318 71.797 0 54.975 1 1.000000
7151 806.913 52.675 237.454 -0.236870 71.769 0 54.967 1 1.000000
7152 806.913 52.675 237.454 -0.236870 71.769 0 54.967 1 1.000000
7153 806.914 52.669 237.463 -0.232426 71.738 0 54.959 1 1.000000
7154 806.911 52.677 237.472 -0.241077 71.710 0 54.950 1 1.000000
7155 806.911 52.677 237.472 -0.241077 71.710 0 54.950 1 1.000000
7156 806.911 52.677 237.472 -0.241077 71.710 0 54.950 1 1.000000
7157 806.906 52.675 237.479 -0.239819 71.687 0 54.942 1 1.000000
7158 806.906 52.675 237.479 -0.239819 71.687 0 54.942 1 1.000000
7159 806.906 52.670 237.487 -0.236347 71.659 0 54.934 1 1.000000
7160 806.906 52.670 237.487 -0.236347 71.659 0 54.934 1 1.000000
7161 806.907 52.665 237.496 -0.231934 71.630 0 54.926 1 1.000000
7162 806.907 52.665 237.496 -0.231934 71.630 0 54.926 1 1.000000
7163 806.904 52.672 237.504 -0.240597 71.602 0 54.918 1 1.000000
7164 806.904 52.672 237.504 -0.240597 71.602 0 54.918 1 1.000000
7165 806.899 52.670 237.511 -0.239319 71.579 0 54.909 1 1.000000
7166 806.899 52.670 237.511 -0.239319 71.579 0 54.909 1 1.000000
7167 806.899 52.666 237.519 -0.235825 71.552 0 54.901 1 1.000000
7168 806.899 52.666 237.519 -0.235825 71.552 0 54.901 1 1.000000
7169 806.900 52.660 237.528 -0.231453 71.523 0 54.893 1 1.000000
7170 806.900 52.660 237.528 -0.231453 71.523 0 54.893 1 1.000000
7171 806.897 52.668 237.536 -0.240120 71.496 0 54.885 1 1.000000
7172 806.897 52.668 237.536 -0.240120 71.496 0 54.885 1 1.000000
7173 806.892 52.666 237.543 -0.238819 71.474 0 54.877 1 1.000000
7174 806.892 52.666 237.543 -0.238819 71.474 0 54.877 1 1.000000
7175 806.892 52.661 237.551 -0.235310 71.447 0 54.869 1 1.000000
7176 806.892 52.661 237.551 -0.235310 71.447 0 54.869 1 1.000000
7177 806.893 52.656 237.559 -0.231258 71.419 0 54.862 1 1.000000
7178 806.893 52.656 237.559 -0.231258 71.419 0 54.862 1 1.000000
7179 806.890 52.664 237.566 -0.240025 71.395 0 54.855 1 1.000000
7180 806.890 52.664 237.566 -0.240025 71.395 0 54.855 1 1.000000
7181 806.885 52.662 237.573 -0.238708 71.374 0 54.847 1 1.000000
7182 806.885 52.658 237.581 -0.235176 71.348 0 54.839 1 1.000000
7183 806.885 52.658 237.581 -0.235176 71.348 0 54.839 1 1.000000
7184 806.885 52.658 237.581 -0.235176 71.348 0 54.839 1 1.000000
7185 806.886 52.655 237.592 -0.233494 71.311 0 54.829 1 1.000000
7186 806.881 52.663 237.598 -0.242287 71.289 0 54.822 1 1.000000
7187 806.876 52.660 237.605 -0.240982 71.268 0 54.814 1 1.000000
7188 806.876 52.656 237.613 -0.237347 71.241 0 54.806 1 1.000000
7189 806.877 52.654 237.624 -0.236534 71.204 0 54.796 1 1.000000
7190 806.877 52.654 237.624 -0.236534 71.204 0 54.796 1 1.000000
7191 806.870 52.662 237.632 -0.245579 71.179 0 54.787 1 1.000000
7192 806.870 52.662 237.632 -0.245579 71.179 0 54.787 1 1.000000
7193 806.870 52.662 237.632 -0.245579 71.179 0 54.787 1 1.000000
7194 806.863 52.659 237.640 -0.244518 71.152 0 54.777 1 1.000000
7195 806.863 52.659 237.640 -0.244518 71.152 0 54.777 1 1.000000
7196 806.862 52.655 237.650 -0.241650 71.118 0 54.767 1 1.000000
7197 806.862 52.655 237.650 -0.241650 71.118 0 54.767 1 1.000000
7198 806.858 52.663 237.659 -0.250710 71.088 0 54.758 1 1.000000
7199 806.858 52.663 237.659 -0.250710 71.088 0 54.758 1 1.000000
7200 806.851 52.661 237.667 -0.249626 71.061 0 54.747 1 1.000000
7201 806.850 52.657 237.677 -0.246353 71.028 0 54.737 1 1.000000
7202 806.850 52.657 237.677 -0.246353 71.028 0 54.737 1 1.000000
7203 806.850 52.657 237.677 -0.246353 71.028 0 54.737 1 1.000000
7204 806.850 52.654 237.688 -0.245274 70.992 0 54.727 1 1.000000
7205 806.843 52.662 237.696 -0.253742 70.966 0 54.718 1 1.000000
7206 806.843 52.662 237.696 -0.253742 70.966 0 54.718 1 1.000000
7207 806.837 52.659 237.704 -0.252644 70.939 0 54.708 1 1.000000
7208 806.837 52.659 237.704 -0.252644 70.939 0 54.708 1 1.000000
7209 806.836 52.655 237.714 -0.249481 70.907 0 54.698 1 1.000000
7210 806.837 52.651 237.723 -0.246929 70.878 0 54.691 1 1.000000
7211 806.837 52.651 237.723 -0.246929 70.878 0 54.691 1 1.000000
7212 806.833 52.658 237.730 -0.254028 70.854 0 54.683 1 1.000000
7213 806.833 52.658 237.730 -0.254028 70.854 0 54.683 1 1.000000
7214 806.829 52.655 237.736 -0.252762 70.834 0 54.675 1 1.000000
7215 806.829 52.655 237.736 -0.252762 70.834 0 54.675 1 1.000000
7216 806.829 52.651 237.744 -0.249397 70.809 0 54.668 1 1.000000
7217 806.830 52.648 237.752 -0.246750 70.781 0 54.661 1 1.000000
7218 806.830 52.648 237.752 -0.246750 70.781 0 54.661 1 1.000000
7219 806.830 52.648 237.752 -0.246750 70.781 0 54.661 1 1.000000
7220 806.826 52.654 237.759 -0.253853 70.758 0 54.653 1 1.000000
7221 806.821 52.652 237.765 -0.252567 70.738 0 54.646 1 1.000000
7222 806.821 52.652 237.765 -0.252567 70.738 0 54.646 1 1.000000
7223 806.821 52.652 237.765 -0.252567 70.738 0 54.646 1 1.000000
7224 806.821 52.647 237.773 -0.249191 70.713 0 54.638 1 1.000000
7225 806.823 52.644 237.781 -0.246544 70.685 0 54.631 1 1.000000
7226 806.823 52.644 237.781 -0.246544 70.685 0 54.631 1 1.000000
7227 806.823 52.644 237.781 -0.246544 70.685 0 54.631 1 1.000000
7228 806.819 52.650 237.788 -0.253647 70.663 0 54.624 1 1.000000
7229 806.819 52.650 237.788 -0.253647 70.663 0 54.624 1 1.000000
7230 806.815 52.648 237.794 -0.252342 70.643 0 54.616 1 1.000000
7231 806.812 52.647 237.816 -0.253452 70.570 0 54.595 1 1.000000
7232 806.812 52.647 237.816 -0.253452 70.570 0 54.595 1 1.000000
7233 806.808 52.644 237.822 -0.252129 70.551 0 54.588 1 1.000000
7234 806.808 52.644 237.822 -0.252129 70.551 0 54.588 1 1.000000
7235 806.808 52.640 237.829 -0.248699 70.528 0 54.581 1 1.000000
7236 806.808 52.640 237.829 -0.248699 70.528 0 54.581 1 1.000000
7237 806.810 52.637 237.837 -0.246136 70.501 0 54.574 1 1.000000
7238 806.805 52.643 237.843 -0.253262 70.480 0 54.567 1 1.000000
7239 806.805 52.643 237.843 -0.253262 70.480 0 54.567 1 1.000000
7240 806.805 52.643 237.843 -0.253262 70.480 0 54.567 1 1.000000
7241 806.801 52.641 237.849 -0.251919 70.461 0 54.560 1 1.000000
7242 806.801 52.641 237.849 -0.251919 70.461 0 54.560 1 1.000000
7243 806.801 52.637 237.856 -0.248474 70.453 0 54.553 1 1.000000
7244 806.801 52.637 237.856 -0.248474 70.453 0 54.553 1 1.000000
7245 806.803 52.633 237.864 -0.245941 70.452 0 54.547 1 1.000000
7246 806.803 52.633 237.864 -0.245941 70.452 0 54.547 1 1.000000
7247 806.799 52.640 237.870 -0.253067 70.452 0 54.540 1 1.000000
7248 806.799 52.640 237.870 -0.253067 70.452 0 54.540 1 1.000000
7249 806.795 52.637 237.876 -0.251709 70.451 0 54.533 1 1.000000
7250 806.795 52.633 237.883 -0.248253 70.451 0 54.526 1 1.000000
7251 806.795 52.633 237.883 -0.248253 70.451 0 54.526 1 1.000000
7252 806.795 52.633 237.883 -0.248253 70.451 0 54.526 1 1.000000
7253 806.797 52.630 237.890 -0.245747 70.450 0 54.520 1 1.000000
7254 806.792 52.636 237.896 -0.252880 70.449 0 54.513 1 1.000000
7255 806.786 52.633 237.922 -0.252701 70.447 0 54.487 1 1.000000
7256 806.786 52.633 237.922 -0.252701 70.447 0 54.487 1 1.000000
7257 806.782 52.631 237.927 -0.251305 70.446 0 54.480 1 1.000000
7258 806.782 52.631 237.927 -0.251305 70.446 0 54.480 1 1.000000
7259 806.782 52.626 237.934 -0.247810 70.445 0 54.474 1 1.000000
7260 806.782 52.626 237.934 -0.247810 70.445 0 54.474 1 1.000000
7261 806.784 52.623 237.941 -0.245369 70.445 0 54.468 1 1.000000
7262 806.784 52.623 237.941 -0.245369 70.445 0 54.468 1 1.000000
7263 806.784 52.623 237.941 -0.245369 70.445 0 54.468 1 1.000000
7264 806.780 52.629 237.947 -0.252518 70.444 0 54.461 1 1.000000
7265 806.780 52.629 237.947 -0.252518 70.444 0 54.461 1 1.000000
7266 806.776 52.627 237.952 -0.251106 70.444 0 54.455 1 1.000000
7267 806.776 52.627 237.952 -0.251106 70.444 0 54.455 1 1.000000
7268 806.776 52.623 237.959 -0.247597 70.443 0 54.448 1 1.000000
7269 806.776 52.623 237.959 -0.247597 70.443 0 54.448 1 1.000000
7270 806.778 52.620 237.966 -0.245186 70.442 0 54.442 1 1.000000
7271 806.778 52.620 237.966 -0.245186 70.442 0 54.442 1 1.000000
7272 806.774 52.626 237.972 -0.252338 70.442 0 54.436 1 1.000000
7273 806.774 52.626 237.972 -0.252338 70.442 0 54.436 1 1.000000
7274 806.770 52.624 237.977 -0.250912 70.441 0 54.430 1 1.000000
7275 806.770 52.624 237.977 -0.250912 70.441 0 54.430 1 1.000000
7276 806.770 52.620 237.983 -0.247395 70.440 0 54.424 1 1.000000
7277 806.770 52.620 237.983 -0.247395 70.440 0 54.424 1 1.000000
7278 806.772 52.617 237.990 -0.245014 70.440 0 54.418 1 1.000000
7279 806.772 52.617 237.990 -0.245014 70.440 0 54.418 1 1.000000
7280 806.764 52.621 238.001 -0.250732 70.439 0 54.405 1 1.000000
7281 806.764 52.617 238.007 -0.247204 70.438 0 54.399 1 1.000000
7282 806.767 52.614 238.014 -0.244846 70.437 0 54.393 1 1.000000
7283 806.767 52.614 238.014 -0.244846 70.437 0 54.393 1 1.000000
7284 806.762 52.620 238.020 -0.252003 70.437 0 54.387 1 1.000000
7285 806.762 52.620 238.020 -0.252003 70.437 0 54.387 1 1.000000
7286 806.758 52.618 238.024 -0.250542 70.436 0 54.381 1 1.000000
7287 806.758 52.618 238.024 -0.250542 70.436 0 54.381 1 1.000000
7288 806.759 52.614 238.031 -0.246986 70.436 0 54.375 1 1.000000
7289 806.759 52.614 238.031 -0.246986 70.436 0 54.375 1 1.000000
7290 806.761 52.611 238.037 -0.244667 70.435 0 54.370 1 1.000000
7291 806.761 52.611 238.037 -0.244667 70.435 0 54.370 1 1.000000
7292 806.757 52.617 238.043 -0.251835 70.434 0 54.364 1 1.000000
7293 806.757 52.617 238.043 -0.251835 70.434 0 54.364 1 1.000000
7294 806.753 52.615 238.047 -0.250362 70.434 0 54.358 1 1.000000
7295 806.753 52.615 238.047 -0.250362 70.434 0 54.358 1 1.000000
7296 806.753 52.611 238.053 -0.246796 70.433 0 54.352 1 1.000000
7297 806.753 52.611 238.053 -0.246796 70.433 0 54.352 1 1.000000
7298 806.756 52.608 238.060 -0.244503 70.433 0 54.347 1 1.000000
7299 806.756 52.608 238.060 -0.244503 70.433 0 54.347 1 1.000000
7300 806.751 52.614 238.065 -0.251671 70.432 0 54.341 1 1.000000
7301 806.751 52.614 238.065 -0.251671 70.432 0 54.341 1 1.000000
7302 806.747 52.612 238.070 -0.250183 70.432 0 54.335 1 1.000000
7303 806.747 52.612 238.070 -0.250183 70.432 0 54.335 1 1.000000
7304 806.748 52.608 238.076 -0.246601 70.431 0 54.329 1 1.000000
7305 806.748 52.608 238.076 -0.246601 70.431 0 54.329 1 1.000000
7306 806.750 52.605 238.082 -0.244339 70.430 0 54.324 1 1.000000
7307 806.750 52.605 238.082 -0.244339 70.430 0 54.324 1 1.000000
7308 806.746 52.611 238.088 -0.251514 70.430 0 54.318 1 1.000000
7309 806.742 52.611 238.087 -0.251328 70.430 0 54.317 1 1.000000
7310 806.742 52.611 238.087 -0.251328 70.430 0 54.317 1 1.000000
7311 806.742 52.611 238.087 -0.251328 70.430 0 54.317 1 1.000000
7312 806.743 52.607 238.093 -0.247726 70.430 0 54.312 1 1.000000
7313 806.745 52.603 238.099 -0.244476 70.429 0 54.306 1 1.000000
7314 806.745 52.603 238.099 -0.244476 70.429 0 54.306 1 1.000000
7315 806.741 52.609 238.105 -0.251640 70.428 0 54.301 1 1.000000
7316 806.741 52.609 238.105 -0.251640 70.428 0 54.301 1 1.000000
7317 806.738 52.609 238.104 -0.251450 70.428 0 54.300 1 1.000000
7318 806.738 52.609 238.104 -0.251450 70.428 0 54.300 1 1.000000
7319 806.739 52.605 238.110 -0.247837 70.428 0 54.295 1 1.000000
7320 806.739 52.605 238.110 -0.247837 70.428 0 54.295 1 1.000000
7321 806.741 52.601 238.116 -0.244404 70.427 0 54.289 1 1.000000
7322 806.737 52.607 238.121 -0.251560 70.427 0 54.284 1 1.000000
7323 806.734 52.607 238.121 -0.251369 70.427 0 54.283 1 1.000000
7324 806.734 52.607 238.121 -0.251369 70.427 0 54.283 1 1.000000
7325 806.735 52.603 238.126 -0.247742 70.426 0 54.278 1 1.000000
7326 806.737 52.599 238.133 -0.244293 70.425 0 54.272 1 1.000000
7327 806.733 52.605 238.138 -0.251469 70.425 0 54.267 1 1.000000
7328 806.730 52.605 238.137 -0.251278 70.425 0 54.266 1 1.000000
7329 806.733 52.596 238.149 -0.244179 70.424 0 54.256 1 1.000000
7330 806.726 52.601 238.158 -0.249798 70.423 0 54.245 1 1.000000
7331 806.726 52.597 238.163 -0.246151 70.422 0 54.240 1 1.000000
7332 806.726 52.597 238.163 -0.246151 70.422 0 54.240 1 1.000000
7333 806.726 52.597 238.163 -0.246151 70.422 0 54.240 1 1.000000
7334 806.729 52.594 238.169 -0.243767 70.422 0 54.235 1 1.000000
7335 806.729 52.594 238.169 -0.243767 70.422 0 54.235 1 1.000000
7336 806.725 52.600 238.174 -0.250942 70.421 0 54.230 1 1.000000
7337 806.725 52.600 238.174 -0.250942 70.421 0 54.230 1 1.000000
7338 806.721 52.598 238.178 -0.249382 70.421 0 54.225 1 1.000000
7339 806.721 52.598 238.178 -0.249382 70.421 0 54.225 1 1.000000
7340 806.722 52.594 238.183 -0.245724 70.420 0 54.220 1 1.000000
7341 806.722 52.594 238.183 -0.245724 70.420 0 54.220 1 1.000000
7342 806.724 52.591 238.189 -0.243565 70.420 0 54.215 1 1.000000
7343 806.724 52.591 238.189 -0.243565 70.420 0 54.215 1 1.000000
7344 806.720 52.598 238.194 -0.250751 70.419 0 54.210 1 1.000000
7345 806.716 52.595 238.197 -0.249180 70.419 0 54.205 1 1.000000
7346 806.717 52.591 238.203 -0.245510 70.419 0 54.200 1 1.000000
7347 806.717 52.591 238.203 -0.245510 70.419 0 54.200 1 1.000000
7348 806.720 52.588 238.209 -0.243416 70.418 0 54.195 1 1.000000
7349 806.720 52.588 238.209 -0.243416 70.418 0 54.195 1 1.000000
7350 806.715 52.595 238.213 -0.250603 70.417 0 54.190 1 1.000000
7351 806.715 52.595 238.213 -0.250603 70.417 0 54.190 1 1.000000
7352 806.712 52.593 238.217 -0.249016 70.417 0 54.185 1 1.000000
7353 806.712 52.593 238.217 -0.249016 70.417 0 54.185 1 1.000000
7354 806.712 52.589 238.222 -0.245331 70.417 0 54.181 1 1.000000
7355 806.712 52.589 238.222 -0.245331 70.417 0 54.181 1 1.000000
7356 806.715 52.586 238.228 -0.243275 70.416 0 54.176 1 1.000000
7357 806.715 52.586 238.228 -0.243275 70.416 0 54.176 1 1.000000
7358 806.711 52.593 238.232 -0.250473 70.416 0 54.171 1 1.000000
7359 806.711 52.593 238.232 -0.250473 70.416 0 54.171 1 1.000000
7360 806.707 52.592 238.231 -0.250275 70.416 0 54.170 1 1.000000
7361 806.707 52.592 238.231 -0.250275 70.416 0 54.170 1 1.000000
7362 806.708 52.588 238.236 -0.246582 70.415 0 54.165 1 1.000000
7363 806.708 52.588 238.236 -0.246582 70.415 0 54.165 1 1.000000
7364 806.711 52.584 238.242 -0.243450 70.415 0 54.161 1 1.000000
7365 806.711 52.584 238.242 -0.243450 70.415 0 54.161 1 1.000000
7366 806.707 52.591 238.246 -0.250637 70.414 0 54.156 1 1.000000
7367 806.707 52.591 238.246 -0.250637 70.414 0 54.156 1 1.000000
7368 806.703 52.589 238.250 -0.249031 70.414 0 54.151 1 1.000000
7369 806.703 52.589 238.250 -0.249031 70.414 0 54.151 1 1.000000
7370 806.704 52.585 238.255 -0.245323 70.413 0 54.147 1 1.000000
7371 806.704 52.585 238.255 -0.245323 70.413 0 54.147 1 1.000000
7372 806.707 52.582 238.260 -0.243088 70.413 0 54.142 1 1.000000
7373 806.707 52.582 238.260 -0.243088 70.413 0 54.142 1 1.000000
7374 806.703 52.588 238.265 -0.250278 70.412 0 54.138 1 1.000000
7375 806.703 52.588 238.265 -0.250278 70.412 0 54.138 1 1.000000
7376 806.699 52.586 238.268 -0.248657 70.412 0 54.133 1 1.000000
7377 806.699 52.586 238.268 -0.248657 70.412 0 54.133 1 1.000000
7378 806.700 52.582 238.273 -0.244938 70.412 0 54.129 1 1.000000
7379 806.700 52.582 238.273 -0.244938 70.412 0 54.129 1 1.000000
7380 806.703 52.579 238.278 -0.242908 70.411 0 54.124 1 1.000000
7381 806.703 52.579 238.278 -0.242908 70.411 0 54.124 1 1.000000
7382 806.698 52.586 238.282 -0.250107 70.411 0 54.120 1 1.000000
7383 806.698 52.586 238.282 -0.250107 70.411 0 54.120 1 1.000000
7384 806.695 52.586 238.282 -0.249905 70.411 0 54.119 1 1.000000
7385 806.695 52.586 238.282 -0.249905 70.411 0 54.119 1 1.000000
7386 806.696 52.581 238.286 -0.246174 70.410 0 54.114 1 1.000000
7387 806.696 52.581 238.286 -0.246174 70.410 0 54.114 1 1.000000
7388 806.699 52.578 238.292 -0.243084 70.410 0 54.110 1 1.000000
7389 806.699 52.578 238.292 -0.243084 70.410 0 54.110 1 1.000000
7390 806.695 52.585 238.296 -0.250267 70.409 0 54.106 1 1.000000
7391 806.695 52.585 238.296 -0.250267 70.409 0 54.106 1 1.000000
7392 806.692 52.584 238.295 -0.250065 70.409 0 54.105 1 1.000000
7393 806.692 52.584 238.295 -0.250065 70.409 0 54.105 1 1.000000
7394 806.692 52.580 238.300 -0.246330 70.409 0 54.101 1 1.000000
7395 806.692 52.580 238.300 -0.246330 70.409 0 54.101 1 1.000000
7396 806.695 52.576 238.305 -0.243042 70.408 0 54.096 1 1.000000
7397 806.695 52.576 238.305 -0.243042 70.408 0 54.096 1 1.000000
7398 806.692 52.583 238.309 -0.250225 70.408 0 54.092 1 1.000000
7399 806.692 52.583 238.309 -0.250225 70.408 0 54.092 1 1.000000
7400 806.688 52.583 238.309 -0.250019 70.408 0 54.091 1 1.000000
7401 806.688 52.583 238.309 -0.250019 70.408 0 54.091 1 1.000000
7402 806.689 52.578 238.313 -0.246269 70.408 0 54.087 1 1.000000
7403 806.689 52.578 238.313 -0.246269 70.408 0 54.087 1 1.000000
7404 806.692 52.574 238.319 -0.242958 70.407 0 54.083 1 1.000000
7405 806.692 52.574 238.319 -0.242958 70.407 0 54.083 1 1.000000
7406 806.688 52.581 238.323 -0.250153 70.407 0 54.078 1 1.000000
7407 806.688 52.581 238.323 -0.250153 70.407 0 54.078 1 1.000000
7408 806.685 52.581 238.322 -0.249947 70.407 0 54.078 1 1.000000
7409 806.685 52.581 238.322 -0.249947 70.407 0 54.078 1 1.000000
7410 806.686 52.577 238.327 -0.246189 70.406 0 54.073 1 1.000000
7411 806.686 52.577 238.327 -0.246189 70.406 0 54.073 1 1.000000
7412 806.689 52.573 238.332 -0.242867 70.406 0 54.069 1 1.000000
7413 806.689 52.573 238.332 -0.242867 70.406 0 54.069 1 1.000000
7414 806.685 52.579 238.336 -0.250057 70.405 0 54.065 1 1.000000
7415 806.683 52.575 238.339 -0.246086 70.405 0 54.060 1 1.000000
7416 806.683 52.575 238.339 -0.246086 70.405 0 54.060 1 1.000000
7417 806.685 52.571 238.345 -0.242775 70.404 0 54.056 1 1.000000
7418 806.685 52.571 238.345 -0.242775 70.404 0 54.056 1 1.000000
7419 806.683 52.572 238.344 -0.243427 70.404 0 54.056 1 1.000000
7420 806.683 52.572 238.344 -0.243427 70.404 0 54.056 1 1.000000
7421 806.682 52.571 238.348 -0.243320 70.404 0 54.052 1 1.000000
7422 806.682 52.571 238.348 -0.243320 70.404 0 54.052 1 1.000000
7423 806.682 52.571 238.348 -0.243404 70.404 0 54.052 1 1.000000
7424 806.682 52.571 238.348 -0.243404 70.404 0 54.052 1 1.000000
7425 806.681 52.571 238.352 -0.243298 70.404 0 54.048 1 1.000000
7426 806.681 52.571 238.352 -0.243298 70.404 0 54.048 1 1.000000
7427 806.680 52.577 238.357 -0.250462 70.403 0 54.044 1 1.000000
7428 806.680 52.577 238.357 -0.250462 70.403 0 54.044 1 1.000000
7429 806.676 52.577 238.356 -0.250252 70.403 0 54.043 1 1.000000
7430 806.676 52.577 238.356 -0.250252 70.403 0 54.043 1 1.000000
7431 806.677 52.573 238.360 -0.246464 70.403 0 54.039 1 1.000000
7432 806.677 52.573 238.360 -0.246464 70.403 0 54.039 1 1.000000
7433 806.680 52.569 238.365 -0.242737 70.402 0 54.035 1 1.000000
7434 806.680 52.569 238.365 -0.242737 70.402 0 54.035 1 1.000000
7435 806.677 52.575 238.369 -0.249920 70.402 0 54.031 1 1.000000
7436 806.677 52.575 238.369 -0.249920 70.402 0 54.031 1 1.000000
7437 806.674 52.573 238.372 -0.248222 70.402 0 54.027 1 1.000000
7438 806.674 52.573 238.372 -0.248222 70.402 0 54.027 1 1.000000
7439 806.675 52.569 238.376 -0.244431 70.401 0 54.023 1 1.000000
7440 806.675 52.569 238.376 -0.244431 70.401 0 54.023 1 1.000000
7441 806.678 52.566 238.381 -0.242233 70.401 0 54.020 1 1.000000
7442 806.678 52.566 238.381 -0.242233 70.401 0 54.020 1 1.000000
7443 806.673 52.573 238.384 -0.249447 70.400 0 54.015 1 1.000000
7444 806.673 52.573 238.384 -0.249447 70.400 0 54.015 1 1.000000
7445 806.670 52.573 238.384 -0.249233 70.401 0 54.015 1 1.000000
7446 806.670 52.573 238.384 -0.249233 70.401 0 54.015 1 1.000000
7447 806.671 52.568 238.388 -0.245434 70.400 0 54.011 1 1.000000
7448 806.671 52.568 238.388 -0.245434 70.400 0 54.011 1 1.000000
7449 806.674 52.565 238.393 -0.242371 70.400 0 54.007 1 1.000000
7450 806.674 52.565 238.393 -0.242371 70.400 0 54.007 1 1.000000
7451 806.670 52.572 238.396 -0.249573 70.399 0 54.003 1 1.000000
7452 806.670 52.572 238.396 -0.249573 70.399 0 54.003 1 1.000000
7453 806.667 52.569 238.399 -0.247860 70.399 0 53.999 1 1.000000
7454 806.667 52.569 238.399 -0.247860 70.399 0 53.999 1 1.000000
7455 806.668 52.565 238.403 -0.244049 70.399 0 53.996 1 1.000000
7456 806.668 52.565 238.403 -0.244049 70.399 0 53.996 1 1.000000
7457 806.671 52.563 238.408 -0.242008 70.398 0 53.992 1 1.000000
7458 806.671 52.563 238.408 -0.242008 70.398 0 53.992 1 1.000000
7459 806.667 52.569 238.411 -0.249222 70.398 0 53.988 1 1.000000
7460 806.667 52.569 238.411 -0.249222 70.398 0 53.988 1 1.000000
7461 806.664 52.567 238.414 -0.247498 70.398 0 53.984 1 1.000000
7462 806.664 52.567 238.414 -0.247498 70.398 0 53.984 1 1.000000
7463 806.665 52.563 238.418 -0.243679 70.397 0 53.981 1 1.000000
7464 806.665 52.563 238.418 -0.243679 70.397 0 53.981 1 1.000000
7465 806.668 52.561 238.423 -0.241852 70.397 0 53.977 1 1.000000
7466 806.668 52.561 238.423 -0.241852 70.397 0 53.977 1 1.000000
7467 806.664 52.567 238.426 -0.249069 70.396 0 53.973 1 1.000000
7468 806.664 52.567 238.426 -0.249069 70.396 0 53.973 1 1.000000
7469 806.660 52.565 238.428 -0.247334 70.396 0 53.970 1 1.000000
7470 806.662 52.561 238.430 -0.243229 70.396 0 53.968 1 1.000000
7471 806.662 52.561 238.430 -0.243229 70.396 0 53.968 1 1.000000
7472 806.666 52.559 238.433 -0.241650 70.396 0 53.967 1 1.000000
7473 806.661 52.566 238.436 -0.248875 70.395 0 53.963 1 1.000000
7474 806.661 52.566 238.436 -0.248875 70.395 0 53.963 1 1.000000
7475 806.658 52.566 238.435 -0.248657 70.396 0 53.962 1 1.000000
7476 806.658 52.566 238.435 -0.248657 70.396 0 53.962 1 1.000000
7477 806.659 52.561 238.438 -0.244637 70.395 0 53.960 1 1.000000
7478 806.659 52.561 238.438 -0.244637 70.395 0 53.960 1 1.000000
7479 806.663 52.558 238.442 -0.241898 70.395 0 53.958 1 1.000000
7480 806.663 52.558 238.442 -0.241898 70.395 0 53.958 1 1.000000
7481 806.658 52.565 238.445 -0.249104 70.395 0 53.954 1 1.000000
7482 806.658 52.565 238.445 -0.249104 70.395 0 53.954 1 1.000000
7483 806.655 52.565 238.444 -0.248909 70.395 0 53.953 1 1.000000
7484 806.655 52.565 238.444 -0.248909 70.395 0 53.953 1 1.000000
7485 806.657 52.561 238.447 -0.244984 70.394 0 53.950 1 1.000000
7486 806.657 52.561 238.447 -0.244984 70.394 0 53.950 1 1.000000
7487 806.660 52.557 238.451 -0.241936 70.394 0 53.947 1 1.000000
7488 806.660 52.557 238.451 -0.241936 70.394 0 53.947 1 1.000000
7489 806.656 52.564 238.455 -0.249142 70.394 0 53.944 1 1.000000
7490 806.656 52.564 238.455 -0.249142 70.394 0 53.944 1 1.000000
7491 806.653 52.564 238.454 -0.248943 70.394 0 53.943 1 1.000000
7492 806.653 52.564 238.454 -0.248943 70.394 0 53.943 1 1.000000
7493 806.654 52.559 238.458 -0.245152 70.393 0 53.939 1 1.000000
7494 806.654 52.559 238.458 -0.245152 70.393 0 53.939 1 1.000000
7495 806.657 52.556 238.463 -0.241966 70.393 0 53.936 1 1.000000
7496 806.657 52.556 238.463 -0.241966 70.393 0 53.936 1 1.000000
7497 806.653 52.563 238.467 -0.249237 70.392 0 53.932 1 1.000000
7498 806.653 52.563 238.467 -0.249237 70.392 0 53.932 1 1.000000
7499 806.649 52.560 238.470 -0.247650 70.392 0 53.927 1 1.000000
7500 806.649 52.560 238.470 -0.247650 70.392 0 53.927 1 1.000000
7501 806.650 52.556 238.475 -0.244015 70.392 0 53.922 1 1.000000
7502 806.650 52.556 238.475 -0.244015 70.392 0 53.922 1 1.000000
7503 806.652 52.553 238.481 -0.241913 70.391 0 53.917 1 1.000000
7504 806.652 52.553 238.481 -0.241913 70.391 0 53.917 1 1.000000
7505 806.647 52.560 238.486 -0.249363 70.391 0 53.911 1 1.000000
7506 806.642 52.558 238.490 -0.247959 70.390 0 53.905 1 1.000000
7507 806.642 52.558 238.490 -0.247959 70.390 0 53.905 1 1.000000
7508 806.642 52.554 238.497 -0.244514 70.390 0 53.899 1 1.000000
7509 806.642 52.554 238.497 -0.244514 70.390 0 53.899 1 1.000000
7510 806.643 52.551 238.505 -0.242535 70.389 0 53.891 1 1.000000
7511 806.636 52.558 238.511 -0.250175 70.388 0 53.884 1 1.000000
7512 806.636 52.558 238.511 -0.250175 70.388 0 53.884 1 1.000000
7513 806.630 52.556 238.517 -0.249012 70.388 0 53.876 1 1.000000
7514 806.630 52.556 238.517 -0.249012 70.388 0 53.876 1 1.000000
7515 806.628 52.551 238.525 -0.245842 70.387 0 53.867 1 1.000000
7516 806.628 52.551 238.525 -0.245842 70.387 0 53.867 1 1.000000
7517 806.627 52.548 238.535 -0.243828 70.386 0 53.858 1 1.000000
7518 806.627 52.548 238.535 -0.243828 70.386 0 53.858 1 1.000000
7519 806.619 52.555 238.542 -0.251793 70.385 0 53.848 1 1.000000
7520 806.619 52.555 238.542 -0.251793 70.385 0 53.848 1 1.000000
7521 806.611 52.553 238.550 -0.250935 70.385 0 53.838 1 1.000000
7522 806.611 52.553 238.550 -0.250935 70.385 0 53.838 1 1.000000
7523 806.606 52.549 238.560 -0.248055 70.384 0 53.826 1 1.000000
7524 806.606 52.549 238.560 -0.248055 70.384 0 53.826 1 1.000000
7525 806.602 52.546 238.573 -0.247066 70.383 0 53.813 1 1.000000
7526 806.602 52.546 238.573 -0.247066 70.383 0 53.813 1 1.000000
7527 806.591 52.553 238.581 -0.255314 70.382 0 53.802 1 1.000000
7528 806.591 52.553 238.581 -0.255314 70.382 0 53.802 1 1.000000
7529 806.578 52.551 238.590 -0.254780 70.382 0 53.788 1 1.000000
7530 806.578 52.551 238.590 -0.254780 70.382 0 53.788 1 1.000000
7531 806.570 52.547 238.602 -0.253075 70.381 0 53.773 1 1.000000
7532 806.570 52.547 238.602 -0.253075 70.381 0 53.773 1 1.000000
7533 806.556 52.553 238.612 -0.260822 70.380 0 53.759 1 1.000000
7534 806.556 52.553 238.612 -0.260822 70.380 0 53.759 1 1.000000
7535 806.540 52.551 238.622 -0.260521 70.379 0 53.744 1 1.000000
7536 806.540 52.551 238.622 -0.260521 70.379 0 53.744 1 1.000000
7537 806.527 52.547 238.635 -0.258106 70.378 0 53.726 1 1.000000
7538 806.527 52.547 238.635 -0.258106 70.378 0 53.726 1 1.000000
7539 806.514 52.541 238.649 -0.254299 70.377 0 53.707 1 1.000000
7540 806.514 52.541 238.649 -0.254299 70.377 0 53.707 1 1.000000
7541 806.502 52.534 238.664 -0.249943 70.376 0 53.687 1 1.000000
7542 806.502 52.534 238.664 -0.249943 70.376 0 53.687 1 1.000000
7543 806.469 52.547 238.672 -0.264820 70.376 0 53.669 1 1.000000
7544 806.469 52.547 238.672 -0.264820 70.376 0 53.669 1 1.000000
7545 806.435 52.560 238.683 -0.281296 70.376 0 53.647 1 1.000000
7546 806.435 52.560 238.683 -0.281296 70.376 0 53.647 1 1.000000
7547 806.426 52.559 238.701 -0.282799 70.374 0 53.626 1 1.000000
7548 806.426 52.559 238.701 -0.282799 70.374 0 53.626 1 1.000000
7549 806.393 52.573 238.709 -0.298309 70.374 0 53.607 1 1.000000
7550 806.393 52.573 238.709 -0.298309 70.374 0 53.607 1 1.000000
7551 806.382 52.572 238.726 -0.299747 70.373 0 53.587 1 1.000000
7552 806.382 52.572 238.726 -0.299747 70.373 0 53.587 1 1.000000
7553 806.370 52.584 238.735 -0.313225 70.372 0 53.576 1 1.000000
7554 806.370 52.584 238.735 -0.313225 70.372 0 53.576 1 1.000000
7555 806.333 52.594 238.736 -0.325680 70.373 0 53.560 1 1.000000
7556 806.333 52.594 238.736 -0.325680 70.373 0 53.560 1 1.000000
7557 806.323 52.593 238.754 -0.326965 70.372 0 53.540 1 1.000000
7558 806.323 52.593 238.754 -0.326965 70.372 0 53.540 1 1.000000
7559 806.290 52.607 238.761 -0.343311 70.372 0 53.522 1 1.000000
7560 806.290 52.607 238.761 -0.343311 70.372 0 53.522 1 1.000000
7561 806.280 52.606 238.778 -0.344669 70.371 0 53.503 1 1.000000
7562 806.280 52.606 238.778 -0.344669 70.371 0 53.503 1 1.000000
7563 806.268 52.619 238.786 -0.358192 70.370 0 53.491 1 1.000000
7564 806.268 52.619 238.786 -0.358192 70.370 0 53.491 1 1.000000
7565 806.231 52.629 238.787 -0.370483 70.371 0 53.477 1 1.000000
7566 806.231 52.629 238.787 -0.370483 70.371 0 53.477 1 1.000000
7567 806.222 52.628 238.805 -0.371788 70.369 0 53.457 1 1.000000
7568 806.222 52.628 238.805 -0.371788 70.369 0 53.457 1 1.000000
7569 806.189 52.642 238.811 -0.388100 70.370 0 53.439 1 1.000000
7570 806.189 52.642 238.811 -0.388100 70.370 0 53.439 1 1.000000
7571 806.179 52.641 238.828 -0.389103 70.368 0 53.420 1 1.000000
7572 806.179 52.641 238.828 -0.389103 70.368 0 53.420 1 1.000000
7573 806.167 52.653 238.837 -0.402733 70.368 0 53.409 1 1.000000
7574 806.167 52.653 238.837 -0.402733 70.368 0 53.409 1 1.000000
7575 806.164 52.651 238.840 -0.400570 70.367 0 53.405 1 1.000000
7576 806.164 52.651 238.840 -0.400570 70.367 0 53.405 1 1.000000
7577 806.164 52.645 238.843 -0.395794 70.367 0 53.400 1 1.000000
7578 806.164 52.645 238.843 -0.395794 70.367 0 53.400 1 1.000000
7579 806.165 52.640 238.849 -0.391541 70.366 0 53.396 1 1.000000
7580 806.165 52.640 238.849 -0.391541 70.366 0 53.396 1 1.000000
7581 806.160 52.653 238.853 -0.404263 70.366 0 53.391 1 1.000000
7582 806.160 52.653 238.853 -0.404263 70.366 0 53.391 1 1.000000
7583 806.157 52.650 238.855 -0.402084 70.366 0 53.387 1 1.000000
7584 806.157 52.650 238.855 -0.402084 70.366 0 53.387 1 1.000000
7585 806.157 52.645 238.859 -0.397301 70.366 0 53.383 1 1.000000
7586 806.157 52.645 238.859 -0.397301 70.366 0 53.383 1 1.000000
7587 806.157 52.639 238.864 -0.391815 70.365 0 53.379 1 1.000000
7588 806.157 52.639 238.864 -0.391815 70.365 0 53.379 1 1.000000
7589 806.154 52.651 238.868 -0.404564 70.365 0 53.375 1 1.000000
7590 806.154 52.651 238.868 -0.404564 70.365 0 53.375 1 1.000000
7591 806.151 52.648 238.871 -0.402374 70.364 0 53.371 1 1.000000
7592 806.151 52.648 238.871 -0.402374 70.364 0 53.371 1 1.000000
7593 806.150 52.643 238.874 -0.397575 70.364 0 53.366 1 1.000000
7594 806.150 52.643 238.874 -0.397575 70.364 0 53.366 1 1.000000
7595 806.151 52.637 238.879 -0.391640 70.364 0 53.362 1 1.000000
7596 806.151 52.637 238.879 -0.391640 70.364 0 53.362 1 1.000000
7597 806.147 52.649 238.883 -0.404381 70.363 0 53.358 1 1.000000
7598 806.147 52.649 238.883 -0.404381 70.363 0 53.358 1 1.000000
7599 806.144 52.646 238.886 -0.402176 70.363 0 53.354 1 1.000000
7600 806.144 52.646 238.886 -0.402176 70.363 0 53.354 1 1.000000
7601 806.144 52.641 238.889 -0.397366 70.363 0 53.350 1 1.000000
7602 806.144 52.641 238.889 -0.397366 70.363 0 53.350 1 1.000000
7603 806.144 52.634 238.893 -0.391293 70.362 0 53.346 1 1.000000
7604 806.144 52.634 238.893 -0.391293 70.362 0 53.346 1 1.000000
7605 806.141 52.647 238.898 -0.404049 70.362 0 53.342 1 1.000000
7606 806.141 52.647 238.898 -0.404049 70.362 0 53.342 1 1.000000
7607 806.138 52.644 238.900 -0.401833 70.362 0 53.338 1 1.000000
7608 806.138 52.644 238.900 -0.401833 70.362 0 53.338 1 1.000000
7609 806.138 52.639 238.904 -0.397011 70.361 0 53.334 1 1.000000
7610 806.138 52.639 238.904 -0.397011 70.361 0 53.334 1 1.000000
7611 806.138 52.632 238.908 -0.390903 70.361 0 53.330 1 1.000000
7612 806.138 52.632 238.908 -0.390903 70.361 0 53.330 1 1.000000
7613 806.137 52.633 238.908 -0.391670 70.361 0 53.330 1 1.000000
7614 806.137 52.633 238.908 -0.391670 70.361 0 53.330 1 1.000000
7615 806.137 52.633 238.908 -0.391670 70.361 0 53.330 1 1.000000
7616 806.137 52.633 238.908 -0.391670 70.361 0 53.330 1 1.000000
7617 806.137 52.633 238.908 -0.391670 70.361 0 53.330 1 1.000000
7618 806.137 52.633 238.908 -0.391670 70.361 0 53.330 1 1.000000
7619 806.137 52.633 238.908 -0.391670 70.361 0 53.330 1 1.000000
7620 806.137 52.633 238.908 -0.391670 70.361 0 53.330 1 1.000000
7621 806.137 52.633 238.908 -0.391670 70.361 0 53.330 1 1.000000
7622 806.137 52.633 238.908 -0.391670 70.361 0 53.330 1 1.000000
7623 806.137 52.633 238.908 -0.391670 70.361 0 53.330 1 1.000000
7624 806.137 52.633 238.908 -0.391670 70.361 0 53.330 1 1.000000
7625 806.137 52.633 238.908 -0.391670 70.361 0 53.330 1 1.000000
7626 806.137 52.633 238.908 -0.391670 70.361 0 53.330 1 1.000000
7627 806.137 52.633 238.908 -0.391670 70.361 0 53.330 1 1.000000
7628 806.137 52.633 238.908 -0.391670 70.361 0 53.330 1 1.000000
7629 806.137 52.633 238.908 -0.391670 70.361 0 53.330 1 1.000000
7630 806.137 52.633 238.908 -0.391670 70.361 0 53.330 1 1.000000
7631 806.137 52.633 238.908 -0.391670 70.361 0 53.330 1 1.000000
7632 806.137 52.633 238.908 -0.391670 70.361 0 53.330 1 1.000000
7633 806.137 52.633 238.908 -0.391670 70.361 0 53.330 1 1.000000
7634 806.137 52.633 238.908 -0.391670 70.361 0 53.330 1 1.000000
7635 806.137 52.633 238.908 -0.391670 70.361 0 53.330 1 1.000000
7636 806.137 52.633 238.908 -0.391670 70.361 0 53.330 1 1.000000
7637 806.137 52.633 238.908 -0.391670 70.361 0 53.330 1 1.000000
7638 806.137 52.633 238.908 -0.391670 70.361 0 53.330 1 1.000000
7639 806.137 52.633 238.908 -0.391670 70.361 0 53.330 1 1.000000
7640 806.137 52.633 238.908 -0.391670 70.361 0 53.330 1 1.000000
7641 806.137 52.633 238.908 -0.391670 70.361 0 53.330 1 1.000000
7642 806.137 52.633 238.908 -0.391670 70.361 0 53.330 1 1.000000
7643 806.137 52.633 238.908 -0.391670 70.361 0 53.330 1 1.000000
7644 806.137 52.633 238.908 -0.391670 70.361 0 53.330 1 1.000000
7645 806.137 52.633 238.908 -0.391670 70.361 0 53.330 1 1.000000
7646 806.137 52.633 238.908 -0.391670 70.361 0 53.330 1 1.000000
7647 806.137 52.633 238.908 -0.391670 70.361 0 53.330 1 1.000000
7648 806.137 52.633 238.908 -0.391670 70.361 0 53.330 1 1.000000
7649 806.137 52.633 238.908 -0.391670 70.361 0 53.330 1 1.000000
7650 806.137 52.633 238.908 -0.391670 70.361 0 53.330 1 1.000000
7651 806.137 52.633 238.908 -0.391670 70.361 0 53.330 1 1.000000
7652 806.137 52.633 238.908 -0.391670 70.361 0 53.330 1 1.000000
7653 806.137 52.633 238.908 -0.391670 70.361 0 53.330 1 1.000000
7654 806.137 52.633 238.908 -0.391670 70.361 0 53.330 1 1.000000
7655 806.137 52.633 238.908 -0.391670 70.361 0 53.330 1 1.000000
7656 806.137 52.633 238.908 -0.391670 70.361 0 53.330 1 1.000000
7657 806.137 52.633 238.908 -0.391670 70.361 0 53.330 1 1.000000
7658 806.137 52.633 238.908 -0.391670 70.361 0 53.330 1 1.000000
7659 806.137 52.633 238.908 -0.391670 70.361 0 53.330 1 1.000000
7660 806.137 52.633 238.908 -0.391670 70.361 0 53.330 1 1.000000
7661 806.137 52.633 238.908 -0.391670 70.361 0 53.330 1 1.000000
7662 806.137 52.633 238.908 -0.391670 70.361 0 53.330 1 1.000000
7663 806.137 52.633 238.908 -0.391670 70.361 0 53.330 1 1.000000
7664 806.137 52.633 238.908 -0.391670 70.361 0 53.330 1 1.000000
7665 806.137 52.633 238.908 -0.391670 70.361 0 53.330 1 1.000000
7666 806.137 52.633 238.908 -0.391670 70.361 0 53.330 1 1.000000
7667 806.137 52.633 238.908 -0.391670 70.361 0 53.330 1 1.000000
7668 806.137 52.633 238.908 -0.391670 70.361 0 53.330 1 1.000000
7669 806.137 52.633 238.908 -0.391670 70.361 0 53.330 1 1.000000
7670 806.137 52.633 238.908 -0.391670 70.361 0 53.330 1 1.000000
7671 806.137 52.633 238.908 -0.391670 70.361 0 53.330 1 1.000000
7672 806.137 52.633 238.908 -0.391670 70.361 0 53.330 1 1.000000
7673 806.137 52.633 238.908 -0.391670 70.361 0 53.330 1 1.000000
7674 806.137 52.633 238.908 -0.391670 70.361 0 53.330 1 1.000000
7675 806.137 52.633 238.908 -0.391670 70.361 0 53.330 1 1.000000
7676 806.137 52.633 238.908 -0.391670 70.361 0 53.330 1 1.000000
7677 806.137 52.633 238.908 -0.391670 70.361 0 53.330 1 1.000000
7678 806.137 52.633 238.908 -0.391670 70.361 0 53.330 1 1.000000
7679 806.137 52.633 238.908 -0.391670 70.361 0 53.330 1 1.000000
7680 806.137 52.633 238.908 -0.391670 70.361 0 53.330 1 1.000000
7681 806.137 52.633 238.908 -0.391670 70.361 0 53.330 1 1.000000
7682 806.137 52.633 238.908 -0.391670 70.361 0 53.330 1 1.000000
7683 806.137 52.633 238.908 -0.391670 70.361 0 53.330 1 1.000000
7684 806.137 52.633 238.908 -0.391670 70.361 0 53.330 1 1.000000
7685 806.137 52.633 238.908 -0.391670 70.361 0 53.330 1 1.000000
7686 806.137 52.633 238.908 -0.391670 70.361 0 53.330 1 1.000000
7687 806.137 52.633 238.908 -0.391670 70.361 0 53.330 1 1.000000
7688 806.137 52.633 238.908 -0.391670 70.361 0 53.330 1 1.000000
7689 806.137 52.633 238.908 -0.391670 70.361 0 53.330 1 1.000000
7690 806.137 52.633 238.908 -0.391670 70.361 0 53.330 1 1.000000
7691 806.137 52.633 238.908 -0.391670 70.361 0 53.330 1 1.000000
7692 806.137 52.633 238.908 -0.391670 70.361 0 53.330 1 1.000000
7693 806.137 52.633 238.908 -0.391670 70.361 0 53.330 1 1.000000
7694 806.137 52.633 238.908 -0.391670 70.361 0 53.330 1 1.000000
7695 806.137 52.633 238.908 -0.391670 70.361 0 53.330 1 1.000000
7696 806.137 52.633 238.908 -0.391670 70.361 0 53.330 1 1.000000
7697 806.137 52.633 238.908 -0.391670 70.361 0 53.330 1 1.000000
7698 806.137 52.633 238.908 -0.391670 70.361 0 53.330 1 1.000000
7699 806.137 52.633 238.908 -0.391670 70.361 0 53.330 1 1.000000
7700 806.137 52.633 238.908 -0.391670 70.361 0 53.330 1 1.000000
7701 806.137 52.633 238.908 -0.391670 70.361 0 53.330 1 1.000000
7702 806.137 52.633 238.908 -0.391670 70.361 0 53.330 1 1.000000
7703 806.137 52.633 238.908 -0.391670 70.361 0 53.330 1 1.000000
7704 806.137 52.633 238.908 -0.391670 70.361 0 53.330 1 1.000000
7705 806.137 52.633 238.908 -0.391670 70.361 0 53.330 1 1.000000
7706 806.137 52.633 238.908 -0.391670 70.361 0 53.330 1 1.000000
7707 806.137 52.633 238.908 -0.391670 70.361 0 53.330 1 1.000000
7708 806.137 52.633 238.908 -0.391670 70.361 0 53.330 1 1.000000
7709 806.137 52.633 238.908 -0.391670 70.361 0 53.330 1 1.000000
7710 806.137 52.633 238.908 -0.391670 70.361 0 53.330 1 1.000000
7711 806.137 52.633 238.908 -0.391670 70.361 0 53.330 1 1.000000
7712 806.137 52.633 238.908 -0.391670 70.361 0 53.330 1 1.000000
7713 806.137 52.633 238.908 -0.391670 70.361 0 53.330 1 1.000000
7714 806.137 52.633 238.908 -0.391670 70.361 0 53.330 1 1.000000
7715 806.137 52.633 238.908 -0.391670 70.361 0 53.330 1 1.000000
7716 806.137 52.633 238.908 -0.391670 70.361 0 53.330 1 1.000000
7717 806.137 52.633 238.908 -0.391670 70.361 0 53.330 1 1.000000
7718 806.137 52.633 238.908 -0.391670 70.361 0 53.330 1 1.000000
7719 806.137 52.633 238.908 -0.391670 70.361 0 53.330 1 1.000000
7720 806.137 52.633 238.908 -0.391670 70.361 0 53.330 1 1.000000
7721 806.137 52.633 238.908 -0.391670 70.361 0 53.330 1 1.000000
7722 806.137 52.633 238.908 -0.391670 70.361 0 53.330 1 1.000000
7723 806.137 52.633 238.908 -0.391670 70.361 0 53.330 1 1.000000
7724 806.137 52.633 238.908 -0.391670 70.361 0 53.330 1 1.000000
7725 806.137 52.633 238.908 -0.391670 70.361 0 53.330 1 1.000000
7726 806.137 52.633 238.908 -0.391670 70.361 0 53.330 1 1.000000
7727 806.137 52.633 238.908 -0.391670 70.361 0 53.330 1 1.000000
7728 806.137 52.633 238.908 -0.391670 70.361 0 53.330 1 1.000000
7729 806.137 52.633 238.908 -0.391670 70.361 0 53.330 1 1.000000
7730 806.137 52.633 238.908 -0.391670 70.361 0 53.330 1 1.000000
7731 806.137 52.633 238.908 -0.391670 70.361 0 53.330 1 1.000000
7732 806.137 52.633 238.908 -0.391670 70.361 0 53.330 1 1.000000
7733 806.137 52.633 238.908 -0.391670 70.361 0 53.330 1 1.000000
7734 806.137 52.633 238.908 -0.391670 70.361 0 53.330 1 1.000000
7735 806.137 52.633 238.908 -0.391670 70.361 0 53.330 1 1.000000
7736 806.137 52.633 238.908 -0.391670 70.361 0 53.330 1 1.000000
7737 806.137 52.633 238.908 -0.391670 70.361 0 53.330 1 1.000000
7738 806.137 52.633 238.908 -0.391670 70.361 0 53.330 1 1.000000
7739 806.137 52.633 238.908 -0.391670 70.361 0 53.330 1 1.000000
7740 806.137 52.633 238.908 -0.391670 70.361 0 53.330 1 1.000000
7741 806.137 52.633 238.908 -0.391670 70.361 0 53.330 1 1.000000
7742 806.137 52.633 238.908 -0.391670 70.361 0 53.330 1 1.000000
7743 806.137 52.633 238.908 -0.391670 70.361 0 53.330 1 1.000000
7744 806.137 52.633 238.908 -0.391670 70.361 0 53.330 1 1.000000
7745 806.137 52.633 238.908 -0.391670 70.361 0 53.330 1 1.000000
7746 806.137 52.633 238.908 -0.391670 70.361 0 53.330 1 1.000000
7747 806.137 52.633 238.908 -0.391670 70.361 0 53.330 1 1.000000
7748 806.137 52.633 238.908 -0.391670 70.361 0 53.330 1 1.000000
7749 806.137 52.633 238.908 -0.391670 70.361 0 53.330 1 1.000000
7750 806.137 52.633 238.908 -0.391670 70.361 0 53.330 1 1.000000
7751 806.137 52.633 238.908 -0.391670 70.361 0 53.330 1 1.000000
7752 806.137 52.633 238.908 -0.391670 70.361 0 53.330 1 1.000000
7753 806.137 52.633 238.908 -0.391670 70.361 0 53.330 1 1.000000
7754 806.137 52.633 238.908 -0.391670 70.361 0 53.330 1 1.000000
7755 806.137 52.633 238.908 -0.391670 70.361 0 53.330 1 1.000000
7756 806.137 52.633 238.908 -0.391670 70.361 0 53.330 1 1.000000
7757 806.137 52.633 238.908 -0.391670 70.361 0 53.330 1 1.000000
7758 806.137 52.633 238.908 -0.391670 70.361 0 53.330 1 1.000000
7759 806.137 52.633 238.908 -0.391670 70.361 0 53.330 1 1.000000
7760 806.137 52.633 238.908 -0.391670 70.361 0 53.330 1 1.000000
7761 806.137 52.633 238.908 -0.391670 70.361 0 53.330 1 1.000000
7762 806.137 52.633 238.908 -0.391670 70.361 0 53.330 1 1.000000
7763 806.137 52.633 238.908 -0.391670 70.361 0 53.330 1 1.000000
7764 806.137 52.633 238.908 -0.391670 70.361 0 53.330 1 1.000000
7765 806.137 52.633 238.908 -0.391670 70.361 0 53.330 1 1.000000
7766 806.137 52.633 238.908 -0.391670 70.361 0 53.330 1 1.000000
7767 806.137 52.633 238.908 -0.391670 70.361 0 53.330 1 1.000000
7768 806.137 52.633 238.908 -0.391670 70.361 0 53.330 1 1.000000
7769 806.137 52.633 238.908 -0.391670 70.361 0 53.330 1 1.000000
7770 806.137 52.633 238.908 -0.391670 70.361 0 53.330 1 1.000000
7771 806.137 52.633 238.908 -0.391670 70.361 0 53.330 1 1.000000
7772 806.137 52.633 238.908 -0.391670 70.361 0 53.330 1 1.000000
7773 806.137 52.633 238.908 -0.391670 70.361 0 53.330 1 1.000000
7774 806.137 52.633 238.908 -0.391670 70.361 0 53.330 1 1.000000
7775 806.137 52.633 238.908 -0.391670 70.361 0 53.330 1 1.000000
7776 806.137 52.633 238.908 -0.391670 70.361 0 53.330 1 1.000000
7777 806.137 52.633 238.908 -0.391670 70.361 0 53.330 1 1.000000
7778 806.137 52.633 238.908 -0.391670 70.361 0 53.330 1 1.000000
7779 806.137 52.633 238.908 -0.391670 70.361 0 53.330 1 1.000000
7780 806.137 52.633 238.908 -0.391670 70.361 0 53.330 1 1.000000
7781 806.137 52.633 238.908 -0.391670 70.361 0 53.330 1 1.000000
7782 806.137 52.633 238.908 -0.391670 70.361 0 53.330 1 1.000000
7783 806.137 52.633 238.908 -0.391670 70.361 0 53.330 1 1.000000
7784 806.137 52.633 238.908 -0.391670 70.361 0 53.330 1 1.000000
7785 806.137 52.633 238.908 -0.391670 70.361 0 53.330 1 1.000000
7786 806.137 52.633 238.908 -0.391670 70.361 0 53.330 1 1.000000
7787 806.137 52.633 238.908 -0.391670 70.361 0 53.330 1 1.000000
7788 806.137 52.633 238.908 -0.391670 70.361 0 53.330 1 1.000000
7789 806.137 52.633 238.908 -0.391670 70.361 0 53.330 1 1.000000
7790 806.137 52.633 238.908 -0.391670 70.361 0 53.330 1 1.000000
7791 806.137 52.633 238.908 -0.391670 70.361 0 53.330 1 1.000000
7792 806.137 52.633 238.908 -0.391670 70.361 0 53.330 1 1.000000
7793 806.137 52.633 238.908 -0.391670 70.361 0 53.330 1 1.000000
7794 806.137 52.633 238.908 -0.391670 70.361 0 53.330 1 1.000000
7795 806.136 52.704 238.911 -0.462135 70.361 0 53.335 1 1.000000
7796 806.136 52.704 238.911 -0.462135 70.361 0 53.335 1 1.000000
7797 806.134 52.772 238.914 -0.465677 70.360 0 53.340 1 1.000000
7798 806.134 52.772 238.914 -0.465677 70.360 0 53.340 1 1.000000
7799 806.112 52.838 238.907 -0.441853 70.362 0 53.345 1 1.000000
7800 806.112 52.838 238.907 -0.441853 70.362 0 53.345 1 1.000000
7801 806.110 52.901 238.910 -0.441491 70.362 0 53.349 1 1.000000
7802 806.110 52.901 238.910 -0.441491 70.362 0 53.349 1 1.000000
7803 806.089 52.961 238.904 -0.419420 70.363 0 53.353 1 1.000000
7804 806.089 52.961 238.904 -0.419420 70.363 0 53.353 1 1.000000
7805 806.090 53.018 238.908 -0.420979 70.362 0 53.357 1 1.000000
7806 806.090 53.018 238.908 -0.420979 70.362 0 53.357 1 1.000000
7807 806.107 53.064 238.917 -0.440336 70.361 0 53.360 1 1.000000
7808 806.107 53.064 238.917 -0.440336 70.361 0 53.360 1 1.000000
7809 806.122 53.110 238.926 -0.457158 70.360 0 53.365 1 1.000000
7810 806.122 53.110 238.926 -0.457158 70.360 0 53.365 1 1.000000
7811 806.133 53.155 238.931 -0.468668 70.359 0 53.370 1 1.000000
7812 806.133 53.155 238.931 -0.468668 70.359 0 53.370 1 1.000000
7813 806.141 53.200 238.932 -0.475964 70.358 0 53.377 1 1.000000
7814 806.141 53.200 238.932 -0.475964 70.358 0 53.377 1 1.000000
7815 806.146 53.243 238.931 -0.479682 70.358 0 53.386 1 1.000000
7816 806.146 53.243 238.931 -0.479682 70.358 0 53.386 1 1.000000
7817 806.152 53.284 238.928 -0.484431 70.358 0 53.396 1 1.000000
7818 806.152 53.284 238.928 -0.484431 70.358 0 53.396 1 1.000000
7819 806.159 53.321 238.926 -0.488786 70.358 0 53.405 1 1.000000
7820 806.159 53.321 238.926 -0.488786 70.358 0 53.405 1 1.000000
7821 806.165 53.356 238.923 -0.492748 70.359 0 53.414 1 1.000000
7822 806.165 53.356 238.923 -0.492748 70.359 0 53.414 1 1.000000
7823 806.170 53.388 238.921 -0.496312 70.359 0 53.422 1 1.000000
7824 806.170 53.388 238.921 -0.496312 70.359 0 53.422 1 1.000000
7825 806.183 53.396 238.919 -0.507380 70.358 0 53.430 1 1.000000
7826 806.183 53.396 238.919 -0.507380 70.358 0 53.430 1 1.000000
7827 806.192 53.400 238.918 -0.515232 70.358 0 53.435 1 1.000000
7828 806.192 53.400 238.918 -0.515232 70.358 0 53.435 1 1.000000
7829 806.201 53.403 238.916 -0.522340 70.358 0 53.441 1 1.000000
7830 806.201 53.403 238.916 -0.522340 70.358 0 53.441 1 1.000000
7831 806.209 53.405 238.915 -0.528563 70.358 0 53.446 1 1.000000
7832 806.209 53.405 238.915 -0.528563 70.358 0 53.446 1 1.000000
7833 806.215 53.408 238.913 -0.533911 70.358 0 53.450 1 1.000000
7834 806.215 53.408 238.913 -0.533911 70.358 0 53.450 1 1.000000
7835 806.221 53.410 238.911 -0.538500 70.358 0 53.455 1 1.000000
7836 806.221 53.410 238.911 -0.538500 70.358 0 53.455 1 1.000000
7837 806.226 53.411 238.909 -0.542157 70.358 0 53.459 1 1.000000
7838 806.226 53.411 238.909 -0.542157 70.358 0 53.459 1 1.000000
7839 806.231 53.413 238.906 -0.544992 70.358 0 53.463 1 1.000000
7840 806.231 53.413 238.906 -0.544992 70.358 0 53.463 1 1.000000
7841 806.234 53.414 238.904 -0.546953 70.359 0 53.467 1 1.000000
7842 806.234 53.414 238.904 -0.546953 70.359 0 53.467 1 1.000000
7843 806.236 53.414 238.901 -0.548098 70.359 0 53.470 1 1.000000
7844 806.236 53.414 238.901 -0.548098 70.359 0 53.470 1 1.000000
7845 806.238 53.415 238.898 -0.548363 70.359 0 53.473 1 1.000000
7846 806.238 53.415 238.898 -0.548363 70.359 0 53.473 1 1.000000
7847 806.239 53.415 238.896 -0.547812 70.359 0 53.476 1 1.000000
7848 806.239 53.415 238.896 -0.547812 70.359 0 53.476 1 1.000000
7849 806.239 53.412 238.893 -0.547163 70.360 0 53.479 1 1.000000
7850 806.239 53.412 238.893 -0.547163 70.360 0 53.479 1 1.000000
7851 806.212 53.404 238.884 -0.518618 70.361 0 53.475 1 1.000000
7852 806.212 53.404 238.884 -0.518618 70.361 0 53.475 1 1.000000
7853 806.212 53.396 238.881 -0.518062 70.362 0 53.477 1 1.000000
7854 806.212 53.396 238.881 -0.518062 70.362 0 53.477 1 1.000000
7855 806.191 53.382 238.883 -0.499831 70.362 0 53.464 1 1.000000
7856 806.191 53.382 238.883 -0.499831 70.362 0 53.464 1 1.000000
7857 806.174 53.369 238.894 -0.489193 70.361 0 53.446 1 1.000000
7858 806.174 53.369 238.894 -0.489193 70.361 0 53.446 1 1.000000
7859 806.170 53.349 238.889 -0.483980 70.362 0 53.446 1 1.000000
7860 806.170 53.349 238.889 -0.483980 70.362 0 53.446 1 1.000000
7861 806.171 53.330 238.886 -0.483409 70.362 0 53.447 1 1.000000
7862 806.171 53.330 238.886 -0.483409 70.362 0 53.447 1 1.000000
7863 806.165 53.305 238.881 -0.476362 70.363 0 53.446 1 1.000000
7864 806.165 53.305 238.881 -0.476362 70.363 0 53.446 1 1.000000
7865 806.166 53.281 238.878 -0.475873 70.363 0 53.446 1 1.000000
7866 806.166 53.281 238.878 -0.475873 70.363 0 53.446 1 1.000000
7867 806.158 53.250 238.873 -0.467310 70.364 0 53.444 1 1.000000
7868 806.158 53.250 238.873 -0.467310 70.364 0 53.444 1 1.000000
7869 806.159 53.221 238.870 -0.466839 70.364 0 53.443 1 1.000000
7870 806.159 53.221 238.870 -0.466839 70.364 0 53.443 1 1.000000
7871 806.150 53.185 238.865 -0.456686 70.365 0 53.440 1 1.000000
7872 806.150 53.185 238.865 -0.456686 70.365 0 53.440 1 1.000000
7873 806.150 53.150 238.861 -0.456269 70.365 0 53.439 1 1.000000
7874 806.150 53.150 238.861 -0.456269 70.365 0 53.439 1 1.000000
7875 806.140 53.109 238.856 -0.444577 70.366 0 53.435 1 1.000000
7876 806.140 53.109 238.856 -0.444577 70.366 0 53.435 1 1.000000
7877 806.140 53.069 238.853 -0.444150 70.367 0 53.433 1 1.000000
7878 806.140 53.069 238.853 -0.444150 70.367 0 53.433 1 1.000000
7879 806.119 53.023 238.846 -0.422586 70.368 0 53.425 1 1.000000
7880 806.119 53.023 238.846 -0.422586 70.368 0 53.425 1 1.000000
7881 806.119 52.880 238.845 -0.423354 70.368 0 53.409 1 1.000000
7882 806.119 52.880 238.845 -0.423354 70.368 0 53.409 1 1.000000
7883 806.125 52.833 238.852 -0.431648 70.367 0 53.399 1 1.000000
7884 806.125 52.833 238.852 -0.431648 70.367 0 53.399 1 1.000000
7885 806.131 52.783 238.859 -0.440338 70.366 0 53.390 1 1.000000
7886 806.131 52.783 238.859 -0.440338 70.366 0 53.390 1 1.000000
7887 806.138 52.730 238.866 -0.449476 70.365 0 53.380 1 1.000000
7888 806.138 52.730 238.866 -0.449476 70.365 0 53.380 1 1.000000
7889 806.145 52.675 238.873 -0.428791 70.364 0 53.370 1 1.000000
7890 806.145 52.675 238.873 -0.428791 70.364 0 53.370 1 1.000000
7891 806.131 52.648 238.876 -0.403961 70.365 0 53.358 1 1.000000
7892 806.131 52.648 238.876 -0.403961 70.365 0 53.358 1 1.000000
7893 806.144 52.646 238.886 -0.401836 70.363 0 53.354 1 1.000000
7894 806.144 52.646 238.886 -0.401836 70.363 0 53.354 1 1.000000
7895 806.143 52.643 238.889 -0.399635 70.363 0 53.350 1 1.000000
7896 806.143 52.643 238.889 -0.399635 70.363 0 53.350 1 1.000000
7897 806.143 52.638 238.893 -0.394821 70.362 0 53.346 1 1.000000
7898 806.143 52.638 238.893 -0.394821 70.362 0 53.346 1 1.000000
7899 806.144 52.633 238.897 -0.390297 70.362 0 53.342 1 1.000000
7900 806.144 52.633 238.897 -0.390297 70.362 0 53.342 1 1.000000
7901 806.140 52.645 238.901 -0.403049 70.362 0 53.338 1 1.000000
7902 806.140 52.645 238.901 -0.403049 70.362 0 53.338 1 1.000000
7903 806.137 52.642 238.904 -0.400829 70.361 0 53.335 1 1.000000
7904 806.137 52.642 238.904 -0.400829 70.361 0 53.335 1 1.000000
7905 806.136 52.637 238.907 -0.396004 70.361 0 53.331 1 1.000000
7906 806.136 52.637 238.907 -0.396004 70.361 0 53.331 1 1.000000
7907 806.137 52.631 238.911 -0.390476 70.361 0 53.326 1 1.000000
7908 806.137 52.631 238.911 -0.390476 70.361 0 53.326 1 1.000000
7909 806.134 52.643 238.916 -0.403229 70.360 0 53.323 1 1.000000
7910 806.134 52.643 238.916 -0.403229 70.360 0 53.323 1 1.000000
7911 806.131 52.641 238.918 -0.401001 70.360 0 53.319 1 1.000000
7912 806.131 52.641 238.918 -0.401001 70.360 0 53.319 1 1.000000
7913 806.130 52.635 238.921 -0.396164 70.360 0 53.315 1 1.000000
7914 806.130 52.635 238.921 -0.396164 70.360 0 53.315 1 1.000000
7915 806.131 52.629 238.925 -0.390274 70.359 0 53.311 1 1.000000
7916 806.131 52.629 238.925 -0.390274 70.359 0 53.311 1 1.000000
7917 806.129 52.629 238.928 -0.390362 70.359 0 53.308 1 1.000000
7918 806.129 52.629 238.928 -0.390362 70.359 0 53.308 1 1.000000
7919 806.126 52.641 238.933 -0.403126 70.359 0 53.304 1 1.000000
7920 806.126 52.641 238.933 -0.403126 70.359 0 53.304 1 1.000000
7921 806.124 52.638 238.935 -0.400883 70.359 0 53.300 1 1.000000
7922 806.124 52.638 238.935 -0.400883 70.359 0 53.300 1 1.000000
7923 806.123 52.633 238.938 -0.396027 70.358 0 53.297 1 1.000000
7924 806.123 52.633 238.938 -0.396027 70.358 0 53.297 1 1.000000
7925 806.124 52.626 238.942 -0.389805 70.358 0 53.293 1 1.000000
7926 806.121 52.638 238.946 -0.402336 70.357 0 53.289 1 1.000000
7927 806.121 52.638 238.946 -0.402336 70.357 0 53.289 1 1.000000
7928 806.118 52.636 238.949 -0.400082 70.357 0 53.285 1 1.000000
7929 806.118 52.636 238.949 -0.400082 70.357 0 53.285 1 1.000000
7930 806.117 52.630 238.952 -0.395226 70.357 0 53.282 1 1.000000
7931 806.117 52.630 238.952 -0.395226 70.357 0 53.282 1 1.000000
7932 806.119 52.623 238.955 -0.388409 70.356 0 53.278 1 1.000000
7933 806.119 52.623 238.955 -0.388409 70.356 0 53.278 1 1.000000
7934 806.118 52.623 238.955 -0.388618 70.357 0 53.278 1 1.000000
7935 806.118 52.623 238.955 -0.388618 70.357 0 53.278 1 1.000000
7936 806.118 52.623 238.955 -0.388626 70.357 0 53.278 1 1.000000
7937 806.118 52.623 238.955 -0.388626 70.357 0 53.278 1 1.000000
7938 806.118 52.623 238.955 -0.388630 70.357 0 53.278 1 1.000000
7939 806.118 52.623 238.955 -0.388630 70.357 0 53.278 1 1.000000
7940 806.118 52.623 238.955 -0.388630 70.357 0 53.278 1 1.000000
7941 806.118 52.623 238.955 -0.388630 70.357 0 53.278 1 1.000000
7942 806.118 52.623 238.955 -0.388630 70.357 0 53.278 1 1.000000
7943 806.118 52.623 238.955 -0.388630 70.357 0 53.278 1 1.000000
7944 806.118 52.623 238.955 -0.388630 70.357 0 53.278 1 1.000000
7945 806.118 52.623 238.955 -0.388630 70.357 0 53.278 1 1.000000
7946 806.118 52.623 238.955 -0.388630 70.357 0 53.278 1 1.000000
7947 806.118 52.623 238.955 -0.388630 70.357 0 53.278 1 1.000000
7948 806.118 52.623 238.955 -0.388630 70.357 0 53.278 1 1.000000
7949 806.118 52.623 238.955 -0.388630 70.357 0 53.278 1 1.000000
7950 806.118 52.623 238.955 -0.388630 70.357 0 53.278 1 1.000000
7951 806.118 52.623 238.955 -0.388630 70.357 0 53.278 1 1.000000
7952 806.118 52.623 238.955 -0.388630 70.357 0 53.278 1 1.000000
7953 806.118 52.623 238.955 -0.388630 70.357 0 53.278 1 1.000000
7954 806.118 52.623 238.955 -0.388630 70.357 0 53.278 1 1.000000
7955 806.118 52.623 238.955 -0.388630 70.357 0 53.278 1 1.000000
7956 806.118 52.623 238.955 -0.388630 70.357 0 53.278 1 1.000000
7957 806.118 52.623 238.955 -0.388630 70.357 0 53.278 1 1.000000
7958 806.118 52.623 238.955 -0.388630 70.357 0 53.278 1 1.000000
7959 806.118 52.623 238.955 -0.388630 70.357 0 53.278 1 1.000000
7960 806.118 52.623 238.955 -0.388630 70.357 0 53.278 1 1.000000
7961 806.118 52.623 238.955 -0.388630 70.357 0 53.278 1 1.000000
7962 806.118 52.623 238.955 -0.388630 70.357 0 53.278 1 1.000000
7963 806.118 52.623 238.955 -0.388630 70.357 0 53.278 1 1.000000
7964 806.118 52.623 238.955 -0.388630 70.357 0 53.278 1 1.000000
7965 806.118 52.623 238.955 -0.388630 70.357 0 53.278 1 1.000000
7966 806.118 52.623 238.955 -0.388630 70.357 0 53.278 1 1.000000
7967 806.118 52.623 238.955 -0.388630 70.357 0 53.278 1 1.000000
7968 806.118 52.623 238.955 -0.388630 70.357 0 53.278 1 1.000000
7969 806.118 52.623 238.955 -0.388630 70.357 0 53.278 1 1.000000
7970 806.118 52.623 238.955 -0.388630 70.357 0 53.278 1 1.000000
7971 806.118 52.623 238.955 -0.388630 70.357 0 53.278 1 1.000000
7972 806.118 52.623 238.955 -0.388630 70.357 0 53.278 1 1.000000
7973 806.118 52.623 238.955 -0.388630 70.357 0 53.278 1 1.000000
7974 806.118 52.623 238.955 -0.388630 70.357 0 53.278 1 1.000000
7975 806.118 52.623 238.955 -0.388630 70.357 0 53.278 1 1.000000
7976 806.118 52.623 238.955 -0.388630 70.357 0 53.278 1 1.000000
7977 806.118 52.623 238.955 -0.388630 70.357 0 53.278 1 1.000000
7978 806.118 52.623 238.955 -0.388630 70.357 0 53.278 1 1.000000
7979 806.118 52.623 238.955 -0.388630 70.357 0 53.278 1 1.000000
7980 806.118 52.623 238.955 -0.388630 70.357 0 53.278 1 1.000000
7981 806.118 52.623 238.955 -0.388630 70.357 0 53.278 1 1.000000
7982 806.118 52.623 238.955 -0.388630 70.357 0 53.278 1 1.000000
7983 806.118 52.623 238.955 -0.388630 70.357 0 53.278 1 1.000000
7984 806.118 52.623 238.955 -0.388630 70.357 0 53.278 1 1.000000
7985 806.118 52.623 238.955 -0.388630 70.357 0 53.278 1 1.000000
7986 806.118 52.623 238.955 -0.388630 70.357 0 53.278 1 1.000000
7987 806.118 52.623 238.955 -0.388630 70.357 0 53.278 1 1.000000
7988 806.118 52.623 238.955 -0.388630 70.357 0 53.278 1 1.000000
7989 806.118 52.623 238.955 -0.388630 70.357 0 53.278 1 1.000000
7990 806.118 52.623 238.955 -0.388630 70.357 0 53.278 1 1.000000
7991 806.118 52.623 238.955 -0.388630 70.357 0 53.278 1 1.000000
7992 806.118 52.623 238.955 -0.388630 70.357 0 53.278 1 1.000000
7993 806.118 52.623 238.955 -0.388630 70.357 0 53.278 1 1.000000
7994 806.118 52.623 238.955 -0.388630 70.357 0 53.278 1 1.000000
7995 806.118 52.623 238.955 -0.388630 70.357 0 53.278 1 1.000000
7996 806.118 52.623 238.955 -0.388630 70.357 0 53.278 1 1.000000
7997 806.118 52.623 238.955 -0.388630 70.357 0 53.278 1 1.000000
7998 806.118 52.623 238.955 -0.388630 70.357 0 53.278 1 1.000000
7999 806.118 52.623 238.955 -0.388630 70.357 0 53.278 1 1.000000
8000 806.118 52.623 238.955 -0.388630 70.357 0 53.278 1 1.000000
8001 806.118 52.623 238.955 -0.388630 70.357 0 53.278 1 1.000000
8002 806.118 52.623 238.955 -0.388630 70.357 0 53.278 1 1.000000
8003 806.118 52.623 238.955 -0.388630 70.357 0 53.278 1 1.000000
8004 806.118 52.623 238.955 -0.388630 70.357 0 53.278 1 1.000000
8005 806.118 52.623 238.955 -0.388630 70.357 0 53.278 1 1.000000
8006 806.118 52.623 238.955 -0.388630 70.357 0 53.278 1 1.000000
8007 806.118 52.623 238.955 -0.388630 70.357 0 53.278 1 1.000000
8008 806.118 52.623 238.955 -0.388630 70.357 0 53.278 1 1.000000
8009 806.118 52.623 238.955 -0.388630 70.357 0 53.278 1 1.000000
8010 806.118 52.623 238.955 -0.388630 70.357 0 53.278 1 1.000000
8011 806.118 52.623 238.955 -0.388630 70.357 0 53.278 1 1.000000
8012 806.118 52.623 238.955 -0.388630 70.357 0 53.278 1 1.000000
8013 806.118 52.623 238.955 -0.388630 70.357 0 53.278 1 1.000000
8014 806.118 52.623 238.955 -0.388630 70.357 0 53.278 1 1.000000
8015 806.118 52.623 238.955 -0.388630 70.357 0 53.278 1 1.000000
8016 806.118 52.623 238.955 -0.388630 70.357 0 53.278 1 1.000000
8017 806.118 52.623 238.955 -0.388630 70.357 0 53.278 1 1.000000
8018 806.118 52.623 238.955 -0.388630 70.357 0 53.278 1 1.000000
8019 806.118 52.623 238.955 -0.388630 70.357 0 53.278 1 1.000000
8020 806.118 52.623 238.955 -0.388630 70.357 0 53.278 1 1.000000
8021 806.118 52.623 238.955 -0.388630 70.357 0 53.278 1 1.000000
8022 806.118 52.623 238.955 -0.388630 70.357 0 53.278 1 1.000000
8023 806.118 52.623 238.955 -0.388630 70.357 0 53.278 1 1.000000
8024 806.118 52.623 238.955 -0.388630 70.357 0 53.278 1 1.000000
8025 806.118 52.623 238.955 -0.388630 70.357 0 53.278 1 1.000000
8026 806.118 52.623 238.955 -0.388630 70.357 0 53.278 1 1.000000
8027 806.118 52.623 238.955 -0.388630 70.357 0 53.278 1 1.000000
8028 806.118 52.623 238.955 -0.388630 70.357 0 53.278 1 1.000000
8029 806.118 52.623 238.955 -0.388630 70.357 0 53.278 1 1.000000
8030 806.118 52.623 238.955 -0.388630 70.357 0 53.278 1 1.000000
8031 806.118 52.623 238.955 -0.388630 70.357 0 53.278 1 1.000000
8032 806.118 52.623 238.955 -0.388630 70.357 0 53.278 1 1.000000
8033 806.118 52.623 238.955 -0.388630 70.357 0 53.278 1 1.000000
8034 806.118 52.623 238.955 -0.388630 70.357 0 53.278 1 1.000000
8035 806.118 52.623 238.955 -0.388630 70.357 0 53.278 1 1.000000
8036 806.118 52.623 238.955 -0.388630 70.357 0 53.278 1 1.000000
8037 806.118 52.623 238.955 -0.388630 70.357 0 53.278 1 1.000000
8038 806.118 52.623 238.955 -0.388630 70.357 0 53.278 1 1.000000
8039 806.118 52.623 238.955 -0.388630 70.357 0 53.278 1 1.000000
8040 806.118 52.623 238.955 -0.388630 70.357 0 53.278 1 1.000000
8041 806.118 52.623 238.955 -0.388630 70.357 0 53.278 1 1.000000
8042 806.118 52.623 238.955 -0.388630 70.357 0 53.278 1 1.000000
8043 806.118 52.623 238.955 -0.388630 70.357 0 53.278 1 1.000000
8044 806.118 52.623 238.955 -0.388630 70.357 0 53.278 1 1.000000
8045 806.118 52.623 238.955 -0.388630 70.357 0 53.278 1 1.000000
8046 806.118 52.623 238.955 -0.388630 70.357 0 53.278 1 1.000000
8047 806.118 52.623 238.955 -0.388630 70.357 0 53.278 1 1.000000
8048 806.118 52.623 238.955 -0.388630 70.357 0 53.278 1 1.000000
8049 806.118 52.623 238.955 -0.388630 70.357 0 53.278 1 1.000000
8050 806.118 52.623 238.955 -0.388630 70.357 0 53.278 1 1.000000
8051 806.118 52.623 238.955 -0.388630 70.357 0 53.278 1 1.000000
8052 806.118 52.623 238.955 -0.388630 70.357 0 53.278 1 1.000000
8053 806.118 52.623 238.955 -0.388630 70.357 0 53.278 1 1.000000
8054 806.118 52.623 238.955 -0.388630 70.357 0 53.278 1 1.000000
8055 806.118 52.623 238.955 -0.388630 70.357 0 53.278 1 1.000000
8056 806.118 52.623 238.955 -0.388630 70.357 0 53.278 1 1.000000
8057 806.118 52.623 238.955 -0.388630 70.357 0 53.278 1 1.000000
8058 806.118 52.623 238.955 -0.388630 70.357 0 53.278 1 1.000000
8059 806.118 52.623 238.955 -0.388630 70.357 0 53.278 1 1.000000
8060 806.118 52.623 238.955 -0.388630 70.357 0 53.278 1 1.000000
8061 806.118 52.623 238.955 -0.388630 70.357 0 53.278 1 1.000000
8062 806.118 52.623 238.955 -0.388630 70.357 0 53.278 1 1.000000
8063 806.118 52.623 238.955 -0.388630 70.357 0 53.278 1 1.000000
8064 806.118 52.623 238.955 -0.388630 70.357 0 53.278 1 1.000000
8065 806.118 52.623 238.955 -0.388630 70.357 0 53.278 1 1.000000
8066 806.118 52.623 238.955 -0.388630 70.357 0 53.278 1 1.000000
8067 806.118 52.623 238.955 -0.388630 70.357 0 53.278 1 1.000000
8068 806.118 52.623 238.955 -0.388630 70.357 0 53.278 1 1.000000
8069 806.118 52.623 238.955 -0.388630 70.357 0 53.278 1 1.000000
8070 806.118 52.623 238.955 -0.388630 70.357 0 53.278 1 1.000000
8071 806.118 52.623 238.955 -0.388630 70.357 0 53.278 1 1.000000
8072 806.118 52.623 238.955 -0.388630 70.357 0 53.278 1 1.000000
8073 806.118 52.623 238.955 -0.388630 70.357 0 53.278 1 1.000000
8074 806.118 52.623 238.955 -0.388630 70.357 0 53.278 1 1.000000
8075 806.118 52.623 238.955 -0.388630 70.357 0 53.278 1 1.000000
8076 806.118 52.623 238.955 -0.388630 70.357 0 53.278 1 1.000000
8077 806.118 52.623 238.955 -0.388630 70.357 0 53.278 1 1.000000
8078 806.118 52.623 238.955 -0.388630 70.357 0 53.278 1 1.000000
8079 806.118 52.623 238.955 -0.388630 70.357 0 53.278 1 1.000000
8080 806.118 52.623 238.955 -0.388630 70.357 0 53.278 1 1.000000
8081 806.118 52.623 238.955 -0.388630 70.357 0 53.278 1 1.000000
8082 806.118 52.623 238.955 -0.388630 70.357 0 53.278 1 1.000000
8083 806.118 52.623 238.955 -0.388630 70.357 0 53.278 1 1.000000
8084 806.118 52.623 238.955 -0.388630 70.357 0 53.278 1 1.000000
8085 806.118 52.623 238.955 -0.388630 70.357 0 53.278 1 1.000000
8086 806.118 52.623 238.955 -0.388630 70.357 0 53.278 1 1.000000
8087 806.118 52.623 238.955 -0.388630 70.357 0 53.278 1 1.000000
8088 806.118 52.623 238.955 -0.388630 70.357 0 53.278 1 1.000000
8089 806.118 52.623 238.955 -0.388630 70.357 0 53.278 1 1.000000
8090 806.118 52.623 238.955 -0.388630 70.357 0 53.278 1 1.000000
8091 806.118 52.623 238.955 -0.388630 70.357 0 53.278 1 1.000000
8092 806.118 52.623 238.955 -0.388630 70.357 0 53.278 1 1.000000
8093 806.118 52.623 238.955 -0.388630 70.357 0 53.278 1 1.000000
8094 806.118 52.623 238.955 -0.388630 70.357 0 53.278 1 1.000000
8095 806.118 52.623 238.955 -0.388630 70.357 0 53.278 1 1.000000
8096 806.118 52.623 238.955 -0.388630 70.357 0 53.278 1 1.000000
8097 806.118 52.623 238.955 -0.388630 70.357 0 53.278 1 1.000000
8098 806.118 52.623 238.955 -0.388630 70.357 0 53.278 1 1.000000
8099 806.118 52.623 238.955 -0.388630 70.357 0 53.278 1 1.000000
8100 806.118 52.623 238.955 -0.388630 70.357 0 53.278 1 1.000000
8101 806.118 52.623 238.955 -0.388630 70.357 0 53.278 1 1.000000
8102 806.118 52.623 238.955 -0.388630 70.357 0 53.278 1 1.000000
8103 806.118 52.623 238.955 -0.388630 70.357 0 53.278 1 1.000000
8104 806.118 52.623 238.955 -0.388630 70.357 0 53.278 1 1.000000
8105 806.118 52.623 238.955 -0.388630 70.357 0 53.278 1 1.000000
8106 806.118 52.623 238.955 -0.388630 70.357 0 53.278 1 1.000000
8107 806.118 52.623 238.955 -0.388630 70.357 0 53.278 1 1.000000
8108 806.118 52.623 238.955 -0.388630 70.357 0 53.278 1 1.000000
8109 806.118 52.623 238.955 -0.388630 70.357 0 53.278 1 1.000000
8110 806.118 52.623 238.955 -0.388630 70.357 0 53.278 1 1.000000
8111 806.118 52.623 238.955 -0.388630 70.357 0 53.278 1 1.000000
8112 806.118 52.623 238.955 -0.388630 70.357 0 53.278 1 1.000000
8113 806.118 52.623 238.955 -0.388630 70.357 0 53.278 1 1.000000
8114 806.118 52.623 238.955 -0.388630 70.357 0 53.278 1 1.000000
8115 806.118 52.694 238.955 -0.458595 70.357 0 53.287 1 1.000000
8116 806.118 52.694 238.955 -0.458595 70.357 0 53.287 1 1.000000
8117 806.119 52.763 238.954 -0.468158 70.357 0 53.296 1 1.000000
8118 806.119 52.763 238.954 -0.468158 70.357 0 53.296 1 1.000000
8119 806.095 52.829 238.946 -0.443463 70.358 0 53.301 1 1.000000
8120 806.095 52.829 238.946 -0.443463 70.358 0 53.301 1 1.000000
8121 806.094 52.891 238.949 -0.443103 70.358 0 53.306 1 1.000000
8122 806.094 52.891 238.949 -0.443103 70.358 0 53.306 1 1.000000
8123 806.073 52.952 238.943 -0.421095 70.359 0 53.310 1 1.000000
8124 806.073 52.952 238.943 -0.421095 70.359 0 53.310 1 1.000000
8125 806.072 53.009 238.946 -0.420684 70.359 0 53.314 1 1.000000
8126 806.072 53.009 238.946 -0.420684 70.359 0 53.314 1 1.000000
8127 806.083 53.046 238.953 -0.433831 70.358 0 53.317 1 1.000000
8128 806.083 53.046 238.953 -0.433831 70.358 0 53.317 1 1.000000
8129 806.100 53.090 238.962 -0.452132 70.356 0 53.320 1 1.000000
8130 806.100 53.090 238.962 -0.452132 70.356 0 53.320 1 1.000000
8131 806.115 53.132 238.970 -0.468735 70.355 0 53.324 1 1.000000
8132 806.115 53.132 238.970 -0.468735 70.355 0 53.324 1 1.000000
8133 806.126 53.175 238.975 -0.480435 70.354 0 53.329 1 1.000000
8134 806.126 53.175 238.975 -0.480435 70.354 0 53.329 1 1.000000
8135 806.134 53.217 238.977 -0.488379 70.354 0 53.336 1 1.000000
8136 806.134 53.217 238.977 -0.488379 70.354 0 53.336 1 1.000000
8137 806.139 53.257 238.976 -0.492555 70.354 0 53.344 1 1.000000
8138 806.139 53.257 238.976 -0.492555 70.354 0 53.344 1 1.000000
8139 806.145 53.295 238.974 -0.496451 70.354 0 53.353 1 1.000000
8140 806.145 53.295 238.974 -0.496451 70.354 0 53.353 1 1.000000
8141 806.151 53.330 238.971 -0.500346 70.354 0 53.362 1 1.000000
8142 806.151 53.330 238.971 -0.500346 70.354 0 53.362 1 1.000000
8143 806.157 53.362 238.968 -0.503847 70.354 0 53.371 1 1.000000
8144 806.157 53.362 238.968 -0.503847 70.354 0 53.371 1 1.000000
8145 806.162 53.391 238.965 -0.507024 70.354 0 53.379 1 1.000000
8146 806.162 53.391 238.965 -0.507024 70.354 0 53.379 1 1.000000
8147 806.174 53.396 238.964 -0.517612 70.354 0 53.386 1 1.000000
8148 806.174 53.396 238.964 -0.517612 70.354 0 53.386 1 1.000000
8149 806.183 53.400 238.962 -0.524661 70.354 0 53.392 1 1.000000
8150 806.183 53.400 238.962 -0.524661 70.354 0 53.392 1 1.000000
8151 806.191 53.402 238.960 -0.530816 70.354 0 53.397 1 1.000000
8152 806.191 53.402 238.960 -0.530816 70.354 0 53.397 1 1.000000
8153 806.197 53.405 238.958 -0.536154 70.354 0 53.402 1 1.000000
8154 806.197 53.405 238.958 -0.536154 70.354 0 53.402 1 1.000000
8155 806.203 53.407 238.956 -0.540617 70.354 0 53.407 1 1.000000
8156 806.203 53.407 238.956 -0.540617 70.354 0 53.407 1 1.000000
8157 806.208 53.408 238.953 -0.544269 70.354 0 53.411 1 1.000000
8158 806.208 53.408 238.953 -0.544269 70.354 0 53.411 1 1.000000
8159 806.213 53.410 238.951 -0.546979 70.354 0 53.415 1 1.000000
8160 806.213 53.410 238.951 -0.546979 70.354 0 53.415 1 1.000000
8161 806.216 53.411 238.948 -0.548930 70.354 0 53.419 1 1.000000
8162 806.216 53.411 238.948 -0.548930 70.354 0 53.419 1 1.000000
8163 806.219 53.411 238.945 -0.550002 70.355 0 53.423 1 1.000000
8164 806.220 53.412 238.942 -0.550205 70.355 0 53.426 1 1.000000
8165 806.221 53.412 238.939 -0.549587 70.355 0 53.430 1 1.000000
8166 806.221 53.412 238.939 -0.549587 70.355 0 53.430 1 1.000000
8167 806.222 53.409 238.936 -0.548870 70.356 0 53.433 1 1.000000
8168 806.222 53.409 238.936 -0.548870 70.356 0 53.433 1 1.000000
8169 806.194 53.401 238.926 -0.520326 70.357 0 53.429 1 1.000000
8170 806.194 53.401 238.926 -0.520326 70.357 0 53.429 1 1.000000
8171 806.195 53.393 238.923 -0.519707 70.358 0 53.431 1 1.000000
8172 806.195 53.393 238.923 -0.519707 70.358 0 53.431 1 1.000000
8173 806.170 53.382 238.915 -0.494147 70.359 0 53.427 1 1.000000
8174 806.170 53.382 238.915 -0.494147 70.359 0 53.427 1 1.000000
8175 806.171 53.368 238.911 -0.493482 70.360 0 53.429 1 1.000000
8176 806.171 53.368 238.911 -0.493482 70.360 0 53.429 1 1.000000
8177 806.167 53.349 238.907 -0.488000 70.360 0 53.429 1 1.000000
8178 806.167 53.349 238.907 -0.488000 70.360 0 53.429 1 1.000000
8179 806.167 53.330 238.903 -0.487367 70.361 0 53.430 1 1.000000
8180 806.167 53.330 238.903 -0.487367 70.361 0 53.430 1 1.000000
8181 806.161 53.305 238.899 -0.480316 70.361 0 53.429 1 1.000000
8182 806.161 53.305 238.899 -0.480316 70.361 0 53.429 1 1.000000
8183 806.162 53.280 238.895 -0.479766 70.362 0 53.429 1 1.000000
8184 806.162 53.280 238.895 -0.479766 70.362 0 53.429 1 1.000000
8185 806.155 53.250 238.890 -0.471204 70.362 0 53.427 1 1.000000
8186 806.155 53.250 238.890 -0.471204 70.362 0 53.427 1 1.000000
8187 806.155 53.220 238.887 -0.470724 70.363 0 53.427 1 1.000000
8188 806.155 53.220 238.887 -0.470724 70.363 0 53.427 1 1.000000
8189 806.146 53.185 238.881 -0.460578 70.363 0 53.424 1 1.000000
8190 806.147 53.150 238.878 -0.460099 70.364 0 53.423 1 1.000000
8191 806.147 53.150 238.878 -0.460099 70.364 0 53.423 1 1.000000
8192 806.136 53.109 238.873 -0.448405 70.365 0 53.418 1 1.000000
8193 806.136 53.109 238.873 -0.448405 70.365 0 53.418 1 1.000000
8194 806.137 53.068 238.869 -0.447984 70.365 0 53.417 1 1.000000
8195 806.137 53.068 238.869 -0.447984 70.365 0 53.417 1 1.000000
8196 806.113 53.024 238.862 -0.423901 70.367 0 53.409 1 1.000000
8197 806.113 53.024 238.862 -0.423901 70.367 0 53.409 1 1.000000
8198 806.114 52.872 238.861 -0.424847 70.367 0 53.391 1 1.000000
8199 806.114 52.872 238.861 -0.424847 70.367 0 53.391 1 1.000000
8200 806.119 52.824 238.868 -0.433139 70.366 0 53.382 1 1.000000
8201 806.119 52.824 238.868 -0.433139 70.366 0 53.382 1 1.000000
8202 806.126 52.774 238.875 -0.441764 70.365 0 53.372 1 1.000000
8203 806.132 52.722 238.881 -0.450961 70.364 0 53.362 1 1.000000
8204 806.139 52.666 238.888 -0.422459 70.363 0 53.352 1 1.000000
8205 806.139 52.666 238.888 -0.422459 70.363 0 53.352 1 1.000000
8206 806.127 52.644 238.893 -0.401260 70.363 0 53.341 1 1.000000
8207 806.138 52.641 238.901 -0.399109 70.362 0 53.337 1 1.000000
8208 806.137 52.638 238.905 -0.396896 70.361 0 53.333 1 1.000000
8209 806.137 52.638 238.905 -0.396896 70.361 0 53.333 1 1.000000
8210 806.137 52.633 238.908 -0.392067 70.361 0 53.329 1 1.000000
8211 806.137 52.633 238.908 -0.392067 70.361 0 53.329 1 1.000000
8212 806.139 52.629 238.913 -0.389011 70.360 0 53.325 1 1.000000
8213 806.139 52.629 238.913 -0.389011 70.360 0 53.325 1 1.000000
8214 806.133 52.642 238.916 -0.401764 70.360 0 53.321 1 1.000000
8215 806.131 52.639 238.919 -0.399532 70.360 0 53.318 1 1.000000
8216 806.131 52.639 238.919 -0.399532 70.360 0 53.318 1 1.000000
8217 806.130 52.634 238.922 -0.394695 70.360 0 53.314 1 1.000000
8218 806.130 52.634 238.922 -0.394695 70.360 0 53.314 1 1.000000
8219 806.131 52.628 238.927 -0.389717 70.359 0 53.310 1 1.000000
8220 806.131 52.628 238.927 -0.389717 70.359 0 53.310 1 1.000000
8221 806.127 52.641 238.930 -0.402462 70.359 0 53.306 1 1.000000
8222 806.127 52.641 238.930 -0.402462 70.359 0 53.306 1 1.000000
8223 806.125 52.638 238.933 -0.400219 70.359 0 53.303 1 1.000000
8224 806.125 52.638 238.933 -0.400219 70.359 0 53.303 1 1.000000
8225 806.124 52.633 238.936 -0.395374 70.358 0 53.299 1 1.000000
8226 806.124 52.633 238.936 -0.395374 70.358 0 53.299 1 1.000000
8227 806.125 52.626 238.940 -0.389648 70.358 0 53.295 1 1.000000
8228 806.125 52.626 238.940 -0.389648 70.358 0 53.295 1 1.000000
8229 806.123 52.626 238.943 -0.389740 70.358 0 53.291 1 1.000000
8230 806.123 52.626 238.943 -0.389740 70.358 0 53.291 1 1.000000
8231 806.122 52.625 238.946 -0.389496 70.357 0 53.288 1 1.000000
8232 806.122 52.625 238.946 -0.389496 70.357 0 53.288 1 1.000000
8233 806.119 52.637 238.951 -0.401917 70.357 0 53.284 1 1.000000
8234 806.119 52.637 238.951 -0.401917 70.357 0 53.284 1 1.000000
8235 806.116 52.635 238.953 -0.399662 70.357 0 53.280 1 1.000000
8236 806.116 52.635 238.953 -0.399662 70.357 0 53.280 1 1.000000
8237 806.116 52.629 238.956 -0.394840 70.356 0 53.277 1 1.000000
8238 806.116 52.629 238.956 -0.394840 70.356 0 53.277 1 1.000000
8239 806.119 52.623 238.956 -0.388058 70.356 0 53.277 1 1.000000
8240 806.119 52.623 238.956 -0.388058 70.356 0 53.277 1 1.000000
8241 806.117 52.634 238.959 -0.399940 70.356 0 53.275 1 1.000000
8242 806.117 52.634 238.959 -0.399940 70.356 0 53.275 1 1.000000
8243 806.114 52.633 238.959 -0.398773 70.356 0 53.274 1 1.000000
8244 806.114 52.633 238.959 -0.398773 70.356 0 53.274 1 1.000000
8245 806.115 52.628 238.959 -0.393780 70.356 0 53.274 1 1.000000
8246 806.115 52.628 238.959 -0.393780 70.356 0 53.274 1 1.000000
8247 806.118 52.622 238.959 -0.387253 70.356 0 53.274 1 1.000000
8248 806.118 52.622 238.959 -0.387253 70.356 0 53.274 1 1.000000
8249 806.117 52.633 238.962 -0.399101 70.356 0 53.272 1 1.000000
8250 806.117 52.633 238.962 -0.399101 70.356 0 53.272 1 1.000000
8251 806.114 52.631 238.960 -0.396595 70.356 0 53.273 1 1.000000
8252 806.114 52.631 238.960 -0.396595 70.356 0 53.273 1 1.000000
8253 806.116 52.626 238.960 -0.391613 70.356 0 53.273 1 1.000000
8254 806.116 52.626 238.960 -0.391613 70.356 0 53.273 1 1.000000
8255 806.120 52.620 238.961 -0.386238 70.356 0 53.273 1 1.000000
8256 806.120 52.620 238.961 -0.386238 70.356 0 53.273 1 1.000000
8257 806.117 52.632 238.963 -0.398094 70.356 0 53.271 1 1.000000
8258 806.117 52.632 238.963 -0.398094 70.356 0 53.271 1 1.000000
8259 806.113 52.632 238.962 -0.397823 70.356 0 53.271 1 1.000000
8260 806.113 52.632 238.962 -0.397823 70.356 0 53.271 1 1.000000
8261 806.115 52.627 238.961 -0.392834 70.356 0 53.271 1 1.000000
8262 806.115 52.627 238.961 -0.392834 70.356 0 53.271 1 1.000000
8263 806.118 52.621 238.962 -0.386505 70.356 0 53.272 1 1.000000
8264 806.118 52.621 238.962 -0.386505 70.356 0 53.272 1 1.000000
8265 806.116 52.632 238.964 -0.398350 70.356 0 53.270 1 1.000000
8266 806.116 52.632 238.964 -0.398350 70.356 0 53.270 1 1.000000
8267 806.114 52.630 238.963 -0.395836 70.356 0 53.270 1 1.000000
8268 806.114 52.630 238.963 -0.395836 70.356 0 53.270 1 1.000000
8269 806.116 52.625 238.962 -0.390839 70.356 0 53.271 1 1.000000
8270 806.116 52.625 238.962 -0.390839 70.356 0 53.271 1 1.000000
8271 806.119 52.619 238.963 -0.385574 70.356 0 53.271 1 1.000000
8272 806.119 52.619 238.963 -0.385574 70.356 0 53.271 1 1.000000
8273 806.116 52.631 238.965 -0.397430 70.356 0 53.269 1 1.000000
8274 806.116 52.631 238.965 -0.397430 70.356 0 53.269 1 1.000000
8275 806.113 52.631 238.964 -0.397163 70.356 0 53.268 1 1.000000
8276 806.113 52.631 238.964 -0.397163 70.356 0 53.268 1 1.000000
8277 806.115 52.626 238.964 -0.392204 70.356 0 53.269 1 1.000000
8278 806.115 52.626 238.964 -0.392204 70.356 0 53.269 1 1.000000
8279 806.118 52.620 238.964 -0.385914 70.356 0 53.269 1 1.000000
8280 806.118 52.620 238.964 -0.385914 70.356 0 53.269 1 1.000000
8281 806.117 52.620 238.964 -0.386589 70.356 0 53.269 1 1.000000
8282 806.117 52.620 238.964 -0.386589 70.356 0 53.269 1 1.000000
8283 806.118 52.620 238.964 -0.385929 70.356 0 53.269 1 1.000000
8284 806.118 52.620 238.964 -0.385929 70.356 0 53.269 1 1.000000
8285 806.116 52.631 238.967 -0.397774 70.355 0 53.267 1 1.000000
8286 806.116 52.631 238.967 -0.397774 70.355 0 53.267 1 1.000000
8287 806.112 52.631 238.966 -0.397488 70.356 0 53.267 1 1.000000
8288 806.112 52.631 238.966 -0.397488 70.356 0 53.267 1 1.000000
8289 806.114 52.626 238.965 -0.392525 70.356 0 53.268 1 1.000000
8290 806.114 52.626 238.965 -0.392525 70.356 0 53.268 1 1.000000
8291 806.117 52.619 238.965 -0.385868 70.355 0 53.268 1 1.000000
8292 806.117 52.619 238.965 -0.385868 70.355 0 53.268 1 1.000000
8293 806.116 52.631 238.968 -0.397713 70.355 0 53.266 1 1.000000
8294 806.116 52.631 238.968 -0.397713 70.355 0 53.266 1 1.000000
8295 806.113 52.629 238.966 -0.395203 70.356 0 53.266 1 1.000000
8296 806.113 52.629 238.966 -0.395203 70.356 0 53.266 1 1.000000
8297 806.115 52.624 238.966 -0.390240 70.355 0 53.267 1 1.000000
8298 806.115 52.624 238.966 -0.390240 70.355 0 53.267 1 1.000000
8299 806.118 52.618 238.967 -0.384846 70.355 0 53.267 1 1.000000
8300 806.118 52.618 238.967 -0.384846 70.355 0 53.267 1 1.000000
8301 806.115 52.630 238.969 -0.396702 70.355 0 53.265 1 1.000000
8302 806.115 52.630 238.969 -0.396702 70.355 0 53.265 1 1.000000
8303 806.113 52.627 238.967 -0.394188 70.355 0 53.265 1 1.000000
8304 806.113 52.627 238.967 -0.394188 70.355 0 53.265 1 1.000000
8305 806.115 52.623 238.967 -0.389221 70.355 0 53.266 1 1.000000
8306 806.115 52.623 238.967 -0.389221 70.355 0 53.266 1 1.000000
8307 806.119 52.618 238.968 -0.384304 70.355 0 53.266 1 1.000000
8308 806.119 52.618 238.968 -0.384304 70.355 0 53.266 1 1.000000
8309 806.116 52.629 238.970 -0.396172 70.355 0 53.264 1 1.000000
8310 806.116 52.629 238.970 -0.396172 70.355 0 53.264 1 1.000000
8311 806.113 52.627 238.968 -0.393661 70.355 0 53.264 1 1.000000
8312 806.113 52.627 238.968 -0.393661 70.355 0 53.264 1 1.000000
8313 806.115 52.622 238.968 -0.388702 70.355 0 53.265 1 1.000000
8314 806.115 52.622 238.968 -0.388702 70.355 0 53.265 1 1.000000
8315 806.119 52.617 238.969 -0.383953 70.355 0 53.265 1 1.000000
8316 806.119 52.617 238.969 -0.383953 70.355 0 53.265 1 1.000000
8317 806.116 52.629 238.971 -0.395824 70.355 0 53.263 1 1.000000
8318 806.116 52.629 238.971 -0.395824 70.355 0 53.263 1 1.000000
8319 806.112 52.628 238.970 -0.395527 70.355 0 53.263 1 1.000000
8320 806.112 52.628 238.970 -0.395527 70.355 0 53.263 1 1.000000
8321 806.114 52.624 238.969 -0.390564 70.355 0 53.263 1 1.000000
8322 806.114 52.624 238.969 -0.390564 70.355 0 53.263 1 1.000000
8323 806.117 52.618 238.970 -0.384487 70.355 0 53.264 1 1.000000
8324 806.117 52.618 238.970 -0.384487 70.355 0 53.264 1 1.000000
8325 806.115 52.629 238.972 -0.396343 70.355 0 53.262 1 1.000000
8326 806.115 52.629 238.972 -0.396343 70.355 0 53.262 1 1.000000
8327 806.111 52.629 238.971 -0.396061 70.355 0 53.261 1 1.000000
8328 806.111 52.629 238.971 -0.396061 70.355 0 53.261 1 1.000000
8329 806.113 52.624 238.971 -0.391098 70.355 0 53.262 1 1.000000
8330 806.113 52.624 238.971 -0.391098 70.355 0 53.262 1 1.000000
8331 806.116 52.617 238.971 -0.384518 70.355 0 53.262 1 1.000000
8332 806.116 52.617 238.971 -0.384518 70.355 0 53.262 1 1.000000
8333 806.115 52.629 238.974 -0.396362 70.355 0 53.260 1 1.000000
8334 806.115 52.629 238.974 -0.396362 70.355 0 53.260 1 1.000000
8335 806.111 52.629 238.972 -0.396061 70.355 0 53.260 1 1.000000
8336 806.111 52.629 238.972 -0.396061 70.355 0 53.260 1 1.000000
8337 806.113 52.624 238.972 -0.391098 70.355 0 53.261 1 1.000000
8338 806.113 52.624 238.972 -0.391098 70.355 0 53.261 1 1.000000
8339 806.116 52.617 238.972 -0.384346 70.355 0 53.261 1 1.000000
8340 806.116 52.617 238.972 -0.384346 70.355 0 53.261 1 1.000000
8341 806.114 52.629 238.975 -0.396194 70.355 0 53.259 1 1.000000
8342 806.114 52.629 238.975 -0.396194 70.355 0 53.259 1 1.000000
8343 806.111 52.628 238.974 -0.395901 70.355 0 53.259 1 1.000000
8344 806.111 52.628 238.974 -0.395901 70.355 0 53.259 1 1.000000
8345 806.113 52.624 238.973 -0.390930 70.355 0 53.259 1 1.000000
8346 806.113 52.624 238.973 -0.390930 70.355 0 53.259 1 1.000000
8347 806.116 52.617 238.973 -0.384121 70.355 0 53.260 1 1.000000
8348 806.116 52.617 238.973 -0.384121 70.355 0 53.260 1 1.000000
8349 806.114 52.628 238.976 -0.395969 70.354 0 53.258 1 1.000000
8350 806.114 52.628 238.976 -0.395969 70.354 0 53.258 1 1.000000
8351 806.115 52.617 238.974 -0.384270 70.355 0 53.259 1 1.000000
8352 806.116 52.616 238.974 -0.383621 70.355 0 53.259 1 1.000000
8353 806.116 52.616 238.974 -0.383621 70.355 0 53.259 1 1.000000
8354 806.112 52.625 238.975 -0.392956 70.355 0 53.258 1 1.000000
8355 806.112 52.625 238.975 -0.392956 70.355 0 53.258 1 1.000000
8356 806.113 52.620 238.974 -0.387985 70.355 0 53.258 1 1.000000
8357 806.113 52.620 238.974 -0.387985 70.355 0 53.258 1 1.000000
8358 806.117 52.615 238.975 -0.382763 70.354 0 53.259 1 1.000000
8359 806.114 52.627 238.977 -0.394630 70.354 0 53.257 1 1.000000
8360 806.111 52.627 238.976 -0.394356 70.355 0 53.256 1 1.000000
8361 806.111 52.627 238.976 -0.394356 70.355 0 53.256 1 1.000000
8362 806.113 52.622 238.976 -0.389381 70.355 0 53.257 1 1.000000
8363 806.113 52.622 238.976 -0.389381 70.355 0 53.257 1 1.000000
8364 806.113 52.622 238.976 -0.389381 70.355 0 53.257 1 1.000000
8365 806.116 52.615 238.976 -0.383137 70.354 0 53.257 1 1.000000
8366 806.114 52.627 238.978 -0.395054 70.354 0 53.256 1 1.000000
8367 806.114 52.627 238.978 -0.395054 70.354 0 53.256 1 1.000000
8368 806.114 52.627 238.978 -0.395054 70.354 0 53.256 1 1.000000
8369 806.111 52.625 238.977 -0.392536 70.354 0 53.256 1 1.000000
8370 806.111 52.625 238.977 -0.392536 70.354 0 53.256 1 1.000000
8371 806.113 52.620 238.976 -0.387566 70.354 0 53.257 1 1.000000
8372 806.113 52.620 238.976 -0.387566 70.354 0 53.257 1 1.000000
8373 806.117 52.615 238.977 -0.382355 70.354 0 53.257 1 1.000000
8374 806.114 52.626 238.979 -0.394222 70.354 0 53.255 1 1.000000
8375 806.114 52.626 238.979 -0.394222 70.354 0 53.255 1 1.000000
8376 806.114 52.626 238.979 -0.394222 70.354 0 53.255 1 1.000000
8377 806.110 52.626 238.978 -0.393948 70.354 0 53.255 1 1.000000
8378 806.110 52.626 238.978 -0.393948 70.354 0 53.255 1 1.000000
8379 806.112 52.621 238.977 -0.388977 70.354 0 53.255 1 1.000000
8380 806.112 52.621 238.977 -0.388977 70.354 0 53.255 1 1.000000
8381 806.115 52.615 238.978 -0.382732 70.354 0 53.255 1 1.000000
8382 806.115 52.615 238.978 -0.382732 70.354 0 53.255 1 1.000000
8383 806.114 52.616 238.977 -0.383442 70.354 0 53.255 1 1.000000
8384 806.114 52.616 238.977 -0.383442 70.354 0 53.255 1 1.000000
8385 806.115 52.615 238.977 -0.382797 70.354 0 53.256 1 1.000000
8386 806.115 52.615 238.977 -0.382797 70.354 0 53.256 1 1.000000
8387 806.114 52.627 238.980 -0.394650 70.354 0 53.254 1 1.000000
8388 806.114 52.627 238.980 -0.394650 70.354 0 53.254 1 1.000000
8389 806.111 52.624 238.978 -0.392132 70.354 0 53.254 1 1.000000
8390 806.111 52.624 238.978 -0.392132 70.354 0 53.254 1 1.000000
8391 806.113 52.619 238.978 -0.387161 70.354 0 53.255 1 1.000000
8392 806.113 52.619 238.978 -0.387161 70.354 0 53.255 1 1.000000
8393 806.117 52.614 238.978 -0.381954 70.354 0 53.255 1 1.000000
8394 806.117 52.614 238.978 -0.381954 70.354 0 53.255 1 1.000000
8395 806.114 52.615 238.978 -0.383305 70.354 0 53.255 1 1.000000
8396 806.114 52.615 238.978 -0.383305 70.354 0 53.255 1 1.000000
8397 806.114 52.615 238.978 -0.383312 70.354 0 53.255 1 1.000000
8398 806.114 52.615 238.978 -0.383312 70.354 0 53.255 1 1.000000
8399 806.114 52.615 238.978 -0.383316 70.354 0 53.255 1 1.000000
8400 806.114 52.615 238.978 -0.383316 70.354 0 53.255 1 1.000000
8401 806.114 52.615 238.978 -0.383320 70.354 0 53.255 1 1.000000
8402 806.114 52.615 238.978 -0.383320 70.354 0 53.255 1 1.000000
8403 806.114 52.615 238.978 -0.383316 70.354 0 53.255 1 1.000000
8404 806.114 52.615 238.978 -0.383316 70.354 0 53.255 1 1.000000
8405 806.114 52.615 238.978 -0.383320 70.354 0 53.255 1 1.000000
8406 806.114 52.615 238.978 -0.383320 70.354 0 53.255 1 1.000000
8407 806.114 52.615 238.978 -0.383320 70.354 0 53.255 1 1.000000
8408 806.114 52.615 238.978 -0.383320 70.354 0 53.255 1 1.000000
8409 806.114 52.615 238.978 -0.383320 70.354 0 53.255 1 1.000000
8410 806.114 52.615 238.978 -0.383320 70.354 0 53.255 1 1.000000
8411 806.114 52.615 238.978 -0.383320 70.354 0 53.255 1 1.000000
8412 806.114 52.615 238.978 -0.383320 70.354 0 53.255 1 1.000000
8413 806.114 52.615 238.978 -0.383320 70.354 0 53.255 1 1.000000
8414 806.114 52.615 238.978 -0.383320 70.354 0 53.255 1 1.000000
8415 806.114 52.615 238.978 -0.383320 70.354 0 53.255 1 1.000000
8416 806.114 52.615 238.978 -0.383320 70.354 0 53.255 1 1.000000
8417 806.114 52.615 238.978 -0.383320 70.354 0 53.255 1 1.000000
8418 806.114 52.615 238.978 -0.383320 70.354 0 53.255 1 1.000000
8419 806.114 52.615 238.978 -0.383320 70.354 0 53.255 1 1.000000
8420 806.114 52.615 238.978 -0.383320 70.354 0 53.255 1 1.000000
8421 806.114 52.615 238.978 -0.383320 70.354 0 53.255 1 1.000000
8422 806.114 52.615 238.978 -0.383320 70.354 0 53.255 1 1.000000
8423 806.114 52.615 238.978 -0.383320 70.354 0 53.255 1 1.000000
8424 806.114 52.615 238.978 -0.383320 70.354 0 53.255 1 1.000000
8425 806.114 52.615 238.978 -0.383320 70.354 0 53.255 1 1.000000
8426 806.114 52.615 238.978 -0.383320 70.354 0 53.255 1 1.000000
8427 806.114 52.615 238.978 -0.383320 70.354 0 53.255 1 1.000000
8428 806.114 52.615 238.978 -0.383320 70.354 0 53.255 1 1.000000
8429 806.114 52.615 238.978 -0.383320 70.354 0 53.255 1 1.000000
8430 806.114 52.615 238.978 -0.383320 70.354 0 53.255 1 1.000000
8431 806.114 52.615 238.978 -0.383320 70.354 0 53.255 1 1.000000
8432 806.114 52.615 238.978 -0.383320 70.354 0 53.255 1 1.000000
8433 806.114 52.615 238.978 -0.383320 70.354 0 53.255 1 1.000000
8434 806.114 52.615 238.978 -0.383320 70.354 0 53.255 1 1.000000
8435 806.114 52.615 238.978 -0.383320 70.354 0 53.255 1 1.000000
8436 806.114 52.615 238.978 -0.383320 70.354 0 53.255 1 1.000000
8437 806.114 52.615 238.978 -0.383320 70.354 0 53.255 1 1.000000
8438 806.114 52.615 238.978 -0.383320 70.354 0 53.255 1 1.000000
8439 806.114 52.615 238.978 -0.383320 70.354 0 53.255 1 1.000000
8440 806.114 52.615 238.978 -0.383320 70.354 0 53.255 1 1.000000
8441 806.114 52.615 238.978 -0.383320 70.354 0 53.255 1 1.000000
8442 806.114 52.615 238.978 -0.383320 70.354 0 53.255 1 1.000000
8443 806.114 52.615 238.978 -0.383320 70.354 0 53.255 1 1.000000
8444 806.114 52.615 238.978 -0.383320 70.354 0 53.255 1 1.000000
8445 806.114 52.615 238.978 -0.383320 70.354 0 53.255 1 1.000000
8446 806.114 52.615 238.978 -0.383320 70.354 0 53.255 1 1.000000
8447 806.114 52.615 238.978 -0.383320 70.354 0 53.255 1 1.000000
8448 806.114 52.615 238.978 -0.383320 70.354 0 53.255 1 1.000000
8449 806.114 52.615 238.978 -0.383320 70.354 0 53.255 1 1.000000
8450 806.114 52.615 238.978 -0.383320 70.354 0 53.255 1 1.000000
8451 806.114 52.615 238.978 -0.383320 70.354 0 53.255 1 1.000000
8452 806.114 52.615 238.978 -0.383320 70.354 0 53.255 1 1.000000
8453 806.114 52.615 238.978 -0.383320 70.354 0 53.255 1 1.000000
8454 806.114 52.615 238.978 -0.383320 70.354 0 53.255 1 1.000000
8455 806.114 52.615 238.978 -0.383320 70.354 0 53.255 1 1.000000
8456 806.114 52.615 238.978 -0.383320 70.354 0 53.255 1 1.000000
8457 806.114 52.615 238.978 -0.383320 70.354 0 53.255 1 1.000000
8458 806.114 52.615 238.978 -0.383320 70.354 0 53.255 1 1.000000
8459 806.114 52.615 238.978 -0.383320 70.354 0 53.255 1 1.000000
8460 806.114 52.615 238.978 -0.383320 70.354 0 53.255 1 1.000000
8461 806.114 52.615 238.978 -0.383320 70.354 0 53.255 1 1.000000
8462 806.114 52.615 238.978 -0.383320 70.354 0 53.255 1 1.000000
8463 806.114 52.615 238.978 -0.383320 70.354 0 53.255 1 1.000000
8464 806.114 52.615 238.978 -0.383320 70.354 0 53.255 1 1.000000
8465 806.114 52.615 238.978 -0.383320 70.354 0 53.255 1 1.000000
8466 806.114 52.615 238.978 -0.383320 70.354 0 53.255 1 1.000000
8467 806.114 52.615 238.978 -0.383320 70.354 0 53.255 1 1.000000
8468 806.114 52.615 238.978 -0.383320 70.354 0 53.255 1 1.000000
8469 806.114 52.615 238.978 -0.383320 70.354 0 53.255 1 1.000000
8470 806.114 52.615 238.978 -0.383320 70.354 0 53.255 1 1.000000
8471 806.114 52.615 238.978 -0.383320 70.354 0 53.255 1 1.000000
8472 806.114 52.615 238.978 -0.383320 70.354 0 53.255 1 1.000000
8473 806.114 52.615 238.978 -0.383320 70.354 0 53.255 1 1.000000
8474 806.114 52.615 238.978 -0.383320 70.354 0 53.255 1 1.000000
8475 806.114 52.615 238.978 -0.383320 70.354 0 53.255 1 1.000000
8476 806.114 52.615 238.978 -0.383320 70.354 0 53.255 1 1.000000
8477 806.114 52.615 238.978 -0.383320 70.354 0 53.255 1 1.000000
8478 806.114 52.615 238.978 -0.383320 70.354 0 53.255 1 1.000000
8479 806.114 52.615 238.978 -0.383320 70.354 0 53.255 1 1.000000
8480 806.114 52.615 238.978 -0.383320 70.354 0 53.255 1 1.000000
8481 806.114 52.615 238.978 -0.383320 70.354 0 53.255 1 1.000000
8482 806.114 52.615 238.978 -0.383320 70.354 0 53.255 1 1.000000
8483 806.114 52.615 238.978 -0.383320 70.354 0 53.255 1 1.000000
8484 806.114 52.615 238.978 -0.383320 70.354 0 53.255 1 1.000000
8485 806.114 52.615 238.978 -0.383320 70.354 0 53.255 1 1.000000
8486 806.114 52.615 238.978 -0.383320 70.354 0 53.255 1 1.000000
8487 806.114 52.615 238.978 -0.383320 70.354 0 53.255 1 1.000000
8488 806.114 52.615 238.978 -0.383320 70.354 0 53.255 1 1.000000
8489 806.114 52.615 238.978 -0.383320 70.354 0 53.255 1 1.000000
8490 806.114 52.615 238.978 -0.383320 70.354 0 53.255 1 1.000000
8491 806.114 52.615 238.978 -0.383320 70.354 0 53.255 1 1.000000
8492 806.114 52.615 238.978 -0.383320 70.354 0 53.255 1 1.000000
8493 806.114 52.615 238.978 -0.383320 70.354 0 53.255 1 1.000000
8494 806.114 52.615 238.978 -0.383320 70.354 0 53.255 1 1.000000
8495 806.114 52.615 238.978 -0.383320 70.354 0 53.255 1 1.000000
8496 806.114 52.615 238.978 -0.383320 70.354 0 53.255 1 1.000000
8497 806.114 52.615 238.978 -0.383320 70.354 0 53.255 1 1.000000
8498 806.114 52.615 238.978 -0.383320 70.354 0 53.255 1 1.000000
8499 806.114 52.615 238.978 -0.383320 70.354 0 53.255 1 1.000000
8500 806.114 52.615 238.978 -0.383320 70.354 0 53.255 1 1.000000
8501 806.114 52.615 238.978 -0.383320 70.354 0 53.255 1 1.000000
8502 806.114 52.615 238.978 -0.383320 70.354 0 53.255 1 1.000000
8503 806.114 52.615 238.978 -0.383320 70.354 0 53.255 1 1.000000
8504 806.114 52.615 238.978 -0.383320 70.354 0 53.255 1 1.000000
8505 806.114 52.615 238.978 -0.383320 70.354 0 53.255 1 1.000000
8506 806.114 52.615 238.978 -0.383320 70.354 0 53.255 1 1.000000
8507 806.114 52.615 238.978 -0.383320 70.354 0 53.255 1 1.000000
8508 806.114 52.615 238.978 -0.383320 70.354 0 53.255 1 1.000000
8509 806.114 52.615 238.978 -0.383320 70.354 0 53.255 1 1.000000
8510 806.114 52.615 238.978 -0.383320 70.354 0 53.255 1 1.000000
8511 806.114 52.615 238.978 -0.383320 70.354 0 53.255 1 1.000000
8512 806.114 52.615 238.978 -0.383320 70.354 0 53.255 1 1.000000
8513 806.114 52.615 238.978 -0.383320 70.354 0 53.255 1 1.000000
8514 806.114 52.615 238.978 -0.383320 70.354 0 53.255 1 1.000000
8515 806.114 52.615 238.978 -0.383320 70.354 0 53.255 1 1.000000
8516 806.114 52.615 238.978 -0.383320 70.354 0 53.255 1 1.000000
8517 806.114 52.615 238.978 -0.383320 70.354 0 53.255 1 1.000000
8518 806.114 52.615 238.978 -0.383320 70.354 0 53.255 1 1.000000
8519 806.114 52.615 238.978 -0.383320 70.354 0 53.255 1 1.000000
8520 806.114 52.615 238.978 -0.383320 70.354 0 53.255 1 1.000000
8521 806.114 52.615 238.978 -0.383320 70.354 0 53.255 1 1.000000
8522 806.114 52.615 238.978 -0.383320 70.354 0 53.255 1 1.000000
8523 806.114 52.615 238.978 -0.383320 70.354 0 53.255 1 1.000000
8524 806.114 52.615 238.978 -0.383320 70.354 0 53.255 1 1.000000
8525 806.114 52.615 238.978 -0.383320 70.354 0 53.255 1 1.000000
8526 806.114 52.615 238.978 -0.383320 70.354 0 53.255 1 1.000000
8527 806.114 52.615 238.978 -0.383320 70.354 0 53.255 1 1.000000
8528 806.114 52.615 238.978 -0.383320 70.354 0 53.255 1 1.000000
8529 806.114 52.615 238.978 -0.383320 70.354 0 53.255 1 1.000000
8530 806.114 52.615 238.978 -0.383320 70.354 0 53.255 1 1.000000
8531 806.114 52.615 238.978 -0.383320 70.354 0 53.255 1 1.000000
8532 806.114 52.615 238.978 -0.383320 70.354 0 53.255 1 1.000000
8533 806.114 52.615 238.978 -0.383320 70.354 0 53.255 1 1.000000
8534 806.114 52.615 238.978 -0.383320 70.354 0 53.255 1 1.000000
8535 806.114 52.615 238.978 -0.383320 70.354 0 53.255 1 1.000000
8536 806.114 52.615 238.978 -0.383320 70.354 0 53.255 1 1.000000
8537 806.114 52.615 238.978 -0.383320 70.354 0 53.255 1 1.000000
8538 806.114 52.615 238.978 -0.383320 70.354 0 53.255 1 1.000000
8539 806.114 52.615 238.978 -0.383320 70.354 0 53.255 1 1.000000
8540 806.114 52.615 238.978 -0.383320 70.354 0 53.255 1 1.000000
8541 806.114 52.615 238.978 -0.383320 70.354 0 53.255 1 1.000000
8542 806.114 52.615 238.978 -0.383320 70.354 0 53.255 1 1.000000
8543 806.114 52.615 238.978 -0.383320 70.354 0 53.255 1 1.000000
8544 806.114 52.615 238.978 -0.383320 70.354 0 53.255 1 1.000000
8545 806.114 52.615 238.978 -0.383320 70.354 0 53.255 1 1.000000
8546 806.114 52.615 238.978 -0.383320 70.354 0 53.255 1 1.000000
8547 806.114 52.615 238.978 -0.383320 70.354 0 53.255 1 1.000000
8548 806.114 52.615 238.978 -0.383320 70.354 0 53.255 1 1.000000
8549 806.114 52.615 238.978 -0.383320 70.354 0 53.255 1 1.000000
8550 806.114 52.615 238.978 -0.383320 70.354 0 53.255 1 1.000000
8551 806.114 52.615 238.978 -0.383320 70.354 0 53.255 1 1.000000
8552 806.114 52.615 238.978 -0.383320 70.354 0 53.255 1 1.000000
8553 806.114 52.615 238.978 -0.383320 70.354 0 53.255 1 1.000000
8554 806.114 52.615 238.978 -0.383320 70.354 0 53.255 1 1.000000
8555 806.114 52.615 238.978 -0.383320 70.354 0 53.255 1 1.000000
8556 806.114 52.615 238.978 -0.383320 70.354 0 53.255 1 1.000000
8557 806.114 52.615 238.978 -0.383320 70.354 0 53.255 1 1.000000
8558 806.114 52.615 238.978 -0.383320 70.354 0 53.255 1 1.000000
8559 806.114 52.615 238.978 -0.383320 70.354 0 53.255 1 1.000000
8560 806.114 52.615 238.978 -0.383320 70.354 0 53.255 1 1.000000
8561 806.114 52.615 238.978 -0.383320 70.354 0 53.255 1 1.000000
8562 806.114 52.615 238.978 -0.383320 70.354 0 53.255 1 1.000000
8563 806.114 52.615 238.978 -0.383320 70.354 0 53.255 1 1.000000
8564 806.114 52.615 238.978 -0.383320 70.354 0 53.255 1 1.000000
8565 806.114 52.615 238.978 -0.383320 70.354 0 53.255 1 1.000000
8566 806.114 52.615 238.978 -0.383320 70.354 0 53.255 1 1.000000
8567 806.114 52.615 238.978 -0.383320 70.354 0 53.255 1 1.000000
8568 806.114 52.686 238.977 -0.453274 70.354 0 53.264 1 1.000000
8569 806.114 52.686 238.977 -0.453274 70.354 0 53.264 1 1.000000
8570 806.115 52.755 238.976 -0.473653 70.354 0 53.273 1 1.000000
8571 806.115 52.755 238.976 -0.473653 70.354 0 53.273 1 1.000000
8572 806.088 52.820 238.967 -0.444869 70.356 0 53.278 1 1.000000
8573 806.088 52.820 238.967 -0.444869 70.356 0 53.278 1 1.000000
8574 806.086 52.883 238.970 -0.444512 70.356 0 53.283 1 1.000000
8575 806.086 52.883 238.970 -0.444512 70.356 0 53.283 1 1.000000
8576 806.065 52.944 238.963 -0.422444 70.357 0 53.288 1 1.000000
8577 806.065 52.944 238.963 -0.422444 70.357 0 53.288 1 1.000000
8578 806.064 53.001 238.966 -0.422098 70.357 0 53.292 1 1.000000
8579 806.064 53.001 238.966 -0.422098 70.357 0 53.292 1 1.000000
8580 806.073 53.039 238.971 -0.431643 70.356 0 53.294 1 1.000000
8581 806.073 53.039 238.971 -0.431643 70.356 0 53.294 1 1.000000
8582 806.089 53.083 238.981 -0.449946 70.355 0 53.298 1 1.000000
8583 806.089 53.083 238.981 -0.449946 70.355 0 53.298 1 1.000000
8584 806.104 53.125 238.989 -0.467307 70.353 0 53.302 1 1.000000
8585 806.104 53.125 238.989 -0.467307 70.353 0 53.302 1 1.000000
8586 806.117 53.166 238.996 -0.481362 70.352 0 53.306 1 1.000000
8587 806.117 53.166 238.996 -0.481362 70.352 0 53.306 1 1.000000
8588 806.127 53.207 239.000 -0.491211 70.352 0 53.312 1 1.000000
8589 806.127 53.207 239.000 -0.491211 70.352 0 53.312 1 1.000000
8590 806.134 53.247 239.000 -0.497563 70.351 0 53.319 1 1.000000
8591 806.134 53.247 239.000 -0.497563 70.351 0 53.319 1 1.000000
8592 806.139 53.285 238.998 -0.500804 70.351 0 53.327 1 1.000000
8593 806.139 53.285 238.998 -0.500804 70.351 0 53.327 1 1.000000
8594 806.145 53.320 238.995 -0.504638 70.352 0 53.336 1 1.000000
8595 806.145 53.320 238.995 -0.504638 70.352 0 53.336 1 1.000000
8596 806.150 53.352 238.992 -0.508140 70.352 0 53.345 1 1.000000
8597 806.150 53.352 238.992 -0.508140 70.352 0 53.345 1 1.000000
8598 806.156 53.381 238.989 -0.511250 70.352 0 53.354 1 1.000000
8599 806.156 53.381 238.989 -0.511250 70.352 0 53.354 1 1.000000
8600 806.164 53.395 238.988 -0.518242 70.352 0 53.360 1 1.000000
8601 806.164 53.395 238.988 -0.518242 70.352 0 53.360 1 1.000000
8602 806.173 53.398 238.987 -0.525460 70.352 0 53.365 1 1.000000
8603 806.173 53.398 238.987 -0.525460 70.352 0 53.365 1 1.000000
8604 806.180 53.400 238.985 -0.531817 70.352 0 53.370 1 1.000000
8605 806.180 53.400 238.985 -0.531817 70.352 0 53.370 1 1.000000
8606 806.187 53.403 238.983 -0.537290 70.352 0 53.374 1 1.000000
8607 806.187 53.403 238.983 -0.537290 70.352 0 53.374 1 1.000000
8608 806.193 53.405 238.981 -0.541821 70.352 0 53.379 1 1.000000
8609 806.193 53.405 238.981 -0.541821 70.352 0 53.379 1 1.000000
8610 806.198 53.406 238.979 -0.545536 70.352 0 53.384 1 1.000000
8611 806.198 53.406 238.979 -0.545536 70.352 0 53.384 1 1.000000
8612 806.203 53.408 238.976 -0.548240 70.352 0 53.388 1 1.000000
8613 806.203 53.408 238.976 -0.548240 70.352 0 53.388 1 1.000000
8614 806.206 53.409 238.973 -0.550134 70.352 0 53.392 1 1.000000
8615 806.206 53.409 238.973 -0.550134 70.352 0 53.392 1 1.000000
8616 806.209 53.410 238.970 -0.551143 70.352 0 53.396 1 1.000000
8617 806.209 53.410 238.970 -0.551143 70.352 0 53.396 1 1.000000
8618 806.210 53.410 238.967 -0.551336 70.353 0 53.400 1 1.000000
8619 806.210 53.410 238.967 -0.551336 70.353 0 53.400 1 1.000000
8620 806.211 53.410 238.963 -0.550655 70.353 0 53.403 1 1.000000
8621 806.211 53.410 238.963 -0.550655 70.353 0 53.403 1 1.000000
8622 806.212 53.407 238.960 -0.549996 70.353 0 53.406 1 1.000000
8623 806.212 53.407 238.960 -0.549996 70.353 0 53.406 1 1.000000
8624 806.184 53.399 238.951 -0.521385 70.355 0 53.402 1 1.000000
8625 806.184 53.399 238.951 -0.521385 70.355 0 53.402 1 1.000000
8626 806.185 53.391 238.947 -0.520699 70.355 0 53.405 1 1.000000
8627 806.185 53.391 238.947 -0.520699 70.355 0 53.405 1 1.000000
8628 806.165 53.379 238.940 -0.499573 70.357 0 53.402 1 1.000000
8629 806.165 53.379 238.940 -0.499573 70.357 0 53.402 1 1.000000
8630 806.166 53.366 238.936 -0.498846 70.357 0 53.404 1 1.000000
8631 806.166 53.366 238.936 -0.498846 70.357 0 53.404 1 1.000000
8632 806.161 53.346 238.931 -0.493302 70.358 0 53.404 1 1.000000
8633 806.161 53.346 238.931 -0.493302 70.358 0 53.404 1 1.000000
8634 806.162 53.327 238.928 -0.492670 70.358 0 53.405 1 1.000000
8635 806.162 53.327 238.928 -0.492670 70.358 0 53.405 1 1.000000
8636 806.156 53.302 238.923 -0.485615 70.359 0 53.404 1 1.000000
8637 806.156 53.302 238.923 -0.485615 70.359 0 53.404 1 1.000000
8638 806.157 53.278 238.919 -0.485067 70.359 0 53.405 1 1.000000
8639 806.157 53.278 238.919 -0.485067 70.359 0 53.405 1 1.000000
8640 806.150 53.248 238.914 -0.476434 70.360 0 53.403 1 1.000000
8641 806.150 53.248 238.914 -0.476434 70.360 0 53.403 1 1.000000
8642 806.150 53.218 238.911 -0.475829 70.360 0 53.403 1 1.000000
8643 806.150 53.218 238.911 -0.475829 70.360 0 53.403 1 1.000000
8644 806.141 53.183 238.905 -0.465737 70.361 0 53.400 1 1.000000
8645 806.141 53.183 238.905 -0.465737 70.361 0 53.400 1 1.000000
8646 806.142 53.147 238.902 -0.465197 70.361 0 53.399 1 1.000000
8647 806.142 53.147 238.902 -0.465197 70.361 0 53.399 1 1.000000
8648 806.129 53.106 238.896 -0.451766 70.362 0 53.394 1 1.000000
8649 806.129 53.106 238.896 -0.451766 70.362 0 53.394 1 1.000000
8650 806.130 53.066 238.893 -0.451544 70.363 0 53.392 1 1.000000
8651 806.130 53.066 238.893 -0.451544 70.363 0 53.392 1 1.000000
8652 806.103 53.022 238.885 -0.424296 70.364 0 53.383 1 1.000000
8653 806.103 53.022 238.885 -0.424296 70.364 0 53.383 1 1.000000
8654 806.103 52.869 238.885 -0.425334 70.364 0 53.365 1 1.000000
8655 806.103 52.869 238.885 -0.425334 70.364 0 53.365 1 1.000000
8656 806.109 52.822 238.892 -0.433570 70.364 0 53.356 1 1.000000
8657 806.109 52.822 238.892 -0.433570 70.364 0 53.356 1 1.000000
8658 806.116 52.772 238.898 -0.442251 70.363 0 53.346 1 1.000000
8659 806.116 52.772 238.898 -0.442251 70.363 0 53.346 1 1.000000
8660 806.122 52.719 238.905 -0.451449 70.362 0 53.337 1 1.000000
8661 806.122 52.719 238.905 -0.451449 70.362 0 53.337 1 1.000000
8662 806.129 52.663 238.912 -0.422791 70.361 0 53.327 1 1.000000
8663 806.129 52.663 238.912 -0.422791 70.361 0 53.327 1 1.000000
8664 806.117 52.640 238.916 -0.400997 70.361 0 53.315 1 1.000000
8665 806.117 52.640 238.916 -0.400997 70.361 0 53.315 1 1.000000
8666 806.129 52.638 238.924 -0.398830 70.359 0 53.312 1 1.000000
8667 806.129 52.638 238.924 -0.398830 70.359 0 53.312 1 1.000000
8668 806.128 52.635 238.927 -0.396599 70.359 0 53.308 1 1.000000
8669 806.128 52.635 238.927 -0.396599 70.359 0 53.308 1 1.000000
8670 806.127 52.630 238.931 -0.391754 70.359 0 53.305 1 1.000000
8671 806.127 52.630 238.931 -0.391754 70.359 0 53.305 1 1.000000
8672 806.129 52.626 238.936 -0.388485 70.358 0 53.300 1 1.000000
8673 806.129 52.626 238.936 -0.388485 70.358 0 53.300 1 1.000000
8674 806.124 52.638 238.939 -0.401150 70.358 0 53.297 1 1.000000
8675 806.124 52.638 238.939 -0.401150 70.358 0 53.297 1 1.000000
8676 806.121 52.636 238.941 -0.398903 70.358 0 53.293 1 1.000000
8677 806.121 52.636 238.941 -0.398903 70.358 0 53.293 1 1.000000
8678 806.121 52.630 238.944 -0.394043 70.358 0 53.290 1 1.000000
8679 806.121 52.630 238.944 -0.394043 70.358 0 53.290 1 1.000000
8680 806.122 52.624 238.949 -0.388790 70.357 0 53.286 1 1.000000
8681 806.122 52.624 238.949 -0.388790 70.357 0 53.286 1 1.000000
8682 806.120 52.624 238.951 -0.389061 70.357 0 53.282 1 1.000000
8683 806.120 52.624 238.951 -0.389061 70.357 0 53.282 1 1.000000
8684 806.118 52.636 238.954 -0.401043 70.357 0 53.280 1 1.000000
8685 806.118 52.636 238.954 -0.401043 70.357 0 53.280 1 1.000000
8686 806.115 52.633 238.956 -0.398785 70.357 0 53.277 1 1.000000
8687 806.115 52.633 238.956 -0.398785 70.357 0 53.277 1 1.000000
8688 806.115 52.628 238.959 -0.394135 70.356 0 53.274 1 1.000000
8689 806.115 52.628 238.959 -0.394135 70.356 0 53.274 1 1.000000
8690 806.118 52.622 238.959 -0.387325 70.356 0 53.274 1 1.000000
8691 806.118 52.622 238.959 -0.387325 70.356 0 53.274 1 1.000000
8692 806.117 52.633 238.962 -0.399158 70.356 0 53.272 1 1.000000
8693 806.117 52.633 238.962 -0.399158 70.356 0 53.272 1 1.000000
8694 806.113 52.633 238.961 -0.398872 70.356 0 53.272 1 1.000000
8695 806.113 52.633 238.961 -0.398872 70.356 0 53.272 1 1.000000
8696 806.115 52.628 238.961 -0.393883 70.356 0 53.272 1 1.000000
8697 806.115 52.628 238.961 -0.393883 70.356 0 53.272 1 1.000000
8698 806.118 52.621 238.961 -0.387024 70.356 0 53.272 1 1.000000
8699 806.118 52.621 238.961 -0.387024 70.356 0 53.272 1 1.000000
8700 806.116 52.633 238.964 -0.398842 70.356 0 53.271 1 1.000000
8701 806.116 52.633 238.964 -0.398842 70.356 0 53.271 1 1.000000
8702 806.113 52.632 238.963 -0.398556 70.356 0 53.270 1 1.000000
8703 806.113 52.632 238.963 -0.398556 70.356 0 53.270 1 1.000000
8704 806.115 52.627 238.962 -0.393559 70.356 0 53.271 1 1.000000
8705 806.115 52.627 238.962 -0.393559 70.356 0 53.271 1 1.000000
8706 806.118 52.621 238.962 -0.386700 70.356 0 53.271 1 1.000000
8707 806.118 52.621 238.962 -0.386700 70.356 0 53.271 1 1.000000
8708 806.117 52.621 238.962 -0.387039 70.356 0 53.271 1 1.000000
8709 806.117 52.621 238.962 -0.387039 70.356 0 53.271 1 1.000000
8710 806.117 52.621 238.962 -0.387043 70.356 0 53.271 1 1.000000
8711 806.117 52.621 238.962 -0.387043 70.356 0 53.271 1 1.000000
8712 806.117 52.621 238.962 -0.387043 70.356 0 53.271 1 1.000000
8713 806.117 52.621 238.962 -0.387043 70.356 0 53.271 1 1.000000
8714 806.117 52.621 238.962 -0.387043 70.356 0 53.271 1 1.000000
8715 806.117 52.621 238.962 -0.387043 70.356 0 53.271 1 1.000000
8716 806.117 52.621 238.962 -0.387043 70.356 0 53.271 1 1.000000
8717 806.117 52.621 238.962 -0.387043 70.356 0 53.271 1 1.000000
8718 806.117 52.621 238.962 -0.387043 70.356 0 53.271 1 1.000000
8719 806.117 52.621 238.962 -0.387043 70.356 0 53.271 1 1.000000
8720 806.117 52.621 238.962 -0.387043 70.356 0 53.271 1 1.000000
8721 806.117 52.621 238.962 -0.387043 70.356 0 53.271 1 1.000000
8722 806.117 52.621 238.962 -0.387043 70.356 0 53.271 1 1.000000
8723 806.117 52.621 238.962 -0.387043 70.356 0 53.271 1 1.000000
8724 806.117 52.621 238.962 -0.387043 70.356 0 53.271 1 1.000000
8725 806.117 52.621 238.962 -0.387043 70.356 0 53.271 1 1.000000
8726 806.117 52.621 238.962 -0.387043 70.356 0 53.271 1 1.000000
8727 806.117 52.621 238.962 -0.387043 70.356 0 53.271 1 1.000000
8728 806.117 52.621 238.962 -0.387043 70.356 0 53.271 1 1.000000
8729 806.117 52.621 238.962 -0.387043 70.356 0 53.271 1 1.000000
8730 806.117 52.621 238.962 -0.387043 70.356 0 53.271 1 1.000000
8731 806.117 52.621 238.962 -0.387043 70.356 0 53.271 1 1.000000
8732 806.117 52.621 238.962 -0.387043 70.356 0 53.271 1 1.000000
8733 806.117 52.621 238.962 -0.387043 70.356 0 53.271 1 1.000000
8734 806.117 52.621 238.962 -0.387043 70.356 0 53.271 1 1.000000
8735 806.117 52.621 238.962 -0.387043 70.356 0 53.271 1 1.000000
8736 806.117 52.621 238.962 -0.387043 70.356 0 53.271 1 1.000000
8737 806.117 52.621 238.962 -0.387043 70.356 0 53.271 1 1.000000
8738 806.117 52.621 238.962 -0.387043 70.356 0 53.271 1 1.000000
8739 806.117 52.621 238.962 -0.387043 70.356 0 53.271 1 1.000000
8740 806.117 52.621 238.962 -0.387043 70.356 0 53.271 1 1.000000
8741 806.117 52.621 238.962 -0.387043 70.356 0 53.271 1 1.000000
8742 806.117 52.621 238.962 -0.387043 70.356 0 53.271 1 1.000000
8743 806.117 52.621 238.962 -0.387043 70.356 0 53.271 1 1.000000
8744 806.117 52.621 238.962 -0.387043 70.356 0 53.271 1 1.000000
8745 806.117 52.621 238.962 -0.387043 70.356 0 53.271 1 1.000000
8746 806.117 52.621 238.962 -0.387043 70.356 0 53.271 1 1.000000
8747 806.117 52.621 238.962 -0.387043 70.356 0 53.271 1 1.000000
8748 806.117 52.621 238.962 -0.387043 70.356 0 53.271 1 1.000000
8749 806.117 52.621 238.962 -0.387043 70.356 0 53.271 1 1.000000
8750 806.117 52.621 238.962 -0.387043 70.356 0 53.271 1 1.000000
8751 806.117 52.621 238.962 -0.387043 70.356 0 53.271 1 1.000000
8752 806.117 52.621 238.962 -0.387043 70.356 0 53.271 1 1.000000
8753 806.117 52.621 238.962 -0.387043 70.356 0 53.271 1 1.000000
8754 806.117 52.621 238.962 -0.387043 70.356 0 53.271 1 1.000000
8755 806.117 52.621 238.962 -0.387043 70.356 0 53.271 1 1.000000
8756 806.117 52.621 238.962 -0.387043 70.356 0 53.271 1 1.000000
8757 806.117 52.621 238.962 -0.387043 70.356 0 53.271 1 1.000000
8758 806.117 52.621 238.962 -0.387043 70.356 0 53.271 1 1.000000
8759 806.117 52.621 238.962 -0.387043 70.356 0 53.271 1 1.000000
8760 806.117 52.621 238.962 -0.387043 70.356 0 53.271 1 1.000000
8761 806.117 52.621 238.962 -0.387043 70.356 0 53.271 1 1.000000
8762 806.117 52.621 238.962 -0.387043 70.356 0 53.271 1 1.000000
8763 806.117 52.621 238.962 -0.387043 70.356 0 53.271 1 1.000000
8764 806.117 52.621 238.962 -0.387043 70.356 0 53.271 1 1.000000
8765 806.117 52.621 238.962 -0.387043 70.356 0 53.271 1 1.000000
8766 806.117 52.621 238.962 -0.387043 70.356 0 53.271 1 1.000000
8767 806.117 52.621 238.962 -0.387043 70.356 0 53.271 1 1.000000
8768 806.117 52.621 238.962 -0.387043 70.356 0 53.271 1 1.000000
8769 806.117 52.621 238.962 -0.387043 70.356 0 53.271 1 1.000000
8770 806.117 52.621 238.962 -0.387043 70.356 0 53.271 1 1.000000
8771 806.117 52.621 238.962 -0.387043 70.356 0 53.271 1 1.000000
8772 806.117 52.621 238.962 -0.387043 70.356 0 53.271 1 1.000000
8773 806.117 52.621 238.962 -0.387043 70.356 0 53.271 1 1.000000
8774 806.117 52.621 238.962 -0.387043 70.356 0 53.271 1 1.000000
8775 806.117 52.621 238.962 -0.387043 70.356 0 53.271 1 1.000000
8776 806.117 52.621 238.962 -0.387043 70.356 0 53.271 1 1.000000
8777 806.117 52.621 238.962 -0.387043 70.356 0 53.271 1 1.000000
8778 806.117 52.621 238.962 -0.387043 70.356 0 53.271 1 1.000000
8779 806.117 52.621 238.962 -0.387043 70.356 0 53.271 1 1.000000
8780 806.117 52.621 238.962 -0.387043 70.356 0 53.271 1 1.000000
8781 806.117 52.621 238.962 -0.387043 70.356 0 53.271 1 1.000000
8782 806.117 52.621 238.962 -0.387043 70.356 0 53.271 1 1.000000
8783 806.117 52.621 238.962 -0.387043 70.356 0 53.271 1 1.000000
8784 806.117 52.621 238.962 -0.387043 70.356 0 53.271 1 1.000000
8785 806.117 52.621 238.962 -0.387043 70.356 0 53.271 1 1.000000
8786 806.117 52.621 238.962 -0.387043 70.356 0 53.271 1 1.000000
8787 806.117 52.621 238.962 -0.387043 70.356 0 53.271 1 1.000000
8788 806.117 52.621 238.962 -0.387043 70.356 0 53.271 1 1.000000
8789 806.117 52.621 238.962 -0.387043 70.356 0 53.271 1 1.000000
8790 806.117 52.621 238.962 -0.387043 70.356 0 53.271 1 1.000000
8791 806.117 52.621 238.962 -0.387043 70.356 0 53.271 1 1.000000
8792 806.117 52.621 238.962 -0.387043 70.356 0 53.271 1 1.000000
8793 806.117 52.621 238.962 -0.387043 70.356 0 53.271 1 1.000000
8794 806.117 52.621 238.962 -0.387043 70.356 0 53.271 1 1.000000
8795 806.117 52.621 238.962 -0.387043 70.356 0 53.271 1 1.000000
8796 806.117 52.621 238.962 -0.387043 70.356 0 53.271 1 1.000000
8797 806.117 52.621 238.962 -0.387043 70.356 0 53.271 1 1.000000
8798 806.117 52.621 238.962 -0.387043 70.356 0 53.271 1 1.000000
8799 806.117 52.621 238.962 -0.387043 70.356 0 53.271 1 1.000000
8800 806.117 52.621 238.962 -0.387043 70.356 0 53.271 1 1.000000
8801 806.117 52.621 238.962 -0.387043 70.356 0 53.271 1 1.000000
8802 806.117 52.621 238.962 -0.387043 70.356 0 53.271 1 1.000000
8803 806.117 52.621 238.962 -0.387043 70.356 0 53.271 1 1.000000
8804 806.117 52.621 238.962 -0.387043 70.356 0 53.271 1 1.000000
8805 806.117 52.621 238.962 -0.387043 70.356 0 53.271 1 1.000000
8806 806.117 52.621 238.962 -0.387043 70.356 0 53.271 1 1.000000
8807 806.117 52.621 238.962 -0.387043 70.356 0 53.271 1 1.000000
8808 806.117 52.621 238.962 -0.387043 70.356 0 53.271 1 1.000000
8809 806.117 52.621 238.962 -0.387043 70.356 0 53.271 1 1.000000
8810 806.117 52.621 238.962 -0.387043 70.356 0 53.271 1 1.000000
8811 806.117 52.621 238.962 -0.387043 70.356 0 53.271 1 1.000000
8812 806.117 52.621 238.962 -0.387043 70.356 0 53.271 1 1.000000
8813 806.117 52.621 238.962 -0.387043 70.356 0 53.271 1 1.000000
8814 806.117 52.621 238.962 -0.387043 70.356 0 53.271 1 1.000000
8815 806.117 52.621 238.962 -0.387043 70.356 0 53.271 1 1.000000
8816 806.117 52.621 238.962 -0.387043 70.356 0 53.271 1 1.000000
8817 806.117 52.621 238.962 -0.387043 70.356 0 53.271 1 1.000000
8818 806.117 52.621 238.962 -0.387043 70.356 0 53.271 1 1.000000
8819 806.117 52.621 238.962 -0.387043 70.356 0 53.271 1 1.000000
8820 806.117 52.621 238.962 -0.387043 70.356 0 53.271 1 1.000000
8821 806.117 52.621 238.962 -0.387043 70.356 0 53.271 1 1.000000
8822 806.117 52.621 238.962 -0.387043 70.356 0 53.271 1 1.000000
8823 806.117 52.621 238.962 -0.387043 70.356 0 53.271 1 1.000000
8824 806.117 52.621 238.962 -0.387043 70.356 0 53.271 1 1.000000
8825 806.117 52.621 238.962 -0.387043 70.356 0 53.271 1 1.000000
8826 806.117 52.621 238.962 -0.387043 70.356 0 53.271 1 1.000000
8827 806.117 52.621 238.962 -0.387043 70.356 0 53.271 1 1.000000
8828 806.117 52.621 238.962 -0.387043 70.356 0 53.271 1 1.000000
8829 806.117 52.621 238.962 -0.387043 70.356 0 53.271 1 1.000000
8830 806.117 52.621 238.962 -0.387043 70.356 0 53.271 1 1.000000
8831 806.117 52.621 238.962 -0.387043 70.356 0 53.271 1 1.000000
8832 806.117 52.621 238.962 -0.387043 70.356 0 53.271 1 1.000000
8833 806.117 52.621 238.962 -0.387043 70.356 0 53.271 1 1.000000
8834 806.117 52.621 238.962 -0.387043 70.356 0 53.271 1 1.000000
8835 806.117 52.621 238.962 -0.387043 70.356 0 53.271 1 1.000000
8836 806.117 52.621 238.962 -0.387043 70.356 0 53.271 1 1.000000
8837 806.117 52.621 238.962 -0.387043 70.356 0 53.271 1 1.000000
8838 806.117 52.621 238.962 -0.387043 70.356 0 53.271 1 1.000000
8839 806.117 52.621 238.962 -0.387043 70.356 0 53.271 1 1.000000
8840 806.117 52.621 238.962 -0.387043 70.356 0 53.271 1 1.000000
8841 806.117 52.621 238.962 -0.387043 70.356 0 53.271 1 1.000000
8842 806.117 52.621 238.962 -0.387043 70.356 0 53.271 1 1.000000
8843 806.117 52.621 238.962 -0.387043 70.356 0 53.271 1 1.000000
8844 806.117 52.621 238.962 -0.387043 70.356 0 53.271 1 1.000000
8845 806.117 52.621 238.962 -0.387043 70.356 0 53.271 1 1.000000
8846 806.117 52.621 238.962 -0.387043 70.356 0 53.271 1 1.000000
8847 806.117 52.621 238.962 -0.387043 70.356 0 53.271 1 1.000000
8848 806.117 52.621 238.962 -0.387043 70.356 0 53.271 1 1.000000
8849 806.117 52.621 238.962 -0.387043 70.356 0 53.271 1 1.000000
8850 806.117 52.621 238.962 -0.387043 70.356 0 53.271 1 1.000000
8851 806.117 52.621 238.962 -0.387043 70.356 0 53.271 1 1.000000
8852 806.117 52.621 238.962 -0.387043 70.356 0 53.271 1 1.000000
8853 806.117 52.621 238.962 -0.387043 70.356 0 53.271 1 1.000000
8854 806.117 52.621 238.962 -0.387043 70.356 0 53.271 1 1.000000
8855 806.117 52.621 238.962 -0.387043 70.356 0 53.271 1 1.000000
8856 806.117 52.621 238.962 -0.387043 70.356 0 53.271 1 1.000000
8857 806.117 52.621 238.962 -0.387043 70.356 0 53.271 1 1.000000
8858 806.117 52.621 238.962 -0.387043 70.356 0 53.271 1 1.000000
8859 806.117 52.621 238.962 -0.387043 70.356 0 53.271 1 1.000000
8860 806.117 52.621 238.962 -0.387043 70.356 0 53.271 1 1.000000
8861 806.117 52.621 238.962 -0.387043 70.356 0 53.271 1 1.000000
8862 806.117 52.621 238.962 -0.387043 70.356 0 53.271 1 1.000000
8863 806.117 52.621 238.962 -0.387043 70.356 0 53.271 1 1.000000
8864 806.117 52.621 238.962 -0.387043 70.356 0 53.271 1 1.000000
8865 806.117 52.621 238.962 -0.387043 70.356 0 53.271 1 1.000000
8866 806.117 52.621 238.962 -0.387043 70.356 0 53.271 1 1.000000
8867 806.117 52.621 238.962 -0.387043 70.356 0 53.271 1 1.000000
8868 806.117 52.621 238.962 -0.387043 70.356 0 53.271 1 1.000000
8869 806.117 52.621 238.962 -0.387043 70.356 0 53.271 1 1.000000
8870 806.117 52.621 238.962 -0.387043 70.356 0 53.271 1 1.000000
8871 806.117 52.621 238.962 -0.387043 70.356 0 53.271 1 1.000000
8872 806.117 52.621 238.962 -0.387043 70.356 0 53.271 1 1.000000
8873 806.117 52.621 238.962 -0.387043 70.356 0 53.271 1 1.000000
8874 806.117 52.621 238.962 -0.387043 70.356 0 53.271 1 1.000000
8875 806.117 52.621 238.962 -0.387043 70.356 0 53.271 1 1.000000
8876 806.117 52.621 238.962 -0.387043 70.356 0 53.271 1 1.000000
8877 806.117 52.621 238.962 -0.387043 70.356 0 53.271 1 1.000000
8878 806.117 52.621 238.962 -0.387043 70.356 0 53.271 1 1.000000
8879 806.117 52.621 238.962 -0.387043 70.356 0 53.271 1 1.000000
8880 806.117 52.621 238.962 -0.387043 70.356 0 53.271 1 1.000000
8881 806.117 52.621 238.962 -0.387043 70.356 0 53.271 1 1.000000
8882 806.117 52.621 238.962 -0.387043 70.356 0 53.271 1 1.000000
8883 806.117 52.621 238.962 -0.387043 70.356 0 53.271 1 1.000000
8884 806.117 52.621 238.962 -0.387043 70.356 0 53.271 1 1.000000
8885 806.117 52.621 238.962 -0.387043 70.356 0 53.271 1 1.000000
8886 806.117 52.621 238.962 -0.387043 70.356 0 53.271 1 1.000000
8887 806.117 52.621 238.962 -0.387043 70.356 0 53.271 1 1.000000
8888 806.117 52.692 238.961 -0.457005 70.356 0 53.280 1 1.000000
8889 806.117 52.692 238.961 -0.457005 70.356 0 53.280 1 1.000000
8890 806.117 52.760 238.960 -0.469687 70.356 0 53.289 1 1.000000
8891 806.117 52.760 238.960 -0.469687 70.356 0 53.289 1 1.000000
8892 806.093 52.826 238.953 -0.443854 70.358 0 53.294 1 1.000000
8893 806.093 52.826 238.953 -0.443854 70.358 0 53.294 1 1.000000
8894 806.092 52.889 238.955 -0.443495 70.357 0 53.299 1 1.000000
8895 806.092 52.889 238.955 -0.443495 70.357 0 53.299 1 1.000000
8896 806.071 52.949 238.949 -0.421488 70.359 0 53.303 1 1.000000
8897 806.071 52.949 238.949 -0.421488 70.359 0 53.303 1 1.000000
8898 806.070 53.007 238.952 -0.421078 70.358 0 53.307 1 1.000000
8899 806.070 53.007 238.952 -0.421078 70.358 0 53.307 1 1.000000
8900 806.080 53.044 238.958 -0.433171 70.357 0 53.310 1 1.000000
8901 806.080 53.044 238.958 -0.433171 70.357 0 53.310 1 1.000000
8902 806.096 53.088 238.968 -0.451473 70.356 0 53.314 1 1.000000
8903 806.096 53.088 238.968 -0.451473 70.356 0 53.314 1 1.000000
8904 806.112 53.130 238.976 -0.468582 70.355 0 53.317 1 1.000000
8905 806.112 53.130 238.976 -0.468582 70.355 0 53.317 1 1.000000
8906 806.123 53.172 238.982 -0.480810 70.354 0 53.322 1 1.000000
8907 806.123 53.172 238.982 -0.480810 70.354 0 53.322 1 1.000000
8908 806.132 53.214 238.984 -0.489469 70.353 0 53.328 1 1.000000
8909 806.132 53.214 238.984 -0.489469 70.353 0 53.328 1 1.000000
8910 806.138 53.254 238.984 -0.494313 70.353 0 53.336 1 1.000000
8911 806.138 53.254 238.984 -0.494313 70.353 0 53.336 1 1.000000
8912 806.143 53.292 238.982 -0.497751 70.353 0 53.345 1 1.000000
8913 806.143 53.292 238.982 -0.497751 70.353 0 53.345 1 1.000000
8914 806.149 53.326 238.979 -0.501714 70.353 0 53.354 1 1.000000
8915 806.149 53.326 238.979 -0.501714 70.353 0 53.354 1 1.000000
8916 806.155 53.359 238.976 -0.505210 70.353 0 53.363 1 1.000000
8917 806.155 53.359 238.976 -0.505210 70.353 0 53.363 1 1.000000
8918 806.160 53.388 238.973 -0.508387 70.353 0 53.371 1 1.000000
8919 806.160 53.388 238.973 -0.508387 70.353 0 53.371 1 1.000000
8920 806.171 53.396 238.972 -0.517767 70.353 0 53.377 1 1.000000
8921 806.171 53.396 238.972 -0.517767 70.353 0 53.377 1 1.000000
8922 806.180 53.399 238.970 -0.524937 70.353 0 53.383 1 1.000000
8923 806.180 53.399 238.970 -0.524937 70.353 0 53.383 1 1.000000
8924 806.187 53.402 238.968 -0.531169 70.353 0 53.388 1 1.000000
8925 806.187 53.402 238.968 -0.531169 70.353 0 53.388 1 1.000000
8926 806.194 53.404 238.966 -0.536444 70.353 0 53.393 1 1.000000
8927 806.194 53.404 238.966 -0.536444 70.353 0 53.393 1 1.000000
8928 806.200 53.406 238.963 -0.540908 70.353 0 53.398 1 1.000000
8929 806.200 53.406 238.963 -0.540908 70.353 0 53.398 1 1.000000
8930 806.205 53.408 238.961 -0.544554 70.353 0 53.403 1 1.000000
8931 806.205 53.408 238.961 -0.544554 70.353 0 53.403 1 1.000000
8932 806.210 53.409 238.958 -0.547259 70.354 0 53.407 1 1.000000
8933 806.210 53.409 238.958 -0.547259 70.354 0 53.407 1 1.000000
8934 806.213 53.410 238.956 -0.549148 70.354 0 53.411 1 1.000000
8935 806.213 53.410 238.956 -0.549148 70.354 0 53.411 1 1.000000
8936 806.215 53.411 238.953 -0.550225 70.354 0 53.415 1 1.000000
8937 806.215 53.411 238.953 -0.550225 70.354 0 53.415 1 1.000000
8938 806.217 53.411 238.949 -0.550423 70.354 0 53.418 1 1.000000
8939 806.217 53.411 238.949 -0.550423 70.354 0 53.418 1 1.000000
8940 806.218 53.411 238.946 -0.549742 70.355 0 53.422 1 1.000000
8941 806.218 53.411 238.946 -0.549742 70.355 0 53.422 1 1.000000
8942 806.218 53.409 238.943 -0.549025 70.355 0 53.424 1 1.000000
8943 806.218 53.409 238.943 -0.549025 70.355 0 53.424 1 1.000000
8944 806.191 53.400 238.934 -0.520476 70.357 0 53.420 1 1.000000
8945 806.191 53.400 238.934 -0.520476 70.357 0 53.420 1 1.000000
8946 806.192 53.393 238.931 -0.519852 70.357 0 53.423 1 1.000000
8947 806.192 53.393 238.931 -0.519852 70.357 0 53.423 1 1.000000
8948 806.169 53.381 238.922 -0.495813 70.359 0 53.419 1 1.000000
8949 806.169 53.381 238.922 -0.495813 70.359 0 53.419 1 1.000000
8950 806.169 53.368 238.919 -0.495086 70.359 0 53.421 1 1.000000
8951 806.169 53.368 238.919 -0.495086 70.359 0 53.421 1 1.000000
8952 806.165 53.348 238.914 -0.489547 70.359 0 53.421 1 1.000000
8953 806.165 53.348 238.914 -0.489547 70.359 0 53.421 1 1.000000
8954 806.166 53.329 238.911 -0.488909 70.360 0 53.422 1 1.000000
8955 806.166 53.329 238.911 -0.488909 70.360 0 53.422 1 1.000000
8956 806.160 53.304 238.906 -0.481926 70.361 0 53.421 1 1.000000
8957 806.160 53.304 238.906 -0.481926 70.361 0 53.421 1 1.000000
8958 806.161 53.280 238.903 -0.481309 70.361 0 53.422 1 1.000000
8959 806.161 53.280 238.903 -0.481309 70.361 0 53.422 1 1.000000
8960 806.153 53.249 238.897 -0.472810 70.362 0 53.420 1 1.000000
8961 806.153 53.249 238.897 -0.472810 70.362 0 53.420 1 1.000000
8962 806.154 53.220 238.894 -0.472267 70.362 0 53.419 1 1.000000
8963 806.154 53.220 238.894 -0.472267 70.362 0 53.419 1 1.000000
8964 806.145 53.184 238.889 -0.462117 70.363 0 53.416 1 1.000000
8965 806.145 53.184 238.889 -0.462117 70.363 0 53.416 1 1.000000
8966 806.145 53.149 238.885 -0.461638 70.363 0 53.415 1 1.000000
8967 806.145 53.149 238.885 -0.461638 70.363 0 53.415 1 1.000000
8968 806.134 53.108 238.880 -0.449474 70.364 0 53.411 1 1.000000
8969 806.134 53.108 238.880 -0.449474 70.364 0 53.411 1 1.000000
8970 806.135 53.067 238.877 -0.449054 70.364 0 53.409 1 1.000000
8971 806.135 53.067 238.877 -0.449054 70.364 0 53.409 1 1.000000
8972 806.110 53.023 238.869 -0.424048 70.366 0 53.401 1 1.000000
8973 806.110 53.023 238.869 -0.424048 70.366 0 53.401 1 1.000000
8974 806.110 52.871 238.869 -0.425040 70.366 0 53.383 1 1.000000
8975 806.110 52.871 238.869 -0.425040 70.366 0 53.383 1 1.000000
8976 806.116 52.823 238.875 -0.433331 70.365 0 53.373 1 1.000000
8977 806.116 52.823 238.875 -0.433331 70.365 0 53.373 1 1.000000
8978 806.123 52.773 238.882 -0.442019 70.364 0 53.364 1 1.000000
8979 806.123 52.773 238.882 -0.442019 70.364 0 53.364 1 1.000000
8980 806.129 52.720 238.889 -0.451154 70.363 0 53.354 1 1.000000
8981 806.129 52.720 238.889 -0.451154 70.363 0 53.354 1 1.000000
8982 806.136 52.665 238.896 -0.422249 70.362 0 53.344 1 1.000000
8983 806.136 52.665 238.896 -0.422249 70.362 0 53.344 1 1.000000
8984 806.124 52.642 238.900 -0.401093 70.362 0 53.333 1 1.000000
8985 806.124 52.642 238.900 -0.401093 70.362 0 53.333 1 1.000000
8986 806.135 52.640 238.909 -0.398933 70.361 0 53.329 1 1.000000
8987 806.135 52.640 238.909 -0.398933 70.361 0 53.329 1 1.000000
8988 806.134 52.637 238.912 -0.396713 70.361 0 53.326 1 1.000000
8989 806.134 52.637 238.912 -0.396713 70.361 0 53.326 1 1.000000
8990 806.134 52.632 238.915 -0.391884 70.360 0 53.322 1 1.000000
8991 806.134 52.632 238.915 -0.391884 70.360 0 53.322 1 1.000000
8992 806.136 52.628 238.920 -0.388817 70.360 0 53.317 1 1.000000
8993 806.136 52.628 238.920 -0.388817 70.360 0 53.317 1 1.000000
8994 806.130 52.641 238.923 -0.401558 70.360 0 53.314 1 1.000000
8995 806.130 52.641 238.923 -0.401558 70.360 0 53.314 1 1.000000
8996 806.128 52.638 238.926 -0.399323 70.359 0 53.310 1 1.000000
8997 806.128 52.638 238.926 -0.399323 70.359 0 53.310 1 1.000000
8998 806.127 52.633 238.929 -0.394482 70.359 0 53.306 1 1.000000
8999 806.127 52.633 238.929 -0.394482 70.359 0 53.306 1 1.000000
9000 806.129 52.627 238.933 -0.389515 70.359 0 53.302 1 1.000000
9001 806.129 52.627 238.933 -0.389515 70.359 0 53.302 1 1.000000
9002 806.126 52.627 238.936 -0.390129 70.358 0 53.299 1 1.000000
9003 806.126 52.627 238.936 -0.390129 70.358 0 53.299 1 1.000000
9004 806.123 52.640 238.941 -0.402756 70.358 0 53.295 1 1.000000
9005 806.123 52.640 238.941 -0.402756 70.358 0 53.295 1 1.000000
9006 806.120 52.637 238.943 -0.400509 70.358 0 53.292 1 1.000000
9007 806.120 52.637 238.943 -0.400509 70.358 0 53.292 1 1.000000
9008 806.120 52.632 238.946 -0.395653 70.357 0 53.288 1 1.000000
9009 806.120 52.632 238.946 -0.395653 70.357 0 53.288 1 1.000000
9010 806.120 52.625 238.950 -0.389267 70.357 0 53.284 1 1.000000
9011 806.120 52.625 238.950 -0.389267 70.357 0 53.284 1 1.000000
9012 806.119 52.624 238.953 -0.388893 70.357 0 53.280 1 1.000000
9013 806.119 52.624 238.953 -0.388893 70.357 0 53.280 1 1.000000
9014 806.120 52.624 238.953 -0.388523 70.357 0 53.281 1 1.000000
9015 806.120 52.624 238.953 -0.388523 70.357 0 53.281 1 1.000000
9016 806.118 52.635 238.956 -0.400505 70.356 0 53.279 1 1.000000
9017 806.118 52.635 238.956 -0.400505 70.356 0 53.279 1 1.000000
9018 806.115 52.633 238.957 -0.398243 70.356 0 53.276 1 1.000000
9019 806.115 52.633 238.957 -0.398243 70.356 0 53.276 1 1.000000
9020 806.115 52.628 238.961 -0.393677 70.356 0 53.272 1 1.000000
9021 806.115 52.628 238.961 -0.393677 70.356 0 53.272 1 1.000000
9022 806.118 52.621 238.961 -0.386955 70.356 0 53.272 1 1.000000
9023 806.118 52.621 238.961 -0.386955 70.356 0 53.272 1 1.000000
9024 806.116 52.633 238.964 -0.398792 70.356 0 53.271 1 1.000000
9025 806.116 52.633 238.964 -0.398792 70.356 0 53.271 1 1.000000
9026 806.114 52.630 238.962 -0.396286 70.356 0 53.271 1 1.000000
9027 806.114 52.630 238.962 -0.396286 70.356 0 53.271 1 1.000000
9028 806.116 52.625 238.961 -0.391289 70.356 0 53.271 1 1.000000
9029 806.116 52.625 238.961 -0.391289 70.356 0 53.271 1 1.000000
9030 806.119 52.620 238.962 -0.385876 70.356 0 53.272 1 1.000000
9031 806.119 52.620 238.962 -0.385876 70.356 0 53.272 1 1.000000
9032 806.116 52.632 238.965 -0.397728 70.356 0 53.270 1 1.000000
9033 806.116 52.632 238.965 -0.397728 70.356 0 53.270 1 1.000000
9034 806.113 52.631 238.964 -0.397457 70.356 0 53.269 1 1.000000
9035 806.113 52.631 238.964 -0.397457 70.356 0 53.269 1 1.000000
9036 806.115 52.626 238.963 -0.392467 70.356 0 53.270 1 1.000000
9037 806.115 52.626 238.963 -0.392467 70.356 0 53.270 1 1.000000
9038 806.118 52.620 238.963 -0.386124 70.356 0 53.270 1 1.000000
9039 806.118 52.620 238.963 -0.386124 70.356 0 53.270 1 1.000000
9040 806.116 52.632 238.966 -0.397972 70.355 0 53.268 1 1.000000
9041 806.116 52.632 238.966 -0.397972 70.355 0 53.268 1 1.000000
9042 806.113 52.629 238.964 -0.395462 70.356 0 53.268 1 1.000000
9043 806.113 52.629 238.964 -0.395462 70.356 0 53.268 1 1.000000
9044 806.115 52.624 238.964 -0.390499 70.356 0 53.269 1 1.000000
9045 806.115 52.624 238.964 -0.390499 70.356 0 53.269 1 1.000000
9046 806.119 52.619 238.965 -0.385227 70.356 0 53.269 1 1.000000
9047 806.119 52.619 238.965 -0.385227 70.356 0 53.269 1 1.000000
9048 806.116 52.631 238.967 -0.397091 70.355 0 53.267 1 1.000000
9049 806.116 52.631 238.967 -0.397091 70.355 0 53.267 1 1.000000
9050 806.113 52.628 238.965 -0.394585 70.356 0 53.267 1 1.000000
9051 806.113 52.628 238.965 -0.394585 70.356 0 53.267 1 1.000000
9052 806.115 52.623 238.965 -0.389626 70.356 0 53.268 1 1.000000
9053 806.115 52.623 238.965 -0.389626 70.356 0 53.268 1 1.000000
9054 806.119 52.618 238.966 -0.384724 70.355 0 53.268 1 1.000000
9055 806.119 52.618 238.966 -0.384724 70.355 0 53.268 1 1.000000
9056 806.116 52.630 238.968 -0.396587 70.355 0 53.266 1 1.000000
9057 806.116 52.630 238.968 -0.396587 70.355 0 53.266 1 1.000000
9058 806.112 52.630 238.967 -0.396290 70.355 0 53.266 1 1.000000
9059 806.112 52.630 238.967 -0.396290 70.355 0 53.266 1 1.000000
9060 806.114 52.625 238.967 -0.391323 70.355 0 53.266 1 1.000000
9061 806.114 52.625 238.967 -0.391323 70.355 0 53.266 1 1.000000
9062 806.117 52.619 238.967 -0.385197 70.355 0 53.266 1 1.000000
9063 806.117 52.619 238.967 -0.385197 70.355 0 53.266 1 1.000000
9064 806.115 52.630 238.970 -0.397038 70.355 0 53.265 1 1.000000
9065 806.115 52.630 238.970 -0.397038 70.355 0 53.265 1 1.000000
9066 806.113 52.628 238.968 -0.394524 70.355 0 53.265 1 1.000000
9067 806.113 52.628 238.968 -0.394524 70.355 0 53.265 1 1.000000
9068 806.115 52.623 238.967 -0.389557 70.355 0 53.265 1 1.000000
9069 806.115 52.623 238.967 -0.389557 70.355 0 53.265 1 1.000000
9070 806.118 52.618 238.968 -0.384369 70.355 0 53.266 1 1.000000
9071 806.118 52.618 238.968 -0.384369 70.355 0 53.266 1 1.000000
9072 806.116 52.629 238.971 -0.396233 70.355 0 53.264 1 1.000000
9073 806.116 52.629 238.971 -0.396233 70.355 0 53.264 1 1.000000
9074 806.112 52.629 238.969 -0.395931 70.355 0 53.263 1 1.000000
9075 806.112 52.629 238.969 -0.395931 70.355 0 53.263 1 1.000000
9076 806.114 52.624 238.969 -0.390968 70.355 0 53.264 1 1.000000
9077 806.114 52.624 238.969 -0.390968 70.355 0 53.264 1 1.000000
9078 806.117 52.618 238.969 -0.384727 70.355 0 53.264 1 1.000000
9079 806.117 52.618 238.969 -0.384727 70.355 0 53.264 1 1.000000
9080 806.116 52.619 238.969 -0.385437 70.355 0 53.264 1 1.000000
9081 806.115 52.630 238.972 -0.397270 70.355 0 53.262 1 1.000000
9082 806.115 52.630 238.972 -0.397270 70.355 0 53.262 1 1.000000
9083 806.111 52.630 238.971 -0.396969 70.355 0 53.262 1 1.000000
9084 806.111 52.630 238.971 -0.396969 70.355 0 53.262 1 1.000000
9085 806.113 52.625 238.970 -0.392002 70.355 0 53.262 1 1.000000
9086 806.113 52.625 238.970 -0.392002 70.355 0 53.262 1 1.000000
9087 806.116 52.618 238.970 -0.384953 70.355 0 53.263 1 1.000000
9088 806.116 52.618 238.970 -0.384953 70.355 0 53.263 1 1.000000
9089 806.116 52.618 238.970 -0.385162 70.355 0 53.263 1 1.000000
9090 806.116 52.618 238.970 -0.385162 70.355 0 53.263 1 1.000000
9091 806.116 52.618 238.970 -0.385170 70.355 0 53.263 1 1.000000
9092 806.116 52.618 238.970 -0.385170 70.355 0 53.263 1 1.000000
9093 806.116 52.618 238.970 -0.385166 70.355 0 53.263 1 1.000000
9094 806.116 52.618 238.970 -0.385166 70.355 0 53.263 1 1.000000
9095 806.116 52.618 238.970 -0.385170 70.355 0 53.263 1 1.000000
9096 806.116 52.618 238.970 -0.385170 70.355 0 53.263 1 1.000000
9097 806.116 52.618 238.970 -0.385174 70.355 0 53.263 1 1.000000
9098 806.116 52.618 238.970 -0.385174 70.355 0 53.263 1 1.000000
9099 806.116 52.618 238.970 -0.385174 70.355 0 53.263 1 1.000000
9100 806.116 52.618 238.970 -0.385174 70.355 0 53.263 1 1.000000
9101 806.116 52.618 238.970 -0.385178 70.355 0 53.263 1 1.000000
9102 806.116 52.618 238.970 -0.385178 70.355 0 53.263 1 1.000000
9103 806.116 52.618 238.970 -0.385178 70.355 0 53.263 1 1.000000
9104 806.116 52.618 238.970 -0.385178 70.355 0 53.263 1 1.000000
9105 806.116 52.618 238.970 -0.385178 70.355 0 53.263 1 1.000000
9106 806.116 52.618 238.970 -0.385178 70.355 0 53.263 1 1.000000
9107 806.116 52.618 238.970 -0.385178 70.355 0 53.263 1 1.000000
9108 806.116 52.618 238.970 -0.385178 70.355 0 53.263 1 1.000000
9109 806.116 52.618 238.970 -0.385178 70.355 0 53.263 1 1.000000
9110 806.116 52.618 238.970 -0.385178 70.355 0 53.263 1 1.000000
9111 806.116 52.618 238.970 -0.385178 70.355 0 53.263 1 1.000000
9112 806.116 52.618 238.970 -0.385178 70.355 0 53.263 1 1.000000
9113 806.116 52.618 238.970 -0.385178 70.355 0 53.263 1 1.000000
9114 806.116 52.618 238.970 -0.385178 70.355 0 53.263 1 1.000000
9115 806.116 52.618 238.970 -0.385178 70.355 0 53.263 1 1.000000
9116 806.116 52.618 238.970 -0.385178 70.355 0 53.263 1 1.000000
9117 806.116 52.618 238.970 -0.385178 70.355 0 53.263 1 1.000000
9118 806.116 52.618 238.970 -0.385178 70.355 0 53.263 1 1.000000
9119 806.116 52.618 238.970 -0.385178 70.355 0 53.263 1 1.000000
9120 806.116 52.618 238.970 -0.385178 70.355 0 53.263 1 1.000000
9121 806.116 52.618 238.970 -0.385178 70.355 0 53.263 1 1.000000
9122 806.116 52.618 238.970 -0.385178 70.355 0 53.263 1 1.000000
9123 806.116 52.618 238.970 -0.385178 70.355 0 53.263 1 1.000000
9124 806.116 52.618 238.970 -0.385178 70.355 0 53.263 1 1.000000
9125 806.116 52.618 238.970 -0.385178 70.355 0 53.263 1 1.000000
9126 806.116 52.618 238.970 -0.385178 70.355 0 53.263 1 1.000000
9127 806.116 52.618 238.970 -0.385178 70.355 0 53.263 1 1.000000
9128 806.116 52.618 238.970 -0.385178 70.355 0 53.263 1 1.000000
9129 806.116 52.618 238.970 -0.385178 70.355 0 53.263 1 1.000000
9130 806.116 52.618 238.970 -0.385178 70.355 0 53.263 1 1.000000
9131 806.116 52.618 238.970 -0.385178 70.355 0 53.263 1 1.000000
9132 806.116 52.618 238.970 -0.385178 70.355 0 53.263 1 1.000000
9133 806.116 52.618 238.970 -0.385178 70.355 0 53.263 1 1.000000
9134 806.116 52.618 238.970 -0.385178 70.355 0 53.263 1 1.000000
9135 806.116 52.618 238.970 -0.385178 70.355 0 53.263 1 1.000000
9136 806.116 52.618 238.970 -0.385178 70.355 0 53.263 1 1.000000
9137 806.116 52.618 238.970 -0.385178 70.355 0 53.263 1 1.000000
9138 806.116 52.618 238.970 -0.385178 70.355 0 53.263 1 1.000000
9139 806.116 52.618 238.970 -0.385178 70.355 0 53.263 1 1.000000
9140 806.116 52.618 238.970 -0.385178 70.355 0 53.263 1 1.000000
9141 806.116 52.618 238.970 -0.385178 70.355 0 53.263 1 1.000000
9142 806.116 52.618 238.970 -0.385178 70.355 0 53.263 1 1.000000
9143 806.116 52.618 238.970 -0.385178 70.355 0 53.263 1 1.000000
9144 806.116 52.618 238.970 -0.385178 70.355 0 53.263 1 1.000000
9145 806.116 52.618 238.970 -0.385178 70.355 0 53.263 1 1.000000
9146 806.116 52.618 238.970 -0.385178 70.355 0 53.263 1 1.000000
9147 806.116 52.618 238.970 -0.385178 70.355 0 53.263 1 1.000000
9148 806.116 52.618 238.970 -0.385178 70.355 0 53.263 1 1.000000
9149 806.116 52.618 238.970 -0.385178 70.355 0 53.263 1 1.000000
9150 806.116 52.618 238.970 -0.385178 70.355 0 53.263 1 1.000000
9151 806.116 52.618 238.970 -0.385178 70.355 0 53.263 1 1.000000
9152 806.116 52.618 238.970 -0.385178 70.355 0 53.263 1 1.000000
9153 806.116 52.618 238.970 -0.385178 70.355 0 53.263 1 1.000000
9154 806.116 52.618 238.970 -0.385178 70.355 0 53.263 1 1.000000
9155 806.116 52.618 238.970 -0.385178 70.355 0 53.263 1 1.000000
9156 806.116 52.618 238.970 -0.385178 70.355 0 53.263 1 1.000000
9157 806.116 52.618 238.970 -0.385178 70.355 0 53.263 1 1.000000
9158 806.116 52.618 238.970 -0.385178 70.355 0 53.263 1 1.000000
9159 806.116 52.618 238.970 -0.385178 70.355 0 53.263 1 1.000000
9160 806.116 52.618 238.970 -0.385178 70.355 0 53.263 1 1.000000
9161 806.116 52.618 238.970 -0.385178 70.355 0 53.263 1 1.000000
9162 806.116 52.618 238.970 -0.385178 70.355 0 53.263 1 1.000000
9163 806.116 52.618 238.970 -0.385178 70.355 0 53.263 1 1.000000
9164 806.116 52.618 238.970 -0.385178 70.355 0 53.263 1 1.000000
9165 806.116 52.618 238.970 -0.385178 70.355 0 53.263 1 1.000000
9166 806.116 52.618 238.970 -0.385178 70.355 0 53.263 1 1.000000
9167 806.116 52.618 238.970 -0.385178 70.355 0 53.263 1 1.000000
9168 806.116 52.618 238.970 -0.385178 70.355 0 53.263 1 1.000000
9169 806.116 52.618 238.970 -0.385178 70.355 0 53.263 1 1.000000
9170 806.116 52.618 238.970 -0.385178 70.355 0 53.263 1 1.000000
9171 806.116 52.618 238.970 -0.385178 70.355 0 53.263 1 1.000000
9172 806.116 52.618 238.970 -0.385178 70.355 0 53.263 1 1.000000
9173 806.116 52.618 238.970 -0.385178 70.355 0 53.263 1 1.000000
9174 806.116 52.618 238.970 -0.385178 70.355 0 53.263 1 1.000000
9175 806.116 52.618 238.970 -0.385178 70.355 0 53.263 1 1.000000
9176 806.116 52.618 238.970 -0.385178 70.355 0 53.263 1 1.000000
9177 806.116 52.618 238.970 -0.385178 70.355 0 53.263 1 1.000000
9178 806.116 52.618 238.970 -0.385178 70.355 0 53.263 1 1.000000
9179 806.116 52.618 238.970 -0.385178 70.355 0 53.263 1 1.000000
9180 806.116 52.618 238.970 -0.385178 70.355 0 53.263 1 1.000000
9181 806.116 52.618 238.970 -0.385178 70.355 0 53.263 1 1.000000
9182 806.116 52.618 238.970 -0.385178 70.355 0 53.263 1 1.000000
9183 806.116 52.618 238.970 -0.385178 70.355 0 53.263 1 1.000000
9184 806.116 52.618 238.970 -0.385178 70.355 0 53.263 1 1.000000
9185 806.116 52.618 238.970 -0.385178 70.355 0 53.263 1 1.000000
9186 806.116 52.618 238.970 -0.385178 70.355 0 53.263 1 1.000000
9187 806.116 52.618 238.970 -0.385178 70.355 0 53.263 1 1.000000
9188 806.116 52.618 238.970 -0.385178 70.355 0 53.263 1 1.000000
9189 806.116 52.618 238.970 -0.385178 70.355 0 53.263 1 1.000000
9190 806.116 52.618 238.970 -0.385178 70.355 0 53.263 1 1.000000
9191 806.116 52.618 238.970 -0.385178 70.355 0 53.263 1 1.000000
9192 806.116 52.618 238.970 -0.385178 70.355 0 53.263 1 1.000000
9193 806.116 52.618 238.970 -0.385178 70.355 0 53.263 1 1.000000
9194 806.116 52.618 238.970 -0.385178 70.355 0 53.263 1 1.000000
9195 806.116 52.618 238.970 -0.385178 70.355 0 53.263 1 1.000000
9196 806.116 52.618 238.970 -0.385178 70.355 0 53.263 1 1.000000
9197 806.116 52.618 238.970 -0.385178 70.355 0 53.263 1 1.000000
9198 806.116 52.618 238.970 -0.385178 70.355 0 53.263 1 1.000000
9199 806.116 52.618 238.970 -0.385178 70.355 0 53.263 1 1.000000
9200 806.116 52.618 238.970 -0.385178 70.355 0 53.263 1 1.000000
9201 806.116 52.618 238.970 -0.385178 70.355 0 53.263 1 1.000000
9202 806.116 52.618 238.970 -0.385178 70.355 0 53.263 1 1.000000
9203 806.116 52.618 238.970 -0.385178 70.355 0 53.263 1 1.000000
9204 806.116 52.618 238.970 -0.385178 70.355 0 53.263 1 1.000000
9205 806.116 52.618 238.970 -0.385178 70.355 0 53.263 1 1.000000
9206 806.116 52.618 238.970 -0.385178 70.355 0 53.263 1 1.000000
9207 806.116 52.618 238.970 -0.385178 70.355 0 53.263 1 1.000000
9208 806.116 52.618 238.970 -0.385178 70.355 0 53.263 1 1.000000
9209 806.116 52.618 238.970 -0.385178 70.355 0 53.263 1 1.000000
9210 806.116 52.618 238.970 -0.385178 70.355 0 53.263 1 1.000000
9211 806.116 52.618 238.970 -0.385178 70.355 0 53.263 1 1.000000
9212 806.116 52.618 238.970 -0.385178 70.355 0 53.263 1 1.000000
9213 806.116 52.618 238.970 -0.385178 70.355 0 53.263 1 1.000000
9214 806.116 52.618 238.970 -0.385178 70.355 0 53.263 1 1.000000
9215 806.116 52.618 238.970 -0.385178 70.355 0 53.263 1 1.000000
9216 806.116 52.618 238.970 -0.385178 70.355 0 53.263 1 1.000000
9217 806.116 52.618 238.970 -0.385178 70.355 0 53.263 1 1.000000
9218 806.116 52.618 238.970 -0.385178 70.355 0 53.263 1 1.000000
9219 806.116 52.618 238.970 -0.385178 70.355 0 53.263 1 1.000000
9220 806.116 52.618 238.970 -0.385178 70.355 0 53.263 1 1.000000
9221 806.116 52.618 238.970 -0.385178 70.355 0 53.263 1 1.000000
9222 806.116 52.618 238.970 -0.385178 70.355 0 53.263 1 1.000000
9223 806.116 52.618 238.970 -0.385178 70.355 0 53.263 1 1.000000
9224 806.116 52.618 238.970 -0.385178 70.355 0 53.263 1 1.000000
9225 806.116 52.618 238.970 -0.385178 70.355 0 53.263 1 1.000000
9226 806.116 52.618 238.970 -0.385178 70.355 0 53.263 1 1.000000
9227 806.116 52.618 238.970 -0.385178 70.355 0 53.263 1 1.000000
9228 806.116 52.618 238.970 -0.385178 70.355 0 53.263 1 1.000000
9229 806.116 52.618 238.970 -0.385178 70.355 0 53.263 1 1.000000
9230 806.116 52.618 238.970 -0.385178 70.355 0 53.263 1 1.000000
9231 806.116 52.618 238.970 -0.385178 70.355 0 53.263 1 1.000000
9232 806.116 52.618 238.970 -0.385178 70.355 0 53.263 1 1.000000
9233 806.116 52.618 238.970 -0.385178 70.355 0 53.263 1 1.000000
9234 806.116 52.618 238.970 -0.385178 70.355 0 53.263 1 1.000000
9235 806.116 52.618 238.970 -0.385178 70.355 0 53.263 1 1.000000
9236 806.116 52.618 238.970 -0.385178 70.355 0 53.263 1 1.000000
9237 806.116 52.618 238.970 -0.385178 70.355 0 53.263 1 1.000000
9238 806.116 52.618 238.970 -0.385178 70.355 0 53.263 1 1.000000
9239 806.116 52.618 238.970 -0.385178 70.355 0 53.263 1 1.000000
9240 806.116 52.618 238.970 -0.385178 70.355 0 53.263 1 1.000000
9241 806.116 52.618 238.970 -0.385178 70.355 0 53.263 1 1.000000
9242 806.116 52.618 238.970 -0.385178 70.355 0 53.263 1 1.000000
9243 806.116 52.618 238.970 -0.385178 70.355 0 53.263 1 1.000000
9244 806.116 52.618 238.970 -0.385178 70.355 0 53.263 1 1.000000
9245 806.116 52.618 238.970 -0.385178 70.355 0 53.263 1 1.000000
9246 806.116 52.618 238.970 -0.385178 70.355 0 53.263 1 1.000000
9247 806.116 52.618 238.970 -0.385178 70.355 0 53.263 1 1.000000
9248 806.116 52.618 238.970 -0.385178 70.355 0 53.263 1 1.000000
9249 806.116 52.618 238.970 -0.385178 70.355 0 53.263 1 1.000000
9250 806.116 52.618 238.970 -0.385178 70.355 0 53.263 1 1.000000
9251 806.116 52.618 238.970 -0.385178 70.355 0 53.263 1 1.000000
9252 806.116 52.618 238.970 -0.385178 70.355 0 53.263 1 1.000000
9253 806.116 52.618 238.970 -0.385178 70.355 0 53.263 1 1.000000
9254 806.116 52.618 238.970 -0.385178 70.355 0 53.263 1 1.000000
9255 806.116 52.618 238.970 -0.385178 70.355 0 53.263 1 1.000000
9256 806.116 52.618 238.970 -0.385178 70.355 0 53.263 1 1.000000
9257 806.116 52.618 238.970 -0.385178 70.355 0 53.263 1 1.000000
9258 806.116 52.618 238.970 -0.385178 70.355 0 53.263 1 1.000000
9259 806.116 52.618 238.970 -0.385178 70.355 0 53.263 1 1.000000
9260 806.116 52.618 238.970 -0.385178 70.355 0 53.263 1 1.000000
9261 806.116 52.618 238.970 -0.385178 70.355 0 53.263 1 1.000000
9262 806.116 52.618 238.970 -0.385178 70.355 0 53.263 1 1.000000
9263 806.116 52.618 238.970 -0.385178 70.355 0 53.263 1 1.000000
9264 806.116 52.618 238.970 -0.385178 70.355 0 53.263 1 1.000000
9265 806.116 52.618 238.970 -0.385178 70.355 0 53.263 1 1.000000
9266 806.116 52.618 238.970 -0.385178 70.355 0 53.263 1 1.000000
9267 806.116 52.689 238.969 -0.455135 70.355 0 53.272 1 1.000000
9268 806.116 52.689 238.969 -0.455135 70.355 0 53.272 1 1.000000
9269 806.116 52.758 238.968 -0.471733 70.355 0 53.281 1 1.000000
9270 806.116 52.758 238.968 -0.471733 70.355 0 53.281 1 1.000000
9271 806.090 52.823 238.960 -0.444365 70.357 0 53.286 1 1.000000
9272 806.090 52.823 238.960 -0.444365 70.357 0 53.286 1 1.000000
9273 806.089 52.886 238.962 -0.444001 70.357 0 53.291 1 1.000000
9274 806.068 52.946 238.956 -0.421994 70.358 0 53.295 1 1.000000
9275 806.068 52.946 238.956 -0.421994 70.358 0 53.295 1 1.000000
9276 806.067 53.004 238.959 -0.421648 70.358 0 53.299 1 1.000000
9277 806.067 53.004 238.959 -0.421648 70.358 0 53.299 1 1.000000
9278 806.076 53.041 238.965 -0.432376 70.357 0 53.302 1 1.000000
9279 806.076 53.041 238.965 -0.432376 70.357 0 53.302 1 1.000000
9280 806.108 53.127 238.983 -0.468049 70.354 0 53.309 1 1.000000
9281 806.120 53.169 238.989 -0.481180 70.353 0 53.314 1 1.000000
9282 806.120 53.169 238.989 -0.481180 70.353 0 53.314 1 1.000000
9283 806.129 53.210 238.992 -0.490439 70.352 0 53.320 1 1.000000
9284 806.129 53.210 238.992 -0.490439 70.352 0 53.320 1 1.000000
9285 806.136 53.250 238.992 -0.496003 70.352 0 53.327 1 1.000000
9286 806.136 53.250 238.992 -0.496003 70.352 0 53.327 1 1.000000
9287 806.141 53.288 238.990 -0.499311 70.352 0 53.336 1 1.000000
9288 806.141 53.288 238.990 -0.499311 70.352 0 53.336 1 1.000000
9289 806.141 53.288 238.990 -0.499311 70.352 0 53.336 1 1.000000
9290 806.147 53.323 238.987 -0.503144 70.352 0 53.345 1 1.000000
9291 806.147 53.323 238.987 -0.503144 70.352 0 53.345 1 1.000000
9292 806.153 53.355 238.984 -0.506709 70.353 0 53.354 1 1.000000
9293 806.153 53.355 238.984 -0.506709 70.353 0 53.354 1 1.000000
9294 806.158 53.385 238.981 -0.509819 70.353 0 53.362 1 1.000000
9295 806.158 53.385 238.981 -0.509819 70.353 0 53.362 1 1.000000
9296 806.167 53.396 238.980 -0.517937 70.353 0 53.369 1 1.000000
9297 806.167 53.396 238.980 -0.517937 70.353 0 53.369 1 1.000000
9298 806.176 53.398 238.978 -0.525164 70.352 0 53.374 1 1.000000
9299 806.176 53.398 238.978 -0.525164 70.352 0 53.374 1 1.000000
9300 806.184 53.401 238.977 -0.531459 70.352 0 53.379 1 1.000000
9301 806.184 53.401 238.977 -0.531459 70.352 0 53.379 1 1.000000
9302 806.191 53.403 238.975 -0.536870 70.352 0 53.384 1 1.000000
9303 806.191 53.403 238.975 -0.536870 70.352 0 53.384 1 1.000000
9304 806.197 53.405 238.972 -0.541266 70.352 0 53.389 1 1.000000
9305 806.197 53.405 238.972 -0.541266 70.352 0 53.389 1 1.000000
9306 806.202 53.407 238.970 -0.544907 70.353 0 53.393 1 1.000000
9307 806.202 53.407 238.970 -0.544907 70.353 0 53.393 1 1.000000
9308 806.206 53.408 238.967 -0.547617 70.353 0 53.398 1 1.000000
9309 806.206 53.408 238.967 -0.547617 70.353 0 53.398 1 1.000000
9310 806.209 53.409 238.964 -0.549505 70.353 0 53.402 1 1.000000
9311 806.209 53.409 238.964 -0.549505 70.353 0 53.402 1 1.000000
9312 806.212 53.410 238.961 -0.550520 70.353 0 53.406 1 1.000000
9313 806.212 53.410 238.961 -0.550520 70.353 0 53.406 1 1.000000
9314 806.214 53.410 238.958 -0.550713 70.354 0 53.409 1 1.000000
9315 806.214 53.410 238.958 -0.550713 70.354 0 53.409 1 1.000000
9316 806.214 53.410 238.955 -0.550094 70.354 0 53.412 1 1.000000
9317 806.214 53.410 238.955 -0.550094 70.354 0 53.412 1 1.000000
9318 806.215 53.408 238.951 -0.549372 70.354 0 53.415 1 1.000000
9319 806.188 53.400 238.942 -0.520824 70.356 0 53.411 1 1.000000
9320 806.188 53.400 238.942 -0.520824 70.356 0 53.411 1 1.000000
9321 806.188 53.392 238.939 -0.520143 70.356 0 53.414 1 1.000000
9322 806.167 53.380 238.931 -0.497626 70.358 0 53.411 1 1.000000
9323 806.167 53.380 238.931 -0.497626 70.358 0 53.411 1 1.000000
9324 806.168 53.367 238.927 -0.496966 70.358 0 53.413 1 1.000000
9325 806.168 53.367 238.927 -0.496966 70.358 0 53.413 1 1.000000
9326 806.163 53.347 238.923 -0.491422 70.359 0 53.413 1 1.000000
9327 806.163 53.347 238.923 -0.491422 70.359 0 53.413 1 1.000000
9328 806.164 53.328 238.919 -0.490785 70.359 0 53.414 1 1.000000
9329 806.164 53.328 238.919 -0.490785 70.359 0 53.414 1 1.000000
9330 806.158 53.303 238.914 -0.483734 70.360 0 53.413 1 1.000000
9331 806.158 53.303 238.914 -0.483734 70.360 0 53.413 1 1.000000
9332 806.159 53.279 238.911 -0.483117 70.360 0 53.413 1 1.000000
9333 806.159 53.279 238.911 -0.483117 70.360 0 53.413 1 1.000000
9334 806.151 53.248 238.906 -0.474557 70.361 0 53.411 1 1.000000
9335 806.151 53.248 238.906 -0.474557 70.361 0 53.411 1 1.000000
9336 806.152 53.219 238.902 -0.474014 70.361 0 53.411 1 1.000000
9337 806.152 53.219 238.902 -0.474014 70.361 0 53.411 1 1.000000
9338 806.143 53.183 238.897 -0.463922 70.362 0 53.408 1 1.000000
9339 806.143 53.183 238.897 -0.463922 70.362 0 53.408 1 1.000000
9340 806.144 53.148 238.893 -0.463444 70.362 0 53.407 1 1.000000
9341 806.144 53.148 238.893 -0.463444 70.362 0 53.407 1 1.000000
9342 806.132 53.107 238.888 -0.450680 70.363 0 53.403 1 1.000000
9343 806.132 53.107 238.888 -0.450680 70.363 0 53.403 1 1.000000
9344 806.132 53.067 238.885 -0.450390 70.364 0 53.401 1 1.000000
9345 806.132 53.067 238.885 -0.450390 70.364 0 53.401 1 1.000000
9346 806.107 53.022 238.877 -0.424200 70.365 0 53.392 1 1.000000
9347 806.107 53.022 238.877 -0.424200 70.365 0 53.392 1 1.000000
9348 806.107 52.870 238.877 -0.425187 70.365 0 53.374 1 1.000000
9349 806.107 52.870 238.877 -0.425187 70.365 0 53.374 1 1.000000
9350 806.113 52.822 238.883 -0.433416 70.364 0 53.365 1 1.000000
9351 806.113 52.822 238.883 -0.433416 70.364 0 53.365 1 1.000000
9352 806.119 52.772 238.890 -0.442104 70.363 0 53.355 1 1.000000
9353 806.119 52.772 238.890 -0.442104 70.363 0 53.355 1 1.000000
9354 806.126 52.720 238.897 -0.451239 70.362 0 53.346 1 1.000000
9355 806.126 52.720 238.897 -0.451239 70.362 0 53.346 1 1.000000
9356 806.133 52.664 238.904 -0.422527 70.362 0 53.336 1 1.000000
9357 806.133 52.664 238.904 -0.422527 70.362 0 53.336 1 1.000000
9358 806.121 52.641 238.908 -0.401062 70.361 0 53.324 1 1.000000
9359 806.121 52.641 238.908 -0.401062 70.361 0 53.324 1 1.000000
9360 806.132 52.639 238.916 -0.398895 70.360 0 53.321 1 1.000000
9361 806.132 52.639 238.916 -0.398895 70.360 0 53.321 1 1.000000
9362 806.131 52.636 238.919 -0.396667 70.360 0 53.317 1 1.000000
9363 806.131 52.636 238.919 -0.396667 70.360 0 53.317 1 1.000000
9364 806.130 52.631 238.923 -0.391830 70.360 0 53.313 1 1.000000
9365 806.130 52.631 238.923 -0.391830 70.360 0 53.313 1 1.000000
9366 806.133 52.627 238.928 -0.388657 70.359 0 53.309 1 1.000000
9367 806.133 52.627 238.928 -0.388657 70.359 0 53.309 1 1.000000
9368 806.127 52.639 238.931 -0.401409 70.359 0 53.305 1 1.000000
9369 806.127 52.639 238.931 -0.401409 70.359 0 53.305 1 1.000000
9370 806.125 52.637 238.933 -0.399166 70.359 0 53.302 1 1.000000
9371 806.125 52.637 238.933 -0.399166 70.359 0 53.302 1 1.000000
9372 806.124 52.632 238.937 -0.394314 70.358 0 53.298 1 1.000000
9373 806.124 52.632 238.937 -0.394314 70.358 0 53.298 1 1.000000
9374 806.125 52.626 238.941 -0.389244 70.358 0 53.294 1 1.000000
9375 806.125 52.626 238.941 -0.389244 70.358 0 53.294 1 1.000000
9376 806.123 52.627 238.941 -0.390541 70.358 0 53.294 1 1.000000
9377 806.123 52.627 238.941 -0.390541 70.358 0 53.294 1 1.000000
9378 806.123 52.627 238.941 -0.390537 70.358 0 53.294 1 1.000000
9379 806.123 52.627 238.941 -0.390537 70.358 0 53.294 1 1.000000
9380 806.123 52.627 238.941 -0.390541 70.358 0 53.294 1 1.000000
9381 806.123 52.627 238.941 -0.390541 70.358 0 53.294 1 1.000000
9382 806.123 52.627 238.941 -0.390541 70.358 0 53.294 1 1.000000
9383 806.123 52.627 238.941 -0.390541 70.358 0 53.294 1 1.000000
9384 806.123 52.627 238.941 -0.390541 70.358 0 53.294 1 1.000000
9385 806.123 52.627 238.941 -0.390541 70.358 0 53.294 1 1.000000
9386 806.123 52.627 238.941 -0.390541 70.358 0 53.294 1 1.000000
9387 806.123 52.627 238.941 -0.390541 70.358 0 53.294 1 1.000000
9388 806.123 52.627 238.941 -0.390541 70.358 0 53.294 1 1.000000
9389 806.123 52.627 238.941 -0.390541 70.358 0 53.294 1 1.000000
9390 806.123 52.627 238.941 -0.390541 70.358 0 53.294 1 1.000000
9391 806.123 52.627 238.941 -0.390541 70.358 0 53.294 1 1.000000
9392 806.123 52.627 238.941 -0.390541 70.358 0 53.294 1 1.000000
9393 806.123 52.627 238.941 -0.390541 70.358 0 53.294 1 1.000000
9394 806.123 52.627 238.941 -0.390541 70.358 0 53.294 1 1.000000
9395 806.123 52.627 238.941 -0.390541 70.358 0 53.294 1 1.000000
9396 806.123 52.627 238.941 -0.390541 70.358 0 53.294 1 1.000000
9397 806.123 52.627 238.941 -0.390541 70.358 0 53.294 1 1.000000
9398 806.123 52.627 238.941 -0.390541 70.358 0 53.294 1 1.000000
9399 806.123 52.627 238.941 -0.390541 70.358 0 53.294 1 1.000000
9400 806.123 52.627 238.941 -0.390541 70.358 0 53.294 1 1.000000
9401 806.123 52.627 238.941 -0.390541 70.358 0 53.294 1 1.000000
9402 806.123 52.627 238.941 -0.390541 70.358 0 53.294 1 1.000000
9403 806.123 52.627 238.941 -0.390541 70.358 0 53.294 1 1.000000
9404 806.123 52.627 238.941 -0.390541 70.358 0 53.294 1 1.000000
9405 806.123 52.627 238.941 -0.390541 70.358 0 53.294 1 1.000000
9406 806.123 52.627 238.941 -0.390541 70.358 0 53.294 1 1.000000
9407 806.123 52.627 238.941 -0.390541 70.358 0 53.294 1 1.000000
9408 806.123 52.627 238.941 -0.390541 70.358 0 53.294 1 1.000000
9409 806.123 52.627 238.941 -0.390541 70.358 0 53.294 1 1.000000
9410 806.123 52.627 238.941 -0.390541 70.358 0 53.294 1 1.000000
9411 806.123 52.627 238.941 -0.390541 70.358 0 53.294 1 1.000000
9412 806.123 52.627 238.941 -0.390541 70.358 0 53.294 1 1.000000
9413 806.123 52.627 238.941 -0.390541 70.358 0 53.294 1 1.000000
9414 806.123 52.627 238.941 -0.390541 70.358 0 53.294 1 1.000000
9415 806.123 52.627 238.941 -0.390541 70.358 0 53.294 1 1.000000
9416 806.123 52.627 238.941 -0.390541 70.358 0 53.294 1 1.000000
9417 806.123 52.627 238.941 -0.390541 70.358 0 53.294 1 1.000000
9418 806.123 52.627 238.941 -0.390541 70.358 0 53.294 1 1.000000
9419 806.123 52.627 238.941 -0.390541 70.358 0 53.294 1 1.000000
9420 806.123 52.627 238.941 -0.390541 70.358 0 53.294 1 1.000000
9421 806.123 52.627 238.941 -0.390541 70.358 0 53.294 1 1.000000
9422 806.123 52.627 238.941 -0.390541 70.358 0 53.294 1 1.000000
9423 806.123 52.627 238.941 -0.390541 70.358 0 53.294 1 1.000000
9424 806.123 52.627 238.941 -0.390541 70.358 0 53.294 1 1.000000
9425 806.123 52.627 238.941 -0.390541 70.358 0 53.294 1 1.000000
9426 806.123 52.627 238.941 -0.390541 70.358 0 53.294 1 1.000000
9427 806.123 52.627 238.941 -0.390541 70.358 0 53.294 1 1.000000
9428 806.123 52.627 238.941 -0.390541 70.358 0 53.294 1 1.000000
9429 806.123 52.627 238.941 -0.390541 70.358 0 53.294 1 1.000000
9430 806.123 52.627 238.941 -0.390541 70.358 0 53.294 1 1.000000
9431 806.123 52.627 238.941 -0.390541 70.358 0 53.294 1 1.000000
9432 806.123 52.627 238.941 -0.390541 70.358 0 53.294 1 1.000000
9433 806.123 52.627 238.941 -0.390541 70.358 0 53.294 1 1.000000
9434 806.123 52.627 238.941 -0.390541 70.358 0 53.294 1 1.000000
9435 806.123 52.627 238.941 -0.390541 70.358 0 53.294 1 1.000000
9436 806.123 52.627 238.941 -0.390541 70.358 0 53.294 1 1.000000
9437 806.123 52.627 238.941 -0.390541 70.358 0 53.294 1 1.000000
9438 806.123 52.627 238.941 -0.390541 70.358 0 53.294 1 1.000000
9439 806.123 52.627 238.941 -0.390541 70.358 0 53.294 1 1.000000
9440 806.123 52.627 238.941 -0.390541 70.358 0 53.294 1 1.000000
9441 806.123 52.627 238.941 -0.390541 70.358 0 53.294 1 1.000000
9442 806.123 52.627 238.941 -0.390541 70.358 0 53.294 1 1.000000
9443 806.123 52.627 238.941 -0.390541 70.358 0 53.294 1 1.000000
9444 806.123 52.627 238.941 -0.390541 70.358 0 53.294 1 1.000000
9445 806.123 52.627 238.941 -0.390541 70.358 0 53.294 1 1.000000
9446 806.123 52.627 238.941 -0.390541 70.358 0 53.294 1 1.000000
9447 806.123 52.627 238.941 -0.390541 70.358 0 53.294 1 1.000000
9448 806.123 52.627 238.941 -0.390541 70.358 0 53.294 1 1.000000
9449 806.123 52.627 238.941 -0.390541 70.358 0 53.294 1 1.000000
9450 806.123 52.627 238.941 -0.390541 70.358 0 53.294 1 1.000000
9451 806.123 52.627 238.941 -0.390541 70.358 0 53.294 1 1.000000
9452 806.123 52.627 238.941 -0.390541 70.358 0 53.294 1 1.000000
9453 806.123 52.627 238.941 -0.390541 70.358 0 53.294 1 1.000000
9454 806.123 52.627 238.941 -0.390541 70.358 0 53.294 1 1.000000
9455 806.123 52.627 238.941 -0.390541 70.358 0 53.294 1 1.000000
9456 806.123 52.627 238.941 -0.390541 70.358 0 53.294 1 1.000000
9457 806.123 52.627 238.941 -0.390541 70.358 0 53.294 1 1.000000
9458 806.123 52.627 238.941 -0.390541 70.358 0 53.294 1 1.000000
9459 806.123 52.627 238.941 -0.390541 70.358 0 53.294 1 1.000000
9460 806.123 52.627 238.941 -0.390541 70.358 0 53.294 1 1.000000
9461 806.123 52.627 238.941 -0.390541 70.358 0 53.294 1 1.000000
9462 806.123 52.627 238.941 -0.390541 70.358 0 53.294 1 1.000000
9463 806.123 52.627 238.941 -0.390541 70.358 0 53.294 1 1.000000
9464 806.123 52.627 238.941 -0.390541 70.358 0 53.294 1 1.000000
9465 806.123 52.627 238.941 -0.390541 70.358 0 53.294 1 1.000000
9466 806.123 52.627 238.941 -0.390541 70.358 0 53.294 1 1.000000
9467 806.123 52.627 238.941 -0.390541 70.358 0 53.294 1 1.000000
9468 806.123 52.627 238.941 -0.390541 70.358 0 53.294 1 1.000000
9469 806.123 52.627 238.941 -0.390541 70.358 0 53.294 1 1.000000
9470 806.123 52.627 238.941 -0.390541 70.358 0 53.294 1 1.000000
9471 806.123 52.627 238.941 -0.390541 70.358 0 53.294 1 1.000000
9472 806.123 52.627 238.941 -0.390541 70.358 0 53.294 1 1.000000
9473 806.123 52.627 238.941 -0.390541 70.358 0 53.294 1 1.000000
9474 806.123 52.627 238.941 -0.390541 70.358 0 53.294 1 1.000000
9475 806.123 52.627 238.941 -0.390541 70.358 0 53.294 1 1.000000
9476 806.123 52.627 238.941 -0.390541 70.358 0 53.294 1 1.000000
9477 806.123 52.627 238.941 -0.390541 70.358 0 53.294 1 1.000000
9478 806.123 52.627 238.941 -0.390541 70.358 0 53.294 1 1.000000
9479 806.123 52.627 238.941 -0.390541 70.358 0 53.294 1 1.000000
9480 806.123 52.627 238.941 -0.390541 70.358 0 53.294 1 1.000000
9481 806.123 52.627 238.941 -0.390541 70.358 0 53.294 1 1.000000
9482 806.123 52.627 238.941 -0.390541 70.358 0 53.294 1 1.000000
9483 806.123 52.627 238.941 -0.390541 70.358 0 53.294 1 1.000000
9484 806.123 52.627 238.941 -0.390541 70.358 0 53.294 1 1.000000
9485 806.123 52.627 238.941 -0.390541 70.358 0 53.294 1 1.000000
9486 806.123 52.627 238.941 -0.390541 70.358 0 53.294 1 1.000000
9487 806.123 52.627 238.941 -0.390541 70.358 0 53.294 1 1.000000
9488 806.123 52.627 238.941 -0.390541 70.358 0 53.294 1 1.000000
9489 806.123 52.627 238.941 -0.390541 70.358 0 53.294 1 1.000000
9490 806.123 52.627 238.941 -0.390541 70.358 0 53.294 1 1.000000
9491 806.123 52.627 238.941 -0.390541 70.358 0 53.294 1 1.000000
9492 806.123 52.627 238.941 -0.390541 70.358 0 53.294 1 1.000000
9493 806.123 52.627 238.941 -0.390541 70.358 0 53.294 1 1.000000
9494 806.123 52.627 238.941 -0.390541 70.358 0 53.294 1 1.000000
9495 806.123 52.627 238.941 -0.390541 70.358 0 53.294 1 1.000000
9496 806.123 52.627 238.941 -0.390541 70.358 0 53.294 1 1.000000
9497 806.123 52.627 238.941 -0.390541 70.358 0 53.294 1 1.000000
9498 806.123 52.627 238.941 -0.390541 70.358 0 53.294 1 1.000000
9499 806.123 52.627 238.941 -0.390541 70.358 0 53.294 1 1.000000
9500 806.123 52.627 238.941 -0.390541 70.358 0 53.294 1 1.000000
9501 806.123 52.627 238.941 -0.390541 70.358 0 53.294 1 1.000000
9502 806.123 52.627 238.941 -0.390541 70.358 0 53.294 1 1.000000
9503 806.123 52.627 238.941 -0.390541 70.358 0 53.294 1 1.000000
9504 806.123 52.627 238.941 -0.390541 70.358 0 53.294 1 1.000000
9505 806.123 52.627 238.941 -0.390541 70.358 0 53.294 1 1.000000
9506 806.123 52.627 238.941 -0.390541 70.358 0 53.294 1 1.000000
9507 806.123 52.627 238.941 -0.390541 70.358 0 53.294 1 1.000000
9508 806.123 52.627 238.941 -0.390541 70.358 0 53.294 1 1.000000
9509 806.123 52.627 238.941 -0.390541 70.358 0 53.294 1 1.000000
9510 806.123 52.627 238.941 -0.390541 70.358 0 53.294 1 1.000000
9511 806.123 52.627 238.941 -0.390541 70.358 0 53.294 1 1.000000
9512 806.123 52.627 238.941 -0.390541 70.358 0 53.294 1 1.000000
9513 806.123 52.627 238.941 -0.390541 70.358 0 53.294 1 1.000000
9514 806.123 52.627 238.941 -0.390541 70.358 0 53.294 1 1.000000
9515 806.123 52.627 238.941 -0.390541 70.358 0 53.294 1 1.000000
9516 806.123 52.627 238.941 -0.390541 70.358 0 53.294 1 1.000000
9517 806.123 52.627 238.941 -0.390541 70.358 0 53.294 1 1.000000
9518 806.123 52.627 238.941 -0.390541 70.358 0 53.294 1 1.000000
9519 806.123 52.627 238.941 -0.390541 70.358 0 53.294 1 1.000000
9520 806.123 52.627 238.941 -0.390541 70.358 0 53.294 1 1.000000
9521 806.123 52.627 238.941 -0.390541 70.358 0 53.294 1 1.000000
9522 806.123 52.627 238.941 -0.390541 70.358 0 53.294 1 1.000000
9523 806.123 52.627 238.941 -0.390541 70.358 0 53.294 1 1.000000
9524 806.123 52.627 238.941 -0.390541 70.358 0 53.294 1 1.000000
9525 806.123 52.627 238.941 -0.390541 70.358 0 53.294 1 1.000000
9526 806.123 52.627 238.941 -0.390541 70.358 0 53.294 1 1.000000
9527 806.123 52.627 238.941 -0.390541 70.358 0 53.294 1 1.000000
9528 806.123 52.627 238.941 -0.390541 70.358 0 53.294 1 1.000000
9529 806.123 52.627 238.941 -0.390541 70.358 0 53.294 1 1.000000
9530 806.123 52.627 238.941 -0.390541 70.358 0 53.294 1 1.000000
9531 806.123 52.627 238.941 -0.390541 70.358 0 53.294 1 1.000000
9532 806.123 52.627 238.941 -0.390541 70.358 0 53.294 1 1.000000
9533 806.123 52.627 238.941 -0.390541 70.358 0 53.294 1 1.000000
9534 806.123 52.627 238.941 -0.390541 70.358 0 53.294 1 1.000000
9535 806.123 52.627 238.941 -0.390541 70.358 0 53.294 1 1.000000
9536 806.123 52.627 238.941 -0.390541 70.358 0 53.294 1 1.000000
9537 806.123 52.627 238.941 -0.390541 70.358 0 53.294 1 1.000000
9538 806.123 52.627 238.941 -0.390541 70.358 0 53.294 1 1.000000
9539 806.123 52.627 238.941 -0.390541 70.358 0 53.294 1 1.000000
9540 806.123 52.627 238.941 -0.390541 70.358 0 53.294 1 1.000000
9541 806.123 52.627 238.941 -0.390541 70.358 0 53.294 1 1.000000
9542 806.123 52.627 238.941 -0.390541 70.358 0 53.294 1 1.000000
9543 806.123 52.627 238.941 -0.390541 70.358 0 53.294 1 1.000000
9544 806.123 52.627 238.941 -0.390541 70.358 0 53.294 1 1.000000
9545 806.122 52.698 238.943 -0.460983 70.358 0 53.299 1 1.000000
9546 806.122 52.698 238.943 -0.460983 70.358 0 53.299 1 1.000000
9547 806.121 52.767 238.946 -0.466629 70.357 0 53.304 1 1.000000
9548 806.121 52.767 238.946 -0.466629 70.357 0 53.304 1 1.000000
9549 806.098 52.832 238.939 -0.442794 70.359 0 53.309 1 1.000000
9550 806.098 52.832 238.939 -0.442794 70.359 0 53.309 1 1.000000
9551 806.097 52.895 238.942 -0.442376 70.359 0 53.314 1 1.000000
9552 806.097 52.895 238.942 -0.442376 70.359 0 53.314 1 1.000000
9553 806.076 52.955 238.936 -0.420367 70.360 0 53.318 1 1.000000
9554 806.076 52.955 238.936 -0.420367 70.360 0 53.318 1 1.000000
9555 806.074 53.013 238.939 -0.420012 70.360 0 53.322 1 1.000000
9556 806.074 53.013 238.939 -0.420012 70.360 0 53.322 1 1.000000
9557 806.087 53.049 238.947 -0.434868 70.358 0 53.324 1 1.000000
9558 806.087 53.049 238.947 -0.434868 70.358 0 53.324 1 1.000000
9559 806.104 53.093 238.956 -0.453173 70.357 0 53.328 1 1.000000
9560 806.104 53.093 238.956 -0.453173 70.357 0 53.328 1 1.000000
9561 806.118 53.136 238.964 -0.469060 70.356 0 53.332 1 1.000000
9562 806.118 53.136 238.964 -0.469060 70.356 0 53.332 1 1.000000
9563 806.129 53.179 238.968 -0.480039 70.355 0 53.337 1 1.000000
9564 806.129 53.179 238.968 -0.480039 70.355 0 53.337 1 1.000000
9565 806.136 53.221 238.969 -0.487252 70.355 0 53.344 1 1.000000
9566 806.136 53.221 238.969 -0.487252 70.355 0 53.344 1 1.000000
9567 806.141 53.262 238.968 -0.490765 70.355 0 53.353 1 1.000000
9568 806.141 53.262 238.968 -0.490765 70.355 0 53.353 1 1.000000
9569 806.148 53.299 238.965 -0.494999 70.355 0 53.362 1 1.000000
9570 806.148 53.299 238.965 -0.494999 70.355 0 53.362 1 1.000000
9571 806.154 53.334 238.962 -0.498955 70.355 0 53.371 1 1.000000
9572 806.159 53.366 238.960 -0.502461 70.355 0 53.380 1 1.000000
9573 806.165 53.393 238.957 -0.506768 70.355 0 53.388 1 1.000000
9574 806.165 53.393 238.957 -0.506768 70.355 0 53.388 1 1.000000
9575 806.175 53.396 238.955 -0.514761 70.355 0 53.394 1 1.000000
9576 806.175 53.396 238.955 -0.514761 70.355 0 53.394 1 1.000000
9577 806.184 53.399 238.954 -0.521868 70.355 0 53.399 1 1.000000
9578 806.184 53.399 238.954 -0.521868 70.355 0 53.399 1 1.000000
9579 806.191 53.402 238.952 -0.528086 70.355 0 53.404 1 1.000000
9580 806.198 53.404 238.950 -0.533371 70.355 0 53.409 1 1.000000
9581 806.204 53.406 238.948 -0.537898 70.355 0 53.414 1 1.000000
9582 806.204 53.406 238.948 -0.537898 70.355 0 53.414 1 1.000000
9583 806.209 53.408 238.945 -0.541482 70.355 0 53.419 1 1.000000
9584 806.213 53.409 238.943 -0.544249 70.355 0 53.423 1 1.000000
9585 806.213 53.409 238.943 -0.544249 70.355 0 53.423 1 1.000000
9586 806.217 53.410 238.940 -0.546148 70.355 0 53.427 1 1.000000
9587 806.217 53.410 238.940 -0.546148 70.355 0 53.427 1 1.000000
9588 806.219 53.411 238.937 -0.547283 70.356 0 53.430 1 1.000000
9589 806.219 53.411 238.937 -0.547283 70.356 0 53.430 1 1.000000
9590 806.221 53.411 238.934 -0.547480 70.356 0 53.434 1 1.000000
9591 806.221 53.411 238.934 -0.547480 70.356 0 53.434 1 1.000000
9592 806.221 53.411 238.931 -0.546804 70.356 0 53.437 1 1.000000
9593 806.221 53.411 238.931 -0.546804 70.356 0 53.437 1 1.000000
9594 806.222 53.409 238.928 -0.546150 70.356 0 53.440 1 1.000000
9595 806.222 53.409 238.928 -0.546150 70.356 0 53.440 1 1.000000
9596 806.195 53.401 238.919 -0.517668 70.358 0 53.436 1 1.000000
9597 806.195 53.393 238.915 -0.517049 70.358 0 53.438 1 1.000000
9598 806.172 53.381 238.907 -0.492285 70.360 0 53.434 1 1.000000
9599 806.168 53.348 238.899 -0.486142 70.361 0 53.436 1 1.000000
9600 806.168 53.348 238.899 -0.486142 70.361 0 53.436 1 1.000000
9601 806.163 53.304 238.891 -0.478587 70.362 0 53.436 1 1.000000
9602 806.164 53.280 238.888 -0.478036 70.362 0 53.436 1 1.000000
9603 806.164 53.280 238.888 -0.478036 70.362 0 53.436 1 1.000000
9604 806.156 53.250 238.883 -0.469469 70.363 0 53.434 1 1.000000
9605 806.156 53.250 238.883 -0.469469 70.363 0 53.434 1 1.000000
9606 806.157 53.220 238.880 -0.468992 70.363 0 53.434 1 1.000000
9607 806.157 53.220 238.880 -0.468992 70.363 0 53.434 1 1.000000
9608 806.148 53.184 238.874 -0.458778 70.364 0 53.431 1 1.000000
9609 806.148 53.184 238.874 -0.458778 70.364 0 53.431 1 1.000000
9610 806.148 53.149 238.871 -0.458366 70.365 0 53.430 1 1.000000
9611 806.138 53.109 238.865 -0.446733 70.365 0 53.425 1 1.000000
9612 806.138 53.068 238.862 -0.446311 70.366 0 53.424 1 1.000000
9613 806.116 52.877 238.855 -0.424029 70.367 0 53.398 1 1.000000
9614 806.116 52.877 238.855 -0.424029 70.367 0 53.398 1 1.000000
9615 806.122 52.829 238.861 -0.432261 70.366 0 53.389 1 1.000000
9616 806.122 52.829 238.861 -0.432261 70.366 0 53.389 1 1.000000
9617 806.128 52.779 238.868 -0.440949 70.365 0 53.380 1 1.000000
9618 806.128 52.779 238.868 -0.440949 70.365 0 53.380 1 1.000000
9619 806.135 52.726 238.875 -0.450086 70.365 0 53.370 1 1.000000
9620 806.135 52.726 238.875 -0.450086 70.365 0 53.370 1 1.000000
9621 806.135 52.726 238.875 -0.450086 70.365 0 53.370 1 1.000000
9622 806.142 52.671 238.882 -0.426247 70.364 0 53.360 1 1.000000
9623 806.142 52.671 238.882 -0.426247 70.364 0 53.360 1 1.000000
9624 806.128 52.646 238.885 -0.402782 70.364 0 53.348 1 1.000000
9625 806.128 52.646 238.885 -0.402782 70.364 0 53.348 1 1.000000
9626 806.141 52.643 238.895 -0.400646 70.362 0 53.344 1 1.000000
9627 806.141 52.643 238.895 -0.400646 70.362 0 53.344 1 1.000000
9628 806.140 52.641 238.898 -0.398434 70.362 0 53.341 1 1.000000
9629 806.140 52.641 238.898 -0.398434 70.362 0 53.341 1 1.000000
9630 806.139 52.635 238.901 -0.393612 70.362 0 53.337 1 1.000000
9631 806.139 52.635 238.901 -0.393612 70.362 0 53.337 1 1.000000
9632 806.141 52.631 238.906 -0.389694 70.361 0 53.332 1 1.000000
9633 806.141 52.631 238.906 -0.389694 70.361 0 53.332 1 1.000000
9634 806.138 52.633 238.906 -0.391716 70.361 0 53.332 1 1.000000
9635 806.138 52.633 238.906 -0.391716 70.361 0 53.332 1 1.000000
9636 806.137 52.632 238.910 -0.390850 70.361 0 53.328 1 1.000000
9637 806.137 52.632 238.910 -0.390850 70.361 0 53.328 1 1.000000
9638 806.134 52.644 238.914 -0.403599 70.360 0 53.324 1 1.000000
9639 806.131 52.641 238.916 -0.401371 70.360 0 53.321 1 1.000000
9640 806.131 52.641 238.916 -0.401371 70.360 0 53.321 1 1.000000
9641 806.131 52.636 238.920 -0.396534 70.360 0 53.317 1 1.000000
9642 806.132 52.629 238.924 -0.390438 70.359 0 53.313 1 1.000000
9643 806.132 52.629 238.924 -0.390438 70.359 0 53.313 1 1.000000
9644 806.128 52.642 238.928 -0.403191 70.359 0 53.309 1 1.000000
9645 806.128 52.642 238.928 -0.403191 70.359 0 53.309 1 1.000000
9646 806.126 52.639 238.930 -0.400951 70.359 0 53.306 1 1.000000
9647 806.126 52.639 238.930 -0.400951 70.359 0 53.306 1 1.000000
9648 806.125 52.634 238.933 -0.396103 70.359 0 53.302 1 1.000000
9649 806.125 52.634 238.933 -0.396103 70.359 0 53.302 1 1.000000
9650 806.126 52.627 238.937 -0.389999 70.358 0 53.298 1 1.000000
9651 806.126 52.627 238.937 -0.389999 70.358 0 53.298 1 1.000000
9652 806.123 52.639 238.942 -0.402630 70.358 0 53.294 1 1.000000
9653 806.123 52.639 238.942 -0.402630 70.358 0 53.294 1 1.000000
9654 806.120 52.637 238.944 -0.400379 70.358 0 53.291 1 1.000000
9655 806.120 52.637 238.944 -0.400379 70.358 0 53.291 1 1.000000
9656 806.119 52.631 238.947 -0.395523 70.357 0 53.287 1 1.000000
9657 806.119 52.631 238.947 -0.395523 70.357 0 53.287 1 1.000000
9658 806.120 52.625 238.951 -0.389164 70.357 0 53.283 1 1.000000
9659 806.120 52.625 238.951 -0.389164 70.357 0 53.283 1 1.000000
9660 806.119 52.625 238.951 -0.389690 70.357 0 53.283 1 1.000000
9661 806.119 52.625 238.951 -0.389690 70.357 0 53.283 1 1.000000
9662 806.120 52.624 238.951 -0.389004 70.357 0 53.283 1 1.000000
9663 806.118 52.636 238.953 -0.401016 70.357 0 53.281 1 1.000000
9664 806.118 52.636 238.953 -0.401016 70.357 0 53.281 1 1.000000
9665 806.115 52.634 238.955 -0.398758 70.357 0 53.278 1 1.000000
9666 806.115 52.634 238.955 -0.398758 70.357 0 53.278 1 1.000000
9667 806.115 52.628 238.958 -0.394073 70.356 0 53.274 1 1.000000
9668 806.115 52.628 238.958 -0.394073 70.356 0 53.274 1 1.000000
9669 806.118 52.622 238.959 -0.387428 70.356 0 53.275 1 1.000000
9670 806.118 52.622 238.959 -0.387428 70.356 0 53.275 1 1.000000
9671 806.117 52.633 238.961 -0.399284 70.356 0 53.273 1 1.000000
9672 806.117 52.633 238.961 -0.399284 70.356 0 53.273 1 1.000000
9673 806.113 52.633 238.960 -0.398987 70.356 0 53.272 1 1.000000
9674 806.113 52.633 238.960 -0.398987 70.356 0 53.272 1 1.000000
9675 806.115 52.628 238.960 -0.393997 70.356 0 53.273 1 1.000000
9676 806.115 52.628 238.960 -0.393997 70.356 0 53.273 1 1.000000
9677 806.118 52.621 238.960 -0.387199 70.356 0 53.273 1 1.000000
9678 806.118 52.621 238.960 -0.387199 70.356 0 53.273 1 1.000000
9679 806.117 52.633 238.963 -0.399036 70.356 0 53.271 1 1.000000
9680 806.114 52.631 238.961 -0.396530 70.356 0 53.272 1 1.000000
9681 806.114 52.631 238.961 -0.396530 70.356 0 53.272 1 1.000000
9682 806.116 52.626 238.961 -0.391548 70.356 0 53.272 1 1.000000
9683 806.116 52.626 238.961 -0.391548 70.356 0 53.272 1 1.000000
9684 806.116 52.626 238.961 -0.391548 70.356 0 53.272 1 1.000000
9685 806.119 52.620 238.961 -0.386082 70.356 0 53.272 1 1.000000
9686 806.119 52.620 238.961 -0.386082 70.356 0 53.272 1 1.000000
9687 806.116 52.632 238.964 -0.397942 70.356 0 53.270 1 1.000000
9688 806.116 52.632 238.964 -0.397942 70.356 0 53.270 1 1.000000
9689 806.113 52.632 238.963 -0.397671 70.356 0 53.270 1 1.000000
9690 806.113 52.632 238.963 -0.397671 70.356 0 53.270 1 1.000000
9691 806.115 52.627 238.962 -0.392677 70.356 0 53.270 1 1.000000
9692 806.115 52.627 238.962 -0.392677 70.356 0 53.270 1 1.000000
9693 806.118 52.620 238.963 -0.386311 70.356 0 53.271 1 1.000000
9694 806.118 52.620 238.963 -0.386311 70.356 0 53.271 1 1.000000
9695 806.116 52.632 238.965 -0.398148 70.356 0 53.269 1 1.000000
9696 806.116 52.632 238.965 -0.398148 70.356 0 53.269 1 1.000000
9697 806.113 52.632 238.964 -0.397854 70.356 0 53.268 1 1.000000
9698 806.113 52.632 238.964 -0.397854 70.356 0 53.268 1 1.000000
9699 806.114 52.627 238.964 -0.392857 70.356 0 53.269 1 1.000000
9700 806.114 52.627 238.964 -0.392857 70.356 0 53.269 1 1.000000
9701 806.117 52.620 238.964 -0.386189 70.356 0 53.269 1 1.000000
9702 806.117 52.620 238.964 -0.386189 70.356 0 53.269 1 1.000000
9703 806.116 52.632 238.967 -0.398029 70.355 0 53.267 1 1.000000
9704 806.116 52.632 238.967 -0.398029 70.355 0 53.267 1 1.000000
9705 806.112 52.631 238.966 -0.397728 70.356 0 53.267 1 1.000000
9706 806.112 52.631 238.966 -0.397728 70.356 0 53.267 1 1.000000
9707 806.114 52.626 238.965 -0.392761 70.356 0 53.268 1 1.000000
9708 806.114 52.626 238.965 -0.392761 70.356 0 53.268 1 1.000000
9709 806.117 52.620 238.965 -0.385979 70.356 0 53.268 1 1.000000
9710 806.117 52.620 238.965 -0.385979 70.356 0 53.268 1 1.000000
9711 806.116 52.631 238.968 -0.397820 70.355 0 53.266 1 1.000000
9712 806.116 52.631 238.968 -0.397820 70.355 0 53.266 1 1.000000
9713 806.113 52.629 238.966 -0.395309 70.356 0 53.266 1 1.000000
9714 806.113 52.629 238.966 -0.395309 70.356 0 53.266 1 1.000000
9715 806.115 52.624 238.966 -0.390339 70.356 0 53.267 1 1.000000
9716 806.118 52.618 238.967 -0.384899 70.355 0 53.267 1 1.000000
9717 806.118 52.618 238.967 -0.384899 70.355 0 53.267 1 1.000000
9718 806.116 52.630 238.969 -0.396751 70.355 0 53.265 1 1.000000
9719 806.116 52.630 238.969 -0.396751 70.355 0 53.265 1 1.000000
9720 806.112 52.630 238.968 -0.396450 70.355 0 53.265 1 1.000000
9721 806.112 52.630 238.968 -0.396450 70.355 0 53.265 1 1.000000
9722 806.114 52.625 238.967 -0.391483 70.355 0 53.265 1 1.000000
9723 806.114 52.625 238.967 -0.391483 70.355 0 53.265 1 1.000000
9724 806.117 52.618 238.968 -0.385159 70.355 0 53.266 1 1.000000
9725 806.117 52.618 238.968 -0.385159 70.355 0 53.266 1 1.000000
9726 806.115 52.630 238.970 -0.396996 70.355 0 53.264 1 1.000000
9727 806.115 52.630 238.970 -0.396996 70.355 0 53.264 1 1.000000
9728 806.113 52.628 238.968 -0.394485 70.355 0 53.264 1 1.000000
9729 806.113 52.628 238.968 -0.394485 70.355 0 53.264 1 1.000000
9730 806.115 52.623 238.968 -0.389523 70.355 0 53.265 1 1.000000
9731 806.115 52.623 238.968 -0.389523 70.355 0 53.265 1 1.000000
9732 806.118 52.617 238.969 -0.384262 70.355 0 53.265 1 1.000000
9733 806.118 52.617 238.969 -0.384262 70.355 0 53.265 1 1.000000
9734 806.115 52.629 238.971 -0.396130 70.355 0 53.263 1 1.000000
9735 806.115 52.629 238.971 -0.396130 70.355 0 53.263 1 1.000000
9736 806.113 52.627 238.969 -0.393616 70.355 0 53.263 1 1.000000
9737 806.115 52.622 238.969 -0.388653 70.355 0 53.264 1 1.000000
9738 806.115 52.622 238.969 -0.388653 70.355 0 53.264 1 1.000000
9739 806.118 52.617 238.970 -0.383781 70.355 0 53.264 1 1.000000
9740 806.118 52.617 238.970 -0.383781 70.355 0 53.264 1 1.000000
9741 806.116 52.618 238.969 -0.385323 70.355 0 53.263 1 1.000000
9742 806.116 52.618 238.969 -0.385323 70.355 0 53.263 1 1.000000
9743 806.116 52.618 238.969 -0.385323 70.355 0 53.263 1 1.000000
9744 806.116 52.618 238.969 -0.385330 70.355 0 53.263 1 1.000000
9745 806.116 52.618 238.969 -0.385334 70.355 0 53.263 1 1.000000
9746 806.116 52.618 238.969 -0.385334 70.355 0 53.263 1 1.000000
9747 806.116 52.618 238.969 -0.385334 70.355 0 53.263 1 1.000000
9748 806.116 52.618 238.969 -0.385334 70.355 0 53.263 1 1.000000
9749 806.116 52.618 238.969 -0.385334 70.355 0 53.263 1 1.000000
9750 806.116 52.618 238.969 -0.385334 70.355 0 53.263 1 1.000000
9751 806.116 52.618 238.969 -0.385334 70.355 0 53.263 1 1.000000
9752 806.116 52.618 238.969 -0.385334 70.355 0 53.263 1 1.000000
9753 806.116 52.618 238.969 -0.385334 70.355 0 53.263 1 1.000000
9754 806.116 52.618 238.969 -0.385334 70.355 0 53.263 1 1.000000
9755 806.116 52.618 238.969 -0.385334 70.355 0 53.263 1 1.000000
9756 806.116 52.618 238.969 -0.385334 70.355 0 53.263 1 1.000000
9757 806.116 52.618 238.969 -0.385334 70.355 0 53.263 1 1.000000
9758 806.116 52.618 238.969 -0.385334 70.355 0 53.263 1 1.000000
9759 806.116 52.618 238.969 -0.385334 70.355 0 53.263 1 1.000000
9760 806.116 52.618 238.969 -0.385334 70.355 0 53.263 1 1.000000
9761 806.116 52.618 238.969 -0.385334 70.355 0 53.263 1 1.000000
9762 806.116 52.618 238.969 -0.385334 70.355 0 53.263 1 1.000000
9763 806.116 52.618 238.969 -0.385334 70.355 0 53.263 1 1.000000
9764 806.116 52.618 238.969 -0.385334 70.355 0 53.263 1 1.000000
9765 806.116 52.618 238.969 -0.385334 70.355 0 53.263 1 1.000000
9766 806.116 52.618 238.969 -0.385334 70.355 0 53.263 1 1.000000
9767 806.116 52.618 238.969 -0.385334 70.355 0 53.263 1 1.000000
9768 806.116 52.618 238.969 -0.385334 70.355 0 53.263 1 1.000000
9769 806.116 52.618 238.969 -0.385334 70.355 0 53.263 1 1.000000
9770 806.116 52.618 238.969 -0.385334 70.355 0 53.263 1 1.000000
9771 806.116 52.618 238.969 -0.385334 70.355 0 53.263 1 1.000000
9772 806.116 52.618 238.969 -0.385334 70.355 0 53.263 1 1.000000
9773 806.116 52.618 238.969 -0.385334 70.355 0 53.263 1 1.000000
9774 806.116 52.618 238.969 -0.385334 70.355 0 53.263 1 1.000000
9775 806.116 52.618 238.969 -0.385334 70.355 0 53.263 1 1.000000
9776 806.116 52.618 238.969 -0.385334 70.355 0 53.263 1 1.000000
9777 806.116 52.618 238.969 -0.385334 70.355 0 53.263 1 1.000000
9778 806.116 52.618 238.969 -0.385334 70.355 0 53.263 1 1.000000
9779 806.116 52.618 238.969 -0.385334 70.355 0 53.263 1 1.000000
9780 806.116 52.618 238.969 -0.385334 70.355 0 53.263 1 1.000000
9781 806.116 52.618 238.969 -0.385334 70.355 0 53.263 1 1.000000
9782 806.116 52.618 238.969 -0.385334 70.355 0 53.263 1 1.000000
9783 806.116 52.618 238.969 -0.385334 70.355 0 53.263 1 1.000000
9784 806.116 52.618 238.969 -0.385334 70.355 0 53.263 1 1.000000
9785 806.116 52.618 238.969 -0.385334 70.355 0 53.263 1 1.000000
9786 806.116 52.618 238.969 -0.385334 70.355 0 53.263 1 1.000000
9787 806.116 52.618 238.969 -0.385334 70.355 0 53.263 1 1.000000
9788 806.116 52.618 238.969 -0.385334 70.355 0 53.263 1 1.000000
9789 806.116 52.618 238.969 -0.385334 70.355 0 53.263 1 1.000000
9790 806.116 52.618 238.969 -0.385334 70.355 0 53.263 1 1.000000
9791 806.116 52.618 238.969 -0.385334 70.355 0 53.263 1 1.000000
9792 806.116 52.618 238.969 -0.385334 70.355 0 53.263 1 1.000000
9793 806.116 52.618 238.969 -0.385334 70.355 0 53.263 1 1.000000
9794 806.116 52.618 238.969 -0.385334 70.355 0 53.263 1 1.000000
9795 806.116 52.618 238.969 -0.385334 70.355 0 53.263 1 1.000000
9796 806.116 52.618 238.969 -0.385334 70.355 0 53.263 1 1.000000
9797 806.116 52.618 238.969 -0.385334 70.355 0 53.263 1 1.000000
9798 806.116 52.618 238.969 -0.385334 70.355 0 53.263 1 1.000000
9799 806.116 52.618 238.969 -0.385334 70.355 0 53.263 1 1.000000
9800 806.116 52.618 238.969 -0.385334 70.355 0 53.263 1 1.000000
9801 806.116 52.618 238.969 -0.385334 70.355 0 53.263 1 1.000000
9802 806.116 52.618 238.969 -0.385334 70.355 0 53.263 1 1.000000
9803 806.116 52.618 238.969 -0.385334 70.355 0 53.263 1 1.000000
9804 806.116 52.618 238.969 -0.385334 70.355 0 53.263 1 1.000000
9805 806.116 52.618 238.969 -0.385334 70.355 0 53.263 1 1.000000
9806 806.116 52.618 238.969 -0.385334 70.355 0 53.263 1 1.000000
9807 806.116 52.618 238.969 -0.385334 70.355 0 53.263 1 1.000000
9808 806.116 52.618 238.969 -0.385334 70.355 0 53.263 1 1.000000
9809 806.116 52.618 238.969 -0.385334 70.355 0 53.263 1 1.000000
9810 806.116 52.618 238.969 -0.385334 70.355 0 53.263 1 1.000000
9811 806.116 52.618 238.969 -0.385334 70.355 0 53.263 1 1.000000
9812 806.116 52.618 238.969 -0.385334 70.355 0 53.263 1 1.000000
9813 806.116 52.618 238.969 -0.385334 70.355 0 53.263 1 1.000000
9814 806.116 52.618 238.969 -0.385334 70.355 0 53.263 1 1.000000
9815 806.116 52.618 238.969 -0.385334 70.355 0 53.263 1 1.000000
9816 806.116 52.618 238.969 -0.385334 70.355 0 53.263 1 1.000000
9817 806.116 52.618 238.969 -0.385334 70.355 0 53.263 1 1.000000
9818 806.116 52.618 238.969 -0.385334 70.355 0 53.263 1 1.000000
9819 806.116 52.618 238.969 -0.385334 70.355 0 53.263 1 1.000000
9820 806.116 52.618 238.969 -0.385334 70.355 0 53.263 1 1.000000
9821 806.116 52.618 238.969 -0.385334 70.355 0 53.263 1 1.000000
9822 806.116 52.618 238.969 -0.385334 70.355 0 53.263 1 1.000000
9823 806.116 52.618 238.969 -0.385334 70.355 0 53.263 1 1.000000
9824 806.116 52.618 238.969 -0.385334 70.355 0 53.263 1 1.000000
9825 806.116 52.618 238.969 -0.385334 70.355 0 53.263 1 1.000000
9826 806.116 52.618 238.969 -0.385334 70.355 0 53.263 1 1.000000
9827 806.116 52.618 238.969 -0.385334 70.355 0 53.263 1 1.000000
9828 806.116 52.618 238.969 -0.385334 70.355 0 53.263 1 1.000000
9829 806.116 52.618 238.969 -0.385334 70.355 0 53.263 1 1.000000
9830 806.116 52.618 238.969 -0.385334 70.355 0 53.263 1 1.000000
9831 806.116 52.618 238.969 -0.385334 70.355 0 53.263 1 1.000000
9832 806.116 52.618 238.969 -0.385334 70.355 0 53.263 1 1.000000
9833 806.116 52.618 238.969 -0.385334 70.355 0 53.263 1 1.000000
9834 806.116 52.618 238.969 -0.385334 70.355 0 53.263 1 1.000000
9835 806.116 52.618 238.969 -0.385334 70.355 0 53.263 1 1.000000
9836 806.116 52.618 238.969 -0.385334 70.355 0 53.263 1 1.000000
9837 806.116 52.618 238.969 -0.385334 70.355 0 53.263 1 1.000000
9838 806.116 52.618 238.969 -0.385334 70.355 0 53.263 1 1.000000
9839 806.116 52.618 238.969 -0.385334 70.355 0 53.263 1 1.000000
9840 806.116 52.618 238.969 -0.385334 70.355 0 53.263 1 1.000000
9841 806.116 52.618 238.969 -0.385334 70.355 0 53.263 1 1.000000
9842 806.116 52.618 238.969 -0.385334 70.355 0 53.263 1 1.000000
9843 806.116 52.618 238.969 -0.385334 70.355 0 53.263 1 1.000000
9844 806.116 52.618 238.969 -0.385334 70.355 0 53.263 1 1.000000
9845 806.116 52.618 238.969 -0.385334 70.355 0 53.263 1 1.000000
9846 806.116 52.618 238.969 -0.385334 70.355 0 53.263 1 1.000000
9847 806.116 52.618 238.969 -0.385334 70.355 0 53.263 1 1.000000
9848 806.116 52.618 238.969 -0.385334 70.355 0 53.263 1 1.000000
9849 806.116 52.618 238.969 -0.385334 70.355 0 53.263 1 1.000000
9850 806.116 52.618 238.969 -0.385334 70.355 0 53.263 1 1.000000
9851 806.116 52.618 238.969 -0.385334 70.355 0 53.263 1 1.000000
9852 806.116 52.618 238.969 -0.385334 70.355 0 53.263 1 1.000000
9853 806.116 52.618 238.969 -0.385334 70.355 0 53.263 1 1.000000
9854 806.116 52.618 238.969 -0.385334 70.355 0 53.263 1 1.000000
9855 806.116 52.618 238.969 -0.385334 70.355 0 53.263 1 1.000000
9856 806.116 52.618 238.969 -0.385334 70.355 0 53.263 1 1.000000
9857 806.116 52.618 238.969 -0.385334 70.355 0 53.263 1 1.000000
9858 806.116 52.618 238.969 -0.385334 70.355 0 53.263 1 1.000000
9859 806.116 52.618 238.969 -0.385334 70.355 0 53.263 1 1.000000
9860 806.116 52.618 238.969 -0.385334 70.355 0 53.263 1 1.000000
9861 806.116 52.618 238.969 -0.385334 70.355 0 53.263 1 1.000000
9862 806.116 52.618 238.969 -0.385334 70.355 0 53.263 1 1.000000
9863 806.116 52.618 238.969 -0.385334 70.355 0 53.263 1 1.000000
9864 806.116 52.618 238.969 -0.385334 70.355 0 53.263 1 1.000000
9865 806.116 52.618 238.969 -0.385334 70.355 0 53.263 1 1.000000
9866 806.116 52.618 238.969 -0.385334 70.355 0 53.263 1 1.000000
9867 806.116 52.618 238.969 -0.385334 70.355 0 53.263 1 1.000000
9868 806.116 52.618 238.969 -0.385334 70.355 0 53.263 1 1.000000
9869 806.116 52.618 238.969 -0.385334 70.355 0 53.263 1 1.000000
9870 806.116 52.618 238.969 -0.385334 70.355 0 53.263 1 1.000000
9871 806.116 52.618 238.969 -0.385334 70.355 0 53.263 1 1.000000
9872 806.116 52.618 238.969 -0.385334 70.355 0 53.263 1 1.000000
9873 806.116 52.618 238.969 -0.385334 70.355 0 53.263 1 1.000000
9874 806.116 52.618 238.969 -0.385334 70.355 0 53.263 1 1.000000
9875 806.116 52.618 238.969 -0.385334 70.355 0 53.263 1 1.000000
9876 806.116 52.618 238.969 -0.385334 70.355 0 53.263 1 1.000000
9877 806.116 52.618 238.969 -0.385334 70.355 0 53.263 1 1.000000
9878 806.116 52.618 238.969 -0.385334 70.355 0 53.263 1 1.000000
9879 806.116 52.618 238.969 -0.385334 70.355 0 53.263 1 1.000000
9880 806.116 52.618 238.969 -0.385334 70.355 0 53.263 1 1.000000
9881 806.116 52.618 238.969 -0.385334 70.355 0 53.263 1 1.000000
9882 806.116 52.689 238.969 -0.455292 70.355 0 53.273 1 1.000000
9883 806.116 52.758 238.968 -0.471546 70.355 0 53.282 1 1.000000
9884 806.116 52.758 238.968 -0.471546 70.355 0 53.282 1 1.000000
9885 806.091 52.824 238.959 -0.444365 70.357 0 53.287 1 1.000000
9886 806.091 52.824 238.959 -0.444365 70.357 0 53.287 1 1.000000
9887 806.089 52.886 238.962 -0.443949 70.357 0 53.292 1 1.000000
9888 806.068 52.947 238.956 -0.421943 70.358 0 53.296 1 1.000000
9889 806.068 52.947 238.956 -0.421943 70.358 0 53.296 1 1.000000
9890 806.067 53.004 238.958 -0.421528 70.358 0 53.300 1 1.000000
9891 806.067 53.004 238.958 -0.421528 70.358 0 53.300 1 1.000000
9892 806.077 53.041 238.964 -0.432444 70.357 0 53.303 1 1.000000
9893 806.093 53.086 238.974 -0.450814 70.355 0 53.307 1 1.000000
9894 806.109 53.127 238.982 -0.468117 70.354 0 53.310 1 1.000000
9895 806.109 53.127 238.982 -0.468117 70.354 0 53.310 1 1.000000
9896 806.120 53.170 238.989 -0.481117 70.353 0 53.314 1 1.000000
9897 806.130 53.211 238.992 -0.490376 70.352 0 53.320 1 1.000000
9898 806.136 53.251 238.992 -0.495941 70.352 0 53.328 1 1.000000
9899 806.141 53.288 238.989 -0.499186 70.352 0 53.336 1 1.000000
9900 806.147 53.323 238.986 -0.503077 70.352 0 53.346 1 1.000000
9901 806.147 53.323 238.986 -0.503077 70.352 0 53.346 1 1.000000
9902 806.153 53.355 238.983 -0.506583 70.353 0 53.354 1 1.000000
9903 806.158 53.385 238.980 -0.509699 70.353 0 53.363 1 1.000000
9904 806.158 53.385 238.980 -0.509699 70.353 0 53.363 1 1.000000
9905 806.168 53.396 238.979 -0.517995 70.353 0 53.369 1 1.000000
9906 806.176 53.398 238.978 -0.525164 70.352 0 53.374 1 1.000000
9907 806.184 53.401 238.976 -0.531455 70.352 0 53.379 1 1.000000
9908 806.184 53.401 238.976 -0.531455 70.352 0 53.379 1 1.000000
9909 806.191 53.403 238.974 -0.536865 70.352 0 53.385 1 1.000000
9910 806.191 53.403 238.974 -0.536865 70.352 0 53.385 1 1.000000
9911 806.197 53.405 238.972 -0.541328 70.353 0 53.389 1 1.000000
9912 806.197 53.405 238.972 -0.541328 70.353 0 53.389 1 1.000000
9913 806.202 53.407 238.969 -0.544912 70.353 0 53.394 1 1.000000
9914 806.206 53.408 238.966 -0.547680 70.353 0 53.398 1 1.000000
9915 806.210 53.409 238.963 -0.549505 70.353 0 53.402 1 1.000000
9916 806.210 53.409 238.963 -0.549505 70.353 0 53.402 1 1.000000
9917 806.214 53.410 238.957 -0.550775 70.354 0 53.410 1 1.000000
9918 806.215 53.410 238.954 -0.550099 70.354 0 53.413 1 1.000000
9919 806.215 53.410 238.954 -0.550099 70.354 0 53.413 1 1.000000
9920 806.215 53.408 238.951 -0.549435 70.354 0 53.416 1 1.000000
9921 806.215 53.408 238.951 -0.549435 70.354 0 53.416 1 1.000000
9922 806.189 53.392 238.938 -0.520200 70.356 0 53.414 1 1.000000
9923 806.189 53.392 238.938 -0.520200 70.356 0 53.414 1 1.000000
9924 806.167 53.380 238.930 -0.497558 70.358 0 53.411 1 1.000000
9925 806.168 53.367 238.927 -0.496893 70.358 0 53.413 1 1.000000
9926 806.168 53.367 238.927 -0.496893 70.358 0 53.413 1 1.000000
9927 806.163 53.347 238.922 -0.491287 70.359 0 53.413 1 1.000000
9928 806.163 53.347 238.922 -0.491287 70.359 0 53.413 1 1.000000
9929 806.164 53.328 238.919 -0.490649 70.359 0 53.415 1 1.000000
9930 806.158 53.303 238.914 -0.483599 70.360 0 53.414 1 1.000000
9931 806.158 53.303 238.914 -0.483599 70.360 0 53.414 1 1.000000
9932 806.151 53.249 238.905 -0.474421 70.361 0 53.412 1 1.000000
9933 806.151 53.249 238.905 -0.474421 70.361 0 53.412 1 1.000000
9934 806.152 53.219 238.902 -0.473879 70.361 0 53.412 1 1.000000
9935 806.143 53.183 238.896 -0.463791 70.362 0 53.409 1 1.000000
9936 806.143 53.183 238.896 -0.463791 70.362 0 53.409 1 1.000000
9937 806.132 53.107 238.887 -0.450612 70.363 0 53.403 1 1.000000
9938 806.132 53.107 238.887 -0.450612 70.363 0 53.403 1 1.000000
9939 806.107 53.022 238.876 -0.424195 70.365 0 53.393 1 1.000000
9940 806.107 53.022 238.876 -0.424195 70.365 0 53.393 1 1.000000
9941 806.113 52.823 238.883 -0.433416 70.364 0 53.365 1 1.000000
9942 806.119 52.773 238.889 -0.442104 70.363 0 53.356 1 1.000000
9943 806.126 52.720 238.896 -0.451239 70.363 0 53.346 1 1.000000
9944 806.133 52.664 238.903 -0.422619 70.362 0 53.336 1 1.000000
9945 806.133 52.664 238.903 -0.422619 70.362 0 53.336 1 1.000000
9946 806.121 52.642 238.907 -0.401119 70.362 0 53.325 1 1.000000
9947 806.131 52.636 238.919 -0.396732 70.360 0 53.318 1 1.000000
9948 806.131 52.636 238.919 -0.396732 70.360 0 53.318 1 1.000000
9949 806.131 52.631 238.922 -0.391895 70.360 0 53.314 1 1.000000
9950 806.128 52.640 238.931 -0.401451 70.359 0 53.306 1 1.000000
9951 806.128 52.640 238.931 -0.401451 70.359 0 53.306 1 1.000000
9952 806.125 52.637 238.933 -0.399212 70.359 0 53.302 1 1.000000
9953 806.125 52.637 238.933 -0.399212 70.359 0 53.302 1 1.000000
9954 806.124 52.632 238.936 -0.394360 70.358 0 53.299 1 1.000000
9955 806.125 52.626 238.940 -0.389278 70.358 0 53.295 1 1.000000
9956 806.123 52.627 238.940 -0.390575 70.358 0 53.294 1 1.000000
9957 806.123 52.627 238.940 -0.390575 70.358 0 53.294 1 1.000000
9958 806.120 52.638 238.948 -0.402134 70.357 0 53.287 1 1.000000
9959 806.120 52.638 238.948 -0.402134 70.357 0 53.287 1 1.000000
9960 806.117 52.635 238.950 -0.399879 70.357 0 53.283 1 1.000000
9961 806.118 52.623 238.957 -0.388115 70.356 0 53.276 1 1.000000
9962 806.118 52.623 238.957 -0.388115 70.356 0 53.276 1 1.000000
9963 806.118 52.623 238.957 -0.388222 70.356 0 53.276 1 1.000000
9964 806.118 52.623 238.957 -0.388222 70.356 0 53.276 1 1.000000
9965 806.118 52.623 238.957 -0.388226 70.356 0 53.276 1 1.000000
9966 806.118 52.623 238.957 -0.388226 70.356 0 53.276 1 1.000000
9967 806.118 52.623 238.957 -0.388226 70.356 0 53.276 1 1.000000
9968 806.118 52.623 238.957 -0.388233 70.356 0 53.276 1 1.000000
9969 806.118 52.623 238.957 -0.388233 70.356 0 53.276 1 1.000000
9970 806.118 52.623 238.957 -0.388233 70.356 0 53.276 1 1.000000
9971 806.118 52.623 238.957 -0.388233 70.356 0 53.276 1 1.000000
9972 806.118 52.623 238.957 -0.388233 70.356 0 53.276 1 1.000000
9973 806.118 52.623 238.957 -0.388233 70.356 0 53.276 1 1.000000
9974 806.118 52.623 238.957 -0.388233 70.356 0 53.276 1 1.000000
9975 806.118 52.623 238.957 -0.388233 70.356 0 53.276 1 1.000000
9976 806.118 52.623 238.957 -0.388233 70.356 0 53.276 1 1.000000
9977 806.118 52.623 238.957 -0.388233 70.356 0 53.276 1 1.000000
9978 806.118 52.623 238.957 -0.388233 70.356 0 53.276 1 1.000000
9979 806.118 52.623 238.957 -0.388233 70.356 0 53.276 1 1.000000
9980 806.118 52.623 238.957 -0.388233 70.356 0 53.276 1 1.000000
9981 806.118 52.623 238.957 -0.388233 70.356 0 53.276 1 1.000000
9982 806.118 52.623 238.957 -0.388233 70.356 0 53.276 1 1.000000
9983 806.118 52.623 238.957 -0.388233 70.356 0 53.276 1 1.000000
9984 806.118 52.623 238.957 -0.388233 70.356 0 53.276 1 1.000000
9985 806.118 52.623 238.957 -0.388233 70.356 0 53.276 1 1.000000
9986 806.118 52.623 238.957 -0.388233 70.356 0 53.276 1 1.000000
9987 806.118 52.623 238.957 -0.388233 70.356 0 53.276 1 1.000000
9988 806.118 52.623 238.957 -0.388233 70.356 0 53.276 1 1.000000
9989 806.118 52.623 238.957 -0.388233 70.356 0 53.276 1 1.000000
9990 806.118 52.623 238.957 -0.388233 70.356 0 53.276 1 1.000000
9991 806.118 52.623 238.957 -0.388233 70.356 0 53.276 1 1.000000
9992 806.118 52.623 238.957 -0.388233 70.356 0 53.276 1 1.000000
9993 806.118 52.623 238.957 -0.388233 70.356 0 53.276 1 1.000000
9994 806.118 52.623 238.957 -0.388233 70.356 0 53.276 1 1.000000
9995 806.118 52.623 238.957 -0.388233 70.356 0 53.276 1 1.000000
9996 806.118 52.623 238.957 -0.388233 70.356 0 53.276 1 1.000000
9997 806.118 52.623 238.957 -0.388233 70.356 0 53.276 1 1.000000
9998 806.118 52.623 238.957 -0.388233 70.356 0 53.276 1 1.000000
9999 806.118 52.623 238.957 -0.388233 70.356 0 53.276 1 1.000000
10000 806.118 52.623 238.957 -0.388233 70.356 0 53.276 1 1.000000
10001 806.118 52.623 238.957 -0.388233 70.356 0 53.276 1 1.000000
10002 806.118 52.623 238.957 -0.388233 70.356 0 53.276 1 1.000000
10003 806.118 52.623 238.957 -0.388233 70.356 0 53.276 1 1.000000
10004 806.118 52.623 238.957 -0.388233 70.356 0 53.276 1 1.000000
10005 806.118 52.623 238.957 -0.388233 70.356 0 53.276 1 1.000000
10006 806.118 52.623 238.957 -0.388233 70.356 0 53.276 1 1.000000
10007 806.118 52.623 238.957 -0.388233 70.356 0 53.276 1 1.000000
10008 806.118 52.623 238.957 -0.388233 70.356 0 53.276 1 1.000000
10009 806.118 52.623 238.957 -0.388233 70.356 0 53.276 1 1.000000
10010 806.118 52.623 238.957 -0.388233 70.356 0 53.276 1 1.000000
10011 806.118 52.623 238.957 -0.388233 70.356 0 53.276 1 1.000000
10012 806.118 52.623 238.957 -0.388233 70.356 0 53.276 1 1.000000
10013 806.118 52.623 238.957 -0.388233 70.356 0 53.276 1 1.000000
10014 806.118 52.623 238.957 -0.388233 70.356 0 53.276 1 1.000000
10015 806.118 52.623 238.957 -0.388233 70.356 0 53.276 1 1.000000
10016 806.118 52.623 238.957 -0.388233 70.356 0 53.276 1 1.000000
10017 806.118 52.623 238.957 -0.388233 70.356 0 53.276 1 1.000000
10018 806.118 52.623 238.957 -0.388233 70.356 0 53.276 1 1.000000
10019 806.118 52.623 238.957 -0.388233 70.356 0 53.276 1 1.000000
10020 806.118 52.623 238.957 -0.388233 70.356 0 53.276 1 1.000000
10021 806.118 52.623 238.957 -0.388233 70.356 0 53.276 1 1.000000
10022 806.118 52.623 238.957 -0.388233 70.356 0 53.276 1 1.000000
10023 806.118 52.623 238.957 -0.388233 70.356 0 53.276 1 1.000000
10024 806.118 52.623 238.957 -0.388233 70.356 0 53.276 1 1.000000
10025 806.118 52.623 238.957 -0.388233 70.356 0 53.276 1 1.000000
10026 806.118 52.623 238.957 -0.388233 70.356 0 53.276 1 1.000000
10027 806.118 52.623 238.957 -0.388233 70.356 0 53.276 1 1.000000
10028 806.118 52.623 238.957 -0.388233 70.356 0 53.276 1 1.000000
10029 806.118 52.623 238.957 -0.388233 70.356 0 53.276 1 1.000000
10030 806.118 52.623 238.957 -0.388233 70.356 0 53.276 1 1.000000
10031 806.118 52.623 238.957 -0.388233 70.356 0 53.276 1 1.000000
10032 806.118 52.623 238.957 -0.388233 70.356 0 53.276 1 1.000000
10033 806.118 52.623 238.957 -0.388233 70.356 0 53.276 1 1.000000
10034 806.118 52.623 238.957 -0.388233 70.356 0 53.276 1 1.000000
10035 806.118 52.623 238.957 -0.388233 70.356 0 53.276 1 1.000000
10036 806.118 52.623 238.957 -0.388233 70.356 0 53.276 1 1.000000
10037 806.118 52.623 238.957 -0.388233 70.356 0 53.276 1 1.000000
10038 806.118 52.623 238.957 -0.388233 70.356 0 53.276 1 1.000000
10039 806.118 52.623 238.957 -0.388233 70.356 0 53.276 1 1.000000
10040 806.118 52.623 238.957 -0.388233 70.356 0 53.276 1 1.000000
10041 806.118 52.623 238.957 -0.388233 70.356 0 53.276 1 1.000000
10042 806.118 52.623 238.957 -0.388233 70.356 0 53.276 1 1.000000
10043 806.118 52.623 238.957 -0.388233 70.356 0 53.276 1 1.000000
10044 806.118 52.623 238.957 -0.388233 70.356 0 53.276 1 1.000000
10045 806.118 52.623 238.957 -0.388233 70.356 0 53.276 1 1.000000
10046 806.118 52.623 238.957 -0.388233 70.356 0 53.276 1 1.000000
10047 806.118 52.623 238.957 -0.388233 70.356 0 53.276 1 1.000000
10048 806.118 52.623 238.957 -0.388233 70.356 0 53.276 1 1.000000
10049 806.118 52.623 238.957 -0.388233 70.356 0 53.276 1 1.000000
10050 806.118 52.623 238.957 -0.388233 70.356 0 53.276 1 1.000000
10051 806.118 52.623 238.957 -0.388233 70.356 0 53.276 1 1.000000
10052 806.118 52.623 238.957 -0.388233 70.356 0 53.276 1 1.000000
10053 806.118 52.623 238.957 -0.388233 70.356 0 53.276 1 1.000000
10054 806.118 52.623 238.957 -0.388233 70.356 0 53.276 1 1.000000
10055 806.118 52.623 238.957 -0.388233 70.356 0 53.276 1 1.000000
10056 806.118 52.623 238.957 -0.388233 70.356 0 53.276 1 1.000000
10057 806.118 52.623 238.957 -0.388233 70.356 0 53.276 1 1.000000
10058 806.118 52.623 238.957 -0.388233 70.356 0 53.276 1 1.000000
10059 806.118 52.623 238.957 -0.388233 70.356 0 53.276 1 1.000000
10060 806.118 52.623 238.957 -0.388233 70.356 0 53.276 1 1.000000
10061 806.118 52.623 238.957 -0.388233 70.356 0 53.276 1 1.000000
10062 806.118 52.623 238.957 -0.388233 70.356 0 53.276 1 1.000000
10063 806.118 52.623 238.957 -0.388233 70.356 0 53.276 1 1.000000
10064 806.118 52.623 238.957 -0.388233 70.356 0 53.276 1 1.000000
10065 806.118 52.762 238.955 -0.468469 70.357 0 53.295 1 1.000000
10066 806.095 52.828 238.948 -0.443577 70.358 0 53.299 1 1.000000
10067 806.095 52.828 238.948 -0.443577 70.358 0 53.299 1 1.000000
10068 806.094 52.891 238.951 -0.443217 70.358 0 53.304 1 1.000000
10069 806.094 52.891 238.951 -0.443217 70.358 0 53.304 1 1.000000
10070 806.071 53.009 238.947 -0.420793 70.359 0 53.312 1 1.000000
10071 806.071 53.009 238.947 -0.420793 70.359 0 53.312 1 1.000000
10072 806.099 53.089 238.963 -0.451923 70.356 0 53.319 1 1.000000
10073 806.114 53.132 238.972 -0.468646 70.355 0 53.322 1 1.000000
10074 806.114 53.132 238.972 -0.468646 70.355 0 53.322 1 1.000000
10075 806.133 53.216 238.979 -0.488676 70.354 0 53.334 1 1.000000
10076 806.133 53.216 238.979 -0.488676 70.354 0 53.334 1 1.000000
10077 806.139 53.256 238.978 -0.493056 70.353 0 53.342 1 1.000000
10078 806.145 53.294 238.976 -0.496816 70.354 0 53.351 1 1.000000
10079 806.151 53.329 238.973 -0.500712 70.354 0 53.360 1 1.000000
10080 806.151 53.329 238.973 -0.500712 70.354 0 53.360 1 1.000000
10081 806.156 53.361 238.970 -0.504218 70.354 0 53.369 1 1.000000
10082 806.173 53.396 238.966 -0.517617 70.354 0 53.383 1 1.000000
10083 806.173 53.396 238.966 -0.517617 70.354 0 53.383 1 1.000000
10084 806.182 53.399 238.964 -0.524724 70.354 0 53.389 1 1.000000
10085 806.190 53.402 238.962 -0.530956 70.354 0 53.394 1 1.000000
10086 806.196 53.404 238.960 -0.536237 70.354 0 53.399 1 1.000000
10087 806.202 53.406 238.958 -0.540700 70.354 0 53.404 1 1.000000
10088 806.208 53.408 238.956 -0.544347 70.354 0 53.409 1 1.000000
10089 806.212 53.409 238.953 -0.547114 70.354 0 53.413 1 1.000000
10090 806.212 53.409 238.953 -0.547114 70.354 0 53.413 1 1.000000
10091 806.218 53.411 238.947 -0.550080 70.355 0 53.421 1 1.000000
10092 806.219 53.411 238.944 -0.550282 70.355 0 53.424 1 1.000000
10093 806.219 53.411 238.944 -0.550282 70.355 0 53.424 1 1.000000
10094 806.221 53.409 238.938 -0.548942 70.355 0 53.430 1 1.000000
10095 806.193 53.401 238.929 -0.520398 70.357 0 53.426 1 1.000000
10096 806.193 53.401 238.929 -0.520398 70.357 0 53.426 1 1.000000
10097 806.194 53.393 238.925 -0.519775 70.357 0 53.428 1 1.000000
10098 806.194 53.393 238.925 -0.519775 70.357 0 53.428 1 1.000000
10099 806.171 53.368 238.914 -0.493951 70.359 0 53.427 1 1.000000
10100 806.171 53.368 238.914 -0.493951 70.359 0 53.427 1 1.000000
10101 806.166 53.348 238.909 -0.488474 70.360 0 53.427 1 1.000000
10102 806.167 53.330 238.906 -0.487836 70.360 0 53.428 1 1.000000
10103 806.161 53.304 238.901 -0.480853 70.361 0 53.427 1 1.000000
10104 806.162 53.280 238.897 -0.480240 70.361 0 53.427 1 1.000000
10105 806.162 53.280 238.897 -0.480240 70.361 0 53.427 1 1.000000
10106 806.154 53.250 238.892 -0.471674 70.362 0 53.425 1 1.000000
10107 806.155 53.220 238.889 -0.471136 70.362 0 53.425 1 1.000000
10108 806.146 53.185 238.884 -0.461043 70.363 0 53.421 1 1.000000
10109 806.146 53.150 238.880 -0.460564 70.364 0 53.421 1 1.000000
10110 806.146 53.150 238.880 -0.460564 70.364 0 53.421 1 1.000000
10111 806.136 53.068 238.871 -0.448318 70.365 0 53.415 1 1.000000
10112 806.136 53.068 238.871 -0.448318 70.365 0 53.415 1 1.000000
10113 806.113 53.023 238.864 -0.423975 70.366 0 53.406 1 1.000000
10114 806.113 52.871 238.864 -0.424909 70.366 0 53.388 1 1.000000
10115 806.119 52.824 238.870 -0.433201 70.366 0 53.379 1 1.000000
10116 806.119 52.824 238.870 -0.433201 70.366 0 53.379 1 1.000000
10117 806.131 52.721 238.884 -0.451023 70.364 0 53.360 1 1.000000
10118 806.139 52.666 238.891 -0.422359 70.363 0 53.350 1 1.000000
10119 806.139 52.666 238.891 -0.422359 70.363 0 53.350 1 1.000000
10120 806.137 52.641 238.904 -0.399048 70.361 0 53.335 1 1.000000
10121 806.137 52.641 238.904 -0.399048 70.361 0 53.335 1 1.000000
10122 806.136 52.638 238.907 -0.396835 70.361 0 53.331 1 1.000000
10123 806.138 52.629 238.915 -0.388947 70.360 0 53.323 1 1.000000
10124 806.138 52.629 238.915 -0.388947 70.360 0 53.323 1 1.000000
10125 806.133 52.641 238.919 -0.401703 70.360 0 53.319 1 1.000000
10126 806.129 52.633 238.924 -0.394627 70.359 0 53.312 1 1.000000
10127 806.129 52.633 238.924 -0.394627 70.359 0 53.312 1 1.000000
10128 806.130 52.628 238.929 -0.389660 70.359 0 53.308 1 1.000000
10129 806.130 52.628 238.929 -0.389660 70.359 0 53.308 1 1.000000
10130 806.124 52.638 238.935 -0.400177 70.359 0 53.300 1 1.000000
10131 806.124 52.638 238.935 -0.400177 70.359 0 53.300 1 1.000000
10132 806.123 52.632 238.938 -0.395329 70.358 0 53.297 1 1.000000
10133 806.124 52.626 238.942 -0.389553 70.358 0 53.293 1 1.000000
10134 806.121 52.638 238.946 -0.402092 70.357 0 53.289 1 1.000000
10135 806.121 52.638 238.946 -0.402092 70.357 0 53.289 1 1.000000
10136 806.118 52.636 238.949 -0.399837 70.357 0 53.285 1 1.000000
10137 806.117 52.630 238.952 -0.394978 70.357 0 53.282 1 1.000000
10138 806.119 52.623 238.956 -0.388309 70.356 0 53.278 1 1.000000
10139 806.117 52.635 238.958 -0.400219 70.356 0 53.276 1 1.000000
10140 806.117 52.635 238.958 -0.400219 70.356 0 53.276 1 1.000000
10141 806.114 52.632 238.959 -0.397873 70.356 0 53.274 1 1.000000
10142 806.116 52.627 238.959 -0.392891 70.356 0 53.274 1 1.000000
10143 806.119 52.621 238.959 -0.386936 70.356 0 53.275 1 1.000000
10144 806.119 52.621 238.959 -0.386936 70.356 0 53.275 1 1.000000
10145 806.113 52.633 238.960 -0.398518 70.356 0 53.272 1 1.000000
10146 806.115 52.628 238.960 -0.393528 70.356 0 53.273 1 1.000000
10147 806.115 52.628 238.960 -0.393528 70.356 0 53.273 1 1.000000
10148 806.118 52.621 238.960 -0.386982 70.356 0 53.273 1 1.000000
10149 806.117 52.633 238.963 -0.398823 70.356 0 53.271 1 1.000000
10150 806.113 52.632 238.962 -0.398525 70.356 0 53.271 1 1.000000
10151 806.115 52.628 238.962 -0.393532 70.356 0 53.271 1 1.000000
10152 806.115 52.628 238.962 -0.393532 70.356 0 53.271 1 1.000000
10153 806.117 52.621 238.962 -0.387192 70.356 0 53.271 1 1.000000
10154 806.117 52.621 238.962 -0.387192 70.356 0 53.271 1 1.000000
10155 806.117 52.621 238.962 -0.387192 70.356 0 53.271 1 1.000000
10156 806.117 52.621 238.962 -0.387192 70.356 0 53.271 1 1.000000
10157 806.117 52.621 238.962 -0.387192 70.356 0 53.271 1 1.000000
10158 806.117 52.621 238.962 -0.387192 70.356 0 53.271 1 1.000000
10159 806.117 52.621 238.962 -0.387192 70.356 0 53.271 1 1.000000
10160 806.117 52.621 238.962 -0.387192 70.356 0 53.271 1 1.000000
10161 806.117 52.621 238.962 -0.387192 70.356 0 53.271 1 1.000000
10162 806.117 52.621 238.962 -0.387192 70.356 0 53.271 1 1.000000
10163 806.117 52.621 238.962 -0.387192 70.356 0 53.271 1 1.000000
10164 806.117 52.621 238.962 -0.387192 70.356 0 53.271 1 1.000000
10165 806.117 52.621 238.962 -0.387192 70.356 0 53.271 1 1.000000
10166 806.117 52.621 238.962 -0.387192 70.356 0 53.271 1 1.000000
10167 806.117 52.621 238.962 -0.387192 70.356 0 53.271 1 1.000000
10168 806.117 52.621 238.962 -0.387192 70.356 0 53.271 1 1.000000
10169 806.117 52.621 238.962 -0.387192 70.356 0 53.271 1 1.000000
10170 806.117 52.621 238.962 -0.387192 70.356 0 53.271 1 1.000000
10171 806.117 52.621 238.962 -0.387192 70.356 0 53.271 1 1.000000
10172 806.117 52.621 238.962 -0.387192 70.356 0 53.271 1 1.000000
10173 806.117 52.621 238.962 -0.387192 70.356 0 53.271 1 1.000000
10174 806.117 52.621 238.962 -0.387192 70.356 0 53.271 1 1.000000
10175 806.117 52.621 238.962 -0.387192 70.356 0 53.271 1 1.000000
10176 806.117 52.621 238.962 -0.387192 70.356 0 53.271 1 1.000000
10177 806.117 52.621 238.962 -0.387192 70.356 0 53.271 1 1.000000
10178 806.117 52.621 238.962 -0.387192 70.356 0 53.271 1 1.000000
10179 806.117 52.621 238.962 -0.387192 70.356 0 53.271 1 1.000000
10180 806.117 52.621 238.962 -0.387192 70.356 0 53.271 1 1.000000
10181 806.117 52.621 238.962 -0.387192 70.356 0 53.271 1 1.000000
10182 806.117 52.621 238.962 -0.387192 70.356 0 53.271 1 1.000000
10183 806.117 52.621 238.962 -0.387192 70.356 0 53.271 1 1.000000
10184 806.117 52.621 238.962 -0.387192 70.356 0 53.271 1 1.000000
10185 806.117 52.621 238.962 -0.387192 70.356 0 53.271 1 1.000000
10186 806.117 52.621 238.962 -0.387192 70.356 0 53.271 1 1.000000
10187 806.117 52.621 238.962 -0.387192 70.356 0 53.271 1 1.000000
10188 806.117 52.621 238.962 -0.387192 70.356 0 53.271 1 1.000000
10189 806.117 52.621 238.962 -0.387192 70.356 0 53.271 1 1.000000
10190 806.117 52.621 238.962 -0.387192 70.356 0 53.271 1 1.000000
10191 806.117 52.621 238.962 -0.387192 70.356 0 53.271 1 1.000000
10192 806.117 52.621 238.962 -0.387192 70.356 0 53.271 1 1.000000
10193 806.117 52.621 238.962 -0.387192 70.356 0 53.271 1 1.000000
10194 806.117 52.621 238.962 -0.387192 70.356 0 53.271 1 1.000000
10195 806.117 52.621 238.962 -0.387192 70.356 0 53.271 1 1.000000
10196 806.117 52.621 238.962 -0.387192 70.356 0 53.271 1 1.000000
10197 806.117 52.621 238.962 -0.387192 70.356 0 53.271 1 1.000000
10198 806.117 52.621 238.962 -0.387192 70.356 0 53.271 1 1.000000
10199 806.117 52.621 238.962 -0.387192 70.356 0 53.271 1 1.000000
10200 806.117 52.621 238.962 -0.387192 70.356 0 53.271 1 1.000000
10201 806.117 52.621 238.962 -0.387192 70.356 0 53.271 1 1.000000
10202 806.117 52.621 238.962 -0.387192 70.356 0 53.271 1 1.000000
10203 806.117 52.621 238.962 -0.387192 70.356 0 53.271 1 1.000000
10204 806.117 52.621 238.962 -0.387192 70.356 0 53.271 1 1.000000
10205 806.117 52.621 238.962 -0.387192 70.356 0 53.271 1 1.000000
10206 806.117 52.621 238.962 -0.387192 70.356 0 53.271 1 1.000000
10207 806.117 52.621 238.962 -0.387192 70.356 0 53.271 1 1.000000
10208 806.117 52.621 238.962 -0.387192 70.356 0 53.271 1 1.000000
10209 806.117 52.621 238.962 -0.387192 70.356 0 53.271 1 1.000000
10210 806.117 52.621 238.962 -0.387192 70.356 0 53.271 1 1.000000
10211 806.117 52.621 238.962 -0.387192 70.356 0 53.271 1 1.000000
10212 806.117 52.621 238.962 -0.387192 70.356 0 53.271 1 1.000000
10213 806.117 52.621 238.962 -0.387192 70.356 0 53.271 1 1.000000
10214 806.117 52.621 238.962 -0.387192 70.356 0 53.271 1 1.000000
10215 806.117 52.621 238.962 -0.387192 70.356 0 53.271 1 1.000000
10216 806.117 52.621 238.962 -0.387192 70.356 0 53.271 1 1.000000
10217 806.117 52.621 238.962 -0.387192 70.356 0 53.271 1 1.000000
10218 806.117 52.621 238.962 -0.387192 70.356 0 53.271 1 1.000000
10219 806.117 52.621 238.962 -0.387192 70.356 0 53.271 1 1.000000
10220 806.117 52.621 238.962 -0.387192 70.356 0 53.271 1 1.000000
10221 806.117 52.621 238.962 -0.387192 70.356 0 53.271 1 1.000000
10222 806.117 52.621 238.962 -0.387192 70.356 0 53.271 1 1.000000
10223 806.117 52.621 238.962 -0.387192 70.356 0 53.271 1 1.000000
10224 806.117 52.621 238.962 -0.387192 70.356 0 53.271 1 1.000000
10225 806.117 52.621 238.962 -0.387192 70.356 0 53.271 1 1.000000
10226 806.117 52.621 238.962 -0.387192 70.356 0 53.271 1 1.000000
10227 806.117 52.621 238.962 -0.387192 70.356 0 53.271 1 1.000000
10228 806.117 52.621 238.962 -0.387192 70.356 0 53.271 1 1.000000
10229 806.117 52.621 238.962 -0.387192 70.356 0 53.271 1 1.000000
10230 806.117 52.621 238.962 -0.387192 70.356 0 53.271 1 1.000000
10231 806.117 52.621 238.962 -0.387192 70.356 0 53.271 1 1.000000
10232 806.117 52.621 238.962 -0.387192 70.356 0 53.271 1 1.000000
10233 806.117 52.621 238.962 -0.387192 70.356 0 53.271 1 1.000000
10234 806.117 52.621 238.962 -0.387192 70.356 0 53.271 1 1.000000
10235 806.117 52.621 238.962 -0.387192 70.356 0 53.271 1 1.000000
10236 806.117 52.621 238.962 -0.387192 70.356 0 53.271 1 1.000000
10237 806.117 52.621 238.962 -0.387192 70.356 0 53.271 1 1.000000
10238 806.117 52.621 238.962 -0.387192 70.356 0 53.271 1 1.000000
10239 806.117 52.621 238.962 -0.387192 70.356 0 53.271 1 1.000000
10240 806.117 52.621 238.962 -0.387192 70.356 0 53.271 1 1.000000
10241 806.117 52.621 238.962 -0.387192 70.356 0 53.271 1 1.000000
10242 806.117 52.621 238.962 -0.387192 70.356 0 53.271 1 1.000000
10243 806.117 52.621 238.962 -0.387192 70.356 0 53.271 1 1.000000
10244 806.117 52.621 238.962 -0.387192 70.356 0 53.271 1 1.000000
10245 806.117 52.621 238.962 -0.387192 70.356 0 53.271 1 1.000000
10246 806.117 52.621 238.962 -0.387192 70.356 0 53.271 1 1.000000
10247 806.117 52.621 238.962 -0.387192 70.356 0 53.271 1 1.000000
10248 806.117 52.621 238.962 -0.387192 70.356 0 53.271 1 1.000000
10249 806.117 52.621 238.962 -0.387192 70.356 0 53.271 1 1.000000
10250 806.117 52.621 238.962 -0.387192 70.356 0 53.271 1 1.000000
10251 806.117 52.621 238.962 -0.387192 70.356 0 53.271 1 1.000000
10252 806.117 52.621 238.962 -0.387192 70.356 0 53.271 1 1.000000
10253 806.117 52.621 238.962 -0.387192 70.356 0 53.271 1 1.000000
10254 806.117 52.621 238.962 -0.387192 70.356 0 53.271 1 1.000000
10255 806.117 52.621 238.962 -0.387192 70.356 0 53.271 1 1.000000
10256 806.117 52.621 238.962 -0.387192 70.356 0 53.271 1 1.000000
10257 806.117 52.621 238.962 -0.387192 70.356 0 53.271 1 1.000000
10258 806.117 52.692 238.961 -0.457153 70.356 0 53.281 1 1.000000
10259 806.117 52.692 238.961 -0.457153 70.356 0 53.281 1 1.000000
10260 806.118 52.761 238.960 -0.469557 70.356 0 53.290 1 1.000000
10261 806.092 52.889 238.955 -0.443495 70.357 0 53.300 1 1.000000
10262 806.092 52.889 238.955 -0.443495 70.357 0 53.300 1 1.000000
10263 806.071 52.949 238.948 -0.421426 70.359 0 53.304 1 1.000000
10264 806.070 53.007 238.951 -0.421015 70.358 0 53.308 1 1.000000
10265 806.080 53.044 238.958 -0.433182 70.357 0 53.311 1 1.000000
10266 806.097 53.088 238.967 -0.451484 70.356 0 53.314 1 1.000000
10267 806.112 53.130 238.976 -0.468530 70.355 0 53.318 1 1.000000
10268 806.123 53.173 238.981 -0.480810 70.354 0 53.322 1 1.000000
10269 806.123 53.173 238.981 -0.480810 70.354 0 53.322 1 1.000000
10270 806.132 53.214 238.984 -0.489349 70.353 0 53.329 1 1.000000
10271 806.138 53.254 238.983 -0.494125 70.353 0 53.336 1 1.000000
10272 806.143 53.292 238.981 -0.497625 70.353 0 53.345 1 1.000000
10273 806.149 53.327 238.978 -0.501521 70.353 0 53.355 1 1.000000
10274 806.149 53.327 238.978 -0.501521 70.353 0 53.355 1 1.000000
10275 806.160 53.388 238.972 -0.508262 70.354 0 53.372 1 1.000000
10276 806.171 53.396 238.971 -0.517767 70.353 0 53.378 1 1.000000
10277 806.171 53.396 238.971 -0.517767 70.353 0 53.378 1 1.000000
10278 806.180 53.399 238.969 -0.524937 70.353 0 53.384 1 1.000000
10279 806.187 53.402 238.968 -0.531367 70.353 0 53.388 1 1.000000
10280 806.187 53.402 238.968 -0.531367 70.353 0 53.388 1 1.000000
10281 806.194 53.404 238.966 -0.536647 70.353 0 53.393 1 1.000000
10282 806.200 53.406 238.964 -0.541111 70.353 0 53.398 1 1.000000
10283 806.205 53.408 238.961 -0.544695 70.353 0 53.402 1 1.000000
10284 806.210 53.409 238.959 -0.547462 70.354 0 53.407 1 1.000000
10285 806.213 53.410 238.956 -0.549351 70.354 0 53.411 1 1.000000
10286 806.215 53.411 238.953 -0.550365 70.354 0 53.414 1 1.000000
10287 806.215 53.411 238.953 -0.550365 70.354 0 53.414 1 1.000000
10288 806.217 53.411 238.950 -0.550620 70.354 0 53.418 1 1.000000
10289 806.218 53.411 238.947 -0.549944 70.355 0 53.421 1 1.000000
10290 806.191 53.400 238.934 -0.520679 70.357 0 53.420 1 1.000000
10291 806.191 53.400 238.934 -0.520679 70.357 0 53.420 1 1.000000
10292 806.192 53.393 238.931 -0.520055 70.357 0 53.422 1 1.000000
10293 806.169 53.381 238.923 -0.495891 70.358 0 53.419 1 1.000000
10294 806.169 53.368 238.919 -0.495221 70.359 0 53.421 1 1.000000
10295 806.165 53.348 238.915 -0.489682 70.359 0 53.421 1 1.000000
10296 806.165 53.348 238.915 -0.489682 70.359 0 53.421 1 1.000000
10297 806.166 53.329 238.911 -0.489045 70.360 0 53.422 1 1.000000
10298 806.160 53.304 238.906 -0.482004 70.360 0 53.421 1 1.000000
10299 806.161 53.280 238.903 -0.481444 70.361 0 53.421 1 1.000000
10300 806.153 53.249 238.898 -0.472883 70.362 0 53.419 1 1.000000
10301 806.154 53.220 238.894 -0.472403 70.362 0 53.419 1 1.000000
10302 806.145 53.184 238.889 -0.462253 70.363 0 53.416 1 1.000000
10303 806.145 53.149 238.886 -0.461774 70.363 0 53.415 1 1.000000
10304 806.134 53.108 238.880 -0.449610 70.364 0 53.411 1 1.000000
10305 806.134 53.108 238.880 -0.449610 70.364 0 53.411 1 1.000000
10306 806.110 53.023 238.869 -0.424116 70.366 0 53.400 1 1.000000
10307 806.110 53.023 238.869 -0.424116 70.366 0 53.400 1 1.000000
10308 806.110 52.871 238.869 -0.425045 70.366 0 53.382 1 1.000000
10309 806.116 52.823 238.876 -0.433275 70.365 0 53.373 1 1.000000
10310 806.116 52.823 238.876 -0.433275 70.365 0 53.373 1 1.000000
10311 806.122 52.773 238.882 -0.442019 70.364 0 53.364 1 1.000000
10312 806.122 52.773 238.882 -0.442019 70.364 0 53.364 1 1.000000
10313 806.136 52.665 238.896 -0.422356 70.362 0 53.344 1 1.000000
10314 806.124 52.642 238.900 -0.401100 70.362 0 53.332 1 1.000000
10315 806.135 52.640 238.909 -0.398945 70.361 0 53.329 1 1.000000
10316 806.135 52.640 238.909 -0.398945 70.361 0 53.329 1 1.000000
10317 806.134 52.632 238.915 -0.391891 70.360 0 53.321 1 1.000000
10318 806.134 52.632 238.915 -0.391891 70.360 0 53.321 1 1.000000
10319 806.136 52.628 238.921 -0.388809 70.360 0 53.317 1 1.000000
10320 806.136 52.628 238.921 -0.388809 70.360 0 53.317 1 1.000000
10321 806.132 52.631 238.920 -0.391319 70.360 0 53.316 1 1.000000
10322 806.132 52.631 238.920 -0.391319 70.360 0 53.316 1 1.000000
10323 806.128 52.642 238.928 -0.403198 70.359 0 53.309 1 1.000000
10324 806.128 52.642 238.928 -0.403198 70.359 0 53.309 1 1.000000
10325 806.126 52.639 238.930 -0.400959 70.359 0 53.306 1 1.000000
10326 806.125 52.634 238.933 -0.396111 70.359 0 53.302 1 1.000000
10327 806.126 52.627 238.937 -0.390003 70.358 0 53.298 1 1.000000
10328 806.126 52.627 238.937 -0.390003 70.358 0 53.298 1 1.000000
10329 806.123 52.639 238.942 -0.402630 70.358 0 53.294 1 1.000000
10330 806.123 52.639 238.942 -0.402630 70.358 0 53.294 1 1.000000
10331 806.120 52.637 238.944 -0.400379 70.358 0 53.291 1 1.000000
10332 806.119 52.631 238.947 -0.395523 70.357 0 53.287 1 1.000000
10333 806.120 52.625 238.951 -0.389164 70.357 0 53.283 1 1.000000
10334 806.120 52.625 238.951 -0.389164 70.357 0 53.283 1 1.000000
10335 806.119 52.625 238.951 -0.389690 70.357 0 53.283 1 1.000000
10336 806.120 52.624 238.951 -0.389004 70.357 0 53.283 1 1.000000
10337 806.120 52.624 238.951 -0.389004 70.357 0 53.283 1 1.000000
10338 806.118 52.636 238.953 -0.401016 70.357 0 53.281 1 1.000000
10339 806.115 52.634 238.955 -0.398758 70.357 0 53.278 1 1.000000
10340 806.115 52.634 238.955 -0.398758 70.357 0 53.278 1 1.000000
10341 806.118 52.622 238.959 -0.387428 70.356 0 53.275 1 1.000000
10342 806.117 52.633 238.961 -0.399284 70.356 0 53.273 1 1.000000
10343 806.113 52.633 238.960 -0.398987 70.356 0 53.272 1 1.000000
10344 806.115 52.628 238.960 -0.393997 70.356 0 53.273 1 1.000000
10345 806.118 52.621 238.960 -0.387199 70.356 0 53.273 1 1.000000
10346 806.118 52.621 238.960 -0.387199 70.356 0 53.273 1 1.000000
10347 806.117 52.633 238.963 -0.399036 70.356 0 53.271 1 1.000000
10348 806.114 52.631 238.961 -0.396530 70.356 0 53.272 1 1.000000
10349 806.114 52.631 238.961 -0.396530 70.356 0 53.272 1 1.000000
10350 806.119 52.620 238.961 -0.386082 70.356 0 53.272 1 1.000000
10351 806.116 52.632 238.964 -0.397942 70.356 0 53.270 1 1.000000
10352 806.116 52.632 238.964 -0.397942 70.356 0 53.270 1 1.000000
10353 806.115 52.627 238.962 -0.392677 70.356 0 53.270 1 1.000000
10354 806.115 52.627 238.962 -0.392677 70.356 0 53.270 1 1.000000
10355 806.118 52.620 238.963 -0.386311 70.356 0 53.271 1 1.000000
10356 806.116 52.632 238.965 -0.398148 70.356 0 53.269 1 1.000000
10357 806.116 52.632 238.965 -0.398148 70.356 0 53.269 1 1.000000
10358 806.113 52.632 238.964 -0.397854 70.356 0 53.268 1 1.000000
10359 806.114 52.627 238.964 -0.392857 70.356 0 53.269 1 1.000000
10360 806.117 52.620 238.964 -0.386189 70.356 0 53.269 1 1.000000
10361 806.116 52.632 238.967 -0.398029 70.355 0 53.267 1 1.000000
10362 806.116 52.632 238.967 -0.398029 70.355 0 53.267 1 1.000000
10363 806.114 52.626 238.965 -0.392761 70.356 0 53.268 1 1.000000
10364 806.114 52.626 238.965 -0.392761 70.356 0 53.268 1 1.000000
10365 806.117 52.620 238.965 -0.385979 70.356 0 53.268 1 1.000000
10366 806.113 52.629 238.966 -0.395309 70.356 0 53.266 1 1.000000
10367 806.115 52.624 238.966 -0.390339 70.356 0 53.267 1 1.000000
10368 806.115 52.624 238.966 -0.390339 70.356 0 53.267 1 1.000000
10369 806.116 52.630 238.969 -0.396751 70.355 0 53.265 1 1.000000
10370 806.112 52.630 238.968 -0.396450 70.355 0 53.265 1 1.000000
10371 806.112 52.630 238.968 -0.396450 70.355 0 53.265 1 1.000000
10372 806.117 52.618 238.968 -0.385159 70.355 0 53.266 1 1.000000
10373 806.117 52.618 238.968 -0.385159 70.355 0 53.266 1 1.000000
10374 806.115 52.630 238.970 -0.396996 70.355 0 53.264 1 1.000000
10375 806.113 52.628 238.968 -0.394485 70.355 0 53.264 1 1.000000
10376 806.113 52.628 238.968 -0.394485 70.355 0 53.264 1 1.000000
10377 806.115 52.623 238.968 -0.389523 70.355 0 53.265 1 1.000000
10378 806.118 52.617 238.969 -0.384262 70.355 0 53.265 1 1.000000
10379 806.118 52.617 238.969 -0.384262 70.355 0 53.265 1 1.000000
10380 806.115 52.622 238.969 -0.388653 70.355 0 53.264 1 1.000000
10381 806.115 52.622 238.969 -0.388653 70.355 0 53.264 1 1.000000
10382 806.116 52.618 238.969 -0.385323 70.355 0 53.263 1 1.000000
10383 806.116 52.618 238.969 -0.385323 70.355 0 53.263 1 1.000000
10384 806.116 52.618 238.969 -0.385330 70.355 0 53.263 1 1.000000
10385 806.116 52.618 238.969 -0.385334 70.355 0 53.263 1 1.000000
10386 806.116 52.618 238.969 -0.385334 70.355 0 53.263 1 1.000000
10387 806.116 52.618 238.969 -0.385334 70.355 0 53.263 1 1.000000
10388 806.116 52.618 238.969 -0.385334 70.355 0 53.263 1 1.000000
10389 806.116 52.618 238.969 -0.385334 70.355 0 53.263 1 1.000000
10390 806.116 52.618 238.969 -0.385334 70.355 0 53.263 1 1.000000
10391 806.116 52.618 238.969 -0.385334 70.355 0 53.263 1 1.000000
10392 806.116 52.618 238.969 -0.385334 70.355 0 53.263 1 1.000000
10393 806.116 52.618 238.969 -0.385334 70.355 0 53.263 1 1.000000
10394 806.116 52.618 238.969 -0.385334 70.355 0 53.263 1 1.000000
10395 806.116 52.618 238.969 -0.385334 70.355 0 53.263 1 1.000000
10396 806.116 52.618 238.969 -0.385334 70.355 0 53.263 1 1.000000
10397 806.116 52.618 238.969 -0.385334 70.355 0 53.263 1 1.000000
10398 806.116 52.618 238.969 -0.385334 70.355 0 53.263 1 1.000000
10399 806.116 52.618 238.969 -0.385334 70.355 0 53.263 1 1.000000
10400 806.116 52.618 238.969 -0.385334 70.355 0 53.263 1 1.000000
10401 806.116 52.618 238.969 -0.385334 70.355 0 53.263 1 1.000000
10402 806.116 52.618 238.969 -0.385334 70.355 0 53.263 1 1.000000
10403 806.116 52.618 238.969 -0.385334 70.355 0 53.263 1 1.000000
10404 806.116 52.618 238.969 -0.385334 70.355 0 53.263 1 1.000000
10405 806.116 52.618 238.969 -0.385334 70.355 0 53.263 1 1.000000
10406 806.116 52.618 238.969 -0.385334 70.355 0 53.263 1 1.000000
10407 806.116 52.618 238.969 -0.385334 70.355 0 53.263 1 1.000000
10408 806.116 52.618 238.969 -0.385334 70.355 0 53.263 1 1.000000
10409 806.116 52.618 238.969 -0.385334 70.355 0 53.263 1 1.000000
10410 806.116 52.618 238.969 -0.385334 70.355 0 53.263 1 1.000000
10411 806.116 52.618 238.969 -0.385334 70.355 0 53.263 1 1.000000
10412 806.116 52.618 238.969 -0.385334 70.355 0 53.263 1 1.000000
10413 806.116 52.618 238.969 -0.385334 70.355 0 53.263 1 1.000000
10414 806.116 52.618 238.969 -0.385334 70.355 0 53.263 1 1.000000
10415 806.116 52.618 238.969 -0.385334 70.355 0 53.263 1 1.000000
10416 806.116 52.618 238.969 -0.385334 70.355 0 53.263 1 1.000000
10417 806.116 52.618 238.969 -0.385334 70.355 0 53.263 1 1.000000
10418 806.116 52.618 238.969 -0.385334 70.355 0 53.263 1 1.000000
10419 806.116 52.618 238.969 -0.385334 70.355 0 53.263 1 1.000000
10420 806.116 52.618 238.969 -0.385334 70.355 0 53.263 1 1.000000
10421 806.116 52.618 238.969 -0.385334 70.355 0 53.263 1 1.000000
10422 806.116 52.618 238.969 -0.385334 70.355 0 53.263 1 1.000000
10423 806.116 52.618 238.969 -0.385334 70.355 0 53.263 1 1.000000
10424 806.116 52.618 238.969 -0.385334 70.355 0 53.263 1 1.000000
10425 806.116 52.618 238.969 -0.385334 70.355 0 53.263 1 1.000000
10426 806.116 52.618 238.969 -0.385334 70.355 0 53.263 1 1.000000
10427 806.116 52.618 238.969 -0.385334 70.355 0 53.263 1 1.000000
10428 806.116 52.618 238.969 -0.385334 70.355 0 53.263 1 1.000000
10429 806.116 52.618 238.969 -0.385334 70.355 0 53.263 1 1.000000
10430 806.116 52.618 238.969 -0.385334 70.355 0 53.263 1 1.000000
10431 806.116 52.618 238.969 -0.385334 70.355 0 53.263 1 1.000000
10432 806.116 52.618 238.969 -0.385334 70.355 0 53.263 1 1.000000
10433 806.116 52.618 238.969 -0.385334 70.355 0 53.263 1 1.000000
10434 806.116 52.618 238.969 -0.385334 70.355 0 53.263 1 1.000000
10435 806.116 52.618 238.969 -0.385334 70.355 0 53.263 1 1.000000
10436 806.116 52.618 238.969 -0.385334 70.355 0 53.263 1 1.000000
10437 806.116 52.618 238.969 -0.385334 70.355 0 53.263 1 1.000000
10438 806.116 52.618 238.969 -0.385334 70.355 0 53.263 1 1.000000
10439 806.116 52.618 238.969 -0.385334 70.355 0 53.263 1 1.000000
10440 806.116 52.618 238.969 -0.385334 70.355 0 53.263 1 1.000000
10441 806.116 52.618 238.969 -0.385334 70.355 0 53.263 1 1.000000
10442 806.116 52.618 238.969 -0.385334 70.355 0 53.263 1 1.000000
10443 806.116 52.618 238.969 -0.385334 70.355 0 53.263 1 1.000000
10444 806.116 52.618 238.969 -0.385334 70.355 0 53.263 1 1.000000
10445 806.116 52.618 238.969 -0.385334 70.355 0 53.263 1 1.000000
10446 806.116 52.618 238.969 -0.385334 70.355 0 53.263 1 1.000000
10447 806.116 52.618 238.969 -0.385334 70.355 0 53.263 1 1.000000
10448 806.116 52.618 238.969 -0.385334 70.355 0 53.263 1 1.000000
10449 806.116 52.618 238.969 -0.385334 70.355 0 53.263 1 1.000000
10450 806.116 52.618 238.969 -0.385334 70.355 0 53.263 1 1.000000
10451 806.116 52.618 238.969 -0.385334 70.355 0 53.263 1 1.000000
10452 806.116 52.618 238.969 -0.385334 70.355 0 53.263 1 1.000000
10453 806.116 52.618 238.969 -0.385334 70.355 0 53.263 1 1.000000
10454 806.116 52.618 238.969 -0.385334 70.355 0 53.263 1 1.000000
10455 806.116 52.618 238.969 -0.385334 70.355 0 53.263 1 1.000000
10456 806.116 52.618 238.969 -0.385334 70.355 0 53.263 1 1.000000
10457 806.116 52.618 238.969 -0.385334 70.355 0 53.263 1 1.000000
10458 806.116 52.618 238.969 -0.385334 70.355 0 53.263 1 1.000000
10459 806.116 52.618 238.969 -0.385334 70.355 0 53.263 1 1.000000
10460 806.116 52.618 238.969 -0.385334 70.355 0 53.263 1 1.000000
10461 806.116 52.618 238.969 -0.385334 70.355 0 53.263 1 1.000000
10462 806.116 52.618 238.969 -0.385334 70.355 0 53.263 1 1.000000
10463 806.116 52.618 238.969 -0.385334 70.355 0 53.263 1 1.000000
10464 806.116 52.618 238.969 -0.385334 70.355 0 53.263 1 1.000000
10465 806.116 52.618 238.969 -0.385334 70.355 0 53.263 1 1.000000
10466 806.116 52.618 238.969 -0.385334 70.355 0 53.263 1 1.000000
10467 806.116 52.618 238.969 -0.385334 70.355 0 53.263 1 1.000000
10468 806.116 52.618 238.969 -0.385334 70.355 0 53.263 1 1.000000
10469 806.116 52.618 238.969 -0.385334 70.355 0 53.263 1 1.000000
10470 806.116 52.618 238.969 -0.385334 70.355 0 53.263 1 1.000000
10471 806.116 52.618 238.969 -0.385334 70.355 0 53.263 1 1.000000
10472 806.116 52.618 238.969 -0.385334 70.355 0 53.263 1 1.000000
10473 806.116 52.618 238.969 -0.385334 70.355 0 53.263 1 1.000000
10474 806.116 52.618 238.969 -0.385334 70.355 0 53.263 1 1.000000
10475 806.116 52.618 238.969 -0.385334 70.355 0 53.263 1 1.000000
10476 806.116 52.618 238.969 -0.385334 70.355 0 53.263 1 1.000000
10477 806.116 52.618 238.969 -0.385334 70.355 0 53.263 1 1.000000
10478 806.116 52.618 238.969 -0.385334 70.355 0 53.263 1 1.000000
10479 806.116 52.618 238.969 -0.385334 70.355 0 53.263 1 1.000000
10480 806.116 52.618 238.969 -0.385334 70.355 0 53.263 1 1.000000
10481 806.116 52.618 238.969 -0.385334 70.355 0 53.263 1 1.000000
10482 806.116 52.618 238.969 -0.385334 70.355 0 53.263 1 1.000000
10483 806.116 52.618 238.969 -0.385334 70.355 0 53.263 1 1.000000
10484 806.116 52.618 238.969 -0.385334 70.355 0 53.263 1 1.000000
10485 806.116 52.618 238.969 -0.385334 70.355 0 53.263 1 1.000000
10486 806.116 52.618 238.969 -0.385334 70.355 0 53.263 1 1.000000
10487 806.116 52.618 238.969 -0.385334 70.355 0 53.263 1 1.000000
10488 806.116 52.618 238.969 -0.385334 70.355 0 53.263 1 1.000000
10489 806.116 52.618 238.969 -0.385334 70.355 0 53.263 1 1.000000
10490 806.116 52.618 238.969 -0.385334 70.355 0 53.263 1 1.000000
10491 806.116 52.618 238.969 -0.385334 70.355 0 53.263 1 1.000000
10492 806.116 52.618 238.969 -0.385334 70.355 0 53.263 1 1.000000
10493 806.116 52.618 238.969 -0.385334 70.355 0 53.263 1 1.000000
10494 806.116 52.618 238.969 -0.385334 70.355 0 53.263 1 1.000000
10495 806.116 52.618 238.969 -0.385334 70.355 0 53.263 1 1.000000
10496 806.116 52.618 238.969 -0.385334 70.355 0 53.263 1 1.000000
10497 806.116 52.618 238.969 -0.385334 70.355 0 53.263 1 1.000000
10498 806.116 52.689 238.969 -0.455292 70.355 0 53.273 1 1.000000
10499 806.116 52.758 238.968 -0.471546 70.355 0 53.282 1 1.000000
10500 806.116 52.758 238.968 -0.471546 70.355 0 53.282 1 1.000000
10501 806.091 52.824 238.959 -0.444365 70.357 0 53.287 1 1.000000
10502 806.089 52.886 238.962 -0.443949 70.357 0 53.292 1 1.000000
10503 806.089 52.886 238.962 -0.443949 70.357 0 53.292 1 1.000000
10504 806.067 53.004 238.958 -0.421528 70.358 0 53.300 1 1.000000
10505 806.067 53.004 238.958 -0.421528 70.358 0 53.300 1 1.000000
10506 806.077 53.041 238.964 -0.432444 70.357 0 53.303 1 1.000000
10507 806.109 53.127 238.982 -0.468117 70.354 0 53.310 1 1.000000
10508 806.120 53.170 238.989 -0.481117 70.353 0 53.314 1 1.000000
10509 806.120 53.170 238.989 -0.481117 70.353 0 53.314 1 1.000000
10510 806.136 53.251 238.992 -0.495941 70.352 0 53.328 1 1.000000
10511 806.136 53.251 238.992 -0.495941 70.352 0 53.328 1 1.000000
10512 806.141 53.288 238.989 -0.499186 70.352 0 53.336 1 1.000000
10513 806.147 53.323 238.986 -0.503077 70.352 0 53.346 1 1.000000
10514 806.153 53.355 238.983 -0.506583 70.353 0 53.354 1 1.000000
10515 806.153 53.355 238.983 -0.506583 70.353 0 53.354 1 1.000000
10516 806.168 53.396 238.979 -0.517995 70.353 0 53.369 1 1.000000
10517 806.176 53.398 238.978 -0.525164 70.352 0 53.374 1 1.000000
10518 806.176 53.398 238.978 -0.525164 70.352 0 53.374 1 1.000000
10519 806.184 53.401 238.976 -0.531455 70.352 0 53.379 1 1.000000
10520 806.184 53.401 238.976 -0.531455 70.352 0 53.379 1 1.000000
10521 806.197 53.405 238.972 -0.541328 70.353 0 53.389 1 1.000000
10522 806.197 53.405 238.972 -0.541328 70.353 0 53.389 1 1.000000
10523 806.206 53.408 238.966 -0.547680 70.353 0 53.398 1 1.000000
10524 806.210 53.409 238.963 -0.549505 70.353 0 53.402 1 1.000000
10525 806.212 53.410 238.960 -0.550578 70.353 0 53.406 1 1.000000
10526 806.214 53.410 238.957 -0.550775 70.354 0 53.410 1 1.000000
10527 806.214 53.410 238.957 -0.550775 70.354 0 53.410 1 1.000000
10528 806.215 53.410 238.954 -0.550099 70.354 0 53.413 1 1.000000
10529 806.215 53.408 238.951 -0.549435 70.354 0 53.416 1 1.000000
10530 806.188 53.400 238.942 -0.520829 70.356 0 53.412 1 1.000000
10531 806.189 53.392 238.938 -0.520200 70.356 0 53.414 1 1.000000
10532 806.189 53.392 238.938 -0.520200 70.356 0 53.414 1 1.000000
10533 806.167 53.380 238.930 -0.497558 70.358 0 53.411 1 1.000000
10534 806.168 53.367 238.927 -0.496893 70.358 0 53.413 1 1.000000
10535 806.168 53.367 238.927 -0.496893 70.358 0 53.413 1 1.000000
10536 806.164 53.328 238.919 -0.490649 70.359 0 53.415 1 1.000000
10537 806.164 53.328 238.919 -0.490649 70.359 0 53.415 1 1.000000
10538 806.158 53.303 238.914 -0.483599 70.360 0 53.414 1 1.000000
10539 806.159 53.279 238.910 -0.482987 70.360 0 53.414 1 1.000000
10540 806.151 53.249 238.905 -0.474421 70.361 0 53.412 1 1.000000
10541 806.151 53.249 238.905 -0.474421 70.361 0 53.412 1 1.000000
10542 806.143 53.183 238.896 -0.463791 70.362 0 53.409 1 1.000000
10543 806.144 53.148 238.893 -0.463256 70.362 0 53.408 1 1.000000
10544 806.132 53.107 238.887 -0.450612 70.363 0 53.403 1 1.000000
10545 806.132 53.107 238.887 -0.450612 70.363 0 53.403 1 1.000000
10546 806.133 53.067 238.884 -0.450265 70.364 0 53.401 1 1.000000
10547 806.107 53.022 238.876 -0.424195 70.365 0 53.393 1 1.000000
10548 806.107 52.870 238.876 -0.425130 70.365 0 53.374 1 1.000000
10549 806.107 52.870 238.876 -0.425130 70.365 0 53.374 1 1.000000
10550 806.113 52.823 238.883 -0.433416 70.364 0 53.365 1 1.000000
10551 806.119 52.773 238.889 -0.442104 70.363 0 53.356 1 1.000000
10552 806.126 52.720 238.896 -0.451239 70.363 0 53.346 1 1.000000
10553 806.133 52.664 238.903 -0.422619 70.362 0 53.336 1 1.000000
10554 806.133 52.664 238.903 -0.422619 70.362 0 53.336 1 1.000000
10555 806.132 52.639 238.916 -0.398956 70.360 0 53.321 1 1.000000
10556 806.132 52.639 238.916 -0.398956 70.360 0 53.321 1 1.000000
10557 806.131 52.636 238.919 -0.396732 70.360 0 53.318 1 1.000000
10558 806.131 52.631 238.922 -0.391895 70.360 0 53.314 1 1.000000
10559 806.128 52.640 238.931 -0.401451 70.359 0 53.306 1 1.000000
10560 806.128 52.640 238.931 -0.401451 70.359 0 53.306 1 1.000000
10561 806.124 52.632 238.936 -0.394360 70.358 0 53.299 1 1.000000
10562 806.124 52.632 238.936 -0.394360 70.358 0 53.299 1 1.000000
10563 806.125 52.626 238.940 -0.389278 70.358 0 53.295 1 1.000000
10564 806.123 52.627 238.940 -0.390575 70.358 0 53.294 1 1.000000
10565 806.123 52.626 238.944 -0.389652 70.358 0 53.291 1 1.000000
10566 806.123 52.626 238.944 -0.389652 70.358 0 53.291 1 1.000000
10567 806.117 52.635 238.950 -0.399879 70.357 0 53.283 1 1.000000
10568 806.117 52.630 238.953 -0.395012 70.357 0 53.280 1 1.000000
10569 806.117 52.630 238.953 -0.395012 70.357 0 53.280 1 1.000000
10570 806.118 52.623 238.957 -0.388115 70.356 0 53.276 1 1.000000
10571 806.118 52.623 238.957 -0.388222 70.356 0 53.276 1 1.000000
10572 806.118 52.623 238.957 -0.388222 70.356 0 53.276 1 1.000000
10573 806.118 52.623 238.957 -0.388226 70.356 0 53.276 1 1.000000
10574 806.118 52.623 238.957 -0.388226 70.356 0 53.276 1 1.000000
10575 806.118 52.623 238.957 -0.388229 70.356 0 53.276 1 1.000000
10576 806.118 52.623 238.957 -0.388229 70.356 0 53.276 1 1.000000
10577 806.118 52.623 238.957 -0.388233 70.356 0 53.276 1 1.000000
10578 806.118 52.623 238.957 -0.388233 70.356 0 53.276 1 1.000000
10579 806.118 52.623 238.957 -0.388233 70.356 0 53.276 1 1.000000
10580 806.118 52.623 238.957 -0.388233 70.356 0 53.276 1 1.000000
10581 806.118 52.623 238.957 -0.388233 70.356 0 53.276 1 1.000000
10582 806.118 52.623 238.957 -0.388233 70.356 0 53.276 1 1.000000
10583 806.118 52.623 238.957 -0.388233 70.356 0 53.276 1 1.000000
10584 806.118 52.623 238.957 -0.388233 70.356 0 53.276 1 1.000000
10585 806.118 52.623 238.957 -0.388233 70.356 0 53.276 1 1.000000
10586 806.118 52.623 238.957 -0.388233 70.356 0 53.276 1 1.000000
10587 806.118 52.623 238.957 -0.388233 70.356 0 53.276 1 1.000000
10588 806.118 52.623 238.957 -0.388233 70.356 0 53.276 1 1.000000
10589 806.118 52.623 238.957 -0.388233 70.356 0 53.276 1 1.000000
10590 806.118 52.623 238.957 -0.388233 70.356 0 53.276 1 1.000000
10591 806.118 52.623 238.957 -0.388233 70.356 0 53.276 1 1.000000
10592 806.118 52.623 238.957 -0.388233 70.356 0 53.276 1 1.000000
10593 806.118 52.623 238.957 -0.388233 70.356 0 53.276 1 1.000000
10594 806.118 52.623 238.957 -0.388233 70.356 0 53.276 1 1.000000
10595 806.118 52.623 238.957 -0.388233 70.356 0 53.276 1 1.000000
10596 806.118 52.623 238.957 -0.388233 70.356 0 53.276 1 1.000000
10597 806.118 52.623 238.957 -0.388233 70.356 0 53.276 1 1.000000
10598 806.118 52.623 238.957 -0.388233 70.356 0 53.276 1 1.000000
10599 806.118 52.623 238.957 -0.388233 70.356 0 53.276 1 1.000000
10600 806.118 52.623 238.957 -0.388233 70.356 0 53.276 1 1.000000
10601 806.118 52.623 238.957 -0.388233 70.356 0 53.276 1 1.000000
10602 806.118 52.623 238.957 -0.388233 70.356 0 53.276 1 1.000000
10603 806.118 52.623 238.957 -0.388233 70.356 0 53.276 1 1.000000
10604 806.118 52.623 238.957 -0.388233 70.356 0 53.276 1 1.000000
10605 806.118 52.623 238.957 -0.388233 70.356 0 53.276 1 1.000000
10606 806.118 52.623 238.957 -0.388233 70.356 0 53.276 1 1.000000
10607 806.118 52.623 238.957 -0.388233 70.356 0 53.276 1 1.000000
10608 806.118 52.623 238.957 -0.388233 70.356 0 53.276 1 1.000000
10609 806.118 52.623 238.957 -0.388233 70.356 0 53.276 1 1.000000
10610 806.118 52.623 238.957 -0.388233 70.356 0 53.276 1 1.000000
10611 806.118 52.623 238.957 -0.388233 70.356 0 53.276 1 1.000000
10612 806.118 52.623 238.957 -0.388233 70.356 0 53.276 1 1.000000
10613 806.118 52.623 238.957 -0.388233 70.356 0 53.276 1 1.000000
10614 806.118 52.623 238.957 -0.388233 70.356 0 53.276 1 1.000000
10615 806.118 52.623 238.957 -0.388233 70.356 0 53.276 1 1.000000
10616 806.118 52.623 238.957 -0.388233 70.356 0 53.276 1 1.000000
10617 806.118 52.623 238.957 -0.388233 70.356 0 53.276 1 1.000000
10618 806.118 52.623 238.957 -0.388233 70.356 0 53.276 1 1.000000
10619 806.118 52.623 238.957 -0.388233 70.356 0 53.276 1 1.000000
10620 806.118 52.623 238.957 -0.388233 70.356 0 53.276 1 1.000000
10621 806.118 52.623 238.957 -0.388233 70.356 0 53.276 1 1.000000
10622 806.118 52.623 238.957 -0.388233 70.356 0 53.276 1 1.000000
10623 806.118 52.623 238.957 -0.388233 70.356 0 53.276 1 1.000000
10624 806.118 52.623 238.957 -0.388233 70.356 0 53.276 1 1.000000
10625 806.118 52.623 238.957 -0.388233 70.356 0 53.276 1 1.000000
10626 806.118 52.623 238.957 -0.388233 70.356 0 53.276 1 1.000000
10627 806.118 52.623 238.957 -0.388233 70.356 0 53.276 1 1.000000
10628 806.118 52.623 238.957 -0.388233 70.356 0 53.276 1 1.000000
10629 806.118 52.623 238.957 -0.388233 70.356 0 53.276 1 1.000000
10630 806.118 52.623 238.957 -0.388233 70.356 0 53.276 1 1.000000
10631 806.118 52.623 238.957 -0.388233 70.356 0 53.276 1 1.000000
10632 806.118 52.623 238.957 -0.388233 70.356 0 53.276 1 1.000000
10633 806.118 52.623 238.957 -0.388233 70.356 0 53.276 1 1.000000
10634 806.118 52.623 238.957 -0.388233 70.356 0 53.276 1 1.000000
10635 806.118 52.623 238.957 -0.388233 70.356 0 53.276 1 1.000000
10636 806.118 52.623 238.957 -0.388233 70.356 0 53.276 1 1.000000
10637 806.118 52.623 238.957 -0.388233 70.356 0 53.276 1 1.000000
10638 806.118 52.623 238.957 -0.388233 70.356 0 53.276 1 1.000000
10639 806.118 52.623 238.957 -0.388233 70.356 0 53.276 1 1.000000
10640 806.118 52.623 238.957 -0.388233 70.356 0 53.276 1 1.000000
10641 806.118 52.623 238.957 -0.388233 70.356 0 53.276 1 1.000000
10642 806.118 52.623 238.957 -0.388233 70.356 0 53.276 1 1.000000
10643 806.118 52.623 238.957 -0.388233 70.356 0 53.276 1 1.000000
10644 806.118 52.623 238.957 -0.388233 70.356 0 53.276 1 1.000000
10645 806.118 52.623 238.957 -0.388233 70.356 0 53.276 1 1.000000
10646 806.118 52.623 238.957 -0.388233 70.356 0 53.276 1 1.000000
10647 806.118 52.623 238.957 -0.388233 70.356 0 53.276 1 1.000000
10648 806.118 52.623 238.957 -0.388233 70.356 0 53.276 1 1.000000
10649 806.118 52.623 238.957 -0.388233 70.356 0 53.276 1 1.000000
10650 806.118 52.623 238.957 -0.388233 70.356 0 53.276 1 1.000000
10651 806.118 52.623 238.957 -0.388233 70.356 0 53.276 1 1.000000
10652 806.118 52.623 238.957 -0.388233 70.356 0 53.276 1 1.000000
10653 806.118 52.623 238.957 -0.388233 70.356 0 53.276 1 1.000000
10654 806.118 52.623 238.957 -0.388233 70.356 0 53.276 1 1.000000
10655 806.118 52.623 238.957 -0.388233 70.356 0 53.276 1 1.000000
10656 806.118 52.623 238.957 -0.388233 70.356 0 53.276 1 1.000000
10657 806.118 52.623 238.957 -0.388233 70.356 0 53.276 1 1.000000
10658 806.118 52.623 238.957 -0.388233 70.356 0 53.276 1 1.000000
10659 806.118 52.623 238.957 -0.388233 70.356 0 53.276 1 1.000000
10660 806.118 52.623 238.957 -0.388233 70.356 0 53.276 1 1.000000
10661 806.118 52.623 238.957 -0.388233 70.356 0 53.276 1 1.000000
10662 806.118 52.623 238.957 -0.388233 70.356 0 53.276 1 1.000000
10663 806.118 52.623 238.957 -0.388233 70.356 0 53.276 1 1.000000
10664 806.118 52.623 238.957 -0.388233 70.356 0 53.276 1 1.000000
10665 806.118 52.623 238.957 -0.388233 70.356 0 53.276 1 1.000000
10666 806.118 52.623 238.957 -0.388233 70.356 0 53.276 1 1.000000
10667 806.118 52.623 238.957 -0.388233 70.356 0 53.276 1 1.000000
10668 806.118 52.623 238.957 -0.388233 70.356 0 53.276 1 1.000000
10669 806.118 52.623 238.957 -0.388233 70.356 0 53.276 1 1.000000
10670 806.118 52.623 238.957 -0.388233 70.356 0 53.276 1 1.000000
10671 806.118 52.623 238.957 -0.388233 70.356 0 53.276 1 1.000000
10672 806.118 52.623 238.957 -0.388233 70.356 0 53.276 1 1.000000
10673 806.118 52.623 238.957 -0.388233 70.356 0 53.276 1 1.000000
10674 806.118 52.623 238.957 -0.388233 70.356 0 53.276 1 1.000000
10675 806.118 52.623 238.957 -0.388233 70.356 0 53.276 1 1.000000
10676 806.118 52.694 238.956 -0.458202 70.356 0 53.285 1 1.000000
10677 806.118 52.762 238.955 -0.468469 70.357 0 53.295 1 1.000000
10678 806.095 52.828 238.948 -0.443577 70.358 0 53.299 1 1.000000
10679 806.094 52.891 238.951 -0.443217 70.358 0 53.304 1 1.000000
10680 806.073 52.951 238.944 -0.421147 70.359 0 53.308 1 1.000000
10681 806.073 52.951 238.944 -0.421147 70.359 0 53.308 1 1.000000
10682 806.071 53.009 238.947 -0.420793 70.359 0 53.312 1 1.000000
10683 806.083 53.045 238.954 -0.433622 70.358 0 53.315 1 1.000000
10684 806.099 53.089 238.963 -0.451923 70.356 0 53.319 1 1.000000
10685 806.114 53.132 238.972 -0.468646 70.355 0 53.322 1 1.000000
10686 806.114 53.132 238.972 -0.468646 70.355 0 53.322 1 1.000000
10687 806.125 53.174 238.977 -0.480539 70.354 0 53.327 1 1.000000
10688 806.133 53.216 238.979 -0.488676 70.354 0 53.334 1 1.000000
10689 806.139 53.256 238.978 -0.493056 70.353 0 53.342 1 1.000000
10690 806.145 53.294 238.976 -0.496816 70.354 0 53.351 1 1.000000
10691 806.145 53.294 238.976 -0.496816 70.354 0 53.351 1 1.000000
10692 806.156 53.361 238.970 -0.504218 70.354 0 53.369 1 1.000000
10693 806.156 53.361 238.970 -0.504218 70.354 0 53.369 1 1.000000
10694 806.161 53.391 238.967 -0.507390 70.354 0 53.377 1 1.000000
10695 806.173 53.396 238.966 -0.517617 70.354 0 53.383 1 1.000000
10696 806.182 53.399 238.964 -0.524724 70.354 0 53.389 1 1.000000
10697 806.182 53.399 238.964 -0.524724 70.354 0 53.389 1 1.000000
10698 806.190 53.402 238.962 -0.530956 70.354 0 53.394 1 1.000000
10699 806.196 53.404 238.960 -0.536237 70.354 0 53.399 1 1.000000
10700 806.196 53.404 238.960 -0.536237 70.354 0 53.399 1 1.000000
10701 806.208 53.408 238.956 -0.544347 70.354 0 53.409 1 1.000000
10702 806.212 53.409 238.953 -0.547114 70.354 0 53.413 1 1.000000
10703 806.212 53.409 238.953 -0.547114 70.354 0 53.413 1 1.000000
10704 806.215 53.410 238.950 -0.549003 70.354 0 53.417 1 1.000000
10705 806.218 53.411 238.947 -0.550080 70.355 0 53.421 1 1.000000
10706 806.219 53.411 238.944 -0.550282 70.355 0 53.424 1 1.000000
10707 806.220 53.411 238.941 -0.549659 70.355 0 53.427 1 1.000000
