# Daggerfall N per-frame ENVIRONMENT log -- one line per
# PRESENTED frame, taken at the set_environment() call.
# frame dark lights sun_x sun_y sun_z sun_lum amb_lum moon_light eye_x eye_y eye_z
0 0.000000 0 0.7916 0.5056 0.3431 0.9627 0.3586 0.0000 797.632 27.965 299.042
1 0.000000 0 0.7911 0.5066 0.3429 0.9627 0.3586 0.0000 797.796 27.852 299.051
2 0.000000 0 0.7906 0.5074 0.3428 0.9627 0.3586 0.0000 797.923 27.707 299.025
3 0.000000 0 0.7900 0.5084 0.3427 0.9627 0.3586 0.0000 798.073 27.446 298.952
4 0.000000 0 0.7895 0.5093 0.3426 0.9627 0.3586 0.0000 798.188 27.134 298.849
5 0.000000 0 0.7891 0.5100 0.3425 0.9627 0.3586 0.0000 798.293 26.777 298.753
6 0.000000 0 0.7882 0.5114 0.3423 0.9627 0.3586 0.0000 798.416 26.300 298.648
7 0.000000 0 0.7876 0.5125 0.3421 0.9627 0.3586 0.0000 798.515 25.852 298.563
8 0.000000 0 0.7872 0.5132 0.3420 0.9627 0.3586 0.0000 798.629 25.276 298.465
9 0.000000 0 0.7867 0.5140 0.3419 0.9627 0.3586 0.0000 798.742 24.918 298.391
10 0.000000 0 0.7863 0.5147 0.3418 0.9627 0.3586 0.0000 798.861 24.913 298.311
11 0.000000 0 0.7853 0.5164 0.3416 0.9627 0.3586 0.0000 798.959 25.039 298.245
12 0.000000 0 0.7849 0.5170 0.3415 0.9627 0.3586 0.0000 799.059 25.096 298.175
13 0.000000 0 0.7844 0.5179 0.3414 0.9627 0.3586 0.0000 799.178 25.148 298.087
14 0.000000 0 0.7838 0.5188 0.3413 0.9627 0.3586 0.0000 799.286 25.203 298.003
15 0.000000 0 0.7830 0.5202 0.3411 0.9627 0.3586 0.0000 799.376 25.247 297.929
16 0.000000 0 0.7824 0.5212 0.3410 0.9627 0.3586 0.0000 799.470 25.284 297.850
17 0.000000 0 0.7820 0.5219 0.3409 0.9627 0.3586 0.0000 799.570 25.316 297.767
18 0.000000 0 0.7816 0.5225 0.3408 0.9627 0.3586 0.0000 799.689 25.353 297.671
19 0.000000 0 0.7805 0.5243 0.3405 0.9627 0.3586 0.0000 799.785 25.392 297.598
20 0.000000 0 0.7800 0.5250 0.3404 0.9627 0.3586 0.0000 799.893 25.446 297.519
21 0.000000 0 0.7800 0.5251 0.3404 0.9627 0.3586 0.0000 799.969 25.487 297.465
22 0.000000 0 0.7799 0.5252 0.3404 0.9627 0.3586 0.0000 800.033 25.520 297.421
23 0.000000 0 0.7798 0.5254 0.3404 0.9627 0.3586 0.0000 800.144 25.568 297.345
24 0.000000 0 0.7798 0.5255 0.3404 0.9627 0.3586 0.0000 800.234 25.600 297.284
25 0.000000 0 0.7797 0.5256 0.3404 0.9627 0.3586 0.0000 800.322 25.625 297.221
26 0.000000 0 0.7796 0.5257 0.3403 0.9627 0.3586 0.0000 800.419 25.657 297.149
27 0.000000 0 0.7795 0.5259 0.3403 0.9627 0.3586 0.0000 800.498 25.690 297.085
28 0.000000 0 0.7795 0.5260 0.3403 0.9627 0.3586 0.0000 800.563 25.723 297.031
29 0.000000 0 0.7795 0.5260 0.3403 0.9627 0.3586 0.0000 800.571 25.727 297.024
30 0.000000 0 0.7794 0.5261 0.3403 0.9627 0.3586 0.0000 800.649 25.774 296.956
31 0.000000 0 0.7793 0.5262 0.3403 0.9627 0.3586 0.0000 800.713 25.813 296.897
32 0.000000 0 0.7793 0.5263 0.3403 0.9627 0.3586 0.0000 800.767 25.844 296.846
33 0.000000 0 0.7792 0.5264 0.3402 0.9627 0.3586 0.0000 800.833 25.878 296.783
34 0.000000 0 0.7792 0.5265 0.3402 0.9627 0.3586 0.0000 800.886 25.900 296.732
35 0.000000 0 0.7791 0.5266 0.3402 0.9627 0.3586 0.0000 800.951 25.924 296.671
36 0.000000 0 0.7790 0.5266 0.3402 0.9627 0.3586 0.0000 801.011 25.945 296.614
37 0.000000 0 0.7790 0.5267 0.3402 0.9627 0.3586 0.0000 801.064 25.965 296.566
38 0.000000 0 0.7790 0.5267 0.3402 0.9627 0.3586 0.0000 801.069 25.968 296.562
39 0.000000 0 0.7790 0.5268 0.3402 0.9627 0.3586 0.0000 801.076 25.971 296.555
40 0.000000 0 0.7789 0.5269 0.3402 0.9627 0.3586 0.0000 801.144 26.002 296.495
41 0.000000 0 0.7788 0.5270 0.3402 0.9627 0.3586 0.0000 801.213 26.040 296.435
42 0.000000 0 0.7788 0.5271 0.3402 0.9627 0.3586 0.0000 801.287 26.079 296.387
43 0.000000 0 0.7787 0.5272 0.3401 0.9627 0.3586 0.0000 801.388 26.125 296.338
44 0.000000 0 0.7786 0.5273 0.3401 0.9627 0.3586 0.0000 801.467 26.161 296.295
45 0.000000 0 0.7786 0.5274 0.3401 0.9627 0.3586 0.0000 801.553 26.194 296.248
46 0.000000 0 0.7785 0.5275 0.3401 0.9627 0.3586 0.0000 801.638 26.219 296.201
47 0.000000 0 0.7784 0.5276 0.3401 0.9627 0.3586 0.0000 801.733 26.244 296.148
48 0.000000 0 0.7784 0.5276 0.3401 0.9627 0.3586 0.0000 801.743 26.246 296.142
49 0.000000 0 0.7784 0.5277 0.3401 0.9627 0.3586 0.0000 801.829 26.271 296.091
50 0.000000 0 0.7783 0.5278 0.3400 0.9627 0.3586 0.0000 801.901 26.296 296.046
51 0.000000 0 0.7782 0.5279 0.3400 0.9627 0.3586 0.0000 801.967 26.324 296.003
52 0.000000 0 0.7782 0.5280 0.3400 0.9627 0.3586 0.0000 802.054 26.367 295.944
53 0.000000 0 0.7781 0.5281 0.3400 0.9627 0.3586 0.0000 802.127 26.406 295.892
54 0.000000 0 0.7780 0.5283 0.3400 0.9627 0.3586 0.0000 802.209 26.448 295.832
55 0.000000 0 0.7780 0.5284 0.3400 0.9627 0.3586 0.0000 802.294 26.485 295.769
56 0.000000 0 0.7779 0.5285 0.3400 0.9627 0.3586 0.0000 802.370 26.511 295.712
57 0.000000 0 0.7779 0.5285 0.3400 0.9627 0.3586 0.0000 802.376 26.513 295.707
58 0.000000 0 0.7779 0.5285 0.3400 0.9627 0.3586 0.0000 802.383 26.515 295.702
59 0.000000 0 0.7779 0.5285 0.3400 0.9627 0.3586 0.0000 802.393 26.518 295.695
60 0.000000 0 0.7778 0.5286 0.3399 0.9627 0.3586 0.0000 802.471 26.541 295.639
61 0.000000 0 0.7778 0.5287 0.3399 0.9627 0.3586 0.0000 802.522 26.557 295.603
62 0.000000 0 0.7777 0.5288 0.3399 0.9627 0.3586 0.0000 802.587 26.578 295.559
63 0.000000 0 0.7777 0.5289 0.3399 0.9627 0.3586 0.0000 802.646 26.601 295.520
64 0.000000 0 0.7776 0.5290 0.3399 0.9627 0.3586 0.0000 802.726 26.638 295.469
65 0.000000 0 0.7775 0.5291 0.3399 0.9627 0.3586 0.0000 802.806 26.678 295.420
66 0.000000 0 0.7775 0.5292 0.3399 0.9627 0.3586 0.0000 802.885 26.719 295.373
67 0.000000 0 0.7774 0.5293 0.3399 0.9627 0.3586 0.0000 802.956 26.752 295.331
68 0.000000 0 0.7774 0.5293 0.3399 0.9627 0.3586 0.0000 802.967 26.757 295.325
69 0.000000 0 0.7774 0.5293 0.3399 0.9627 0.3586 0.0000 802.970 26.759 295.323
70 0.000000 0 0.7773 0.5294 0.3398 0.9627 0.3586 0.0000 803.045 26.789 295.280
71 0.000000 0 0.7773 0.5295 0.3398 0.9627 0.3586 0.0000 803.124 26.815 295.233
72 0.000000 0 0.7772 0.5296 0.3398 0.9627 0.3586 0.0000 803.192 26.834 295.193
73 0.000000 0 0.7772 0.5297 0.3398 0.9627 0.3586 0.0000 803.261 26.854 295.150
74 0.000000 0 0.7771 0.5298 0.3398 0.9627 0.3586 0.0000 803.340 26.880 295.099
75 0.000000 0 0.7770 0.5299 0.3398 0.9627 0.3586 0.0000 803.410 26.908 295.052
76 0.000000 0 0.7770 0.5300 0.3398 0.9627 0.3586 0.0000 803.478 26.941 295.004
77 0.000000 0 0.7769 0.5301 0.3397 0.9627 0.3586 0.0000 803.563 26.988 294.942
78 0.000000 0 0.7769 0.5301 0.3397 0.9627 0.3586 0.0000 803.571 26.992 294.936
79 0.000000 0 0.7769 0.5301 0.3397 0.9627 0.3586 0.0000 803.577 26.995 294.932
80 0.000000 0 0.7769 0.5301 0.3397 0.9627 0.3586 0.0000 803.587 27.001 294.924
81 0.000000 0 0.7768 0.5302 0.3397 0.9627 0.3586 0.0000 803.644 27.034 294.880
82 0.000000 0 0.7768 0.5303 0.3397 0.9627 0.3586 0.0000 803.710 27.069 294.828
83 0.000000 0 0.7767 0.5304 0.3397 0.9627 0.3586 0.0000 803.781 27.102 294.771
84 0.000000 0 0.7767 0.5305 0.3397 0.9627 0.3586 0.0000 803.848 27.128 294.718
85 0.000000 0 0.7766 0.5306 0.3397 0.9627 0.3586 0.0000 803.907 27.148 294.671
86 0.000000 0 0.7765 0.5307 0.3397 0.9627 0.3586 0.0000 803.991 27.176 294.606
87 0.000000 0 0.7765 0.5308 0.3396 0.9627 0.3586 0.0000 804.066 27.204 294.552
88 0.000000 0 0.7764 0.5309 0.3396 0.9627 0.3586 0.0000 804.136 27.236 294.501
89 0.000000 0 0.7764 0.5309 0.3396 0.9627 0.3586 0.0000 804.144 27.240 294.496
90 0.000000 0 0.7763 0.5310 0.3396 0.9627 0.3586 0.0000 804.219 27.279 294.445
91 0.000000 0 0.7763 0.5311 0.3396 0.9627 0.3586 0.0000 804.272 27.310 294.409
92 0.000000 0 0.7762 0.5312 0.3396 0.9627 0.3586 0.0000 804.343 27.349 294.363
93 0.000000 0 0.7762 0.5313 0.3396 0.9627 0.3586 0.0000 804.419 27.388 294.314
94 0.000000 0 0.7761 0.5314 0.3396 0.9627 0.3586 0.0000 804.497 27.424 294.263
95 0.000000 0 0.7760 0.5315 0.3396 0.9627 0.3586 0.0000 804.553 27.445 294.227
96 0.000000 0 0.7760 0.5316 0.3395 0.9627 0.3586 0.0000 804.613 27.465 294.187
97 0.000000 0 0.7759 0.5316 0.3395 0.9627 0.3586 0.0000 804.679 27.486 294.142
98 0.000000 0 0.7759 0.5317 0.3395 0.9627 0.3586 0.0000 804.686 27.489 294.137
99 0.000000 0 0.7759 0.5317 0.3395 0.9627 0.3586 0.0000 804.692 27.491 294.133
100 0.000000 0 0.7759 0.5318 0.3395 0.9627 0.3586 0.0000 804.759 27.514 294.085
101 0.000000 0 0.7758 0.5318 0.3395 0.9627 0.3586 0.0000 804.821 27.540 294.039
102 0.000000 0 0.7757 0.5319 0.3395 0.9627 0.3586 0.0000 804.887 27.573 293.988
103 0.000000 0 0.7757 0.5320 0.3395 0.9627 0.3586 0.0000 804.948 27.609 293.938
104 0.000000 0 0.7756 0.5321 0.3395 0.9627 0.3586 0.0000 805.019 27.654 293.879
105 0.000000 0 0.7756 0.5322 0.3395 0.9627 0.3586 0.0000 805.086 27.696 293.822
106 0.000000 0 0.7755 0.5324 0.3394 0.9627 0.3586 0.0000 805.174 27.746 293.743
107 0.000000 0 0.7754 0.5325 0.3394 0.9627 0.3586 0.0000 805.245 27.779 293.680
108 0.000000 0 0.7754 0.5325 0.3394 0.9627 0.3586 0.0000 805.252 27.783 293.673
109 0.000000 0 0.7753 0.5326 0.3394 0.9627 0.3586 0.0000 805.307 27.805 293.625
110 0.000000 0 0.7753 0.5327 0.3394 0.9627 0.3586 0.0000 805.385 27.835 293.555
111 0.000000 0 0.7752 0.5328 0.3394 0.9627 0.3586 0.0000 805.471 27.874 293.483
112 0.000000 0 0.7751 0.5330 0.3394 0.9627 0.3586 0.0000 805.542 27.912 293.424
113 0.000000 0 0.7750 0.5331 0.3393 0.9627 0.3586 0.0000 805.631 27.966 293.354
114 0.000000 0 0.7749 0.5332 0.3393 0.9627 0.3586 0.0000 805.699 28.009 293.300
115 0.000000 0 0.7749 0.5333 0.3393 0.9627 0.3586 0.0000 805.764 28.048 293.251
116 0.000000 0 0.7748 0.5334 0.3393 0.9627 0.3586 0.0000 805.823 28.082 293.205
117 0.000000 0 0.7748 0.5334 0.3393 0.9627 0.3586 0.0000 805.831 28.086 293.199
118 0.000000 0 0.7748 0.5335 0.3393 0.9627 0.3586 0.0000 805.901 28.119 293.145
119 0.000000 0 0.7747 0.5336 0.3393 0.9627 0.3586 0.0000 805.962 28.144 293.096
120 0.000000 0 0.7746 0.5337 0.3393 0.9627 0.3586 0.0000 806.046 28.178 293.026
121 0.000000 0 0.7745 0.5339 0.3392 0.9627 0.3586 0.0000 806.137 28.217 292.955
122 0.000000 0 0.7745 0.5340 0.3392 0.9627 0.3586 0.0000 806.219 28.249 292.918
123 0.000000 0 0.7744 0.5341 0.3392 0.9627 0.3586 0.0000 806.292 28.283 292.873
124 0.000000 0 0.7743 0.5342 0.3392 0.9627 0.3586 0.0000 806.369 28.325 292.823
125 0.000000 0 0.7743 0.5343 0.3392 0.9627 0.3586 0.0000 806.428 28.356 292.784
126 0.000000 0 0.7743 0.5343 0.3392 0.9627 0.3586 0.0000 806.434 28.360 292.779
127 0.000000 0 0.7743 0.5343 0.3392 0.9627 0.3586 0.0000 806.442 28.364 292.773
128 0.000000 0 0.7742 0.5344 0.3392 0.9627 0.3586 0.0000 806.526 28.406 292.715
129 0.000000 0 0.7741 0.5345 0.3391 0.9627 0.3586 0.0000 806.607 28.440 292.659
130 0.000000 0 0.7741 0.5346 0.3391 0.9627 0.3586 0.0000 806.670 28.462 292.615
131 0.000000 0 0.7740 0.5347 0.3391 0.9627 0.3586 0.0000 806.746 28.486 292.563
132 0.000000 0 0.7739 0.5348 0.3391 0.9627 0.3586 0.0000 806.859 28.523 292.489
133 0.000000 0 0.7738 0.5350 0.3391 0.9627 0.3586 0.0000 806.950 28.560 292.432
134 0.000000 0 0.7738 0.5351 0.3391 0.9627 0.3586 0.0000 807.028 28.597 292.384
135 0.000000 0 0.7737 0.5352 0.3391 0.9627 0.3586 0.0000 807.094 28.632 292.346
136 0.000000 0 0.7737 0.5352 0.3391 0.9627 0.3586 0.0000 807.102 28.636 292.341
137 0.000000 0 0.7737 0.5352 0.3391 0.9627 0.3586 0.0000 807.113 28.642 292.335
138 0.000000 0 0.7737 0.5352 0.3391 0.9627 0.3586 0.0000 807.124 28.647 292.329
139 0.000000 0 0.7737 0.5352 0.3390 0.9627 0.3586 0.0000 807.135 28.653 292.323
140 0.000000 0 0.7737 0.5352 0.3390 0.9627 0.3586 0.0000 807.146 28.659 292.316
141 0.000000 0 0.7737 0.5352 0.3390 0.9627 0.3586 0.0000 807.157 28.665 292.310
142 0.000000 0 0.7737 0.5353 0.3390 0.9627 0.3586 0.0000 807.168 28.671 292.304
143 0.000000 0 0.7737 0.5353 0.3390 0.9627 0.3586 0.0000 807.180 28.677 292.298
144 0.000000 0 0.7736 0.5353 0.3390 0.9627 0.3586 0.0000 807.191 28.682 292.291
145 0.000000 0 0.7736 0.5353 0.3390 0.9627 0.3586 0.0000 807.202 28.688 292.285
146 0.000000 0 0.7736 0.5353 0.3390 0.9627 0.3586 0.0000 807.213 28.694 292.279
147 0.000000 0 0.7736 0.5353 0.3390 0.9627 0.3586 0.0000 807.224 28.699 292.273
148 0.000000 0 0.7736 0.5353 0.3390 0.9627 0.3586 0.0000 807.236 28.704 292.266
149 0.000000 0 0.7736 0.5354 0.3390 0.9627 0.3586 0.0000 807.247 28.710 292.260
150 0.000000 0 0.7736 0.5354 0.3390 0.9627 0.3586 0.0000 807.258 28.715 292.254
151 0.000000 0 0.7736 0.5354 0.3390 0.9627 0.3586 0.0000 807.269 28.720 292.248
152 0.000000 0 0.7736 0.5354 0.3390 0.9627 0.3586 0.0000 807.281 28.725 292.242
153 0.000000 0 0.7736 0.5354 0.3390 0.9627 0.3586 0.0000 807.292 28.730 292.235
154 0.000000 0 0.7736 0.5354 0.3390 0.9627 0.3586 0.0000 807.303 28.734 292.229
155 0.000000 0 0.7735 0.5354 0.3390 0.9627 0.3586 0.0000 807.314 28.739 292.223
156 0.000000 0 0.7735 0.5355 0.3390 0.9627 0.3586 0.0000 807.326 28.743 292.217
157 0.000000 0 0.7735 0.5355 0.3390 0.9627 0.3586 0.0000 807.337 28.748 292.211
158 0.000000 0 0.7735 0.5355 0.3390 0.9627 0.3586 0.0000 807.348 28.752 292.205
159 0.000000 0 0.7735 0.5355 0.3390 0.9627 0.3586 0.0000 807.359 28.756 292.198
160 0.000000 0 0.7735 0.5355 0.3390 0.9627 0.3586 0.0000 807.371 28.760 292.192
161 0.000000 0 0.7735 0.5355 0.3390 0.9627 0.3586 0.0000 807.381 28.764 292.186
162 0.000000 0 0.7735 0.5355 0.3390 0.9627 0.3586 0.0000 807.393 28.768 292.180
163 0.000000 0 0.7735 0.5356 0.3390 0.9627 0.3586 0.0000 807.415 28.776 292.168
164 0.000000 0 0.7734 0.5356 0.3390 0.9627 0.3586 0.0000 807.426 28.779 292.162
165 0.000000 0 0.7734 0.5356 0.3390 0.9627 0.3586 0.0000 807.437 28.783 292.155
166 0.000000 0 0.7734 0.5356 0.3390 0.9627 0.3586 0.0000 807.448 28.787 292.149
167 0.000000 0 0.7734 0.5356 0.3390 0.9627 0.3586 0.0000 807.460 28.790 292.143
168 0.000000 0 0.7734 0.5356 0.3390 0.9627 0.3586 0.0000 807.471 28.794 292.136
169 0.000000 0 0.7734 0.5357 0.3390 0.9627 0.3586 0.0000 807.493 28.800 292.124
170 0.000000 0 0.7734 0.5357 0.3390 0.9627 0.3586 0.0000 807.515 28.807 292.111
171 0.000000 0 0.7734 0.5357 0.3390 0.9627 0.3586 0.0000 807.526 28.810 292.105
172 0.000000 0 0.7734 0.5357 0.3390 0.9627 0.3586 0.0000 807.540 28.815 292.097
173 0.000000 0 0.7733 0.5358 0.3390 0.9627 0.3586 0.0000 807.558 28.821 292.086
174 0.000000 0 0.7733 0.5358 0.3390 0.9627 0.3586 0.0000 807.573 28.826 292.077
175 0.000000 0 0.7733 0.5358 0.3390 0.9627 0.3586 0.0000 807.591 28.831 292.067
176 0.000000 0 0.7733 0.5358 0.3390 0.9627 0.3586 0.0000 807.604 28.836 292.059
177 0.000000 0 0.7733 0.5358 0.3390 0.9627 0.3586 0.0000 807.623 28.843 292.047
178 0.000000 0 0.7733 0.5359 0.3390 0.9627 0.3586 0.0000 807.634 28.847 292.040
179 0.000000 0 0.7733 0.5359 0.3390 0.9627 0.3586 0.0000 807.655 28.855 292.027
180 0.000000 0 0.7733 0.5359 0.3390 0.9627 0.3586 0.0000 807.660 28.857 292.024
181 0.000000 0 0.7732 0.5359 0.3390 0.9627 0.3586 0.0000 807.688 28.869 292.006
182 0.000000 0 0.7732 0.5360 0.3389 0.9627 0.3586 0.0000 807.708 28.878 291.993
183 0.000000 0 0.7732 0.5360 0.3389 0.9627 0.3586 0.0000 807.710 28.879 291.992
184 0.000000 0 0.7732 0.5360 0.3389 0.9627 0.3586 0.0000 807.729 28.888 291.979
185 0.000000 0 0.7732 0.5360 0.3389 0.9627 0.3586 0.0000 807.731 28.889 291.978
186 0.000000 0 0.7732 0.5360 0.3389 0.9627 0.3586 0.0000 807.750 28.898 291.965
187 0.000000 0 0.7732 0.5360 0.3389 0.9627 0.3586 0.0000 807.752 28.899 291.964
188 0.000000 0 0.7731 0.5361 0.3389 0.9627 0.3586 0.0000 807.782 28.915 291.944
189 0.000000 0 0.7731 0.5361 0.3389 0.9627 0.3586 0.0000 807.784 28.916 291.943
190 0.000000 0 0.7731 0.5361 0.3389 0.9627 0.3586 0.0000 807.802 28.926 291.930
191 0.000000 0 0.7731 0.5361 0.3389 0.9627 0.3586 0.0000 807.813 28.932 291.923
192 0.000000 0 0.7731 0.5361 0.3389 0.9627 0.3586 0.0000 807.825 28.939 291.915
193 0.000000 0 0.7731 0.5362 0.3389 0.9627 0.3586 0.0000 807.844 28.950 291.901
194 0.000000 0 0.7731 0.5362 0.3389 0.9627 0.3586 0.0000 807.846 28.951 291.900
195 0.000000 0 0.7731 0.5362 0.3389 0.9627 0.3586 0.0000 807.874 28.968 291.880
196 0.000000 0 0.7731 0.5362 0.3389 0.9627 0.3586 0.0000 807.876 28.969 291.878
197 0.000000 0 0.7730 0.5362 0.3389 0.9627 0.3586 0.0000 807.905 28.986 291.858
198 0.000000 0 0.7730 0.5363 0.3389 0.9627 0.3586 0.0000 807.957 29.017 291.819
199 0.000000 0 0.7730 0.5363 0.3389 0.9627 0.3586 0.0000 807.965 29.021 291.814
200 0.000000 0 0.7730 0.5363 0.3389 0.9627 0.3586 0.0000 807.975 29.026 291.806
201 0.000000 0 0.7730 0.5364 0.3389 0.9627 0.3586 0.0000 807.995 29.037 291.791
202 0.000000 0 0.7730 0.5364 0.3389 0.9627 0.3586 0.0000 807.996 29.038 291.790
203 0.000000 0 0.7729 0.5364 0.3389 0.9627 0.3586 0.0000 808.015 29.047 291.776
204 0.000000 0 0.7729 0.5364 0.3389 0.9627 0.3586 0.0000 808.016 29.048 291.775
205 0.000000 0 0.7729 0.5364 0.3389 0.9627 0.3586 0.0000 808.025 29.053 291.769
206 0.000000 0 0.7729 0.5364 0.3389 0.9627 0.3586 0.0000 808.044 29.062 291.754
207 0.000000 0 0.7729 0.5364 0.3389 0.9627 0.3586 0.0000 808.046 29.063 291.753
208 0.000000 0 0.7729 0.5365 0.3389 0.9627 0.3586 0.0000 808.066 29.072 291.737
209 0.000000 0 0.7729 0.5365 0.3389 0.9627 0.3586 0.0000 808.067 29.073 291.737
210 0.000000 0 0.7729 0.5365 0.3389 0.9627 0.3586 0.0000 808.084 29.080 291.724
211 0.000000 0 0.7729 0.5365 0.3389 0.9627 0.3586 0.0000 808.104 29.089 291.709
212 0.000000 0 0.7729 0.5365 0.3389 0.9627 0.3586 0.0000 808.105 29.089 291.708
213 0.000000 0 0.7728 0.5366 0.3389 0.9627 0.3586 0.0000 808.124 29.097 291.694
214 0.000000 0 0.7728 0.5366 0.3389 0.9627 0.3586 0.0000 808.125 29.097 291.693
215 0.000000 0 0.7728 0.5366 0.3389 0.9627 0.3586 0.0000 808.144 29.104 291.679
216 0.000000 0 0.7728 0.5366 0.3389 0.9627 0.3586 0.0000 808.145 29.105 291.678
217 0.000000 0 0.7728 0.5366 0.3389 0.9627 0.3586 0.0000 808.164 29.112 291.664
218 0.000000 0 0.7728 0.5366 0.3389 0.9627 0.3586 0.0000 808.183 29.119 291.649
219 0.000000 0 0.7728 0.5366 0.3389 0.9627 0.3586 0.0000 808.185 29.119 291.648
220 0.000000 0 0.7728 0.5367 0.3389 0.9627 0.3586 0.0000 808.204 29.126 291.634
221 0.000000 0 0.7728 0.5367 0.3389 0.9627 0.3586 0.0000 808.205 29.126 291.633
222 0.000000 0 0.7727 0.5367 0.3388 0.9627 0.3586 0.0000 808.224 29.133 291.619
223 0.000000 0 0.7727 0.5367 0.3388 0.9627 0.3586 0.0000 808.234 29.136 291.612
224 0.000000 0 0.7727 0.5367 0.3388 0.9627 0.3586 0.0000 808.244 29.139 291.605
225 0.000000 0 0.7727 0.5368 0.3388 0.9627 0.3586 0.0000 808.264 29.146 291.590
226 0.000000 0 0.7727 0.5368 0.3388 0.9627 0.3586 0.0000 808.266 29.147 291.589
227 0.000000 0 0.7727 0.5368 0.3388 0.9627 0.3586 0.0000 808.284 29.154 291.576
228 0.000000 0 0.7727 0.5368 0.3388 0.9627 0.3586 0.0000 808.304 29.161 291.562
229 0.000000 0 0.7727 0.5368 0.3388 0.9627 0.3586 0.0000 808.306 29.162 291.561
230 0.000000 0 0.7727 0.5368 0.3388 0.9627 0.3586 0.0000 808.324 29.169 291.547
231 0.000000 0 0.7727 0.5368 0.3388 0.9627 0.3586 0.0000 808.326 29.169 291.546
232 0.000000 0 0.7726 0.5369 0.3388 0.9627 0.3586 0.0000 808.345 29.177 291.533
233 0.000000 0 0.7726 0.5369 0.3388 0.9627 0.3586 0.0000 808.366 29.186 291.519
234 0.000000 0 0.7726 0.5369 0.3388 0.9627 0.3586 0.0000 808.376 29.190 291.512
235 0.000000 0 0.7726 0.5369 0.3388 0.9627 0.3586 0.0000 808.396 29.200 291.498
236 0.000000 0 0.7726 0.5369 0.3388 0.9627 0.3586 0.0000 808.398 29.200 291.497
237 0.000000 0 0.7726 0.5370 0.3388 0.9627 0.3586 0.0000 808.417 29.209 291.484
238 0.000000 0 0.7726 0.5370 0.3388 0.9627 0.3586 0.0000 808.418 29.210 291.483
239 0.000000 0 0.7726 0.5370 0.3388 0.9627 0.3586 0.0000 808.427 29.215 291.477
240 0.000000 0 0.7725 0.5370 0.3388 0.9627 0.3586 0.0000 808.448 29.225 291.463
241 0.000000 0 0.7725 0.5370 0.3388 0.9627 0.3586 0.0000 808.450 29.226 291.462
242 0.000000 0 0.7725 0.5370 0.3388 0.9627 0.3586 0.0000 808.469 29.236 291.450
243 0.000000 0 0.7725 0.5371 0.3388 0.9627 0.3586 0.0000 808.470 29.237 291.449
244 0.000000 0 0.7725 0.5371 0.3388 0.9627 0.3586 0.0000 808.489 29.247 291.436
245 0.000000 0 0.7725 0.5371 0.3388 0.9627 0.3586 0.0000 808.490 29.248 291.436
246 0.000000 0 0.7725 0.5371 0.3388 0.9627 0.3586 0.0000 808.511 29.259 291.423
247 0.000000 0 0.7725 0.5371 0.3388 0.9627 0.3586 0.0000 808.512 29.260 291.422
248 0.000000 0 0.7725 0.5371 0.3388 0.9627 0.3586 0.0000 808.532 29.271 291.410
249 0.000000 0 0.7725 0.5372 0.3388 0.9627 0.3586 0.0000 808.542 29.277 291.403
250 0.000000 0 0.7724 0.5372 0.3388 0.9627 0.3586 0.0000 808.564 29.289 291.389
251 0.000000 0 0.7724 0.5372 0.3388 0.9627 0.3586 0.0000 808.565 29.290 291.388
252 0.000000 0 0.7724 0.5372 0.3388 0.9627 0.3586 0.0000 808.574 29.295 291.383
253 0.000000 0 0.7724 0.5372 0.3388 0.9627 0.3586 0.0000 808.595 29.307 291.370
254 0.000000 0 0.7724 0.5372 0.3388 0.9627 0.3586 0.0000 808.597 29.308 291.369
255 0.000000 0 0.7724 0.5373 0.3388 0.9627 0.3586 0.0000 808.617 29.319 291.356
256 0.000000 0 0.7724 0.5373 0.3388 0.9627 0.3586 0.0000 808.638 29.332 291.343
257 0.000000 0 0.7724 0.5373 0.3388 0.9627 0.3586 0.0000 808.640 29.333 291.342
258 0.000000 0 0.7724 0.5373 0.3388 0.9627 0.3586 0.0000 808.660 29.343 291.330
259 0.000000 0 0.7724 0.5373 0.3388 0.9627 0.3586 0.0000 808.661 29.344 291.329
260 0.000000 0 0.7723 0.5373 0.3388 0.9627 0.3586 0.0000 808.681 29.355 291.317
261 0.000000 0 0.7723 0.5373 0.3388 0.9627 0.3586 0.0000 808.683 29.356 291.316
262 0.000000 0 0.7723 0.5374 0.3388 0.9627 0.3586 0.0000 808.703 29.366 291.304
263 0.000000 0 0.7723 0.5374 0.3388 0.9627 0.3586 0.0000 808.715 29.372 291.296
264 0.000000 0 0.7723 0.5374 0.3388 0.9627 0.3586 0.0000 808.735 29.382 291.284
265 0.000000 0 0.7723 0.5374 0.3388 0.9627 0.3586 0.0000 808.736 29.383 291.284
266 0.000000 0 0.7723 0.5374 0.3387 0.9627 0.3586 0.0000 808.756 29.392 291.271
267 0.000000 0 0.7723 0.5375 0.3387 0.9627 0.3586 0.0000 808.767 29.397 291.265
268 0.000000 0 0.7723 0.5375 0.3387 0.9627 0.3586 0.0000 808.778 29.402 291.258
269 0.000000 0 0.7722 0.5375 0.3387 0.9627 0.3586 0.0000 808.799 29.411 291.245
270 0.000000 0 0.7722 0.5375 0.3387 0.9627 0.3586 0.0000 808.801 29.412 291.244
271 0.000000 0 0.7722 0.5375 0.3387 0.9627 0.3586 0.0000 808.831 29.424 291.225
272 0.000000 0 0.7722 0.5376 0.3387 0.9627 0.3586 0.0000 808.853 29.433 291.212
273 0.000000 0 0.7722 0.5376 0.3387 0.9627 0.3586 0.0000 808.864 29.437 291.205
274 0.000000 0 0.7722 0.5376 0.3387 0.9627 0.3586 0.0000 808.874 29.440 291.199
275 0.000000 0 0.7722 0.5376 0.3387 0.9627 0.3586 0.0000 808.884 29.444 291.192
276 0.000000 0 0.7722 0.5376 0.3387 0.9627 0.3586 0.0000 808.895 29.448 291.186
277 0.000000 0 0.7721 0.5377 0.3387 0.9627 0.3586 0.0000 808.916 29.455 291.172
278 0.000000 0 0.7721 0.5377 0.3387 0.9627 0.3586 0.0000 808.917 29.455 291.172
279 0.000000 0 0.7721 0.5377 0.3387 0.9627 0.3586 0.0000 808.938 29.463 291.159
280 0.000000 0 0.7721 0.5377 0.3387 0.9627 0.3586 0.0000 808.939 29.463 291.158
281 0.000000 0 0.7721 0.5377 0.3387 0.9627 0.3586 0.0000 808.958 29.470 291.145
282 0.000000 0 0.7721 0.5377 0.3387 0.9627 0.3586 0.0000 808.969 29.473 291.139
283 0.000000 0 0.7721 0.5378 0.3387 0.9627 0.3586 0.0000 808.990 29.480 291.125
284 0.000000 0 0.7721 0.5378 0.3387 0.9627 0.3586 0.0000 808.991 29.481 291.124
285 0.000000 0 0.7721 0.5378 0.3387 0.9627 0.3586 0.0000 809.011 29.488 291.111
286 0.000000 0 0.7720 0.5378 0.3387 0.9627 0.3586 0.0000 809.021 29.492 291.104
287 0.000000 0 0.7720 0.5378 0.3387 0.9627 0.3586 0.0000 809.031 29.495 291.097
288 0.000000 0 0.7720 0.5378 0.3387 0.9627 0.3586 0.0000 809.052 29.503 291.083
289 0.000000 0 0.7720 0.5378 0.3387 0.9627 0.3586 0.0000 809.053 29.504 291.083
290 0.000000 0 0.7720 0.5379 0.3387 0.9627 0.3586 0.0000 809.072 29.511 291.070
291 0.000000 0 0.7720 0.5379 0.3387 0.9627 0.3586 0.0000 809.073 29.512 291.068
292 0.000000 0 0.7720 0.5379 0.3387 0.9627 0.3586 0.0000 809.092 29.520 291.055
293 0.000000 0 0.7720 0.5379 0.3387 0.9627 0.3586 0.0000 809.112 29.529 291.041
294 0.000000 0 0.7720 0.5379 0.3387 0.9627 0.3586 0.0000 809.114 29.530 291.040
295 0.000000 0 0.7719 0.5380 0.3387 0.9627 0.3586 0.0000 809.133 29.539 291.027
296 0.000000 0 0.7719 0.5380 0.3387 0.9627 0.3586 0.0000 809.153 29.549 291.012
297 0.000000 0 0.7719 0.5380 0.3387 0.9627 0.3586 0.0000 809.161 29.553 291.006
298 0.000000 0 0.7719 0.5380 0.3387 0.9627 0.3586 0.0000 809.182 29.565 290.990
299 0.000000 0 0.7719 0.5380 0.3387 0.9627 0.3586 0.0000 809.184 29.566 290.989
300 0.000000 0 0.7719 0.5381 0.3387 0.9627 0.3586 0.0000 809.202 29.575 290.976
301 0.000000 0 0.7719 0.5381 0.3387 0.9627 0.3586 0.0000 809.211 29.581 290.968
302 0.000000 0 0.7719 0.5381 0.3387 0.9627 0.3586 0.0000 809.221 29.587 290.960
303 0.000000 0 0.7718 0.5381 0.3387 0.9627 0.3586 0.0000 809.241 29.599 290.945
304 0.000000 0 0.7718 0.5381 0.3387 0.9627 0.3586 0.0000 809.242 29.599 290.944
305 0.000000 0 0.7718 0.5381 0.3387 0.9627 0.3586 0.0000 809.260 29.611 290.930
306 0.000000 0 0.7718 0.5382 0.3387 0.9627 0.3586 0.0000 809.270 29.617 290.923
307 0.000000 0 0.7718 0.5382 0.3386 0.9627 0.3586 0.0000 809.279 29.623 290.915
308 0.000000 0 0.7718 0.5382 0.3386 0.9627 0.3586 0.0000 809.289 29.629 290.907
309 0.000000 0 0.7718 0.5382 0.3386 0.9627 0.3586 0.0000 809.290 29.630 290.906
310 0.000000 0 0.7718 0.5382 0.3386 0.9627 0.3586 0.0000 809.308 29.641 290.892
311 0.000000 0 0.7718 0.5382 0.3386 0.9627 0.3586 0.0000 809.309 29.642 290.891
312 0.000000 0 0.7718 0.5382 0.3386 0.9627 0.3586 0.0000 809.327 29.654 290.876
313 0.000000 0 0.7718 0.5383 0.3386 0.9627 0.3586 0.0000 809.337 29.660 290.869
314 0.000000 0 0.7717 0.5383 0.3386 0.9627 0.3586 0.0000 809.355 29.672 290.853
315 0.000000 0 0.7717 0.5383 0.3386 0.9627 0.3586 0.0000 809.357 29.673 290.852
316 0.000000 0 0.7717 0.5383 0.3386 0.9627 0.3586 0.0000 809.374 29.684 290.837
317 0.000000 0 0.7717 0.5383 0.3386 0.9627 0.3586 0.0000 809.384 29.690 290.830
318 0.000000 0 0.7717 0.5384 0.3386 0.9627 0.3586 0.0000 809.402 29.702 290.814
319 0.000000 0 0.7717 0.5384 0.3386 0.9627 0.3586 0.0000 809.403 29.702 290.813
320 0.000000 0 0.7717 0.5384 0.3386 0.9627 0.3586 0.0000 809.421 29.713 290.798
321 0.000000 0 0.7716 0.5384 0.3386 0.9627 0.3586 0.0000 809.440 29.724 290.782
322 0.000000 0 0.7716 0.5384 0.3386 0.9627 0.3586 0.0000 809.441 29.725 290.781
323 0.000000 0 0.7716 0.5384 0.3386 0.9627 0.3586 0.0000 809.458 29.735 290.766
324 0.000000 0 0.7716 0.5385 0.3386 0.9627 0.3586 0.0000 809.460 29.735 290.765
325 0.000000 0 0.7716 0.5385 0.3386 0.9627 0.3586 0.0000 809.477 29.744 290.750
326 0.000000 0 0.7716 0.5385 0.3386 0.9627 0.3586 0.0000 809.478 29.745 290.749
327 0.000000 0 0.7716 0.5385 0.3386 0.9627 0.3586 0.0000 809.495 29.754 290.735
328 0.000000 0 0.7716 0.5385 0.3386 0.9627 0.3586 0.0000 809.504 29.759 290.726
329 0.000000 0 0.7716 0.5386 0.3386 0.9627 0.3586 0.0000 809.523 29.768 290.711
330 0.000000 0 0.7716 0.5386 0.3386 0.9627 0.3586 0.0000 809.525 29.769 290.709
331 0.000000 0 0.7715 0.5386 0.3386 0.9627 0.3586 0.0000 809.541 29.776 290.695
332 0.000000 0 0.7715 0.5386 0.3386 0.9627 0.3586 0.0000 809.550 29.780 290.687
333 0.000000 0 0.7715 0.5386 0.3386 0.9627 0.3586 0.0000 809.569 29.788 290.671
334 0.000000 0 0.7715 0.5386 0.3386 0.9627 0.3586 0.0000 809.570 29.789 290.670
335 0.000000 0 0.7715 0.5387 0.3386 0.9627 0.3586 0.0000 809.588 29.796 290.655
336 0.000000 0 0.7715 0.5387 0.3386 0.9627 0.3586 0.0000 809.606 29.803 290.639
337 0.000000 0 0.7715 0.5387 0.3386 0.9627 0.3586 0.0000 809.613 29.806 290.634
338 0.000000 0 0.7715 0.5387 0.3386 0.9627 0.3586 0.0000 809.625 29.810 290.623
339 0.000000 0 0.7714 0.5387 0.3386 0.9627 0.3586 0.0000 809.644 29.818 290.607
340 0.000000 0 0.7714 0.5387 0.3386 0.9627 0.3586 0.0000 809.645 29.818 290.606
341 0.000000 0 0.7714 0.5388 0.3386 0.9627 0.3586 0.0000 809.662 29.825 290.592
342 0.000000 0 0.7714 0.5388 0.3386 0.9627 0.3586 0.0000 809.672 29.829 290.584
343 0.000000 0 0.7714 0.5388 0.3386 0.9627 0.3586 0.0000 809.691 29.836 290.568
344 0.000000 0 0.7714 0.5388 0.3386 0.9627 0.3586 0.0000 809.692 29.837 290.567
345 0.000000 0 0.7714 0.5388 0.3386 0.9627 0.3586 0.0000 809.710 29.844 290.552
346 0.000000 0 0.7714 0.5388 0.3386 0.9627 0.3586 0.0000 809.710 29.845 290.552
347 0.000000 0 0.7714 0.5389 0.3386 0.9627 0.3586 0.0000 809.728 29.853 290.537
348 0.000000 0 0.7714 0.5389 0.3386 0.9627 0.3586 0.0000 809.738 29.857 290.529
349 0.000000 0 0.7713 0.5389 0.3385 0.9627 0.3586 0.0000 809.757 29.865 290.514
350 0.000000 0 0.7713 0.5389 0.3385 0.9627 0.3586 0.0000 809.758 29.866 290.513
351 0.000000 0 0.7713 0.5389 0.3385 0.9627 0.3586 0.0000 809.776 29.875 290.499
352 0.000000 0 0.7713 0.5389 0.3385 0.9627 0.3586 0.0000 809.778 29.876 290.498
353 0.000000 0 0.7713 0.5390 0.3385 0.9627 0.3586 0.0000 809.795 29.884 290.484
354 0.000000 0 0.7713 0.5390 0.3385 0.9627 0.3586 0.0000 809.805 29.889 290.477
355 0.000000 0 0.7713 0.5390 0.3385 0.9627 0.3586 0.0000 809.824 29.900 290.462
356 0.000000 0 0.7713 0.5390 0.3385 0.9627 0.3586 0.0000 809.825 29.900 290.461
357 0.000000 0 0.7713 0.5390 0.3385 0.9627 0.3586 0.0000 809.843 29.910 290.447
358 0.000000 0 0.7712 0.5391 0.3385 0.9627 0.3586 0.0000 809.853 29.916 290.439
359 0.000000 0 0.7712 0.5391 0.3385 0.9627 0.3586 0.0000 809.872 29.927 290.424
360 0.000000 0 0.7712 0.5391 0.3385 0.9627 0.3586 0.0000 809.874 29.929 290.423
361 0.000000 0 0.7712 0.5391 0.3385 0.9627 0.3586 0.0000 809.892 29.939 290.410
362 0.000000 0 0.7712 0.5391 0.3385 0.9627 0.3586 0.0000 809.893 29.940 290.409
363 0.000000 0 0.7712 0.5391 0.3385 0.9627 0.3586 0.0000 809.911 29.951 290.395
364 0.000000 0 0.7712 0.5391 0.3385 0.9627 0.3586 0.0000 809.913 29.952 290.394
365 0.000000 0 0.7712 0.5392 0.3385 0.9627 0.3586 0.0000 809.931 29.964 290.381
366 0.000000 0 0.7712 0.5392 0.3385 0.9627 0.3586 0.0000 809.932 29.964 290.380
367 0.000000 0 0.7712 0.5392 0.3385 0.9627 0.3586 0.0000 809.950 29.976 290.366
368 0.000000 0 0.7711 0.5392 0.3385 0.9627 0.3586 0.0000 809.960 29.982 290.359
369 0.000000 0 0.7711 0.5392 0.3385 0.9627 0.3586 0.0000 809.970 29.989 290.352
370 0.000000 0 0.7711 0.5393 0.3385 0.9627 0.3586 0.0000 809.990 30.001 290.337
371 0.000000 0 0.7711 0.5393 0.3385 0.9627 0.3586 0.0000 809.991 30.002 290.336
372 0.000000 0 0.7711 0.5393 0.3385 0.9627 0.3586 0.0000 810.020 30.020 290.316
373 0.000000 0 0.7711 0.5393 0.3385 0.9627 0.3586 0.0000 810.025 30.023 290.312
374 0.000000 0 0.7711 0.5393 0.3385 0.9627 0.3586 0.0000 810.039 30.033 290.301
375 0.000000 0 0.7711 0.5394 0.3385 0.9627 0.3586 0.0000 810.054 30.042 290.290
376 0.000000 0 0.7711 0.5394 0.3385 0.9627 0.3586 0.0000 810.059 30.045 290.287
377 0.000000 0 0.7710 0.5394 0.3385 0.9627 0.3586 0.0000 810.069 30.051 290.280
378 0.000000 0 0.7710 0.5394 0.3385 0.9627 0.3586 0.0000 810.089 30.062 290.265
379 0.000000 0 0.7710 0.5394 0.3385 0.9627 0.3586 0.0000 810.091 30.063 290.264
380 0.000000 0 0.7710 0.5394 0.3385 0.9627 0.3586 0.0000 810.109 30.074 290.251
381 0.000000 0 0.7710 0.5394 0.3385 0.9627 0.3586 0.0000 810.110 30.074 290.250
382 0.000000 0 0.7710 0.5395 0.3385 0.9627 0.3586 0.0000 810.129 30.085 290.237
383 0.000000 0 0.7710 0.5395 0.3385 0.9627 0.3586 0.0000 810.130 30.085 290.236
384 0.000000 0 0.7710 0.5395 0.3385 0.9627 0.3586 0.0000 810.148 30.095 290.222
385 0.000000 0 0.7710 0.5395 0.3385 0.9627 0.3586 0.0000 810.150 30.096 290.221
386 0.000000 0 0.7709 0.5395 0.3385 0.9627 0.3586 0.0000 810.168 30.105 290.208
387 0.000000 0 0.7709 0.5395 0.3385 0.9627 0.3586 0.0000 810.170 30.106 290.207
388 0.000000 0 0.7709 0.5395 0.3385 0.9627 0.3586 0.0000 810.188 30.115 290.193
389 0.000000 0 0.7709 0.5395 0.3385 0.9627 0.3586 0.0000 810.189 30.115 290.192
390 0.000000 0 0.7709 0.5396 0.3385 0.9627 0.3586 0.0000 810.208 30.124 290.178
391 0.000000 0 0.7709 0.5396 0.3385 0.9627 0.3586 0.0000 810.227 30.133 290.164
392 0.000000 0 0.7709 0.5396 0.3385 0.9627 0.3586 0.0000 810.233 30.135 290.160
393 0.000000 0 0.7709 0.5396 0.3385 0.9627 0.3586 0.0000 810.237 30.137 290.157
394 0.000000 0 0.7709 0.5396 0.3384 0.9627 0.3586 0.0000 810.257 30.145 290.142
395 0.000000 0 0.7709 0.5396 0.3384 0.9627 0.3586 0.0000 810.258 30.146 290.141
396 0.000000 0 0.7708 0.5397 0.3384 0.9627 0.3586 0.0000 810.276 30.153 290.128
397 0.000000 0 0.7708 0.5397 0.3384 0.9627 0.3586 0.0000 810.286 30.158 290.120
398 0.000000 0 0.7708 0.5397 0.3384 0.9627 0.3586 0.0000 810.305 30.165 290.106
399 0.000000 0 0.7708 0.5397 0.3384 0.9627 0.3586 0.0000 810.307 30.166 290.104
400 0.000000 0 0.7708 0.5397 0.3384 0.9627 0.3586 0.0000 810.324 30.173 290.090
401 0.000000 0 0.7708 0.5398 0.3384 0.9627 0.3586 0.0000 810.344 30.181 290.075
402 0.000000 0 0.7708 0.5398 0.3384 0.9627 0.3586 0.0000 810.345 30.181 290.074
403 0.000000 0 0.7708 0.5398 0.3384 0.9627 0.3586 0.0000 810.362 30.189 290.060
404 0.000000 0 0.7707 0.5398 0.3384 0.9627 0.3586 0.0000 810.381 30.197 290.045
405 0.000000 0 0.7707 0.5398 0.3384 0.9627 0.3586 0.0000 810.391 30.201 290.038
406 0.000000 0 0.7707 0.5399 0.3384 0.9627 0.3586 0.0000 810.409 30.209 290.022
407 0.000000 0 0.7707 0.5399 0.3384 0.9627 0.3586 0.0000 810.411 30.210 290.021
408 0.000000 0 0.7707 0.5399 0.3384 0.9627 0.3586 0.0000 810.419 30.214 290.014
409 0.000000 0 0.7707 0.5399 0.3384 0.9627 0.3586 0.0000 810.437 30.223 289.999
410 0.000000 0 0.7707 0.5399 0.3384 0.9627 0.3586 0.0000 810.439 30.223 289.998
411 0.000000 0 0.7707 0.5399 0.3384 0.9627 0.3586 0.0000 810.456 30.232 289.983
412 0.000000 0 0.7707 0.5400 0.3384 0.9627 0.3586 0.0000 810.457 30.232 289.982
413 0.000000 0 0.7707 0.5400 0.3384 0.9627 0.3586 0.0000 810.477 30.243 289.965
414 0.000000 0 0.7706 0.5400 0.3384 0.9627 0.3586 0.0000 810.478 30.244 289.964
415 0.000000 0 0.7706 0.5400 0.3384 0.9627 0.3586 0.0000 810.492 30.252 289.952
416 0.000000 0 0.7706 0.5400 0.3384 0.9627 0.3586 0.0000 810.501 30.257 289.944
417 0.000000 0 0.7706 0.5401 0.3384 0.9627 0.3586 0.0000 810.519 30.268 289.928
418 0.000000 0 0.7706 0.5401 0.3384 0.9627 0.3586 0.0000 810.523 30.271 289.924
419 0.000000 0 0.7706 0.5401 0.3384 0.9627 0.3586 0.0000 810.536 30.279 289.911
420 0.000000 0 0.7706 0.5401 0.3384 0.9627 0.3586 0.0000 810.538 30.280 289.910
421 0.000000 0 0.7706 0.5401 0.3384 0.9627 0.3586 0.0000 810.554 30.291 289.895
422 0.000000 0 0.7706 0.5401 0.3384 0.9627 0.3586 0.0000 810.555 30.292 289.895
423 0.000000 0 0.7706 0.5401 0.3384 0.9627 0.3586 0.0000 810.571 30.303 289.879
424 0.000000 0 0.7705 0.5401 0.3384 0.9627 0.3586 0.0000 810.579 30.308 289.872
425 0.000000 0 0.7705 0.5402 0.3384 0.9627 0.3586 0.0000 810.589 30.315 289.862
426 0.000000 0 0.7705 0.5402 0.3384 0.9627 0.3586 0.0000 810.606 30.328 289.846
427 0.000000 0 0.7705 0.5402 0.3384 0.9627 0.3586 0.0000 810.608 30.329 289.844
428 0.000000 0 0.7705 0.5402 0.3384 0.9627 0.3586 0.0000 810.624 30.341 289.829
429 0.000000 0 0.7705 0.5402 0.3384 0.9627 0.3586 0.0000 810.632 30.347 289.821
430 0.000000 0 0.7705 0.5403 0.3384 0.9627 0.3586 0.0000 810.649 30.360 289.804
431 0.000000 0 0.7704 0.5403 0.3384 0.9627 0.3586 0.0000 810.666 30.373 289.786
432 0.000000 0 0.7704 0.5403 0.3384 0.9627 0.3586 0.0000 810.667 30.374 289.785
433 0.000000 0 0.7704 0.5403 0.3384 0.9627 0.3586 0.0000 810.682 30.386 289.770
434 0.000000 0 0.7704 0.5403 0.3384 0.9627 0.3586 0.0000 810.691 30.392 289.762
435 0.000000 0 0.7704 0.5404 0.3384 0.9627 0.3586 0.0000 810.699 30.398 289.753
436 0.000000 0 0.7704 0.5404 0.3383 0.9627 0.3586 0.0000 810.715 30.411 289.736
437 0.000000 0 0.7704 0.5404 0.3383 0.9627 0.3586 0.0000 810.716 30.411 289.735
438 0.000000 0 0.7704 0.5404 0.3383 0.9627 0.3586 0.0000 810.732 30.423 289.719
439 0.000000 0 0.7704 0.5404 0.3383 0.9627 0.3586 0.0000 810.740 30.429 289.711
440 0.000000 0 0.7704 0.5404 0.3383 0.9627 0.3586 0.0000 810.748 30.435 289.702
441 0.000000 0 0.7703 0.5405 0.3383 0.9627 0.3586 0.0000 810.756 30.441 289.694
442 0.000000 0 0.7703 0.5405 0.3383 0.9627 0.3586 0.0000 810.756 30.441 289.693
443 0.000000 0 0.7703 0.5405 0.3383 0.9627 0.3586 0.0000 810.772 30.452 289.676
444 0.000000 0 0.7703 0.5405 0.3383 0.9627 0.3586 0.0000 810.773 30.452 289.676
445 0.000000 0 0.7703 0.5405 0.3383 0.9627 0.3586 0.0000 810.789 30.463 289.659
446 0.000000 0 0.7703 0.5405 0.3383 0.9627 0.3586 0.0000 810.789 30.463 289.658
447 0.000000 0 0.7703 0.5405 0.3383 0.9627 0.3586 0.0000 810.805 30.473 289.642
448 0.000000 0 0.7703 0.5406 0.3383 0.9627 0.3586 0.0000 810.813 30.478 289.634
449 0.000000 0 0.7703 0.5406 0.3383 0.9627 0.3586 0.0000 810.829 30.488 289.617
450 0.000000 0 0.7703 0.5406 0.3383 0.9627 0.3586 0.0000 810.830 30.489 289.615
451 0.000000 0 0.7702 0.5406 0.3383 0.9627 0.3586 0.0000 810.845 30.498 289.599
452 0.000000 0 0.7702 0.5406 0.3383 0.9627 0.3586 0.0000 810.846 30.498 289.598
453 0.000000 0 0.7702 0.5406 0.3383 0.9627 0.3586 0.0000 810.860 30.507 289.582
454 0.000000 0 0.7702 0.5406 0.3383 0.9627 0.3586 0.0000 810.862 30.508 289.581
455 0.000000 0 0.7702 0.5407 0.3383 0.9627 0.3586 0.0000 810.876 30.516 289.565
456 0.000000 0 0.7702 0.5407 0.3383 0.9627 0.3586 0.0000 810.877 30.516 289.564
457 0.000000 0 0.7702 0.5407 0.3383 0.9627 0.3586 0.0000 810.892 30.525 289.548
458 0.000000 0 0.7702 0.5407 0.3383 0.9627 0.3586 0.0000 810.900 30.529 289.540
459 0.000000 0 0.7702 0.5407 0.3383 0.9627 0.3586 0.0000 810.908 30.533 289.531
460 0.000000 0 0.7702 0.5407 0.3383 0.9627 0.3586 0.0000 810.916 30.537 289.522
461 0.000000 0 0.7702 0.5408 0.3383 0.9627 0.3586 0.0000 810.924 30.541 289.514
462 0.000000 0 0.7701 0.5408 0.3383 0.9627 0.3586 0.0000 810.940 30.550 289.497
463 0.000000 0 0.7701 0.5408 0.3383 0.9627 0.3586 0.0000 810.941 30.550 289.496
464 0.000000 0 0.7701 0.5408 0.3383 0.9627 0.3586 0.0000 810.959 30.558 289.482
465 0.000000 0 0.7701 0.5408 0.3383 0.9627 0.3586 0.0000 810.960 30.558 289.481
466 0.000000 0 0.7701 0.5408 0.3383 0.9627 0.3586 0.0000 810.981 30.566 289.469
467 0.000000 0 0.7701 0.5408 0.3383 0.9627 0.3586 0.0000 810.983 30.566 289.468
468 0.000000 0 0.7701 0.5409 0.3383 0.9627 0.3586 0.0000 811.002 30.574 289.455
469 0.000000 0 0.7701 0.5409 0.3383 0.9627 0.3586 0.0000 811.003 30.574 289.454
470 0.000000 0 0.7701 0.5409 0.3383 0.9627 0.3586 0.0000 811.021 30.582 289.440
471 0.000000 0 0.7701 0.5409 0.3383 0.9627 0.3586 0.0000 811.022 30.583 289.439
472 0.000000 0 0.7700 0.5409 0.3383 0.9627 0.3586 0.0000 811.040 30.591 289.424
473 0.000000 0 0.7700 0.5410 0.3383 0.9627 0.3586 0.0000 811.059 30.599 289.409
474 0.000000 0 0.7700 0.5410 0.3383 0.9627 0.3586 0.0000 811.060 30.600 289.408
475 0.000000 0 0.7700 0.5410 0.3383 0.9627 0.3586 0.0000 811.087 30.613 289.387
476 0.000000 0 0.7700 0.5410 0.3383 0.9627 0.3586 0.0000 811.089 30.614 289.386
477 0.000000 0 0.7700 0.5410 0.3383 0.9627 0.3586 0.0000 811.106 30.623 289.372
478 0.000000 0 0.7700 0.5410 0.3383 0.9627 0.3586 0.0000 811.107 30.624 289.371
479 0.000000 0 0.7700 0.5411 0.3383 0.9627 0.3586 0.0000 811.125 30.634 289.357
480 0.000000 0 0.7700 0.5411 0.3383 0.9627 0.3586 0.0000 811.127 30.634 289.356
481 0.000000 0 0.7699 0.5411 0.3383 0.9627 0.3586 0.0000 811.144 30.644 289.342
482 0.000000 0 0.7699 0.5411 0.3383 0.9627 0.3586 0.0000 811.146 30.645 289.341
483 0.000000 0 0.7699 0.5411 0.3382 0.9627 0.3586 0.0000 811.164 30.656 289.328
484 0.000000 0 0.7699 0.5411 0.3382 0.9627 0.3586 0.0000 811.166 30.657 289.327
485 0.000000 0 0.7699 0.5411 0.3382 0.9627 0.3586 0.0000 811.183 30.667 289.313
486 0.000000 0 0.7699 0.5411 0.3382 0.9627 0.3586 0.0000 811.184 30.668 289.313
487 0.000000 0 0.7699 0.5412 0.3382 0.9627 0.3586 0.0000 811.203 30.679 289.299
488 0.000000 0 0.7699 0.5412 0.3382 0.9627 0.3586 0.0000 811.203 30.680 289.298
489 0.000000 0 0.7699 0.5412 0.3382 0.9627 0.3586 0.0000 811.222 30.691 289.284
490 0.000000 0 0.7699 0.5412 0.3382 0.9627 0.3586 0.0000 811.232 30.698 289.277
491 0.000000 0 0.7698 0.5412 0.3382 0.9627 0.3586 0.0000 811.242 30.704 289.270
492 0.000000 0 0.7698 0.5412 0.3382 0.9627 0.3586 0.0000 811.252 30.710 289.263
493 0.000000 0 0.7698 0.5413 0.3382 0.9627 0.3586 0.0000 811.262 30.717 289.256
494 0.000000 0 0.7698 0.5413 0.3382 0.9627 0.3586 0.0000 811.281 30.729 289.242
495 0.000000 0 0.7698 0.5413 0.3382 0.9627 0.3586 0.0000 811.291 30.736 289.235
496 0.000000 0 0.7698 0.5413 0.3382 0.9627 0.3586 0.0000 811.311 30.748 289.220
497 0.000000 0 0.7698 0.5413 0.3382 0.9627 0.3586 0.0000 811.313 30.749 289.220
498 0.000000 0 0.7698 0.5414 0.3382 0.9627 0.3586 0.0000 811.331 30.761 289.207
499 0.000000 0 0.7698 0.5414 0.3382 0.9627 0.3586 0.0000 811.333 30.762 289.206
500 0.000000 0 0.7697 0.5414 0.3382 0.9627 0.3586 0.0000 811.351 30.773 289.193
501 0.000000 0 0.7697 0.5414 0.3382 0.9627 0.3586 0.0000 811.352 30.774 289.192
502 0.000000 0 0.7697 0.5414 0.3382 0.9627 0.3586 0.0000 811.371 30.785 289.179
503 0.000000 0 0.7697 0.5414 0.3382 0.9627 0.3586 0.0000 811.373 30.786 289.178
504 0.000000 0 0.7697 0.5414 0.3382 0.9627 0.3586 0.0000 811.391 30.797 289.165
505 0.000000 0 0.7697 0.5414 0.3382 0.9627 0.3586 0.0000 811.392 30.798 289.164
506 0.000000 0 0.7697 0.5415 0.3382 0.9627 0.3586 0.0000 811.411 30.809 289.151
507 0.000000 0 0.7697 0.5415 0.3382 0.9627 0.3586 0.0000 811.413 30.809 289.150
508 0.000000 0 0.7697 0.5415 0.3382 0.9627 0.3586 0.0000 811.431 30.820 289.137
509 0.000000 0 0.7697 0.5415 0.3382 0.9627 0.3586 0.0000 811.433 30.820 289.136
510 0.000000 0 0.7697 0.5415 0.3382 0.9627 0.3586 0.0000 811.451 30.830 289.124
511 0.000000 0 0.7697 0.5415 0.3382 0.9627 0.3586 0.0000 811.453 30.831 289.123
512 0.000000 0 0.7696 0.5416 0.3382 0.9627 0.3586 0.0000 811.471 30.840 289.110
513 0.000000 0 0.7696 0.5416 0.3382 0.9627 0.3586 0.0000 811.491 30.850 289.096
514 0.000000 0 0.7696 0.5416 0.3382 0.9627 0.3586 0.0000 811.492 30.851 289.095
515 0.000000 0 0.7696 0.5416 0.3382 0.9627 0.3586 0.0000 811.511 30.859 289.082
516 0.000000 0 0.7696 0.5416 0.3382 0.9627 0.3586 0.0000 811.512 30.860 289.081
517 0.000000 0 0.7696 0.5416 0.3382 0.9627 0.3586 0.0000 811.531 30.868 289.068
518 0.000000 0 0.7696 0.5417 0.3382 0.9627 0.3586 0.0000 811.532 30.869 289.067
519 0.000000 0 0.7696 0.5417 0.3382 0.9627 0.3586 0.0000 811.551 30.877 289.054
520 0.000000 0 0.7695 0.5417 0.3382 0.9627 0.3586 0.0000 811.571 30.885 289.040
521 0.000000 0 0.7695 0.5417 0.3382 0.9627 0.3586 0.0000 811.572 30.886 289.039
522 0.000000 0 0.7695 0.5417 0.3382 0.9627 0.3586 0.0000 811.591 30.893 289.026
523 0.000000 0 0.7695 0.5417 0.3382 0.9627 0.3586 0.0000 811.592 30.894 289.025
524 0.000000 0 0.7695 0.5418 0.3382 0.9627 0.3586 0.0000 811.610 30.901 289.012
525 0.000000 0 0.7695 0.5418 0.3382 0.9627 0.3586 0.0000 811.612 30.902 289.011
526 0.000000 0 0.7695 0.5418 0.3382 0.9627 0.3586 0.0000 811.630 30.909 288.998
527 0.000000 0 0.7695 0.5418 0.3382 0.9627 0.3586 0.0000 811.632 30.909 288.997
528 0.000000 0 0.7695 0.5418 0.3382 0.9627 0.3586 0.0000 811.650 30.917 288.984
529 0.000000 0 0.7695 0.5418 0.3382 0.9627 0.3586 0.0000 811.651 30.917 288.983
530 0.000000 0 0.7694 0.5419 0.3381 0.9627 0.3586 0.0000 811.669 30.925 288.969
531 0.000000 0 0.7694 0.5419 0.3381 0.9627 0.3586 0.0000 811.671 30.925 288.968
532 0.000000 0 0.7694 0.5419 0.3381 0.9627 0.3586 0.0000 811.689 30.933 288.955
533 0.000000 0 0.7694 0.5419 0.3381 0.9627 0.3586 0.0000 811.690 30.933 288.954
534 0.000000 0 0.7694 0.5419 0.3381 0.9627 0.3586 0.0000 811.708 30.941 288.940
535 0.000000 0 0.7694 0.5419 0.3381 0.9627 0.3586 0.0000 811.709 30.941 288.939
536 0.000000 0 0.7694 0.5419 0.3381 0.9627 0.3586 0.0000 811.727 30.949 288.926
537 0.000000 0 0.7694 0.5419 0.3381 0.9627 0.3586 0.0000 811.729 30.950 288.925
538 0.000000 0 0.7694 0.5420 0.3381 0.9627 0.3586 0.0000 811.747 30.958 288.911
539 0.000000 0 0.7694 0.5420 0.3381 0.9627 0.3586 0.0000 811.748 30.959 288.910
540 0.000000 0 0.7694 0.5420 0.3381 0.9627 0.3586 0.0000 811.766 30.967 288.896
541 0.000000 0 0.7693 0.5420 0.3381 0.9627 0.3586 0.0000 811.775 30.972 288.889
542 0.000000 0 0.7693 0.5420 0.3381 0.9627 0.3586 0.0000 811.794 30.982 288.874
543 0.000000 0 0.7693 0.5420 0.3381 0.9627 0.3586 0.0000 811.795 30.982 288.873
544 0.000000 0 0.7693 0.5421 0.3381 0.9627 0.3586 0.0000 811.813 30.992 288.859
545 0.000000 0 0.7693 0.5421 0.3381 0.9627 0.3586 0.0000 811.814 30.993 288.858
546 0.000000 0 0.7693 0.5421 0.3381 0.9627 0.3586 0.0000 811.831 31.003 288.844
547 0.000000 0 0.7693 0.5421 0.3381 0.9627 0.3586 0.0000 811.833 31.003 288.843
548 0.000000 0 0.7693 0.5421 0.3381 0.9627 0.3586 0.0000 811.850 31.014 288.828
549 0.000000 0 0.7693 0.5422 0.3381 0.9627 0.3586 0.0000 811.869 31.025 288.812
550 0.000000 0 0.7693 0.5422 0.3381 0.9627 0.3586 0.0000 811.870 31.026 288.811
551 0.000000 0 0.7692 0.5422 0.3381 0.9627 0.3586 0.0000 811.887 31.036 288.797
552 0.000000 0 0.7692 0.5422 0.3381 0.9627 0.3586 0.0000 811.888 31.037 288.796
553 0.000000 0 0.7692 0.5422 0.3381 0.9627 0.3586 0.0000 811.906 31.048 288.781
554 0.000000 0 0.7692 0.5422 0.3381 0.9627 0.3586 0.0000 811.915 31.054 288.773
555 0.000000 0 0.7692 0.5422 0.3381 0.9627 0.3586 0.0000 811.924 31.060 288.764
556 0.000000 0 0.7692 0.5423 0.3381 0.9627 0.3586 0.0000 811.942 31.073 288.748
557 0.000000 0 0.7692 0.5423 0.3381 0.9627 0.3586 0.0000 811.944 31.074 288.747
558 0.000000 0 0.7692 0.5423 0.3381 0.9627 0.3586 0.0000 811.961 31.085 288.732
559 0.000000 0 0.7692 0.5423 0.3381 0.9627 0.3586 0.0000 811.961 31.086 288.732
560 0.000000 0 0.7691 0.5423 0.3381 0.9627 0.3586 0.0000 811.979 31.098 288.716
561 0.000000 0 0.7691 0.5423 0.3381 0.9627 0.3586 0.0000 811.988 31.104 288.708
562 0.000000 0 0.7691 0.5424 0.3381 0.9627 0.3586 0.0000 812.006 31.116 288.691
563 0.000000 0 0.7691 0.5424 0.3381 0.9627 0.3586 0.0000 812.007 31.117 288.690
564 0.000000 0 0.7691 0.5424 0.3381 0.9627 0.3586 0.0000 812.023 31.128 288.675
565 0.000000 0 0.7691 0.5424 0.3381 0.9627 0.3586 0.0000 812.024 31.129 288.674
566 0.000000 0 0.7691 0.5424 0.3381 0.9627 0.3586 0.0000 812.041 31.140 288.659
567 0.000000 0 0.7691 0.5424 0.3381 0.9627 0.3586 0.0000 812.050 31.146 288.650
568 0.000000 0 0.7691 0.5425 0.3381 0.9627 0.3586 0.0000 812.059 31.152 288.642
569 0.000000 0 0.7690 0.5425 0.3381 0.9627 0.3586 0.0000 812.077 31.163 288.625
570 0.000000 0 0.7690 0.5425 0.3381 0.9627 0.3586 0.0000 812.079 31.165 288.623
571 0.000000 0 0.7690 0.5425 0.3381 0.9627 0.3586 0.0000 812.095 31.174 288.609
572 0.000000 0 0.7690 0.5425 0.3381 0.9627 0.3586 0.0000 812.096 31.175 288.608
573 0.000000 0 0.7690 0.5426 0.3381 0.9627 0.3586 0.0000 812.121 31.190 288.584
574 0.000000 0 0.7690 0.5426 0.3381 0.9627 0.3586 0.0000 812.122 31.191 288.582
575 0.000000 0 0.7690 0.5426 0.3381 0.9627 0.3586 0.0000 812.139 31.199 288.566
576 0.000000 0 0.7690 0.5426 0.3380 0.9627 0.3586 0.0000 812.148 31.203 288.556
577 0.000000 0 0.7690 0.5426 0.3380 0.9627 0.3586 0.0000 812.156 31.207 288.547
578 0.000000 0 0.7689 0.5426 0.3380 0.9627 0.3586 0.0000 812.174 31.214 288.527
579 0.000000 0 0.7689 0.5426 0.3380 0.9627 0.3586 0.0000 812.175 31.214 288.526
580 0.000000 0 0.7689 0.5427 0.3380 0.9627 0.3586 0.0000 812.192 31.220 288.507
581 0.000000 0 0.7689 0.5427 0.3380 0.9627 0.3586 0.0000 812.192 31.220 288.507
582 0.000000 0 0.7689 0.5427 0.3380 0.9627 0.3586 0.0000 812.210 31.226 288.487
583 0.000000 0 0.7689 0.5427 0.3380 0.9627 0.3586 0.0000 812.210 31.226 288.486
584 0.000000 0 0.7689 0.5427 0.3380 0.9627 0.3586 0.0000 812.227 31.231 288.467
585 0.000000 0 0.7689 0.5427 0.3380 0.9627 0.3586 0.0000 812.229 31.232 288.466
586 0.000000 0 0.7689 0.5428 0.3380 0.9627 0.3586 0.0000 812.245 31.236 288.447
587 0.000000 0 0.7689 0.5428 0.3380 0.9627 0.3586 0.0000 812.254 31.239 288.437
588 0.000000 0 0.7688 0.5428 0.3380 0.9627 0.3586 0.0000 812.272 31.244 288.417
589 0.000000 0 0.7688 0.5428 0.3380 0.9627 0.3586 0.0000 812.274 31.245 288.416
590 0.000000 0 0.7688 0.5428 0.3380 0.9627 0.3586 0.0000 812.290 31.249 288.397
591 0.000000 0 0.7688 0.5428 0.3380 0.9627 0.3586 0.0000 812.299 31.252 288.387
592 0.000000 0 0.7688 0.5429 0.3380 0.9627 0.3586 0.0000 812.308 31.254 288.377
593 0.000000 0 0.7688 0.5429 0.3380 0.9627 0.3586 0.0000 812.327 31.260 288.358
594 0.000000 0 0.7688 0.5429 0.3380 0.9627 0.3586 0.0000 812.328 31.260 288.357
595 0.000000 0 0.7688 0.5429 0.3380 0.9627 0.3586 0.0000 812.345 31.265 288.338
596 0.000000 0 0.7688 0.5429 0.3380 0.9627 0.3586 0.0000 812.354 31.268 288.328
597 0.000000 0 0.7687 0.5430 0.3380 0.9627 0.3586 0.0000 812.373 31.272 288.308
598 0.000000 0 0.7687 0.5430 0.3380 0.9627 0.3586 0.0000 812.374 31.272 288.306
599 0.000000 0 0.7687 0.5430 0.3380 0.9627 0.3586 0.0000 812.392 31.276 288.287
600 0.000000 0 0.7687 0.5430 0.3380 0.9627 0.3586 0.0000 812.394 31.277 288.286
601 0.000000 0 0.7687 0.5430 0.3380 0.9627 0.3586 0.0000 812.411 31.282 288.267
602 0.000000 0 0.7687 0.5430 0.3380 0.9627 0.3586 0.0000 812.421 31.284 288.257
603 0.000000 0 0.7687 0.5431 0.3380 0.9627 0.3586 0.0000 812.440 31.290 288.236
604 0.000000 0 0.7687 0.5431 0.3380 0.9627 0.3586 0.0000 812.442 31.291 288.235
605 0.000000 0 0.7687 0.5431 0.3380 0.9627 0.3586 0.0000 812.460 31.297 288.216
606 0.000000 0 0.7686 0.5431 0.3380 0.9627 0.3586 0.0000 812.461 31.297 288.215
607 0.000000 0 0.7686 0.5431 0.3380 0.9627 0.3586 0.0000 812.489 31.307 288.186
608 0.000000 0 0.7686 0.5431 0.3380 0.9627 0.3586 0.0000 812.491 31.308 288.185
609 0.000000 0 0.7686 0.5432 0.3380 0.9627 0.3586 0.0000 812.509 31.315 288.167
610 0.000000 0 0.7686 0.5432 0.3380 0.9627 0.3586 0.0000 812.510 31.316 288.165
611 0.000000 0 0.7686 0.5432 0.3380 0.9627 0.3586 0.0000 812.529 31.323 288.147
612 0.000000 0 0.7686 0.5432 0.3380 0.9627 0.3586 0.0000 812.530 31.324 288.146
613 0.000000 0 0.7686 0.5432 0.3380 0.9627 0.3586 0.0000 812.549 31.333 288.128
614 0.000000 0 0.7686 0.5432 0.3380 0.9627 0.3586 0.0000 812.550 31.334 288.126
615 0.000000 0 0.7685 0.5432 0.3380 0.9627 0.3586 0.0000 812.568 31.343 288.108
616 0.000000 0 0.7685 0.5432 0.3380 0.9627 0.3586 0.0000 812.570 31.344 288.107
617 0.000000 0 0.7685 0.5433 0.3380 0.9627 0.3586 0.0000 812.588 31.353 288.089
618 0.000000 0 0.7685 0.5433 0.3380 0.9627 0.3586 0.0000 812.589 31.353 288.089
619 0.000000 0 0.7685 0.5433 0.3380 0.9627 0.3586 0.0000 812.608 31.363 288.070
620 0.000000 0 0.7685 0.5433 0.3380 0.9627 0.3586 0.0000 812.609 31.364 288.068
621 0.000000 0 0.7685 0.5433 0.3379 0.9627 0.3586 0.0000 812.628 31.373 288.051
622 0.000000 0 0.7685 0.5433 0.3379 0.9627 0.3586 0.0000 812.629 31.374 288.050
623 0.000000 0 0.7685 0.5434 0.3379 0.9627 0.3586 0.0000 812.648 31.383 288.032
624 0.000000 0 0.7685 0.5434 0.3379 0.9627 0.3586 0.0000 812.649 31.384 288.031
625 0.000000 0 0.7685 0.5434 0.3379 0.9627 0.3586 0.0000 812.667 31.393 288.013
626 0.000000 0 0.7685 0.5434 0.3379 0.9627 0.3586 0.0000 812.669 31.394 288.012
627 0.000000 0 0.7684 0.5434 0.3379 0.9627 0.3586 0.0000 812.697 31.407 287.985
628 0.000000 0 0.7684 0.5435 0.3379 0.9627 0.3586 0.0000 812.717 31.416 287.966
629 0.000000 0 0.7684 0.5435 0.3379 0.9627 0.3586 0.0000 812.719 31.417 287.964
630 0.000000 0 0.7684 0.5435 0.3379 0.9627 0.3586 0.0000 812.737 31.424 287.948
631 0.000000 0 0.7684 0.5435 0.3379 0.9627 0.3586 0.0000 812.757 31.432 287.929
632 0.000000 0 0.7684 0.5435 0.3379 0.9627 0.3586 0.0000 812.759 31.432 287.927
633 0.000000 0 0.7684 0.5435 0.3379 0.9627 0.3586 0.0000 812.777 31.439 287.910
634 0.000000 0 0.7683 0.5436 0.3379 0.9627 0.3586 0.0000 812.787 31.443 287.901
635 0.000000 0 0.7683 0.5436 0.3379 0.9627 0.3586 0.0000 812.807 31.449 287.882
636 0.000000 0 0.7683 0.5436 0.3379 0.9627 0.3586 0.0000 812.809 31.449 287.881
637 0.000000 0 0.7683 0.5436 0.3379 0.9627 0.3586 0.0000 812.828 31.455 287.863
638 0.000000 0 0.7683 0.5436 0.3379 0.9627 0.3586 0.0000 812.847 31.461 287.844
639 0.000000 0 0.7683 0.5437 0.3379 0.9627 0.3586 0.0000 812.849 31.461 287.843
640 0.000000 0 0.7683 0.5437 0.3379 0.9627 0.3586 0.0000 812.867 31.467 287.826
641 0.000000 0 0.7683 0.5437 0.3379 0.9627 0.3586 0.0000 812.886 31.473 287.808
642 0.000000 0 0.7682 0.5437 0.3379 0.9627 0.3586 0.0000 812.905 31.479 287.790
643 0.000000 0 0.7682 0.5437 0.3379 0.9627 0.3586 0.0000 812.906 31.479 287.789
644 0.000000 0 0.7682 0.5437 0.3379 0.9627 0.3586 0.0000 812.915 31.481 287.780
645 0.000000 0 0.7682 0.5438 0.3379 0.9627 0.3586 0.0000 812.943 31.490 287.753
646 0.000000 0 0.7682 0.5438 0.3379 0.9627 0.3586 0.0000 812.953 31.493 287.744
647 0.000000 0 0.7682 0.5438 0.3379 0.9627 0.3586 0.0000 812.963 31.495 287.734
648 0.000000 0 0.7682 0.5438 0.3379 0.9627 0.3586 0.0000 812.972 31.498 287.725
649 0.000000 0 0.7681 0.5439 0.3379 0.9627 0.3586 0.0000 812.991 31.504 287.707
650 0.000000 0 0.7681 0.5439 0.3379 0.9627 0.3586 0.0000 812.992 31.504 287.705
651 0.000000 0 0.7681 0.5439 0.3379 0.9627 0.3586 0.0000 813.010 31.510 287.688
652 0.000000 0 0.7681 0.5439 0.3379 0.9627 0.3586 0.0000 813.011 31.511 287.686
653 0.000000 0 0.7681 0.5439 0.3379 0.9627 0.3586 0.0000 813.028 31.517 287.669
654 0.000000 0 0.7681 0.5439 0.3379 0.9627 0.3586 0.0000 813.047 31.524 287.650
655 0.000000 0 0.7681 0.5440 0.3379 0.9627 0.3586 0.0000 813.048 31.524 287.649
656 0.000000 0 0.7681 0.5440 0.3379 0.9627 0.3586 0.0000 813.065 31.531 287.631
657 0.000000 0 0.7681 0.5440 0.3379 0.9627 0.3586 0.0000 813.074 31.535 287.621
658 0.000000 0 0.7681 0.5440 0.3379 0.9627 0.3586 0.0000 813.083 31.539 287.612
659 0.000000 0 0.7680 0.5440 0.3379 0.9627 0.3586 0.0000 813.101 31.547 287.593
660 0.000000 0 0.7680 0.5441 0.3379 0.9627 0.3586 0.0000 813.110 31.551 287.583
661 0.000000 0 0.7680 0.5441 0.3378 0.9627 0.3586 0.0000 813.120 31.555 287.572
662 0.000000 0 0.7680 0.5441 0.3378 0.9627 0.3586 0.0000 813.138 31.562 287.552
663 0.000000 0 0.7680 0.5441 0.3378 0.9627 0.3586 0.0000 813.139 31.563 287.550
664 0.000000 0 0.7680 0.5441 0.3378 0.9627 0.3586 0.0000 813.165 31.571 287.519
665 0.000000 0 0.7680 0.5441 0.3378 0.9627 0.3586 0.0000 813.166 31.571 287.518
666 0.000000 0 0.7680 0.5442 0.3378 0.9627 0.3586 0.0000 813.184 31.578 287.496
667 0.000000 0 0.7679 0.5442 0.3378 0.9627 0.3586 0.0000 813.193 31.581 287.486
668 0.000000 0 0.7679 0.5442 0.3378 0.9627 0.3586 0.0000 813.211 31.589 287.463
669 0.000000 0 0.7679 0.5442 0.3378 0.9627 0.3586 0.0000 813.212 31.589 287.461
670 0.000000 0 0.7679 0.5442 0.3378 0.9627 0.3586 0.0000 813.229 31.596 287.440
671 0.000000 0 0.7679 0.5443 0.3378 0.9627 0.3586 0.0000 813.238 31.600 287.429
672 0.000000 0 0.7679 0.5443 0.3378 0.9627 0.3586 0.0000 813.255 31.608 287.407
673 0.000000 0 0.7679 0.5443 0.3378 0.9627 0.3586 0.0000 813.257 31.608 287.405
674 0.000000 0 0.7679 0.5443 0.3378 0.9627 0.3586 0.0000 813.273 31.615 287.384
675 0.000000 0 0.7678 0.5443 0.3378 0.9627 0.3586 0.0000 813.282 31.619 287.372
676 0.000000 0 0.7678 0.5443 0.3378 0.9627 0.3586 0.0000 813.283 31.619 287.372
677 0.000000 0 0.7678 0.5444 0.3378 0.9627 0.3586 0.0000 813.300 31.626 287.349
678 0.000000 0 0.7678 0.5444 0.3378 0.9627 0.3586 0.0000 813.301 31.626 287.348
679 0.000000 0 0.7678 0.5444 0.3378 0.9627 0.3586 0.0000 813.318 31.630 287.326
680 0.000000 0 0.7678 0.5444 0.3378 0.9627 0.3586 0.0000 813.327 31.631 287.314
681 0.000000 0 0.7678 0.5444 0.3378 0.9627 0.3586 0.0000 813.345 31.635 287.290
682 0.000000 0 0.7678 0.5444 0.3378 0.9627 0.3586 0.0000 813.346 31.635 287.289
683 0.000000 0 0.7678 0.5445 0.3378 0.9627 0.3586 0.0000 813.363 31.641 287.267
684 0.000000 0 0.7678 0.5445 0.3378 0.9627 0.3586 0.0000 813.364 31.641 287.265
685 0.000000 0 0.7677 0.5445 0.3378 0.9627 0.3586 0.0000 813.377 31.649 287.245
686 0.000000 0 0.7677 0.5445 0.3378 0.9627 0.3586 0.0000 813.378 31.650 287.243
687 0.000000 0 0.7677 0.5445 0.3378 0.9627 0.3586 0.0000 813.393 31.658 287.223
688 0.000000 0 0.7677 0.5445 0.3378 0.9627 0.3586 0.0000 813.393 31.658 287.221
689 0.000000 0 0.7677 0.5445 0.3378 0.9627 0.3586 0.0000 813.400 31.662 287.211
690 0.000000 0 0.7677 0.5446 0.3378 0.9627 0.3586 0.0000 813.415 31.669 287.189
691 0.000000 0 0.7677 0.5446 0.3378 0.9627 0.3586 0.0000 813.416 31.669 287.188
692 0.000000 0 0.7677 0.5446 0.3378 0.9627 0.3586 0.0000 813.430 31.676 287.167
693 0.000000 0 0.7677 0.5446 0.3378 0.9627 0.3586 0.0000 813.438 31.679 287.157
694 0.000000 0 0.7677 0.5446 0.3378 0.9627 0.3586 0.0000 813.453 31.685 287.134
695 0.000000 0 0.7677 0.5446 0.3378 0.9627 0.3586 0.0000 813.454 31.686 287.132
696 0.000000 0 0.7676 0.5447 0.3378 0.9627 0.3586 0.0000 813.468 31.692 287.113
697 0.000000 0 0.7676 0.5447 0.3378 0.9627 0.3586 0.0000 813.469 31.693 287.111
698 0.000000 0 0.7676 0.5447 0.3378 0.9627 0.3586 0.0000 813.482 31.700 287.092
699 0.000000 0 0.7676 0.5447 0.3378 0.9627 0.3586 0.0000 813.489 31.704 287.082
700 0.000000 0 0.7676 0.5447 0.3378 0.9627 0.3586 0.0000 813.503 31.711 287.062
701 0.000000 0 0.7676 0.5447 0.3378 0.9627 0.3586 0.0000 813.504 31.712 287.060
702 0.000000 0 0.7676 0.5448 0.3378 0.9627 0.3586 0.0000 813.517 31.719 287.041
703 0.000000 0 0.7676 0.5448 0.3378 0.9627 0.3586 0.0000 813.519 31.720 287.039
704 0.000000 0 0.7676 0.5448 0.3378 0.9627 0.3586 0.0000 813.531 31.726 287.021
705 0.000000 0 0.7675 0.5448 0.3378 0.9627 0.3586 0.0000 813.532 31.727 287.020
706 0.000000 0 0.7675 0.5448 0.3377 0.9627 0.3586 0.0000 813.546 31.734 287.002
707 0.000000 0 0.7675 0.5448 0.3377 0.9627 0.3586 0.0000 813.547 31.734 287.000
708 0.000000 0 0.7675 0.5448 0.3377 0.9627 0.3586 0.0000 813.560 31.742 286.982
709 0.000000 0 0.7675 0.5449 0.3377 0.9627 0.3586 0.0000 813.567 31.746 286.972
710 0.000000 0 0.7675 0.5449 0.3377 0.9627 0.3586 0.0000 813.575 31.750 286.962
711 0.000000 0 0.7675 0.5449 0.3377 0.9627 0.3586 0.0000 813.589 31.759 286.942
712 0.000000 0 0.7675 0.5449 0.3377 0.9627 0.3586 0.0000 813.590 31.759 286.941
713 0.000000 0 0.7675 0.5449 0.3377 0.9627 0.3586 0.0000 813.604 31.767 286.922
714 0.000000 0 0.7674 0.5449 0.3377 0.9627 0.3586 0.0000 813.612 31.771 286.912
715 0.000000 0 0.7674 0.5450 0.3377 0.9627 0.3586 0.0000 813.621 31.774 286.902
716 0.000000 0 0.7674 0.5450 0.3377 0.9627 0.3586 0.0000 813.630 31.777 286.891
717 0.000000 0 0.7674 0.5450 0.3377 0.9627 0.3586 0.0000 813.648 31.783 286.870
718 0.000000 0 0.7674 0.5450 0.3377 0.9627 0.3586 0.0000 813.649 31.783 286.869
719 0.000000 0 0.7674 0.5450 0.3377 0.9627 0.3586 0.0000 813.675 31.793 286.839
720 0.000000 0 0.7674 0.5450 0.3377 0.9627 0.3586 0.0000 813.676 31.793 286.838
721 0.000000 0 0.7674 0.5451 0.3377 0.9627 0.3586 0.0000 813.694 31.801 286.818
722 0.000000 0 0.7674 0.5451 0.3377 0.9627 0.3586 0.0000 813.695 31.801 286.816
723 0.000000 0 0.7673 0.5451 0.3377 0.9627 0.3586 0.0000 813.712 31.809 286.797
724 0.000000 0 0.7673 0.5451 0.3377 0.9627 0.3586 0.0000 813.714 31.809 286.795
725 0.000000 0 0.7673 0.5451 0.3377 0.9627 0.3586 0.0000 813.731 31.817 286.777
726 0.000000 0 0.7673 0.5452 0.3377 0.9627 0.3586 0.0000 813.749 31.826 286.756
727 0.000000 0 0.7673 0.5452 0.3377 0.9627 0.3586 0.0000 813.750 31.827 286.755
728 0.000000 0 0.7673 0.5452 0.3377 0.9627 0.3586 0.0000 813.768 31.835 286.736
729 0.000000 0 0.7673 0.5452 0.3377 0.9627 0.3586 0.0000 813.787 31.845 286.716
730 0.000000 0 0.7673 0.5452 0.3377 0.9627 0.3586 0.0000 813.806 31.854 286.695
731 0.000000 0 0.7673 0.5452 0.3377 0.9627 0.3586 0.0000 813.808 31.855 286.694
732 0.000000 0 0.7672 0.5453 0.3377 0.9627 0.3586 0.0000 813.826 31.864 286.675
733 0.000000 0 0.7672 0.5453 0.3377 0.9627 0.3586 0.0000 813.845 31.873 286.655
734 0.000000 0 0.7672 0.5453 0.3377 0.9627 0.3586 0.0000 813.846 31.874 286.654
735 0.000000 0 0.7672 0.5453 0.3377 0.9627 0.3586 0.0000 813.864 31.883 286.635
736 0.000000 0 0.7672 0.5453 0.3377 0.9627 0.3586 0.0000 813.874 31.887 286.625
737 0.000000 0 0.7672 0.5454 0.3377 0.9627 0.3586 0.0000 813.893 31.896 286.605
738 0.000000 0 0.7672 0.5454 0.3377 0.9627 0.3586 0.0000 813.895 31.896 286.604
739 0.000000 0 0.7671 0.5454 0.3377 0.9627 0.3586 0.0000 813.913 31.904 286.585
740 0.000000 0 0.7671 0.5454 0.3377 0.9627 0.3586 0.0000 813.932 31.912 286.566
741 0.000000 0 0.7671 0.5454 0.3377 0.9627 0.3586 0.0000 813.934 31.913 286.564
742 0.000000 0 0.7671 0.5455 0.3377 0.9627 0.3586 0.0000 813.952 31.920 286.546
743 0.000000 0 0.7671 0.5455 0.3377 0.9627 0.3586 0.0000 813.953 31.920 286.544
744 0.000000 0 0.7671 0.5455 0.3377 0.9627 0.3586 0.0000 813.971 31.926 286.526
745 0.000000 0 0.7671 0.5455 0.3377 0.9627 0.3586 0.0000 813.973 31.927 286.524
746 0.000000 0 0.7671 0.5455 0.3377 0.9627 0.3586 0.0000 813.991 31.933 286.506
747 0.000000 0 0.7671 0.5455 0.3377 0.9627 0.3586 0.0000 813.992 31.933 286.505
748 0.000000 0 0.7671 0.5455 0.3376 0.9627 0.3586 0.0000 814.010 31.939 286.486
749 0.000000 0 0.7670 0.5456 0.3376 0.9627 0.3586 0.0000 814.020 31.942 286.477
750 0.000000 0 0.7670 0.5456 0.3376 0.9627 0.3586 0.0000 814.030 31.945 286.467
751 0.000000 0 0.7670 0.5456 0.3376 0.9627 0.3586 0.0000 814.039 31.947 286.457
752 0.000000 0 0.7670 0.5456 0.3376 0.9627 0.3586 0.0000 814.059 31.952 286.438
753 0.000000 0 0.7670 0.5456 0.3376 0.9627 0.3586 0.0000 814.060 31.953 286.436
754 0.000000 0 0.7670 0.5456 0.3376 0.9627 0.3586 0.0000 814.078 31.957 286.418
755 0.000000 0 0.7670 0.5456 0.3376 0.9627 0.3586 0.0000 814.079 31.957 286.416
756 0.000000 0 0.7670 0.5457 0.3376 0.9627 0.3586 0.0000 814.097 31.961 286.398
757 0.000000 0 0.7670 0.5457 0.3376 0.9627 0.3586 0.0000 814.107 31.963 286.389
758 0.000000 0 0.7669 0.5457 0.3376 0.9627 0.3586 0.0000 814.126 31.968 286.369
759 0.000000 0 0.7669 0.5457 0.3376 0.9627 0.3586 0.0000 814.127 31.968 286.367
760 0.000000 0 0.7669 0.5457 0.3376 0.9627 0.3586 0.0000 814.145 31.972 286.349
761 0.000000 0 0.7669 0.5458 0.3376 0.9627 0.3586 0.0000 814.154 31.974 286.339
762 0.000000 0 0.7669 0.5458 0.3376 0.9627 0.3586 0.0000 814.173 31.978 286.319
763 0.000000 0 0.7669 0.5458 0.3376 0.9627 0.3586 0.0000 814.174 31.978 286.318
764 0.000000 0 0.7669 0.5458 0.3376 0.9627 0.3586 0.0000 814.192 31.982 286.299
765 0.000000 0 0.7669 0.5458 0.3376 0.9627 0.3586 0.0000 814.194 31.983 286.297
766 0.000000 0 0.7669 0.5458 0.3376 0.9627 0.3586 0.0000 814.211 31.987 286.279
767 0.000000 0 0.7668 0.5459 0.3376 0.9627 0.3586 0.0000 814.229 31.992 286.259
768 0.000000 0 0.7668 0.5459 0.3376 0.9627 0.3586 0.0000 814.231 31.993 286.257
769 0.000000 0 0.7668 0.5459 0.3376 0.9627 0.3586 0.0000 814.248 31.998 286.238
770 0.000000 0 0.7668 0.5459 0.3376 0.9627 0.3586 0.0000 814.257 32.001 286.228
771 0.000000 0 0.7668 0.5459 0.3376 0.9627 0.3586 0.0000 814.258 32.001 286.227
772 0.000000 0 0.7668 0.5459 0.3376 0.9627 0.3586 0.0000 814.276 32.006 286.207
773 0.000000 0 0.7668 0.5459 0.3376 0.9627 0.3586 0.0000 814.276 32.006 286.206
774 0.000000 0 0.7668 0.5460 0.3376 0.9627 0.3586 0.0000 814.295 32.009 286.185
775 0.000000 0 0.7668 0.5460 0.3376 0.9627 0.3586 0.0000 814.297 32.009 286.184
776 0.000000 0 0.7668 0.5460 0.3376 0.9627 0.3586 0.0000 814.314 32.013 286.163
777 0.000000 0 0.7668 0.5460 0.3376 0.9627 0.3586 0.0000 814.316 32.013 286.162
778 0.000000 0 0.7667 0.5460 0.3376 0.9627 0.3586 0.0000 814.333 32.018 286.141
779 0.000000 0 0.7667 0.5460 0.3376 0.9627 0.3586 0.0000 814.334 32.018 286.140
780 0.000000 0 0.7667 0.5461 0.3376 0.9627 0.3586 0.0000 814.352 32.023 286.119
781 0.000000 0 0.7667 0.5461 0.3376 0.9627 0.3586 0.0000 814.353 32.023 286.118
782 0.000000 0 0.7667 0.5461 0.3376 0.9627 0.3586 0.0000 814.371 32.029 286.097
783 0.000000 0 0.7667 0.5461 0.3376 0.9627 0.3586 0.0000 814.373 32.029 286.095
784 0.000000 0 0.7667 0.5461 0.3376 0.9627 0.3586 0.0000 814.390 32.035 286.075
785 0.000000 0 0.7667 0.5461 0.3376 0.9627 0.3586 0.0000 814.390 32.035 286.074
786 0.000000 0 0.7667 0.5461 0.3376 0.9627 0.3586 0.0000 814.408 32.042 286.052
787 0.000000 0 0.7667 0.5461 0.3376 0.9627 0.3586 0.0000 814.410 32.042 286.051
788 0.000000 0 0.7666 0.5462 0.3376 0.9627 0.3586 0.0000 814.427 32.049 286.030
789 0.000000 0 0.7666 0.5462 0.3376 0.9627 0.3586 0.0000 814.427 32.049 286.029
790 0.000000 0 0.7666 0.5462 0.3376 0.9627 0.3586 0.0000 814.445 32.055 286.007
791 0.000000 0 0.7666 0.5462 0.3376 0.9627 0.3586 0.0000 814.446 32.056 286.006
792 0.000000 0 0.7666 0.5462 0.3376 0.9627 0.3586 0.0000 814.463 32.062 285.984
793 0.000000 0 0.7666 0.5462 0.3376 0.9627 0.3586 0.0000 814.472 32.066 285.973
794 0.000000 0 0.7666 0.5463 0.3376 0.9627 0.3586 0.0000 814.481 32.069 285.961
795 0.000000 0 0.7666 0.5463 0.3376 0.9627 0.3586 0.0000 814.490 32.073 285.950
796 0.000000 0 0.7666 0.5463 0.3375 0.9627 0.3586 0.0000 814.499 32.076 285.939
797 0.000000 0 0.7666 0.5463 0.3375 0.9627 0.3586 0.0000 814.508 32.079 285.927
798 0.000000 0 0.7665 0.5463 0.3375 0.9627 0.3586 0.0000 814.526 32.086 285.904
799 0.000000 0 0.7665 0.5463 0.3375 0.9627 0.3586 0.0000 814.527 32.086 285.902
800 0.000000 0 0.7665 0.5464 0.3375 0.9627 0.3586 0.0000 814.544 32.092 285.881
801 0.000000 0 0.7665 0.5464 0.3375 0.9627 0.3586 0.0000 814.545 32.093 285.880
802 0.000000 0 0.7665 0.5464 0.3375 0.9627 0.3586 0.0000 814.561 32.099 285.858
803 0.000000 0 0.7665 0.5464 0.3375 0.9627 0.3586 0.0000 814.562 32.099 285.857
804 0.000000 0 0.7665 0.5464 0.3375 0.9627 0.3586 0.0000 814.578 32.105 285.835
805 0.000000 0 0.7665 0.5464 0.3375 0.9627 0.3586 0.0000 814.579 32.105 285.834
806 0.000000 0 0.7665 0.5464 0.3375 0.9627 0.3586 0.0000 814.595 32.110 285.812
807 0.000000 0 0.7665 0.5464 0.3375 0.9627 0.3586 0.0000 814.596 32.110 285.811
808 0.000000 0 0.7664 0.5465 0.3375 0.9627 0.3586 0.0000 814.612 32.115 285.789
809 0.000000 0 0.7664 0.5465 0.3375 0.9627 0.3586 0.0000 814.621 32.117 285.778
810 0.000000 0 0.7664 0.5465 0.3375 0.9627 0.3586 0.0000 814.638 32.121 285.755
811 0.000000 0 0.7664 0.5465 0.3375 0.9627 0.3586 0.0000 814.639 32.121 285.754
812 0.000000 0 0.7664 0.5465 0.3375 0.9627 0.3586 0.0000 814.655 32.124 285.732
813 0.000000 0 0.7664 0.5465 0.3375 0.9627 0.3586 0.0000 814.656 32.124 285.731
814 0.000000 0 0.7664 0.5466 0.3375 0.9627 0.3586 0.0000 814.673 32.127 285.709
815 0.000000 0 0.7664 0.5466 0.3375 0.9627 0.3586 0.0000 814.681 32.128 285.698
816 0.000000 0 0.7664 0.5466 0.3375 0.9627 0.3586 0.0000 814.690 32.130 285.687
817 0.000000 0 0.7663 0.5466 0.3375 0.9627 0.3586 0.0000 814.707 32.132 285.664
818 0.000000 0 0.7663 0.5466 0.3375 0.9627 0.3586 0.0000 814.708 32.132 285.662
819 0.000000 0 0.7663 0.5467 0.3375 0.9627 0.3586 0.0000 814.725 32.134 285.641
820 0.000000 0 0.7663 0.5467 0.3375 0.9627 0.3586 0.0000 814.725 32.134 285.640
821 0.000000 0 0.7663 0.5467 0.3375 0.9627 0.3586 0.0000 814.743 32.133 285.618
822 0.000000 0 0.7663 0.5467 0.3375 0.9627 0.3586 0.0000 814.752 32.133 285.607
823 0.000000 0 0.7663 0.5467 0.3375 0.9627 0.3586 0.0000 814.761 32.133 285.595
824 0.000000 0 0.7663 0.5467 0.3375 0.9627 0.3586 0.0000 814.780 32.134 285.572
825 0.000000 0 0.7663 0.5468 0.3375 0.9627 0.3586 0.0000 814.781 32.134 285.571
826 0.000000 0 0.7663 0.5468 0.3375 0.9627 0.3586 0.0000 814.798 32.134 285.549
827 0.000000 0 0.7663 0.5468 0.3375 0.9627 0.3586 0.0000 814.799 32.134 285.549
828 1.000000 0 0.7662 0.5468 0.3375 0.9627 0.3586 0.0000 814.817 32.135 285.527
829 1.000000 0 0.7662 0.5468 0.3375 0.9627 0.3586 0.0000 814.826 32.136 285.515
830 1.000000 0 0.7662 0.5468 0.3375 0.9627 0.3586 0.0000 814.836 32.137 285.504
831 1.000000 0 0.7662 0.5469 0.3375 0.9627 0.3586 0.0000 814.854 32.139 285.482
832 1.000000 0 0.7662 0.5469 0.3375 0.9627 0.3586 0.0000 814.855 32.139 285.480
833 1.000000 0 0.7662 0.5469 0.3375 0.9627 0.3586 0.0000 814.864 32.140 285.470
834 1.000000 0 0.7662 0.5469 0.3375 0.9627 0.3586 0.0000 814.883 32.143 285.448
835 1.000000 0 0.7662 0.5469 0.3375 0.9627 0.3586 0.0000 814.892 32.145 285.437
836 1.000000 0 0.7661 0.5469 0.3375 0.9627 0.3586 0.0000 814.902 32.147 285.426
837 1.000000 0 0.7661 0.5470 0.3375 0.9627 0.3586 0.0000 814.921 32.152 285.405
838 1.000000 0 0.7661 0.5470 0.3375 0.9627 0.3586 0.0000 814.923 32.153 285.403
839 1.000000 0 0.7661 0.5470 0.3375 0.9627 0.3586 0.0000 814.940 32.158 285.384
840 1.000000 0 0.7661 0.5470 0.3375 0.9627 0.3586 0.0000 814.950 32.161 285.373
841 1.000000 0 0.7661 0.5470 0.3374 0.9627 0.3586 0.0000 814.970 32.167 285.352
842 1.000000 0 0.7661 0.5470 0.3374 0.9627 0.3586 0.0000 814.971 32.168 285.350
843 1.000000 0 0.7661 0.5471 0.3374 0.9627 0.3586 0.0000 814.990 32.174 285.330
844 1.000000 0 0.7661 0.5471 0.3374 0.9627 0.3586 0.0000 815.000 32.178 285.320
845 1.000000 0 0.7660 0.5471 0.3374 0.9627 0.3586 0.0000 815.019 32.185 285.299
846 1.000000 0 0.7660 0.5471 0.3374 0.9627 0.3586 0.0000 815.021 32.186 285.297
847 1.000000 0 0.7660 0.5471 0.3374 0.9627 0.3586 0.0000 815.040 32.193 285.278
848 1.000000 0 0.7660 0.5471 0.3374 0.9627 0.3586 0.0000 815.041 32.193 285.276
849 1.000000 0 0.7660 0.5472 0.3374 0.9627 0.3586 0.0000 815.060 32.200 285.257
850 1.000000 0 0.7660 0.5472 0.3374 0.9627 0.3586 0.0000 815.070 32.204 285.247
851 1.000000 0 0.7660 0.5472 0.3374 0.9627 0.3586 0.0000 815.080 32.208 285.236
852 1.000000 0 0.7660 0.5472 0.3374 0.9627 0.3586 0.0000 815.100 32.215 285.216
853 1.000000 0 0.7660 0.5472 0.3374 0.9627 0.3586 0.0000 815.102 32.216 285.214
854 1.000000 0 0.7659 0.5473 0.3374 0.9627 0.3586 0.0000 815.120 32.223 285.195
855 1.000000 0 0.7659 0.5473 0.3374 0.9627 0.3586 0.0000 815.122 32.223 285.193
856 1.000000 0 0.7659 0.5473 0.3374 0.9627 0.3586 0.0000 815.141 32.229 285.175
857 1.000000 0 0.7659 0.5473 0.3374 0.9627 0.3586 0.0000 815.161 32.236 285.154
858 1.000000 0 0.7659 0.5473 0.3374 0.9627 0.3586 0.0000 815.163 32.236 285.152
859 1.000000 0 0.7659 0.5473 0.3374 0.9627 0.3586 0.0000 815.179 32.242 285.131
860 1.000000 0 0.7659 0.5474 0.3374 0.9627 0.3586 0.0000 815.194 32.247 285.106
861 1.000000 0 0.7659 0.5474 0.3374 0.9627 0.3586 0.0000 815.195 32.247 285.104
862 1.000000 0 0.7658 0.5474 0.3374 0.9627 0.3586 0.0000 815.207 32.251 285.080
863 1.000000 0 0.7658 0.5474 0.3374 0.9627 0.3586 0.0000 815.213 32.253 285.067
864 1.000000 0 0.7658 0.5474 0.3374 0.9627 0.3586 0.0000 815.219 32.255 285.054
865 1.000000 0 0.7658 0.5475 0.3374 0.9627 0.3586 0.0000 815.229 32.259 285.026
866 1.000000 0 0.7658 0.5475 0.3374 0.9627 0.3586 0.0000 815.230 32.259 285.024
867 1.000000 0 0.7658 0.5475 0.3374 0.9627 0.3586 0.0000 815.238 32.261 284.998
868 1.000000 0 0.7658 0.5475 0.3374 0.9627 0.3586 0.0000 815.239 32.261 284.996
869 1.000000 0 0.7658 0.5475 0.3374 0.9627 0.3586 0.0000 815.246 32.263 284.969
870 1.000000 0 0.7658 0.5475 0.3374 0.9627 0.3586 0.0000 815.246 32.263 284.967
871 1.000000 0 0.7658 0.5475 0.3374 0.9627 0.3586 0.0000 815.252 32.265 284.940
872 1.000000 0 0.7658 0.5475 0.3374 0.9627 0.3586 0.0000 815.252 32.265 284.937
873 1.000000 0 0.7657 0.5476 0.3374 0.9627 0.3586 0.0000 815.256 32.266 284.910
874 1.000000 0 0.7657 0.5476 0.3374 0.9627 0.3586 0.0000 815.256 32.266 284.908
875 1.000000 0 0.7657 0.5476 0.3374 0.9627 0.3586 0.0000 815.259 32.267 284.880
876 1.000000 0 0.7657 0.5476 0.3374 0.9627 0.3586 0.0000 815.259 32.267 284.878
877 1.000000 0 0.7657 0.5476 0.3374 0.9627 0.3586 0.0000 815.260 32.267 284.850
878 1.000000 0 0.7657 0.5476 0.3374 0.9627 0.3586 0.0000 815.260 32.267 284.847
879 1.000000 0 0.7657 0.5477 0.3374 0.9627 0.3586 0.0000 815.259 32.267 284.820
880 1.000000 0 0.7657 0.5477 0.3374 0.9627 0.3586 0.0000 815.259 32.267 284.817
881 1.000000 0 0.7657 0.5477 0.3374 0.9627 0.3586 0.0000 815.256 32.268 284.789
882 1.000000 0 0.7657 0.5477 0.3374 0.9627 0.3586 0.0000 815.255 32.268 284.774
883 1.000000 0 0.7656 0.5477 0.3374 0.9627 0.3586 0.0000 815.252 32.268 284.758
884 1.000000 0 0.7656 0.5477 0.3374 0.9627 0.3586 0.0000 815.246 32.268 284.728
885 1.000000 0 0.7656 0.5477 0.3374 0.9627 0.3586 0.0000 815.245 32.268 284.725
886 1.000000 0 0.7656 0.5478 0.3373 0.9627 0.3586 0.0000 815.238 32.269 284.698
887 1.000000 0 0.7656 0.5478 0.3373 0.9627 0.3586 0.0000 815.237 32.269 284.696
888 1.000000 0 0.7656 0.5478 0.3373 0.9627 0.3586 0.0000 815.229 32.270 284.669
889 1.000000 0 0.7656 0.5478 0.3373 0.9627 0.3586 0.0000 815.228 32.270 284.667
890 1.000000 0 0.7656 0.5478 0.3373 0.9627 0.3586 0.0000 815.217 32.271 284.640
891 1.000000 0 0.7656 0.5478 0.3373 0.9627 0.3586 0.0000 815.216 32.271 284.637
892 1.000000 0 0.7655 0.5479 0.3373 0.9627 0.3586 0.0000 815.204 32.273 284.611
893 1.000000 0 0.7655 0.5479 0.3373 0.9627 0.3586 0.0000 815.203 32.273 284.609
894 1.000000 0 0.7655 0.5479 0.3373 0.9627 0.3586 0.0000 815.190 32.275 284.583
895 1.000000 0 0.7655 0.5479 0.3373 0.9627 0.3586 0.0000 815.189 32.275 284.581
896 1.000000 0 0.7655 0.5479 0.3373 0.9627 0.3586 0.0000 815.173 32.277 284.556
897 1.000000 0 0.7655 0.5479 0.3373 0.9627 0.3586 0.0000 815.165 32.279 284.543
898 1.000000 0 0.7655 0.5479 0.3373 0.9627 0.3586 0.0000 815.156 32.280 284.530
899 1.000000 0 0.7655 0.5480 0.3373 0.9627 0.3586 0.0000 815.146 32.282 284.517
900 1.000000 0 0.7655 0.5480 0.3373 0.9627 0.3586 0.0000 815.126 32.285 284.493
901 1.000000 0 0.7655 0.5480 0.3373 0.9627 0.3586 0.0000 815.125 32.286 284.491
902 1.000000 0 0.7654 0.5480 0.3373 0.9627 0.3586 0.0000 815.105 32.289 284.470
903 1.000000 0 0.7654 0.5480 0.3373 0.9627 0.3586 0.0000 815.093 32.292 284.459
904 1.000000 0 0.7654 0.5480 0.3373 0.9627 0.3586 0.0000 815.082 32.295 284.448
905 1.000000 0 0.7654 0.5481 0.3373 0.9627 0.3586 0.0000 815.073 32.299 284.437
906 1.000000 0 0.7654 0.5481 0.3373 0.9627 0.3586 0.0000 815.063 32.302 284.426
907 1.000000 0 0.7654 0.5481 0.3373 0.9627 0.3586 0.0000 815.054 32.306 284.414
908 1.000000 0 0.7654 0.5481 0.3373 0.9627 0.3586 0.0000 815.045 32.309 284.403
909 1.000000 0 0.7654 0.5481 0.3373 0.9627 0.3586 0.0000 815.036 32.313 284.391
910 1.000000 0 0.7654 0.5481 0.3373 0.9627 0.3586 0.0000 815.017 32.319 284.369
911 1.000000 0 0.7654 0.5481 0.3373 0.9627 0.3586 0.0000 815.015 32.320 284.367
912 1.000000 0 0.7653 0.5482 0.3373 0.9627 0.3586 0.0000 814.999 32.326 284.346
913 1.000000 0 0.7653 0.5482 0.3373 0.9627 0.3586 0.0000 814.997 32.327 284.345
914 1.000000 0 0.7653 0.5482 0.3373 0.9627 0.3586 0.0000 814.989 32.329 284.335
915 1.000000 0 0.7653 0.5482 0.3373 0.9627 0.3586 0.0000 814.971 32.336 284.312
916 1.000000 0 0.7653 0.5482 0.3373 0.9627 0.3586 0.0000 814.969 32.336 284.310
917 1.000000 0 0.7653 0.5482 0.3373 0.9627 0.3586 0.0000 814.952 32.342 284.290
918 1.000000 0 0.7653 0.5482 0.3373 0.9627 0.3586 0.0000 814.951 32.342 284.289
919 1.000000 0 0.7653 0.5483 0.3373 0.9627 0.3586 0.0000 814.933 32.347 284.268
920 1.000000 0 0.7653 0.5483 0.3373 0.9627 0.3586 0.0000 814.932 32.347 284.266
921 1.000000 0 0.7653 0.5483 0.3373 0.9627 0.3586 0.0000 814.914 32.352 284.245
922 1.000000 0 0.7653 0.5483 0.3373 0.9627 0.3586 0.0000 814.913 32.352 284.244
923 1.000000 0 0.7652 0.5483 0.3373 0.9627 0.3586 0.0000 814.895 32.356 284.222
924 1.000000 0 0.7652 0.5484 0.3373 0.9627 0.3586 0.0000 814.877 32.360 284.200
925 1.000000 0 0.7652 0.5484 0.3373 0.9627 0.3586 0.0000 814.875 32.360 284.199
926 1.000000 0 0.7652 0.5484 0.3373 0.9627 0.3586 0.0000 814.858 32.363 284.178
927 1.000000 0 0.7652 0.5484 0.3373 0.9627 0.3586 0.0000 814.839 32.365 284.155
928 1.000000 0 0.7652 0.5484 0.3373 0.9627 0.3586 0.0000 814.837 32.365 284.153
929 1.000000 0 0.7652 0.5484 0.3373 0.9627 0.3586 0.0000 814.820 32.367 284.133
930 1.000000 0 0.7652 0.5485 0.3373 0.9627 0.3586 0.0000 814.811 32.368 284.122
931 1.000000 0 0.7651 0.5485 0.3373 0.9627 0.3586 0.0000 814.792 32.369 284.099
932 1.000000 0 0.7651 0.5485 0.3373 0.9627 0.3586 0.0000 814.791 32.369 284.097
933 1.000000 0 0.7651 0.5485 0.3372 0.9627 0.3586 0.0000 814.774 32.370 284.076
934 1.000000 0 0.7651 0.5485 0.3372 0.9627 0.3586 0.0000 814.772 32.370 284.075
935 1.000000 0 0.7651 0.5485 0.3372 0.9627 0.3586 0.0000 814.755 32.370 284.054
936 1.000000 0 0.7651 0.5485 0.3372 0.9627 0.3586 0.0000 814.753 32.371 284.051
937 1.000000 0 0.7651 0.5486 0.3372 0.9627 0.3586 0.0000 814.737 32.371 284.031
938 1.000000 0 0.7651 0.5486 0.3372 0.9627 0.3586 0.0000 814.728 32.371 284.019
939 1.000000 0 0.7650 0.5486 0.3372 0.9627 0.3586 0.0000 814.710 32.372 283.997
940 1.000000 0 0.7650 0.5486 0.3372 0.9627 0.3586 0.0000 814.708 32.372 283.995
941 1.000000 0 0.7650 0.5486 0.3372 0.9627 0.3586 0.0000 814.692 32.373 283.974
942 1.000000 0 0.7650 0.5487 0.3372 0.9627 0.3586 0.0000 814.674 32.374 283.950
943 1.000000 0 0.7650 0.5487 0.3372 0.9627 0.3586 0.0000 814.671 32.374 283.948
944 1.000000 0 0.7650 0.5487 0.3372 0.9627 0.3586 0.0000 814.656 32.375 283.927
945 1.000000 0 0.7650 0.5487 0.3372 0.9627 0.3586 0.0000 814.647 32.376 283.916
946 1.000000 0 0.7650 0.5487 0.3372 0.9627 0.3586 0.0000 814.638 32.377 283.904
947 1.000000 0 0.7650 0.5487 0.3372 0.9627 0.3586 0.0000 814.637 32.377 283.903
948 1.000000 0 0.7650 0.5488 0.3372 0.9627 0.3586 0.0000 814.621 32.379 283.881
949 1.000000 0 0.7649 0.5488 0.3372 0.9627 0.3586 0.0000 814.604 32.382 283.857
950 1.000000 0 0.7649 0.5488 0.3372 0.9627 0.3586 0.0000 814.595 32.384 283.846
951 1.000000 0 0.7649 0.5488 0.3372 0.9627 0.3586 0.0000 814.578 32.388 283.822
952 1.000000 0 0.7649 0.5488 0.3372 0.9627 0.3586 0.0000 814.576 32.388 283.819
953 1.000000 0 0.7649 0.5489 0.3372 0.9627 0.3586 0.0000 814.561 32.392 283.798
954 1.000000 0 0.7649 0.5489 0.3372 0.9627 0.3586 0.0000 814.544 32.397 283.774
955 1.000000 0 0.7649 0.5489 0.3372 0.9627 0.3586 0.0000 814.543 32.398 283.772
956 1.000000 0 0.7649 0.5489 0.3372 0.9627 0.3586 0.0000 814.528 32.403 283.750
957 1.000000 0 0.7648 0.5489 0.3372 0.9627 0.3586 0.0000 814.526 32.404 283.747
958 1.000000 0 0.7648 0.5489 0.3372 0.9627 0.3586 0.0000 814.512 32.409 283.726
959 1.000000 0 0.7648 0.5490 0.3372 0.9627 0.3586 0.0000 814.503 32.412 283.714
960 1.000000 0 0.7648 0.5490 0.3372 0.9627 0.3586 0.0000 814.487 32.419 283.690
961 1.000000 0 0.7648 0.5490 0.3372 0.9627 0.3586 0.0000 814.485 32.420 283.687
962 1.000000 0 0.7648 0.5490 0.3372 0.9627 0.3586 0.0000 814.463 32.429 283.654
963 1.000000 0 0.7648 0.5490 0.3372 0.9627 0.3586 0.0000 814.462 32.430 283.652
964 1.000000 0 0.7648 0.5491 0.3372 0.9627 0.3586 0.0000 814.448 32.438 283.630
965 1.000000 0 0.7648 0.5491 0.3372 0.9627 0.3586 0.0000 814.446 32.439 283.628
966 1.000000 0 0.7647 0.5491 0.3372 0.9627 0.3586 0.0000 814.434 32.449 283.606
967 1.000000 0 0.7647 0.5491 0.3372 0.9627 0.3586 0.0000 814.433 32.450 283.604
968 1.000000 0 0.7647 0.5491 0.3372 0.9627 0.3586 0.0000 814.422 32.463 283.584
969 1.000000 0 0.7647 0.5491 0.3372 0.9627 0.3586 0.0000 814.421 32.464 283.583
970 1.000000 0 0.7647 0.5492 0.3372 0.9627 0.3586 0.0000 814.407 32.486 283.558
971 1.000000 0 0.7647 0.5492 0.3372 0.9627 0.3586 0.0000 814.406 32.487 283.557
972 1.000000 0 0.7647 0.5492 0.3372 0.9627 0.3586 0.0000 814.397 32.502 283.542
973 1.000000 0 0.7647 0.5492 0.3372 0.9627 0.3586 0.0000 814.393 32.509 283.534
974 1.000000 0 0.7646 0.5492 0.3371 0.9627 0.3586 0.0000 814.384 32.523 283.518
975 1.000000 0 0.7646 0.5492 0.3371 0.9627 0.3586 0.0000 814.383 32.525 283.517
976 1.000000 0 0.7646 0.5493 0.3371 0.9627 0.3586 0.0000 814.374 32.538 283.502
977 1.000000 0 0.7646 0.5493 0.3371 0.9627 0.3586 0.0000 814.370 32.545 283.494
978 1.000000 0 0.7646 0.5493 0.3371 0.9627 0.3586 0.0000 814.365 32.552 283.486
979 1.000000 0 0.7646 0.5493 0.3371 0.9627 0.3586 0.0000 814.356 32.565 283.470
980 1.000000 0 0.7646 0.5493 0.3371 0.9627 0.3586 0.0000 814.355 32.566 283.469
981 1.000000 0 0.7646 0.5493 0.3371 0.9627 0.3586 0.0000 814.347 32.578 283.455
982 1.000000 0 0.7646 0.5494 0.3371 0.9627 0.3586 0.0000 814.342 32.585 283.447
983 1.000000 0 0.7645 0.5494 0.3371 0.9627 0.3586 0.0000 814.333 32.598 283.431
984 1.000000 0 0.7645 0.5494 0.3371 0.9627 0.3586 0.0000 814.331 32.599 283.429
985 1.000000 0 0.7645 0.5494 0.3371 0.9627 0.3586 0.0000 814.323 32.610 283.415
986 1.000000 0 0.7645 0.5494 0.3371 0.9627 0.3586 0.0000 814.323 32.610 283.414
987 1.000000 0 0.7645 0.5494 0.3371 0.9627 0.3586 0.0000 814.314 32.622 283.399
988 1.000000 0 0.7645 0.5495 0.3371 0.9627 0.3586 0.0000 814.309 32.628 283.391
989 1.000000 0 0.7645 0.5495 0.3371 0.9627 0.3586 0.0000 814.299 32.639 283.375
990 1.000000 0 0.7645 0.5495 0.3371 0.9627 0.3586 0.0000 814.295 32.645 283.368
991 1.000000 0 0.7644 0.5495 0.3371 0.9627 0.3586 0.0000 814.285 32.657 283.352
992 1.000000 0 0.7644 0.5495 0.3371 0.9627 0.3586 0.0000 814.284 32.658 283.350
993 1.000000 0 0.7644 0.5496 0.3371 0.9627 0.3586 0.0000 814.275 32.668 283.336
994 1.000000 0 0.7644 0.5496 0.3371 0.9627 0.3586 0.0000 814.274 32.670 283.333
995 1.000000 0 0.7644 0.5496 0.3371 0.9627 0.3586 0.0000 814.259 32.689 283.307
996 1.000000 0 0.7644 0.5496 0.3371 0.9627 0.3586 0.0000 814.255 32.708 283.293
997 1.000000 0 0.7644 0.5496 0.3371 0.9627 0.3586 0.0000 814.247 32.740 283.265
998 1.000000 0 0.7644 0.5496 0.3371 0.9627 0.3586 0.0000 814.246 32.743 283.261
999 1.000000 0 0.7644 0.5497 0.3371 0.9627 0.3586 0.0000 814.242 32.760 283.242
1000 1.000000 0 0.7644 0.5497 0.3371 0.9627 0.3586 0.0000 814.241 32.761 283.240
1001 1.000000 0 0.7643 0.5497 0.3371 0.9627 0.3586 0.0000 814.236 32.776 283.217
1002 1.000000 0 0.7643 0.5497 0.3371 0.9627 0.3586 0.0000 814.235 32.777 283.215
1003 1.000000 0 0.7643 0.5497 0.3371 0.9627 0.3586 0.0000 814.231 32.787 283.198
1004 1.000000 0 0.7643 0.5497 0.3371 0.9627 0.3586 0.0000 814.228 32.791 283.189
1005 1.000000 0 0.7643 0.5498 0.3371 0.9627 0.3586 0.0000 814.221 32.801 283.168
1006 1.000000 0 0.7643 0.5498 0.3371 0.9627 0.3586 0.0000 814.221 32.802 283.166
1007 1.000000 0 0.7643 0.5498 0.3371 0.9627 0.3586 0.0000 814.213 32.810 283.146
1008 1.000000 0 0.7642 0.5498 0.3371 0.9627 0.3586 0.0000 814.205 32.819 283.124
1009 1.000000 0 0.7642 0.5499 0.3371 0.9627 0.3586 0.0000 814.196 32.828 283.101
1010 1.000000 0 0.7642 0.5499 0.3371 0.9627 0.3586 0.0000 814.195 32.829 283.099
1011 1.000000 0 0.7642 0.5499 0.3371 0.9627 0.3586 0.0000 814.182 32.842 283.067
1012 1.000000 0 0.7642 0.5499 0.3371 0.9627 0.3586 0.0000 814.181 32.843 283.065
1013 1.000000 0 0.7642 0.5499 0.3371 0.9627 0.3586 0.0000 814.173 32.853 283.045
1014 1.000000 0 0.7642 0.5499 0.3371 0.9627 0.3586 0.0000 814.172 32.854 283.043
1015 1.000000 0 0.7642 0.5500 0.3371 0.9627 0.3586 0.0000 814.164 32.864 283.022
1016 1.000000 0 0.7642 0.5500 0.3371 0.9627 0.3586 0.0000 814.163 32.865 283.020
1017 1.000000 0 0.7641 0.5500 0.3370 0.9627 0.3586 0.0000 814.154 32.876 283.001
1018 1.000000 0 0.7641 0.5500 0.3370 0.9627 0.3586 0.0000 814.153 32.877 282.999
1019 1.000000 0 0.7641 0.5500 0.3370 0.9627 0.3586 0.0000 814.142 32.890 282.983
1020 1.000000 0 0.7641 0.5500 0.3370 0.9627 0.3586 0.0000 814.141 32.892 282.981
1021 1.000000 0 0.7641 0.5500 0.3370 0.9627 0.3586 0.0000 814.131 32.905 282.965
1022 1.000000 0 0.7641 0.5501 0.3370 0.9627 0.3586 0.0000 814.125 32.912 282.957
1023 1.000000 0 0.7641 0.5501 0.3370 0.9627 0.3586 0.0000 814.113 32.927 282.939
1024 1.000000 0 0.7641 0.5501 0.3370 0.9627 0.3586 0.0000 814.112 32.928 282.938
1025 1.000000 0 0.7641 0.5501 0.3370 0.9627 0.3586 0.0000 814.101 32.941 282.922
1026 1.000000 0 0.7640 0.5501 0.3370 0.9627 0.3586 0.0000 814.095 32.949 282.913
1027 1.000000 0 0.7640 0.5501 0.3370 0.9627 0.3586 0.0000 814.089 32.956 282.905
1028 1.000000 0 0.7640 0.5501 0.3370 0.9627 0.3586 0.0000 814.088 32.957 282.903
1029 1.000000 0 0.7640 0.5502 0.3370 0.9627 0.3586 0.0000 814.077 32.971 282.887
1030 1.000000 0 0.7640 0.5502 0.3370 0.9627 0.3586 0.0000 814.071 32.978 282.879
1031 1.000000 0 0.7640 0.5502 0.3370 0.9627 0.3586 0.0000 814.059 32.992 282.861
1032 1.000000 0 0.7640 0.5502 0.3370 0.9627 0.3586 0.0000 814.057 32.994 282.859
1033 1.000000 0 0.7640 0.5503 0.3370 0.9627 0.3586 0.0000 814.040 33.013 282.836
1034 1.000000 0 0.7640 0.5503 0.3370 0.9627 0.3586 0.0000 814.039 33.015 282.834
1035 1.000000 0 0.7639 0.5503 0.3370 0.9627 0.3586 0.0000 814.028 33.027 282.818
1036 1.000000 0 0.7639 0.5503 0.3370 0.9627 0.3586 0.0000 814.027 33.028 282.817
1037 1.000000 0 0.7639 0.5503 0.3370 0.9627 0.3586 0.0000 814.022 33.034 282.810
1038 1.000000 0 0.7639 0.5503 0.3370 0.9627 0.3586 0.0000 814.010 33.047 282.793
1039 1.000000 0 0.7639 0.5503 0.3370 0.9627 0.3586 0.0000 814.008 33.049 282.791
1040 1.000000 0 0.7639 0.5504 0.3370 0.9627 0.3586 0.0000 813.997 33.060 282.775
1041 1.000000 0 0.7639 0.5504 0.3370 0.9627 0.3586 0.0000 813.996 33.061 282.774
1042 1.000000 0 0.7639 0.5504 0.3370 0.9627 0.3586 0.0000 813.985 33.073 282.759
1043 1.000000 0 0.7639 0.5504 0.3370 0.9627 0.3586 0.0000 813.973 33.085 282.741
1044 1.000000 0 0.7639 0.5504 0.3370 0.9627 0.3586 0.0000 813.971 33.086 282.739
1045 1.000000 0 0.7638 0.5504 0.3370 0.9627 0.3586 0.0000 813.961 33.097 282.724
1046 1.000000 0 0.7638 0.5504 0.3370 0.9627 0.3586 0.0000 813.959 33.098 282.723
1047 1.000000 0 0.7638 0.5505 0.3370 0.9627 0.3586 0.0000 813.948 33.108 282.707
1048 1.000000 0 0.7638 0.5505 0.3370 0.9627 0.3586 0.0000 813.948 33.109 282.706
1049 1.000000 0 0.7638 0.5505 0.3370 0.9627 0.3586 0.0000 813.936 33.120 282.690
1050 1.000000 0 0.7638 0.5505 0.3370 0.9627 0.3586 0.0000 813.924 33.130 282.673
1051 1.000000 0 0.7638 0.5505 0.3370 0.9627 0.3586 0.0000 813.923 33.132 282.671
1052 1.000000 0 0.7638 0.5506 0.3370 0.9627 0.3586 0.0000 813.912 33.141 282.656
1053 1.000000 0 0.7638 0.5506 0.3370 0.9627 0.3586 0.0000 813.906 33.146 282.647
1054 1.000000 0 0.7637 0.5506 0.3370 0.9627 0.3586 0.0000 813.900 33.152 282.639
1055 1.000000 0 0.7637 0.5506 0.3370 0.9627 0.3586 0.0000 813.893 33.157 282.630
1056 1.000000 0 0.7637 0.5506 0.3370 0.9627 0.3586 0.0000 813.881 33.167 282.613
1057 1.000000 0 0.7637 0.5506 0.3370 0.9627 0.3586 0.0000 813.880 33.168 282.611
1058 1.000000 0 0.7637 0.5507 0.3370 0.9627 0.3586 0.0000 813.869 33.178 282.595
1059 1.000000 0 0.7637 0.5507 0.3370 0.9627 0.3586 0.0000 813.863 33.183 282.587
1060 1.000000 0 0.7637 0.5507 0.3369 0.9627 0.3586 0.0000 813.851 33.193 282.569
1061 1.000000 0 0.7637 0.5507 0.3369 0.9627 0.3586 0.0000 813.850 33.194 282.567
1062 1.000000 0 0.7637 0.5507 0.3369 0.9627 0.3586 0.0000 813.839 33.203 282.552
1063 1.000000 0 0.7637 0.5507 0.3369 0.9627 0.3586 0.0000 813.838 33.204 282.550
1064 1.000000 0 0.7636 0.5508 0.3369 0.9627 0.3586 0.0000 813.827 33.213 282.533
1065 1.000000 0 0.7636 0.5508 0.3369 0.9627 0.3586 0.0000 813.821 33.217 282.523
1066 1.000000 0 0.7636 0.5508 0.3369 0.9627 0.3586 0.0000 813.814 33.222 282.513
1067 1.000000 0 0.7636 0.5508 0.3369 0.9627 0.3586 0.0000 813.801 33.229 282.492
1068 1.000000 0 0.7636 0.5508 0.3369 0.9627 0.3586 0.0000 813.800 33.230 282.491
1069 1.000000 0 0.7636 0.5508 0.3369 0.9627 0.3586 0.0000 813.788 33.237 282.470
1070 1.000000 0 0.7636 0.5508 0.3369 0.9627 0.3586 0.0000 813.786 33.237 282.468
1071 1.000000 0 0.7636 0.5509 0.3369 0.9627 0.3586 0.0000 813.774 33.244 282.448
1072 1.000000 0 0.7635 0.5509 0.3369 0.9627 0.3586 0.0000 813.768 33.248 282.436
1073 1.000000 0 0.7635 0.5509 0.3369 0.9627 0.3586 0.0000 813.761 33.251 282.425
1074 1.000000 0 0.7635 0.5509 0.3369 0.9627 0.3586 0.0000 813.748 33.260 282.403
1075 1.000000 0 0.7635 0.5510 0.3369 0.9627 0.3586 0.0000 813.735 33.268 282.380
1076 1.000000 0 0.7635 0.5510 0.3369 0.9627 0.3586 0.0000 813.734 33.269 282.378
1077 1.000000 0 0.7635 0.5510 0.3369 0.9627 0.3586 0.0000 813.722 33.278 282.357
1078 1.000000 0 0.7635 0.5510 0.3369 0.9627 0.3586 0.0000 813.720 33.279 282.355
1079 1.000000 0 0.7635 0.5510 0.3369 0.9627 0.3586 0.0000 813.709 33.287 282.334
1080 1.000000 0 0.7635 0.5510 0.3369 0.9627 0.3586 0.0000 813.708 33.288 282.332
1081 1.000000 0 0.7634 0.5510 0.3369 0.9627 0.3586 0.0000 813.696 33.298 282.312
1082 1.000000 0 0.7634 0.5510 0.3369 0.9627 0.3586 0.0000 813.695 33.299 282.309
1083 1.000000 0 0.7634 0.5511 0.3369 0.9627 0.3586 0.0000 813.683 33.308 282.289
1084 1.000000 0 0.7634 0.5511 0.3369 0.9627 0.3586 0.0000 813.683 33.309 282.287
1085 1.000000 0 0.7634 0.5511 0.3369 0.9627 0.3586 0.0000 813.671 33.319 282.266
1086 1.000000 0 0.7634 0.5511 0.3369 0.9627 0.3586 0.0000 813.670 33.319 282.264
1087 1.000000 0 0.7634 0.5511 0.3369 0.9627 0.3586 0.0000 813.658 33.330 282.243
1088 1.000000 0 0.7634 0.5511 0.3369 0.9627 0.3586 0.0000 813.657 33.330 282.241
1089 1.000000 0 0.7634 0.5512 0.3369 0.9627 0.3586 0.0000 813.646 33.341 282.220
1090 1.000000 0 0.7634 0.5512 0.3369 0.9627 0.3586 0.0000 813.644 33.342 282.217
1091 1.000000 0 0.7634 0.5512 0.3369 0.9627 0.3586 0.0000 813.633 33.352 282.197
1092 1.000000 0 0.7633 0.5512 0.3369 0.9627 0.3586 0.0000 813.631 33.353 282.193
1093 1.000000 0 0.7633 0.5512 0.3369 0.9627 0.3586 0.0000 813.621 33.363 282.173
1094 1.000000 0 0.7633 0.5512 0.3369 0.9627 0.3586 0.0000 813.620 33.363 282.172
1095 1.000000 0 0.7633 0.5512 0.3369 0.9627 0.3586 0.0000 813.608 33.374 282.150
1096 1.000000 0 0.7633 0.5512 0.3369 0.9627 0.3586 0.0000 813.607 33.375 282.148
1097 1.000000 0 0.7633 0.5513 0.3369 0.9627 0.3586 0.0000 813.596 33.384 282.127
1098 1.000000 0 0.7633 0.5513 0.3369 0.9627 0.3586 0.0000 813.590 33.389 282.116
1099 1.000000 0 0.7633 0.5513 0.3369 0.9627 0.3586 0.0000 813.589 33.390 282.114
1100 1.000000 0 0.7633 0.5513 0.3369 0.9627 0.3586 0.0000 813.577 33.400 282.092
1101 1.000000 0 0.7633 0.5513 0.3369 0.9627 0.3586 0.0000 813.576 33.400 282.090
1102 1.000000 0 0.7632 0.5513 0.3369 0.9627 0.3586 0.0000 813.565 33.409 282.069
1103 1.000000 0 0.7632 0.5513 0.3369 0.9627 0.3586 0.0000 813.564 33.410 282.067
1104 1.000000 0 0.7632 0.5514 0.3369 0.9627 0.3586 0.0000 813.552 33.418 282.046
1105 1.000000 0 0.7632 0.5514 0.3369 0.9627 0.3586 0.0000 813.551 33.419 282.044
1106 1.000000 0 0.7632 0.5514 0.3369 0.9627 0.3586 0.0000 813.539 33.427 282.023
1107 1.000000 0 0.7632 0.5514 0.3369 0.9627 0.3586 0.0000 813.538 33.427 282.021
1108 1.000000 0 0.7632 0.5514 0.3369 0.9627 0.3586 0.0000 813.523 33.434 282.001
1109 1.000000 0 0.7632 0.5514 0.3369 0.9627 0.3586 0.0000 813.521 33.434 282.000
1110 1.000000 0 0.7632 0.5515 0.3368 0.9627 0.3586 0.0000 813.502 33.440 281.982
1111 1.000000 0 0.7632 0.5515 0.3368 0.9627 0.3586 0.0000 813.492 33.443 281.973
1112 1.000000 0 0.7632 0.5515 0.3368 0.9627 0.3586 0.0000 813.480 33.445 281.965
1113 1.000000 0 0.7631 0.5515 0.3368 0.9627 0.3586 0.0000 813.469 33.448 281.956
1114 1.000000 0 0.7631 0.5515 0.3368 0.9627 0.3586 0.0000 813.446 33.453 281.940
1115 1.000000 0 0.7631 0.5515 0.3368 0.9627 0.3586 0.0000 813.444 33.453 281.939
1116 1.000000 0 0.7631 0.5516 0.3368 0.9627 0.3586 0.0000 813.421 33.458 281.926
1117 1.000000 0 0.7631 0.5516 0.3368 0.9627 0.3586 0.0000 813.420 33.458 281.925
1118 1.000000 0 0.7631 0.5516 0.3368 0.9627 0.3586 0.0000 813.396 33.462 281.912
1119 1.000000 0 0.7631 0.5516 0.3368 0.9627 0.3586 0.0000 813.394 33.462 281.912
1120 1.000000 0 0.7631 0.5516 0.3368 0.9627 0.3586 0.0000 813.371 33.466 281.900
1121 1.000000 0 0.7631 0.5516 0.3368 0.9627 0.3586 0.0000 813.369 33.466 281.899
1122 1.000000 0 0.7630 0.5516 0.3368 0.9627 0.3586 0.0000 813.348 33.470 281.884
1123 1.000000 0 0.7630 0.5516 0.3368 0.9627 0.3586 0.0000 813.346 33.470 281.883
1124 1.000000 0 0.7630 0.5517 0.3368 0.9627 0.3586 0.0000 813.325 33.474 281.869
1125 1.000000 0 0.7630 0.5517 0.3368 0.9627 0.3586 0.0000 813.324 33.474 281.868
1126 1.000000 0 0.7630 0.5517 0.3368 0.9627 0.3586 0.0000 813.302 33.478 281.853
1127 1.000000 0 0.7630 0.5517 0.3368 0.9627 0.3586 0.0000 813.291 33.480 281.845
1128 1.000000 0 0.7630 0.5517 0.3368 0.9627 0.3586 0.0000 813.289 33.480 281.844
1129 1.000000 0 0.7630 0.5517 0.3368 0.9627 0.3586 0.0000 813.268 33.484 281.830
1130 1.000000 0 0.7630 0.5517 0.3368 0.9627 0.3586 0.0000 813.266 33.485 281.829
1131 1.000000 0 0.7630 0.5518 0.3368 0.9627 0.3586 0.0000 813.245 33.489 281.815
1132 1.000000 0 0.7630 0.5518 0.3368 0.9627 0.3586 0.0000 813.234 33.492 281.807
1133 1.000000 0 0.7629 0.5518 0.3368 0.9627 0.3586 0.0000 813.210 33.497 281.792
1134 1.000000 0 0.7629 0.5518 0.3368 0.9627 0.3586 0.0000 813.208 33.497 281.790
1135 1.000000 0 0.7629 0.5518 0.3368 0.9627 0.3586 0.0000 813.187 33.503 281.777
1136 1.000000 0 0.7629 0.5519 0.3368 0.9627 0.3586 0.0000 813.176 33.506 281.769
1137 1.000000 0 0.7629 0.5519 0.3368 0.9627 0.3586 0.0000 813.173 33.506 281.768
1138 1.000000 0 0.7629 0.5519 0.3368 0.9627 0.3586 0.0000 813.152 33.512 281.754
1139 1.000000 0 0.7629 0.5519 0.3368 0.9627 0.3586 0.0000 813.150 33.513 281.753
1140 1.000000 0 0.7629 0.5519 0.3368 0.9627 0.3586 0.0000 813.129 33.519 281.740
1141 1.000000 0 0.7629 0.5519 0.3368 0.9627 0.3586 0.0000 813.126 33.520 281.738
1142 1.000000 0 0.7628 0.5519 0.3368 0.9627 0.3586 0.0000 813.105 33.527 281.725
1143 1.000000 0 0.7628 0.5519 0.3368 0.9627 0.3586 0.0000 813.104 33.528 281.724
1144 1.000000 0 0.7628 0.5520 0.3368 0.9627 0.3586 0.0000 813.082 33.535 281.711
1145 1.000000 0 0.7628 0.5520 0.3368 0.9627 0.3586 0.0000 813.080 33.536 281.710
1146 1.000000 0 0.7628 0.5520 0.3368 0.9627 0.3586 0.0000 813.058 33.544 281.697
1147 1.000000 0 0.7628 0.5520 0.3368 0.9627 0.3586 0.0000 813.056 33.545 281.695
1148 1.000000 0 0.7628 0.5520 0.3368 0.9627 0.3586 0.0000 813.035 33.553 281.683
1149 1.000000 0 0.7628 0.5520 0.3368 0.9627 0.3586 0.0000 813.023 33.557 281.676
1150 1.000000 0 0.7628 0.5521 0.3368 0.9627 0.3586 0.0000 813.011 33.562 281.669
1151 1.000000 0 0.7628 0.5521 0.3368 0.9627 0.3586 0.0000 812.999 33.567 281.661
1152 1.000000 0 0.7628 0.5521 0.3368 0.9627 0.3586 0.0000 812.996 33.568 281.660
1153 1.000000 0 0.7627 0.5521 0.3368 0.9627 0.3586 0.0000 812.975 33.577 281.648
1154 1.000000 0 0.7627 0.5521 0.3368 0.9627 0.3586 0.0000 812.963 33.581 281.641
1155 1.000000 0 0.7627 0.5521 0.3368 0.9627 0.3586 0.0000 812.951 33.586 281.634
1156 1.000000 0 0.7627 0.5521 0.3368 0.9627 0.3586 0.0000 812.939 33.591 281.627
1157 1.000000 0 0.7627 0.5522 0.3368 0.9627 0.3586 0.0000 812.915 33.601 281.614
1158 1.000000 0 0.7627 0.5522 0.3368 0.9627 0.3586 0.0000 812.912 33.602 281.612
1159 1.000000 0 0.7627 0.5522 0.3367 0.9627 0.3586 0.0000 812.891 33.611 281.600
1160 1.000000 0 0.7627 0.5522 0.3367 0.9627 0.3586 0.0000 812.889 33.612 281.599
1161 1.000000 0 0.7627 0.5522 0.3367 0.9627 0.3586 0.0000 812.868 33.622 281.586
1162 1.000000 0 0.7627 0.5522 0.3367 0.9627 0.3586 0.0000 812.866 33.622 281.585
1163 1.000000 0 0.7626 0.5523 0.3367 0.9627 0.3586 0.0000 812.845 33.632 281.572
1164 1.000000 0 0.7626 0.5523 0.3367 0.9627 0.3586 0.0000 812.844 33.633 281.571
1165 1.000000 0 0.7626 0.5523 0.3367 0.9627 0.3586 0.0000 812.824 33.644 281.559
1166 1.000000 0 0.7626 0.5523 0.3367 0.9627 0.3586 0.0000 812.803 33.655 281.545
1167 1.000000 0 0.7626 0.5523 0.3367 0.9627 0.3586 0.0000 812.801 33.656 281.544
1168 1.000000 0 0.7626 0.5523 0.3367 0.9627 0.3586 0.0000 812.781 33.663 281.531
1169 1.000000 0 0.7626 0.5524 0.3367 0.9627 0.3586 0.0000 812.769 33.667 281.524
1170 1.000000 0 0.7626 0.5524 0.3367 0.9627 0.3586 0.0000 812.745 33.671 281.509
1171 1.000000 0 0.7626 0.5524 0.3367 0.9627 0.3586 0.0000 812.743 33.672 281.508
1172 1.000000 0 0.7625 0.5524 0.3367 0.9627 0.3586 0.0000 812.720 33.674 281.494
1173 1.000000 0 0.7625 0.5524 0.3367 0.9627 0.3586 0.0000 812.718 33.674 281.493
1174 1.000000 0 0.7625 0.5524 0.3367 0.9627 0.3586 0.0000 812.695 33.677 281.479
1175 1.000000 0 0.7625 0.5524 0.3367 0.9627 0.3586 0.0000 812.693 33.677 281.478
1176 1.000000 0 0.7625 0.5525 0.3367 0.9627 0.3586 0.0000 812.670 33.679 281.464
1177 1.000000 0 0.7625 0.5525 0.3367 0.9627 0.3586 0.0000 812.658 33.682 281.457
1178 1.000000 0 0.7625 0.5525 0.3367 0.9627 0.3586 0.0000 812.646 33.684 281.451
1179 1.000000 0 0.7625 0.5525 0.3367 0.9627 0.3586 0.0000 812.622 33.688 281.437
1180 1.000000 0 0.7625 0.5525 0.3367 0.9627 0.3586 0.0000 812.619 33.688 281.436
1181 1.000000 0 0.7624 0.5526 0.3367 0.9627 0.3586 0.0000 812.598 33.692 281.423
1182 1.000000 0 0.7624 0.5526 0.3367 0.9627 0.3586 0.0000 812.596 33.692 281.423
1183 1.000000 0 0.7624 0.5526 0.3367 0.9627 0.3586 0.0000 812.573 33.695 281.410
1184 1.000000 0 0.7624 0.5526 0.3367 0.9627 0.3586 0.0000 812.572 33.696 281.409
1185 1.000000 0 0.7624 0.5526 0.3367 0.9627 0.3586 0.0000 812.549 33.699 281.396
1186 1.000000 0 0.7624 0.5526 0.3367 0.9627 0.3586 0.0000 812.548 33.699 281.395
1187 1.000000 0 0.7624 0.5526 0.3367 0.9627 0.3586 0.0000 812.525 33.702 281.382
1188 1.000000 0 0.7624 0.5526 0.3367 0.9627 0.3586 0.0000 812.524 33.703 281.381
1189 1.000000 0 0.7624 0.5527 0.3367 0.9627 0.3586 0.0000 812.502 33.706 281.367
1190 1.000000 0 0.7624 0.5527 0.3367 0.9627 0.3586 0.0000 812.500 33.706 281.367
1191 1.000000 0 0.7623 0.5527 0.3367 0.9627 0.3586 0.0000 812.477 33.710 281.353
1192 1.000000 0 0.7623 0.5527 0.3367 0.9627 0.3586 0.0000 812.465 33.712 281.346
1193 1.000000 0 0.7623 0.5527 0.3367 0.9627 0.3586 0.0000 812.442 33.716 281.331
1194 1.000000 0 0.7623 0.5528 0.3367 0.9627 0.3586 0.0000 812.429 33.718 281.324
1195 1.000000 0 0.7623 0.5528 0.3367 0.9627 0.3586 0.0000 812.418 33.721 281.316
1196 1.000000 0 0.7623 0.5528 0.3367 0.9627 0.3586 0.0000 812.383 33.728 281.295
1197 1.000000 0 0.7623 0.5528 0.3367 0.9627 0.3586 0.0000 812.381 33.729 281.293
1198 1.000000 0 0.7623 0.5528 0.3367 0.9627 0.3586 0.0000 812.358 33.734 281.279
1199 1.000000 0 0.7622 0.5528 0.3367 0.9627 0.3586 0.0000 812.356 33.735 281.277
1200 1.000000 0 0.7622 0.5529 0.3367 0.9627 0.3586 0.0000 812.335 33.741 281.264
1201 1.000000 0 0.7622 0.5529 0.3367 0.9627 0.3586 0.0000 812.333 33.741 281.263
1202 1.000000 0 0.7622 0.5529 0.3367 0.9627 0.3586 0.0000 812.311 33.748 281.248
1203 1.000000 0 0.7622 0.5529 0.3367 0.9627 0.3586 0.0000 812.309 33.748 281.247
1204 1.000000 0 0.7622 0.5529 0.3366 0.9627 0.3586 0.0000 812.288 33.755 281.233
1205 1.000000 0 0.7622 0.5529 0.3366 0.9627 0.3586 0.0000 812.286 33.756 281.232
1206 1.000000 0 0.7622 0.5530 0.3366 0.9627 0.3586 0.0000 812.265 33.763 281.217
1207 1.000000 0 0.7622 0.5530 0.3366 0.9627 0.3586 0.0000 812.263 33.764 281.216
1208 1.000000 0 0.7622 0.5530 0.3366 0.9627 0.3586 0.0000 812.242 33.772 281.201
1209 1.000000 0 0.7622 0.5530 0.3366 0.9627 0.3586 0.0000 812.239 33.773 281.200
1210 1.000000 0 0.7621 0.5530 0.3366 0.9627 0.3586 0.0000 812.219 33.780 281.186
1211 1.000000 0 0.7621 0.5530 0.3366 0.9627 0.3586 0.0000 812.217 33.781 281.185
1212 1.000000 0 0.7621 0.5530 0.3366 0.9627 0.3586 0.0000 812.196 33.789 281.170
1213 1.000000 0 0.7621 0.5530 0.3366 0.9627 0.3586 0.0000 812.194 33.790 281.169
1214 1.000000 0 0.7621 0.5531 0.3366 0.9627 0.3586 0.0000 812.172 33.799 281.153
1215 1.000000 0 0.7621 0.5531 0.3366 0.9627 0.3586 0.0000 812.170 33.800 281.152
1216 1.000000 0 0.7621 0.5531 0.3366 0.9627 0.3586 0.0000 812.150 33.808 281.137
1217 1.000000 0 0.7621 0.5531 0.3366 0.9627 0.3586 0.0000 812.147 33.809 281.136
1218 1.000000 0 0.7621 0.5531 0.3366 0.9627 0.3586 0.0000 812.127 33.817 281.121
1219 1.000000 0 0.7620 0.5532 0.3366 0.9627 0.3586 0.0000 812.104 33.826 281.104
1220 1.000000 0 0.7620 0.5532 0.3366 0.9627 0.3586 0.0000 812.093 33.831 281.096
1221 1.000000 0 0.7620 0.5532 0.3366 0.9627 0.3586 0.0000 812.090 33.832 281.094
1222 1.000000 0 0.7620 0.5532 0.3366 0.9627 0.3586 0.0000 812.070 33.839 281.080
1223 1.000000 0 0.7620 0.5532 0.3366 0.9627 0.3586 0.0000 812.059 33.843 281.071
1224 1.000000 0 0.7620 0.5532 0.3366 0.9627 0.3586 0.0000 812.048 33.847 281.063
1225 1.000000 0 0.7620 0.5533 0.3366 0.9627 0.3586 0.0000 812.025 33.855 281.046
1226 1.000000 0 0.7620 0.5533 0.3366 0.9627 0.3586 0.0000 812.022 33.856 281.044
1227 1.000000 0 0.7620 0.5533 0.3366 0.9627 0.3586 0.0000 812.002 33.863 281.030
1228 1.000000 0 0.7619 0.5533 0.3366 0.9627 0.3586 0.0000 811.980 33.869 281.013
1229 1.000000 0 0.7619 0.5533 0.3366 0.9627 0.3586 0.0000 811.968 33.873 281.005
1230 1.000000 0 0.7619 0.5533 0.3366 0.9627 0.3586 0.0000 811.957 33.875 280.996
1231 1.000000 0 0.7619 0.5534 0.3366 0.9627 0.3586 0.0000 811.946 33.878 280.988
1232 1.000000 0 0.7619 0.5534 0.3366 0.9627 0.3586 0.0000 811.923 33.884 280.971
1233 1.000000 0 0.7619 0.5534 0.3366 0.9627 0.3586 0.0000 811.912 33.886 280.963
1234 1.000000 0 0.7619 0.5534 0.3366 0.9627 0.3586 0.0000 811.889 33.891 280.946
1235 1.000000 0 0.7619 0.5534 0.3366 0.9627 0.3586 0.0000 811.887 33.892 280.945
1236 1.000000 0 0.7618 0.5535 0.3366 0.9627 0.3586 0.0000 811.867 33.896 280.929
1237 1.000000 0 0.7618 0.5535 0.3366 0.9627 0.3586 0.0000 811.845 33.900 280.912
1238 1.000000 0 0.7618 0.5535 0.3366 0.9627 0.3586 0.0000 811.835 33.902 280.904
1239 1.000000 0 0.7618 0.5535 0.3366 0.9627 0.3586 0.0000 811.824 33.904 280.896
1240 1.000000 0 0.7618 0.5535 0.3366 0.9627 0.3586 0.0000 811.802 33.908 280.879
1241 1.000000 0 0.7618 0.5536 0.3366 0.9627 0.3586 0.0000 811.791 33.910 280.870
1242 1.000000 0 0.7618 0.5536 0.3366 0.9627 0.3586 0.0000 811.779 33.912 280.862
1243 1.000000 0 0.7617 0.5536 0.3366 0.9627 0.3586 0.0000 811.758 33.916 280.845
1244 1.000000 0 0.7617 0.5536 0.3366 0.9627 0.3586 0.0000 811.747 33.918 280.837
1245 1.000000 0 0.7617 0.5536 0.3366 0.9627 0.3586 0.0000 811.735 33.920 280.829
1246 1.000000 0 0.7617 0.5537 0.3365 0.9627 0.3586 0.0000 811.713 33.924 280.812
1247 1.000000 0 0.7617 0.5537 0.3365 0.9627 0.3586 0.0000 811.711 33.925 280.811
1248 1.000000 0 0.7617 0.5537 0.3365 0.9627 0.3586 0.0000 811.691 33.929 280.796
1249 1.000000 0 0.7617 0.5537 0.3365 0.9627 0.3586 0.0000 811.689 33.929 280.795
1250 1.000000 0 0.7617 0.5537 0.3365 0.9627 0.3586 0.0000 811.668 33.934 280.780
1251 1.000000 0 0.7617 0.5537 0.3365 0.9627 0.3586 0.0000 811.646 33.940 280.764
1252 1.000000 0 0.7616 0.5538 0.3365 0.9627 0.3586 0.0000 811.623 33.946 280.748
1253 1.000000 0 0.7616 0.5538 0.3365 0.9627 0.3586 0.0000 811.622 33.946 280.747
1254 1.000000 0 0.7616 0.5538 0.3365 0.9627 0.3586 0.0000 811.601 33.952 280.732
1255 1.000000 0 0.7616 0.5538 0.3365 0.9627 0.3586 0.0000 811.578 33.959 280.717
1256 1.000000 0 0.7616 0.5538 0.3365 0.9627 0.3586 0.0000 811.576 33.960 280.715
1257 1.000000 0 0.7616 0.5539 0.3365 0.9627 0.3586 0.0000 811.555 33.967 280.701
1258 1.000000 0 0.7616 0.5539 0.3365 0.9627 0.3586 0.0000 811.553 33.968 280.700
1259 1.000000 0 0.7616 0.5539 0.3365 0.9627 0.3586 0.0000 811.532 33.975 280.686
1260 1.000000 0 0.7616 0.5539 0.3365 0.9627 0.3586 0.0000 811.530 33.976 280.685
1261 1.000000 0 0.7615 0.5539 0.3365 0.9627 0.3586 0.0000 811.509 33.984 280.671
1262 1.000000 0 0.7615 0.5539 0.3365 0.9627 0.3586 0.0000 811.507 33.984 280.670
1263 1.000000 0 0.7615 0.5539 0.3365 0.9627 0.3586 0.0000 811.485 33.991 280.656
1264 1.000000 0 0.7615 0.5539 0.3365 0.9627 0.3586 0.0000 811.484 33.992 280.655
1265 1.000000 0 0.7615 0.5540 0.3365 0.9627 0.3586 0.0000 811.461 33.999 280.641
1266 1.000000 0 0.7615 0.5540 0.3365 0.9627 0.3586 0.0000 811.459 34.000 280.640
1267 1.000000 0 0.7615 0.5540 0.3365 0.9627 0.3586 0.0000 811.437 34.007 280.626
1268 1.000000 0 0.7615 0.5540 0.3365 0.9627 0.3586 0.0000 811.435 34.008 280.625
1269 1.000000 0 0.7615 0.5540 0.3365 0.9627 0.3586 0.0000 811.412 34.015 280.612
1270 1.000000 0 0.7615 0.5540 0.3365 0.9627 0.3586 0.0000 811.400 34.020 280.604
1271 1.000000 0 0.7614 0.5541 0.3365 0.9627 0.3586 0.0000 811.376 34.028 280.590
1272 1.000000 0 0.7614 0.5541 0.3365 0.9627 0.3586 0.0000 811.374 34.029 280.589
1273 1.000000 0 0.7614 0.5541 0.3365 0.9627 0.3586 0.0000 811.351 34.036 280.575
1274 1.000000 0 0.7614 0.5541 0.3365 0.9627 0.3586 0.0000 811.350 34.037 280.574
1275 1.000000 0 0.7614 0.5541 0.3365 0.9627 0.3586 0.0000 811.326 34.044 280.561
1276 1.000000 0 0.7614 0.5541 0.3365 0.9627 0.3586 0.0000 811.324 34.045 280.560
1277 1.000000 0 0.7614 0.5542 0.3365 0.9627 0.3586 0.0000 811.302 34.052 280.547
1278 1.000000 0 0.7614 0.5542 0.3365 0.9627 0.3586 0.0000 811.277 34.060 280.532
1279 1.000000 0 0.7614 0.5542 0.3365 0.9627 0.3586 0.0000 811.275 34.060 280.532
1280 1.000000 0 0.7613 0.5542 0.3365 0.9627 0.3586 0.0000 811.252 34.067 280.518
1281 1.000000 0 0.7613 0.5542 0.3365 0.9627 0.3586 0.0000 811.251 34.067 280.518
1282 1.000000 0 0.7613 0.5542 0.3365 0.9627 0.3586 0.0000 811.227 34.073 280.504
1283 1.000000 0 0.7613 0.5543 0.3365 0.9627 0.3586 0.0000 811.215 34.076 280.497
1284 1.000000 0 0.7613 0.5543 0.3365 0.9627 0.3586 0.0000 811.190 34.082 280.483
1285 1.000000 0 0.7613 0.5543 0.3365 0.9627 0.3586 0.0000 811.188 34.082 280.482
1286 1.000000 0 0.7613 0.5543 0.3365 0.9627 0.3586 0.0000 811.165 34.087 280.469
1287 1.000000 0 0.7613 0.5543 0.3365 0.9627 0.3586 0.0000 811.163 34.087 280.468
1288 1.000000 0 0.7613 0.5543 0.3365 0.9627 0.3586 0.0000 811.141 34.092 280.456
1289 1.000000 0 0.7612 0.5544 0.3365 0.9627 0.3586 0.0000 811.128 34.095 280.449
1290 1.000000 0 0.7612 0.5544 0.3365 0.9627 0.3586 0.0000 811.104 34.099 280.435
1291 1.000000 0 0.7612 0.5544 0.3365 0.9627 0.3586 0.0000 811.103 34.100 280.435
1292 1.000000 0 0.7612 0.5544 0.3364 0.9627 0.3586 0.0000 811.079 34.104 280.422
1293 1.000000 0 0.7612 0.5544 0.3364 0.9627 0.3586 0.0000 811.077 34.104 280.421
1294 1.000000 0 0.7612 0.5545 0.3364 0.9627 0.3586 0.0000 811.043 34.109 280.401
1295 1.000000 0 0.7612 0.5545 0.3364 0.9627 0.3586 0.0000 811.041 34.109 280.400
1296 1.000000 0 0.7612 0.5545 0.3364 0.9627 0.3586 0.0000 811.018 34.112 280.387
1297 1.000000 0 0.7612 0.5545 0.3364 0.9627 0.3586 0.0000 811.016 34.113 280.386
1298 1.000000 0 0.7611 0.5545 0.3364 0.9627 0.3586 0.0000 810.994 34.116 280.374
1299 1.000000 0 0.7611 0.5545 0.3364 0.9627 0.3586 0.0000 810.982 34.117 280.367
1300 1.000000 0 0.7611 0.5546 0.3364 0.9627 0.3586 0.0000 810.958 34.121 280.353
1301 1.000000 0 0.7611 0.5546 0.3364 0.9627 0.3586 0.0000 810.956 34.121 280.352
1302 1.000000 0 0.7611 0.5546 0.3364 0.9627 0.3586 0.0000 810.934 34.124 280.339
1303 1.000000 0 0.7611 0.5546 0.3364 0.9627 0.3586 0.0000 810.909 34.128 280.325
1304 1.000000 0 0.7611 0.5546 0.3364 0.9627 0.3586 0.0000 810.907 34.128 280.323
1305 1.000000 0 0.7611 0.5546 0.3364 0.9627 0.3586 0.0000 810.885 34.132 280.310
1306 1.000000 0 0.7610 0.5547 0.3364 0.9627 0.3586 0.0000 810.873 34.134 280.303
1307 1.000000 0 0.7610 0.5547 0.3364 0.9627 0.3586 0.0000 810.849 34.138 280.288
1308 1.000000 0 0.7610 0.5547 0.3364 0.9627 0.3586 0.0000 810.825 34.144 280.274
1309 1.000000 0 0.7610 0.5547 0.3364 0.9627 0.3586 0.0000 810.814 34.146 280.266
1310 1.000000 0 0.7610 0.5547 0.3364 0.9627 0.3586 0.0000 810.802 34.149 280.259
1311 1.000000 0 0.7610 0.5547 0.3364 0.9627 0.3586 0.0000 810.800 34.150 280.258
1312 1.000000 0 0.7610 0.5548 0.3364 0.9627 0.3586 0.0000 810.766 34.159 280.236
1313 1.000000 0 0.7609 0.5548 0.3364 0.9627 0.3586 0.0000 810.755 34.162 280.229
1314 1.000000 0 0.7609 0.5548 0.3364 0.9627 0.3586 0.0000 810.743 34.166 280.221
1315 1.000000 0 0.7609 0.5548 0.3364 0.9627 0.3586 0.0000 810.731 34.169 280.214
1316 1.000000 0 0.7609 0.5548 0.3364 0.9627 0.3586 0.0000 810.719 34.173 280.206
1317 1.000000 0 0.7609 0.5549 0.3364 0.9627 0.3586 0.0000 810.708 34.177 280.198
1318 1.000000 0 0.7609 0.5549 0.3364 0.9627 0.3586 0.0000 810.696 34.181 280.190
1319 1.000000 0 0.7609 0.5549 0.3364 0.9627 0.3586 0.0000 810.685 34.186 280.183
1320 1.000000 0 0.7609 0.5549 0.3364 0.9627 0.3586 0.0000 810.661 34.194 280.167
1321 1.000000 0 0.7609 0.5549 0.3364 0.9627 0.3586 0.0000 810.660 34.195 280.166
1322 1.000000 0 0.7609 0.5549 0.3364 0.9627 0.3586 0.0000 810.638 34.203 280.151
1323 1.000000 0 0.7609 0.5549 0.3364 0.9627 0.3586 0.0000 810.636 34.204 280.150
1324 1.000000 0 0.7608 0.5550 0.3364 0.9627 0.3586 0.0000 810.615 34.213 280.135
1325 1.000000 0 0.7608 0.5550 0.3364 0.9627 0.3586 0.0000 810.614 34.213 280.134
1326 1.000000 0 0.7608 0.5550 0.3364 0.9627 0.3586 0.0000 810.592 34.222 280.119
1327 1.000000 0 0.7608 0.5550 0.3364 0.9627 0.3586 0.0000 810.590 34.223 280.118
1328 1.000000 0 0.7608 0.5550 0.3364 0.9627 0.3586 0.0000 810.569 34.231 280.103
1329 1.000000 0 0.7608 0.5550 0.3364 0.9627 0.3586 0.0000 810.567 34.232 280.102
1330 1.000000 0 0.7608 0.5550 0.3364 0.9627 0.3586 0.0000 810.547 34.240 280.087
1331 1.000000 0 0.7608 0.5551 0.3364 0.9627 0.3586 0.0000 810.545 34.241 280.085
1332 1.000000 0 0.7608 0.5551 0.3364 0.9627 0.3586 0.0000 810.535 34.245 280.079
1333 1.000000 0 0.7607 0.5551 0.3364 0.9627 0.3586 0.0000 810.512 34.254 280.062
1334 1.000000 0 0.7607 0.5551 0.3364 0.9627 0.3586 0.0000 810.511 34.255 280.061
1335 1.000000 0 0.7607 0.5551 0.3364 0.9627 0.3586 0.0000 810.490 34.262 280.046
1336 1.000000 0 0.7607 0.5551 0.3363 0.9627 0.3586 0.0000 810.488 34.263 280.045
1337 1.000000 0 0.7607 0.5551 0.3363 0.9627 0.3586 0.0000 810.467 34.271 280.029
1338 1.000000 0 0.7607 0.5552 0.3363 0.9627 0.3586 0.0000 810.466 34.271 280.028
1339 1.000000 0 0.7607 0.5552 0.3363 0.9627 0.3586 0.0000 810.444 34.278 280.013
1340 1.000000 0 0.7607 0.5552 0.3363 0.9627 0.3586 0.0000 810.433 34.282 280.005
1341 1.000000 0 0.7607 0.5552 0.3363 0.9627 0.3586 0.0000 810.410 34.288 279.988
1342 1.000000 0 0.7607 0.5552 0.3363 0.9627 0.3586 0.0000 810.407 34.289 279.985
1343 1.000000 0 0.7606 0.5552 0.3363 0.9627 0.3586 0.0000 810.388 34.295 279.972
1344 1.000000 0 0.7606 0.5553 0.3363 0.9627 0.3586 0.0000 810.365 34.300 279.955
1345 1.000000 0 0.7606 0.5553 0.3363 0.9627 0.3586 0.0000 810.363 34.301 279.954
1346 1.000000 0 0.7606 0.5553 0.3363 0.9627 0.3586 0.0000 810.343 34.305 279.939
1347 1.000000 0 0.7606 0.5553 0.3363 0.9627 0.3586 0.0000 810.341 34.306 279.937
1348 1.000000 0 0.7606 0.5553 0.3363 0.9627 0.3586 0.0000 810.320 34.310 279.922
1349 1.000000 0 0.7606 0.5553 0.3363 0.9627 0.3586 0.0000 810.318 34.310 279.921
1350 1.000000 0 0.7606 0.5554 0.3363 0.9627 0.3586 0.0000 810.297 34.314 279.906
1351 1.000000 0 0.7606 0.5554 0.3363 0.9627 0.3586 0.0000 810.285 34.316 279.897
1352 1.000000 0 0.7605 0.5554 0.3363 0.9627 0.3586 0.0000 810.274 34.318 279.889
1353 1.000000 0 0.7605 0.5554 0.3363 0.9627 0.3586 0.0000 810.263 34.320 279.881
1354 1.000000 0 0.7605 0.5554 0.3363 0.9627 0.3586 0.0000 810.240 34.323 279.865
1355 1.000000 0 0.7605 0.5554 0.3363 0.9627 0.3586 0.0000 810.229 34.325 279.857
1356 1.000000 0 0.7605 0.5555 0.3363 0.9627 0.3586 0.0000 810.217 34.326 279.849
1357 1.000000 0 0.7605 0.5555 0.3363 0.9627 0.3586 0.0000 810.206 34.328 279.841
1358 1.000000 0 0.7605 0.5555 0.3363 0.9627 0.3586 0.0000 810.194 34.330 279.833
1359 1.000000 0 0.7605 0.5555 0.3363 0.9627 0.3586 0.0000 810.183 34.331 279.825
1360 1.000000 0 0.7605 0.5555 0.3363 0.9627 0.3586 0.0000 810.171 34.333 279.817
1361 1.000000 0 0.7605 0.5555 0.3363 0.9627 0.3586 0.0000 810.160 34.335 279.809
1362 1.000000 0 0.7604 0.5555 0.3363 0.9627 0.3586 0.0000 810.148 34.336 279.801
1363 1.000000 0 0.7604 0.5556 0.3363 0.9627 0.3586 0.0000 810.136 34.338 279.793
1364 1.000000 0 0.7604 0.5556 0.3363 0.9627 0.3586 0.0000 810.125 34.340 279.785
1365 1.000000 0 0.7604 0.5556 0.3363 0.9627 0.3586 0.0000 810.113 34.342 279.778
1366 1.000000 0 0.7604 0.5556 0.3363 0.9627 0.3586 0.0000 810.090 34.347 279.762
1367 1.000000 0 0.7604 0.5556 0.3363 0.9627 0.3586 0.0000 810.088 34.347 279.761
1368 1.000000 0 0.7604 0.5556 0.3363 0.9627 0.3586 0.0000 810.067 34.351 279.747
1369 1.000000 0 0.7604 0.5556 0.3363 0.9627 0.3586 0.0000 810.064 34.352 279.746
1370 1.000000 0 0.7604 0.5557 0.3363 0.9627 0.3586 0.0000 810.043 34.357 279.732
1371 1.000000 0 0.7604 0.5557 0.3363 0.9627 0.3586 0.0000 810.041 34.357 279.730
1372 1.000000 0 0.7603 0.5557 0.3363 0.9627 0.3586 0.0000 810.020 34.363 279.717
1373 1.000000 0 0.7603 0.5557 0.3363 0.9627 0.3586 0.0000 810.008 34.366 279.709
1374 1.000000 0 0.7603 0.5557 0.3363 0.9627 0.3586 0.0000 809.996 34.369 279.702
1375 1.000000 0 0.7603 0.5557 0.3363 0.9627 0.3586 0.0000 809.984 34.373 279.694
1376 1.000000 0 0.7603 0.5558 0.3363 0.9627 0.3586 0.0000 809.972 34.376 279.687
1377 1.000000 0 0.7603 0.5558 0.3363 0.9627 0.3586 0.0000 809.948 34.384 279.672
1378 1.000000 0 0.7603 0.5558 0.3363 0.9627 0.3586 0.0000 809.946 34.385 279.671
1379 1.000000 0 0.7603 0.5558 0.3363 0.9627 0.3586 0.0000 809.924 34.392 279.658
1380 1.000000 0 0.7603 0.5558 0.3363 0.9627 0.3586 0.0000 809.923 34.393 279.657
1381 1.000000 0 0.7602 0.5558 0.3363 0.9627 0.3586 0.0000 809.900 34.400 279.644
1382 1.000000 0 0.7602 0.5558 0.3363 0.9627 0.3586 0.0000 809.898 34.401 279.642
1383 1.000000 0 0.7602 0.5559 0.3362 0.9627 0.3586 0.0000 809.876 34.409 279.629
1384 1.000000 0 0.7602 0.5559 0.3362 0.9627 0.3586 0.0000 809.874 34.410 279.628
1385 1.000000 0 0.7602 0.5559 0.3362 0.9627 0.3586 0.0000 809.864 34.414 279.622
1386 1.000000 0 0.7602 0.5559 0.3362 0.9627 0.3586 0.0000 809.840 34.423 279.608
1387 1.000000 0 0.7602 0.5559 0.3362 0.9627 0.3586 0.0000 809.828 34.428 279.601
1388 1.000000 0 0.7602 0.5560 0.3362 0.9627 0.3586 0.0000 809.804 34.437 279.588
1389 1.000000 0 0.7602 0.5560 0.3362 0.9627 0.3586 0.0000 809.801 34.438 279.586
1390 1.000000 0 0.7601 0.5560 0.3362 0.9627 0.3586 0.0000 809.779 34.446 279.574
1391 1.000000 0 0.7601 0.5560 0.3362 0.9627 0.3586 0.0000 809.755 34.455 279.560
1392 1.000000 0 0.7601 0.5560 0.3362 0.9627 0.3586 0.0000 809.753 34.456 279.559
1393 1.000000 0 0.7601 0.5560 0.3362 0.9627 0.3586 0.0000 809.730 34.464 279.547
1394 1.000000 0 0.7601 0.5560 0.3362 0.9627 0.3586 0.0000 809.728 34.465 279.546
1395 1.000000 0 0.7601 0.5561 0.3362 0.9627 0.3586 0.0000 809.706 34.473 279.533
1396 1.000000 0 0.7601 0.5561 0.3362 0.9627 0.3586 0.0000 809.704 34.473 279.532
1397 1.000000 0 0.7601 0.5561 0.3362 0.9627 0.3586 0.0000 809.681 34.481 279.520
1398 1.000000 0 0.7601 0.5561 0.3362 0.9627 0.3586 0.0000 809.679 34.481 279.518
1399 1.000000 0 0.7601 0.5561 0.3362 0.9627 0.3586 0.0000 809.656 34.488 279.506
1400 1.000000 0 0.7600 0.5561 0.3362 0.9627 0.3586 0.0000 809.644 34.492 279.499
1401 1.000000 0 0.7600 0.5562 0.3362 0.9627 0.3586 0.0000 809.632 34.495 279.493
1402 1.000000 0 0.7600 0.5562 0.3362 0.9627 0.3586 0.0000 809.619 34.499 279.486
1403 1.000000 0 0.7600 0.5562 0.3362 0.9627 0.3586 0.0000 809.607 34.502 279.479
1404 1.000000 0 0.7600 0.5562 0.3362 0.9627 0.3586 0.0000 809.595 34.505 279.473
1405 1.000000 0 0.7600 0.5562 0.3362 0.9627 0.3586 0.0000 809.583 34.508 279.466
1406 1.000000 0 0.7600 0.5562 0.3362 0.9627 0.3586 0.0000 809.558 34.513 279.453
1407 1.000000 0 0.7600 0.5562 0.3362 0.9627 0.3586 0.0000 809.555 34.514 279.451
1408 1.000000 0 0.7600 0.5563 0.3362 0.9627 0.3586 0.0000 809.533 34.518 279.439
1409 1.000000 0 0.7600 0.5563 0.3362 0.9627 0.3586 0.0000 809.531 34.519 279.438
1410 1.000000 0 0.7599 0.5563 0.3362 0.9627 0.3586 0.0000 809.508 34.523 279.426
1411 1.000000 0 0.7599 0.5563 0.3362 0.9627 0.3586 0.0000 809.484 34.527 279.412
1412 1.000000 0 0.7599 0.5563 0.3362 0.9627 0.3586 0.0000 809.482 34.527 279.411
1413 1.000000 0 0.7599 0.5564 0.3362 0.9627 0.3586 0.0000 809.460 34.530 279.399
1414 1.000000 0 0.7599 0.5564 0.3362 0.9627 0.3586 0.0000 809.458 34.530 279.398
1415 1.000000 0 0.7599 0.5564 0.3362 0.9627 0.3586 0.0000 809.435 34.533 279.385
1416 1.000000 0 0.7599 0.5564 0.3362 0.9627 0.3586 0.0000 809.433 34.534 279.384
1417 1.000000 0 0.7599 0.5564 0.3362 0.9627 0.3586 0.0000 809.411 34.536 279.371
1418 1.000000 0 0.7599 0.5564 0.3362 0.9627 0.3586 0.0000 809.409 34.537 279.370
1419 1.000000 0 0.7598 0.5564 0.3362 0.9627 0.3586 0.0000 809.386 34.540 279.357
1420 1.000000 0 0.7598 0.5565 0.3362 0.9627 0.3586 0.0000 809.374 34.541 279.351
1421 1.000000 0 0.7598 0.5565 0.3362 0.9627 0.3586 0.0000 809.362 34.543 279.343
1422 1.000000 0 0.7598 0.5565 0.3362 0.9627 0.3586 0.0000 809.350 34.544 279.337
1423 1.000000 0 0.7598 0.5565 0.3362 0.9627 0.3586 0.0000 809.338 34.546 279.329
1424 1.000000 0 0.7598 0.5565 0.3362 0.9627 0.3586 0.0000 809.325 34.548 279.322
1425 1.000000 0 0.7598 0.5565 0.3362 0.9627 0.3586 0.0000 809.301 34.552 279.308
1426 1.000000 0 0.7598 0.5565 0.3362 0.9627 0.3586 0.0000 809.299 34.552 279.307
1427 1.000000 0 0.7598 0.5566 0.3362 0.9627 0.3586 0.0000 809.277 34.556 279.294
1428 1.000000 0 0.7598 0.5566 0.3362 0.9627 0.3586 0.0000 809.276 34.556 279.293
1429 1.000000 0 0.7597 0.5566 0.3361 0.9627 0.3586 0.0000 809.253 34.561 279.279
1430 1.000000 0 0.7597 0.5566 0.3361 0.9627 0.3586 0.0000 809.252 34.561 279.278
1431 1.000000 0 0.7597 0.5566 0.3361 0.9627 0.3586 0.0000 809.229 34.566 279.264
1432 1.000000 0 0.7597 0.5566 0.3361 0.9627 0.3586 0.0000 809.228 34.566 279.263
1433 1.000000 0 0.7597 0.5567 0.3361 0.9627 0.3586 0.0000 809.205 34.572 279.249
1434 1.000000 0 0.7597 0.5567 0.3361 0.9627 0.3586 0.0000 809.203 34.573 279.248
1435 1.000000 0 0.7597 0.5567 0.3361 0.9627 0.3586 0.0000 809.182 34.578 279.234
1436 1.000000 0 0.7597 0.5567 0.3361 0.9627 0.3586 0.0000 809.180 34.579 279.233
1437 1.000000 0 0.7597 0.5567 0.3361 0.9627 0.3586 0.0000 809.158 34.585 279.219
1438 1.000000 0 0.7597 0.5567 0.3361 0.9627 0.3586 0.0000 809.156 34.586 279.218
1439 1.000000 0 0.7596 0.5567 0.3361 0.9627 0.3586 0.0000 809.135 34.593 279.204
1440 1.000000 0 0.7596 0.5567 0.3361 0.9627 0.3586 0.0000 809.133 34.594 279.203
1441 1.000000 0 0.7596 0.5568 0.3361 0.9627 0.3586 0.0000 809.112 34.601 279.188
1442 1.000000 0 0.7596 0.5568 0.3361 0.9627 0.3586 0.0000 809.088 34.609 279.173
1443 1.000000 0 0.7596 0.5568 0.3361 0.9627 0.3586 0.0000 809.086 34.610 279.171
1444 1.000000 0 0.7596 0.5568 0.3361 0.9627 0.3586 0.0000 809.065 34.618 279.157
1445 1.000000 0 0.7596 0.5568 0.3361 0.9627 0.3586 0.0000 809.064 34.619 279.156
1446 1.000000 0 0.7596 0.5569 0.3361 0.9627 0.3586 0.0000 809.042 34.627 279.141
1447 1.000000 0 0.7596 0.5569 0.3361 0.9627 0.3586 0.0000 809.040 34.628 279.140
1448 1.000000 0 0.7595 0.5569 0.3361 0.9627 0.3586 0.0000 809.019 34.637 279.125
1449 1.000000 0 0.7595 0.5569 0.3361 0.9627 0.3586 0.0000 809.017 34.637 279.124
1450 1.000000 0 0.7595 0.5569 0.3361 0.9627 0.3586 0.0000 808.996 34.646 279.109
1451 1.000000 0 0.7595 0.5569 0.3361 0.9627 0.3586 0.0000 808.995 34.646 279.109
1452 1.000000 0 0.7595 0.5569 0.3361 0.9627 0.3586 0.0000 808.973 34.655 279.093
1453 1.000000 0 0.7595 0.5569 0.3361 0.9627 0.3586 0.0000 808.972 34.655 279.092
1454 1.000000 0 0.7595 0.5570 0.3361 0.9627 0.3586 0.0000 808.950 34.664 279.077
1455 1.000000 0 0.7595 0.5570 0.3361 0.9627 0.3586 0.0000 808.948 34.665 279.076
1456 1.000000 0 0.7595 0.5570 0.3361 0.9627 0.3586 0.0000 808.927 34.673 279.061
1457 1.000000 0 0.7595 0.5570 0.3361 0.9627 0.3586 0.0000 808.916 34.677 279.053
1458 1.000000 0 0.7594 0.5570 0.3361 0.9627 0.3586 0.0000 808.905 34.682 279.044
1459 1.000000 0 0.7594 0.5570 0.3361 0.9627 0.3586 0.0000 808.893 34.686 279.036
1460 1.000000 0 0.7594 0.5571 0.3361 0.9627 0.3586 0.0000 808.882 34.690 279.028
1461 1.000000 0 0.7594 0.5571 0.3361 0.9627 0.3586 0.0000 808.871 34.694 279.020
1462 1.000000 0 0.7594 0.5571 0.3361 0.9627 0.3586 0.0000 808.860 34.698 279.012
1463 1.000000 0 0.7594 0.5571 0.3361 0.9627 0.3586 0.0000 808.837 34.706 278.995
1464 1.000000 0 0.7594 0.5571 0.3361 0.9627 0.3586 0.0000 808.835 34.706 278.994
1465 1.000000 0 0.7594 0.5571 0.3361 0.9627 0.3586 0.0000 808.815 34.712 278.979
1466 1.000000 0 0.7594 0.5572 0.3361 0.9627 0.3586 0.0000 808.803 34.715 278.970
1467 1.000000 0 0.7594 0.5572 0.3361 0.9627 0.3586 0.0000 808.792 34.718 278.962
1468 1.000000 0 0.7593 0.5572 0.3361 0.9627 0.3586 0.0000 808.769 34.724 278.946
1469 1.000000 0 0.7593 0.5572 0.3361 0.9627 0.3586 0.0000 808.768 34.724 278.945
1470 1.000000 0 0.7593 0.5572 0.3361 0.9627 0.3586 0.0000 808.736 34.731 278.921
1471 1.000000 0 0.7593 0.5572 0.3361 0.9627 0.3586 0.0000 808.732 34.732 278.919
1472 1.000000 0 0.7593 0.5573 0.3361 0.9627 0.3586 0.0000 808.713 34.736 278.905
1473 1.000000 0 0.7593 0.5573 0.3361 0.9627 0.3586 0.0000 808.711 34.736 278.904
1474 1.000000 0 0.7593 0.5573 0.3361 0.9627 0.3586 0.0000 808.690 34.740 278.889
1475 1.000000 0 0.7593 0.5573 0.3361 0.9627 0.3586 0.0000 808.679 34.742 278.881
1476 1.000000 0 0.7592 0.5573 0.3361 0.9627 0.3586 0.0000 808.668 34.743 278.873
1477 1.000000 0 0.7592 0.5573 0.3360 0.9627 0.3586 0.0000 808.656 34.745 278.865
1478 1.000000 0 0.7592 0.5574 0.3360 0.9627 0.3586 0.0000 808.645 34.747 278.857
1479 1.000000 0 0.7592 0.5574 0.3360 0.9627 0.3586 0.0000 808.633 34.749 278.849
1480 1.000000 0 0.7592 0.5574 0.3360 0.9627 0.3586 0.0000 808.610 34.752 278.832
1481 1.000000 0 0.7592 0.5574 0.3360 0.9627 0.3586 0.0000 808.608 34.753 278.831
1482 1.000000 0 0.7592 0.5574 0.3360 0.9627 0.3586 0.0000 808.588 34.756 278.817
1483 1.000000 0 0.7592 0.5574 0.3360 0.9627 0.3586 0.0000 808.586 34.756 278.816
1484 1.000000 0 0.7592 0.5575 0.3360 0.9627 0.3586 0.0000 808.561 34.760 278.806
1485 1.000000 0 0.7592 0.5575 0.3360 0.9627 0.3586 0.0000 808.559 34.760 278.805
1486 1.000000 0 0.7591 0.5575 0.3360 0.9627 0.3586 0.0000 808.537 34.764 278.792
1487 1.000000 0 0.7591 0.5575 0.3360 0.9627 0.3586 0.0000 808.535 34.764 278.791
1488 1.000000 0 0.7591 0.5575 0.3360 0.9627 0.3586 0.0000 808.513 34.768 278.778
1489 1.000000 0 0.7591 0.5575 0.3360 0.9627 0.3586 0.0000 808.511 34.768 278.777
1490 1.000000 0 0.7591 0.5575 0.3360 0.9627 0.3586 0.0000 808.488 34.772 278.763
1491 1.000000 0 0.7591 0.5576 0.3360 0.9627 0.3586 0.0000 808.476 34.775 278.756
1492 1.000000 0 0.7591 0.5576 0.3360 0.9627 0.3586 0.0000 808.452 34.780 278.743
1493 1.000000 0 0.7591 0.5576 0.3360 0.9627 0.3586 0.0000 808.450 34.781 278.741
1494 1.000000 0 0.7591 0.5576 0.3360 0.9627 0.3586 0.0000 808.427 34.786 278.729
1495 1.000000 0 0.7591 0.5576 0.3360 0.9627 0.3586 0.0000 808.425 34.787 278.728
1496 1.000000 0 0.7590 0.5576 0.3360 0.9627 0.3586 0.0000 808.403 34.792 278.715
1497 1.000000 0 0.7590 0.5576 0.3360 0.9627 0.3586 0.0000 808.401 34.793 278.714
1498 1.000000 0 0.7590 0.5577 0.3360 0.9627 0.3586 0.0000 808.379 34.799 278.702
1499 1.000000 0 0.7590 0.5577 0.3360 0.9627 0.3586 0.0000 808.376 34.800 278.701
1500 1.000000 0 0.7590 0.5577 0.3360 0.9627 0.3586 0.0000 808.354 34.807 278.689
1501 1.000000 0 0.7590 0.5577 0.3360 0.9627 0.3586 0.0000 808.352 34.807 278.688
1502 1.000000 0 0.7590 0.5577 0.3360 0.9627 0.3586 0.0000 808.329 34.815 278.675
1503 1.000000 0 0.7590 0.5577 0.3360 0.9627 0.3586 0.0000 808.327 34.816 278.674
1504 1.000000 0 0.7590 0.5578 0.3360 0.9627 0.3586 0.0000 808.304 34.823 278.662
1505 1.000000 0 0.7590 0.5578 0.3360 0.9627 0.3586 0.0000 808.292 34.828 278.656
1506 1.000000 0 0.7589 0.5578 0.3360 0.9627 0.3586 0.0000 808.279 34.832 278.649
1507 1.000000 0 0.7589 0.5578 0.3360 0.9627 0.3586 0.0000 808.267 34.836 278.643
1508 1.000000 0 0.7589 0.5578 0.3360 0.9627 0.3586 0.0000 808.242 34.846 278.630
1509 1.000000 0 0.7589 0.5578 0.3360 0.9627 0.3586 0.0000 808.239 34.847 278.629
1510 1.000000 0 0.7589 0.5579 0.3360 0.9627 0.3586 0.0000 808.217 34.855 278.618
1511 1.000000 0 0.7589 0.5579 0.3360 0.9627 0.3586 0.0000 808.215 34.855 278.617
1512 1.000000 0 0.7589 0.5579 0.3360 0.9627 0.3586 0.0000 808.192 34.864 278.605
1513 1.000000 0 0.7589 0.5579 0.3360 0.9627 0.3586 0.0000 808.190 34.864 278.605
1514 1.000000 0 0.7589 0.5579 0.3360 0.9627 0.3586 0.0000 808.166 34.873 278.593
1515 1.000000 0 0.7589 0.5579 0.3360 0.9627 0.3586 0.0000 808.165 34.874 278.592
1516 1.000000 0 0.7588 0.5579 0.3360 0.9627 0.3586 0.0000 808.141 34.882 278.581
1517 1.000000 0 0.7588 0.5579 0.3360 0.9627 0.3586 0.0000 808.140 34.882 278.580
1518 1.000000 0 0.7588 0.5580 0.3360 0.9627 0.3586 0.0000 808.116 34.891 278.569
1519 1.000000 0 0.7588 0.5580 0.3360 0.9627 0.3586 0.0000 808.115 34.891 278.568
1520 1.000000 0 0.7588 0.5580 0.3360 0.9627 0.3586 0.0000 808.090 34.899 278.556
1521 1.000000 0 0.7588 0.5580 0.3360 0.9627 0.3586 0.0000 808.078 34.903 278.550
1522 1.000000 0 0.7588 0.5580 0.3360 0.9627 0.3586 0.0000 808.053 34.910 278.538
1523 1.000000 0 0.7587 0.5581 0.3360 0.9627 0.3586 0.0000 808.027 34.917 278.526
1524 1.000000 0 0.7587 0.5581 0.3360 0.9627 0.3586 0.0000 808.025 34.918 278.525
1525 1.000000 0 0.7587 0.5581 0.3359 0.9627 0.3586 0.0000 808.002 34.924 278.514
1526 1.000000 0 0.7587 0.5581 0.3359 0.9627 0.3586 0.0000 807.989 34.927 278.508
1527 1.000000 0 0.7587 0.5581 0.3359 0.9627 0.3586 0.0000 807.977 34.930 278.502
1528 1.000000 0 0.7587 0.5581 0.3359 0.9627 0.3586 0.0000 807.964 34.933 278.496
1529 1.000000 0 0.7587 0.5582 0.3359 0.9627 0.3586 0.0000 807.938 34.938 278.484
1530 1.000000 0 0.7587 0.5582 0.3359 0.9627 0.3586 0.0000 807.937 34.938 278.484
1531 1.000000 0 0.7587 0.5582 0.3359 0.9627 0.3586 0.0000 807.913 34.942 278.472
1532 1.000000 0 0.7587 0.5582 0.3359 0.9627 0.3586 0.0000 807.900 34.945 278.466
1533 1.000000 0 0.7586 0.5582 0.3359 0.9627 0.3586 0.0000 807.875 34.949 278.454
1534 1.000000 0 0.7586 0.5582 0.3359 0.9627 0.3586 0.0000 807.873 34.949 278.454
1535 1.000000 0 0.7586 0.5583 0.3359 0.9627 0.3586 0.0000 807.850 34.952 278.442
1536 1.000000 0 0.7586 0.5583 0.3359 0.9627 0.3586 0.0000 807.837 34.954 278.436
1537 1.000000 0 0.7586 0.5583 0.3359 0.9627 0.3586 0.0000 807.813 34.957 278.424
1538 1.000000 0 0.7586 0.5583 0.3359 0.9627 0.3586 0.0000 807.800 34.959 278.418
1539 1.000000 0 0.7586 0.5583 0.3359 0.9627 0.3586 0.0000 807.774 34.962 278.405
1540 1.000000 0 0.7586 0.5584 0.3359 0.9627 0.3586 0.0000 807.772 34.963 278.404
1541 1.000000 0 0.7585 0.5584 0.3359 0.9627 0.3586 0.0000 807.750 34.966 278.393
1542 1.000000 0 0.7585 0.5584 0.3359 0.9627 0.3586 0.0000 807.747 34.966 278.392
1543 1.000000 0 0.7585 0.5584 0.3359 0.9627 0.3586 0.0000 807.725 34.969 278.380
1544 1.000000 0 0.7585 0.5584 0.3359 0.9627 0.3586 0.0000 807.722 34.970 278.379
1545 1.000000 0 0.7585 0.5584 0.3359 0.9627 0.3586 0.0000 807.700 34.973 278.367
1546 1.000000 0 0.7585 0.5584 0.3359 0.9627 0.3586 0.0000 807.698 34.973 278.366
1547 1.000000 0 0.7585 0.5585 0.3359 0.9627 0.3586 0.0000 807.675 34.977 278.354
1548 1.000000 0 0.7585 0.5585 0.3359 0.9627 0.3586 0.0000 807.663 34.979 278.348
1549 1.000000 0 0.7585 0.5585 0.3359 0.9627 0.3586 0.0000 807.650 34.982 278.341
1550 1.000000 0 0.7585 0.5585 0.3359 0.9627 0.3586 0.0000 807.638 34.984 278.335
1551 1.000000 0 0.7584 0.5585 0.3359 0.9627 0.3586 0.0000 807.625 34.987 278.328
1552 1.000000 0 0.7584 0.5585 0.3359 0.9627 0.3586 0.0000 807.613 34.990 278.322
1553 1.000000 0 0.7584 0.5585 0.3359 0.9627 0.3586 0.0000 807.601 34.993 278.315
1554 1.000000 0 0.7584 0.5586 0.3359 0.9627 0.3586 0.0000 807.589 34.996 278.308
1555 1.000000 0 0.7584 0.5586 0.3359 0.9627 0.3586 0.0000 807.577 34.999 278.301
1556 1.000000 0 0.7584 0.5586 0.3359 0.9627 0.3586 0.0000 807.564 35.002 278.294
1557 1.000000 0 0.7584 0.5586 0.3359 0.9627 0.3586 0.0000 807.540 35.009 278.281
1558 1.000000 0 0.7584 0.5586 0.3359 0.9627 0.3586 0.0000 807.538 35.010 278.280
1559 1.000000 0 0.7584 0.5586 0.3359 0.9627 0.3586 0.0000 807.516 35.017 278.267
1560 1.000000 0 0.7584 0.5586 0.3359 0.9627 0.3586 0.0000 807.514 35.017 278.266
1561 1.000000 0 0.7583 0.5587 0.3359 0.9627 0.3586 0.0000 807.492 35.025 278.253
1562 1.000000 0 0.7583 0.5587 0.3359 0.9627 0.3586 0.0000 807.479 35.029 278.246
1563 1.000000 0 0.7583 0.5587 0.3359 0.9627 0.3586 0.0000 807.467 35.033 278.239
1564 1.000000 0 0.7583 0.5587 0.3359 0.9627 0.3586 0.0000 807.443 35.042 278.224
1565 1.000000 0 0.7583 0.5587 0.3359 0.9627 0.3586 0.0000 807.441 35.043 278.223
1566 1.000000 0 0.7583 0.5588 0.3359 0.9627 0.3586 0.0000 807.419 35.052 278.210
1567 1.000000 0 0.7583 0.5588 0.3359 0.9627 0.3586 0.0000 807.418 35.052 278.209
1568 1.000000 0 0.7583 0.5588 0.3359 0.9627 0.3586 0.0000 807.395 35.061 278.196
1569 1.000000 0 0.7583 0.5588 0.3359 0.9627 0.3586 0.0000 807.394 35.061 278.195
1570 1.000000 0 0.7582 0.5588 0.3358 0.9627 0.3586 0.0000 807.371 35.070 278.181
1571 1.000000 0 0.7582 0.5588 0.3358 0.9627 0.3586 0.0000 807.359 35.075 278.173
1572 1.000000 0 0.7582 0.5588 0.3358 0.9627 0.3586 0.0000 807.348 35.080 278.166
1573 1.000000 0 0.7582 0.5589 0.3358 0.9627 0.3586 0.0000 807.324 35.089 278.151
1574 1.000000 0 0.7582 0.5589 0.3358 0.9627 0.3586 0.0000 807.322 35.089 278.150
1575 1.000000 0 0.7582 0.5589 0.3358 0.9627 0.3586 0.0000 807.300 35.098 278.136
1576 1.000000 0 0.7582 0.5589 0.3358 0.9627 0.3586 0.0000 807.288 35.102 278.129
1577 1.000000 0 0.7582 0.5589 0.3358 0.9627 0.3586 0.0000 807.277 35.106 278.122
1578 1.000000 0 0.7581 0.5590 0.3358 0.9627 0.3586 0.0000 807.253 35.114 278.106
1579 1.000000 0 0.7581 0.5590 0.3358 0.9627 0.3586 0.0000 807.251 35.115 278.105
1580 1.000000 0 0.7581 0.5590 0.3358 0.9627 0.3586 0.0000 807.229 35.122 278.091
1581 1.000000 0 0.7581 0.5590 0.3358 0.9627 0.3586 0.0000 807.217 35.126 278.084
1582 1.000000 0 0.7581 0.5590 0.3358 0.9627 0.3586 0.0000 807.194 35.132 278.069
1583 1.000000 0 0.7581 0.5590 0.3358 0.9627 0.3586 0.0000 807.192 35.133 278.068
1584 1.000000 0 0.7581 0.5591 0.3358 0.9627 0.3586 0.0000 807.170 35.139 278.054
1585 1.000000 0 0.7581 0.5591 0.3358 0.9627 0.3586 0.0000 807.159 35.142 278.046
1586 1.000000 0 0.7581 0.5591 0.3358 0.9627 0.3586 0.0000 807.147 35.144 278.038
1587 1.000000 0 0.7580 0.5591 0.3358 0.9627 0.3586 0.0000 807.123 35.150 278.023
1588 1.000000 0 0.7580 0.5591 0.3358 0.9627 0.3586 0.0000 807.121 35.150 278.022
1589 1.000000 0 0.7580 0.5591 0.3358 0.9627 0.3586 0.0000 807.100 35.154 278.008
1590 1.000000 0 0.7580 0.5591 0.3358 0.9627 0.3586 0.0000 807.098 35.155 278.007
1591 1.000000 0 0.7580 0.5592 0.3358 0.9627 0.3586 0.0000 807.076 35.158 277.993
1592 1.000000 0 0.7580 0.5592 0.3358 0.9627 0.3586 0.0000 807.052 35.162 277.978
1593 1.000000 0 0.7580 0.5592 0.3358 0.9627 0.3586 0.0000 807.050 35.163 277.977
1594 1.000000 0 0.7580 0.5592 0.3358 0.9627 0.3586 0.0000 807.028 35.166 277.963
1595 1.000000 0 0.7580 0.5592 0.3358 0.9627 0.3586 0.0000 807.017 35.168 277.956
1596 1.000000 0 0.7579 0.5593 0.3358 0.9627 0.3586 0.0000 807.005 35.169 277.949
1597 1.000000 0 0.7579 0.5593 0.3358 0.9627 0.3586 0.0000 806.993 35.171 277.941
1598 1.000000 0 0.7579 0.5593 0.3358 0.9627 0.3586 0.0000 806.969 35.174 277.927
1599 1.000000 0 0.7579 0.5593 0.3358 0.9627 0.3586 0.0000 806.967 35.174 277.926
1600 1.000000 0 0.7579 0.5593 0.3358 0.9627 0.3586 0.0000 806.945 35.177 277.912
1601 1.000000 0 0.7579 0.5593 0.3358 0.9627 0.3586 0.0000 806.944 35.178 277.911
1602 1.000000 0 0.7579 0.5594 0.3358 0.9627 0.3586 0.0000 806.921 35.181 277.898
1603 1.000000 0 0.7579 0.5594 0.3358 0.9627 0.3586 0.0000 806.920 35.181 277.897
1604 1.000000 0 0.7579 0.5594 0.3358 0.9627 0.3586 0.0000 806.897 35.185 277.883
1605 1.000000 0 0.7578 0.5594 0.3358 0.9627 0.3586 0.0000 806.885 35.187 277.876
1606 1.000000 0 0.7578 0.5594 0.3358 0.9627 0.3586 0.0000 806.873 35.189 277.869
1607 1.000000 0 0.7578 0.5594 0.3358 0.9627 0.3586 0.0000 806.861 35.191 277.862
1608 1.000000 0 0.7578 0.5595 0.3358 0.9627 0.3586 0.0000 806.836 35.196 277.848
1609 1.000000 0 0.7578 0.5595 0.3358 0.9627 0.3586 0.0000 806.834 35.197 277.847
1610 1.000000 0 0.7578 0.5595 0.3358 0.9627 0.3586 0.0000 806.812 35.202 277.835
1611 1.000000 0 0.7578 0.5595 0.3358 0.9627 0.3586 0.0000 806.810 35.202 277.834
1612 1.000000 0 0.7578 0.5595 0.3358 0.9627 0.3586 0.0000 806.788 35.207 277.821
1613 1.000000 0 0.7578 0.5595 0.3358 0.9627 0.3586 0.0000 806.763 35.214 277.808
1614 1.000000 0 0.7577 0.5595 0.3358 0.9627 0.3586 0.0000 806.761 35.214 277.807
1615 1.000000 0 0.7577 0.5596 0.3357 0.9627 0.3586 0.0000 806.739 35.221 277.794
1616 1.000000 0 0.7577 0.5596 0.3357 0.9627 0.3586 0.0000 806.714 35.229 277.781
1617 1.000000 0 0.7577 0.5596 0.3357 0.9627 0.3586 0.0000 806.712 35.229 277.780
1618 1.000000 0 0.7577 0.5596 0.3357 0.9627 0.3586 0.0000 806.689 35.237 277.768
1619 1.000000 0 0.7577 0.5596 0.3357 0.9627 0.3586 0.0000 806.677 35.241 277.762
1620 1.000000 0 0.7577 0.5597 0.3357 0.9627 0.3586 0.0000 806.664 35.245 277.755
1621 1.000000 0 0.7577 0.5597 0.3357 0.9627 0.3586 0.0000 806.652 35.250 277.749
1622 1.000000 0 0.7577 0.5597 0.3357 0.9627 0.3586 0.0000 806.639 35.254 277.742
1623 1.000000 0 0.7576 0.5597 0.3357 0.9627 0.3586 0.0000 806.627 35.259 277.736
1624 1.000000 0 0.7576 0.5597 0.3357 0.9627 0.3586 0.0000 806.602 35.268 277.723
1625 1.000000 0 0.7576 0.5597 0.3357 0.9627 0.3586 0.0000 806.600 35.269 277.723
1626 1.000000 0 0.7576 0.5598 0.3357 0.9627 0.3586 0.0000 806.577 35.277 277.711
1627 1.000000 0 0.7576 0.5598 0.3357 0.9627 0.3586 0.0000 806.564 35.282 277.705
1628 1.000000 0 0.7576 0.5598 0.3357 0.9627 0.3586 0.0000 806.552 35.287 277.699
1629 1.000000 0 0.7576 0.5598 0.3357 0.9627 0.3586 0.0000 806.549 35.287 277.698
1630 1.000000 0 0.7576 0.5598 0.3357 0.9627 0.3586 0.0000 806.527 35.296 277.686
1631 1.000000 0 0.7576 0.5598 0.3357 0.9627 0.3586 0.0000 806.525 35.296 277.686
1632 1.000000 0 0.7575 0.5598 0.3357 0.9627 0.3586 0.0000 806.502 35.305 277.674
1633 1.000000 0 0.7575 0.5598 0.3357 0.9627 0.3586 0.0000 806.500 35.305 277.674
1634 1.000000 0 0.7575 0.5599 0.3357 0.9627 0.3586 0.0000 806.476 35.314 277.662
1635 1.000000 0 0.7575 0.5599 0.3357 0.9627 0.3586 0.0000 806.463 35.318 277.656
1636 1.000000 0 0.7575 0.5599 0.3357 0.9627 0.3586 0.0000 806.451 35.322 277.650
1637 1.000000 0 0.7575 0.5599 0.3357 0.9627 0.3586 0.0000 806.438 35.326 277.644
1638 1.000000 0 0.7575 0.5599 0.3357 0.9627 0.3586 0.0000 806.413 35.334 277.632
1639 1.000000 0 0.7575 0.5599 0.3357 0.9627 0.3586 0.0000 806.411 35.334 277.631
1640 1.000000 0 0.7575 0.5600 0.3357 0.9627 0.3586 0.0000 806.388 35.341 277.620
1641 1.000000 0 0.7575 0.5600 0.3357 0.9627 0.3586 0.0000 806.385 35.341 277.619
1642 1.000000 0 0.7574 0.5600 0.3357 0.9627 0.3586 0.0000 806.362 35.347 277.608
1643 1.000000 0 0.7574 0.5600 0.3357 0.9627 0.3586 0.0000 806.360 35.348 277.607
1644 1.000000 0 0.7574 0.5600 0.3357 0.9627 0.3586 0.0000 806.337 35.353 277.597
1645 1.000000 0 0.7574 0.5600 0.3357 0.9627 0.3586 0.0000 806.335 35.354 277.596
1646 1.000000 0 0.7574 0.5601 0.3357 0.9627 0.3586 0.0000 806.312 35.359 277.585
1647 1.000000 0 0.7574 0.5601 0.3357 0.9627 0.3586 0.0000 806.309 35.359 277.584
1648 1.000000 0 0.7574 0.5601 0.3357 0.9627 0.3586 0.0000 806.286 35.364 277.572
1649 1.000000 0 0.7574 0.5601 0.3357 0.9627 0.3586 0.0000 806.273 35.366 277.566
1650 1.000000 0 0.7574 0.5601 0.3357 0.9627 0.3586 0.0000 806.248 35.370 277.554
1651 1.000000 0 0.7574 0.5601 0.3357 0.9627 0.3586 0.0000 806.246 35.371 277.553
1652 1.000000 0 0.7573 0.5601 0.3357 0.9627 0.3586 0.0000 806.223 35.374 277.543
1653 1.000000 0 0.7573 0.5602 0.3357 0.9627 0.3586 0.0000 806.222 35.374 277.542
1654 1.000000 0 0.7573 0.5602 0.3357 0.9627 0.3586 0.0000 806.198 35.378 277.530
1655 1.000000 0 0.7573 0.5602 0.3357 0.9627 0.3586 0.0000 806.185 35.379 277.524
1656 1.000000 0 0.7573 0.5602 0.3357 0.9627 0.3586 0.0000 806.160 35.383 277.512
1657 1.000000 0 0.7573 0.5602 0.3357 0.9627 0.3586 0.0000 806.158 35.383 277.511
1658 1.000000 0 0.7573 0.5602 0.3357 0.9627 0.3586 0.0000 806.135 35.386 277.500
1659 1.000000 0 0.7573 0.5603 0.3357 0.9627 0.3586 0.0000 806.133 35.386 277.498
1660 1.000000 0 0.7573 0.5603 0.3357 0.9627 0.3586 0.0000 806.110 35.389 277.487
1661 1.000000 0 0.7572 0.5603 0.3356 0.9627 0.3586 0.0000 806.108 35.390 277.486
1662 1.000000 0 0.7572 0.5603 0.3356 0.9627 0.3586 0.0000 806.085 35.393 277.474
1663 1.000000 0 0.7572 0.5603 0.3356 0.9627 0.3586 0.0000 806.073 35.395 277.468
1664 1.000000 0 0.7572 0.5603 0.3356 0.9627 0.3586 0.0000 806.048 35.399 277.455
1665 1.000000 0 0.7572 0.5604 0.3356 0.9627 0.3586 0.0000 806.046 35.399 277.454
1666 1.000000 0 0.7572 0.5604 0.3356 0.9627 0.3586 0.0000 806.023 35.403 277.442
1667 1.000000 0 0.7572 0.5604 0.3356 0.9627 0.3586 0.0000 806.021 35.403 277.441
1668 1.000000 0 0.7572 0.5604 0.3356 0.9627 0.3586 0.0000 805.998 35.408 277.429
1669 1.000000 0 0.7572 0.5604 0.3356 0.9627 0.3586 0.0000 805.997 35.408 277.428
1670 1.000000 0 0.7571 0.5604 0.3356 0.9627 0.3586 0.0000 805.974 35.413 277.416
1671 1.000000 0 0.7571 0.5604 0.3356 0.9627 0.3586 0.0000 805.961 35.416 277.409
1672 1.000000 0 0.7571 0.5605 0.3356 0.9627 0.3586 0.0000 805.936 35.422 277.396
1673 1.000000 0 0.7571 0.5605 0.3356 0.9627 0.3586 0.0000 805.934 35.423 277.394
1674 1.000000 0 0.7571 0.5605 0.3356 0.9627 0.3586 0.0000 805.912 35.429 277.382
1675 1.000000 0 0.7571 0.5605 0.3356 0.9627 0.3586 0.0000 805.910 35.430 277.381
1676 1.000000 0 0.7571 0.5605 0.3356 0.9627 0.3586 0.0000 805.888 35.436 277.368
1677 1.000000 0 0.7571 0.5605 0.3356 0.9627 0.3586 0.0000 805.876 35.440 277.361
1678 1.000000 0 0.7570 0.5606 0.3356 0.9627 0.3586 0.0000 805.852 35.448 277.347
1679 1.000000 0 0.7570 0.5606 0.3356 0.9627 0.3586 0.0000 805.850 35.449 277.346
1680 1.000000 0 0.7570 0.5606 0.3356 0.9627 0.3586 0.0000 805.827 35.457 277.333
1681 1.000000 0 0.7570 0.5606 0.3356 0.9627 0.3586 0.0000 805.804 35.465 277.319
1682 1.000000 0 0.7570 0.5606 0.3356 0.9627 0.3586 0.0000 805.802 35.466 277.318
1683 1.000000 0 0.7570 0.5607 0.3356 0.9627 0.3586 0.0000 805.780 35.475 277.304
1684 1.000000 0 0.7570 0.5607 0.3356 0.9627 0.3586 0.0000 805.778 35.475 277.304
1685 1.000000 0 0.7570 0.5607 0.3356 0.9627 0.3586 0.0000 805.756 35.484 277.290
1686 1.000000 0 0.7570 0.5607 0.3356 0.9627 0.3586 0.0000 805.754 35.484 277.289
1687 1.000000 0 0.7570 0.5607 0.3356 0.9627 0.3586 0.0000 805.732 35.493 277.275
1688 1.000000 0 0.7569 0.5607 0.3356 0.9627 0.3586 0.0000 805.730 35.494 277.274
1689 1.000000 0 0.7569 0.5607 0.3356 0.9627 0.3586 0.0000 805.708 35.503 277.261
1690 1.000000 0 0.7569 0.5608 0.3356 0.9627 0.3586 0.0000 805.696 35.507 277.253
1691 1.000000 0 0.7569 0.5608 0.3356 0.9627 0.3586 0.0000 805.684 35.512 277.245
1692 1.000000 0 0.7569 0.5608 0.3356 0.9627 0.3586 0.0000 805.672 35.516 277.238
1693 1.000000 0 0.7569 0.5608 0.3356 0.9627 0.3586 0.0000 805.649 35.525 277.223
1694 1.000000 0 0.7569 0.5608 0.3356 0.9627 0.3586 0.0000 805.647 35.526 277.222
1695 1.000000 0 0.7569 0.5608 0.3356 0.9627 0.3586 0.0000 805.625 35.533 277.208
1696 1.000000 0 0.7569 0.5608 0.3356 0.9627 0.3586 0.0000 805.623 35.534 277.207
1697 1.000000 0 0.7568 0.5609 0.3356 0.9627 0.3586 0.0000 805.601 35.541 277.193
1698 1.000000 0 0.7568 0.5609 0.3356 0.9627 0.3586 0.0000 805.599 35.542 277.192
1699 1.000000 0 0.7568 0.5609 0.3356 0.9627 0.3586 0.0000 805.578 35.549 277.178
1700 1.000000 0 0.7568 0.5609 0.3356 0.9627 0.3586 0.0000 805.576 35.549 277.177
1701 1.000000 0 0.7568 0.5609 0.3356 0.9627 0.3586 0.0000 805.554 35.555 277.163
1702 1.000000 0 0.7568 0.5609 0.3356 0.9627 0.3586 0.0000 805.552 35.556 277.162
1703 1.000000 0 0.7568 0.5610 0.3356 0.9627 0.3586 0.0000 805.531 35.562 277.148
1704 1.000000 0 0.7568 0.5610 0.3356 0.9627 0.3586 0.0000 805.528 35.562 277.146
1705 1.000000 0 0.7568 0.5610 0.3356 0.9627 0.3586 0.0000 805.507 35.567 277.133
1706 1.000000 0 0.7568 0.5610 0.3356 0.9627 0.3586 0.0000 805.505 35.568 277.132
1707 1.000000 0 0.7567 0.5610 0.3356 0.9627 0.3586 0.0000 805.484 35.573 277.118
1708 1.000000 0 0.7567 0.5610 0.3356 0.9627 0.3586 0.0000 805.482 35.573 277.117
1709 1.000000 0 0.7567 0.5610 0.3355 0.9627 0.3586 0.0000 805.459 35.578 277.102
1710 1.000000 0 0.7567 0.5611 0.3355 0.9627 0.3586 0.0000 805.448 35.580 277.095
1711 1.000000 0 0.7567 0.5611 0.3355 0.9627 0.3586 0.0000 805.425 35.584 277.080
1712 1.000000 0 0.7567 0.5611 0.3355 0.9627 0.3586 0.0000 805.423 35.584 277.079
1713 1.000000 0 0.7567 0.5611 0.3355 0.9627 0.3586 0.0000 805.401 35.588 277.065
1714 1.000000 0 0.7567 0.5611 0.3355 0.9627 0.3586 0.0000 805.400 35.588 277.064
1715 1.000000 0 0.7567 0.5611 0.3355 0.9627 0.3586 0.0000 805.377 35.591 277.050
1716 1.000000 0 0.7567 0.5612 0.3355 0.9627 0.3586 0.0000 805.365 35.593 277.043
1717 1.000000 0 0.7566 0.5612 0.3355 0.9627 0.3586 0.0000 805.342 35.597 277.028
1718 1.000000 0 0.7566 0.5612 0.3355 0.9627 0.3586 0.0000 805.339 35.597 277.027
1719 1.000000 0 0.7566 0.5612 0.3355 0.9627 0.3586 0.0000 805.318 35.600 277.014
1720 1.000000 0 0.7566 0.5612 0.3355 0.9627 0.3586 0.0000 805.314 35.601 277.012
1721 1.000000 0 0.7566 0.5612 0.3355 0.9627 0.3586 0.0000 805.294 35.604 276.999
1722 1.000000 0 0.7566 0.5613 0.3355 0.9627 0.3586 0.0000 805.282 35.605 276.992
1723 1.000000 0 0.7566 0.5613 0.3355 0.9627 0.3586 0.0000 805.258 35.609 276.978
1724 1.000000 0 0.7566 0.5613 0.3355 0.9627 0.3586 0.0000 805.256 35.610 276.976
1725 1.000000 0 0.7565 0.5613 0.3355 0.9627 0.3586 0.0000 805.234 35.614 276.964
1726 1.000000 0 0.7565 0.5613 0.3355 0.9627 0.3586 0.0000 805.233 35.614 276.963
1727 1.000000 0 0.7565 0.5613 0.3355 0.9627 0.3586 0.0000 805.210 35.618 276.950
1728 1.000000 0 0.7565 0.5613 0.3355 0.9627 0.3586 0.0000 805.209 35.619 276.949
1729 1.000000 0 0.7565 0.5614 0.3355 0.9627 0.3586 0.0000 805.186 35.624 276.936
1730 1.000000 0 0.7565 0.5614 0.3355 0.9627 0.3586 0.0000 805.185 35.624 276.935
1731 1.000000 0 0.7565 0.5614 0.3355 0.9627 0.3586 0.0000 805.161 35.629 276.922
1732 1.000000 0 0.7565 0.5614 0.3355 0.9627 0.3586 0.0000 805.149 35.633 276.915
1733 1.000000 0 0.7565 0.5614 0.3355 0.9627 0.3586 0.0000 805.137 35.636 276.909
1734 1.000000 0 0.7565 0.5614 0.3355 0.9627 0.3586 0.0000 805.125 35.640 276.902
1735 1.000000 0 0.7564 0.5615 0.3355 0.9627 0.3586 0.0000 805.113 35.643 276.895
1736 1.000000 0 0.7564 0.5615 0.3355 0.9627 0.3586 0.0000 805.101 35.647 276.889
1737 1.000000 0 0.7564 0.5615 0.3355 0.9627 0.3586 0.0000 805.088 35.651 276.882
1738 1.000000 0 0.7564 0.5615 0.3355 0.9627 0.3586 0.0000 805.076 35.654 276.876
1739 1.000000 0 0.7564 0.5615 0.3355 0.9627 0.3586 0.0000 805.064 35.658 276.869
1740 1.000000 0 0.7564 0.5615 0.3355 0.9627 0.3586 0.0000 805.051 35.662 276.862
1741 1.000000 0 0.7564 0.5616 0.3355 0.9627 0.3586 0.0000 805.026 35.670 276.849
1742 1.000000 0 0.7564 0.5616 0.3355 0.9627 0.3586 0.0000 805.025 35.671 276.848
1743 1.000000 0 0.7564 0.5616 0.3355 0.9627 0.3586 0.0000 805.002 35.679 276.837
1744 1.000000 0 0.7564 0.5616 0.3355 0.9627 0.3586 0.0000 805.000 35.680 276.835
1745 1.000000 0 0.7563 0.5616 0.3355 0.9627 0.3586 0.0000 804.977 35.688 276.824
1746 1.000000 0 0.7563 0.5616 0.3355 0.9627 0.3586 0.0000 804.975 35.689 276.823
1747 1.000000 0 0.7563 0.5616 0.3355 0.9627 0.3586 0.0000 804.951 35.697 276.811
1748 1.000000 0 0.7563 0.5617 0.3355 0.9627 0.3586 0.0000 804.939 35.702 276.805
1749 1.000000 0 0.7563 0.5617 0.3355 0.9627 0.3586 0.0000 804.914 35.711 276.793
1750 1.000000 0 0.7563 0.5617 0.3355 0.9627 0.3586 0.0000 804.912 35.712 276.792
1751 1.000000 0 0.7563 0.5617 0.3355 0.9627 0.3586 0.0000 804.889 35.720 276.780
1752 1.000000 0 0.7563 0.5617 0.3355 0.9627 0.3586 0.0000 804.887 35.721 276.779
1753 1.000000 0 0.7563 0.5617 0.3355 0.9627 0.3586 0.0000 804.864 35.729 276.768
1754 1.000000 0 0.7563 0.5617 0.3355 0.9627 0.3586 0.0000 804.862 35.730 276.767
1755 1.000000 0 0.7562 0.5618 0.3354 0.9627 0.3586 0.0000 804.838 35.738 276.756
1756 1.000000 0 0.7562 0.5618 0.3354 0.9627 0.3586 0.0000 804.837 35.738 276.755
1757 1.000000 0 0.7562 0.5618 0.3354 0.9627 0.3586 0.0000 804.813 35.746 276.744
1758 1.000000 0 0.7562 0.5618 0.3354 0.9627 0.3586 0.0000 804.812 35.747 276.743
1759 1.000000 0 0.7562 0.5618 0.3354 0.9627 0.3586 0.0000 804.788 35.754 276.732
1760 1.000000 0 0.7562 0.5618 0.3354 0.9627 0.3586 0.0000 804.775 35.758 276.726
1761 1.000000 0 0.7562 0.5618 0.3354 0.9627 0.3586 0.0000 804.762 35.761 276.720
1762 1.000000 0 0.7562 0.5619 0.3354 0.9627 0.3586 0.0000 804.750 35.765 276.714
1763 1.000000 0 0.7562 0.5619 0.3354 0.9627 0.3586 0.0000 804.748 35.765 276.713
1764 1.000000 0 0.7562 0.5619 0.3354 0.9627 0.3586 0.0000 804.724 35.771 276.702
1765 1.000000 0 0.7561 0.5619 0.3354 0.9627 0.3586 0.0000 804.722 35.772 276.701
1766 1.000000 0 0.7561 0.5619 0.3354 0.9627 0.3586 0.0000 804.699 35.777 276.690
1767 1.000000 0 0.7561 0.5619 0.3354 0.9627 0.3586 0.0000 804.686 35.780 276.684
1768 1.000000 0 0.7561 0.5619 0.3354 0.9627 0.3586 0.0000 804.674 35.783 276.678
1769 1.000000 0 0.7561 0.5620 0.3354 0.9627 0.3586 0.0000 804.648 35.787 276.666
1770 1.000000 0 0.7561 0.5620 0.3354 0.9627 0.3586 0.0000 804.646 35.788 276.665
1771 1.000000 0 0.7561 0.5620 0.3354 0.9627 0.3586 0.0000 804.623 35.792 276.654
1772 1.000000 0 0.7561 0.5620 0.3354 0.9627 0.3586 0.0000 804.611 35.794 276.648
1773 1.000000 0 0.7560 0.5620 0.3354 0.9627 0.3586 0.0000 804.585 35.798 276.635
1774 1.000000 0 0.7560 0.5621 0.3354 0.9627 0.3586 0.0000 804.583 35.798 276.634
1775 1.000000 0 0.7560 0.5621 0.3354 0.9627 0.3586 0.0000 804.560 35.801 276.623
1776 1.000000 0 0.7560 0.5621 0.3354 0.9627 0.3586 0.0000 804.548 35.803 276.617
1777 1.000000 0 0.7560 0.5621 0.3354 0.9627 0.3586 0.0000 804.535 35.804 276.611
1778 1.000000 0 0.7560 0.5621 0.3354 0.9627 0.3586 0.0000 804.509 35.807 276.598
1779 1.000000 0 0.7560 0.5621 0.3354 0.9627 0.3586 0.0000 804.506 35.808 276.597
1780 1.000000 0 0.7560 0.5622 0.3354 0.9627 0.3586 0.0000 804.485 35.811 276.586
1781 1.000000 0 0.7560 0.5622 0.3354 0.9627 0.3586 0.0000 804.483 35.811 276.585
1782 1.000000 0 0.7559 0.5622 0.3354 0.9627 0.3586 0.0000 804.460 35.814 276.573
1783 1.000000 0 0.7559 0.5622 0.3354 0.9627 0.3586 0.0000 804.447 35.816 276.567
1784 1.000000 0 0.7559 0.5622 0.3354 0.9627 0.3586 0.0000 804.422 35.819 276.554
1785 1.000000 0 0.7559 0.5622 0.3354 0.9627 0.3586 0.0000 804.420 35.820 276.553
1786 1.000000 0 0.7559 0.5623 0.3354 0.9627 0.3586 0.0000 804.397 35.823 276.541
1787 1.000000 0 0.7559 0.5623 0.3354 0.9627 0.3586 0.0000 804.395 35.824 276.540
1788 1.000000 0 0.7559 0.5623 0.3354 0.9627 0.3586 0.0000 804.373 35.828 276.528
1789 1.000000 0 0.7559 0.5623 0.3354 0.9627 0.3586 0.0000 804.371 35.828 276.527
1790 1.000000 0 0.7559 0.5623 0.3354 0.9627 0.3586 0.0000 804.348 35.833 276.515
1791 1.000000 0 0.7559 0.5623 0.3354 0.9627 0.3586 0.0000 804.336 35.836 276.508
1792 1.000000 0 0.7558 0.5623 0.3354 0.9627 0.3586 0.0000 804.323 35.839 276.501
1793 1.000000 0 0.7558 0.5624 0.3354 0.9627 0.3586 0.0000 804.299 35.845 276.488
1794 1.000000 0 0.7558 0.5624 0.3354 0.9627 0.3586 0.0000 804.297 35.845 276.487
1795 1.000000 0 0.7558 0.5624 0.3354 0.9627 0.3586 0.0000 804.275 35.851 276.474
1796 1.000000 0 0.7558 0.5624 0.3354 0.9627 0.3586 0.0000 804.273 35.852 276.473
1797 1.000000 0 0.7558 0.5624 0.3354 0.9627 0.3586 0.0000 804.250 35.858 276.460
1798 1.000000 0 0.7558 0.5624 0.3354 0.9627 0.3586 0.0000 804.248 35.859 276.459
1799 1.000000 0 0.7558 0.5625 0.3354 0.9627 0.3586 0.0000 804.226 35.866 276.446
1800 1.000000 0 0.7558 0.5625 0.3354 0.9627 0.3586 0.0000 804.214 35.870 276.439
1801 1.000000 0 0.7557 0.5625 0.3353 0.9627 0.3586 0.0000 804.189 35.879 276.425
1802 1.000000 0 0.7557 0.5625 0.3353 0.9627 0.3586 0.0000 804.187 35.880 276.424
1803 1.000000 0 0.7557 0.5625 0.3353 0.9627 0.3586 0.0000 804.166 35.887 276.411
1804 1.000000 0 0.7557 0.5625 0.3353 0.9627 0.3586 0.0000 804.164 35.888 276.410
1805 1.000000 0 0.7557 0.5626 0.3353 0.9627 0.3586 0.0000 804.142 35.897 276.396
1806 1.000000 0 0.7557 0.5626 0.3353 0.9627 0.3586 0.0000 804.140 35.897 276.396
1807 1.000000 0 0.7557 0.5626 0.3353 0.9627 0.3586 0.0000 804.118 35.906 276.382
1808 1.000000 0 0.7557 0.5626 0.3353 0.9627 0.3586 0.0000 804.105 35.911 276.374
1809 1.000000 0 0.7556 0.5626 0.3353 0.9627 0.3586 0.0000 804.082 35.920 276.360
1810 1.000000 0 0.7556 0.5626 0.3353 0.9627 0.3586 0.0000 804.080 35.920 276.359
1811 1.000000 0 0.7556 0.5627 0.3353 0.9627 0.3586 0.0000 804.058 35.929 276.345
1812 1.000000 0 0.7556 0.5627 0.3353 0.9627 0.3586 0.0000 804.046 35.933 276.338
1813 1.000000 0 0.7556 0.5627 0.3353 0.9627 0.3586 0.0000 804.022 35.942 276.323
1814 1.000000 0 0.7556 0.5627 0.3353 0.9627 0.3586 0.0000 804.020 35.943 276.321
1815 1.000000 0 0.7556 0.5627 0.3353 0.9627 0.3586 0.0000 803.998 35.951 276.308
1816 1.000000 0 0.7556 0.5627 0.3353 0.9627 0.3586 0.0000 803.997 35.951 276.306
1817 1.000000 0 0.7556 0.5628 0.3353 0.9627 0.3586 0.0000 803.975 35.959 276.293
1818 1.000000 0 0.7556 0.5628 0.3353 0.9627 0.3586 0.0000 803.973 35.959 276.292
1819 1.000000 0 0.7555 0.5628 0.3353 0.9627 0.3586 0.0000 803.951 35.967 276.277
1820 1.000000 0 0.7555 0.5628 0.3353 0.9627 0.3586 0.0000 803.950 35.967 276.277
1821 1.000000 0 0.7555 0.5628 0.3353 0.9627 0.3586 0.0000 803.927 35.974 276.262
1822 1.000000 0 0.7555 0.5628 0.3353 0.9627 0.3586 0.0000 803.926 35.974 276.261
1823 1.000000 0 0.7555 0.5628 0.3353 0.9627 0.3586 0.0000 803.904 35.980 276.247
1824 1.000000 0 0.7555 0.5628 0.3353 0.9627 0.3586 0.0000 803.902 35.981 276.246
1825 1.000000 0 0.7555 0.5629 0.3353 0.9627 0.3586 0.0000 803.880 35.986 276.232
1826 1.000000 0 0.7555 0.5629 0.3353 0.9627 0.3586 0.0000 803.879 35.986 276.231
1827 1.000000 0 0.7555 0.5629 0.3353 0.9627 0.3586 0.0000 803.857 35.992 276.217
1828 1.000000 0 0.7555 0.5629 0.3353 0.9627 0.3586 0.0000 803.855 35.992 276.216
1829 1.000000 0 0.7554 0.5629 0.3353 0.9627 0.3586 0.0000 803.833 35.996 276.202
1830 1.000000 0 0.7554 0.5629 0.3353 0.9627 0.3586 0.0000 803.831 35.997 276.201
1831 1.000000 0 0.7554 0.5630 0.3353 0.9627 0.3586 0.0000 803.809 36.001 276.186
1832 1.000000 0 0.7554 0.5630 0.3353 0.9627 0.3586 0.0000 803.807 36.001 276.186
1833 1.000000 0 0.7554 0.5630 0.3353 0.9627 0.3586 0.0000 803.785 36.005 276.172
1834 1.000000 0 0.7554 0.5630 0.3353 0.9627 0.3586 0.0000 803.784 36.005 276.171
1835 1.000000 0 0.7554 0.5630 0.3353 0.9627 0.3586 0.0000 803.773 36.007 276.164
1836 1.000000 0 0.7554 0.5630 0.3353 0.9627 0.3586 0.0000 803.750 36.010 276.149
1837 0.996559 0 0.7554 0.5630 0.3353 0.9627 0.3586 0.0000 803.748 36.010 276.148
1838 0.996559 0 0.7554 0.5631 0.3353 0.9627 0.3586 0.0000 803.726 36.013 276.134
1839 0.992971 0 0.7554 0.5631 0.3353 0.9627 0.3586 0.0000 803.724 36.014 276.133
1840 0.992971 0 0.7553 0.5631 0.3353 0.9627 0.3586 0.0000 803.702 36.017 276.120
1841 0.989384 0 0.7553 0.5631 0.3353 0.9627 0.3586 0.0000 803.700 36.017 276.119
1842 0.989384 0 0.7553 0.5631 0.3353 0.9627 0.3586 0.0000 803.678 36.020 276.105
1843 0.985797 0 0.7553 0.5631 0.3353 0.9627 0.3586 0.0000 803.676 36.020 276.104
1844 0.985797 0 0.7553 0.5631 0.3353 0.9627 0.3586 0.0000 803.666 36.021 276.098
1845 0.985797 0 0.7553 0.5632 0.3353 0.9627 0.3586 0.0000 803.642 36.025 276.083
1846 0.978621 0 0.7553 0.5632 0.3353 0.9627 0.3586 0.0000 803.639 36.025 276.082
1847 0.978621 0 0.7553 0.5632 0.3353 0.9627 0.3586 0.0000 803.618 36.029 276.069
1848 0.978621 0 0.7553 0.5632 0.3353 0.9627 0.3586 0.0000 803.606 36.031 276.062
1849 0.975034 0 0.7552 0.5632 0.3353 0.9627 0.3586 0.0000 803.582 36.035 276.048
1850 0.971447 0 0.7552 0.5632 0.3353 0.9627 0.3586 0.0000 803.580 36.035 276.047
1851 0.971447 0 0.7552 0.5633 0.3352 0.9627 0.3586 0.0000 803.557 36.040 276.034
1852 0.967859 0 0.7552 0.5633 0.3352 0.9627 0.3586 0.0000 803.545 36.042 276.027
1853 0.967859 0 0.7552 0.5633 0.3352 0.9627 0.3586 0.0000 803.521 36.048 276.014
1854 0.964272 0 0.7552 0.5633 0.3352 0.9627 0.3586 0.0000 803.519 36.048 276.012
1855 0.960684 0 0.7552 0.5633 0.3352 0.9627 0.3586 0.0000 803.496 36.054 276.000
1856 0.960684 0 0.7552 0.5633 0.3352 0.9627 0.3586 0.0000 803.495 36.054 275.999
1857 0.957097 0 0.7552 0.5633 0.3352 0.9627 0.3586 0.0000 803.472 36.060 275.987
1858 0.957097 0 0.7552 0.5634 0.3352 0.9627 0.3586 0.0000 803.470 36.061 275.986
1859 0.953514 0 0.7551 0.5634 0.3352 0.9627 0.3586 0.0000 803.447 36.068 275.973
1860 0.953514 0 0.7551 0.5634 0.3352 0.9627 0.3586 0.0000 803.446 36.068 275.973
1861 0.949932 0 0.7551 0.5634 0.3352 0.9627 0.3586 0.0000 803.422 36.076 275.960
1862 0.949932 0 0.7551 0.5634 0.3352 0.9627 0.3586 0.0000 803.421 36.076 275.959
1863 0.946350 0 0.7551 0.5634 0.3352 0.9627 0.3586 0.0000 803.397 36.084 275.947
1864 0.946350 0 0.7551 0.5634 0.3352 0.9627 0.3586 0.0000 803.396 36.084 275.947
1865 0.942768 0 0.7551 0.5635 0.3352 0.9627 0.3586 0.0000 803.373 36.092 275.934
1866 0.942768 0 0.7551 0.5635 0.3352 0.9627 0.3586 0.0000 803.371 36.093 275.934
1867 0.939186 0 0.7551 0.5635 0.3352 0.9627 0.3586 0.0000 803.348 36.102 275.922
1868 0.939186 0 0.7551 0.5635 0.3352 0.9627 0.3586 0.0000 803.346 36.102 275.921
1869 0.935605 0 0.7550 0.5635 0.3352 0.9627 0.3586 0.0000 803.322 36.111 275.909
1870 0.935605 0 0.7550 0.5635 0.3352 0.9627 0.3586 0.0000 803.321 36.111 275.908
1871 0.932023 0 0.7550 0.5635 0.3352 0.9627 0.3586 0.0000 803.297 36.120 275.897
1872 0.932023 0 0.7550 0.5636 0.3352 0.9627 0.3586 0.0000 803.285 36.125 275.890
1873 0.928441 0 0.7550 0.5636 0.3352 0.9627 0.3586 0.0000 803.260 36.134 275.878
1874 0.924859 0 0.7550 0.5636 0.3352 0.9627 0.3586 0.0000 803.258 36.135 275.877
1875 0.924859 0 0.7550 0.5636 0.3352 0.9627 0.3586 0.0000 803.234 36.143 275.866
1876 0.921278 0 0.7550 0.5636 0.3352 0.9627 0.3586 0.0000 803.232 36.144 275.865
1877 0.921278 0 0.7549 0.5636 0.3352 0.9627 0.3586 0.0000 803.209 36.152 275.854
1878 0.917695 0 0.7549 0.5637 0.3352 0.9627 0.3586 0.0000 803.196 36.156 275.849
1879 0.914112 0 0.7549 0.5637 0.3352 0.9627 0.3586 0.0000 803.193 36.157 275.847
1880 0.914112 0 0.7549 0.5637 0.3352 0.9627 0.3586 0.0000 803.171 36.165 275.837
1881 0.914112 0 0.7549 0.5637 0.3352 0.9627 0.3586 0.0000 803.169 36.165 275.836
1882 0.910529 0 0.7549 0.5637 0.3352 0.9627 0.3586 0.0000 803.145 36.173 275.825
1883 0.910529 0 0.7549 0.5637 0.3352 0.9627 0.3586 0.0000 803.132 36.176 275.819
1884 0.906947 0 0.7549 0.5637 0.3352 0.9627 0.3586 0.0000 803.130 36.177 275.818
1885 0.906947 0 0.7549 0.5638 0.3352 0.9627 0.3586 0.0000 803.107 36.183 275.808
1886 0.903363 0 0.7549 0.5638 0.3352 0.9627 0.3586 0.0000 803.105 36.184 275.807
1887 0.903363 0 0.7549 0.5638 0.3352 0.9627 0.3586 0.0000 803.082 36.190 275.796
1888 0.899781 0 0.7548 0.5638 0.3352 0.9627 0.3586 0.0000 803.069 36.193 275.790
1889 0.899781 0 0.7548 0.5638 0.3352 0.9627 0.3586 0.0000 803.043 36.199 275.778
1890 0.892615 0 0.7548 0.5638 0.3352 0.9627 0.3586 0.0000 803.040 36.200 275.777
1891 0.892615 0 0.7548 0.5639 0.3352 0.9627 0.3586 0.0000 803.005 36.206 275.761
1892 0.889032 0 0.7548 0.5639 0.3352 0.9627 0.3586 0.0000 803.003 36.207 275.760
1893 0.889032 0 0.7548 0.5639 0.3352 0.9627 0.3586 0.0000 802.980 36.211 275.749
1894 0.885450 0 0.7548 0.5639 0.3352 0.9627 0.3586 0.0000 802.967 36.213 275.743
1895 0.885450 0 0.7547 0.5639 0.3352 0.9627 0.3586 0.0000 802.942 36.217 275.731
1896 0.881867 0 0.7547 0.5639 0.3352 0.9627 0.3586 0.0000 802.940 36.217 275.730
1897 0.878284 0 0.7547 0.5640 0.3351 0.9627 0.3586 0.0000 802.917 36.220 275.719
1898 0.878284 0 0.7547 0.5640 0.3351 0.9627 0.3586 0.0000 802.915 36.220 275.719
1899 0.874701 0 0.7547 0.5640 0.3351 0.9627 0.3586 0.0000 802.891 36.224 275.707
1900 0.871119 0 0.7547 0.5640 0.3351 0.9627 0.3586 0.0000 802.879 36.225 275.701
1901 0.871119 0 0.7547 0.5640 0.3351 0.9627 0.3586 0.0000 802.853 36.228 275.689
1902 0.867537 0 0.7547 0.5640 0.3351 0.9627 0.3586 0.0000 802.851 36.229 275.688
1903 0.867537 0 0.7547 0.5641 0.3351 0.9627 0.3586 0.0000 802.828 36.232 275.677
1904 0.863954 0 0.7546 0.5641 0.3351 0.9627 0.3586 0.0000 802.816 36.233 275.671
1905 0.863954 0 0.7546 0.5641 0.3351 0.9627 0.3586 0.0000 802.803 36.235 275.664
1906 0.860371 0 0.7546 0.5641 0.3351 0.9627 0.3586 0.0000 802.778 36.239 275.652
1907 0.856789 0 0.7546 0.5641 0.3351 0.9627 0.3586 0.0000 802.776 36.239 275.651
1908 0.856789 0 0.7546 0.5642 0.3351 0.9627 0.3586 0.0000 802.753 36.243 275.639
1909 0.853206 0 0.7546 0.5642 0.3351 0.9627 0.3586 0.0000 802.741 36.245 275.633
1910 0.853206 0 0.7546 0.5642 0.3351 0.9627 0.3586 0.0000 802.729 36.248 275.626
1911 0.849623 0 0.7546 0.5642 0.3351 0.9627 0.3586 0.0000 802.716 36.250 275.620
1912 0.849623 0 0.7546 0.5642 0.3351 0.9627 0.3586 0.0000 802.704 36.253 275.613
1913 0.846040 0 0.7546 0.5642 0.3351 0.9627 0.3586 0.0000 802.691 36.255 275.607
1914 0.846040 0 0.7545 0.5643 0.3351 0.9627 0.3586 0.0000 802.667 36.261 275.594
1915 0.842457 0 0.7545 0.5643 0.3351 0.9627 0.3586 0.0000 802.665 36.262 275.593
1916 0.838875 0 0.7545 0.5643 0.3351 0.9627 0.3586 0.0000 802.642 36.268 275.580
1917 0.838875 0 0.7545 0.5643 0.3351 0.9627 0.3586 0.0000 802.630 36.271 275.574
1918 0.835292 0 0.7545 0.5643 0.3351 0.9627 0.3586 0.0000 802.605 36.278 275.560
1919 0.831709 0 0.7545 0.5643 0.3351 0.9627 0.3586 0.0000 802.603 36.279 275.559
1920 0.831709 0 0.7545 0.5644 0.3351 0.9627 0.3586 0.0000 802.581 36.286 275.546
1921 0.828126 0 0.7545 0.5644 0.3351 0.9627 0.3586 0.0000 802.569 36.290 275.539
1922 0.828126 0 0.7544 0.5644 0.3351 0.9627 0.3586 0.0000 802.557 36.294 275.532
1923 0.824543 0 0.7544 0.5644 0.3351 0.9627 0.3586 0.0000 802.532 36.303 275.518
1924 0.820961 0 0.7544 0.5644 0.3351 0.9627 0.3586 0.0000 802.530 36.304 275.517
1925 0.820961 0 0.7544 0.5644 0.3351 0.9627 0.3586 0.0000 802.508 36.312 275.504
1926 0.817378 0 0.7544 0.5644 0.3351 0.9627 0.3586 0.0000 802.507 36.313 275.503
1927 0.817378 0 0.7544 0.5645 0.3351 0.9627 0.3586 0.0000 802.484 36.321 275.490
1928 0.813794 0 0.7544 0.5645 0.3351 0.9627 0.3586 0.0000 802.472 36.326 275.483
1929 0.813794 0 0.7544 0.5645 0.3351 0.9627 0.3586 0.0000 802.448 36.335 275.468
1930 0.810210 0 0.7544 0.5645 0.3351 0.9627 0.3586 0.0000 802.446 36.336 275.467
1931 0.806626 0 0.7543 0.5645 0.3351 0.9627 0.3586 0.0000 802.424 36.344 275.454
1932 0.803043 0 0.7543 0.5645 0.3351 0.9627 0.3586 0.0000 802.422 36.345 275.453
1933 0.803043 0 0.7543 0.5646 0.3351 0.9627 0.3586 0.0000 802.400 36.353 275.439
1934 0.803043 0 0.7543 0.5646 0.3351 0.9627 0.3586 0.0000 802.388 36.358 275.432
1935 0.799459 0 0.7543 0.5646 0.3351 0.9627 0.3586 0.0000 802.365 36.367 275.417
1936 0.795876 0 0.7543 0.5646 0.3351 0.9627 0.3586 0.0000 802.363 36.367 275.416
1937 0.795876 0 0.7543 0.5646 0.3351 0.9627 0.3586 0.0000 802.341 36.375 275.402
1938 0.792292 0 0.7543 0.5646 0.3351 0.9627 0.3586 0.0000 802.339 36.376 275.401
1939 0.792292 0 0.7543 0.5647 0.3351 0.9627 0.3586 0.0000 802.317 36.383 275.387
1940 0.788708 0 0.7542 0.5647 0.3351 0.9627 0.3586 0.0000 802.315 36.383 275.386
1941 0.788708 0 0.7542 0.5647 0.3351 0.9627 0.3586 0.0000 802.293 36.390 275.372
1942 0.785124 0 0.7542 0.5647 0.3351 0.9627 0.3586 0.0000 802.292 36.391 275.371
1943 0.785124 0 0.7542 0.5647 0.3350 0.9627 0.3586 0.0000 802.270 36.397 275.357
1944 0.781540 0 0.7542 0.5647 0.3350 0.9627 0.3586 0.0000 802.268 36.398 275.356
1945 0.781540 0 0.7542 0.5647 0.3350 0.9627 0.3586 0.0000 802.246 36.403 275.342
1946 0.777956 0 0.7542 0.5648 0.3350 0.9627 0.3586 0.0000 802.244 36.404 275.341
1947 0.777956 0 0.7542 0.5648 0.3350 0.9627 0.3586 0.0000 802.222 36.409 275.328
1948 0.774372 0 0.7542 0.5648 0.3350 0.9627 0.3586 0.0000 802.220 36.409 275.326
1949 0.774372 0 0.7542 0.5648 0.3350 0.9627 0.3586 0.0000 802.198 36.414 275.313
1950 0.770789 0 0.7542 0.5648 0.3350 0.9627 0.3586 0.0000 802.197 36.415 275.311
1951 0.770789 0 0.7541 0.5648 0.3350 0.9627 0.3586 0.0000 802.175 36.419 275.298
1952 0.767205 0 0.7541 0.5648 0.3350 0.9627 0.3586 0.0000 802.173 36.419 275.297
1953 0.767205 0 0.7541 0.5649 0.3350 0.9627 0.3586 0.0000 802.151 36.423 275.283
1954 0.763621 0 0.7541 0.5649 0.3350 0.9627 0.3586 0.0000 802.149 36.423 275.282
1955 0.763621 0 0.7541 0.5649 0.3350 0.9627 0.3586 0.0000 802.127 36.427 275.268
1956 0.760037 0 0.7541 0.5649 0.3350 0.9627 0.3586 0.0000 802.125 36.427 275.267
1957 0.760037 0 0.7541 0.5649 0.3350 0.9627 0.3586 0.0000 802.103 36.430 275.253
1958 0.756454 0 0.7541 0.5649 0.3350 0.9627 0.3586 0.0000 802.101 36.431 275.252
1959 0.756454 0 0.7541 0.5649 0.3350 0.9627 0.3586 0.0000 802.091 36.432 275.246
1960 0.756454 0 0.7540 0.5650 0.3350 0.9627 0.3586 0.0000 802.067 36.435 275.231
1961 0.752870 0 0.7540 0.5650 0.3350 0.9627 0.3586 0.0000 802.055 36.437 275.224
1962 0.749286 0 0.7540 0.5650 0.3350 0.9627 0.3586 0.0000 802.031 36.440 275.210
1963 0.745702 0 0.7540 0.5650 0.3350 0.9627 0.3586 0.0000 802.029 36.440 275.209
1964 0.745702 0 0.7540 0.5650 0.3350 0.9627 0.3586 0.0000 802.007 36.443 275.195
1965 0.742119 0 0.7540 0.5650 0.3350 0.9627 0.3586 0.0000 802.005 36.444 275.194
1966 0.742119 0 0.7540 0.5651 0.3350 0.9627 0.3586 0.0000 801.983 36.447 275.181
1967 0.738535 0 0.7540 0.5651 0.3350 0.9627 0.3586 0.0000 801.981 36.447 275.180
1968 0.738535 0 0.7540 0.5651 0.3350 0.9627 0.3586 0.0000 801.959 36.451 275.167
1969 0.734951 0 0.7540 0.5651 0.3350 0.9627 0.3586 0.0000 801.957 36.451 275.166
1970 0.734951 0 0.7539 0.5651 0.3350 0.9627 0.3586 0.0000 801.934 36.455 275.153
1971 0.731367 0 0.7539 0.5651 0.3350 0.9627 0.3586 0.0000 801.922 36.457 275.147
1972 0.731367 0 0.7539 0.5651 0.3350 0.9627 0.3586 0.0000 801.910 36.460 275.140
1973 0.727783 0 0.7539 0.5651 0.3350 0.9627 0.3586 0.0000 801.908 36.460 275.139
1974 0.727783 0 0.7539 0.5652 0.3350 0.9627 0.3586 0.0000 801.886 36.465 275.126
1975 0.724199 0 0.7539 0.5652 0.3350 0.9627 0.3586 0.0000 801.882 36.466 275.124
1976 0.724199 0 0.7539 0.5652 0.3350 0.9627 0.3586 0.0000 801.861 36.471 275.113
1977 0.720615 0 0.7539 0.5652 0.3350 0.9627 0.3586 0.0000 801.849 36.474 275.106
1978 0.720615 0 0.7539 0.5652 0.3350 0.9627 0.3586 0.0000 801.824 36.481 275.093
1979 0.717031 0 0.7539 0.5652 0.3350 0.9627 0.3586 0.0000 801.822 36.481 275.092
1980 0.713448 0 0.7538 0.5653 0.3350 0.9627 0.3586 0.0000 801.799 36.488 275.080
1981 0.709865 0 0.7538 0.5653 0.3350 0.9627 0.3586 0.0000 801.787 36.492 275.073
1982 0.709865 0 0.7538 0.5653 0.3350 0.9627 0.3586 0.0000 801.762 36.500 275.060
1983 0.706281 0 0.7538 0.5653 0.3350 0.9627 0.3586 0.0000 801.760 36.501 275.059
1984 0.706281 0 0.7538 0.5653 0.3350 0.9627 0.3586 0.0000 801.737 36.508 275.048
1985 0.702697 0 0.7538 0.5653 0.3350 0.9627 0.3586 0.0000 801.735 36.509 275.046
1986 0.702697 0 0.7538 0.5654 0.3350 0.9627 0.3586 0.0000 801.712 36.517 275.035
1987 0.699113 0 0.7538 0.5654 0.3350 0.9627 0.3586 0.0000 801.700 36.522 275.029
1988 0.695529 0 0.7537 0.5654 0.3350 0.9627 0.3586 0.0000 801.675 36.531 275.016
1989 0.695529 0 0.7537 0.5654 0.3350 0.9627 0.3586 0.0000 801.673 36.531 275.016
1990 0.691945 0 0.7537 0.5654 0.3349 0.9627 0.3586 0.0000 801.649 36.540 275.004
1991 0.691945 0 0.7537 0.5655 0.3349 0.9627 0.3586 0.0000 801.637 36.545 274.998
1992 0.688361 0 0.7537 0.5655 0.3349 0.9627 0.3586 0.0000 801.612 36.554 274.986
1993 0.684778 0 0.7537 0.5655 0.3349 0.9627 0.3586 0.0000 801.610 36.555 274.985
1994 0.684778 0 0.7537 0.5655 0.3349 0.9627 0.3586 0.0000 801.586 36.563 274.974
1995 0.681194 0 0.7537 0.5655 0.3349 0.9627 0.3586 0.0000 801.573 36.568 274.968
1996 0.677610 0 0.7536 0.5656 0.3349 0.9627 0.3586 0.0000 801.548 36.576 274.956
1997 0.677610 0 0.7536 0.5656 0.3349 0.9627 0.3586 0.0000 801.547 36.577 274.955
1998 0.674026 0 0.7536 0.5656 0.3349 0.9627 0.3586 0.0000 801.523 36.585 274.944
1999 0.674026 0 0.7536 0.5656 0.3349 0.9627 0.3586 0.0000 801.510 36.589 274.938
2000 0.670443 0 0.7536 0.5656 0.3349 0.9627 0.3586 0.0000 801.485 36.596 274.927
2001 0.666859 0 0.7536 0.5656 0.3349 0.9627 0.3586 0.0000 801.483 36.597 274.926
2002 0.666859 0 0.7536 0.5657 0.3349 0.9627 0.3586 0.0000 801.459 36.603 274.915
2003 0.663275 0 0.7536 0.5657 0.3349 0.9627 0.3586 0.0000 801.457 36.604 274.914
2004 0.663275 0 0.7535 0.5657 0.3349 0.9627 0.3586 0.0000 801.434 36.610 274.903
2005 0.659692 0 0.7535 0.5657 0.3349 0.9627 0.3586 0.0000 801.421 36.613 274.897
2006 0.659692 0 0.7535 0.5657 0.3349 0.9627 0.3586 0.0000 801.395 36.619 274.885
2007 0.656108 0 0.7535 0.5657 0.3349 0.9627 0.3586 0.0000 801.393 36.619 274.884
2008 0.652524 0 0.7535 0.5658 0.3349 0.9627 0.3586 0.0000 801.370 36.624 274.874
2009 0.652524 0 0.7535 0.5658 0.3349 0.9627 0.3586 0.0000 801.368 36.624 274.873
2010 0.648941 0 0.7535 0.5658 0.3349 0.9627 0.3586 0.0000 801.345 36.628 274.862
2011 0.648941 0 0.7535 0.5658 0.3349 0.9627 0.3586 0.0000 801.343 36.629 274.861
2012 0.645357 0 0.7535 0.5658 0.3349 0.9627 0.3586 0.0000 801.319 36.633 274.850
2013 0.645357 0 0.7535 0.5658 0.3349 0.9627 0.3586 0.0000 801.307 36.634 274.844
2014 0.641774 0 0.7534 0.5658 0.3349 0.9627 0.3586 0.0000 801.281 36.638 274.832
2015 0.638190 0 0.7534 0.5659 0.3349 0.9627 0.3586 0.0000 801.256 36.642 274.820
2016 0.634610 0 0.7534 0.5659 0.3349 0.9627 0.3586 0.0000 801.253 36.642 274.819
2017 0.634610 0 0.7534 0.5659 0.3349 0.9627 0.3586 0.0000 801.231 36.645 274.808
2018 0.631032 0 0.7534 0.5659 0.3349 0.9627 0.3586 0.0000 801.229 36.646 274.807
2019 0.631032 0 0.7534 0.5659 0.3349 0.9627 0.3586 0.0000 801.205 36.648 274.796
2020 0.627447 0 0.7534 0.5659 0.3349 0.9627 0.3586 0.0000 801.193 36.650 274.790
2021 0.627447 0 0.7534 0.5660 0.3349 0.9627 0.3586 0.0000 801.180 36.651 274.784
2022 0.623857 0 0.7533 0.5660 0.3349 0.9627 0.3586 0.0000 801.155 36.655 274.771
2023 0.620268 0 0.7533 0.5660 0.3349 0.9627 0.3586 0.0000 801.153 36.655 274.770
2024 0.620268 0 0.7533 0.5660 0.3349 0.9627 0.3586 0.0000 801.130 36.658 274.759
2025 0.616677 0 0.7533 0.5660 0.3349 0.9627 0.3586 0.0000 801.128 36.659 274.758
2026 0.616677 0 0.7533 0.5660 0.3349 0.9627 0.3586 0.0000 801.105 36.662 274.746
2027 0.613088 0 0.7533 0.5660 0.3349 0.9627 0.3586 0.0000 801.103 36.663 274.745
2028 0.613088 0 0.7533 0.5661 0.3349 0.9627 0.3586 0.0000 801.080 36.667 274.733
2029 0.609498 0 0.7533 0.5661 0.3349 0.9627 0.3586 0.0000 801.068 36.669 274.727
2030 0.609498 0 0.7532 0.5661 0.3349 0.9627 0.3586 0.0000 801.043 36.675 274.714
2031 0.605907 0 0.7532 0.5661 0.3349 0.9627 0.3586 0.0000 801.041 36.675 274.713
2032 0.602325 0 0.7532 0.5661 0.3349 0.9627 0.3586 0.0000 801.018 36.680 274.701
2033 0.602325 0 0.7532 0.5661 0.3349 0.9627 0.3586 0.0000 801.017 36.681 274.700
2034 0.598742 0 0.7532 0.5662 0.3348 0.9627 0.3586 0.0000 800.993 36.687 274.687
2035 0.595159 0 0.7532 0.5662 0.3348 0.9627 0.3586 0.0000 800.991 36.687 274.686
2036 0.595159 0 0.7532 0.5662 0.3348 0.9627 0.3586 0.0000 800.969 36.694 274.674
2037 0.595159 0 0.7532 0.5662 0.3348 0.9627 0.3586 0.0000 800.968 36.694 274.673
2038 0.591577 0 0.7532 0.5662 0.3348 0.9627 0.3586 0.0000 800.957 36.697 274.667
2039 0.591577 0 0.7532 0.5663 0.3348 0.9627 0.3586 0.0000 800.920 36.709 274.646
2040 0.587995 0 0.7531 0.5663 0.3348 0.9627 0.3586 0.0000 800.918 36.710 274.645
2041 0.584413 0 0.7531 0.5663 0.3348 0.9627 0.3586 0.0000 800.896 36.718 274.632
2042 0.584413 0 0.7531 0.5663 0.3348 0.9627 0.3586 0.0000 800.894 36.718 274.631
2043 0.580831 0 0.7531 0.5663 0.3348 0.9627 0.3586 0.0000 800.872 36.726 274.618
2044 0.580831 0 0.7531 0.5663 0.3348 0.9627 0.3586 0.0000 800.870 36.727 274.617
2045 0.577249 0 0.7531 0.5663 0.3348 0.9627 0.3586 0.0000 800.848 36.736 274.604
2046 0.573668 0 0.7531 0.5663 0.3348 0.9627 0.3586 0.0000 800.845 36.736 274.602
2047 0.573668 0 0.7531 0.5664 0.3348 0.9627 0.3586 0.0000 800.823 36.745 274.590
2048 0.570086 0 0.7531 0.5664 0.3348 0.9627 0.3586 0.0000 800.811 36.749 274.582
2049 0.570086 0 0.7530 0.5664 0.3348 0.9627 0.3586 0.0000 800.788 36.759 274.568
2050 0.566504 0 0.7530 0.5664 0.3348 0.9627 0.3586 0.0000 800.785 36.760 274.566
2051 0.566504 0 0.7530 0.5664 0.3348 0.9627 0.3586 0.0000 800.764 36.768 274.553
2052 0.562922 0 0.7530 0.5665 0.3348 0.9627 0.3586 0.0000 800.752 36.772 274.546
2053 0.559340 0 0.7530 0.5665 0.3348 0.9627 0.3586 0.0000 800.740 36.777 274.539
2054 0.559340 0 0.7530 0.5665 0.3348 0.9627 0.3586 0.0000 800.716 36.786 274.524
2055 0.555753 0 0.7530 0.5665 0.3348 0.9627 0.3586 0.0000 800.714 36.787 274.523
2056 0.555753 0 0.7530 0.5665 0.3348 0.9627 0.3586 0.0000 800.692 36.795 274.509
2057 0.552185 0 0.7530 0.5665 0.3348 0.9627 0.3586 0.0000 800.681 36.799 274.502
2058 0.552185 0 0.7529 0.5666 0.3348 0.9627 0.3586 0.0000 800.657 36.807 274.487
2059 0.548615 0 0.7529 0.5666 0.3348 0.9627 0.3586 0.0000 800.655 36.808 274.486
2060 0.545053 0 0.7529 0.5666 0.3348 0.9627 0.3586 0.0000 800.633 36.815 274.473
2061 0.541485 0 0.7529 0.5666 0.3348 0.9627 0.3586 0.0000 800.622 36.818 274.465
2062 0.541485 0 0.7529 0.5666 0.3348 0.9627 0.3586 0.0000 800.598 36.825 274.451
2063 0.537923 0 0.7529 0.5666 0.3348 0.9627 0.3586 0.0000 800.595 36.825 274.449
2064 0.537923 0 0.7529 0.5667 0.3348 0.9627 0.3586 0.0000 800.575 36.831 274.436
2065 0.534354 0 0.7529 0.5667 0.3348 0.9627 0.3586 0.0000 800.573 36.831 274.435
2066 0.534354 0 0.7528 0.5667 0.3348 0.9627 0.3586 0.0000 800.551 36.836 274.421
2067 0.530764 0 0.7528 0.5667 0.3348 0.9627 0.3586 0.0000 800.539 36.838 274.414
2068 0.530764 0 0.7528 0.5667 0.3348 0.9627 0.3586 0.0000 800.527 36.840 274.407
2069 0.527170 0 0.7528 0.5668 0.3348 0.9627 0.3586 0.0000 800.503 36.845 274.392
2070 0.523577 0 0.7528 0.5668 0.3348 0.9627 0.3586 0.0000 800.501 36.845 274.391
2071 0.523577 0 0.7528 0.5668 0.3348 0.9627 0.3586 0.0000 800.478 36.848 274.377
2072 0.519983 0 0.7528 0.5668 0.3348 0.9627 0.3586 0.0000 800.476 36.849 274.376
2073 0.519983 0 0.7528 0.5668 0.3348 0.9627 0.3586 0.0000 800.454 36.852 274.363
2074 0.516388 0 0.7528 0.5668 0.3348 0.9627 0.3586 0.0000 800.442 36.853 274.356
2075 0.516388 0 0.7527 0.5668 0.3348 0.9627 0.3586 0.0000 800.430 36.855 274.348
2076 0.512793 0 0.7527 0.5669 0.3348 0.9627 0.3586 0.0000 800.406 36.858 274.334
2077 0.509196 0 0.7527 0.5669 0.3348 0.9627 0.3586 0.0000 800.403 36.858 274.332
2078 0.509196 0 0.7527 0.5669 0.3348 0.9627 0.3586 0.0000 800.382 36.861 274.320
2079 0.505601 0 0.7527 0.5669 0.3347 0.9627 0.3586 0.0000 800.358 36.864 274.306
2080 0.502006 0 0.7527 0.5669 0.3347 0.9627 0.3586 0.0000 800.355 36.864 274.304
2081 0.502006 0 0.7527 0.5669 0.3347 0.9627 0.3586 0.0000 800.333 36.867 274.292
2082 0.498410 0 0.7527 0.5670 0.3347 0.9627 0.3586 0.0000 800.331 36.868 274.291
2083 0.498410 0 0.7527 0.5670 0.3347 0.9627 0.3586 0.0000 800.308 36.871 274.278
2084 0.494814 0 0.7526 0.5670 0.3347 0.9627 0.3586 0.0000 800.296 36.873 274.271
2085 0.494814 0 0.7526 0.5670 0.3347 0.9627 0.3586 0.0000 800.272 36.877 274.257
2086 0.491219 0 0.7526 0.5670 0.3347 0.9627 0.3586 0.0000 800.270 36.878 274.256
2087 0.487627 0 0.7526 0.5670 0.3347 0.9627 0.3586 0.0000 800.247 36.883 274.244
2088 0.487627 0 0.7526 0.5670 0.3347 0.9627 0.3586 0.0000 800.246 36.883 274.243
2089 0.484044 0 0.7526 0.5671 0.3347 0.9627 0.3586 0.0000 800.223 36.888 274.230
2090 0.480460 0 0.7526 0.5671 0.3347 0.9627 0.3586 0.0000 800.198 36.894 274.217
2091 0.480460 0 0.7526 0.5671 0.3347 0.9627 0.3586 0.0000 800.197 36.895 274.216
2092 0.476877 0 0.7525 0.5671 0.3347 0.9627 0.3586 0.0000 800.174 36.901 274.204
2093 0.476877 0 0.7525 0.5671 0.3347 0.9627 0.3586 0.0000 800.172 36.901 274.203
2094 0.473294 0 0.7525 0.5672 0.3347 0.9627 0.3586 0.0000 800.149 36.908 274.191
2095 0.473294 0 0.7525 0.5672 0.3347 0.9627 0.3586 0.0000 800.146 36.909 274.189
2096 0.469711 0 0.7525 0.5672 0.3347 0.9627 0.3586 0.0000 800.124 36.916 274.178
2097 0.469711 0 0.7525 0.5672 0.3347 0.9627 0.3586 0.0000 800.122 36.917 274.177
2098 0.466128 0 0.7525 0.5672 0.3347 0.9627 0.3586 0.0000 800.099 36.924 274.165
2099 0.466128 0 0.7525 0.5672 0.3347 0.9627 0.3586 0.0000 800.097 36.925 274.164
2100 0.462545 0 0.7525 0.5672 0.3347 0.9627 0.3586 0.0000 800.074 36.933 274.152
2101 0.462545 0 0.7525 0.5672 0.3347 0.9627 0.3586 0.0000 800.073 36.933 274.152
2102 0.458962 0 0.7524 0.5673 0.3347 0.9627 0.3586 0.0000 800.049 36.942 274.140
2103 0.458962 0 0.7524 0.5673 0.3347 0.9627 0.3586 0.0000 800.048 36.942 274.139
2104 0.455379 0 0.7524 0.5673 0.3347 0.9627 0.3586 0.0000 800.024 36.951 274.128
2105 0.451796 0 0.7524 0.5673 0.3347 0.9627 0.3586 0.0000 800.021 36.952 274.126
2106 0.451796 0 0.7524 0.5673 0.3347 0.9627 0.3586 0.0000 799.999 36.960 274.115
2107 0.451796 0 0.7524 0.5674 0.3347 0.9627 0.3586 0.0000 799.974 36.970 274.103
2108 0.448213 0 0.7524 0.5674 0.3347 0.9627 0.3586 0.0000 799.971 36.971 274.102
2109 0.444630 0 0.7524 0.5674 0.3347 0.9627 0.3586 0.0000 799.948 36.979 274.091
2110 0.441047 0 0.7523 0.5674 0.3347 0.9627 0.3586 0.0000 799.923 36.988 274.079
2111 0.441047 0 0.7523 0.5674 0.3347 0.9627 0.3586 0.0000 799.921 36.989 274.079
2112 0.437466 0 0.7523 0.5674 0.3347 0.9627 0.3586 0.0000 799.897 36.997 274.067
2113 0.433883 0 0.7523 0.5675 0.3347 0.9627 0.3586 0.0000 799.885 37.001 274.062
2114 0.433883 0 0.7523 0.5675 0.3347 0.9627 0.3586 0.0000 799.859 37.009 274.050
2115 0.430301 0 0.7523 0.5675 0.3347 0.9627 0.3586 0.0000 799.857 37.010 274.049
2116 0.430301 0 0.7523 0.5675 0.3347 0.9627 0.3586 0.0000 799.834 37.017 274.038
2117 0.426720 0 0.7523 0.5675 0.3347 0.9627 0.3586 0.0000 799.832 37.018 274.037
2118 0.426720 0 0.7523 0.5675 0.3347 0.9627 0.3586 0.0000 799.809 37.024 274.026
2119 0.423139 0 0.7522 0.5676 0.3347 0.9627 0.3586 0.0000 799.783 37.031 274.015
2120 0.419558 0 0.7522 0.5676 0.3347 0.9627 0.3586 0.0000 799.781 37.031 274.014
2121 0.419558 0 0.7522 0.5676 0.3347 0.9627 0.3586 0.0000 799.758 37.037 274.003
2122 0.415977 0 0.7522 0.5676 0.3347 0.9627 0.3586 0.0000 799.755 37.037 274.002
2123 0.415977 0 0.7522 0.5676 0.3347 0.9627 0.3586 0.0000 799.732 37.042 273.991
2124 0.412395 0 0.7522 0.5676 0.3347 0.9627 0.3586 0.0000 799.730 37.043 273.990
2125 0.412395 0 0.7522 0.5677 0.3346 0.9627 0.3586 0.0000 799.707 37.047 273.980
2126 0.408813 0 0.7522 0.5677 0.3346 0.9627 0.3586 0.0000 799.705 37.048 273.979
2127 0.408813 0 0.7522 0.5677 0.3346 0.9627 0.3586 0.0000 799.681 37.052 273.968
2128 0.405232 0 0.7522 0.5677 0.3346 0.9627 0.3586 0.0000 799.679 37.052 273.967
2129 0.405232 0 0.7521 0.5677 0.3346 0.9627 0.3586 0.0000 799.656 37.056 273.956
2130 0.401651 0 0.7521 0.5677 0.3346 0.9627 0.3586 0.0000 799.654 37.056 273.955
2131 0.401651 0 0.7521 0.5677 0.3346 0.9627 0.3586 0.0000 799.630 37.059 273.944
2132 0.398069 0 0.7521 0.5677 0.3346 0.9627 0.3586 0.0000 799.628 37.060 273.943
2133 0.398069 0 0.7521 0.5678 0.3346 0.9627 0.3586 0.0000 799.605 37.063 273.932
2134 0.394488 0 0.7521 0.5678 0.3346 0.9627 0.3586 0.0000 799.580 37.066 273.920
2135 0.390907 0 0.7521 0.5678 0.3346 0.9627 0.3586 0.0000 799.555 37.069 273.908
2136 0.387326 0 0.7521 0.5678 0.3346 0.9627 0.3586 0.0000 799.552 37.070 273.907
2137 0.387326 0 0.7520 0.5679 0.3346 0.9627 0.3586 0.0000 799.530 37.073 273.896
2138 0.383745 0 0.7520 0.5679 0.3346 0.9627 0.3586 0.0000 799.527 37.073 273.895
2139 0.383745 0 0.7520 0.5679 0.3346 0.9627 0.3586 0.0000 799.504 37.076 273.883
2140 0.380163 0 0.7520 0.5679 0.3346 0.9627 0.3586 0.0000 799.502 37.076 273.882
2141 0.380163 0 0.7520 0.5679 0.3346 0.9627 0.3586 0.0000 799.480 37.080 273.871
2142 0.376582 0 0.7520 0.5679 0.3346 0.9627 0.3586 0.0000 799.478 37.080 273.870
2143 0.376582 0 0.7520 0.5679 0.3346 0.9627 0.3586 0.0000 799.455 37.084 273.858
2144 0.372993 0 0.7520 0.5679 0.3346 0.9627 0.3586 0.0000 799.453 37.084 273.857
2145 0.372993 0 0.7520 0.5680 0.3346 0.9627 0.3586 0.0000 799.430 37.088 273.845
2146 0.369413 0 0.7520 0.5680 0.3346 0.9627 0.3586 0.0000 799.417 37.091 273.839
2147 0.365826 0 0.7519 0.5680 0.3346 0.9627 0.3586 0.0000 799.392 37.096 273.826
2148 0.365826 0 0.7519 0.5680 0.3346 0.9627 0.3586 0.0000 799.391 37.096 273.825
2149 0.362246 0 0.7519 0.5680 0.3346 0.9627 0.3586 0.0000 799.368 37.102 273.813
2150 0.362246 0 0.7519 0.5680 0.3346 0.9627 0.3586 0.0000 799.366 37.102 273.812
2151 0.358659 0 0.7519 0.5681 0.3346 0.9627 0.3586 0.0000 799.343 37.108 273.800
2152 0.358659 0 0.7519 0.5681 0.3346 0.9627 0.3586 0.0000 799.341 37.109 273.799
2153 0.355071 0 0.7519 0.5681 0.3346 0.9627 0.3586 0.0000 799.318 37.115 273.786
2154 0.351490 0 0.7519 0.5681 0.3346 0.9627 0.3586 0.0000 799.306 37.119 273.779
2155 0.351490 0 0.7519 0.5681 0.3346 0.9627 0.3586 0.0000 799.282 37.127 273.766
2156 0.347903 0 0.7518 0.5681 0.3346 0.9627 0.3586 0.0000 799.280 37.127 273.764
2157 0.347903 0 0.7518 0.5682 0.3346 0.9627 0.3586 0.0000 799.258 37.135 273.752
2158 0.344316 0 0.7518 0.5682 0.3346 0.9627 0.3586 0.0000 799.255 37.136 273.751
2159 0.344316 0 0.7518 0.5682 0.3346 0.9627 0.3586 0.0000 799.234 37.143 273.738
2160 0.340729 0 0.7518 0.5682 0.3346 0.9627 0.3586 0.0000 799.231 37.144 273.737
2161 0.340729 0 0.7518 0.5682 0.3346 0.9627 0.3586 0.0000 799.209 37.153 273.724
2162 0.337142 0 0.7518 0.5682 0.3346 0.9627 0.3586 0.0000 799.197 37.157 273.717
2163 0.333561 0 0.7518 0.5682 0.3346 0.9627 0.3586 0.0000 799.185 37.162 273.710
2164 0.333561 0 0.7518 0.5682 0.3346 0.9627 0.3586 0.0000 799.183 37.162 273.709
2165 0.333561 0 0.7518 0.5683 0.3346 0.9627 0.3586 0.0000 799.161 37.171 273.695
2166 0.329974 0 0.7518 0.5683 0.3346 0.9627 0.3586 0.0000 799.159 37.172 273.694
2167 0.329974 0 0.7517 0.5683 0.3346 0.9627 0.3586 0.0000 799.137 37.180 273.681
2168 0.326386 0 0.7517 0.5683 0.3346 0.9627 0.3586 0.0000 799.135 37.181 273.680
2169 0.326386 0 0.7517 0.5683 0.3346 0.9627 0.3586 0.0000 799.113 37.190 273.666
2170 0.322805 0 0.7517 0.5683 0.3346 0.9627 0.3586 0.0000 799.101 37.194 273.659
2171 0.322805 0 0.7517 0.5684 0.3346 0.9627 0.3586 0.0000 799.089 37.199 273.652
2172 0.319219 0 0.7517 0.5684 0.3345 0.9627 0.3586 0.0000 799.065 37.207 273.637
2173 0.315632 0 0.7517 0.5684 0.3345 0.9627 0.3586 0.0000 799.063 37.208 273.635
2174 0.315632 0 0.7517 0.5684 0.3345 0.9627 0.3586 0.0000 799.041 37.216 273.622
2175 0.312044 0 0.7517 0.5684 0.3345 0.9627 0.3586 0.0000 799.039 37.216 273.621
2176 0.312044 0 0.7516 0.5684 0.3345 0.9627 0.3586 0.0000 799.017 37.224 273.607
2177 0.308457 0 0.7516 0.5685 0.3345 0.9627 0.3586 0.0000 798.994 37.231 273.592
2178 0.304876 0 0.7516 0.5685 0.3345 0.9627 0.3586 0.0000 798.992 37.232 273.591
2179 0.304876 0 0.7516 0.5685 0.3345 0.9627 0.3586 0.0000 798.970 37.238 273.577
2180 0.301290 0 0.7516 0.5685 0.3345 0.9627 0.3586 0.0000 798.958 37.241 273.570
2181 0.297702 0 0.7516 0.5685 0.3345 0.9627 0.3586 0.0000 798.934 37.247 273.555
2182 0.294115 0 0.7515 0.5686 0.3345 0.9627 0.3586 0.0000 798.910 37.253 273.540
2183 0.294115 0 0.7515 0.5686 0.3345 0.9627 0.3586 0.0000 798.909 37.253 273.539
2184 0.290527 0 0.7515 0.5686 0.3345 0.9627 0.3586 0.0000 798.887 37.257 273.525
2185 0.286941 0 0.7515 0.5686 0.3345 0.9627 0.3586 0.0000 798.884 37.258 273.524
2186 0.286941 0 0.7515 0.5686 0.3345 0.9627 0.3586 0.0000 798.863 37.262 273.511
2187 0.283353 0 0.7515 0.5686 0.3345 0.9627 0.3586 0.0000 798.851 37.264 273.503
2188 0.283353 0 0.7515 0.5687 0.3345 0.9627 0.3586 0.0000 798.839 37.266 273.496
2189 0.283353 0 0.7515 0.5687 0.3345 0.9627 0.3586 0.0000 798.815 37.270 273.481
2190 0.276185 0 0.7515 0.5687 0.3345 0.9627 0.3586 0.0000 798.812 37.270 273.479
2191 0.276185 0 0.7514 0.5687 0.3345 0.9627 0.3586 0.0000 798.791 37.273 273.467
2192 0.272605 0 0.7514 0.5687 0.3345 0.9627 0.3586 0.0000 798.789 37.273 273.465
2193 0.272605 0 0.7514 0.5687 0.3345 0.9627 0.3586 0.0000 798.767 37.276 273.452
2194 0.272605 0 0.7514 0.5688 0.3345 0.9627 0.3586 0.0000 798.755 37.278 273.445
2195 0.269025 0 0.7514 0.5688 0.3345 0.9627 0.3586 0.0000 798.743 37.280 273.438
2196 0.269025 0 0.7514 0.5688 0.3345 0.9627 0.3586 0.0000 798.719 37.283 273.424
2197 0.265445 0 0.7514 0.5688 0.3345 0.9627 0.3586 0.0000 798.717 37.283 273.422
2198 0.261865 0 0.7514 0.5688 0.3345 0.9627 0.3586 0.0000 798.695 37.286 273.409
2199 0.261865 0 0.7514 0.5688 0.3345 0.9627 0.3586 0.0000 798.683 37.288 273.402
2200 0.258285 0 0.7514 0.5689 0.3345 0.9627 0.3586 0.0000 798.671 37.290 273.395
2201 0.254704 0 0.7513 0.5689 0.3345 0.9627 0.3586 0.0000 798.659 37.292 273.388
2202 0.254704 0 0.7513 0.5689 0.3345 0.9627 0.3586 0.0000 798.635 37.297 273.375
2203 0.251124 0 0.7513 0.5689 0.3345 0.9627 0.3586 0.0000 798.632 37.297 273.373
2204 0.251124 0 0.7513 0.5689 0.3345 0.9627 0.3586 0.0000 798.610 37.301 273.361
2205 0.247544 0 0.7513 0.5689 0.3345 0.9627 0.3586 0.0000 798.608 37.302 273.360
2206 0.247544 0 0.7513 0.5689 0.3345 0.9627 0.3586 0.0000 798.586 37.307 273.347
2207 0.243964 0 0.7513 0.5690 0.3345 0.9627 0.3586 0.0000 798.584 37.307 273.346
2208 0.243964 0 0.7513 0.5690 0.3345 0.9627 0.3586 0.0000 798.561 37.312 273.334
2209 0.240384 0 0.7513 0.5690 0.3345 0.9627 0.3586 0.0000 798.559 37.313 273.333
2210 0.240384 0 0.7512 0.5690 0.3345 0.9627 0.3586 0.0000 798.537 37.319 273.321
2211 0.236804 0 0.7512 0.5690 0.3345 0.9627 0.3586 0.0000 798.535 37.319 273.320
2212 0.236804 0 0.7512 0.5690 0.3345 0.9627 0.3586 0.0000 798.512 37.326 273.308
2213 0.233224 0 0.7512 0.5690 0.3345 0.9627 0.3586 0.0000 798.510 37.327 273.307
2214 0.233224 0 0.7512 0.5691 0.3345 0.9627 0.3586 0.0000 798.487 37.333 273.295
2215 0.229644 0 0.7512 0.5691 0.3345 0.9627 0.3586 0.0000 798.475 37.337 273.288
2216 0.226058 0 0.7512 0.5691 0.3345 0.9627 0.3586 0.0000 798.450 37.346 273.276
2217 0.226058 0 0.7512 0.5691 0.3345 0.9627 0.3586 0.0000 798.448 37.346 273.275
2218 0.222472 0 0.7512 0.5691 0.3344 0.9627 0.3586 0.0000 798.425 37.354 273.263
2219 0.222472 0 0.7512 0.5691 0.3344 0.9627 0.3586 0.0000 798.421 37.355 273.261
2220 0.218885 0 0.7511 0.5692 0.3344 0.9627 0.3586 0.0000 798.400 37.363 273.251
2221 0.218885 0 0.7511 0.5692 0.3344 0.9627 0.3586 0.0000 798.387 37.368 273.245
2222 0.215300 0 0.7511 0.5692 0.3344 0.9627 0.3586 0.0000 798.362 37.377 273.232
2223 0.211713 0 0.7511 0.5692 0.3344 0.9627 0.3586 0.0000 798.360 37.378 273.231
2224 0.211713 0 0.7511 0.5692 0.3344 0.9627 0.3586 0.0000 798.337 37.386 273.220
2225 0.208127 0 0.7511 0.5692 0.3344 0.9627 0.3586 0.0000 798.324 37.391 273.214
2226 0.208127 0 0.7511 0.5693 0.3344 0.9627 0.3586 0.0000 798.299 37.400 273.202
2227 0.204540 0 0.7511 0.5693 0.3344 0.9627 0.3586 0.0000 798.297 37.401 273.201
2228 0.200954 0 0.7510 0.5693 0.3344 0.9627 0.3586 0.0000 798.273 37.409 273.190
2229 0.200954 0 0.7510 0.5693 0.3344 0.9627 0.3586 0.0000 798.272 37.410 273.190
2230 0.197368 0 0.7510 0.5693 0.3344 0.9627 0.3586 0.0000 798.248 37.418 273.179
2231 0.197368 0 0.7510 0.5693 0.3344 0.9627 0.3586 0.0000 798.246 37.419 273.178
2232 0.193782 0 0.7510 0.5694 0.3344 0.9627 0.3586 0.0000 798.222 37.427 273.167
2233 0.193782 0 0.7510 0.5694 0.3344 0.9627 0.3586 0.0000 798.221 37.427 273.166
2234 0.190195 0 0.7510 0.5694 0.3344 0.9627 0.3586 0.0000 798.197 37.435 273.155
2235 0.190195 0 0.7510 0.5694 0.3344 0.9627 0.3586 0.0000 798.195 37.435 273.154
2236 0.186609 0 0.7510 0.5694 0.3344 0.9627 0.3586 0.0000 798.171 37.442 273.143
2237 0.183022 0 0.7509 0.5694 0.3344 0.9627 0.3586 0.0000 798.159 37.445 273.138
2238 0.183022 0 0.7509 0.5695 0.3344 0.9627 0.3586 0.0000 798.133 37.452 273.126
2239 0.179437 0 0.7509 0.5695 0.3344 0.9627 0.3586 0.0000 798.130 37.453 273.125
2240 0.179437 0 0.7509 0.5695 0.3344 0.9627 0.3586 0.0000 798.120 37.455 273.120
2241 0.179437 0 0.7509 0.5695 0.3344 0.9627 0.3586 0.0000 798.095 37.461 273.109
2242 0.175857 0 0.7509 0.5695 0.3344 0.9627 0.3586 0.0000 798.092 37.461 273.108
2243 0.172271 0 0.7509 0.5695 0.3344 0.9627 0.3586 0.0000 798.069 37.466 273.097
2244 0.172271 0 0.7509 0.5695 0.3344 0.9627 0.3586 0.0000 798.068 37.467 273.096
2245 0.168691 0 0.7509 0.5696 0.3344 0.9627 0.3586 0.0000 798.044 37.471 273.085
2246 0.168691 0 0.7509 0.5696 0.3344 0.9627 0.3586 0.0000 798.042 37.471 273.084
2247 0.165105 0 0.7508 0.5696 0.3344 0.9627 0.3586 0.0000 798.018 37.475 273.073
2248 0.161525 0 0.7508 0.5696 0.3344 0.9627 0.3586 0.0000 798.016 37.476 273.072
2249 0.161525 0 0.7508 0.5696 0.3344 0.9627 0.3586 0.0000 797.993 37.479 273.062
2250 0.161525 0 0.7508 0.5696 0.3344 0.9627 0.3586 0.0000 797.969 37.482 273.050
2251 0.157944 0 0.7508 0.5696 0.3344 0.9627 0.3586 0.0000 797.966 37.483 273.049
2252 0.154362 0 0.7508 0.5697 0.3344 0.9627 0.3586 0.0000 797.942 37.486 273.038
2253 0.154362 0 0.7508 0.5697 0.3344 0.9627 0.3586 0.0000 797.940 37.486 273.037
2254 0.150781 0 0.7508 0.5697 0.3344 0.9627 0.3586 0.0000 797.917 37.489 273.026
2255 0.150781 0 0.7508 0.5697 0.3344 0.9627 0.3586 0.0000 797.916 37.489 273.025
2256 0.147199 0 0.7507 0.5697 0.3344 0.9627 0.3586 0.0000 797.892 37.492 273.014
2257 0.147199 0 0.7507 0.5697 0.3344 0.9627 0.3586 0.0000 797.890 37.493 273.013
2258 0.143618 0 0.7507 0.5697 0.3344 0.9627 0.3586 0.0000 797.867 37.496 273.001
2259 0.143618 0 0.7507 0.5698 0.3344 0.9627 0.3586 0.0000 797.865 37.496 273.000
2260 0.140036 0 0.7507 0.5698 0.3344 0.9627 0.3586 0.0000 797.842 37.499 272.989
2261 0.140036 0 0.7507 0.5698 0.3344 0.9627 0.3586 0.0000 797.829 37.501 272.982
2262 0.136455 0 0.7507 0.5698 0.3344 0.9627 0.3586 0.0000 797.817 37.503 272.976
2263 0.136455 0 0.7507 0.5698 0.3344 0.9627 0.3586 0.0000 797.792 37.508 272.964
2264 0.132870 0 0.7507 0.5698 0.3344 0.9627 0.3586 0.0000 797.789 37.508 272.963
2265 0.129286 0 0.7506 0.5699 0.3343 0.9627 0.3586 0.0000 797.766 37.512 272.952
2266 0.125702 0 0.7506 0.5699 0.3343 0.9627 0.3586 0.0000 797.764 37.513 272.950
2267 0.125702 0 0.7506 0.5699 0.3343 0.9627 0.3586 0.0000 797.742 37.518 272.939
2268 0.125702 0 0.7506 0.5699 0.3343 0.9627 0.3586 0.0000 797.729 37.521 272.932
2269 0.122117 0 0.7506 0.5699 0.3343 0.9627 0.3586 0.0000 797.717 37.524 272.926
2270 0.118533 0 0.7506 0.5699 0.3343 0.9627 0.3586 0.0000 797.704 37.527 272.919
2271 0.118533 0 0.7506 0.5699 0.3343 0.9627 0.3586 0.0000 797.692 37.530 272.913
2272 0.118533 0 0.7506 0.5700 0.3343 0.9627 0.3586 0.0000 797.680 37.533 272.906
2273 0.114948 0 0.7506 0.5700 0.3343 0.9627 0.3586 0.0000 797.655 37.541 272.893
2274 0.111364 0 0.7506 0.5700 0.3343 0.9627 0.3586 0.0000 797.653 37.541 272.892
2275 0.111364 0 0.7505 0.5700 0.3343 0.9627 0.3586 0.0000 797.631 37.548 272.879
2276 0.107780 0 0.7505 0.5700 0.3343 0.9627 0.3586 0.0000 797.629 37.549 272.878
2277 0.107780 0 0.7505 0.5700 0.3343 0.9627 0.3586 0.0000 797.607 37.557 272.866
2278 0.104196 0 0.7505 0.5701 0.3343 0.9627 0.3586 0.0000 797.594 37.561 272.859
2279 0.104196 0 0.7505 0.5701 0.3343 0.9627 0.3586 0.0000 797.582 37.565 272.852
2280 0.100612 0 0.7505 0.5701 0.3343 0.9627 0.3586 0.0000 797.558 37.574 272.838
2281 0.097027 0 0.7505 0.5701 0.3343 0.9627 0.3586 0.0000 797.546 37.579 272.831
2282 0.097027 0 0.7504 0.5701 0.3343 0.9627 0.3586 0.0000 797.521 37.588 272.817
2283 0.093443 0 0.7504 0.5701 0.3343 0.9627 0.3586 0.0000 797.519 37.589 272.815
2284 0.089858 0 0.7504 0.5702 0.3343 0.9627 0.3586 0.0000 797.497 37.597 272.803
2285 0.089858 0 0.7504 0.5702 0.3343 0.9627 0.3586 0.0000 797.473 37.607 272.788
2286 0.086274 0 0.7504 0.5702 0.3343 0.9627 0.3586 0.0000 797.471 37.608 272.787
2287 0.082683 0 0.7504 0.5702 0.3343 0.9627 0.3586 0.0000 797.449 37.616 272.774
2288 0.082683 0 0.7504 0.5703 0.3343 0.9627 0.3586 0.0000 797.425 37.625 272.759
2289 0.079094 0 0.7504 0.5703 0.3343 0.9627 0.3586 0.0000 797.401 37.633 272.745
2290 0.075506 0 0.7503 0.5703 0.3343 0.9627 0.3586 0.0000 797.399 37.634 272.743
2291 0.071918 0 0.7503 0.5703 0.3343 0.9627 0.3586 0.0000 797.377 37.641 272.730
2292 0.068336 0 0.7503 0.5703 0.3343 0.9627 0.3586 0.0000 797.365 37.645 272.723
2293 0.068336 0 0.7503 0.5704 0.3343 0.9627 0.3586 0.0000 797.342 37.653 272.708
2294 0.064750 0 0.7503 0.5704 0.3343 0.9627 0.3586 0.0000 797.339 37.653 272.707
2295 0.064750 0 0.7503 0.5704 0.3343 0.9627 0.3586 0.0000 797.317 37.659 272.693
2296 0.061168 0 0.7503 0.5704 0.3343 0.9627 0.3586 0.0000 797.305 37.663 272.686
2297 0.061168 0 0.7503 0.5704 0.3343 0.9627 0.3586 0.0000 797.282 37.669 272.671
2298 0.057587 0 0.7503 0.5704 0.3343 0.9627 0.3586 0.0000 797.279 37.669 272.670
2299 0.054007 0 0.7502 0.5705 0.3343 0.9627 0.3586 0.0000 797.258 37.674 272.657
2300 0.054007 0 0.7502 0.5705 0.3343 0.9627 0.3586 0.0000 797.246 37.677 272.650
2301 0.050426 0 0.7502 0.5705 0.3343 0.9627 0.3586 0.0000 797.222 37.681 272.635
2302 0.046844 0 0.7502 0.5705 0.3343 0.9627 0.3586 0.0000 797.220 37.682 272.634
2303 0.046844 0 0.7502 0.5705 0.3343 0.9627 0.3586 0.0000 797.198 37.686 272.621
2304 0.043263 0 0.7502 0.5705 0.3343 0.9627 0.3586 0.0000 797.186 37.688 272.613
2305 0.043263 0 0.7502 0.5706 0.3343 0.9627 0.3586 0.0000 797.162 37.692 272.599
2306 0.039681 0 0.7501 0.5706 0.3342 0.9627 0.3586 0.0000 797.138 37.695 272.585
2307 0.036098 0 0.7501 0.5706 0.3342 0.9627 0.3586 0.0000 797.136 37.695 272.583
2308 0.032516 0 0.7501 0.5706 0.3342 0.9627 0.3586 0.0000 797.114 37.699 272.570
2309 0.032516 0 0.7501 0.5706 0.3342 0.9627 0.3586 0.0000 797.112 37.699 272.569
2310 0.028934 0 0.7501 0.5706 0.3342 0.9627 0.3586 0.0000 797.090 37.702 272.556
2311 0.028934 0 0.7501 0.5707 0.3342 0.9627 0.3586 0.0000 797.078 37.704 272.549
2312 0.025352 0 0.7501 0.5707 0.3342 0.9627 0.3586 0.0000 797.054 37.707 272.535
2313 0.021770 0 0.7501 0.5707 0.3342 0.9627 0.3586 0.0000 797.052 37.707 272.534
2314 0.021770 0 0.7500 0.5707 0.3342 0.9627 0.3586 0.0000 797.029 37.711 272.521
2315 0.018188 0 0.7500 0.5707 0.3342 0.9627 0.3586 0.0000 797.017 37.713 272.514
2316 0.018188 0 0.7500 0.5708 0.3342 0.9627 0.3586 0.0000 796.993 37.717 272.501
2317 0.014607 0 0.7500 0.5708 0.3342 0.9627 0.3586 0.0000 796.969 37.721 272.487
2318 0.011026 0 0.7500 0.5708 0.3342 0.9627 0.3586 0.0000 796.966 37.722 272.486
2319 0.007444 0 0.7500 0.5708 0.3342 0.9627 0.3586 0.0000 796.944 37.727 272.474
2320 0.007444 0 0.7500 0.5708 0.3342 0.9627 0.3586 0.0000 796.942 37.727 272.473
2321 0.003861 0 0.7500 0.5708 0.3342 0.9627 0.3586 0.0000 796.919 37.732 272.461
2322 0.003861 0 0.7500 0.5708 0.3342 0.9627 0.3586 0.0000 796.918 37.733 272.460
2323 0.000288 0 0.7499 0.5709 0.3342 0.9627 0.3586 0.0000 796.895 37.739 272.448
2324 0.000288 0 0.7499 0.5709 0.3342 0.9627 0.3586 0.0000 796.893 37.739 272.447
2325 0.000000 0 0.7499 0.5709 0.3342 0.9627 0.3586 0.0000 796.870 37.745 272.435
2326 0.000000 0 0.7499 0.5709 0.3342 0.9627 0.3586 0.0000 796.868 37.746 272.434
2327 0.000000 0 0.7499 0.5709 0.3342 0.9627 0.3586 0.0000 796.845 37.752 272.422
2328 0.000000 0 0.7499 0.5709 0.3342 0.9627 0.3586 0.0000 796.833 37.756 272.416
2329 0.000000 0 0.7499 0.5709 0.3342 0.9627 0.3586 0.0000 796.830 37.757 272.415
2330 0.000000 0 0.7499 0.5710 0.3342 0.9627 0.3586 0.0000 796.808 37.764 272.403
2331 0.000000 0 0.7499 0.5710 0.3342 0.9627 0.3586 0.0000 796.806 37.765 272.402
2332 0.000000 0 0.7498 0.5710 0.3342 0.9627 0.3586 0.0000 796.783 37.773 272.391
2333 0.000000 0 0.7498 0.5710 0.3342 0.9627 0.3586 0.0000 796.781 37.774 272.390
2334 0.000000 0 0.7498 0.5710 0.3342 0.9627 0.3586 0.0000 796.757 37.782 272.378
2335 0.000000 0 0.7498 0.5710 0.3342 0.9627 0.3586 0.0000 796.745 37.786 272.372
2336 0.000000 0 0.7498 0.5711 0.3342 0.9627 0.3586 0.0000 796.720 37.796 272.360
2337 0.000000 0 0.7498 0.5711 0.3342 0.9627 0.3586 0.0000 796.707 37.801 272.354
2338 0.000000 0 0.7498 0.5711 0.3342 0.9627 0.3586 0.0000 796.695 37.805 272.348
2339 0.000000 0 0.7498 0.5711 0.3342 0.9627 0.3586 0.0000 796.682 37.810 272.342
2340 0.000000 0 0.7498 0.5711 0.3342 0.9627 0.3586 0.0000 796.669 37.815 272.336
2341 0.000000 0 0.7497 0.5712 0.3342 0.9627 0.3586 0.0000 796.643 37.824 272.325
2342 0.000000 0 0.7497 0.5712 0.3342 0.9627 0.3586 0.0000 796.641 37.825 272.323
2343 0.000000 0 0.7497 0.5712 0.3342 0.9627 0.3586 0.0000 796.618 37.833 272.313
2344 0.000000 0 0.7497 0.5712 0.3342 0.9627 0.3586 0.0000 796.616 37.834 272.312
2345 0.000000 0 0.7497 0.5712 0.3342 0.9627 0.3586 0.0000 796.593 37.842 272.301
2346 0.000000 0 0.7497 0.5712 0.3342 0.9627 0.3586 0.0000 796.590 37.843 272.300
2347 0.000000 0 0.7497 0.5712 0.3342 0.9627 0.3586 0.0000 796.567 37.851 272.290
2348 0.000000 0 0.7497 0.5713 0.3342 0.9627 0.3586 0.0000 796.542 37.859 272.278
2349 0.000000 0 0.7497 0.5713 0.3342 0.9627 0.3586 0.0000 796.539 37.859 272.277
2350 0.000000 0 0.7496 0.5713 0.3342 0.9627 0.3586 0.0000 796.516 37.866 272.267
2351 0.000000 0 0.7496 0.5713 0.3342 0.9627 0.3586 0.0000 796.513 37.867 272.266
2352 0.000000 0 0.7496 0.5713 0.3342 0.9627 0.3586 0.0000 796.490 37.873 272.255
2353 0.000000 0 0.7496 0.5713 0.3342 0.9627 0.3586 0.0000 796.488 37.873 272.254
2354 0.000000 0 0.7496 0.5714 0.3341 0.9627 0.3586 0.0000 796.465 37.879 272.244
2355 0.000000 0 0.7496 0.5714 0.3341 0.9627 0.3586 0.0000 796.463 37.880 272.243
2356 0.000000 0 0.7496 0.5714 0.3341 0.9627 0.3586 0.0000 796.439 37.885 272.233
2357 0.000000 0 0.7496 0.5714 0.3341 0.9627 0.3586 0.0000 796.414 37.890 272.221
2358 0.000000 0 0.7496 0.5714 0.3341 0.9627 0.3586 0.0000 796.411 37.890 272.220
2359 0.000000 0 0.7495 0.5714 0.3341 0.9627 0.3586 0.0000 796.388 37.895 272.210
2360 0.000000 0 0.7495 0.5715 0.3341 0.9627 0.3586 0.0000 796.362 37.899 272.198
2361 0.000000 0 0.7495 0.5715 0.3341 0.9627 0.3586 0.0000 796.359 37.899 272.197
2362 0.000000 0 0.7495 0.5715 0.3341 0.9627 0.3586 0.0000 796.337 37.903 272.187
2363 0.000000 0 0.7495 0.5715 0.3341 0.9627 0.3586 0.0000 796.335 37.903 272.186
2364 0.000000 0 0.7495 0.5715 0.3341 0.9627 0.3586 0.0000 796.312 37.906 272.175
2365 0.000000 0 0.7495 0.5715 0.3341 0.9627 0.3586 0.0000 796.310 37.907 272.174
2366 0.000000 0 0.7495 0.5715 0.3341 0.9627 0.3586 0.0000 796.286 37.910 272.163
2367 0.000000 0 0.7495 0.5715 0.3341 0.9627 0.3586 0.0000 796.284 37.910 272.163
2368 0.000000 0 0.7494 0.5716 0.3341 0.9627 0.3586 0.0000 796.261 37.913 272.151
2369 0.000000 0 0.7494 0.5716 0.3341 0.9627 0.3586 0.0000 796.258 37.913 272.151
2370 0.000000 0 0.7494 0.5716 0.3341 0.9627 0.3586 0.0000 796.234 37.916 272.139
2371 0.000000 0 0.7494 0.5716 0.3341 0.9627 0.3586 0.0000 796.232 37.917 272.138
2372 0.000000 0 0.7494 0.5716 0.3341 0.9627 0.3586 0.0000 796.210 37.919 272.127
2373 0.000000 0 0.7494 0.5716 0.3341 0.9627 0.3586 0.0000 796.208 37.920 272.126
2374 0.000000 0 0.7494 0.5717 0.3341 0.9627 0.3586 0.0000 796.185 37.923 272.115
2375 0.000000 0 0.7494 0.5717 0.3341 0.9627 0.3586 0.0000 796.183 37.923 272.115
2376 0.000000 0 0.7494 0.5717 0.3341 0.9627 0.3586 0.0000 796.159 37.927 272.103
2377 0.000000 0 0.7494 0.5717 0.3341 0.9627 0.3586 0.0000 796.157 37.927 272.102
2378 0.000000 0 0.7493 0.5717 0.3341 0.9627 0.3586 0.0000 796.134 37.931 272.091
2379 0.000000 0 0.7493 0.5717 0.3341 0.9627 0.3586 0.0000 796.109 37.936 272.078
2380 0.000000 0 0.7493 0.5717 0.3341 0.9627 0.3586 0.0000 796.106 37.936 272.076
2381 0.000000 0 0.7493 0.5718 0.3341 0.9627 0.3586 0.0000 796.085 37.941 272.065
2382 0.000000 0 0.7493 0.5718 0.3341 0.9627 0.3586 0.0000 796.082 37.941 272.064
2383 0.000000 0 0.7493 0.5718 0.3341 0.9627 0.3586 0.0000 796.060 37.947 272.052
2384 0.000000 0 0.7493 0.5718 0.3341 0.9627 0.3586 0.0000 796.058 37.947 272.051
2385 0.000000 0 0.7493 0.5718 0.3341 0.9627 0.3586 0.0000 796.035 37.953 272.039
2386 0.000000 0 0.7493 0.5718 0.3341 0.9627 0.3586 0.0000 796.033 37.953 272.038
2387 0.000000 0 0.7492 0.5719 0.3341 0.9627 0.3586 0.0000 796.010 37.960 272.026
2388 0.000000 0 0.7492 0.5719 0.3341 0.9627 0.3586 0.0000 796.007 37.961 272.024
2389 0.000000 0 0.7492 0.5719 0.3341 0.9627 0.3586 0.0000 795.986 37.967 272.013
2390 0.000000 0 0.7492 0.5719 0.3341 0.9627 0.3586 0.0000 795.983 37.968 272.011
2391 0.000000 0 0.7492 0.5719 0.3341 0.9627 0.3586 0.0000 795.961 37.975 271.999
2392 0.000000 0 0.7492 0.5719 0.3341 0.9627 0.3586 0.0000 795.959 37.976 271.998
2393 0.000000 0 0.7492 0.5719 0.3341 0.9627 0.3586 0.0000 795.937 37.984 271.986
2394 0.000000 0 0.7492 0.5719 0.3341 0.9627 0.3586 0.0000 795.935 37.984 271.984
2395 0.000000 0 0.7492 0.5720 0.3341 0.9627 0.3586 0.0000 795.912 37.993 271.971
2396 0.000000 0 0.7492 0.5720 0.3341 0.9627 0.3586 0.0000 795.910 37.993 271.970
2397 0.000000 0 0.7491 0.5720 0.3341 0.9627 0.3586 0.0000 795.889 38.002 271.958
2398 0.000000 0 0.7491 0.5720 0.3341 0.9627 0.3586 0.0000 795.876 38.006 271.951
2399 0.000000 0 0.7491 0.5720 0.3341 0.9627 0.3586 0.0000 795.874 38.007 271.949
2400 0.000000 0 0.7491 0.5720 0.3341 0.9627 0.3586 0.0000 795.852 38.016 271.936
2401 0.000000 0 0.7491 0.5720 0.3341 0.9627 0.3586 0.0000 795.849 38.017 271.935
2402 0.000000 0 0.7491 0.5721 0.3340 0.9627 0.3586 0.0000 795.828 38.025 271.922
2403 0.000000 0 0.7491 0.5721 0.3340 0.9627 0.3586 0.0000 795.816 38.030 271.915
2404 0.000000 0 0.7491 0.5721 0.3340 0.9627 0.3586 0.0000 795.792 38.039 271.900
2405 0.000000 0 0.7491 0.5721 0.3340 0.9627 0.3586 0.0000 795.789 38.040 271.899
2406 0.000000 0 0.7491 0.5721 0.3340 0.9627 0.3586 0.0000 795.768 38.048 271.886
2407 0.000000 0 0.7490 0.5721 0.3340 0.9627 0.3586 0.0000 795.766 38.049 271.885
2408 0.000000 0 0.7490 0.5722 0.3340 0.9627 0.3586 0.0000 795.744 38.057 271.871
2409 0.000000 0 0.7490 0.5722 0.3340 0.9627 0.3586 0.0000 795.742 38.057 271.870
2410 0.000000 0 0.7490 0.5722 0.3340 0.9627 0.3586 0.0000 795.721 38.065 271.857
2411 0.000000 0 0.7490 0.5722 0.3340 0.9627 0.3586 0.0000 795.709 38.069 271.850
2412 0.000000 0 0.7490 0.5722 0.3340 0.9627 0.3586 0.0000 795.685 38.076 271.835
2413 0.000000 0 0.7490 0.5722 0.3340 0.9627 0.3586 0.0000 795.682 38.077 271.833
2414 0.000000 0 0.7490 0.5723 0.3340 0.9627 0.3586 0.0000 795.661 38.083 271.820
2415 0.000000 0 0.7490 0.5723 0.3340 0.9627 0.3586 0.0000 795.659 38.084 271.819
2416 0.000000 0 0.7489 0.5723 0.3340 0.9627 0.3586 0.0000 795.637 38.089 271.805
2417 0.000000 0 0.7489 0.5723 0.3340 0.9627 0.3586 0.0000 795.634 38.090 271.804
2418 0.000000 0 0.7489 0.5723 0.3340 0.9627 0.3586 0.0000 795.613 38.095 271.791
2419 0.000000 0 0.7489 0.5723 0.3340 0.9627 0.3586 0.0000 795.611 38.096 271.789
2420 0.000000 0 0.7489 0.5723 0.3340 0.9627 0.3586 0.0000 795.590 38.101 271.776
2421 0.000000 0 0.7489 0.5724 0.3340 0.9627 0.3586 0.0000 795.587 38.101 271.774
2422 0.000000 0 0.7489 0.5724 0.3340 0.9627 0.3586 0.0000 795.565 38.105 271.761
2423 0.000000 0 0.7489 0.5724 0.3340 0.9627 0.3586 0.0000 795.563 38.106 271.760
2424 0.000000 0 0.7489 0.5724 0.3340 0.9627 0.3586 0.0000 795.542 38.110 271.747
2425 0.000000 0 0.7489 0.5724 0.3340 0.9627 0.3586 0.0000 795.539 38.110 271.745
2426 0.000000 0 0.7488 0.5724 0.3340 0.9627 0.3586 0.0000 795.518 38.114 271.732
2427 0.000000 0 0.7488 0.5725 0.3340 0.9627 0.3586 0.0000 795.494 38.117 271.718
2428 0.000000 0 0.7488 0.5725 0.3340 0.9627 0.3586 0.0000 795.491 38.118 271.716
2429 0.000000 0 0.7488 0.5725 0.3340 0.9627 0.3586 0.0000 795.470 38.121 271.704
2430 0.000000 0 0.7488 0.5725 0.3340 0.9627 0.3586 0.0000 795.468 38.121 271.702
2431 0.000000 0 0.7488 0.5725 0.3340 0.9627 0.3586 0.0000 795.446 38.124 271.689
2432 0.000000 0 0.7488 0.5725 0.3340 0.9627 0.3586 0.0000 795.444 38.124 271.688
2433 0.000000 0 0.7488 0.5725 0.3340 0.9627 0.3586 0.0000 795.422 38.127 271.675
2434 0.000000 0 0.7488 0.5725 0.3340 0.9627 0.3586 0.0000 795.420 38.127 271.674
2435 0.000000 0 0.7487 0.5726 0.3340 0.9627 0.3586 0.0000 795.398 38.131 271.661
2436 0.000000 0 0.7487 0.5726 0.3340 0.9627 0.3586 0.0000 795.385 38.132 271.654
2437 0.000000 0 0.7487 0.5726 0.3340 0.9627 0.3586 0.0000 795.373 38.134 271.647
2438 0.000000 0 0.7487 0.5726 0.3340 0.9627 0.3586 0.0000 795.349 38.138 271.633
2439 0.000000 0 0.7487 0.5726 0.3340 0.9627 0.3586 0.0000 795.345 38.139 271.631
2440 0.000000 0 0.7487 0.5727 0.3340 0.9627 0.3586 0.0000 795.324 38.143 271.619
2441 0.000000 0 0.7487 0.5727 0.3340 0.9627 0.3586 0.0000 795.322 38.143 271.618
2442 0.000000 0 0.7487 0.5727 0.3340 0.9627 0.3586 0.0000 795.300 38.147 271.606
2443 0.000000 0 0.7487 0.5727 0.3340 0.9627 0.3586 0.0000 795.298 38.148 271.605
2444 0.000000 0 0.7486 0.5727 0.3340 0.9627 0.3586 0.0000 795.276 38.152 271.593
2445 0.000000 0 0.7486 0.5727 0.3340 0.9627 0.3586 0.0000 795.273 38.153 271.591
2446 0.000000 0 0.7486 0.5727 0.3340 0.9627 0.3586 0.0000 795.251 38.158 271.579
2447 0.000000 0 0.7486 0.5727 0.3340 0.9627 0.3586 0.0000 795.248 38.159 271.578
2448 0.000000 0 0.7486 0.5728 0.3340 0.9627 0.3586 0.0000 795.226 38.165 271.566
2449 0.000000 0 0.7486 0.5728 0.3340 0.9627 0.3586 0.0000 795.224 38.165 271.565
2450 0.000000 0 0.7486 0.5728 0.3340 0.9627 0.3586 0.0000 795.201 38.172 271.553
2451 0.000000 0 0.7486 0.5728 0.3339 0.9627 0.3586 0.0000 795.199 38.172 271.552
2452 0.000000 0 0.7486 0.5728 0.3339 0.9627 0.3586 0.0000 795.176 38.179 271.540
2453 0.000000 0 0.7486 0.5728 0.3339 0.9627 0.3586 0.0000 795.174 38.180 271.539
2454 0.000000 0 0.7485 0.5729 0.3339 0.9627 0.3586 0.0000 795.151 38.187 271.528
2455 0.000000 0 0.7485 0.5729 0.3339 0.9627 0.3586 0.0000 795.149 38.188 271.527
2456 0.000000 0 0.7485 0.5729 0.3339 0.9627 0.3586 0.0000 795.127 38.195 271.515
2457 0.000000 0 0.7485 0.5729 0.3339 0.9627 0.3586 0.0000 795.124 38.196 271.514
2458 0.000000 0 0.7485 0.5729 0.3339 0.9627 0.3586 0.0000 795.102 38.204 271.503
2459 0.000000 0 0.7485 0.5729 0.3339 0.9627 0.3586 0.0000 795.099 38.205 271.502
2460 0.000000 0 0.7485 0.5729 0.3339 0.9627 0.3586 0.0000 795.077 38.213 271.491
2461 0.000000 0 0.7485 0.5729 0.3339 0.9627 0.3586 0.0000 795.074 38.214 271.490
2462 0.000000 0 0.7485 0.5730 0.3339 0.9627 0.3586 0.0000 795.051 38.223 271.479
2463 0.000000 0 0.7485 0.5730 0.3339 0.9627 0.3586 0.0000 795.049 38.224 271.477
2464 0.000000 0 0.7484 0.5730 0.3339 0.9627 0.3586 0.0000 795.026 38.232 271.467
2465 0.000000 0 0.7484 0.5730 0.3339 0.9627 0.3586 0.0000 795.023 38.233 271.465
2466 0.000000 0 0.7484 0.5730 0.3339 0.9627 0.3586 0.0000 795.000 38.241 271.455
2467 0.000000 0 0.7484 0.5730 0.3339 0.9627 0.3586 0.0000 794.997 38.243 271.453
2468 0.000000 0 0.7484 0.5730 0.3339 0.9627 0.3586 0.0000 794.975 38.251 271.443
2469 0.000000 0 0.7484 0.5731 0.3339 0.9627 0.3586 0.0000 794.972 38.251 271.442
2470 0.000000 0 0.7484 0.5731 0.3339 0.9627 0.3586 0.0000 794.949 38.260 271.431
2471 0.000000 0 0.7484 0.5731 0.3339 0.9627 0.3586 0.0000 794.937 38.264 271.425
2472 0.000000 0 0.7484 0.5731 0.3339 0.9627 0.3586 0.0000 794.911 38.272 271.414
2473 0.000000 0 0.7484 0.5731 0.3339 0.9627 0.3586 0.0000 794.908 38.273 271.412
2474 0.000000 0 0.7483 0.5731 0.3339 0.9627 0.3586 0.0000 794.886 38.280 271.402
2475 0.000000 0 0.7483 0.5732 0.3339 0.9627 0.3586 0.0000 794.860 38.288 271.391
2476 0.000000 0 0.7483 0.5732 0.3339 0.9627 0.3586 0.0000 794.857 38.289 271.389
2477 0.000000 0 0.7483 0.5732 0.3339 0.9627 0.3586 0.0000 794.834 38.295 271.379
2478 0.000000 0 0.7483 0.5732 0.3339 0.9627 0.3586 0.0000 794.832 38.296 271.378
2479 0.000000 0 0.7483 0.5732 0.3339 0.9627 0.3586 0.0000 794.809 38.301 271.368
2480 0.000000 0 0.7483 0.5732 0.3339 0.9627 0.3586 0.0000 794.795 38.304 271.361
2481 0.000000 0 0.7483 0.5733 0.3339 0.9627 0.3586 0.0000 794.783 38.307 271.356
2482 0.000000 0 0.7483 0.5733 0.3339 0.9627 0.3586 0.0000 794.771 38.310 271.350
2483 0.000000 0 0.7482 0.5733 0.3339 0.9627 0.3586 0.0000 794.758 38.312 271.344
2484 0.000000 0 0.7482 0.5733 0.3339 0.9627 0.3586 0.0000 794.732 38.317 271.333
2485 0.000000 0 0.7482 0.5733 0.3339 0.9627 0.3586 0.0000 794.730 38.317 271.332
2486 0.000000 0 0.7482 0.5733 0.3339 0.9627 0.3586 0.0000 794.707 38.321 271.321
2487 0.000000 0 0.7482 0.5733 0.3339 0.9627 0.3586 0.0000 794.704 38.322 271.320
2488 0.000000 0 0.7482 0.5734 0.3339 0.9627 0.3586 0.0000 794.681 38.325 271.310
2489 0.000000 0 0.7482 0.5734 0.3339 0.9627 0.3586 0.0000 794.679 38.325 271.309
2490 0.000000 0 0.7482 0.5734 0.3339 0.9627 0.3586 0.0000 794.656 38.329 271.298
2491 0.000000 0 0.7482 0.5734 0.3339 0.9627 0.3586 0.0000 794.654 38.329 271.297
2492 0.000000 0 0.7481 0.5734 0.3339 0.9627 0.3586 0.0000 794.630 38.332 271.286
2493 0.000000 0 0.7481 0.5734 0.3339 0.9627 0.3586 0.0000 794.618 38.334 271.280
2494 0.000000 0 0.7481 0.5735 0.3339 0.9627 0.3586 0.0000 794.592 38.337 271.268
2495 0.000000 0 0.7481 0.5735 0.3339 0.9627 0.3586 0.0000 794.589 38.337 271.267
2496 0.000000 0 0.7481 0.5735 0.3339 0.9627 0.3586 0.0000 794.567 38.340 271.256
2497 0.000000 0 0.7481 0.5735 0.3339 0.9627 0.3586 0.0000 794.565 38.341 271.255
2498 0.000000 0 0.7481 0.5735 0.3339 0.9627 0.3586 0.0000 794.542 38.344 271.244
2499 0.000000 0 0.7481 0.5735 0.3339 0.9627 0.3586 0.0000 794.539 38.344 271.243
2500 0.000000 0 0.7481 0.5736 0.3338 0.9627 0.3586 0.0000 794.517 38.347 271.231
2501 0.000000 0 0.7481 0.5736 0.3338 0.9627 0.3586 0.0000 794.514 38.348 271.230
2502 0.000000 0 0.7480 0.5736 0.3338 0.9627 0.3586 0.0000 794.492 38.352 271.219
2503 0.000000 0 0.7480 0.5736 0.3338 0.9627 0.3586 0.0000 794.489 38.352 271.218
2504 0.000000 0 0.7480 0.5736 0.3338 0.9627 0.3586 0.0000 794.467 38.356 271.206
2505 0.000000 0 0.7480 0.5736 0.3338 0.9627 0.3586 0.0000 794.464 38.356 271.205
2506 0.000000 0 0.7480 0.5736 0.3338 0.9627 0.3586 0.0000 794.442 38.361 271.194
2507 0.000000 0 0.7480 0.5736 0.3338 0.9627 0.3586 0.0000 794.439 38.362 271.192
2508 0.000000 0 0.7480 0.5737 0.3338 0.9627 0.3586 0.0000 794.417 38.367 271.181
2509 0.000000 0 0.7480 0.5737 0.3338 0.9627 0.3586 0.0000 794.414 38.367 271.179
2510 0.000000 0 0.7480 0.5737 0.3338 0.9627 0.3586 0.0000 794.392 38.373 271.168
2511 0.000000 0 0.7480 0.5737 0.3338 0.9627 0.3586 0.0000 794.390 38.373 271.167
2512 0.000000 0 0.7479 0.5737 0.3338 0.9627 0.3586 0.0000 794.368 38.379 271.155
2513 0.000000 0 0.7479 0.5737 0.3338 0.9627 0.3586 0.0000 794.355 38.383 271.148
2514 0.000000 0 0.7479 0.5738 0.3338 0.9627 0.3586 0.0000 794.331 38.390 271.134
2515 0.000000 0 0.7479 0.5738 0.3338 0.9627 0.3586 0.0000 794.322 38.393 271.129
2516 0.000000 0 0.7479 0.5738 0.3338 0.9627 0.3586 0.0000 794.306 38.398 271.121
2517 0.000000 0 0.7479 0.5738 0.3338 0.9627 0.3586 0.0000 794.304 38.399 271.120
2518 0.000000 0 0.7479 0.5738 0.3338 0.9627 0.3586 0.0000 794.282 38.407 271.107
2519 0.000000 0 0.7479 0.5738 0.3338 0.9627 0.3586 0.0000 794.279 38.408 271.106
2520 0.000000 0 0.7478 0.5738 0.3338 0.9627 0.3586 0.0000 794.258 38.415 271.093
2521 0.000000 0 0.7478 0.5738 0.3338 0.9627 0.3586 0.0000 794.255 38.416 271.092
2522 0.000000 0 0.7478 0.5739 0.3338 0.9627 0.3586 0.0000 794.233 38.425 271.079
2523 0.000000 0 0.7478 0.5739 0.3338 0.9627 0.3586 0.0000 794.230 38.426 271.078
2524 0.000000 0 0.7478 0.5739 0.3338 0.9627 0.3586 0.0000 794.209 38.434 271.065
2525 0.000000 0 0.7478 0.5739 0.3338 0.9627 0.3586 0.0000 794.207 38.435 271.064
2526 0.000000 0 0.7478 0.5739 0.3338 0.9627 0.3586 0.0000 794.185 38.443 271.051
2527 0.000000 0 0.7478 0.5739 0.3338 0.9627 0.3586 0.0000 794.183 38.444 271.049
2528 0.000000 0 0.7478 0.5740 0.3338 0.9627 0.3586 0.0000 794.161 38.453 271.036
2529 0.000000 0 0.7478 0.5740 0.3338 0.9627 0.3586 0.0000 794.159 38.453 271.035
2530 0.000000 0 0.7477 0.5740 0.3338 0.9627 0.3586 0.0000 794.137 38.462 271.022
2531 0.000000 0 0.7477 0.5740 0.3338 0.9627 0.3586 0.0000 794.135 38.462 271.021
2532 0.000000 0 0.7477 0.5740 0.3338 0.9627 0.3586 0.0000 794.113 38.471 271.007
2533 0.000000 0 0.7477 0.5740 0.3338 0.9627 0.3586 0.0000 794.111 38.471 271.006
2534 0.000000 0 0.7477 0.5740 0.3338 0.9627 0.3586 0.0000 794.089 38.479 270.993
2535 0.000000 0 0.7477 0.5740 0.3338 0.9627 0.3586 0.0000 794.086 38.480 270.991
2536 0.000000 0 0.7477 0.5741 0.3338 0.9627 0.3586 0.0000 794.065 38.488 270.978
2537 0.000000 0 0.7477 0.5741 0.3338 0.9627 0.3586 0.0000 794.041 38.495 270.963
2538 0.000000 0 0.7477 0.5741 0.3338 0.9627 0.3586 0.0000 794.039 38.496 270.962
2539 0.000000 0 0.7476 0.5741 0.3338 0.9627 0.3586 0.0000 794.018 38.503 270.949
2540 0.000000 0 0.7476 0.5741 0.3338 0.9627 0.3586 0.0000 794.015 38.503 270.947
2541 0.000000 0 0.7476 0.5742 0.3338 0.9627 0.3586 0.0000 793.994 38.509 270.934
2542 0.000000 0 0.7476 0.5742 0.3338 0.9627 0.3586 0.0000 793.991 38.510 270.932
2543 0.000000 0 0.7476 0.5742 0.3338 0.9627 0.3586 0.0000 793.970 38.515 270.919
2544 0.000000 0 0.7476 0.5742 0.3338 0.9627 0.3586 0.0000 793.968 38.516 270.918
2545 0.000000 0 0.7476 0.5742 0.3338 0.9627 0.3586 0.0000 793.946 38.521 270.905
2546 0.000000 0 0.7476 0.5742 0.3338 0.9627 0.3586 0.0000 793.943 38.521 270.903
2547 0.000000 0 0.7476 0.5742 0.3338 0.9627 0.3586 0.0000 793.922 38.526 270.890
2548 0.000000 0 0.7476 0.5742 0.3338 0.9627 0.3586 0.0000 793.921 38.526 270.889
2549 0.000000 0 0.7475 0.5743 0.3338 0.9627 0.3586 0.0000 793.898 38.530 270.875
2550 0.000000 0 0.7475 0.5743 0.3338 0.9627 0.3586 0.0000 793.896 38.531 270.874
2551 0.000000 0 0.7475 0.5743 0.3337 0.9627 0.3586 0.0000 793.875 38.534 270.861
2552 0.000000 0 0.7475 0.5743 0.3337 0.9627 0.3586 0.0000 793.873 38.535 270.860
2553 0.000000 0 0.7475 0.5743 0.3337 0.9627 0.3586 0.0000 793.851 38.538 270.846
2554 0.000000 0 0.7475 0.5743 0.3337 0.9627 0.3586 0.0000 793.849 38.538 270.845
2555 0.000000 0 0.7475 0.5744 0.3337 0.9627 0.3586 0.0000 793.827 38.542 270.832
2556 0.000000 0 0.7475 0.5744 0.3337 0.9627 0.3586 0.0000 793.825 38.542 270.831
2557 0.000000 0 0.7475 0.5744 0.3337 0.9627 0.3586 0.0000 793.803 38.545 270.817
2558 0.000000 0 0.7475 0.5744 0.3337 0.9627 0.3586 0.0000 793.801 38.545 270.816
2559 0.000000 0 0.7475 0.5744 0.3337 0.9627 0.3586 0.0000 793.790 38.547 270.810
2560 0.000000 0 0.7474 0.5744 0.3337 0.9627 0.3586 0.0000 793.778 38.548 270.803
2561 0.000000 0 0.7474 0.5744 0.3337 0.9627 0.3586 0.0000 793.755 38.551 270.789
2562 0.000000 0 0.7474 0.5744 0.3337 0.9627 0.3586 0.0000 793.753 38.552 270.788
2563 0.000000 0 0.7474 0.5745 0.3337 0.9627 0.3586 0.0000 793.730 38.555 270.775
2564 0.000000 0 0.7474 0.5745 0.3337 0.9627 0.3586 0.0000 793.727 38.555 270.773
2565 0.000000 0 0.7474 0.5745 0.3337 0.9627 0.3586 0.0000 793.706 38.559 270.761
2566 0.000000 0 0.7474 0.5745 0.3337 0.9627 0.3586 0.0000 793.694 38.561 270.754
2567 0.000000 0 0.7474 0.5745 0.3337 0.9627 0.3586 0.0000 793.680 38.563 270.746
2568 0.000000 0 0.7473 0.5745 0.3337 0.9627 0.3586 0.0000 793.657 38.567 270.733
2569 0.000000 0 0.7473 0.5746 0.3337 0.9627 0.3586 0.0000 793.655 38.568 270.732
2570 0.000000 0 0.7473 0.5746 0.3337 0.9627 0.3586 0.0000 793.633 38.572 270.720
2571 0.000000 0 0.7473 0.5746 0.3337 0.9627 0.3586 0.0000 793.630 38.573 270.719
2572 0.000000 0 0.7473 0.5746 0.3337 0.9627 0.3586 0.0000 793.606 38.578 270.706
2573 0.000000 0 0.7473 0.5746 0.3337 0.9627 0.3586 0.0000 793.596 38.581 270.700
2574 0.000000 0 0.7473 0.5746 0.3337 0.9627 0.3586 0.0000 793.584 38.584 270.693
2575 0.000000 0 0.7473 0.5746 0.3337 0.9627 0.3586 0.0000 793.571 38.587 270.687
2576 0.000000 0 0.7473 0.5747 0.3337 0.9627 0.3586 0.0000 793.554 38.592 270.678
2577 0.000000 0 0.7472 0.5747 0.3337 0.9627 0.3586 0.0000 793.531 38.599 270.666
2578 0.000000 0 0.7472 0.5747 0.3337 0.9627 0.3586 0.0000 793.510 38.606 270.655
2579 0.000000 0 0.7472 0.5747 0.3337 0.9627 0.3586 0.0000 793.507 38.607 270.654
2580 0.000000 0 0.7472 0.5747 0.3337 0.9627 0.3586 0.0000 793.485 38.614 270.642
2581 0.000000 0 0.7472 0.5747 0.3337 0.9627 0.3586 0.0000 793.482 38.615 270.641
2582 0.000000 0 0.7472 0.5748 0.3337 0.9627 0.3586 0.0000 793.459 38.623 270.630
2583 0.000000 0 0.7472 0.5748 0.3337 0.9627 0.3586 0.0000 793.434 38.632 270.617
2584 0.000000 0 0.7472 0.5748 0.3337 0.9627 0.3586 0.0000 793.432 38.633 270.616
2585 0.000000 0 0.7472 0.5748 0.3337 0.9627 0.3586 0.0000 793.409 38.641 270.605
2586 0.000000 0 0.7471 0.5748 0.3337 0.9627 0.3586 0.0000 793.407 38.642 270.604
2587 0.000000 0 0.7471 0.5749 0.3337 0.9627 0.3586 0.0000 793.384 38.650 270.593
2588 0.000000 0 0.7471 0.5749 0.3337 0.9627 0.3586 0.0000 793.381 38.651 270.592
2589 0.000000 0 0.7471 0.5749 0.3337 0.9627 0.3586 0.0000 793.359 38.660 270.581
2590 0.000000 0 0.7471 0.5749 0.3337 0.9627 0.3586 0.0000 793.333 38.669 270.569
2591 0.000000 0 0.7471 0.5749 0.3337 0.9627 0.3586 0.0000 793.331 38.669 270.568
2592 0.000000 0 0.7471 0.5749 0.3337 0.9627 0.3586 0.0000 793.308 38.678 270.557
2593 0.000000 0 0.7471 0.5749 0.3337 0.9627 0.3586 0.0000 793.306 38.678 270.556
2594 0.000000 0 0.7471 0.5750 0.3337 0.9627 0.3586 0.0000 793.282 38.687 270.546
2595 0.000000 0 0.7470 0.5750 0.3337 0.9627 0.3586 0.0000 793.280 38.687 270.544
2596 0.000000 0 0.7470 0.5750 0.3337 0.9627 0.3586 0.0000 793.257 38.695 270.534
2597 0.000000 0 0.7470 0.5750 0.3337 0.9627 0.3586 0.0000 793.255 38.696 270.533
2598 0.000000 0 0.7470 0.5750 0.3336 0.9627 0.3586 0.0000 793.231 38.703 270.522
2599 0.000000 0 0.7470 0.5750 0.3336 0.9627 0.3586 0.0000 793.229 38.704 270.521
2600 0.000000 0 0.7470 0.5751 0.3336 0.9627 0.3586 0.0000 793.206 38.710 270.511
2601 0.000000 0 0.7470 0.5751 0.3336 0.9627 0.3586 0.0000 793.201 38.712 270.509
2602 0.000000 0 0.7470 0.5751 0.3336 0.9627 0.3586 0.0000 793.180 38.717 270.499
2603 0.000000 0 0.7470 0.5751 0.3336 0.9627 0.3586 0.0000 793.178 38.718 270.498
2604 0.000000 0 0.7470 0.5751 0.3336 0.9627 0.3586 0.0000 793.155 38.724 270.488
2605 0.000000 0 0.7470 0.5751 0.3336 0.9627 0.3586 0.0000 793.152 38.724 270.487
2606 0.000000 0 0.7469 0.5751 0.3336 0.9627 0.3586 0.0000 793.129 38.730 270.476
2607 0.000000 0 0.7469 0.5751 0.3336 0.9627 0.3586 0.0000 793.127 38.730 270.476
2608 0.000000 0 0.7469 0.5752 0.3336 0.9627 0.3586 0.0000 793.104 38.735 270.465
2609 0.000000 0 0.7469 0.5752 0.3336 0.9627 0.3586 0.0000 793.101 38.735 270.464
2610 0.000000 0 0.7469 0.5752 0.3336 0.9627 0.3586 0.0000 793.078 38.740 270.453
2611 0.000000 0 0.7469 0.5752 0.3336 0.9627 0.3586 0.0000 793.076 38.740 270.452
2612 0.000000 0 0.7469 0.5752 0.3336 0.9627 0.3586 0.0000 793.053 38.744 270.442
2613 0.000000 0 0.7469 0.5752 0.3336 0.9627 0.3586 0.0000 793.051 38.744 270.441
2614 0.000000 0 0.7469 0.5752 0.3336 0.9627 0.3586 0.0000 793.027 38.748 270.430
2615 0.000000 0 0.7469 0.5752 0.3336 0.9627 0.3586 0.0000 793.025 38.748 270.429
2616 0.000000 0 0.7468 0.5753 0.3336 0.9627 0.3586 0.0000 793.001 38.751 270.418
2617 0.000000 0 0.7468 0.5753 0.3336 0.9627 0.3586 0.0000 792.999 38.752 270.417
2618 0.000000 0 0.7468 0.5753 0.3336 0.9627 0.3586 0.0000 792.976 38.755 270.406
2619 0.000000 0 0.7468 0.5753 0.3336 0.9627 0.3586 0.0000 792.964 38.756 270.400
2620 0.000000 0 0.7468 0.5753 0.3336 0.9627 0.3586 0.0000 792.938 38.760 270.388
2621 0.000000 0 0.7468 0.5754 0.3336 0.9627 0.3586 0.0000 792.918 38.762 270.379
2622 0.000000 0 0.7468 0.5754 0.3336 0.9627 0.3586 0.0000 792.913 38.763 270.376
2623 0.000000 0 0.7467 0.5754 0.3336 0.9627 0.3586 0.0000 792.888 38.766 270.364
2624 0.000000 0 0.7467 0.5754 0.3336 0.9627 0.3586 0.0000 792.885 38.767 270.363
2625 0.000000 0 0.7467 0.5754 0.3336 0.9627 0.3586 0.0000 792.862 38.770 270.351
2626 0.000000 0 0.7467 0.5754 0.3336 0.9627 0.3586 0.0000 792.859 38.771 270.350
2627 0.000000 0 0.7467 0.5755 0.3336 0.9627 0.3586 0.0000 792.838 38.774 270.339
2628 0.000000 0 0.7467 0.5755 0.3336 0.9627 0.3586 0.0000 792.825 38.776 270.333
2629 0.000000 0 0.7467 0.5755 0.3336 0.9627 0.3586 0.0000 792.823 38.777 270.332
2630 0.000000 0 0.7467 0.5755 0.3336 0.9627 0.3586 0.0000 792.800 38.781 270.320
2631 0.000000 0 0.7467 0.5755 0.3336 0.9627 0.3586 0.0000 792.798 38.782 270.319
2632 0.000000 0 0.7467 0.5755 0.3336 0.9627 0.3586 0.0000 792.775 38.786 270.307
2633 0.000000 0 0.7467 0.5755 0.3336 0.9627 0.3586 0.0000 792.773 38.787 270.306
2634 0.000000 0 0.7466 0.5756 0.3336 0.9627 0.3586 0.0000 792.751 38.792 270.295
2635 0.000000 0 0.7466 0.5756 0.3336 0.9627 0.3586 0.0000 792.749 38.792 270.293
2636 0.000000 0 0.7466 0.5756 0.3336 0.9627 0.3586 0.0000 792.726 38.798 270.281
2637 0.000000 0 0.7466 0.5756 0.3336 0.9627 0.3586 0.0000 792.724 38.799 270.280
2638 0.000000 0 0.7466 0.5756 0.3336 0.9627 0.3586 0.0000 792.702 38.805 270.268
2639 0.000000 0 0.7466 0.5756 0.3336 0.9627 0.3586 0.0000 792.689 38.809 270.261
2640 0.000000 0 0.7466 0.5757 0.3336 0.9627 0.3586 0.0000 792.665 38.817 270.248
2641 0.000000 0 0.7466 0.5757 0.3336 0.9627 0.3586 0.0000 792.662 38.818 270.246
2642 0.000000 0 0.7465 0.5757 0.3336 0.9627 0.3586 0.0000 792.640 38.825 270.234
2643 0.000000 0 0.7465 0.5757 0.3336 0.9627 0.3586 0.0000 792.628 38.829 270.227
2644 0.000000 0 0.7465 0.5757 0.3336 0.9627 0.3586 0.0000 792.625 38.830 270.226
2645 0.000000 0 0.7465 0.5757 0.3336 0.9627 0.3586 0.0000 792.604 38.838 270.214
2646 0.000000 0 0.7465 0.5757 0.3336 0.9627 0.3586 0.0000 792.602 38.839 270.212
2647 0.000000 0 0.7465 0.5758 0.3335 0.9627 0.3586 0.0000 792.579 38.847 270.199
2648 0.000000 0 0.7465 0.5758 0.3335 0.9627 0.3586 0.0000 792.577 38.848 270.198
2649 0.000000 0 0.7465 0.5758 0.3335 0.9627 0.3586 0.0000 792.556 38.856 270.185
2650 0.000000 0 0.7465 0.5758 0.3335 0.9627 0.3586 0.0000 792.544 38.861 270.178
2651 0.000000 0 0.7465 0.5758 0.3335 0.9627 0.3586 0.0000 792.541 38.862 270.177
2652 0.000000 0 0.7464 0.5758 0.3335 0.9627 0.3586 0.0000 792.519 38.870 270.164
2653 0.000000 0 0.7464 0.5758 0.3335 0.9627 0.3586 0.0000 792.516 38.871 270.162
2654 0.000000 0 0.7464 0.5758 0.3335 0.9627 0.3586 0.0000 792.495 38.880 270.149
2655 0.000000 0 0.7464 0.5759 0.3335 0.9627 0.3586 0.0000 792.492 38.881 270.147
2656 0.000000 0 0.7464 0.5759 0.3335 0.9627 0.3586 0.0000 792.472 38.889 270.135
2657 0.000000 0 0.7464 0.5759 0.3335 0.9627 0.3586 0.0000 792.448 38.897 270.120
2658 0.000000 0 0.7464 0.5759 0.3335 0.9627 0.3586 0.0000 792.445 38.898 270.118
2659 0.000000 0 0.7464 0.5759 0.3335 0.9627 0.3586 0.0000 792.424 38.906 270.105
2660 0.000000 0 0.7464 0.5759 0.3335 0.9627 0.3586 0.0000 792.422 38.907 270.104
2661 0.000000 0 0.7463 0.5760 0.3335 0.9627 0.3586 0.0000 792.400 38.914 270.090
2662 0.000000 0 0.7463 0.5760 0.3335 0.9627 0.3586 0.0000 792.388 38.918 270.083
2663 0.000000 0 0.7463 0.5760 0.3335 0.9627 0.3586 0.0000 792.364 38.925 270.068
2664 0.000000 0 0.7463 0.5760 0.3335 0.9627 0.3586 0.0000 792.363 38.925 270.067
2665 0.000000 0 0.7463 0.5760 0.3335 0.9627 0.3586 0.0000 792.341 38.932 270.054
2666 0.000000 0 0.7463 0.5760 0.3335 0.9627 0.3586 0.0000 792.339 38.932 270.052
2667 0.000000 0 0.7463 0.5761 0.3335 0.9627 0.3586 0.0000 792.317 38.938 270.039
2668 0.000000 0 0.7463 0.5761 0.3335 0.9627 0.3586 0.0000 792.315 38.938 270.038
2669 0.000000 0 0.7463 0.5761 0.3335 0.9627 0.3586 0.0000 792.293 38.943 270.024
2670 0.000000 0 0.7463 0.5761 0.3335 0.9627 0.3586 0.0000 792.291 38.944 270.022
2671 0.000000 0 0.7462 0.5761 0.3335 0.9627 0.3586 0.0000 792.269 38.948 270.009
2672 0.000000 0 0.7462 0.5761 0.3335 0.9627 0.3586 0.0000 792.267 38.949 270.008
2673 0.000000 0 0.7462 0.5761 0.3335 0.9627 0.3586 0.0000 792.245 38.953 269.994
2674 0.000000 0 0.7462 0.5762 0.3335 0.9627 0.3586 0.0000 792.221 38.957 269.980
2675 0.000000 0 0.7462 0.5762 0.3335 0.9627 0.3586 0.0000 792.219 38.957 269.978
2676 0.000000 0 0.7462 0.5762 0.3335 0.9627 0.3586 0.0000 792.198 38.961 269.965
2677 0.000000 0 0.7462 0.5762 0.3335 0.9627 0.3586 0.0000 792.185 38.962 269.958
2678 0.000000 0 0.7461 0.5762 0.3335 0.9627 0.3586 0.0000 792.162 38.966 269.943
2679 0.000000 0 0.7461 0.5762 0.3335 0.9627 0.3586 0.0000 792.159 38.966 269.942
2680 0.000000 0 0.7461 0.5763 0.3335 0.9627 0.3586 0.0000 792.138 38.969 269.929
2681 0.000000 0 0.7461 0.5763 0.3335 0.9627 0.3586 0.0000 792.126 38.971 269.922
2682 0.000000 0 0.7461 0.5763 0.3335 0.9627 0.3586 0.0000 792.114 38.972 269.914
2683 0.000000 0 0.7461 0.5763 0.3335 0.9627 0.3586 0.0000 792.101 38.974 269.907
2684 0.000000 0 0.7461 0.5763 0.3335 0.9627 0.3586 0.0000 792.077 38.977 269.893
2685 0.000000 0 0.7461 0.5763 0.3335 0.9627 0.3586 0.0000 792.074 38.978 269.892
2686 0.000000 0 0.7461 0.5764 0.3335 0.9627 0.3586 0.0000 792.053 38.981 269.879
2687 0.000000 0 0.7461 0.5764 0.3335 0.9627 0.3586 0.0000 792.051 38.981 269.878
2688 0.000000 0 0.7460 0.5764 0.3335 0.9627 0.3586 0.0000 792.029 38.985 269.865
2689 0.000000 0 0.7460 0.5764 0.3335 0.9627 0.3586 0.0000 792.027 38.986 269.864
2690 0.000000 0 0.7460 0.5764 0.3335 0.9627 0.3586 0.0000 792.004 38.990 269.852
2691 0.000000 0 0.7460 0.5764 0.3335 0.9627 0.3586 0.0000 792.002 38.990 269.850
2692 0.000000 0 0.7460 0.5764 0.3335 0.9627 0.3586 0.0000 791.980 38.995 269.838
2693 0.000000 0 0.7460 0.5765 0.3335 0.9627 0.3586 0.0000 791.977 38.995 269.836
2694 0.000000 0 0.7460 0.5765 0.3335 0.9627 0.3586 0.0000 791.955 39.000 269.824
2695 0.000000 0 0.7460 0.5765 0.3334 0.9627 0.3586 0.0000 791.931 39.006 269.811
2696 0.000000 0 0.7460 0.5765 0.3334 0.9627 0.3586 0.0000 791.929 39.007 269.810
2697 0.000000 0 0.7459 0.5765 0.3334 0.9627 0.3586 0.0000 791.906 39.013 269.798
2698 0.000000 0 0.7459 0.5765 0.3334 0.9627 0.3586 0.0000 791.904 39.013 269.797
2699 0.000000 0 0.7459 0.5766 0.3334 0.9627 0.3586 0.0000 791.882 39.020 269.785
2700 0.000000 0 0.7459 0.5766 0.3334 0.9627 0.3586 0.0000 791.879 39.020 269.784
2701 0.000000 0 0.7459 0.5766 0.3334 0.9627 0.3586 0.0000 791.856 39.028 269.772
2702 0.000000 0 0.7459 0.5766 0.3334 0.9627 0.3586 0.0000 791.854 39.028 269.771
2703 0.000000 0 0.7459 0.5766 0.3334 0.9627 0.3586 0.0000 791.831 39.036 269.760
2704 0.000000 0 0.7459 0.5766 0.3334 0.9627 0.3586 0.0000 791.819 39.040 269.753
2705 0.000000 0 0.7459 0.5766 0.3334 0.9627 0.3586 0.0000 791.806 39.044 269.747
2706 0.000000 0 0.7458 0.5767 0.3334 0.9627 0.3586 0.0000 791.781 39.053 269.735
2707 0.000000 0 0.7458 0.5767 0.3334 0.9627 0.3586 0.0000 791.778 39.055 269.733
2708 0.000000 0 0.7458 0.5767 0.3334 0.9627 0.3586 0.0000 791.756 39.063 269.723
2709 0.000000 0 0.7458 0.5767 0.3334 0.9627 0.3586 0.0000 791.754 39.063 269.722
2710 0.000000 0 0.7458 0.5767 0.3334 0.9627 0.3586 0.0000 791.731 39.072 269.710
2711 0.000000 0 0.7458 0.5767 0.3334 0.9627 0.3586 0.0000 791.718 39.077 269.704
2712 0.000000 0 0.7458 0.5768 0.3334 0.9627 0.3586 0.0000 791.706 39.081 269.698
2713 0.000000 0 0.7458 0.5768 0.3334 0.9627 0.3586 0.0000 791.681 39.091 269.686
2714 0.000000 0 0.7458 0.5768 0.3334 0.9627 0.3586 0.0000 791.678 39.091 269.685
2715 0.000000 0 0.7457 0.5768 0.3334 0.9627 0.3586 0.0000 791.655 39.100 269.674
2716 0.000000 0 0.7457 0.5768 0.3334 0.9627 0.3586 0.0000 791.653 39.100 269.673
2717 0.000000 0 0.7457 0.5768 0.3334 0.9627 0.3586 0.0000 791.625 39.110 269.660
2718 0.000000 0 0.7457 0.5768 0.3334 0.9627 0.3586 0.0000 791.622 39.111 269.659
2719 0.000000 0 0.7457 0.5769 0.3334 0.9627 0.3586 0.0000 791.604 39.117 269.651
2720 0.000000 0 0.7457 0.5769 0.3334 0.9627 0.3586 0.0000 791.578 39.125 269.639
2721 0.000000 0 0.7457 0.5769 0.3334 0.9627 0.3586 0.0000 791.576 39.126 269.638
2722 0.000000 0 0.7457 0.5769 0.3334 0.9627 0.3586 0.0000 791.554 39.133 269.628
2723 0.000000 0 0.7457 0.5769 0.3334 0.9627 0.3586 0.0000 791.551 39.133 269.626
2724 0.000000 0 0.7456 0.5770 0.3334 0.9627 0.3586 0.0000 791.528 39.140 269.616
2725 0.000000 0 0.7456 0.5770 0.3334 0.9627 0.3586 0.0000 791.526 39.140 269.615
2726 0.000000 0 0.7456 0.5770 0.3334 0.9627 0.3586 0.0000 791.503 39.146 269.604
2727 0.000000 0 0.7456 0.5770 0.3334 0.9627 0.3586 0.0000 791.477 39.152 269.593
2728 0.000000 0 0.7456 0.5770 0.3334 0.9627 0.3586 0.0000 791.472 39.153 269.590
2729 0.000000 0 0.7456 0.5770 0.3334 0.9627 0.3586 0.0000 791.450 39.158 269.580
2730 0.000000 0 0.7456 0.5770 0.3334 0.9627 0.3586 0.0000 791.447 39.158 269.579
2731 0.000000 0 0.7456 0.5771 0.3334 0.9627 0.3586 0.0000 791.426 39.162 269.569
2732 0.000000 0 0.7455 0.5771 0.3334 0.9627 0.3586 0.0000 791.401 39.166 269.557
2733 0.000000 0 0.7455 0.5771 0.3334 0.9627 0.3586 0.0000 791.399 39.167 269.556
2734 0.000000 0 0.7455 0.5771 0.3334 0.9627 0.3586 0.0000 791.375 39.170 269.545
2735 0.000000 0 0.7455 0.5771 0.3334 0.9627 0.3586 0.0000 791.350 39.174 269.534
2736 0.000000 0 0.7455 0.5772 0.3334 0.9627 0.3586 0.0000 791.348 39.174 269.533
2737 0.000000 0 0.7455 0.5772 0.3334 0.9627 0.3586 0.0000 791.325 39.177 269.522
2738 0.000000 0 0.7455 0.5772 0.3334 0.9627 0.3586 0.0000 791.322 39.177 269.521
2739 0.000000 0 0.7455 0.5772 0.3334 0.9627 0.3586 0.0000 791.299 39.180 269.510
2740 0.000000 0 0.7455 0.5772 0.3334 0.9627 0.3586 0.0000 791.296 39.180 269.508
2741 0.000000 0 0.7454 0.5772 0.3333 0.9627 0.3586 0.0000 791.274 39.183 269.498
2742 0.000000 0 0.7454 0.5772 0.3333 0.9627 0.3586 0.0000 791.272 39.184 269.496
2743 0.000000 0 0.7454 0.5773 0.3333 0.9627 0.3586 0.0000 791.247 39.187 269.485
2744 0.000000 0 0.7454 0.5773 0.3333 0.9627 0.3586 0.0000 791.245 39.187 269.483
2745 0.000000 0 0.7454 0.5773 0.3333 0.9627 0.3586 0.0000 791.224 39.190 269.473
2746 0.000000 0 0.7454 0.5773 0.3333 0.9627 0.3586 0.0000 791.198 39.194 269.460
2747 0.000000 0 0.7454 0.5773 0.3333 0.9627 0.3586 0.0000 791.195 39.195 269.459
2748 0.000000 0 0.7454 0.5773 0.3333 0.9627 0.3586 0.0000 791.174 39.198 269.448
2749 0.000000 0 0.7454 0.5773 0.3333 0.9627 0.3586 0.0000 791.172 39.199 269.447
2750 0.000000 0 0.7453 0.5774 0.3333 0.9627 0.3586 0.0000 791.149 39.203 269.435
2751 0.000000 0 0.7453 0.5774 0.3333 0.9627 0.3586 0.0000 791.147 39.204 269.434
2752 0.000000 0 0.7453 0.5774 0.3333 0.9627 0.3586 0.0000 791.124 39.208 269.422
2753 0.000000 0 0.7453 0.5774 0.3333 0.9627 0.3586 0.0000 791.112 39.211 269.416
2754 0.000000 0 0.7453 0.5774 0.3333 0.9627 0.3586 0.0000 791.087 39.217 269.403
2755 0.000000 0 0.7453 0.5774 0.3333 0.9627 0.3586 0.0000 791.080 39.219 269.399
2756 0.000000 0 0.7453 0.5775 0.3333 0.9627 0.3586 0.0000 791.075 39.220 269.396
2757 0.000000 0 0.7453 0.5775 0.3333 0.9627 0.3586 0.0000 791.050 39.227 269.383
2758 0.000000 0 0.7453 0.5775 0.3333 0.9627 0.3586 0.0000 791.047 39.228 269.381
2759 0.000000 0 0.7452 0.5775 0.3333 0.9627 0.3586 0.0000 791.026 39.235 269.369
2760 0.000000 0 0.7452 0.5775 0.3333 0.9627 0.3586 0.0000 791.023 39.236 269.368
2761 0.000000 0 0.7452 0.5775 0.3333 0.9627 0.3586 0.0000 791.001 39.243 269.356
2762 0.000000 0 0.7452 0.5775 0.3333 0.9627 0.3586 0.0000 790.999 39.244 269.354
2763 0.000000 0 0.7452 0.5776 0.3333 0.9627 0.3586 0.0000 790.977 39.251 269.342
2764 0.000000 0 0.7452 0.5776 0.3333 0.9627 0.3586 0.0000 790.974 39.252 269.340
2765 0.000000 0 0.7452 0.5776 0.3333 0.9627 0.3586 0.0000 790.952 39.260 269.328
2766 0.000000 0 0.7452 0.5776 0.3333 0.9627 0.3586 0.0000 790.950 39.261 269.326
2767 0.000000 0 0.7452 0.5776 0.3333 0.9627 0.3586 0.0000 790.928 39.269 269.314
2768 0.000000 0 0.7452 0.5776 0.3333 0.9627 0.3586 0.0000 790.926 39.270 269.312
2769 0.000000 0 0.7451 0.5777 0.3333 0.9627 0.3586 0.0000 790.904 39.278 269.300
2770 0.000000 0 0.7451 0.5777 0.3333 0.9627 0.3586 0.0000 790.903 39.279 269.299
2771 0.000000 0 0.7451 0.5777 0.3333 0.9627 0.3586 0.0000 790.880 39.288 269.285
2772 0.000000 0 0.7451 0.5777 0.3333 0.9627 0.3586 0.0000 790.878 39.289 269.284
2773 0.000000 0 0.7451 0.5777 0.3333 0.9627 0.3586 0.0000 790.856 39.297 269.271
2774 0.000000 0 0.7451 0.5777 0.3333 0.9627 0.3586 0.0000 790.853 39.298 269.269
2775 0.000000 0 0.7451 0.5777 0.3333 0.9627 0.3586 0.0000 790.832 39.306 269.257
2776 0.000000 0 0.7451 0.5777 0.3333 0.9627 0.3586 0.0000 790.831 39.307 269.256
2777 0.000000 0 0.7451 0.5778 0.3333 0.9627 0.3586 0.0000 790.808 39.315 269.242
2778 0.000000 0 0.7450 0.5778 0.3333 0.9627 0.3586 0.0000 790.785 39.324 269.227
2779 0.000000 0 0.7450 0.5778 0.3333 0.9627 0.3586 0.0000 790.783 39.325 269.226
2780 0.000000 0 0.7450 0.5778 0.3333 0.9627 0.3586 0.0000 790.760 39.332 269.212
2781 0.000000 0 0.7450 0.5778 0.3333 0.9627 0.3586 0.0000 790.758 39.333 269.211
2782 0.000000 0 0.7450 0.5778 0.3333 0.9627 0.3586 0.0000 790.737 39.340 269.198
2783 0.000000 0 0.7450 0.5778 0.3333 0.9627 0.3586 0.0000 790.735 39.341 269.197
2784 0.000000 0 0.7450 0.5779 0.3333 0.9627 0.3586 0.0000 790.712 39.348 269.183
2785 0.000000 0 0.7450 0.5779 0.3333 0.9627 0.3586 0.0000 790.710 39.348 269.181
2786 0.000000 0 0.7450 0.5779 0.3333 0.9627 0.3586 0.0000 790.689 39.354 269.168
2787 0.000000 0 0.7450 0.5779 0.3333 0.9627 0.3586 0.0000 790.687 39.355 269.167
2788 0.000000 0 0.7449 0.5779 0.3333 0.9627 0.3586 0.0000 790.665 39.360 269.154
2789 0.000000 0 0.7449 0.5779 0.3333 0.9627 0.3586 0.0000 790.663 39.361 269.152
2790 0.000000 0 0.7449 0.5780 0.3332 0.9627 0.3586 0.0000 790.642 39.366 269.139
2791 0.000000 0 0.7449 0.5780 0.3332 0.9627 0.3586 0.0000 790.640 39.366 269.137
2792 0.000000 0 0.7449 0.5780 0.3332 0.9627 0.3586 0.0000 790.618 39.371 269.124
2793 0.000000 0 0.7449 0.5780 0.3332 0.9627 0.3586 0.0000 790.615 39.371 269.122
2794 0.000000 0 0.7449 0.5780 0.3332 0.9627 0.3586 0.0000 790.594 39.375 269.109
2795 0.000000 0 0.7449 0.5780 0.3332 0.9627 0.3586 0.0000 790.592 39.376 269.108
2796 0.000000 0 0.7449 0.5780 0.3332 0.9627 0.3586 0.0000 790.570 39.380 269.095
2797 0.000000 0 0.7449 0.5780 0.3332 0.9627 0.3586 0.0000 790.568 39.380 269.093
2798 0.000000 0 0.7448 0.5781 0.3332 0.9627 0.3586 0.0000 790.546 39.383 269.080
2799 0.000000 0 0.7448 0.5781 0.3332 0.9627 0.3586 0.0000 790.544 39.384 269.079
2800 0.000000 0 0.7448 0.5781 0.3332 0.9627 0.3586 0.0000 790.522 39.387 269.065
2801 0.000000 0 0.7448 0.5781 0.3332 0.9627 0.3586 0.0000 790.520 39.387 269.064
2802 0.000000 0 0.7448 0.5781 0.3332 0.9627 0.3586 0.0000 790.493 39.391 269.048
2803 0.000000 0 0.7448 0.5781 0.3332 0.9627 0.3586 0.0000 790.492 39.391 269.047
2804 0.000000 0 0.7448 0.5782 0.3332 0.9627 0.3586 0.0000 790.474 39.393 269.036
2805 0.000000 0 0.7448 0.5782 0.3332 0.9627 0.3586 0.0000 790.450 39.397 269.022
2806 0.000000 0 0.7448 0.5782 0.3332 0.9627 0.3586 0.0000 790.448 39.397 269.021
2807 0.000000 0 0.7447 0.5782 0.3332 0.9627 0.3586 0.0000 790.426 39.400 269.008
2808 0.000000 0 0.7447 0.5782 0.3332 0.9627 0.3586 0.0000 790.424 39.401 269.007
2809 0.000000 0 0.7447 0.5782 0.3332 0.9627 0.3586 0.0000 790.401 39.404 268.994
2810 0.000000 0 0.7447 0.5782 0.3332 0.9627 0.3586 0.0000 790.399 39.404 268.993
2811 0.000000 0 0.7447 0.5783 0.3332 0.9627 0.3586 0.0000 790.377 39.408 268.980
2812 0.000000 0 0.7447 0.5783 0.3332 0.9627 0.3586 0.0000 790.375 39.408 268.979
2813 0.000000 0 0.7447 0.5783 0.3332 0.9627 0.3586 0.0000 790.353 39.412 268.967
2814 0.000000 0 0.7447 0.5783 0.3332 0.9627 0.3586 0.0000 790.350 39.413 268.965
2815 0.000000 0 0.7447 0.5783 0.3332 0.9627 0.3586 0.0000 790.328 39.417 268.953
2816 0.000000 0 0.7446 0.5783 0.3332 0.9627 0.3586 0.0000 790.304 39.423 268.939
2817 0.000000 0 0.7446 0.5784 0.3332 0.9627 0.3586 0.0000 790.301 39.424 268.938
2818 0.000000 0 0.7446 0.5784 0.3332 0.9627 0.3586 0.0000 790.279 39.429 268.926
2819 0.000000 0 0.7446 0.5784 0.3332 0.9627 0.3586 0.0000 790.277 39.429 268.925
2820 0.000000 0 0.7446 0.5784 0.3332 0.9627 0.3586 0.0000 790.255 39.436 268.913
2821 0.000000 0 0.7446 0.5784 0.3332 0.9627 0.3586 0.0000 790.252 39.436 268.912
2822 0.000000 0 0.7446 0.5784 0.3332 0.9627 0.3586 0.0000 790.230 39.443 268.900
2823 0.000000 0 0.7446 0.5784 0.3332 0.9627 0.3586 0.0000 790.228 39.443 268.899
2824 0.000000 0 0.7445 0.5785 0.3332 0.9627 0.3586 0.0000 790.169 39.462 268.869
2825 0.000000 0 0.7445 0.5785 0.3332 0.9627 0.3586 0.0000 790.166 39.463 268.868
2826 0.000000 0 0.7445 0.5785 0.3332 0.9627 0.3586 0.0000 790.142 39.472 268.856
2827 0.000000 0 0.7445 0.5785 0.3332 0.9627 0.3586 0.0000 790.140 39.473 268.855
2828 0.000000 0 0.7445 0.5786 0.3332 0.9627 0.3586 0.0000 790.117 39.481 268.844
2829 0.000000 0 0.7445 0.5786 0.3332 0.9627 0.3586 0.0000 790.115 39.482 268.843
2830 0.000000 0 0.7445 0.5786 0.3332 0.9627 0.3586 0.0000 790.092 39.490 268.831
2831 0.000000 0 0.7445 0.5786 0.3332 0.9627 0.3586 0.0000 790.090 39.491 268.830
2832 0.000000 0 0.7445 0.5786 0.3332 0.9627 0.3586 0.0000 790.067 39.499 268.819
2833 0.000000 0 0.7445 0.5786 0.3332 0.9627 0.3586 0.0000 790.064 39.500 268.818
2834 0.000000 0 0.7444 0.5786 0.3332 0.9627 0.3586 0.0000 790.042 39.509 268.807
2835 0.000000 0 0.7444 0.5786 0.3332 0.9627 0.3586 0.0000 790.039 39.510 268.806
2836 0.000000 0 0.7444 0.5787 0.3332 0.9627 0.3586 0.0000 790.028 39.514 268.801
2837 0.000000 0 0.7444 0.5787 0.3332 0.9627 0.3586 0.0000 790.003 39.523 268.789
2838 0.000000 0 0.7444 0.5787 0.3332 0.9627 0.3586 0.0000 790.000 39.524 268.788
2839 0.000000 0 0.7444 0.5787 0.3331 0.9627 0.3586 0.0000 789.978 39.531 268.778
2840 0.000000 0 0.7444 0.5787 0.3331 0.9627 0.3586 0.0000 789.953 39.540 268.766
2841 0.000000 0 0.7444 0.5787 0.3331 0.9627 0.3586 0.0000 789.950 39.541 268.764
2842 0.000000 0 0.7443 0.5788 0.3331 0.9627 0.3586 0.0000 789.927 39.548 268.754
2843 0.000000 0 0.7443 0.5788 0.3331 0.9627 0.3586 0.0000 789.902 39.555 268.743
2844 0.000000 0 0.7443 0.5788 0.3331 0.9627 0.3586 0.0000 789.899 39.556 268.741
2845 0.000000 0 0.7443 0.5788 0.3331 0.9627 0.3586 0.0000 789.876 39.562 268.731
2846 0.000000 0 0.7443 0.5789 0.3331 0.9627 0.3586 0.0000 789.851 39.569 268.719
2847 0.000000 0 0.7443 0.5789 0.3331 0.9627 0.3586 0.0000 789.848 39.569 268.718
2848 0.000000 0 0.7443 0.5789 0.3331 0.9627 0.3586 0.0000 789.825 39.575 268.708
2849 0.000000 0 0.7442 0.5789 0.3331 0.9627 0.3586 0.0000 789.800 39.580 268.696
2850 0.000000 0 0.7442 0.5789 0.3331 0.9627 0.3586 0.0000 789.797 39.580 268.695
2851 0.000000 0 0.7442 0.5789 0.3331 0.9627 0.3586 0.0000 789.774 39.585 268.685
2852 0.000000 0 0.7442 0.5789 0.3331 0.9627 0.3586 0.0000 789.772 39.585 268.683
2853 0.000000 0 0.7442 0.5790 0.3331 0.9627 0.3586 0.0000 789.749 39.589 268.673
2854 0.000000 0 0.7442 0.5790 0.3331 0.9627 0.3586 0.0000 789.745 39.590 268.671
2855 0.000000 0 0.7442 0.5790 0.3331 0.9627 0.3586 0.0000 789.723 39.593 268.661
2856 0.000000 0 0.7442 0.5790 0.3331 0.9627 0.3586 0.0000 789.721 39.593 268.660
2857 0.000000 0 0.7442 0.5790 0.3331 0.9627 0.3586 0.0000 789.698 39.597 268.649
2858 0.000000 0 0.7442 0.5790 0.3331 0.9627 0.3586 0.0000 789.696 39.597 268.648
2859 0.000000 0 0.7441 0.5790 0.3331 0.9627 0.3586 0.0000 789.672 39.600 268.637
2860 0.000000 0 0.7441 0.5790 0.3331 0.9627 0.3586 0.0000 789.670 39.600 268.636
2861 0.000000 0 0.7441 0.5791 0.3331 0.9627 0.3586 0.0000 789.659 39.602 268.631
2862 0.000000 0 0.7441 0.5791 0.3331 0.9627 0.3586 0.0000 789.647 39.603 268.625
2863 0.000000 0 0.7441 0.5791 0.3331 0.9627 0.3586 0.0000 789.622 39.607 268.613
2864 0.000000 0 0.7441 0.5791 0.3331 0.9627 0.3586 0.0000 789.620 39.607 268.612
2865 0.000000 0 0.7441 0.5791 0.3331 0.9627 0.3586 0.0000 789.597 39.610 268.601
2866 0.000000 0 0.7441 0.5791 0.3331 0.9627 0.3586 0.0000 789.594 39.610 268.600
2867 0.000000 0 0.7441 0.5792 0.3331 0.9627 0.3586 0.0000 789.571 39.613 268.589
2868 0.000000 0 0.7441 0.5792 0.3331 0.9627 0.3586 0.0000 789.559 39.615 268.583
2869 0.000000 0 0.7440 0.5792 0.3331 0.9627 0.3586 0.0000 789.534 39.619 268.570
2870 0.000000 0 0.7440 0.5792 0.3331 0.9627 0.3586 0.0000 789.531 39.620 268.569
2871 0.000000 0 0.7440 0.5792 0.3331 0.9627 0.3586 0.0000 789.509 39.624 268.557
2872 0.000000 0 0.7440 0.5792 0.3331 0.9627 0.3586 0.0000 789.507 39.624 268.556
2873 0.000000 0 0.7440 0.5793 0.3331 0.9627 0.3586 0.0000 789.484 39.629 268.544
2874 0.000000 0 0.7440 0.5793 0.3331 0.9627 0.3586 0.0000 789.482 39.629 268.543
2875 0.000000 0 0.7440 0.5793 0.3331 0.9627 0.3586 0.0000 789.459 39.634 268.531
2876 0.000000 0 0.7440 0.5793 0.3331 0.9627 0.3586 0.0000 789.457 39.635 268.530
2877 0.000000 0 0.7440 0.5793 0.3331 0.9627 0.3586 0.0000 789.435 39.640 268.518
2878 0.000000 0 0.7440 0.5793 0.3331 0.9627 0.3586 0.0000 789.432 39.641 268.517
2879 0.000000 0 0.7439 0.5793 0.3331 0.9627 0.3586 0.0000 789.410 39.647 268.505
2880 0.000000 0 0.7439 0.5793 0.3331 0.9627 0.3586 0.0000 789.408 39.648 268.504
2881 0.000000 0 0.7439 0.5794 0.3331 0.9627 0.3586 0.0000 789.385 39.654 268.492
2882 0.000000 0 0.7439 0.5794 0.3331 0.9627 0.3586 0.0000 789.383 39.655 268.491
2883 0.000000 0 0.7439 0.5794 0.3331 0.9627 0.3586 0.0000 789.361 39.662 268.478
2884 0.000000 0 0.7439 0.5794 0.3331 0.9627 0.3586 0.0000 789.359 39.663 268.477
2885 0.000000 0 0.7439 0.5794 0.3331 0.9627 0.3586 0.0000 789.337 39.670 268.465
2886 0.000000 0 0.7439 0.5794 0.3330 0.9627 0.3586 0.0000 789.334 39.671 268.463
2887 0.000000 0 0.7439 0.5794 0.3330 0.9627 0.3586 0.0000 789.312 39.679 268.451
2888 0.000000 0 0.7438 0.5795 0.3330 0.9627 0.3586 0.0000 789.300 39.683 268.444
2889 0.000000 0 0.7438 0.5795 0.3330 0.9627 0.3586 0.0000 789.276 39.692 268.430
2890 0.000000 0 0.7438 0.5795 0.3330 0.9627 0.3586 0.0000 789.274 39.693 268.428
2891 0.000000 0 0.7438 0.5795 0.3330 0.9627 0.3586 0.0000 789.252 39.701 268.416
2892 0.000000 0 0.7438 0.5795 0.3330 0.9627 0.3586 0.0000 789.250 39.702 268.414
2893 0.000000 0 0.7438 0.5795 0.3330 0.9627 0.3586 0.0000 789.228 39.711 268.401
2894 0.000000 0 0.7438 0.5796 0.3330 0.9627 0.3586 0.0000 789.225 39.712 268.400
2895 0.000000 0 0.7438 0.5796 0.3330 0.9627 0.3586 0.0000 789.204 39.721 268.387
2896 0.000000 0 0.7438 0.5796 0.3330 0.9627 0.3586 0.0000 789.202 39.722 268.386
2897 0.000000 0 0.7437 0.5796 0.3330 0.9627 0.3586 0.0000 789.180 39.730 268.373
2898 0.000000 0 0.7437 0.5796 0.3330 0.9627 0.3586 0.0000 789.156 39.739 268.358
2899 0.000000 0 0.7437 0.5796 0.3330 0.9627 0.3586 0.0000 789.154 39.739 268.357
2900 0.000000 0 0.7437 0.5797 0.3330 0.9627 0.3586 0.0000 789.132 39.747 268.343
2901 0.000000 0 0.7437 0.5797 0.3330 0.9627 0.3586 0.0000 789.130 39.748 268.342
2902 0.000000 0 0.7437 0.5797 0.3330 0.9627 0.3586 0.0000 789.108 39.755 268.329
2903 0.000000 0 0.7437 0.5797 0.3330 0.9627 0.3586 0.0000 789.107 39.756 268.328
2904 0.000000 0 0.7437 0.5797 0.3330 0.9627 0.3586 0.0000 789.084 39.763 268.314
2905 0.000000 0 0.7437 0.5797 0.3330 0.9627 0.3586 0.0000 789.082 39.764 268.313
2906 0.000000 0 0.7436 0.5797 0.3330 0.9627 0.3586 0.0000 789.060 39.770 268.299
2907 0.000000 0 0.7436 0.5797 0.3330 0.9627 0.3586 0.0000 789.058 39.771 268.298
2908 0.000000 0 0.7436 0.5798 0.3330 0.9627 0.3586 0.0000 789.037 39.777 268.284
2909 0.000000 0 0.7436 0.5798 0.3330 0.9627 0.3586 0.0000 789.034 39.778 268.283
2910 0.000000 0 0.7436 0.5798 0.3330 0.9627 0.3586 0.0000 789.013 39.783 268.270
2911 0.000000 0 0.7436 0.5798 0.3330 0.9627 0.3586 0.0000 789.011 39.784 268.268
2912 0.000000 0 0.7436 0.5798 0.3330 0.9627 0.3586 0.0000 788.989 39.789 268.255
2913 0.000000 0 0.7436 0.5799 0.3330 0.9627 0.3586 0.0000 788.967 39.793 268.241
2914 0.000000 0 0.7436 0.5799 0.3330 0.9627 0.3586 0.0000 788.965 39.794 268.240
2915 0.000000 0 0.7435 0.5799 0.3330 0.9627 0.3586 0.0000 788.941 39.798 268.225
2916 0.000000 0 0.7435 0.5799 0.3330 0.9627 0.3586 0.0000 788.940 39.799 268.224
2917 0.000000 0 0.7435 0.5799 0.3330 0.9627 0.3586 0.0000 788.918 39.802 268.210
2918 0.000000 0 0.7435 0.5799 0.3330 0.9627 0.3586 0.0000 788.916 39.803 268.209
2919 0.000000 0 0.7435 0.5799 0.3330 0.9627 0.3586 0.0000 788.893 39.806 268.196
2920 0.000000 0 0.7435 0.5799 0.3330 0.9627 0.3586 0.0000 788.891 39.807 268.194
2921 0.000000 0 0.7435 0.5800 0.3330 0.9627 0.3586 0.0000 788.870 39.810 268.181
2922 0.000000 0 0.7435 0.5800 0.3330 0.9627 0.3586 0.0000 788.867 39.810 268.180
2923 0.000000 0 0.7435 0.5800 0.3330 0.9627 0.3586 0.0000 788.846 39.813 268.167
2924 0.000000 0 0.7435 0.5800 0.3330 0.9627 0.3586 0.0000 788.844 39.813 268.165
2925 0.000000 0 0.7434 0.5800 0.3330 0.9627 0.3586 0.0000 788.822 39.816 268.152
2926 0.000000 0 0.7434 0.5800 0.3330 0.9627 0.3586 0.0000 788.819 39.817 268.151
2927 0.000000 0 0.7434 0.5800 0.3330 0.9627 0.3586 0.0000 788.797 39.820 268.138
2928 0.000000 0 0.7434 0.5801 0.3330 0.9627 0.3586 0.0000 788.785 39.821 268.131
2929 0.000000 0 0.7434 0.5801 0.3330 0.9627 0.3586 0.0000 788.761 39.825 268.117
2930 0.000000 0 0.7434 0.5801 0.3330 0.9627 0.3586 0.0000 788.758 39.825 268.115
2931 0.000000 0 0.7434 0.5801 0.3330 0.9627 0.3586 0.0000 788.737 39.829 268.103
2932 0.000000 0 0.7434 0.5801 0.3330 0.9627 0.3586 0.0000 788.713 39.833 268.089
2933 0.000000 0 0.7434 0.5801 0.3330 0.9627 0.3586 0.0000 788.711 39.833 268.088
2934 0.000000 0 0.7433 0.5802 0.3329 0.9627 0.3586 0.0000 788.688 39.838 268.075
2935 0.000000 0 0.7433 0.5802 0.3329 0.9627 0.3586 0.0000 788.676 39.840 268.069
2936 0.000000 0 0.7433 0.5802 0.3329 0.9627 0.3586 0.0000 788.651 39.846 268.055
2937 0.000000 0 0.7433 0.5802 0.3329 0.9627 0.3586 0.0000 788.649 39.846 268.054
2938 0.000000 0 0.7433 0.5802 0.3329 0.9627 0.3586 0.0000 788.639 39.849 268.049
2939 0.000000 0 0.7433 0.5803 0.3329 0.9627 0.3586 0.0000 788.615 39.855 268.036
2940 0.000000 0 0.7433 0.5803 0.3329 0.9627 0.3586 0.0000 788.612 39.856 268.034
2941 0.000000 0 0.7433 0.5803 0.3329 0.9627 0.3586 0.0000 788.590 39.862 268.022
2942 0.000000 0 0.7433 0.5803 0.3329 0.9627 0.3586 0.0000 788.588 39.862 268.021
2943 0.000000 0 0.7432 0.5803 0.3329 0.9627 0.3586 0.0000 788.565 39.869 268.010
2944 0.000000 0 0.7432 0.5803 0.3329 0.9627 0.3586 0.0000 788.563 39.870 268.008
2945 0.000000 0 0.7432 0.5803 0.3329 0.9627 0.3586 0.0000 788.540 39.877 267.997
2946 0.000000 0 0.7432 0.5803 0.3329 0.9627 0.3586 0.0000 788.538 39.878 267.996
2947 0.000000 0 0.7432 0.5804 0.3329 0.9627 0.3586 0.0000 788.515 39.886 267.984
2948 0.000000 0 0.7432 0.5804 0.3329 0.9627 0.3586 0.0000 788.513 39.886 267.983
2949 0.000000 0 0.7432 0.5804 0.3329 0.9627 0.3586 0.0000 788.503 39.890 267.978
2950 0.000000 0 0.7432 0.5804 0.3329 0.9627 0.3586 0.0000 788.477 39.899 267.965
2951 0.000000 0 0.7432 0.5804 0.3329 0.9627 0.3586 0.0000 788.475 39.900 267.964
2952 0.000000 0 0.7431 0.5804 0.3329 0.9627 0.3586 0.0000 788.452 39.908 267.953
2953 0.000000 0 0.7431 0.5804 0.3329 0.9627 0.3586 0.0000 788.450 39.909 267.952
2954 0.000000 0 0.7431 0.5805 0.3329 0.9627 0.3586 0.0000 788.427 39.917 267.941
2955 0.000000 0 0.7431 0.5805 0.3329 0.9627 0.3586 0.0000 788.425 39.918 267.940
2956 0.000000 0 0.7431 0.5805 0.3329 0.9627 0.3586 0.0000 788.402 39.927 267.929
2957 0.000000 0 0.7431 0.5805 0.3329 0.9627 0.3586 0.0000 788.400 39.928 267.928
2958 0.000000 0 0.7431 0.5805 0.3329 0.9627 0.3586 0.0000 788.377 39.936 267.917
2959 0.000000 0 0.7431 0.5805 0.3329 0.9627 0.3586 0.0000 788.374 39.937 267.916
2960 0.000000 0 0.7431 0.5805 0.3329 0.9627 0.3586 0.0000 788.351 39.945 267.905
2961 0.000000 0 0.7430 0.5806 0.3329 0.9627 0.3586 0.0000 788.326 39.954 267.893
2962 0.000000 0 0.7430 0.5806 0.3329 0.9627 0.3586 0.0000 788.323 39.955 267.892
2963 0.000000 0 0.7430 0.5806 0.3329 0.9627 0.3586 0.0000 788.300 39.963 267.882
2964 0.000000 0 0.7430 0.5806 0.3329 0.9627 0.3586 0.0000 788.298 39.963 267.881
2965 0.000000 0 0.7430 0.5806 0.3329 0.9627 0.3586 0.0000 788.275 39.971 267.870
2966 0.000000 0 0.7430 0.5806 0.3329 0.9627 0.3586 0.0000 788.272 39.971 267.869
2967 0.000000 0 0.7430 0.5807 0.3329 0.9627 0.3586 0.0000 788.249 39.978 267.858
2968 0.000000 0 0.7430 0.5807 0.3329 0.9627 0.3586 0.0000 788.246 39.979 267.857
2969 0.000000 0 0.7430 0.5807 0.3329 0.9627 0.3586 0.0000 788.224 39.985 267.846
2970 0.000000 0 0.7429 0.5807 0.3329 0.9627 0.3586 0.0000 788.198 39.992 267.835
2971 0.000000 0 0.7429 0.5807 0.3329 0.9627 0.3586 0.0000 788.195 39.992 267.834
2972 0.000000 0 0.7429 0.5807 0.3329 0.9627 0.3586 0.0000 788.173 39.998 267.823
2973 0.000000 0 0.7429 0.5807 0.3329 0.9627 0.3586 0.0000 788.171 39.998 267.823
2974 0.000000 0 0.7429 0.5808 0.3329 0.9627 0.3586 0.0000 788.147 40.003 267.812
2975 0.000000 0 0.7429 0.5808 0.3329 0.9627 0.3586 0.0000 788.145 40.003 267.811
2976 0.000000 0 0.7429 0.5808 0.3329 0.9627 0.3586 0.0000 788.122 40.008 267.800
2977 0.000000 0 0.7429 0.5808 0.3329 0.9627 0.3586 0.0000 788.096 40.012 267.789
2978 0.000000 0 0.7429 0.5808 0.3329 0.9627 0.3586 0.0000 788.094 40.012 267.788
2979 0.000000 0 0.7428 0.5809 0.3329 0.9627 0.3586 0.0000 788.071 40.016 267.777
2980 0.000000 0 0.7428 0.5809 0.3329 0.9627 0.3586 0.0000 788.069 40.016 267.776
2981 0.000000 0 0.7428 0.5809 0.3329 0.9627 0.3586 0.0000 788.045 40.020 267.765
2982 0.000000 0 0.7428 0.5809 0.3329 0.9627 0.3586 0.0000 788.043 40.020 267.764
2983 0.000000 0 0.7428 0.5809 0.3328 0.9627 0.3586 0.0000 788.020 40.023 267.753
2984 0.000000 0 0.7428 0.5809 0.3328 0.9627 0.3586 0.0000 788.016 40.024 267.751
2985 0.000000 0 0.7428 0.5809 0.3328 0.9627 0.3586 0.0000 787.995 40.026 267.741
2986 0.000000 0 0.7428 0.5809 0.3328 0.9627 0.3586 0.0000 787.993 40.027 267.740
2987 0.000000 0 0.7428 0.5810 0.3328 0.9627 0.3586 0.0000 787.969 40.030 267.729
2988 0.000000 0 0.7428 0.5810 0.3328 0.9627 0.3586 0.0000 787.967 40.030 267.728
2989 0.000000 0 0.7427 0.5810 0.3328 0.9627 0.3586 0.0000 787.944 40.033 267.717
2990 0.000000 0 0.7427 0.5810 0.3328 0.9627 0.3586 0.0000 787.942 40.033 267.716
2991 0.000000 0 0.7427 0.5810 0.3328 0.9627 0.3586 0.0000 787.919 40.037 267.704
2992 0.000000 0 0.7427 0.5810 0.3328 0.9627 0.3586 0.0000 787.907 40.039 267.698
2993 0.000000 0 0.7427 0.5811 0.3328 0.9627 0.3586 0.0000 787.894 40.040 267.692
2994 0.000000 0 0.7427 0.5811 0.3328 0.9627 0.3586 0.0000 787.882 40.043 267.686
2995 0.000000 0 0.7427 0.5811 0.3328 0.9627 0.3586 0.0000 787.869 40.045 267.679
2996 0.000000 0 0.7427 0.5811 0.3328 0.9627 0.3586 0.0000 787.857 40.047 267.673
2997 0.000000 0 0.7427 0.5811 0.3328 0.9627 0.3586 0.0000 787.832 40.052 267.660
2998 0.000000 0 0.7426 0.5811 0.3328 0.9627 0.3586 0.0000 787.829 40.053 267.659
2999 0.000000 0 0.7426 0.5811 0.3328 0.9627 0.3586 0.0000 787.807 40.057 267.647
3000 0.000000 0 0.7426 0.5812 0.3328 0.9627 0.3586 0.0000 787.805 40.058 267.646
3001 0.000000 0 0.7426 0.5812 0.3328 0.9627 0.3586 0.0000 787.782 40.064 267.634
3002 0.000000 0 0.7426 0.5812 0.3328 0.9627 0.3586 0.0000 787.779 40.064 267.632
3003 0.000000 0 0.7426 0.5812 0.3328 0.9627 0.3586 0.0000 787.758 40.070 267.621
3004 0.000000 0 0.7426 0.5812 0.3328 0.9627 0.3586 0.0000 787.745 40.074 267.614
3005 0.000000 0 0.7426 0.5812 0.3328 0.9627 0.3586 0.0000 787.721 40.081 267.600
3006 0.000000 0 0.7426 0.5812 0.3328 0.9627 0.3586 0.0000 787.719 40.082 267.599
3007 0.000000 0 0.7425 0.5813 0.3328 0.9627 0.3586 0.0000 787.697 40.089 267.587
3008 0.000000 0 0.7425 0.5813 0.3328 0.9627 0.3586 0.0000 787.695 40.090 267.586
3009 0.000000 0 0.7425 0.5813 0.3328 0.9627 0.3586 0.0000 787.672 40.097 267.573
3010 0.000000 0 0.7425 0.5813 0.3328 0.9627 0.3586 0.0000 787.670 40.098 267.572
3011 0.000000 0 0.7425 0.5813 0.3328 0.9627 0.3586 0.0000 787.648 40.106 267.559
3012 0.000000 0 0.7425 0.5813 0.3328 0.9627 0.3586 0.0000 787.645 40.107 267.557
3013 0.000000 0 0.7425 0.5814 0.3328 0.9627 0.3586 0.0000 787.624 40.115 267.545
3014 0.000000 0 0.7425 0.5814 0.3328 0.9627 0.3586 0.0000 787.622 40.116 267.544
3015 0.000000 0 0.7425 0.5814 0.3328 0.9627 0.3586 0.0000 787.599 40.124 267.531
3016 0.000000 0 0.7425 0.5814 0.3328 0.9627 0.3586 0.0000 787.598 40.125 267.529
3017 0.000000 0 0.7424 0.5814 0.3328 0.9627 0.3586 0.0000 787.575 40.134 267.516
3018 0.000000 0 0.7424 0.5814 0.3328 0.9627 0.3586 0.0000 787.573 40.135 267.515
3019 0.000000 0 0.7424 0.5814 0.3328 0.9627 0.3586 0.0000 787.552 40.143 267.502
3020 0.000000 0 0.7424 0.5815 0.3328 0.9627 0.3586 0.0000 787.527 40.152 267.487
3021 0.000000 0 0.7424 0.5815 0.3328 0.9627 0.3586 0.0000 787.519 40.156 267.482
3022 0.000000 0 0.7424 0.5815 0.3328 0.9627 0.3586 0.0000 787.504 40.161 267.473
3023 0.000000 0 0.7424 0.5815 0.3328 0.9627 0.3586 0.0000 787.502 40.162 267.471
3024 0.000000 0 0.7424 0.5815 0.3328 0.9627 0.3586 0.0000 787.480 40.170 267.458
3025 0.000000 0 0.7423 0.5815 0.3328 0.9627 0.3586 0.0000 787.468 40.174 267.450
3026 0.000000 0 0.7423 0.5816 0.3328 0.9627 0.3586 0.0000 787.444 40.182 267.436
3027 0.000000 0 0.7423 0.5816 0.3328 0.9627 0.3586 0.0000 787.442 40.183 267.434
3028 0.000000 0 0.7423 0.5816 0.3328 0.9627 0.3586 0.0000 787.420 40.190 267.421
3029 0.000000 0 0.7423 0.5816 0.3328 0.9627 0.3586 0.0000 787.409 40.193 267.414
3030 0.000000 0 0.7423 0.5816 0.3328 0.9627 0.3586 0.0000 787.397 40.197 267.406
3031 0.000000 0 0.7423 0.5816 0.3327 0.9627 0.3586 0.0000 787.385 40.200 267.399
3032 0.000000 0 0.7423 0.5816 0.3327 0.9627 0.3586 0.0000 787.373 40.203 267.391
3033 0.000000 0 0.7423 0.5817 0.3327 0.9627 0.3586 0.0000 787.361 40.206 267.384
3034 0.000000 0 0.7422 0.5817 0.3327 0.9627 0.3586 0.0000 787.349 40.209 267.376
3035 0.000000 0 0.7422 0.5817 0.3327 0.9627 0.3586 0.0000 787.337 40.212 267.369
3036 0.000000 0 0.7422 0.5817 0.3327 0.9627 0.3586 0.0000 787.335 40.212 267.367
3037 0.000000 0 0.7422 0.5817 0.3327 0.9627 0.3586 0.0000 787.314 40.217 267.354
3038 0.000000 0 0.7422 0.5817 0.3327 0.9627 0.3586 0.0000 787.290 40.221 267.339
3039 0.000000 0 0.7422 0.5817 0.3327 0.9627 0.3586 0.0000 787.287 40.222 267.338
3040 0.000000 0 0.7422 0.5818 0.3327 0.9627 0.3586 0.0000 787.266 40.225 267.325
3041 0.000000 0 0.7422 0.5818 0.3327 0.9627 0.3586 0.0000 787.264 40.226 267.324
3042 0.000000 0 0.7422 0.5818 0.3327 0.9627 0.3586 0.0000 787.242 40.229 267.310
3043 0.000000 0 0.7422 0.5818 0.3327 0.9627 0.3586 0.0000 787.240 40.229 267.309
3044 0.000000 0 0.7421 0.5818 0.3327 0.9627 0.3586 0.0000 787.218 40.233 267.295
3045 0.000000 0 0.7421 0.5818 0.3327 0.9627 0.3586 0.0000 787.216 40.233 267.294
3046 0.000000 0 0.7421 0.5819 0.3327 0.9627 0.3586 0.0000 787.194 40.236 267.281
3047 0.000000 0 0.7421 0.5819 0.3327 0.9627 0.3586 0.0000 787.191 40.236 267.279
3048 0.000000 0 0.7421 0.5819 0.3327 0.9627 0.3586 0.0000 787.170 40.239 267.266
3049 0.000000 0 0.7421 0.5819 0.3327 0.9627 0.3586 0.0000 787.168 40.239 267.265
3050 0.000000 0 0.7421 0.5819 0.3327 0.9627 0.3586 0.0000 787.146 40.242 267.252
3051 0.000000 0 0.7421 0.5819 0.3327 0.9627 0.3586 0.0000 787.144 40.243 267.251
3052 0.000000 0 0.7421 0.5819 0.3327 0.9627 0.3586 0.0000 787.122 40.246 267.238
3053 0.000000 0 0.7421 0.5819 0.3327 0.9627 0.3586 0.0000 787.119 40.246 267.237
3054 0.000000 0 0.7420 0.5820 0.3327 0.9627 0.3586 0.0000 787.097 40.250 267.224
3055 0.000000 0 0.7420 0.5820 0.3327 0.9627 0.3586 0.0000 787.094 40.250 267.223
3056 0.000000 0 0.7420 0.5820 0.3327 0.9627 0.3586 0.0000 787.073 40.253 267.211
3057 0.000000 0 0.7420 0.5820 0.3327 0.9627 0.3586 0.0000 787.071 40.254 267.210
3058 0.000000 0 0.7420 0.5820 0.3327 0.9627 0.3586 0.0000 787.048 40.258 267.197
3059 0.000000 0 0.7420 0.5821 0.3327 0.9627 0.3586 0.0000 787.023 40.263 267.184
3060 0.000000 0 0.7420 0.5821 0.3327 0.9627 0.3586 0.0000 787.021 40.263 267.182
3061 0.000000 0 0.7420 0.5821 0.3327 0.9627 0.3586 0.0000 786.999 40.268 267.170
3062 0.000000 0 0.7419 0.5821 0.3327 0.9627 0.3586 0.0000 786.986 40.271 267.164
3063 0.000000 0 0.7419 0.5821 0.3327 0.9627 0.3586 0.0000 786.974 40.274 267.157
3064 0.000000 0 0.7419 0.5821 0.3327 0.9627 0.3586 0.0000 786.949 40.281 267.144
3065 0.000000 0 0.7419 0.5821 0.3327 0.9627 0.3586 0.0000 786.947 40.282 267.143
3066 0.000000 0 0.7419 0.5822 0.3327 0.9627 0.3586 0.0000 786.925 40.288 267.131
3067 0.000000 0 0.7419 0.5822 0.3327 0.9627 0.3586 0.0000 786.923 40.289 267.130
3068 0.000000 0 0.7419 0.5822 0.3327 0.9627 0.3586 0.0000 786.900 40.296 267.119
3069 0.000000 0 0.7419 0.5822 0.3327 0.9627 0.3586 0.0000 786.898 40.296 267.118
3070 0.000000 0 0.7419 0.5822 0.3327 0.9627 0.3586 0.0000 786.870 40.305 267.103
3071 0.000000 0 0.7419 0.5822 0.3327 0.9627 0.3586 0.0000 786.868 40.306 267.103
3072 0.000000 0 0.7418 0.5822 0.3327 0.9627 0.3586 0.0000 786.850 40.312 267.093
3073 0.000000 0 0.7418 0.5823 0.3327 0.9627 0.3586 0.0000 786.824 40.321 267.081
3074 0.000000 0 0.7418 0.5823 0.3327 0.9627 0.3586 0.0000 786.818 40.323 267.078
3075 0.000000 0 0.7418 0.5823 0.3327 0.9627 0.3586 0.0000 786.799 40.330 267.069
3076 0.000000 0 0.7418 0.5823 0.3327 0.9627 0.3586 0.0000 786.774 40.340 267.057
3077 0.000000 0 0.7418 0.5823 0.3327 0.9627 0.3586 0.0000 786.772 40.340 267.056
3078 0.000000 0 0.7418 0.5824 0.3327 0.9627 0.3586 0.0000 786.749 40.349 267.045
3079 0.000000 0 0.7418 0.5824 0.3327 0.9627 0.3586 0.0000 786.747 40.350 267.044
3080 0.000000 0 0.7417 0.5824 0.3326 0.9627 0.3586 0.0000 786.724 40.358 267.033
3081 0.000000 0 0.7417 0.5824 0.3326 0.9627 0.3586 0.0000 786.721 40.359 267.032
3082 0.000000 0 0.7417 0.5824 0.3326 0.9627 0.3586 0.0000 786.698 40.367 267.021
3083 0.000000 0 0.7417 0.5824 0.3326 0.9627 0.3586 0.0000 786.696 40.368 267.021
3084 0.000000 0 0.7417 0.5824 0.3326 0.9627 0.3586 0.0000 786.672 40.376 267.010
3085 0.000000 0 0.7417 0.5824 0.3326 0.9627 0.3586 0.0000 786.670 40.377 267.009
3086 0.000000 0 0.7417 0.5825 0.3326 0.9627 0.3586 0.0000 786.647 40.385 266.998
3087 0.000000 0 0.7417 0.5825 0.3326 0.9627 0.3586 0.0000 786.645 40.385 266.997
3088 0.000000 0 0.7417 0.5825 0.3326 0.9627 0.3586 0.0000 786.620 40.393 266.986
3089 0.000000 0 0.7417 0.5825 0.3326 0.9627 0.3586 0.0000 786.617 40.394 266.984
3090 0.000000 0 0.7416 0.5825 0.3326 0.9627 0.3586 0.0000 786.596 40.400 266.975
3091 0.000000 0 0.7416 0.5825 0.3326 0.9627 0.3586 0.0000 786.583 40.404 266.969
3092 0.000000 0 0.7416 0.5826 0.3326 0.9627 0.3586 0.0000 786.557 40.410 266.958
3093 0.000000 0 0.7416 0.5826 0.3326 0.9627 0.3586 0.0000 786.555 40.411 266.957
3094 0.000000 0 0.7416 0.5826 0.3326 0.9627 0.3586 0.0000 786.532 40.417 266.947
3095 0.000000 0 0.7416 0.5826 0.3326 0.9627 0.3586 0.0000 786.530 40.417 266.945
3096 0.000000 0 0.7416 0.5826 0.3326 0.9627 0.3586 0.0000 786.506 40.422 266.935
3097 0.000000 0 0.7416 0.5826 0.3326 0.9627 0.3586 0.0000 786.504 40.423 266.934
3098 0.000000 0 0.7415 0.5826 0.3326 0.9627 0.3586 0.0000 786.481 40.427 266.923
3099 0.000000 0 0.7415 0.5827 0.3326 0.9627 0.3586 0.0000 786.478 40.428 266.922
3100 0.000000 0 0.7415 0.5827 0.3326 0.9627 0.3586 0.0000 786.455 40.432 266.912
3101 0.000000 0 0.7415 0.5827 0.3326 0.9627 0.3586 0.0000 786.452 40.432 266.911
3102 0.000000 0 0.7415 0.5827 0.3326 0.9627 0.3586 0.0000 786.430 40.436 266.900
3103 0.000000 0 0.7415 0.5827 0.3326 0.9627 0.3586 0.0000 786.417 40.438 266.894
3104 0.000000 0 0.7415 0.5827 0.3326 0.9627 0.3586 0.0000 786.391 40.442 266.883
3105 0.000000 0 0.7415 0.5827 0.3326 0.9627 0.3586 0.0000 786.389 40.442 266.882
3106 0.000000 0 0.7415 0.5828 0.3326 0.9627 0.3586 0.0000 786.366 40.445 266.871
3107 0.000000 0 0.7415 0.5828 0.3326 0.9627 0.3586 0.0000 786.364 40.445 266.870
3108 0.000000 0 0.7414 0.5828 0.3326 0.9627 0.3586 0.0000 786.341 40.448 266.859
3109 0.000000 0 0.7414 0.5828 0.3326 0.9627 0.3586 0.0000 786.339 40.449 266.858
3110 0.000000 0 0.7414 0.5828 0.3326 0.9627 0.3586 0.0000 786.315 40.452 266.847
3111 0.000000 0 0.7414 0.5828 0.3326 0.9627 0.3586 0.0000 786.303 40.453 266.841
3112 0.000000 0 0.7414 0.5829 0.3326 0.9627 0.3586 0.0000 786.277 40.457 266.829
3113 0.000000 0 0.7414 0.5829 0.3326 0.9627 0.3586 0.0000 786.273 40.457 266.827
3114 0.000000 0 0.7414 0.5829 0.3326 0.9627 0.3586 0.0000 786.252 40.460 266.817
3115 0.000000 0 0.7414 0.5829 0.3326 0.9627 0.3586 0.0000 786.250 40.461 266.816
3116 0.000000 0 0.7413 0.5829 0.3326 0.9627 0.3586 0.0000 786.227 40.464 266.804
3117 0.000000 0 0.7413 0.5830 0.3326 0.9627 0.3586 0.0000 786.202 40.469 266.791
3118 0.000000 0 0.7413 0.5830 0.3326 0.9627 0.3586 0.0000 786.189 40.471 266.785
3119 0.000000 0 0.7413 0.5830 0.3326 0.9627 0.3586 0.0000 786.165 40.476 266.773
3120 0.000000 0 0.7413 0.5830 0.3326 0.9627 0.3586 0.0000 786.163 40.477 266.771
3121 0.000000 0 0.7413 0.5830 0.3326 0.9627 0.3586 0.0000 786.140 40.482 266.760
3122 0.000000 0 0.7413 0.5831 0.3326 0.9627 0.3586 0.0000 786.115 40.488 266.746
3123 0.000000 0 0.7412 0.5831 0.3326 0.9627 0.3586 0.0000 786.093 40.495 266.734
3124 0.000000 0 0.7412 0.5831 0.3326 0.9627 0.3586 0.0000 786.091 40.495 266.733
3125 0.000000 0 0.7412 0.5831 0.3326 0.9627 0.3586 0.0000 786.078 40.499 266.727
3126 0.000000 0 0.7412 0.5831 0.3325 0.9627 0.3586 0.0000 786.054 40.507 266.713
3127 0.000000 0 0.7412 0.5831 0.3325 0.9627 0.3586 0.0000 786.051 40.508 266.712
3128 0.000000 0 0.7412 0.5832 0.3325 0.9627 0.3586 0.0000 786.029 40.515 266.699
3129 0.000000 0 0.7412 0.5832 0.3325 0.9627 0.3586 0.0000 786.026 40.516 266.698
3130 0.000000 0 0.7412 0.5832 0.3325 0.9627 0.3586 0.0000 786.005 40.523 266.686
3131 0.000000 0 0.7412 0.5832 0.3325 0.9627 0.3586 0.0000 786.003 40.524 266.685
3132 0.000000 0 0.7411 0.5832 0.3325 0.9627 0.3586 0.0000 785.981 40.532 266.672
3133 0.000000 0 0.7411 0.5832 0.3325 0.9627 0.3586 0.0000 785.978 40.533 266.670
3134 0.000000 0 0.7411 0.5832 0.3325 0.9627 0.3586 0.0000 785.955 40.542 266.657
3135 0.000000 0 0.7411 0.5832 0.3325 0.9627 0.3586 0.0000 785.953 40.543 266.656
3136 0.000000 0 0.7411 0.5833 0.3325 0.9627 0.3586 0.0000 785.933 40.551 266.644
3137 0.000000 0 0.7411 0.5833 0.3325 0.9627 0.3586 0.0000 785.908 40.560 266.629
3138 0.000000 0 0.7411 0.5833 0.3325 0.9627 0.3586 0.0000 785.906 40.561 266.628
3139 0.000000 0 0.7411 0.5833 0.3325 0.9627 0.3586 0.0000 785.884 40.570 266.615
3140 0.000000 0 0.7411 0.5833 0.3325 0.9627 0.3586 0.0000 785.881 40.571 266.613
3141 0.000000 0 0.7410 0.5833 0.3325 0.9627 0.3586 0.0000 785.860 40.579 266.601
3142 0.000000 0 0.7410 0.5833 0.3325 0.9627 0.3586 0.0000 785.858 40.579 266.599
3143 0.000000 0 0.7410 0.5834 0.3325 0.9627 0.3586 0.0000 785.837 40.587 266.586
3144 0.000000 0 0.7410 0.5834 0.3325 0.9627 0.3586 0.0000 785.834 40.588 266.585
3145 0.000000 0 0.7410 0.5834 0.3325 0.9627 0.3586 0.0000 785.812 40.596 266.572
3146 0.000000 0 0.7410 0.5834 0.3325 0.9627 0.3586 0.0000 785.810 40.597 266.570
3147 0.000000 0 0.7410 0.5834 0.3325 0.9627 0.3586 0.0000 785.789 40.604 266.557
3148 0.000000 0 0.7410 0.5834 0.3325 0.9627 0.3586 0.0000 785.786 40.605 266.556
3149 0.000000 0 0.7410 0.5835 0.3325 0.9627 0.3586 0.0000 785.765 40.612 266.542
3150 0.000000 0 0.7409 0.5835 0.3325 0.9627 0.3586 0.0000 785.741 40.619 266.528
3151 0.000000 0 0.7409 0.5835 0.3325 0.9627 0.3586 0.0000 785.739 40.619 266.526
3152 0.000000 0 0.7409 0.5835 0.3325 0.9627 0.3586 0.0000 785.717 40.625 266.513
3153 0.000000 0 0.7409 0.5835 0.3325 0.9627 0.3586 0.0000 785.715 40.626 266.511
3154 0.000000 0 0.7409 0.5835 0.3325 0.9627 0.3586 0.0000 785.693 40.631 266.498
3155 0.000000 0 0.7409 0.5835 0.3325 0.9627 0.3586 0.0000 785.691 40.632 266.497
3156 0.000000 0 0.7409 0.5836 0.3325 0.9627 0.3586 0.0000 785.669 40.636 266.484
3157 0.000000 0 0.7408 0.5836 0.3325 0.9627 0.3586 0.0000 785.597 40.649 266.439
3158 0.000000 0 0.7408 0.5837 0.3325 0.9627 0.3586 0.0000 785.586 40.651 266.432
3159 0.000000 0 0.7408 0.5837 0.3325 0.9627 0.3586 0.0000 785.574 40.653 266.425
3160 0.000000 0 0.7408 0.5837 0.3325 0.9627 0.3586 0.0000 785.561 40.655 266.418
3161 0.000000 0 0.7408 0.5837 0.3325 0.9627 0.3586 0.0000 785.537 40.658 266.403
3162 0.000000 0 0.7408 0.5837 0.3325 0.9627 0.3586 0.0000 785.535 40.658 266.402
3163 0.000000 0 0.7408 0.5837 0.3325 0.9627 0.3586 0.0000 785.525 40.660 266.396
3164 0.000000 0 0.7407 0.5837 0.3325 0.9627 0.3586 0.0000 785.513 40.661 266.389
3165 0.000000 0 0.7407 0.5838 0.3325 0.9627 0.3586 0.0000 785.489 40.664 266.375
3166 0.000000 0 0.7407 0.5838 0.3325 0.9627 0.3586 0.0000 785.487 40.665 266.373
3167 0.000000 0 0.7407 0.5838 0.3325 0.9627 0.3586 0.0000 785.465 40.668 266.361
3168 0.000000 0 0.7407 0.5838 0.3325 0.9627 0.3586 0.0000 785.462 40.668 266.359
3169 0.000000 0 0.7407 0.5838 0.3325 0.9627 0.3586 0.0000 785.435 40.672 266.343
3170 0.000000 0 0.7407 0.5838 0.3324 0.9627 0.3586 0.0000 785.433 40.673 266.342
3171 0.000000 0 0.7407 0.5839 0.3324 0.9627 0.3586 0.0000 785.416 40.675 266.333
3172 0.000000 0 0.7407 0.5839 0.3324 0.9627 0.3586 0.0000 785.404 40.678 266.326
3173 0.000000 0 0.7406 0.5839 0.3324 0.9627 0.3586 0.0000 785.380 40.682 266.312
3174 0.000000 0 0.7406 0.5839 0.3324 0.9627 0.3586 0.0000 785.377 40.683 266.311
3175 0.000000 0 0.7406 0.5839 0.3324 0.9627 0.3586 0.0000 785.355 40.687 266.299
3176 0.000000 0 0.7406 0.5839 0.3324 0.9627 0.3586 0.0000 785.353 40.688 266.298
3177 0.000000 0 0.7406 0.5840 0.3324 0.9627 0.3586 0.0000 785.330 40.693 266.286
3178 0.000000 0 0.7406 0.5840 0.3324 0.9627 0.3586 0.0000 785.328 40.694 266.284
3179 0.000000 0 0.7406 0.5840 0.3324 0.9627 0.3586 0.0000 785.306 40.700 266.273
3180 0.000000 0 0.7406 0.5840 0.3324 0.9627 0.3586 0.0000 785.294 40.703 266.266
3181 0.000000 0 0.7406 0.5840 0.3324 0.9627 0.3586 0.0000 785.281 40.707 266.260
3182 0.000000 0 0.7405 0.5840 0.3324 0.9627 0.3586 0.0000 785.256 40.714 266.247
3183 0.000000 0 0.7405 0.5840 0.3324 0.9627 0.3586 0.0000 785.254 40.715 266.246
3184 0.000000 0 0.7405 0.5841 0.3324 0.9627 0.3586 0.0000 785.231 40.722 266.234
3185 0.000000 0 0.7405 0.5841 0.3324 0.9627 0.3586 0.0000 785.229 40.723 266.233
3186 0.000000 0 0.7405 0.5841 0.3324 0.9627 0.3586 0.0000 785.206 40.730 266.222
3187 0.000000 0 0.7405 0.5841 0.3324 0.9627 0.3586 0.0000 785.204 40.731 266.221
3188 0.000000 0 0.7405 0.5841 0.3324 0.9627 0.3586 0.0000 785.181 40.739 266.209
3189 0.000000 0 0.7405 0.5841 0.3324 0.9627 0.3586 0.0000 785.179 40.740 266.208
3190 0.000000 0 0.7405 0.5841 0.3324 0.9627 0.3586 0.0000 785.156 40.748 266.197
3191 0.000000 0 0.7405 0.5842 0.3324 0.9627 0.3586 0.0000 785.153 40.749 266.196
3192 0.000000 0 0.7404 0.5842 0.3324 0.9627 0.3586 0.0000 785.131 40.757 266.185
3193 0.000000 0 0.7404 0.5842 0.3324 0.9627 0.3586 0.0000 785.128 40.758 266.184
3194 0.000000 0 0.7404 0.5842 0.3324 0.9627 0.3586 0.0000 785.105 40.766 266.173
3195 0.000000 0 0.7404 0.5842 0.3324 0.9627 0.3586 0.0000 785.103 40.767 266.172
3196 0.000000 0 0.7404 0.5842 0.3324 0.9627 0.3586 0.0000 785.080 40.775 266.161
3197 0.000000 0 0.7403 0.5843 0.3324 0.9627 0.3586 0.0000 785.002 40.803 266.125
3198 0.000000 0 0.7403 0.5843 0.3324 0.9627 0.3586 0.0000 784.990 40.806 266.120
3199 0.000000 0 0.7403 0.5844 0.3324 0.9627 0.3586 0.0000 784.965 40.814 266.108
3200 0.000000 0 0.7403 0.5844 0.3324 0.9627 0.3586 0.0000 784.962 40.815 266.107
3201 0.000000 0 0.7403 0.5844 0.3324 0.9627 0.3586 0.0000 784.952 40.818 266.103
3202 0.000000 0 0.7403 0.5844 0.3324 0.9627 0.3586 0.0000 784.926 40.825 266.091
3203 0.000000 0 0.7403 0.5844 0.3324 0.9627 0.3586 0.0000 784.924 40.826 266.090
3204 0.000000 0 0.7403 0.5844 0.3324 0.9627 0.3586 0.0000 784.901 40.832 266.080
3205 0.000000 0 0.7403 0.5844 0.3324 0.9627 0.3586 0.0000 784.898 40.833 266.078
3206 0.000000 0 0.7402 0.5845 0.3324 0.9627 0.3586 0.0000 784.875 40.838 266.068
3207 0.000000 0 0.7402 0.5845 0.3324 0.9627 0.3586 0.0000 784.873 40.838 266.067
3208 0.000000 0 0.7402 0.5845 0.3324 0.9627 0.3586 0.0000 784.850 40.843 266.057
3209 0.000000 0 0.7402 0.5845 0.3324 0.9627 0.3586 0.0000 784.824 40.848 266.045
3210 0.000000 0 0.7402 0.5845 0.3324 0.9627 0.3586 0.0000 784.822 40.849 266.044
3211 0.000000 0 0.7402 0.5845 0.3324 0.9627 0.3586 0.0000 784.799 40.853 266.033
3212 0.000000 0 0.7402 0.5845 0.3324 0.9627 0.3586 0.0000 784.796 40.853 266.032
3213 0.000000 0 0.7402 0.5846 0.3324 0.9627 0.3586 0.0000 784.773 40.857 266.022
3214 0.000000 0 0.7402 0.5846 0.3324 0.9627 0.3586 0.0000 784.771 40.857 266.021
3215 0.000000 0 0.7401 0.5846 0.3323 0.9627 0.3586 0.0000 784.748 40.861 266.010
3216 0.000000 0 0.7401 0.5846 0.3323 0.9627 0.3586 0.0000 784.745 40.861 266.009
3217 0.000000 0 0.7401 0.5846 0.3323 0.9627 0.3586 0.0000 784.722 40.864 265.998
3218 0.000000 0 0.7401 0.5846 0.3323 0.9627 0.3586 0.0000 784.720 40.865 265.997
3219 0.000000 0 0.7401 0.5846 0.3323 0.9627 0.3586 0.0000 784.697 40.868 265.986
3220 0.000000 0 0.7401 0.5847 0.3323 0.9627 0.3586 0.0000 784.694 40.868 265.985
3221 0.000000 0 0.7401 0.5847 0.3323 0.9627 0.3586 0.0000 784.670 40.871 265.974
3222 0.000000 0 0.7401 0.5847 0.3323 0.9627 0.3586 0.0000 784.668 40.871 265.973
3223 0.000000 0 0.7401 0.5847 0.3323 0.9627 0.3586 0.0000 784.659 40.872 265.968
3224 0.000000 0 0.7400 0.5847 0.3323 0.9627 0.3586 0.0000 784.633 40.876 265.956
3225 0.000000 0 0.7400 0.5847 0.3323 0.9627 0.3586 0.0000 784.631 40.876 265.955
3226 0.000000 0 0.7400 0.5847 0.3323 0.9627 0.3586 0.0000 784.608 40.879 265.944
3227 0.000000 0 0.7400 0.5847 0.3323 0.9627 0.3586 0.0000 784.606 40.879 265.943
3228 0.000000 0 0.7400 0.5848 0.3323 0.9627 0.3586 0.0000 784.583 40.883 265.932
3229 0.000000 0 0.7400 0.5848 0.3323 0.9627 0.3586 0.0000 784.581 40.883 265.930
3230 0.000000 0 0.7400 0.5848 0.3323 0.9627 0.3586 0.0000 784.558 40.887 265.919
3231 0.000000 0 0.7400 0.5848 0.3323 0.9627 0.3586 0.0000 784.556 40.887 265.918
3232 0.000000 0 0.7400 0.5848 0.3323 0.9627 0.3586 0.0000 784.533 40.892 265.906
3233 0.000000 0 0.7400 0.5848 0.3323 0.9627 0.3586 0.0000 784.529 40.892 265.904
3234 0.000000 0 0.7399 0.5849 0.3323 0.9627 0.3586 0.0000 784.508 40.897 265.893
3235 0.000000 0 0.7399 0.5849 0.3323 0.9627 0.3586 0.0000 784.506 40.897 265.892
3236 0.000000 0 0.7399 0.5849 0.3323 0.9627 0.3586 0.0000 784.452 40.910 265.864
3237 0.000000 0 0.7399 0.5849 0.3323 0.9627 0.3586 0.0000 784.447 40.912 265.861
3238 0.000000 0 0.7399 0.5849 0.3323 0.9627 0.3586 0.0000 784.434 40.916 265.854
3239 0.000000 0 0.7399 0.5850 0.3323 0.9627 0.3586 0.0000 784.410 40.923 265.841
3240 0.000000 0 0.7399 0.5850 0.3323 0.9627 0.3586 0.0000 784.407 40.923 265.839
3241 0.000000 0 0.7398 0.5850 0.3323 0.9627 0.3586 0.0000 784.385 40.931 265.827
3242 0.000000 0 0.7398 0.5850 0.3323 0.9627 0.3586 0.0000 784.373 40.935 265.820
3243 0.000000 0 0.7398 0.5850 0.3323 0.9627 0.3586 0.0000 784.361 40.939 265.813
3244 0.000000 0 0.7398 0.5850 0.3323 0.9627 0.3586 0.0000 784.348 40.943 265.806
3245 0.000000 0 0.7398 0.5851 0.3323 0.9627 0.3586 0.0000 784.336 40.948 265.799
3246 0.000000 0 0.7398 0.5851 0.3323 0.9627 0.3586 0.0000 784.310 40.958 265.784
3247 0.000000 0 0.7398 0.5851 0.3323 0.9627 0.3586 0.0000 784.307 40.959 265.782
3248 0.000000 0 0.7398 0.5851 0.3323 0.9627 0.3586 0.0000 784.288 40.966 265.771
3249 0.000000 0 0.7397 0.5851 0.3323 0.9627 0.3586 0.0000 784.276 40.971 265.764
3250 0.000000 0 0.7397 0.5851 0.3323 0.9627 0.3586 0.0000 784.252 40.980 265.750
3251 0.000000 0 0.7397 0.5852 0.3323 0.9627 0.3586 0.0000 784.249 40.981 265.748
3252 0.000000 0 0.7397 0.5852 0.3323 0.9627 0.3586 0.0000 784.228 40.989 265.736
3253 0.000000 0 0.7397 0.5852 0.3323 0.9627 0.3586 0.0000 784.226 40.990 265.734
3254 0.000000 0 0.7397 0.5852 0.3323 0.9627 0.3586 0.0000 784.204 40.998 265.721
3255 0.000000 0 0.7397 0.5852 0.3323 0.9627 0.3586 0.0000 784.202 40.999 265.720
3256 0.000000 0 0.7397 0.5852 0.3323 0.9627 0.3586 0.0000 784.180 41.007 265.706
3257 0.000000 0 0.7397 0.5852 0.3323 0.9627 0.3586 0.0000 784.177 41.008 265.705
3258 0.000000 0 0.7396 0.5853 0.3323 0.9627 0.3586 0.0000 784.156 41.016 265.692
3259 0.000000 0 0.7396 0.5853 0.3323 0.9627 0.3586 0.0000 784.153 41.017 265.690
3260 0.000000 0 0.7396 0.5853 0.3323 0.9627 0.3586 0.0000 784.132 41.024 265.677
3261 0.000000 0 0.7396 0.5853 0.3323 0.9627 0.3586 0.0000 784.129 41.024 265.676
3262 0.000000 0 0.7396 0.5853 0.3322 0.9627 0.3586 0.0000 784.108 41.031 265.662
3263 0.000000 0 0.7396 0.5853 0.3322 0.9627 0.3586 0.0000 784.106 41.032 265.661
3264 0.000000 0 0.7396 0.5853 0.3322 0.9627 0.3586 0.0000 784.083 41.038 265.647
3265 0.000000 0 0.7396 0.5853 0.3322 0.9627 0.3586 0.0000 784.080 41.039 265.645
3266 0.000000 0 0.7396 0.5854 0.3322 0.9627 0.3586 0.0000 784.060 41.045 265.633
3267 0.000000 0 0.7395 0.5854 0.3322 0.9627 0.3586 0.0000 784.031 41.052 265.615
3268 0.000000 0 0.7395 0.5854 0.3322 0.9627 0.3586 0.0000 784.029 41.052 265.614
3269 0.000000 0 0.7395 0.5854 0.3322 0.9627 0.3586 0.0000 784.012 41.056 265.603
3270 0.000000 0 0.7395 0.5855 0.3322 0.9627 0.3586 0.0000 783.989 41.060 265.589
3271 0.000000 0 0.7395 0.5855 0.3322 0.9627 0.3586 0.0000 783.987 41.061 265.588
3272 0.000000 0 0.7395 0.5855 0.3322 0.9627 0.3586 0.0000 783.965 41.065 265.574
3273 0.000000 0 0.7395 0.5855 0.3322 0.9627 0.3586 0.0000 783.963 41.065 265.573
3274 0.000000 0 0.7395 0.5855 0.3322 0.9627 0.3586 0.0000 783.941 41.069 265.560
3275 0.000000 0 0.7394 0.5855 0.3322 0.9627 0.3586 0.0000 783.906 41.074 265.539
3276 0.000000 0 0.7394 0.5856 0.3322 0.9627 0.3586 0.0000 783.904 41.074 265.537
3277 0.000000 0 0.7394 0.5856 0.3322 0.9627 0.3586 0.0000 783.881 41.077 265.524
3278 0.000000 0 0.7394 0.5856 0.3322 0.9627 0.3586 0.0000 783.879 41.078 265.522
3279 0.000000 0 0.7394 0.5856 0.3322 0.9627 0.3586 0.0000 783.869 41.079 265.516
3280 0.000000 0 0.7394 0.5856 0.3322 0.9627 0.3586 0.0000 783.845 41.082 265.502
3281 0.000000 0 0.7394 0.5856 0.3322 0.9627 0.3586 0.0000 783.842 41.083 265.501
3282 0.000000 0 0.7394 0.5856 0.3322 0.9627 0.3586 0.0000 783.821 41.085 265.488
3283 0.000000 0 0.7394 0.5856 0.3322 0.9627 0.3586 0.0000 783.818 41.086 265.487
3284 0.000000 0 0.7393 0.5857 0.3322 0.9627 0.3586 0.0000 783.796 41.089 265.474
3285 0.000000 0 0.7393 0.5857 0.3322 0.9627 0.3586 0.0000 783.794 41.089 265.473
3286 0.000000 0 0.7393 0.5857 0.3322 0.9627 0.3586 0.0000 783.772 41.093 265.460
3287 0.000000 0 0.7393 0.5857 0.3322 0.9627 0.3586 0.0000 783.770 41.093 265.459
3288 0.000000 0 0.7393 0.5857 0.3322 0.9627 0.3586 0.0000 783.747 41.097 265.446
3289 0.000000 0 0.7393 0.5857 0.3322 0.9627 0.3586 0.0000 783.745 41.097 265.445
3290 0.000000 0 0.7393 0.5858 0.3322 0.9627 0.3586 0.0000 783.723 41.102 265.433
3291 0.000000 0 0.7393 0.5858 0.3322 0.9627 0.3586 0.0000 783.721 41.102 265.432
3292 0.000000 0 0.7393 0.5858 0.3322 0.9627 0.3586 0.0000 783.699 41.107 265.419
3293 0.000000 0 0.7393 0.5858 0.3322 0.9627 0.3586 0.0000 783.696 41.107 265.418
3294 0.000000 0 0.7392 0.5858 0.3322 0.9627 0.3586 0.0000 783.674 41.113 265.406
3295 0.000000 0 0.7392 0.5858 0.3322 0.9627 0.3586 0.0000 783.672 41.113 265.405
3296 0.000000 0 0.7392 0.5858 0.3322 0.9627 0.3586 0.0000 783.649 41.119 265.393
3297 0.000000 0 0.7392 0.5858 0.3322 0.9627 0.3586 0.0000 783.647 41.119 265.392
3298 0.000000 0 0.7392 0.5859 0.3322 0.9627 0.3586 0.0000 783.625 41.126 265.380
3299 0.000000 0 0.7392 0.5859 0.3322 0.9627 0.3586 0.0000 783.616 41.128 265.376
3300 0.000000 0 0.7392 0.5859 0.3322 0.9627 0.3586 0.0000 783.612 41.129 265.374
3301 0.000000 0 0.7392 0.5859 0.3322 0.9627 0.3586 0.0000 783.587 41.137 265.361
3302 0.000000 0 0.7392 0.5859 0.3322 0.9627 0.3586 0.0000 783.585 41.138 265.360
3303 0.000000 0 0.7392 0.5859 0.3322 0.9627 0.3586 0.0000 783.562 41.145 265.348
3304 0.000000 0 0.7391 0.5859 0.3322 0.9627 0.3586 0.0000 783.560 41.146 265.347
3305 0.000000 0 0.7391 0.5860 0.3322 0.9627 0.3586 0.0000 783.537 41.154 265.336
3306 0.000000 0 0.7391 0.5860 0.3322 0.9627 0.3586 0.0000 783.535 41.154 265.335
3307 0.000000 0 0.7391 0.5860 0.3322 0.9627 0.3586 0.0000 783.512 41.163 265.323
3308 0.000000 0 0.7391 0.5860 0.3322 0.9627 0.3586 0.0000 783.509 41.163 265.322
3309 0.000000 0 0.7391 0.5860 0.3322 0.9627 0.3586 0.0000 783.487 41.172 265.311
3310 0.000000 0 0.7391 0.5860 0.3322 0.9627 0.3586 0.0000 783.484 41.173 265.310
3311 0.000000 0 0.7391 0.5860 0.3321 0.9627 0.3586 0.0000 783.461 41.181 265.299
3312 0.000000 0 0.7391 0.5861 0.3321 0.9627 0.3586 0.0000 783.459 41.182 265.298
3313 0.000000 0 0.7390 0.5861 0.3321 0.9627 0.3586 0.0000 783.436 41.190 265.287
3314 0.000000 0 0.7390 0.5861 0.3321 0.9627 0.3586 0.0000 783.433 41.191 265.286
3315 0.000000 0 0.7390 0.5861 0.3321 0.9627 0.3586 0.0000 783.411 41.199 265.275
3316 0.000000 0 0.7390 0.5861 0.3321 0.9627 0.3586 0.0000 783.408 41.200 265.274
3317 0.000000 0 0.7390 0.5861 0.3321 0.9627 0.3586 0.0000 783.385 41.209 265.263
3318 0.000000 0 0.7390 0.5861 0.3321 0.9627 0.3586 0.0000 783.383 41.209 265.262
3319 0.000000 0 0.7390 0.5862 0.3321 0.9627 0.3586 0.0000 783.360 41.217 265.252
3320 0.000000 0 0.7390 0.5862 0.3321 0.9627 0.3586 0.0000 783.358 41.218 265.251
3321 0.000000 0 0.7390 0.5862 0.3321 0.9627 0.3586 0.0000 783.334 41.226 265.240
3322 0.000000 0 0.7390 0.5862 0.3321 0.9627 0.3586 0.0000 783.332 41.227 265.239
3323 0.000000 0 0.7389 0.5862 0.3321 0.9627 0.3586 0.0000 783.309 41.234 265.229
3324 0.000000 0 0.7389 0.5862 0.3321 0.9627 0.3586 0.0000 783.306 41.235 265.227
3325 0.000000 0 0.7389 0.5862 0.3321 0.9627 0.3586 0.0000 783.283 41.241 265.217
3326 0.000000 0 0.7389 0.5863 0.3321 0.9627 0.3586 0.0000 783.257 41.248 265.206
3327 0.000000 0 0.7389 0.5863 0.3321 0.9627 0.3586 0.0000 783.255 41.249 265.204
3328 0.000000 0 0.7389 0.5863 0.3321 0.9627 0.3586 0.0000 783.232 41.255 265.194
3329 0.000000 0 0.7389 0.5863 0.3321 0.9627 0.3586 0.0000 783.229 41.255 265.193
3330 0.000000 0 0.7389 0.5863 0.3321 0.9627 0.3586 0.0000 783.206 41.261 265.183
3331 0.000000 0 0.7389 0.5863 0.3321 0.9627 0.3586 0.0000 783.204 41.261 265.182
3332 0.000000 0 0.7388 0.5864 0.3321 0.9627 0.3586 0.0000 783.181 41.266 265.171
3333 0.000000 0 0.7388 0.5864 0.3321 0.9627 0.3586 0.0000 783.179 41.266 265.170
3334 0.000000 0 0.7388 0.5864 0.3321 0.9627 0.3586 0.0000 783.155 41.271 265.160
3335 0.000000 0 0.7388 0.5864 0.3321 0.9627 0.3586 0.0000 783.153 41.271 265.159
3336 0.000000 0 0.7388 0.5864 0.3321 0.9627 0.3586 0.0000 783.130 41.275 265.148
3337 0.000000 0 0.7388 0.5864 0.3321 0.9627 0.3586 0.0000 783.128 41.275 265.147
3338 0.000000 0 0.7388 0.5864 0.3321 0.9627 0.3586 0.0000 783.104 41.279 265.136
3339 0.000000 0 0.7388 0.5864 0.3321 0.9627 0.3586 0.0000 783.102 41.279 265.135
3340 0.000000 0 0.7388 0.5865 0.3321 0.9627 0.3586 0.0000 783.079 41.282 265.125
3341 0.000000 0 0.7388 0.5865 0.3321 0.9627 0.3586 0.0000 783.077 41.283 265.124
3342 0.000000 0 0.7387 0.5865 0.3321 0.9627 0.3586 0.0000 783.053 41.286 265.113
3343 0.000000 0 0.7387 0.5865 0.3321 0.9627 0.3586 0.0000 783.051 41.286 265.112
3344 0.000000 0 0.7387 0.5865 0.3321 0.9627 0.3586 0.0000 783.028 41.289 265.101
3345 0.000000 0 0.7387 0.5865 0.3321 0.9627 0.3586 0.0000 783.026 41.289 265.100
3346 0.000000 0 0.7387 0.5865 0.3321 0.9627 0.3586 0.0000 783.003 41.292 265.089
3347 0.000000 0 0.7387 0.5865 0.3321 0.9627 0.3586 0.0000 783.001 41.293 265.088
3348 0.000000 0 0.7387 0.5866 0.3321 0.9627 0.3586 0.0000 782.977 41.296 265.077
3349 0.000000 0 0.7387 0.5866 0.3321 0.9627 0.3586 0.0000 782.975 41.296 265.076
3350 0.000000 0 0.7387 0.5866 0.3321 0.9627 0.3586 0.0000 782.952 41.299 265.064
3351 0.000000 0 0.7387 0.5866 0.3321 0.9627 0.3586 0.0000 782.950 41.300 265.063
3352 0.000000 0 0.7386 0.5866 0.3321 0.9627 0.3586 0.0000 782.927 41.303 265.052
3353 0.000000 0 0.7386 0.5866 0.3321 0.9627 0.3586 0.0000 782.914 41.305 265.046
3354 0.000000 0 0.7386 0.5867 0.3321 0.9627 0.3586 0.0000 782.890 41.309 265.033
3355 0.000000 0 0.7386 0.5867 0.3321 0.9627 0.3586 0.0000 782.887 41.310 265.032
3356 0.000000 0 0.7386 0.5867 0.3321 0.9627 0.3586 0.0000 782.865 41.314 265.021
3357 0.000000 0 0.7386 0.5867 0.3321 0.9627 0.3586 0.0000 782.862 41.315 265.019
3358 0.000000 0 0.7386 0.5867 0.3321 0.9627 0.3586 0.0000 782.840 41.320 265.008
3359 0.000000 0 0.7386 0.5867 0.3321 0.9627 0.3586 0.0000 782.838 41.320 265.006
3360 0.000000 0 0.7386 0.5868 0.3321 0.9627 0.3586 0.0000 782.815 41.326 264.994
3361 0.000000 0 0.7386 0.5868 0.3321 0.9627 0.3586 0.0000 782.812 41.326 264.993
3362 0.000000 0 0.7385 0.5868 0.3320 0.9627 0.3586 0.0000 782.790 41.332 264.981
3363 0.000000 0 0.7385 0.5868 0.3320 0.9627 0.3586 0.0000 782.785 41.334 264.979
3364 0.000000 0 0.7385 0.5868 0.3320 0.9627 0.3586 0.0000 782.766 41.339 264.968
3365 0.000000 0 0.7385 0.5868 0.3320 0.9627 0.3586 0.0000 782.763 41.340 264.966
3366 0.000000 0 0.7385 0.5868 0.3320 0.9627 0.3586 0.0000 782.741 41.347 264.954
3367 0.000000 0 0.7385 0.5869 0.3320 0.9627 0.3586 0.0000 782.717 41.355 264.941
3368 0.000000 0 0.7385 0.5869 0.3320 0.9627 0.3586 0.0000 782.714 41.356 264.939
3369 0.000000 0 0.7385 0.5869 0.3320 0.9627 0.3586 0.0000 782.692 41.364 264.927
3370 0.000000 0 0.7384 0.5869 0.3320 0.9627 0.3586 0.0000 782.686 41.366 264.924
3371 0.000000 0 0.7384 0.5869 0.3320 0.9627 0.3586 0.0000 782.668 41.372 264.913
3372 0.000000 0 0.7384 0.5869 0.3320 0.9627 0.3586 0.0000 782.666 41.373 264.912
3373 0.000000 0 0.7384 0.5869 0.3320 0.9627 0.3586 0.0000 782.644 41.382 264.899
3374 0.000000 0 0.7384 0.5870 0.3320 0.9627 0.3586 0.0000 782.632 41.386 264.892
3375 0.000000 0 0.7384 0.5870 0.3320 0.9627 0.3586 0.0000 782.620 41.391 264.885
3376 0.000000 0 0.7384 0.5870 0.3320 0.9627 0.3586 0.0000 782.607 41.396 264.877
3377 0.000000 0 0.7384 0.5870 0.3320 0.9627 0.3586 0.0000 782.583 41.405 264.863
3378 0.000000 0 0.7384 0.5870 0.3320 0.9627 0.3586 0.0000 782.581 41.406 264.862
3379 0.000000 0 0.7383 0.5870 0.3320 0.9627 0.3586 0.0000 782.559 41.414 264.849
3380 0.000000 0 0.7383 0.5870 0.3320 0.9627 0.3586 0.0000 782.556 41.415 264.847
3381 0.000000 0 0.7383 0.5871 0.3320 0.9627 0.3586 0.0000 782.536 41.423 264.835
3382 0.000000 0 0.7383 0.5871 0.3320 0.9627 0.3586 0.0000 782.534 41.424 264.833
3383 0.000000 0 0.7383 0.5871 0.3320 0.9627 0.3586 0.0000 782.512 41.432 264.820
3384 0.000000 0 0.7383 0.5871 0.3320 0.9627 0.3586 0.0000 782.509 41.432 264.819
3385 0.000000 0 0.7383 0.5871 0.3320 0.9627 0.3586 0.0000 782.488 41.440 264.805
3386 0.000000 0 0.7383 0.5871 0.3320 0.9627 0.3586 0.0000 782.486 41.441 264.804
3387 0.000000 0 0.7383 0.5872 0.3320 0.9627 0.3586 0.0000 782.464 41.448 264.791
3388 0.000000 0 0.7382 0.5872 0.3320 0.9627 0.3586 0.0000 782.452 41.451 264.783
3389 0.000000 0 0.7382 0.5872 0.3320 0.9627 0.3586 0.0000 782.440 41.455 264.776
3390 0.000000 0 0.7382 0.5872 0.3320 0.9627 0.3586 0.0000 782.416 41.462 264.761
3391 0.000000 0 0.7382 0.5872 0.3320 0.9627 0.3586 0.0000 782.414 41.462 264.760
3392 0.000000 0 0.7382 0.5872 0.3320 0.9627 0.3586 0.0000 782.404 41.465 264.754
3393 0.000000 0 0.7382 0.5872 0.3320 0.9627 0.3586 0.0000 782.392 41.468 264.747
3394 0.000000 0 0.7382 0.5873 0.3320 0.9627 0.3586 0.0000 782.368 41.473 264.732
3395 0.000000 0 0.7382 0.5873 0.3320 0.9627 0.3586 0.0000 782.366 41.474 264.730
3396 0.000000 0 0.7382 0.5873 0.3320 0.9627 0.3586 0.0000 782.345 41.478 264.717
3397 0.000000 0 0.7382 0.5873 0.3320 0.9627 0.3586 0.0000 782.343 41.479 264.716
3398 0.000000 0 0.7381 0.5873 0.3320 0.9627 0.3586 0.0000 782.321 41.483 264.702
3399 0.000000 0 0.7381 0.5873 0.3320 0.9627 0.3586 0.0000 782.319 41.483 264.701
3400 0.000000 0 0.7381 0.5873 0.3320 0.9627 0.3586 0.0000 782.309 41.485 264.695
3401 0.000000 0 0.7381 0.5874 0.3320 0.9627 0.3586 0.0000 782.285 41.489 264.680
3402 0.000000 0 0.7381 0.5874 0.3320 0.9627 0.3586 0.0000 782.282 41.489 264.679
3403 0.000000 0 0.7381 0.5874 0.3320 0.9627 0.3586 0.0000 782.261 41.492 264.666
3404 0.000000 0 0.7381 0.5874 0.3320 0.9627 0.3586 0.0000 782.259 41.493 264.665
3405 0.000000 0 0.7381 0.5874 0.3320 0.9627 0.3586 0.0000 782.237 41.496 264.652
3406 0.000000 0 0.7381 0.5874 0.3320 0.9627 0.3586 0.0000 782.234 41.496 264.650
3407 0.000000 0 0.7380 0.5874 0.3320 0.9627 0.3586 0.0000 782.213 41.499 264.637
3408 0.000000 0 0.7380 0.5874 0.3320 0.9627 0.3586 0.0000 782.210 41.499 264.636
3409 0.000000 0 0.7380 0.5875 0.3320 0.9627 0.3586 0.0000 782.188 41.502 264.623
3410 0.000000 0 0.7380 0.5875 0.3320 0.9627 0.3586 0.0000 782.186 41.502 264.621
3411 0.000000 0 0.7380 0.5875 0.3320 0.9627 0.3586 0.0000 782.164 41.505 264.609
3412 0.000000 0 0.7380 0.5875 0.3320 0.9627 0.3586 0.0000 782.162 41.506 264.607
3413 0.000000 0 0.7380 0.5875 0.3320 0.9627 0.3586 0.0000 782.152 41.507 264.602
3414 0.000000 0 0.7380 0.5875 0.3319 0.9627 0.3586 0.0000 782.128 41.511 264.588
3415 0.000000 0 0.7380 0.5875 0.3319 0.9627 0.3586 0.0000 782.126 41.511 264.587
3416 0.000000 0 0.7380 0.5876 0.3319 0.9627 0.3586 0.0000 782.103 41.515 264.574
3417 0.000000 0 0.7380 0.5876 0.3319 0.9627 0.3586 0.0000 782.102 41.515 264.573
3418 0.000000 0 0.7379 0.5876 0.3319 0.9627 0.3586 0.0000 782.079 41.519 264.560
3419 0.000000 0 0.7379 0.5876 0.3319 0.9627 0.3586 0.0000 782.077 41.519 264.559
3420 0.000000 0 0.7379 0.5876 0.3319 0.9627 0.3586 0.0000 782.066 41.521 264.553
3421 0.000000 0 0.7379 0.5876 0.3319 0.9627 0.3586 0.0000 782.042 41.526 264.540
3422 0.000000 0 0.7379 0.5876 0.3319 0.9627 0.3586 0.0000 782.040 41.527 264.539
3423 0.000000 0 0.7379 0.5877 0.3319 0.9627 0.3586 0.0000 782.017 41.532 264.527
3424 0.000000 0 0.7379 0.5877 0.3319 0.9627 0.3586 0.0000 782.014 41.533 264.525
3425 0.000000 0 0.7379 0.5877 0.3319 0.9627 0.3586 0.0000 781.993 41.538 264.514
3426 0.000000 0 0.7379 0.5877 0.3319 0.9627 0.3586 0.0000 781.980 41.542 264.507
3427 0.000000 0 0.7378 0.5877 0.3319 0.9627 0.3586 0.0000 781.956 41.549 264.494
3428 0.000000 0 0.7378 0.5877 0.3319 0.9627 0.3586 0.0000 781.953 41.549 264.493
3429 0.000000 0 0.7378 0.5878 0.3319 0.9627 0.3586 0.0000 781.931 41.556 264.482
3430 0.000000 0 0.7378 0.5878 0.3319 0.9627 0.3586 0.0000 781.929 41.557 264.481
3431 0.000000 0 0.7378 0.5878 0.3319 0.9627 0.3586 0.0000 781.906 41.564 264.469
3432 0.000000 0 0.7378 0.5878 0.3319 0.9627 0.3586 0.0000 781.881 41.573 264.457
3433 0.000000 0 0.7378 0.5878 0.3319 0.9627 0.3586 0.0000 781.878 41.574 264.456
3434 0.000000 0 0.7378 0.5878 0.3319 0.9627 0.3586 0.0000 781.856 41.582 264.445
3435 0.000000 0 0.7377 0.5878 0.3319 0.9627 0.3586 0.0000 781.854 41.582 264.444
3436 0.000000 0 0.7377 0.5879 0.3319 0.9627 0.3586 0.0000 781.830 41.591 264.432
3437 0.000000 0 0.7377 0.5879 0.3319 0.9627 0.3586 0.0000 781.829 41.592 264.431
3438 0.000000 0 0.7377 0.5879 0.3319 0.9627 0.3586 0.0000 781.809 41.600 264.415
3439 0.000000 0 0.7377 0.5879 0.3319 0.9627 0.3586 0.0000 781.807 41.601 264.413
3440 0.000000 0 0.7377 0.5879 0.3319 0.9627 0.3586 0.0000 781.788 41.610 264.396
3441 0.000000 0 0.7377 0.5879 0.3319 0.9627 0.3586 0.0000 781.787 41.610 264.395
3442 0.000000 0 0.7377 0.5880 0.3319 0.9627 0.3586 0.0000 781.768 41.619 264.378
3443 0.000000 0 0.7377 0.5880 0.3319 0.9627 0.3586 0.0000 781.766 41.619 264.377
3444 0.000000 0 0.7376 0.5880 0.3319 0.9627 0.3586 0.0000 781.744 41.628 264.363
3445 0.000000 0 0.7376 0.5880 0.3319 0.9627 0.3586 0.0000 781.742 41.628 264.362
3446 0.000000 0 0.7376 0.5880 0.3319 0.9627 0.3586 0.0000 781.720 41.637 264.348
3447 0.000000 0 0.7376 0.5880 0.3319 0.9627 0.3586 0.0000 781.718 41.637 264.346
3448 0.000000 0 0.7376 0.5880 0.3319 0.9627 0.3586 0.0000 781.697 41.645 264.332
3449 0.000000 0 0.7376 0.5881 0.3319 0.9627 0.3586 0.0000 781.685 41.649 264.325
3450 0.000000 0 0.7376 0.5881 0.3319 0.9627 0.3586 0.0000 781.673 41.653 264.317
3451 0.000000 0 0.7376 0.5881 0.3319 0.9627 0.3586 0.0000 781.660 41.657 264.309
3452 0.000000 0 0.7376 0.5881 0.3319 0.9627 0.3586 0.0000 781.638 41.664 264.294
3453 0.000000 0 0.7375 0.5881 0.3319 0.9627 0.3586 0.0000 781.623 41.668 264.285
3454 0.000000 0 0.7375 0.5881 0.3319 0.9627 0.3586 0.0000 781.614 41.671 264.280
3455 0.000000 0 0.7375 0.5882 0.3319 0.9627 0.3586 0.0000 781.602 41.674 264.272
3456 0.000000 0 0.7375 0.5882 0.3319 0.9627 0.3586 0.0000 781.591 41.677 264.265
3457 0.000000 0 0.7375 0.5882 0.3319 0.9627 0.3586 0.0000 781.579 41.680 264.257
3458 0.000000 0 0.7375 0.5882 0.3319 0.9627 0.3586 0.0000 781.555 41.685 264.242
3459 0.000000 0 0.7375 0.5882 0.3319 0.9627 0.3586 0.0000 781.553 41.685 264.240
3460 0.000000 0 0.7375 0.5882 0.3319 0.9627 0.3586 0.0000 781.543 41.687 264.234
3461 0.000000 0 0.7375 0.5882 0.3319 0.9627 0.3586 0.0000 781.531 41.690 264.227
3462 0.000000 0 0.7375 0.5882 0.3319 0.9627 0.3586 0.0000 781.520 41.692 264.219
3463 0.000000 0 0.7374 0.5883 0.3318 0.9627 0.3586 0.0000 781.507 41.694 264.211
3464 0.000000 0 0.7374 0.5883 0.3318 0.9627 0.3586 0.0000 781.496 41.696 264.204
3465 0.000000 0 0.7374 0.5883 0.3318 0.9627 0.3586 0.0000 781.472 41.700 264.189
3466 0.000000 0 0.7374 0.5883 0.3318 0.9627 0.3586 0.0000 781.469 41.700 264.187
3467 0.000000 0 0.7374 0.5883 0.3318 0.9627 0.3586 0.0000 781.449 41.704 264.174
3468 0.000000 0 0.7374 0.5883 0.3318 0.9627 0.3586 0.0000 781.447 41.704 264.172
3469 0.000000 0 0.7374 0.5884 0.3318 0.9627 0.3586 0.0000 781.426 41.707 264.158
3470 0.000000 0 0.7374 0.5884 0.3318 0.9627 0.3586 0.0000 781.424 41.708 264.157
3471 0.000000 0 0.7374 0.5884 0.3318 0.9627 0.3586 0.0000 781.403 41.711 264.143
3472 0.000000 0 0.7374 0.5884 0.3318 0.9627 0.3586 0.0000 781.400 41.711 264.141
3473 0.000000 0 0.7373 0.5884 0.3318 0.9627 0.3586 0.0000 781.380 41.714 264.127
3474 0.000000 0 0.7373 0.5884 0.3318 0.9627 0.3586 0.0000 781.378 41.715 264.126
3475 0.000000 0 0.7373 0.5884 0.3318 0.9627 0.3586 0.0000 781.357 41.718 264.112
3476 0.000000 0 0.7373 0.5884 0.3318 0.9627 0.3586 0.0000 781.355 41.719 264.110
3477 0.000000 0 0.7373 0.5885 0.3318 0.9627 0.3586 0.0000 781.334 41.722 264.096
3478 0.000000 0 0.7373 0.5885 0.3318 0.9627 0.3586 0.0000 781.331 41.723 264.094
3479 0.000000 0 0.7373 0.5885 0.3318 0.9627 0.3586 0.0000 781.311 41.726 264.080
3480 0.000000 0 0.7373 0.5885 0.3318 0.9627 0.3586 0.0000 781.309 41.727 264.079
3481 0.000000 0 0.7373 0.5885 0.3318 0.9627 0.3586 0.0000 781.288 41.731 264.064
3482 0.000000 0 0.7372 0.5885 0.3318 0.9627 0.3586 0.0000 781.286 41.731 264.062
3483 0.000000 0 0.7372 0.5886 0.3318 0.9627 0.3586 0.0000 781.265 41.735 264.048
3484 0.000000 0 0.7372 0.5886 0.3318 0.9627 0.3586 0.0000 781.263 41.736 264.046
3485 0.000000 0 0.7372 0.5886 0.3318 0.9627 0.3586 0.0000 781.242 41.741 264.032
3486 0.000000 0 0.7372 0.5886 0.3318 0.9627 0.3586 0.0000 781.240 41.741 264.030
3487 0.000000 0 0.7372 0.5886 0.3318 0.9627 0.3586 0.0000 781.219 41.747 264.015
3488 0.000000 0 0.7372 0.5886 0.3318 0.9627 0.3586 0.0000 781.209 41.749 264.008
3489 0.000000 0 0.7372 0.5886 0.3318 0.9627 0.3586 0.0000 781.207 41.750 264.006
3490 0.000000 0 0.7372 0.5886 0.3318 0.9627 0.3586 0.0000 781.186 41.756 263.990
3491 0.000000 0 0.7372 0.5887 0.3318 0.9627 0.3586 0.0000 781.184 41.757 263.989
3492 0.000000 0 0.7371 0.5887 0.3318 0.9627 0.3586 0.0000 781.163 41.764 263.974
3493 0.000000 0 0.7371 0.5887 0.3318 0.9627 0.3586 0.0000 781.161 41.764 263.972
3494 0.000000 0 0.7371 0.5887 0.3318 0.9627 0.3586 0.0000 781.141 41.771 263.957
3495 0.000000 0 0.7371 0.5887 0.3318 0.9627 0.3586 0.0000 781.130 41.776 263.948
3496 0.000000 0 0.7371 0.5887 0.3318 0.9627 0.3586 0.0000 781.125 41.777 263.945
3497 0.000000 0 0.7371 0.5887 0.3318 0.9627 0.3586 0.0000 781.107 41.784 263.931
3498 0.000000 0 0.7371 0.5887 0.3318 0.9627 0.3586 0.0000 781.105 41.785 263.929
3499 0.000000 0 0.7371 0.5888 0.3318 0.9627 0.3586 0.0000 781.085 41.793 263.914
3500 0.000000 0 0.7371 0.5888 0.3318 0.9627 0.3586 0.0000 781.083 41.794 263.912
3501 0.000000 0 0.7370 0.5888 0.3318 0.9627 0.3586 0.0000 781.063 41.802 263.897
3502 0.000000 0 0.7370 0.5888 0.3318 0.9627 0.3586 0.0000 781.061 41.803 263.895
3503 0.000000 0 0.7370 0.5888 0.3318 0.9627 0.3586 0.0000 781.041 41.811 263.879
3504 0.000000 0 0.7370 0.5888 0.3318 0.9627 0.3586 0.0000 781.039 41.812 263.877
3505 0.000000 0 0.7370 0.5889 0.3318 0.9627 0.3586 0.0000 781.020 41.820 263.862
3506 0.000000 0 0.7370 0.5889 0.3318 0.9627 0.3586 0.0000 781.017 41.821 263.860
3507 0.000000 0 0.7370 0.5889 0.3318 0.9627 0.3586 0.0000 780.997 41.830 263.844
3508 0.000000 0 0.7370 0.5889 0.3318 0.9627 0.3586 0.0000 780.995 41.831 263.842
3509 0.000000 0 0.7370 0.5889 0.3318 0.9627 0.3586 0.0000 780.976 41.839 263.826
3510 0.000000 0 0.7370 0.5889 0.3318 0.9627 0.3586 0.0000 780.974 41.839 263.824
3511 0.000000 0 0.7369 0.5889 0.3318 0.9627 0.3586 0.0000 780.954 41.847 263.808
3512 0.000000 0 0.7369 0.5889 0.3318 0.9627 0.3586 0.0000 780.952 41.848 263.807
3513 0.000000 0 0.7369 0.5890 0.3318 0.9627 0.3586 0.0000 780.932 41.856 263.790
3514 0.000000 0 0.7369 0.5890 0.3318 0.9627 0.3586 0.0000 780.930 41.857 263.789
3515 0.000000 0 0.7369 0.5890 0.3318 0.9627 0.3586 0.0000 780.922 41.860 263.781
3516 0.000000 0 0.7369 0.5890 0.3317 0.9627 0.3586 0.0000 780.900 41.868 263.764
3517 0.000000 0 0.7369 0.5890 0.3317 0.9627 0.3586 0.0000 780.898 41.868 263.762
3518 0.000000 0 0.7369 0.5890 0.3317 0.9627 0.3586 0.0000 780.876 41.876 263.743
3519 0.000000 0 0.7369 0.5890 0.3317 0.9627 0.3586 0.0000 780.873 41.876 263.741
3520 0.000000 0 0.7369 0.5891 0.3317 0.9627 0.3586 0.0000 780.857 41.881 263.728
3521 0.000000 0 0.7368 0.5891 0.3317 0.9627 0.3586 0.0000 780.836 41.888 263.710
3522 0.000000 0 0.7368 0.5891 0.3317 0.9627 0.3586 0.0000 780.833 41.888 263.708
3523 0.000000 0 0.7368 0.5891 0.3317 0.9627 0.3586 0.0000 780.814 41.893 263.691
3524 0.000000 0 0.7368 0.5891 0.3317 0.9627 0.3586 0.0000 780.812 41.894 263.690
3525 0.000000 0 0.7368 0.5891 0.3317 0.9627 0.3586 0.0000 780.792 41.898 263.674
3526 0.000000 0 0.7368 0.5892 0.3317 0.9627 0.3586 0.0000 780.781 41.900 263.665
3527 0.000000 0 0.7368 0.5892 0.3317 0.9627 0.3586 0.0000 780.760 41.905 263.647
3528 0.000000 0 0.7368 0.5892 0.3317 0.9627 0.3586 0.0000 780.758 41.905 263.645
3529 0.000000 0 0.7367 0.5892 0.3317 0.9627 0.3586 0.0000 780.738 41.908 263.629
3530 0.000000 0 0.7367 0.5892 0.3317 0.9627 0.3586 0.0000 780.736 41.909 263.627
3531 0.000000 0 0.7367 0.5892 0.3317 0.9627 0.3586 0.0000 780.727 41.910 263.620
3532 0.000000 0 0.7367 0.5893 0.3317 0.9627 0.3586 0.0000 780.705 41.914 263.602
3533 0.000000 0 0.7367 0.5893 0.3317 0.9627 0.3586 0.0000 780.674 41.918 263.577
3534 0.000000 0 0.7367 0.5893 0.3317 0.9627 0.3586 0.0000 780.672 41.919 263.575
3535 0.000000 0 0.7367 0.5893 0.3317 0.9627 0.3586 0.0000 780.651 41.922 263.558
3536 0.000000 0 0.7367 0.5893 0.3317 0.9627 0.3586 0.0000 780.648 41.922 263.556
3537 0.000000 0 0.7366 0.5894 0.3317 0.9627 0.3586 0.0000 780.629 41.925 263.541
3538 0.000000 0 0.7366 0.5894 0.3317 0.9627 0.3586 0.0000 780.627 41.925 263.539
3539 0.000000 0 0.7366 0.5894 0.3317 0.9627 0.3586 0.0000 780.607 41.928 263.523
3540 0.000000 0 0.7366 0.5894 0.3317 0.9627 0.3586 0.0000 780.604 41.929 263.522
3541 0.000000 0 0.7366 0.5894 0.3317 0.9627 0.3586 0.0000 780.596 41.930 263.515
3542 0.000000 0 0.7366 0.5894 0.3317 0.9627 0.3586 0.0000 780.574 41.934 263.498
3543 0.000000 0 0.7366 0.5894 0.3317 0.9627 0.3586 0.0000 780.572 41.934 263.496
3544 0.000000 0 0.7366 0.5894 0.3317 0.9627 0.3586 0.0000 780.551 41.938 263.481
3545 0.000000 0 0.7366 0.5895 0.3317 0.9627 0.3586 0.0000 780.549 41.939 263.479
3546 0.000000 0 0.7365 0.5895 0.3317 0.9627 0.3586 0.0000 780.529 41.944 263.464
3547 0.000000 0 0.7365 0.5895 0.3317 0.9627 0.3586 0.0000 780.527 41.944 263.463
3548 0.000000 0 0.7365 0.5895 0.3317 0.9627 0.3586 0.0000 780.507 41.950 263.448
3549 0.000000 0 0.7365 0.5895 0.3317 0.9627 0.3586 0.0000 780.505 41.950 263.447
3550 0.000000 0 0.7365 0.5895 0.3317 0.9627 0.3586 0.0000 780.495 41.953 263.440
3551 0.000000 0 0.7365 0.5895 0.3317 0.9627 0.3586 0.0000 780.473 41.960 263.424
3552 0.000000 0 0.7365 0.5895 0.3317 0.9627 0.3586 0.0000 780.470 41.960 263.422
3553 0.000000 0 0.7365 0.5896 0.3317 0.9627 0.3586 0.0000 780.449 41.966 263.408
3554 0.000000 0 0.7365 0.5896 0.3317 0.9627 0.3586 0.0000 780.447 41.966 263.407
3555 0.000000 0 0.7365 0.5896 0.3317 0.9627 0.3586 0.0000 780.426 41.973 263.392
3556 0.000000 0 0.7365 0.5896 0.3317 0.9627 0.3586 0.0000 780.424 41.973 263.391
3557 0.000000 0 0.7364 0.5896 0.3317 0.9627 0.3586 0.0000 780.414 41.976 263.385
3558 0.000000 0 0.7364 0.5896 0.3317 0.9627 0.3586 0.0000 780.391 41.984 263.369
3559 0.000000 0 0.7364 0.5896 0.3317 0.9627 0.3586 0.0000 780.388 41.985 263.367
3560 0.000000 0 0.7364 0.5897 0.3317 0.9627 0.3586 0.0000 780.367 41.992 263.354
3561 0.000000 0 0.7364 0.5897 0.3317 0.9627 0.3586 0.0000 780.365 41.993 263.352
3562 0.000000 0 0.7364 0.5897 0.3317 0.9627 0.3586 0.0000 780.343 42.001 263.338
3563 0.000000 0 0.7364 0.5897 0.3317 0.9627 0.3586 0.0000 780.341 42.002 263.337
3564 0.000000 0 0.7364 0.5897 0.3316 0.9627 0.3586 0.0000 780.320 42.010 263.322
3565 0.000000 0 0.7364 0.5897 0.3316 0.9627 0.3586 0.0000 780.318 42.011 263.321
3566 0.000000 0 0.7363 0.5898 0.3316 0.9627 0.3586 0.0000 780.297 42.020 263.307
3567 0.000000 0 0.7363 0.5898 0.3316 0.9627 0.3586 0.0000 780.295 42.020 263.306
3568 0.000000 0 0.7363 0.5898 0.3316 0.9627 0.3586 0.0000 780.274 42.029 263.292
3569 0.000000 0 0.7363 0.5898 0.3316 0.9627 0.3586 0.0000 780.272 42.030 263.290
3570 0.000000 0 0.7363 0.5898 0.3316 0.9627 0.3586 0.0000 780.250 42.038 263.276
3571 0.000000 0 0.7363 0.5898 0.3316 0.9627 0.3586 0.0000 780.248 42.039 263.275
3572 0.000000 0 0.7363 0.5898 0.3316 0.9627 0.3586 0.0000 780.227 42.047 263.261
3573 0.000000 0 0.7363 0.5898 0.3316 0.9627 0.3586 0.0000 780.225 42.048 263.260
3574 0.000000 0 0.7363 0.5899 0.3316 0.9627 0.3586 0.0000 780.203 42.056 263.246
3575 0.000000 0 0.7363 0.5899 0.3316 0.9627 0.3586 0.0000 780.201 42.057 263.244
3576 0.000000 0 0.7362 0.5899 0.3316 0.9627 0.3586 0.0000 780.180 42.065 263.231
3577 0.000000 0 0.7362 0.5899 0.3316 0.9627 0.3586 0.0000 780.178 42.065 263.229
3578 0.000000 0 0.7362 0.5899 0.3316 0.9627 0.3586 0.0000 780.149 42.075 263.211
3579 0.000000 0 0.7362 0.5899 0.3316 0.9627 0.3586 0.0000 780.144 42.076 263.208
3580 0.000000 0 0.7362 0.5899 0.3316 0.9627 0.3586 0.0000 780.133 42.080 263.201
3581 0.000000 0 0.7362 0.5900 0.3316 0.9627 0.3586 0.0000 780.121 42.084 263.193
3582 0.000000 0 0.7362 0.5900 0.3316 0.9627 0.3586 0.0000 780.109 42.087 263.185
3583 0.000000 0 0.7362 0.5900 0.3316 0.9627 0.3586 0.0000 780.097 42.090 263.178
3584 0.000000 0 0.7362 0.5900 0.3316 0.9627 0.3586 0.0000 780.085 42.094 263.170
3585 0.000000 0 0.7361 0.5900 0.3316 0.9627 0.3586 0.0000 780.062 42.100 263.155
3586 0.000000 0 0.7361 0.5900 0.3316 0.9627 0.3586 0.0000 780.059 42.100 263.154
3587 0.000000 0 0.7361 0.5901 0.3316 0.9627 0.3586 0.0000 780.038 42.105 263.140
3588 0.000000 0 0.7361 0.5901 0.3316 0.9627 0.3586 0.0000 780.036 42.105 263.139
3589 0.000000 0 0.7361 0.5901 0.3316 0.9627 0.3586 0.0000 780.026 42.107 263.133
3590 0.000000 0 0.7361 0.5901 0.3316 0.9627 0.3586 0.0000 780.002 42.112 263.118
3591 0.000000 0 0.7361 0.5901 0.3316 0.9627 0.3586 0.0000 780.000 42.112 263.116
3592 0.000000 0 0.7361 0.5901 0.3316 0.9627 0.3586 0.0000 779.979 42.116 263.103
3593 0.000000 0 0.7361 0.5901 0.3316 0.9627 0.3586 0.0000 779.976 42.116 263.101
3594 0.000000 0 0.7361 0.5901 0.3316 0.9627 0.3586 0.0000 779.967 42.118 263.095
3595 0.000000 0 0.7360 0.5902 0.3316 0.9627 0.3586 0.0000 779.944 42.121 263.080
3596 0.000000 0 0.7360 0.5902 0.3316 0.9627 0.3586 0.0000 779.942 42.122 263.079
3597 0.000000 0 0.7360 0.5902 0.3316 0.9627 0.3586 0.0000 779.920 42.125 263.065
3598 0.000000 0 0.7360 0.5902 0.3316 0.9627 0.3586 0.0000 779.918 42.125 263.063
3599 0.000000 0 0.7360 0.5902 0.3316 0.9627 0.3586 0.0000 779.897 42.128 263.049
3600 0.000000 0 0.7360 0.5902 0.3316 0.9627 0.3586 0.0000 779.895 42.128 263.048
3601 0.000000 0 0.7360 0.5902 0.3316 0.9627 0.3586 0.0000 779.873 42.131 263.034
3602 0.000000 0 0.7360 0.5903 0.3316 0.9627 0.3586 0.0000 779.871 42.132 263.032
3603 0.000000 0 0.7360 0.5903 0.3316 0.9627 0.3586 0.0000 779.850 42.135 263.018
3604 0.000000 0 0.7360 0.5903 0.3316 0.9627 0.3586 0.0000 779.848 42.135 263.017
3605 0.000000 0 0.7359 0.5903 0.3316 0.9627 0.3586 0.0000 779.827 42.138 263.003
3606 0.000000 0 0.7359 0.5903 0.3316 0.9627 0.3586 0.0000 779.825 42.138 263.001
3607 0.000000 0 0.7359 0.5903 0.3316 0.9627 0.3586 0.0000 779.804 42.142 262.987
3608 0.000000 0 0.7359 0.5903 0.3316 0.9627 0.3586 0.0000 779.802 42.142 262.985
3609 0.000000 0 0.7359 0.5904 0.3316 0.9627 0.3586 0.0000 779.781 42.146 262.971
3610 0.000000 0 0.7359 0.5904 0.3316 0.9627 0.3586 0.0000 779.779 42.146 262.970
3611 0.000000 0 0.7359 0.5904 0.3316 0.9627 0.3586 0.0000 779.758 42.151 262.955
3612 0.000000 0 0.7359 0.5904 0.3316 0.9627 0.3586 0.0000 779.756 42.151 262.954
3613 0.000000 0 0.7359 0.5904 0.3316 0.9627 0.3586 0.0000 779.735 42.156 262.939
3614 0.000000 0 0.7359 0.5904 0.3316 0.9627 0.3586 0.0000 779.733 42.156 262.937
3615 0.000000 0 0.7358 0.5904 0.3316 0.9627 0.3586 0.0000 779.712 42.161 262.922
3616 0.000000 0 0.7358 0.5904 0.3316 0.9627 0.3586 0.0000 779.710 42.162 262.921
3617 0.000000 0 0.7358 0.5905 0.3315 0.9627 0.3586 0.0000 779.690 42.168 262.906
3618 0.000000 0 0.7358 0.5905 0.3315 0.9627 0.3586 0.0000 779.688 42.168 262.905
3619 0.000000 0 0.7358 0.5905 0.3315 0.9627 0.3586 0.0000 779.667 42.174 262.889
3620 0.000000 0 0.7358 0.5905 0.3315 0.9627 0.3586 0.0000 779.665 42.175 262.888
3621 0.000000 0 0.7358 0.5905 0.3315 0.9627 0.3586 0.0000 779.645 42.182 262.873
3622 0.000000 0 0.7358 0.5905 0.3315 0.9627 0.3586 0.0000 779.643 42.182 262.871
3623 0.000000 0 0.7358 0.5906 0.3315 0.9627 0.3586 0.0000 779.622 42.190 262.856
3624 0.000000 0 0.7357 0.5906 0.3315 0.9627 0.3586 0.0000 779.621 42.190 262.854
3625 0.000000 0 0.7357 0.5906 0.3315 0.9627 0.3586 0.0000 779.600 42.198 262.839
3626 0.000000 0 0.7357 0.5906 0.3315 0.9627 0.3586 0.0000 779.598 42.199 262.837
3627 0.000000 0 0.7357 0.5906 0.3315 0.9627 0.3586 0.0000 779.578 42.207 262.821
3628 0.000000 0 0.7357 0.5906 0.3315 0.9627 0.3586 0.0000 779.576 42.207 262.820
3629 0.000000 0 0.7357 0.5906 0.3315 0.9627 0.3586 0.0000 779.556 42.216 262.804
3630 0.000000 0 0.7357 0.5906 0.3315 0.9627 0.3586 0.0000 779.554 42.216 262.803
3631 0.000000 0 0.7357 0.5907 0.3315 0.9627 0.3586 0.0000 779.534 42.225 262.787
3632 0.000000 0 0.7357 0.5907 0.3315 0.9627 0.3586 0.0000 779.530 42.227 262.784
3633 0.000000 0 0.7356 0.5907 0.3315 0.9627 0.3586 0.0000 779.512 42.234 262.769
3634 0.000000 0 0.7356 0.5907 0.3315 0.9627 0.3586 0.0000 779.510 42.235 262.768
3635 0.000000 0 0.7356 0.5907 0.3315 0.9627 0.3586 0.0000 779.490 42.244 262.752
3636 0.000000 0 0.7356 0.5907 0.3315 0.9627 0.3586 0.0000 779.488 42.244 262.750
3637 0.000000 0 0.7356 0.5907 0.3315 0.9627 0.3586 0.0000 779.468 42.253 262.734
3638 0.000000 0 0.7356 0.5907 0.3315 0.9627 0.3586 0.0000 779.467 42.253 262.733
3639 0.000000 0 0.7356 0.5908 0.3315 0.9627 0.3586 0.0000 779.458 42.257 262.725
3640 0.000000 0 0.7356 0.5908 0.3315 0.9627 0.3586 0.0000 779.447 42.261 262.716
3641 0.000000 0 0.7356 0.5908 0.3315 0.9627 0.3586 0.0000 779.436 42.266 262.707
3642 0.000000 0 0.7356 0.5908 0.3315 0.9627 0.3586 0.0000 779.424 42.270 262.698
3643 0.000000 0 0.7355 0.5908 0.3315 0.9627 0.3586 0.0000 779.403 42.278 262.681
3644 0.000000 0 0.7355 0.5908 0.3315 0.9627 0.3586 0.0000 779.401 42.279 262.679
3645 0.000000 0 0.7355 0.5909 0.3315 0.9627 0.3586 0.0000 779.381 42.286 262.663
3646 0.000000 0 0.7355 0.5909 0.3315 0.9627 0.3586 0.0000 779.379 42.286 262.661
3647 0.000000 0 0.7355 0.5909 0.3315 0.9627 0.3586 0.0000 779.359 42.293 262.645
3648 0.000000 0 0.7355 0.5909 0.3315 0.9627 0.3586 0.0000 779.358 42.293 262.643
3649 0.000000 0 0.7355 0.5909 0.3315 0.9627 0.3586 0.0000 779.338 42.299 262.627
3650 0.000000 0 0.7355 0.5909 0.3315 0.9627 0.3586 0.0000 779.336 42.300 262.625
3651 0.000000 0 0.7355 0.5909 0.3315 0.9627 0.3586 0.0000 779.316 42.305 262.609
3652 0.000000 0 0.7355 0.5909 0.3315 0.9627 0.3586 0.0000 779.314 42.305 262.608
3653 0.000000 0 0.7354 0.5910 0.3315 0.9627 0.3586 0.0000 779.294 42.310 262.591
3654 0.000000 0 0.7354 0.5910 0.3315 0.9627 0.3586 0.0000 779.293 42.311 262.589
3655 0.000000 0 0.7354 0.5910 0.3315 0.9627 0.3586 0.0000 779.273 42.315 262.573
3656 0.000000 0 0.7354 0.5910 0.3315 0.9627 0.3586 0.0000 779.271 42.316 262.571
3657 0.000000 0 0.7354 0.5910 0.3315 0.9627 0.3586 0.0000 779.251 42.320 262.555
3658 0.000000 0 0.7354 0.5910 0.3315 0.9627 0.3586 0.0000 779.249 42.320 262.554
3659 0.000000 0 0.7354 0.5910 0.3315 0.9627 0.3586 0.0000 779.229 42.323 262.537
3660 0.000000 0 0.7354 0.5911 0.3315 0.9627 0.3586 0.0000 779.227 42.324 262.536
3661 0.000000 0 0.7354 0.5911 0.3315 0.9627 0.3586 0.0000 779.212 42.326 262.523
3662 0.000000 0 0.7354 0.5911 0.3315 0.9627 0.3586 0.0000 779.207 42.327 262.519
3663 0.000000 0 0.7354 0.5911 0.3315 0.9627 0.3586 0.0000 779.196 42.329 262.510
3664 0.000000 0 0.7353 0.5911 0.3315 0.9627 0.3586 0.0000 779.185 42.330 262.502
3665 0.000000 0 0.7353 0.5911 0.3315 0.9627 0.3586 0.0000 779.174 42.332 262.493
3666 0.000000 0 0.7353 0.5911 0.3315 0.9627 0.3586 0.0000 779.163 42.333 262.484
3667 0.000000 0 0.7353 0.5911 0.3315 0.9627 0.3586 0.0000 779.152 42.335 262.475
3668 0.000000 0 0.7353 0.5912 0.3315 0.9627 0.3586 0.0000 779.141 42.336 262.466
3669 0.000000 0 0.7353 0.5912 0.3315 0.9627 0.3586 0.0000 779.130 42.338 262.458
3670 0.000000 0 0.7353 0.5912 0.3314 0.9627 0.3586 0.0000 779.108 42.340 262.440
3671 0.000000 0 0.7353 0.5912 0.3314 0.9627 0.3586 0.0000 779.105 42.340 262.438
3672 0.000000 0 0.7353 0.5912 0.3314 0.9627 0.3586 0.0000 779.086 42.343 262.422
3673 0.000000 0 0.7352 0.5912 0.3314 0.9627 0.3586 0.0000 779.084 42.343 262.421
3674 0.000000 0 0.7352 0.5912 0.3314 0.9627 0.3586 0.0000 779.075 42.344 262.414
3675 0.000000 0 0.7352 0.5913 0.3314 0.9627 0.3586 0.0000 779.052 42.347 262.396
3676 0.000000 0 0.7352 0.5913 0.3314 0.9627 0.3586 0.0000 779.050 42.348 262.394
3677 0.000000 0 0.7352 0.5913 0.3314 0.9627 0.3586 0.0000 779.030 42.351 262.379
3678 0.000000 0 0.7352 0.5913 0.3314 0.9627 0.3586 0.0000 779.028 42.351 262.377
3679 0.000000 0 0.7352 0.5913 0.3314 0.9627 0.3586 0.0000 779.007 42.355 262.361
3680 0.000000 0 0.7352 0.5913 0.3314 0.9627 0.3586 0.0000 779.005 42.355 262.360
3681 0.000000 0 0.7352 0.5914 0.3314 0.9627 0.3586 0.0000 778.984 42.359 262.344
3682 0.000000 0 0.7352 0.5914 0.3314 0.9627 0.3586 0.0000 778.982 42.360 262.343
3683 0.000000 0 0.7351 0.5914 0.3314 0.9627 0.3586 0.0000 778.961 42.365 262.327
3684 0.000000 0 0.7351 0.5914 0.3314 0.9627 0.3586 0.0000 778.959 42.365 262.326
3685 0.000000 0 0.7351 0.5914 0.3314 0.9627 0.3586 0.0000 778.938 42.370 262.311
3686 0.000000 0 0.7351 0.5914 0.3314 0.9627 0.3586 0.0000 778.936 42.371 262.309
3687 0.000000 0 0.7351 0.5914 0.3314 0.9627 0.3586 0.0000 778.915 42.377 262.294
3688 0.000000 0 0.7351 0.5914 0.3314 0.9627 0.3586 0.0000 778.913 42.377 262.293
3689 0.000000 0 0.7351 0.5915 0.3314 0.9627 0.3586 0.0000 778.892 42.383 262.278
3690 0.000000 0 0.7351 0.5915 0.3314 0.9627 0.3586 0.0000 778.890 42.384 262.276
3691 0.000000 0 0.7351 0.5915 0.3314 0.9627 0.3586 0.0000 778.881 42.387 262.270
3692 0.000000 0 0.7350 0.5915 0.3314 0.9627 0.3586 0.0000 778.857 42.395 262.253
3693 0.000000 0 0.7350 0.5915 0.3314 0.9627 0.3586 0.0000 778.855 42.395 262.252
3694 0.000000 0 0.7350 0.5915 0.3314 0.9627 0.3586 0.0000 778.834 42.403 262.237
3695 0.000000 0 0.7350 0.5915 0.3314 0.9627 0.3586 0.0000 778.831 42.404 262.235
3696 0.000000 0 0.7350 0.5916 0.3314 0.9627 0.3586 0.0000 778.811 42.411 262.221
3697 0.000000 0 0.7350 0.5916 0.3314 0.9627 0.3586 0.0000 778.808 42.412 262.220
3698 0.000000 0 0.7350 0.5916 0.3314 0.9627 0.3586 0.0000 778.787 42.419 262.205
3699 0.000000 0 0.7350 0.5916 0.3314 0.9627 0.3586 0.0000 778.785 42.420 262.204
3700 0.000000 0 0.7350 0.5916 0.3314 0.9627 0.3586 0.0000 778.763 42.428 262.190
3701 0.000000 0 0.7350 0.5916 0.3314 0.9627 0.3586 0.0000 778.761 42.429 262.188
3702 0.000000 0 0.7349 0.5916 0.3314 0.9627 0.3586 0.0000 778.740 42.436 262.174
3703 0.000000 0 0.7349 0.5916 0.3314 0.9627 0.3586 0.0000 778.737 42.437 262.172
3704 0.000000 0 0.7349 0.5917 0.3314 0.9627 0.3586 0.0000 778.716 42.445 262.158
3705 0.000000 0 0.7349 0.5917 0.3314 0.9627 0.3586 0.0000 778.713 42.446 262.157
3706 0.000000 0 0.7349 0.5917 0.3314 0.9627 0.3586 0.0000 778.692 42.453 262.143
3707 0.000000 0 0.7349 0.5917 0.3314 0.9627 0.3586 0.0000 778.655 42.465 262.119
3708 0.000000 0 0.7349 0.5918 0.3314 0.9627 0.3586 0.0000 778.644 42.468 262.112
3709 0.000000 0 0.7349 0.5918 0.3314 0.9627 0.3586 0.0000 778.632 42.472 262.105
3710 0.000000 0 0.7348 0.5918 0.3314 0.9627 0.3586 0.0000 778.608 42.479 262.089
3711 0.000000 0 0.7348 0.5918 0.3314 0.9627 0.3586 0.0000 778.605 42.479 262.088
3712 0.000000 0 0.7348 0.5918 0.3314 0.9627 0.3586 0.0000 778.584 42.485 262.074
3713 0.000000 0 0.7348 0.5918 0.3314 0.9627 0.3586 0.0000 778.582 42.485 262.073
3714 0.000000 0 0.7348 0.5918 0.3314 0.9627 0.3586 0.0000 778.560 42.490 262.059
3715 0.000000 0 0.7348 0.5919 0.3314 0.9627 0.3586 0.0000 778.558 42.491 262.057
3716 0.000000 0 0.7348 0.5919 0.3314 0.9627 0.3586 0.0000 778.536 42.495 262.043
3717 0.000000 0 0.7348 0.5919 0.3314 0.9627 0.3586 0.0000 778.534 42.496 262.042
3718 0.000000 0 0.7347 0.5919 0.3314 0.9627 0.3586 0.0000 778.512 42.500 262.028
3719 0.000000 0 0.7347 0.5919 0.3314 0.9627 0.3586 0.0000 778.510 42.500 262.027
3720 0.000000 0 0.7347 0.5919 0.3313 0.9627 0.3586 0.0000 778.488 42.504 262.013
3721 0.000000 0 0.7347 0.5919 0.3313 0.9627 0.3586 0.0000 778.486 42.504 262.012
3722 0.000000 0 0.7347 0.5920 0.3313 0.9627 0.3586 0.0000 778.464 42.507 261.998
3723 0.000000 0 0.7347 0.5920 0.3313 0.9627 0.3586 0.0000 778.462 42.507 261.996
3724 0.000000 0 0.7347 0.5920 0.3313 0.9627 0.3586 0.0000 778.439 42.509 261.982
3725 0.000000 0 0.7347 0.5920 0.3313 0.9627 0.3586 0.0000 778.438 42.508 261.981
3726 0.000000 0 0.7347 0.5920 0.3313 0.9627 0.3586 0.0000 778.414 42.508 261.966
3727 0.000000 0 0.7347 0.5920 0.3313 0.9627 0.3586 0.0000 778.412 42.508 261.965
3728 0.000000 0 0.7346 0.5920 0.3313 0.9627 0.3586 0.0000 778.389 42.507 261.951
3729 0.000000 0 0.7346 0.5920 0.3313 0.9627 0.3586 0.0000 778.387 42.507 261.949
3730 0.000000 0 0.7346 0.5921 0.3313 0.9627 0.3586 0.0000 778.377 42.506 261.943
3731 0.000000 0 0.7346 0.5921 0.3313 0.9627 0.3586 0.0000 778.364 42.506 261.935
3732 0.000000 0 0.7346 0.5921 0.3313 0.9627 0.3586 0.0000 778.339 42.505 261.919
3733 0.000000 0 0.7346 0.5921 0.3313 0.9627 0.3586 0.0000 778.336 42.505 261.917
3734 0.000000 0 0.7346 0.5921 0.3313 0.9627 0.3586 0.0000 778.314 42.505 261.903
3735 0.000000 0 0.7346 0.5921 0.3313 0.9627 0.3586 0.0000 778.312 42.505 261.902
3736 0.000000 0 0.7346 0.5922 0.3313 0.9627 0.3586 0.0000 778.290 42.504 261.887
3737 0.000000 0 0.7346 0.5922 0.3313 0.9627 0.3586 0.0000 778.287 42.504 261.885
3738 0.000000 0 0.7345 0.5922 0.3313 0.9627 0.3586 0.0000 778.265 42.504 261.870
3739 0.000000 0 0.7345 0.5922 0.3313 0.9627 0.3586 0.0000 778.263 42.504 261.869
3740 0.000000 0 0.7345 0.5922 0.3313 0.9627 0.3586 0.0000 778.240 42.504 261.854
3741 0.000000 0 0.7345 0.5922 0.3313 0.9627 0.3586 0.0000 778.238 42.505 261.853
3742 0.000000 0 0.7345 0.5922 0.3313 0.9627 0.3586 0.0000 778.215 42.505 261.837
3743 0.000000 0 0.7345 0.5922 0.3313 0.9627 0.3586 0.0000 778.213 42.505 261.836
3744 0.000000 0 0.7345 0.5923 0.3313 0.9627 0.3586 0.0000 778.191 42.507 261.820
3745 0.000000 0 0.7345 0.5923 0.3313 0.9627 0.3586 0.0000 778.189 42.507 261.819
3746 0.000000 0 0.7345 0.5923 0.3313 0.9627 0.3586 0.0000 778.167 42.509 261.804
3747 0.000000 0 0.7345 0.5923 0.3313 0.9627 0.3586 0.0000 778.164 42.509 261.802
3748 0.000000 0 0.7344 0.5923 0.3313 0.9627 0.3586 0.0000 778.143 42.511 261.787
3749 0.000000 0 0.7344 0.5923 0.3313 0.9627 0.3586 0.0000 778.141 42.512 261.785
3750 0.000000 0 0.7344 0.5923 0.3313 0.9627 0.3586 0.0000 778.118 42.515 261.769
3751 0.000000 0 0.7344 0.5923 0.3313 0.9627 0.3586 0.0000 778.116 42.515 261.768
3752 0.000000 0 0.7344 0.5924 0.3313 0.9627 0.3586 0.0000 778.094 42.518 261.752
3753 0.000000 0 0.7344 0.5924 0.3313 0.9627 0.3586 0.0000 778.092 42.519 261.751
3754 0.000000 0 0.7344 0.5924 0.3313 0.9627 0.3586 0.0000 778.071 42.523 261.735
3755 0.000000 0 0.7344 0.5924 0.3313 0.9627 0.3586 0.0000 778.069 42.523 261.733
3756 0.000000 0 0.7344 0.5924 0.3313 0.9627 0.3586 0.0000 778.047 42.528 261.717
3757 0.000000 0 0.7344 0.5924 0.3313 0.9627 0.3586 0.0000 778.045 42.528 261.716
3758 0.000000 0 0.7343 0.5925 0.3313 0.9627 0.3586 0.0000 778.023 42.533 261.699
3759 0.000000 0 0.7343 0.5925 0.3313 0.9627 0.3586 0.0000 778.021 42.533 261.698
3760 0.000000 0 0.7343 0.5925 0.3313 0.9627 0.3586 0.0000 778.000 42.538 261.681
3761 0.000000 0 0.7343 0.5925 0.3313 0.9627 0.3586 0.0000 777.998 42.539 261.680
3762 0.000000 0 0.7343 0.5925 0.3313 0.9627 0.3586 0.0000 777.976 42.544 261.663
3763 0.000000 0 0.7343 0.5925 0.3313 0.9627 0.3586 0.0000 777.975 42.544 261.662
3764 0.000000 0 0.7343 0.5925 0.3313 0.9627 0.3586 0.0000 777.953 42.550 261.645
3765 0.000000 0 0.7343 0.5925 0.3313 0.9627 0.3586 0.0000 777.951 42.550 261.644
3766 0.000000 0 0.7343 0.5926 0.3313 0.9627 0.3586 0.0000 777.930 42.555 261.627
3767 0.000000 0 0.7343 0.5926 0.3313 0.9627 0.3586 0.0000 777.925 42.556 261.623
3768 0.000000 0 0.7342 0.5926 0.3313 0.9627 0.3586 0.0000 777.907 42.561 261.609
3769 0.000000 0 0.7342 0.5926 0.3313 0.9627 0.3586 0.0000 777.905 42.561 261.607
3770 0.000000 0 0.7342 0.5926 0.3313 0.9627 0.3586 0.0000 777.883 42.566 261.590
3771 0.000000 0 0.7342 0.5926 0.3313 0.9627 0.3586 0.0000 777.881 42.566 261.589
3772 0.000000 0 0.7342 0.5926 0.3313 0.9627 0.3586 0.0000 777.860 42.571 261.572
3773 0.000000 0 0.7342 0.5926 0.3313 0.9627 0.3586 0.0000 777.858 42.571 261.570
3774 0.000000 0 0.7342 0.5927 0.3312 0.9627 0.3586 0.0000 777.837 42.575 261.553
3775 0.000000 0 0.7342 0.5927 0.3312 0.9627 0.3586 0.0000 777.835 42.575 261.552
3776 0.000000 0 0.7342 0.5927 0.3312 0.9627 0.3586 0.0000 777.814 42.578 261.535
3777 0.000000 0 0.7342 0.5927 0.3312 0.9627 0.3586 0.0000 777.812 42.579 261.533
3778 0.000000 0 0.7341 0.5927 0.3312 0.9627 0.3586 0.0000 777.791 42.582 261.516
3779 0.000000 0 0.7341 0.5927 0.3312 0.9627 0.3586 0.0000 777.789 42.582 261.515
3780 0.000000 0 0.7341 0.5928 0.3312 0.9627 0.3586 0.0000 777.768 42.584 261.497
3781 0.000000 0 0.7341 0.5928 0.3312 0.9627 0.3586 0.0000 777.765 42.584 261.495
3782 0.000000 0 0.7341 0.5928 0.3312 0.9627 0.3586 0.0000 777.745 42.586 261.479
3783 0.000000 0 0.7341 0.5928 0.3312 0.9627 0.3586 0.0000 777.743 42.586 261.477
3784 0.000000 0 0.7341 0.5928 0.3312 0.9627 0.3586 0.0000 777.722 42.587 261.460
3785 0.000000 0 0.7341 0.5928 0.3312 0.9627 0.3586 0.0000 777.720 42.587 261.459
3786 0.000000 0 0.7341 0.5928 0.3312 0.9627 0.3586 0.0000 777.699 42.588 261.442
3787 0.000000 0 0.7340 0.5928 0.3312 0.9627 0.3586 0.0000 777.697 42.588 261.440
3788 0.000000 0 0.7340 0.5929 0.3312 0.9627 0.3586 0.0000 777.676 42.588 261.423
3789 0.000000 0 0.7340 0.5929 0.3312 0.9627 0.3586 0.0000 777.674 42.588 261.422
3790 0.000000 0 0.7340 0.5929 0.3312 0.9627 0.3586 0.0000 777.653 42.588 261.405
3791 0.000000 0 0.7340 0.5929 0.3312 0.9627 0.3586 0.0000 777.650 42.588 261.403
3792 0.000000 0 0.7340 0.5929 0.3312 0.9627 0.3586 0.0000 777.629 42.588 261.386
3793 0.000000 0 0.7340 0.5929 0.3312 0.9627 0.3586 0.0000 777.628 42.588 261.385
3794 0.000000 0 0.7340 0.5929 0.3312 0.9627 0.3586 0.0000 777.618 42.587 261.377
3795 0.000000 0 0.7340 0.5930 0.3312 0.9627 0.3586 0.0000 777.594 42.586 261.359
3796 0.000000 0 0.7340 0.5930 0.3312 0.9627 0.3586 0.0000 777.592 42.586 261.357
3797 0.000000 0 0.7339 0.5930 0.3312 0.9627 0.3586 0.0000 777.571 42.586 261.341
3798 0.000000 0 0.7339 0.5930 0.3312 0.9627 0.3586 0.0000 777.558 42.585 261.330
3799 0.000000 0 0.7339 0.5930 0.3312 0.9627 0.3586 0.0000 777.547 42.585 261.323
3800 0.000000 0 0.7339 0.5930 0.3312 0.9627 0.3586 0.0000 777.524 42.584 261.305
3801 0.000000 0 0.7339 0.5930 0.3312 0.9627 0.3586 0.0000 777.522 42.584 261.303
3802 0.000000 0 0.7339 0.5931 0.3312 0.9627 0.3586 0.0000 777.500 42.584 261.287
3803 0.000000 0 0.7339 0.5931 0.3312 0.9627 0.3586 0.0000 777.477 42.584 261.269
3804 0.000000 0 0.7339 0.5931 0.3312 0.9627 0.3586 0.0000 777.474 42.584 261.268
3805 0.000000 0 0.7338 0.5931 0.3312 0.9627 0.3586 0.0000 777.453 42.585 261.252
3806 0.000000 0 0.7338 0.5932 0.3312 0.9627 0.3586 0.0000 777.419 42.587 261.227
3807 0.000000 0 0.7338 0.5932 0.3312 0.9627 0.3586 0.0000 777.414 42.587 261.224
3808 0.000000 0 0.7338 0.5932 0.3312 0.9627 0.3586 0.0000 777.393 42.588 261.209
3809 0.000000 0 0.7338 0.5932 0.3312 0.9627 0.3586 0.0000 777.391 42.589 261.208
3810 0.000000 0 0.7338 0.5932 0.3312 0.9627 0.3586 0.0000 777.368 42.591 261.192
3811 0.000000 0 0.7337 0.5933 0.3312 0.9627 0.3586 0.0000 777.344 42.594 261.175
3812 0.000000 0 0.7337 0.5933 0.3312 0.9627 0.3586 0.0000 777.319 42.598 261.158
3813 0.000000 0 0.7337 0.5933 0.3312 0.9627 0.3586 0.0000 777.307 42.600 261.150
3814 0.000000 0 0.7337 0.5933 0.3312 0.9627 0.3586 0.0000 777.292 42.602 261.140
3815 0.000000 0 0.7337 0.5933 0.3312 0.9627 0.3586 0.0000 777.282 42.604 261.134
3816 0.000000 0 0.7337 0.5933 0.3312 0.9627 0.3586 0.0000 777.270 42.606 261.125
3817 0.000000 0 0.7337 0.5933 0.3312 0.9627 0.3586 0.0000 777.257 42.609 261.117
3818 0.000000 0 0.7337 0.5934 0.3312 0.9627 0.3586 0.0000 777.245 42.611 261.109
3819 0.000000 0 0.7337 0.5934 0.3312 0.9627 0.3586 0.0000 777.233 42.614 261.101
3820 0.000000 0 0.7336 0.5934 0.3312 0.9627 0.3586 0.0000 777.220 42.616 261.093
3821 0.000000 0 0.7336 0.5934 0.3311 0.9627 0.3586 0.0000 777.208 42.619 261.085
3822 0.000000 0 0.7336 0.5934 0.3311 0.9627 0.3586 0.0000 777.195 42.622 261.077
3823 0.000000 0 0.7336 0.5934 0.3311 0.9627 0.3586 0.0000 777.183 42.624 261.069
3824 0.000000 0 0.7336 0.5934 0.3311 0.9627 0.3586 0.0000 777.170 42.627 261.061
3825 0.000000 0 0.7336 0.5935 0.3311 0.9627 0.3586 0.0000 777.158 42.630 261.053
3826 0.000000 0 0.7336 0.5935 0.3311 0.9627 0.3586 0.0000 777.145 42.632 261.045
3827 0.000000 0 0.7336 0.5935 0.3311 0.9627 0.3586 0.0000 777.133 42.635 261.038
3828 0.000000 0 0.7336 0.5935 0.3311 0.9627 0.3586 0.0000 777.120 42.637 261.029
3829 0.000000 0 0.7335 0.5935 0.3311 0.9627 0.3586 0.0000 777.107 42.640 261.022
3830 0.000000 0 0.7335 0.5935 0.3311 0.9627 0.3586 0.0000 777.095 42.642 261.014
3831 0.000000 0 0.7335 0.5935 0.3311 0.9627 0.3586 0.0000 777.082 42.644 261.006
3832 0.000000 0 0.7335 0.5936 0.3311 0.9627 0.3586 0.0000 777.070 42.646 260.998
3833 0.000000 0 0.7335 0.5936 0.3311 0.9627 0.3586 0.0000 777.057 42.648 260.991
3834 0.000000 0 0.7335 0.5936 0.3311 0.9627 0.3586 0.0000 777.044 42.650 260.983
3835 0.000000 0 0.7335 0.5936 0.3311 0.9627 0.3586 0.0000 777.031 42.652 260.975
3836 0.000000 0 0.7335 0.5936 0.3311 0.9627 0.3586 0.0000 777.018 42.654 260.967
3837 0.000000 0 0.7335 0.5936 0.3311 0.9627 0.3586 0.0000 777.006 42.655 260.959
3838 0.000000 0 0.7335 0.5936 0.3311 0.9627 0.3586 0.0000 776.993 42.656 260.952
3839 0.000000 0 0.7334 0.5937 0.3311 0.9627 0.3586 0.0000 776.981 42.657 260.944
3840 0.000000 0 0.7334 0.5937 0.3311 0.9627 0.3586 0.0000 776.968 42.658 260.936
3841 0.000000 0 0.7334 0.5937 0.3311 0.9627 0.3586 0.0000 776.956 42.660 260.929
3842 0.000000 0 0.7334 0.5937 0.3311 0.9627 0.3586 0.0000 776.943 42.661 260.921
3843 0.000000 0 0.7334 0.5937 0.3311 0.9627 0.3586 0.0000 776.930 42.665 260.916
3844 0.000000 0 0.7334 0.5937 0.3311 0.9627 0.3586 0.0000 776.918 42.668 260.910
3845 0.000000 0 0.7334 0.5937 0.3311 0.9627 0.3586 0.0000 776.908 42.672 260.901
3846 0.000000 0 0.7334 0.5938 0.3311 0.9627 0.3586 0.0000 776.888 42.679 260.885
3847 0.000000 0 0.7334 0.5938 0.3311 0.9627 0.3586 0.0000 776.887 42.680 260.883
3848 0.000000 0 0.7333 0.5938 0.3311 0.9627 0.3586 0.0000 776.870 42.686 260.867
3849 0.000000 0 0.7333 0.5938 0.3311 0.9627 0.3586 0.0000 776.869 42.687 260.865
3850 0.000000 0 0.7333 0.5938 0.3311 0.9627 0.3586 0.0000 776.853 42.693 260.847
3851 0.000000 0 0.7333 0.5938 0.3311 0.9627 0.3586 0.0000 776.852 42.694 260.846
3852 0.000000 0 0.7333 0.5938 0.3311 0.9627 0.3586 0.0000 776.838 42.700 260.827
3853 0.000000 0 0.7333 0.5938 0.3311 0.9627 0.3586 0.0000 776.836 42.701 260.825
3854 0.000000 0 0.7333 0.5939 0.3311 0.9627 0.3586 0.0000 776.823 42.708 260.807
3855 0.000000 0 0.7333 0.5939 0.3311 0.9627 0.3586 0.0000 776.806 42.718 260.776
3856 0.000000 0 0.7332 0.5939 0.3311 0.9627 0.3586 0.0000 776.805 42.719 260.774
3857 0.000000 0 0.7332 0.5939 0.3311 0.9627 0.3586 0.0000 776.794 42.727 260.751
3858 0.000000 0 0.7332 0.5939 0.3311 0.9627 0.3586 0.0000 776.794 42.728 260.749
3859 0.000000 0 0.7332 0.5940 0.3311 0.9627 0.3586 0.0000 776.785 42.735 260.728
3860 0.000000 0 0.7332 0.5940 0.3311 0.9627 0.3586 0.0000 776.784 42.736 260.727
3861 0.000000 0 0.7332 0.5940 0.3311 0.9627 0.3586 0.0000 776.772 42.744 260.708
3862 0.000000 0 0.7332 0.5940 0.3311 0.9627 0.3586 0.0000 776.771 42.745 260.707
3863 0.000000 0 0.7332 0.5940 0.3311 0.9627 0.3586 0.0000 776.759 42.753 260.688
3864 0.000000 0 0.7332 0.5940 0.3311 0.9627 0.3586 0.0000 776.758 42.754 260.686
3865 0.000000 0 0.7331 0.5940 0.3311 0.9627 0.3586 0.0000 776.746 42.762 260.668
3866 0.000000 0 0.7331 0.5941 0.3311 0.9627 0.3586 0.0000 776.745 42.763 260.666
3867 0.000000 0 0.7331 0.5941 0.3311 0.9627 0.3586 0.0000 776.734 42.772 260.647
3868 0.000000 0 0.7331 0.5941 0.3311 0.9627 0.3586 0.0000 776.733 42.773 260.646
3869 0.000000 0 0.7331 0.5941 0.3311 0.9627 0.3586 0.0000 776.720 42.783 260.625
3870 0.000000 0 0.7331 0.5941 0.3311 0.9627 0.3586 0.0000 776.711 42.792 260.609
3871 0.000000 0 0.7331 0.5941 0.3310 0.9627 0.3586 0.0000 776.707 42.795 260.603
3872 0.000000 0 0.7331 0.5942 0.3310 0.9627 0.3586 0.0000 776.700 42.802 260.592
3873 0.000000 0 0.7331 0.5942 0.3310 0.9627 0.3586 0.0000 776.697 42.805 260.586
3874 0.000000 0 0.7330 0.5942 0.3310 0.9627 0.3586 0.0000 776.688 42.814 260.571
3875 0.000000 0 0.7330 0.5942 0.3310 0.9627 0.3586 0.0000 776.685 42.816 260.565
3876 0.000000 0 0.7330 0.5942 0.3310 0.9627 0.3586 0.0000 776.678 42.822 260.554
3877 0.000000 0 0.7330 0.5942 0.3310 0.9627 0.3586 0.0000 776.666 42.832 260.532
3878 0.000000 0 0.7330 0.5942 0.3310 0.9627 0.3586 0.0000 776.665 42.832 260.529
3879 0.000000 0 0.7330 0.5943 0.3310 0.9627 0.3586 0.0000 776.654 42.840 260.508
3880 0.000000 0 0.7330 0.5943 0.3310 0.9627 0.3586 0.0000 776.652 42.841 260.505
3881 0.000000 0 0.7330 0.5943 0.3310 0.9627 0.3586 0.0000 776.641 42.848 260.483
3882 0.000000 0 0.7330 0.5943 0.3310 0.9627 0.3586 0.0000 776.639 42.849 260.480
3883 0.000000 0 0.7330 0.5943 0.3310 0.9627 0.3586 0.0000 776.628 42.857 260.458
3884 0.000000 0 0.7329 0.5943 0.3310 0.9627 0.3586 0.0000 776.620 42.864 260.440
3885 0.000000 0 0.7329 0.5943 0.3310 0.9627 0.3586 0.0000 776.616 42.866 260.433
3886 0.000000 0 0.7329 0.5944 0.3310 0.9627 0.3586 0.0000 776.604 42.876 260.408
3887 0.000000 0 0.7329 0.5944 0.3310 0.9627 0.3586 0.0000 776.602 42.877 260.405
3888 0.000000 0 0.7329 0.5944 0.3310 0.9627 0.3586 0.0000 776.591 42.885 260.383
3889 0.000000 0 0.7329 0.5944 0.3310 0.9627 0.3586 0.0000 776.590 42.886 260.381
3890 0.000000 0 0.7329 0.5944 0.3310 0.9627 0.3586 0.0000 776.579 42.894 260.358
3891 0.000000 0 0.7329 0.5944 0.3310 0.9627 0.3586 0.0000 776.578 42.895 260.355
3892 0.000000 0 0.7328 0.5944 0.3310 0.9627 0.3586 0.0000 776.567 42.903 260.332
3893 0.000000 0 0.7328 0.5945 0.3310 0.9627 0.3586 0.0000 776.559 42.909 260.316
3894 0.000000 0 0.7328 0.5945 0.3310 0.9627 0.3586 0.0000 776.555 42.912 260.307
3895 0.000000 0 0.7328 0.5945 0.3310 0.9627 0.3586 0.0000 776.544 42.920 260.282
3896 0.000000 0 0.7327 0.5946 0.3310 0.9627 0.3586 0.0000 776.490 42.952 260.168
3897 0.000000 0 0.7327 0.5946 0.3310 0.9627 0.3586 0.0000 776.488 42.954 260.163
3898 0.000000 0 0.7327 0.5947 0.3310 0.9627 0.3586 0.0000 776.478 42.958 260.143
3899 0.000000 0 0.7327 0.5947 0.3310 0.9627 0.3586 0.0000 776.473 42.960 260.130
3900 0.000000 0 0.7327 0.5947 0.3310 0.9627 0.3586 0.0000 776.467 42.963 260.118
3901 0.000000 0 0.7327 0.5947 0.3310 0.9627 0.3586 0.0000 776.461 42.965 260.105
3902 0.000000 0 0.7327 0.5947 0.3310 0.9627 0.3586 0.0000 776.455 42.967 260.092
3903 0.000000 0 0.7326 0.5947 0.3310 0.9627 0.3586 0.0000 776.449 42.969 260.080
3904 0.000000 0 0.7326 0.5947 0.3310 0.9627 0.3586 0.0000 776.443 42.971 260.067
3905 0.000000 0 0.7326 0.5947 0.3310 0.9627 0.3586 0.0000 776.437 42.973 260.055
3906 0.000000 0 0.7326 0.5948 0.3310 0.9627 0.3586 0.0000 776.431 42.975 260.042
3907 0.000000 0 0.7326 0.5948 0.3310 0.9627 0.3586 0.0000 776.419 42.979 260.017
3908 0.000000 0 0.7326 0.5948 0.3310 0.9627 0.3586 0.0000 776.418 42.979 260.014
3909 0.000000 0 0.7326 0.5948 0.3310 0.9627 0.3586 0.0000 776.406 42.982 259.992
3910 0.000000 0 0.7326 0.5948 0.3310 0.9627 0.3586 0.0000 776.406 42.982 259.990
3911 0.000000 0 0.7325 0.5948 0.3310 0.9627 0.3586 0.0000 776.394 42.985 259.967
3912 0.000000 0 0.7325 0.5948 0.3310 0.9627 0.3586 0.0000 776.393 42.986 259.965
3913 0.000000 0 0.7325 0.5949 0.3309 0.9627 0.3586 0.0000 776.382 42.989 259.941
3914 0.000000 0 0.7325 0.5949 0.3309 0.9627 0.3586 0.0000 776.380 42.989 259.939
3915 0.000000 0 0.7325 0.5949 0.3309 0.9627 0.3586 0.0000 776.376 42.991 259.929
3916 0.000000 0 0.7325 0.5949 0.3309 0.9627 0.3586 0.0000 776.367 42.993 259.911
3917 0.000000 0 0.7325 0.5949 0.3309 0.9627 0.3586 0.0000 776.361 42.995 259.899
3918 0.000000 0 0.7325 0.5949 0.3309 0.9627 0.3586 0.0000 776.357 42.996 259.892
3919 0.000000 0 0.7325 0.5949 0.3309 0.9627 0.3586 0.0000 776.350 42.998 259.879
3920 0.000000 0 0.7325 0.5950 0.3309 0.9627 0.3586 0.0000 776.344 43.001 259.867
3921 0.000000 0 0.7325 0.5950 0.3309 0.9627 0.3586 0.0000 776.338 43.003 259.854
3922 0.000000 0 0.7324 0.5950 0.3309 0.9627 0.3586 0.0000 776.331 43.005 259.842
3923 0.000000 0 0.7324 0.5950 0.3309 0.9627 0.3586 0.0000 776.325 43.008 259.830
3924 0.000000 0 0.7324 0.5950 0.3309 0.9627 0.3586 0.0000 776.318 43.010 259.817
3925 0.000000 0 0.7324 0.5950 0.3309 0.9627 0.3586 0.0000 776.312 43.013 259.805
3926 0.000000 0 0.7324 0.5950 0.3309 0.9627 0.3586 0.0000 776.305 43.016 259.793
3927 0.000000 0 0.7324 0.5951 0.3309 0.9627 0.3586 0.0000 776.292 43.022 259.768
3928 0.000000 0 0.7324 0.5951 0.3309 0.9627 0.3586 0.0000 776.290 43.023 259.766
3929 0.000000 0 0.7324 0.5951 0.3309 0.9627 0.3586 0.0000 776.278 43.029 259.744
3930 0.000000 0 0.7324 0.5951 0.3309 0.9627 0.3586 0.0000 776.277 43.030 259.742
3931 0.000000 0 0.7323 0.5951 0.3309 0.9627 0.3586 0.0000 776.262 43.038 259.715
3932 0.000000 0 0.7323 0.5951 0.3309 0.9627 0.3586 0.0000 776.261 43.039 259.713
3933 0.000000 0 0.7323 0.5951 0.3309 0.9627 0.3586 0.0000 776.251 43.044 259.695
3934 0.000000 0 0.7323 0.5952 0.3309 0.9627 0.3586 0.0000 776.237 43.053 259.671
3935 0.000000 0 0.7323 0.5952 0.3309 0.9627 0.3586 0.0000 776.205 43.073 259.617
3936 0.000000 0 0.7323 0.5952 0.3309 0.9627 0.3586 0.0000 776.202 43.075 259.611
3937 0.000000 0 0.7322 0.5953 0.3309 0.9627 0.3586 0.0000 776.187 43.085 259.586
3938 0.000000 0 0.7322 0.5953 0.3309 0.9627 0.3586 0.0000 776.186 43.085 259.584
3939 0.000000 0 0.7322 0.5953 0.3309 0.9627 0.3586 0.0000 776.173 43.094 259.563
3940 0.000000 0 0.7322 0.5953 0.3309 0.9627 0.3586 0.0000 776.171 43.095 259.560
3941 0.000000 0 0.7322 0.5953 0.3309 0.9627 0.3586 0.0000 776.158 43.103 259.539
3942 0.000000 0 0.7322 0.5953 0.3309 0.9627 0.3586 0.0000 776.157 43.104 259.536
3943 0.000000 0 0.7322 0.5954 0.3309 0.9627 0.3586 0.0000 776.143 43.112 259.515
3944 0.000000 0 0.7322 0.5954 0.3309 0.9627 0.3586 0.0000 776.142 43.113 259.513
3945 0.000000 0 0.7322 0.5954 0.3309 0.9627 0.3586 0.0000 776.136 43.117 259.503
3946 0.000000 0 0.7321 0.5954 0.3309 0.9627 0.3586 0.0000 776.129 43.121 259.491
3947 0.000000 0 0.7321 0.5954 0.3309 0.9627 0.3586 0.0000 776.121 43.126 259.479
3948 0.000000 0 0.7321 0.5954 0.3309 0.9627 0.3586 0.0000 776.114 43.130 259.467
3949 0.000000 0 0.7321 0.5954 0.3309 0.9627 0.3586 0.0000 776.106 43.134 259.455
3950 0.000000 0 0.7321 0.5954 0.3309 0.9627 0.3586 0.0000 776.099 43.136 259.442
3951 0.000000 0 0.7321 0.5955 0.3309 0.9627 0.3586 0.0000 776.084 43.141 259.418
3952 0.000000 0 0.7321 0.5955 0.3309 0.9627 0.3586 0.0000 776.082 43.141 259.415
3953 0.000000 0 0.7321 0.5955 0.3309 0.9627 0.3586 0.0000 776.069 43.146 259.393
3954 0.000000 0 0.7321 0.5955 0.3309 0.9627 0.3586 0.0000 776.067 43.146 259.390
3955 0.000000 0 0.7321 0.5955 0.3309 0.9627 0.3586 0.0000 776.061 43.148 259.380
3956 0.000000 0 0.7320 0.5955 0.3309 0.9627 0.3586 0.0000 776.054 43.150 259.368
3957 0.000000 0 0.7320 0.5955 0.3309 0.9627 0.3586 0.0000 776.046 43.152 259.355
3958 0.000000 0 0.7320 0.5956 0.3309 0.9627 0.3586 0.0000 776.031 43.155 259.331
3959 0.000000 0 0.7320 0.5956 0.3309 0.9627 0.3586 0.0000 776.030 43.155 259.328
3960 0.000000 0 0.7320 0.5956 0.3309 0.9627 0.3586 0.0000 776.016 43.158 259.305
3961 0.000000 0 0.7320 0.5956 0.3309 0.9627 0.3586 0.0000 776.014 43.158 259.303
3962 0.000000 0 0.7320 0.5956 0.3308 0.9627 0.3586 0.0000 776.000 43.160 259.280
3963 0.000000 0 0.7320 0.5956 0.3308 0.9627 0.3586 0.0000 775.999 43.161 259.277
3964 0.000000 0 0.7320 0.5956 0.3308 0.9627 0.3586 0.0000 775.986 43.162 259.256
3965 0.000000 0 0.7319 0.5956 0.3308 0.9627 0.3586 0.0000 775.984 43.162 259.254
3966 0.000000 0 0.7319 0.5957 0.3308 0.9627 0.3586 0.0000 775.971 43.164 259.231
3967 0.000000 0 0.7319 0.5957 0.3308 0.9627 0.3586 0.0000 775.969 43.164 259.229
3968 0.000000 0 0.7319 0.5957 0.3308 0.9627 0.3586 0.0000 775.956 43.165 259.206
3969 0.000000 0 0.7319 0.5957 0.3308 0.9627 0.3586 0.0000 775.954 43.165 259.203
3970 0.000000 0 0.7319 0.5957 0.3308 0.9627 0.3586 0.0000 775.941 43.166 259.181
3971 0.000000 0 0.7319 0.5957 0.3308 0.9627 0.3586 0.0000 775.940 43.166 259.178
3972 0.000000 0 0.7319 0.5958 0.3308 0.9627 0.3586 0.0000 775.926 43.167 259.156
3973 0.000000 0 0.7319 0.5958 0.3308 0.9627 0.3586 0.0000 775.925 43.167 259.153
3974 0.000000 0 0.7318 0.5958 0.3308 0.9627 0.3586 0.0000 775.912 43.167 259.130
3975 0.000000 0 0.7318 0.5958 0.3308 0.9627 0.3586 0.0000 775.901 43.168 259.111
3976 0.000000 0 0.7318 0.5958 0.3308 0.9627 0.3586 0.0000 775.897 43.169 259.105
3977 0.000000 0 0.7318 0.5958 0.3308 0.9627 0.3586 0.0000 775.890 43.169 259.092
3978 0.000000 0 0.7318 0.5958 0.3308 0.9627 0.3586 0.0000 775.876 43.171 259.067
3979 0.000000 0 0.7318 0.5959 0.3308 0.9627 0.3586 0.0000 775.874 43.171 259.065
3980 0.000000 0 0.7318 0.5959 0.3308 0.9627 0.3586 0.0000 775.862 43.173 259.042
3981 0.000000 0 0.7318 0.5959 0.3308 0.9627 0.3586 0.0000 775.860 43.173 259.039
3982 0.000000 0 0.7318 0.5959 0.3308 0.9627 0.3586 0.0000 775.854 43.174 259.029
3983 0.000000 0 0.7317 0.5959 0.3308 0.9627 0.3586 0.0000 775.841 43.176 259.003
3984 0.000000 0 0.7317 0.5959 0.3308 0.9627 0.3586 0.0000 775.840 43.177 259.001
3985 0.000000 0 0.7317 0.5959 0.3308 0.9627 0.3586 0.0000 775.827 43.180 258.978
3986 0.000000 0 0.7317 0.5959 0.3308 0.9627 0.3586 0.0000 775.826 43.180 258.976
3987 0.000000 0 0.7317 0.5960 0.3308 0.9627 0.3586 0.0000 775.814 43.183 258.952
3988 0.000000 0 0.7317 0.5960 0.3308 0.9627 0.3586 0.0000 775.812 43.184 258.950
3989 0.000000 0 0.7317 0.5960 0.3308 0.9627 0.3586 0.0000 775.800 43.188 258.926
3990 0.000000 0 0.7317 0.5960 0.3308 0.9627 0.3586 0.0000 775.799 43.188 258.924
3991 0.000000 0 0.7317 0.5960 0.3308 0.9627 0.3586 0.0000 775.787 43.193 258.900
3992 0.000000 0 0.7317 0.5960 0.3308 0.9627 0.3586 0.0000 775.786 43.193 258.898
3993 0.000000 0 0.7316 0.5961 0.3308 0.9627 0.3586 0.0000 775.774 43.198 258.875
3994 0.000000 0 0.7316 0.5961 0.3308 0.9627 0.3586 0.0000 775.761 43.204 258.848
3995 0.000000 0 0.7316 0.5961 0.3308 0.9627 0.3586 0.0000 775.759 43.205 258.845
3996 0.000000 0 0.7316 0.5961 0.3308 0.9627 0.3586 0.0000 775.748 43.211 258.822
3997 0.000000 0 0.7316 0.5961 0.3308 0.9627 0.3586 0.0000 775.747 43.212 258.820
3998 0.000000 0 0.7316 0.5961 0.3308 0.9627 0.3586 0.0000 775.734 43.220 258.798
3999 0.000000 0 0.7316 0.5961 0.3308 0.9627 0.3586 0.0000 775.733 43.220 258.796
4000 0.000000 0 0.7316 0.5962 0.3308 0.9627 0.3586 0.0000 775.720 43.228 258.774
4001 0.000000 0 0.7316 0.5962 0.3308 0.9627 0.3586 0.0000 775.719 43.229 258.771
4002 0.000000 0 0.7315 0.5962 0.3308 0.9627 0.3586 0.0000 775.699 43.242 258.738
4003 0.000000 0 0.7315 0.5962 0.3308 0.9627 0.3586 0.0000 775.698 43.242 258.735
4004 0.000000 0 0.7315 0.5962 0.3308 0.9627 0.3586 0.0000 775.685 43.251 258.712
4005 0.000000 0 0.7315 0.5962 0.3308 0.9627 0.3586 0.0000 775.684 43.251 258.710
4006 0.000000 0 0.7315 0.5963 0.3308 0.9627 0.3586 0.0000 775.672 43.259 258.688
4007 0.000000 0 0.7315 0.5963 0.3308 0.9627 0.3586 0.0000 775.671 43.260 258.685
4008 0.000000 0 0.7315 0.5963 0.3308 0.9627 0.3586 0.0000 775.658 43.268 258.663
4009 0.000000 0 0.7315 0.5963 0.3308 0.9627 0.3586 0.0000 775.657 43.269 258.660
4010 0.000000 0 0.7314 0.5963 0.3308 0.9627 0.3586 0.0000 775.645 43.276 258.638
4011 0.000000 0 0.7314 0.5963 0.3308 0.9627 0.3586 0.0000 775.644 43.277 258.636
4012 0.000000 0 0.7314 0.5963 0.3307 0.9627 0.3586 0.0000 775.632 43.283 258.614
4013 0.000000 0 0.7314 0.5963 0.3307 0.9627 0.3586 0.0000 775.630 43.284 258.611
4014 0.000000 0 0.7314 0.5964 0.3307 0.9627 0.3586 0.0000 775.619 43.291 258.589
4015 0.000000 0 0.7314 0.5964 0.3307 0.9627 0.3586 0.0000 775.617 43.291 258.586
4016 0.000000 0 0.7314 0.5964 0.3307 0.9627 0.3586 0.0000 775.605 43.297 258.564
4017 0.000000 0 0.7314 0.5964 0.3307 0.9627 0.3586 0.0000 775.604 43.298 258.562
4018 0.000000 0 0.7314 0.5964 0.3307 0.9627 0.3586 0.0000 775.592 43.303 258.539
4019 0.000000 0 0.7314 0.5964 0.3307 0.9627 0.3586 0.0000 775.591 43.304 258.537
4020 0.000000 0 0.7313 0.5965 0.3307 0.9627 0.3586 0.0000 775.579 43.309 258.515
4021 0.000000 0 0.7313 0.5965 0.3307 0.9627 0.3586 0.0000 775.578 43.309 258.513
4022 0.000000 0 0.7313 0.5965 0.3307 0.9627 0.3586 0.0000 775.566 43.313 258.489
4023 0.000000 0 0.7313 0.5965 0.3307 0.9627 0.3586 0.0000 775.565 43.313 258.487
4024 0.000000 0 0.7313 0.5965 0.3307 0.9627 0.3586 0.0000 775.554 43.315 258.463
4025 0.000000 0 0.7313 0.5965 0.3307 0.9627 0.3586 0.0000 775.552 43.315 258.461
4026 0.000000 0 0.7313 0.5965 0.3307 0.9627 0.3586 0.0000 775.541 43.316 258.437
4027 0.000000 0 0.7313 0.5965 0.3307 0.9627 0.3586 0.0000 775.539 43.317 258.433
4028 0.000000 0 0.7313 0.5966 0.3307 0.9627 0.3586 0.0000 775.528 43.318 258.411
4029 0.000000 0 0.7313 0.5966 0.3307 0.9627 0.3586 0.0000 775.527 43.318 258.408
4030 0.000000 0 0.7312 0.5966 0.3307 0.9627 0.3586 0.0000 775.515 43.319 258.385
4031 0.000000 0 0.7312 0.5966 0.3307 0.9627 0.3586 0.0000 775.514 43.319 258.382
4032 0.000000 0 0.7312 0.5966 0.3307 0.9627 0.3586 0.0000 775.502 43.320 258.359
4033 0.000000 0 0.7312 0.5966 0.3307 0.9627 0.3586 0.0000 775.501 43.320 258.356
4034 0.000000 0 0.7312 0.5966 0.3307 0.9627 0.3586 0.0000 775.489 43.320 258.333
4035 0.000000 0 0.7312 0.5966 0.3307 0.9627 0.3586 0.0000 775.488 43.321 258.331
4036 0.000000 0 0.7312 0.5967 0.3307 0.9627 0.3586 0.0000 775.476 43.321 258.307
4037 0.000000 0 0.7312 0.5967 0.3307 0.9627 0.3586 0.0000 775.475 43.321 258.305
4038 0.000000 0 0.7312 0.5967 0.3307 0.9627 0.3586 0.0000 775.463 43.322 258.281
4039 0.000000 0 0.7312 0.5967 0.3307 0.9627 0.3586 0.0000 775.461 43.322 258.279
4040 0.000000 0 0.7311 0.5967 0.3307 0.9627 0.3586 0.0000 775.456 43.322 258.268
4041 0.000000 0 0.7311 0.5967 0.3307 0.9627 0.3586 0.0000 775.442 43.323 258.243
4042 0.000000 0 0.7311 0.5967 0.3307 0.9627 0.3586 0.0000 775.441 43.324 258.240
4043 0.000000 0 0.7311 0.5968 0.3307 0.9627 0.3586 0.0000 775.429 43.325 258.217
4044 0.000000 0 0.7311 0.5968 0.3307 0.9627 0.3586 0.0000 775.422 43.327 258.204
4045 0.000000 0 0.7311 0.5968 0.3307 0.9627 0.3586 0.0000 775.409 43.330 258.179
4046 0.000000 0 0.7311 0.5968 0.3307 0.9627 0.3586 0.0000 775.408 43.331 258.176
4047 0.000000 0 0.7311 0.5968 0.3307 0.9627 0.3586 0.0000 775.396 43.334 258.154
4048 0.000000 0 0.7311 0.5968 0.3307 0.9627 0.3586 0.0000 775.395 43.335 258.152
4049 0.000000 0 0.7310 0.5969 0.3307 0.9627 0.3586 0.0000 775.382 43.339 258.129
4050 0.000000 0 0.7310 0.5969 0.3307 0.9627 0.3586 0.0000 775.381 43.339 258.127
4051 0.000000 0 0.7310 0.5969 0.3307 0.9627 0.3586 0.0000 775.369 43.344 258.104
4052 0.000000 0 0.7310 0.5969 0.3307 0.9627 0.3586 0.0000 775.368 43.344 258.102
4053 0.000000 0 0.7310 0.5969 0.3307 0.9627 0.3586 0.0000 775.355 43.350 258.078
4054 0.000000 0 0.7310 0.5969 0.3307 0.9627 0.3586 0.0000 775.354 43.350 258.076
4055 0.000000 0 0.7310 0.5969 0.3307 0.9627 0.3586 0.0000 775.341 43.356 258.054
4056 0.000000 0 0.7310 0.5969 0.3307 0.9627 0.3586 0.0000 775.340 43.357 258.051
4057 0.000000 0 0.7309 0.5970 0.3307 0.9627 0.3586 0.0000 775.327 43.363 258.029
4058 0.000000 0 0.7309 0.5970 0.3307 0.9627 0.3586 0.0000 775.326 43.364 258.026
4059 0.000000 0 0.7309 0.5970 0.3307 0.9627 0.3586 0.0000 775.313 43.370 258.004
4060 0.000000 0 0.7309 0.5970 0.3307 0.9627 0.3586 0.0000 775.312 43.371 258.002
4061 0.000000 0 0.7309 0.5970 0.3307 0.9627 0.3586 0.0000 775.299 43.378 257.979
4062 0.000000 0 0.7309 0.5970 0.3307 0.9627 0.3586 0.0000 775.297 43.379 257.976
4063 0.000000 0 0.7309 0.5971 0.3307 0.9627 0.3586 0.0000 775.284 43.386 257.955
4064 0.000000 0 0.7309 0.5971 0.3307 0.9627 0.3586 0.0000 775.283 43.387 257.953
4065 0.000000 0 0.7309 0.5971 0.3306 0.9627 0.3586 0.0000 775.270 43.394 257.930
4066 0.000000 0 0.7309 0.5971 0.3306 0.9627 0.3586 0.0000 775.268 43.395 257.928
4067 0.000000 0 0.7308 0.5971 0.3306 0.9627 0.3586 0.0000 775.255 43.403 257.906
4068 0.000000 0 0.7308 0.5971 0.3306 0.9627 0.3586 0.0000 775.254 43.404 257.903
4069 0.000000 0 0.7308 0.5971 0.3306 0.9627 0.3586 0.0000 775.240 43.411 257.881
4070 0.000000 0 0.7308 0.5971 0.3306 0.9627 0.3586 0.0000 775.239 43.412 257.879
4071 0.000000 0 0.7308 0.5972 0.3306 0.9627 0.3586 0.0000 775.225 43.419 257.857
4072 0.000000 0 0.7308 0.5972 0.3306 0.9627 0.3586 0.0000 775.224 43.420 257.854
4073 0.000000 0 0.7308 0.5972 0.3306 0.9627 0.3586 0.0000 775.210 43.428 257.832
4074 0.000000 0 0.7308 0.5972 0.3306 0.9627 0.3586 0.0000 775.195 43.435 257.808
4075 0.000000 0 0.7308 0.5972 0.3306 0.9627 0.3586 0.0000 775.194 43.436 257.805
4076 0.000000 0 0.7307 0.5972 0.3306 0.9627 0.3586 0.0000 775.180 43.442 257.783
4077 0.000000 0 0.7307 0.5973 0.3306 0.9627 0.3586 0.0000 775.173 43.446 257.771
4078 0.000000 0 0.7307 0.5973 0.3306 0.9627 0.3586 0.0000 775.158 43.452 257.747
4079 0.000000 0 0.7307 0.5973 0.3306 0.9627 0.3586 0.0000 775.156 43.453 257.744
4080 0.000000 0 0.7307 0.5973 0.3306 0.9627 0.3586 0.0000 775.143 43.458 257.723
4081 0.000000 0 0.7307 0.5973 0.3306 0.9627 0.3586 0.0000 775.142 43.459 257.721
4082 0.000000 0 0.7307 0.5973 0.3306 0.9627 0.3586 0.0000 775.128 43.464 257.698
4083 0.000000 0 0.7307 0.5973 0.3306 0.9627 0.3586 0.0000 775.127 43.464 257.697
4084 0.000000 0 0.7306 0.5974 0.3306 0.9627 0.3586 0.0000 775.113 43.469 257.674
4085 0.000000 0 0.7306 0.5974 0.3306 0.9627 0.3586 0.0000 775.112 43.469 257.672
4086 0.000000 0 0.7306 0.5974 0.3306 0.9627 0.3586 0.0000 775.098 43.473 257.649
4087 0.000000 0 0.7306 0.5974 0.3306 0.9627 0.3586 0.0000 775.097 43.473 257.648
4088 0.000000 0 0.7306 0.5974 0.3306 0.9627 0.3586 0.0000 775.089 43.477 257.622
4089 0.000000 0 0.7306 0.5974 0.3306 0.9627 0.3586 0.0000 775.088 43.477 257.620
4090 0.000000 0 0.7306 0.5975 0.3306 0.9627 0.3586 0.0000 775.082 43.480 257.594
4091 0.000000 0 0.7306 0.5975 0.3306 0.9627 0.3586 0.0000 775.081 43.481 257.592
4092 0.000000 0 0.7306 0.5975 0.3306 0.9627 0.3586 0.0000 775.076 43.484 257.566
4093 0.000000 0 0.7306 0.5975 0.3306 0.9627 0.3586 0.0000 775.075 43.484 257.563
4094 0.000000 0 0.7305 0.5975 0.3306 0.9627 0.3586 0.0000 775.072 43.487 257.537
4095 0.000000 0 0.7305 0.5975 0.3306 0.9627 0.3586 0.0000 775.071 43.487 257.535
4096 0.000000 0 0.7305 0.5975 0.3306 0.9627 0.3586 0.0000 775.069 43.490 257.508
4097 0.000000 0 0.7305 0.5975 0.3306 0.9627 0.3586 0.0000 775.069 43.490 257.506
4098 0.000000 0 0.7305 0.5976 0.3306 0.9627 0.3586 0.0000 775.068 43.493 257.479
4099 0.000000 0 0.7305 0.5976 0.3306 0.9627 0.3586 0.0000 775.068 43.493 257.477
4100 0.000000 0 0.7305 0.5976 0.3306 0.9627 0.3586 0.0000 775.069 43.495 257.449
4101 0.000000 0 0.7305 0.5976 0.3306 0.9627 0.3586 0.0000 775.070 43.495 257.446
4102 0.000000 0 0.7305 0.5976 0.3306 0.9627 0.3586 0.0000 775.072 43.496 257.420
4103 0.000000 0 0.7305 0.5976 0.3306 0.9627 0.3586 0.0000 775.073 43.496 257.418
4104 0.000000 0 0.7304 0.5976 0.3306 0.9627 0.3586 0.0000 775.077 43.498 257.390
4105 0.000000 0 0.7304 0.5976 0.3306 0.9627 0.3586 0.0000 775.077 43.498 257.388
4106 0.000000 0 0.7304 0.5977 0.3306 0.9627 0.3586 0.0000 775.085 43.500 257.354
4107 0.000000 0 0.7304 0.5977 0.3306 0.9627 0.3586 0.0000 775.085 43.501 257.352
4108 0.000000 0 0.7304 0.5977 0.3306 0.9627 0.3586 0.0000 775.091 43.502 257.331
4109 0.000000 0 0.7304 0.5977 0.3306 0.9627 0.3586 0.0000 775.101 43.506 257.303
4110 0.000000 0 0.7304 0.5977 0.3306 0.9627 0.3586 0.0000 775.102 43.506 257.300
4111 0.000000 0 0.7304 0.5978 0.3306 0.9627 0.3586 0.0000 775.113 43.509 257.275
4112 0.000000 0 0.7304 0.5978 0.3306 0.9627 0.3586 0.0000 775.114 43.509 257.273
4113 0.000000 0 0.7303 0.5978 0.3306 0.9627 0.3586 0.0000 775.126 43.513 257.247
4114 0.000000 0 0.7303 0.5978 0.3306 0.9627 0.3586 0.0000 775.127 43.514 257.245
4115 0.000000 0 0.7303 0.5978 0.3306 0.9627 0.3586 0.0000 775.141 43.518 257.221
4116 0.000000 0 0.7303 0.5978 0.3305 0.9627 0.3586 0.0000 775.142 43.519 257.219
4117 0.000000 0 0.7303 0.5978 0.3305 0.9627 0.3586 0.0000 775.157 43.525 257.195
4118 0.000000 0 0.7303 0.5978 0.3305 0.9627 0.3586 0.0000 775.165 43.531 257.185
4119 0.000000 0 0.7303 0.5979 0.3305 0.9627 0.3586 0.0000 775.172 43.537 257.174
4120 0.000000 0 0.7303 0.5979 0.3305 0.9627 0.3586 0.0000 775.181 43.552 257.158
4121 0.000000 0 0.7303 0.5979 0.3305 0.9627 0.3586 0.0000 775.182 43.553 257.157
4122 0.000000 0 0.7302 0.5979 0.3305 0.9627 0.3586 0.0000 775.191 43.566 257.144
4123 0.000000 0 0.7302 0.5979 0.3305 0.9627 0.3586 0.0000 775.192 43.568 257.142
4124 0.000000 0 0.7302 0.5979 0.3305 0.9627 0.3586 0.0000 775.202 43.582 257.130
4125 0.000000 0 0.7302 0.5979 0.3305 0.9627 0.3586 0.0000 775.203 43.583 257.129
4126 0.000000 0 0.7302 0.5980 0.3305 0.9627 0.3586 0.0000 775.215 43.598 257.118
4127 0.000000 0 0.7302 0.5980 0.3305 0.9627 0.3586 0.0000 775.221 43.605 257.113
4128 0.000000 0 0.7302 0.5980 0.3305 0.9627 0.3586 0.0000 775.235 43.621 257.103
4129 0.000000 0 0.7302 0.5980 0.3305 0.9627 0.3586 0.0000 775.236 43.623 257.102
4130 0.000000 0 0.7301 0.5980 0.3305 0.9627 0.3586 0.0000 775.249 43.638 257.095
4131 0.000000 0 0.7301 0.5981 0.3305 0.9627 0.3586 0.0000 775.256 43.646 257.092
4132 0.000000 0 0.7301 0.5981 0.3305 0.9627 0.3586 0.0000 775.271 43.662 257.087
4133 0.000000 0 0.7301 0.5981 0.3305 0.9627 0.3586 0.0000 775.272 43.663 257.087
4134 0.000000 0 0.7301 0.5981 0.3305 0.9627 0.3586 0.0000 775.287 43.677 257.084
4135 0.000000 0 0.7301 0.5981 0.3305 0.9627 0.3586 0.0000 775.295 43.685 257.084
4136 0.000000 0 0.7301 0.5981 0.3305 0.9627 0.3586 0.0000 775.310 43.700 257.081
4137 0.000000 0 0.7301 0.5982 0.3305 0.9627 0.3586 0.0000 775.311 43.702 257.080
4138 0.000000 0 0.7300 0.5982 0.3305 0.9627 0.3586 0.0000 775.324 43.716 257.076
4139 0.000000 0 0.7300 0.5982 0.3305 0.9627 0.3586 0.0000 775.325 43.717 257.076
4140 0.000000 0 0.7300 0.5982 0.3305 0.9627 0.3586 0.0000 775.343 43.738 257.068
4141 0.000000 0 0.7300 0.5982 0.3305 0.9627 0.3586 0.0000 775.344 43.740 257.068
4142 0.000000 0 0.7300 0.5982 0.3305 0.9627 0.3586 0.0000 775.356 43.753 257.063
4143 0.000000 0 0.7300 0.5983 0.3305 0.9627 0.3586 0.0000 775.363 43.760 257.061
4144 0.000000 0 0.7300 0.5983 0.3305 0.9627 0.3586 0.0000 775.376 43.775 257.055
4145 0.000000 0 0.7300 0.5983 0.3305 0.9627 0.3586 0.0000 775.377 43.776 257.055
4146 0.000000 0 0.7299 0.5983 0.3305 0.9627 0.3586 0.0000 775.389 43.789 257.050
4147 0.000000 0 0.7299 0.5983 0.3305 0.9627 0.3586 0.0000 775.401 43.803 257.045
4148 0.000000 0 0.7299 0.5983 0.3305 0.9627 0.3586 0.0000 775.403 43.804 257.044
4149 0.000000 0 0.7299 0.5984 0.3305 0.9627 0.3586 0.0000 775.414 43.816 257.040
4150 0.000000 0 0.7299 0.5984 0.3305 0.9627 0.3586 0.0000 775.416 43.818 257.039
4151 0.000000 0 0.7299 0.5984 0.3305 0.9627 0.3586 0.0000 775.427 43.830 257.034
4152 0.000000 0 0.7299 0.5984 0.3305 0.9627 0.3586 0.0000 775.440 43.843 257.029
4153 0.000000 0 0.7298 0.5984 0.3305 0.9627 0.3586 0.0000 775.441 43.844 257.029
4154 0.000000 0 0.7298 0.5985 0.3305 0.9627 0.3586 0.0000 775.453 43.856 257.024
4155 0.000000 0 0.7298 0.5985 0.3305 0.9627 0.3586 0.0000 775.454 43.857 257.023
4156 0.000000 0 0.7298 0.5985 0.3305 0.9627 0.3586 0.0000 775.466 43.869 257.018
4157 0.000000 0 0.7298 0.5985 0.3305 0.9627 0.3586 0.0000 775.467 43.870 257.018
4158 0.000000 0 0.7298 0.5985 0.3305 0.9627 0.3586 0.0000 775.486 43.890 257.008
4159 0.000000 0 0.7298 0.5985 0.3305 0.9627 0.3586 0.0000 775.489 43.893 257.007
4160 0.000000 0 0.7298 0.5985 0.3305 0.9627 0.3586 0.0000 775.499 43.905 256.999
4161 0.000000 0 0.7297 0.5986 0.3304 0.9627 0.3586 0.0000 775.497 43.903 256.999
4162 0.000000 0 0.7297 0.5986 0.3304 0.9627 0.3586 0.0000 775.497 43.903 256.999
4163 0.000000 0 0.7297 0.5986 0.3304 0.9627 0.3586 0.0000 775.497 43.899 256.999
4164 0.000000 0 0.7297 0.5986 0.3304 0.9627 0.3586 0.0000 775.497 43.892 256.999
4165 0.000000 0 0.7297 0.5986 0.3304 0.9627 0.3586 0.0000 775.497 43.891 256.999
4166 0.000000 0 0.7297 0.5986 0.3304 0.9627 0.3586 0.0000 775.497 43.883 256.999
4167 0.000000 0 0.7297 0.5987 0.3304 0.9627 0.3586 0.0000 775.497 43.876 256.999
4168 0.000000 0 0.7297 0.5987 0.3304 0.9627 0.3586 0.0000 775.497 43.875 256.999
4169 0.000000 0 0.7296 0.5987 0.3304 0.9627 0.3586 0.0000 775.497 43.872 256.999
4170 0.000000 0 0.7296 0.5987 0.3304 0.9627 0.3586 0.0000 775.497 43.871 256.999
4171 0.000000 0 0.7296 0.5987 0.3304 0.9627 0.3586 0.0000 775.497 43.871 256.999
4172 0.000000 0 0.7296 0.5988 0.3304 0.9627 0.3586 0.0000 775.497 43.872 256.999
4173 0.000000 0 0.7296 0.5988 0.3304 0.9627 0.3586 0.0000 775.497 43.872 256.999
4174 0.000000 0 0.7296 0.5988 0.3304 0.9627 0.3586 0.0000 775.497 43.874 256.999
4175 0.000000 0 0.7296 0.5988 0.3304 0.9627 0.3586 0.0000 775.497 43.875 256.999
4176 0.000000 0 0.7296 0.5988 0.3304 0.9627 0.3586 0.0000 775.497 43.878 256.999
4177 0.000000 0 0.7295 0.5988 0.3304 0.9627 0.3586 0.0000 775.497 43.880 256.999
4178 0.000000 0 0.7295 0.5988 0.3304 0.9627 0.3586 0.0000 775.497 43.882 256.999
4179 0.000000 0 0.7295 0.5989 0.3304 0.9627 0.3586 0.0000 775.497 43.886 256.999
4180 0.000000 0 0.7295 0.5989 0.3304 0.9627 0.3586 0.0000 775.497 43.887 256.999
4181 0.000000 0 0.7295 0.5989 0.3304 0.9627 0.3586 0.0000 775.497 43.891 256.999
4182 0.000000 0 0.7295 0.5989 0.3304 0.9627 0.3586 0.0000 775.497 43.892 256.999
4183 0.000000 0 0.7295 0.5989 0.3304 0.9627 0.3586 0.0000 775.497 43.896 256.999
4184 0.000000 0 0.7295 0.5989 0.3304 0.9627 0.3586 0.0000 775.497 43.898 256.999
4185 0.000000 0 0.7295 0.5989 0.3304 0.9627 0.3586 0.0000 775.497 43.900 256.999
4186 0.000000 0 0.7294 0.5990 0.3304 0.9627 0.3586 0.0000 775.497 43.904 256.999
4187 0.000000 0 0.7294 0.5990 0.3304 0.9627 0.3586 0.0000 775.497 43.904 256.999
4188 0.000000 0 0.7294 0.5990 0.3304 0.9627 0.3586 0.0000 775.497 43.906 256.999
4189 0.000000 0 0.7294 0.5990 0.3304 0.9627 0.3586 0.0000 775.497 43.907 256.999
4190 0.000000 0 0.7294 0.5990 0.3304 0.9627 0.3586 0.0000 775.497 43.907 256.999
4191 0.000000 0 0.7294 0.5991 0.3304 0.9627 0.3586 0.0000 775.497 43.908 256.999
4192 0.000000 0 0.7294 0.5991 0.3304 0.9627 0.3586 0.0000 775.497 43.908 256.999
4193 0.000000 0 0.7294 0.5991 0.3304 0.9627 0.3586 0.0000 775.497 43.908 256.999
4194 0.000000 0 0.7293 0.5991 0.3304 0.9627 0.3586 0.0000 775.497 43.908 256.999
4195 0.000000 0 0.7293 0.5991 0.3304 0.9627 0.3586 0.0000 775.497 43.908 256.999
4196 0.000000 0 0.7293 0.5991 0.3304 0.9627 0.3586 0.0000 775.497 43.908 256.999
4197 0.000000 0 0.7293 0.5991 0.3304 0.9627 0.3586 0.0000 775.497 43.908 256.999
4198 0.000000 0 0.7293 0.5992 0.3304 0.9627 0.3586 0.0000 775.497 43.908 256.999
4199 0.000000 0 0.7293 0.5992 0.3304 0.9627 0.3586 0.0000 775.497 43.908 256.999
4200 0.000000 0 0.7293 0.5992 0.3304 0.9627 0.3586 0.0000 775.497 43.908 256.999
4201 0.000000 0 0.7293 0.5992 0.3304 0.9627 0.3586 0.0000 775.497 43.908 256.999
4202 0.000000 0 0.7292 0.5992 0.3304 0.9627 0.3586 0.0000 775.497 43.908 256.999
4203 0.000000 0 0.7292 0.5992 0.3304 0.9627 0.3586 0.0000 775.497 43.908 256.999
4204 0.000000 0 0.7292 0.5993 0.3304 0.9627 0.3586 0.0000 775.497 43.908 256.999
4205 0.000000 0 0.7292 0.5993 0.3304 0.9627 0.3586 0.0000 775.497 43.908 256.999
4206 0.000000 0 0.7292 0.5993 0.3303 0.9627 0.3586 0.0000 775.497 43.908 256.999
4207 0.000000 0 0.7292 0.5993 0.3303 0.9627 0.3586 0.0000 775.497 43.908 256.999
4208 0.000000 0 0.7292 0.5993 0.3303 0.9627 0.3586 0.0000 775.497 43.908 256.999
4209 0.000000 0 0.7292 0.5993 0.3303 0.9627 0.3586 0.0000 775.497 43.908 256.999
4210 0.000000 0 0.7291 0.5994 0.3303 0.9627 0.3586 0.0000 775.497 43.908 256.999
4211 0.000000 0 0.7291 0.5994 0.3303 0.9627 0.3586 0.0000 775.497 43.908 256.999
4212 0.000000 0 0.7291 0.5994 0.3303 0.9627 0.3586 0.0000 775.497 43.908 256.999
4213 0.000000 0 0.7291 0.5994 0.3303 0.9627 0.3586 0.0000 775.497 43.908 256.999
4214 0.000000 0 0.7291 0.5994 0.3303 0.9627 0.3586 0.0000 775.497 43.908 256.999
4215 0.000000 0 0.7291 0.5994 0.3303 0.9627 0.3586 0.0000 775.497 43.908 256.999
4216 0.000000 0 0.7291 0.5994 0.3303 0.9627 0.3586 0.0000 775.497 43.908 256.999
4217 0.000000 0 0.7291 0.5995 0.3303 0.9627 0.3586 0.0000 775.497 43.908 256.999
4218 0.000000 0 0.7291 0.5995 0.3303 0.9627 0.3586 0.0000 775.497 43.908 256.999
4219 0.000000 0 0.7290 0.5995 0.3303 0.9627 0.3586 0.0000 775.497 43.908 256.999
4220 0.000000 0 0.7290 0.5995 0.3303 0.9627 0.3586 0.0000 775.497 43.908 256.999
4221 0.000000 0 0.7290 0.5995 0.3303 0.9627 0.3586 0.0000 775.497 43.908 256.999
4222 0.000000 0 0.7290 0.5995 0.3303 0.9627 0.3586 0.0000 775.497 43.908 256.999
4223 0.000000 0 0.7290 0.5995 0.3303 0.9627 0.3586 0.0000 775.497 43.908 256.999
4224 0.000000 0 0.7290 0.5995 0.3303 0.9627 0.3586 0.0000 775.497 43.908 256.999
4225 0.000000 0 0.7290 0.5996 0.3303 0.9627 0.3586 0.0000 775.497 43.908 256.999
4226 0.000000 0 0.7290 0.5996 0.3303 0.9627 0.3586 0.0000 775.497 43.908 256.999
4227 0.000000 0 0.7290 0.5996 0.3303 0.9627 0.3586 0.0000 775.497 43.908 256.999
4228 0.000000 0 0.7289 0.5996 0.3303 0.9627 0.3586 0.0000 775.497 43.908 256.999
4229 0.000000 0 0.7289 0.5996 0.3303 0.9627 0.3586 0.0000 775.497 43.908 256.999
4230 0.000000 0 0.7289 0.5997 0.3303 0.9627 0.3586 0.0000 775.497 43.908 256.999
4231 0.000000 0 0.7289 0.5997 0.3303 0.9627 0.3586 0.0000 775.497 43.908 256.999
4232 0.000000 0 0.7289 0.5997 0.3303 0.9627 0.3586 0.0000 775.497 43.908 256.999
4233 0.000000 0 0.7289 0.5997 0.3303 0.9627 0.3586 0.0000 775.497 43.908 256.999
4234 0.000000 0 0.7289 0.5997 0.3303 0.9627 0.3586 0.0000 775.497 43.908 256.999
4235 0.000000 0 0.7288 0.5997 0.3303 0.9627 0.3586 0.0000 775.497 43.908 256.999
4236 0.000000 0 0.7288 0.5998 0.3303 0.9627 0.3586 0.0000 775.497 43.908 256.999
4237 0.000000 0 0.7288 0.5998 0.3303 0.9627 0.3586 0.0000 775.497 43.908 256.999
4238 0.000000 0 0.7288 0.5998 0.3303 0.9627 0.3586 0.0000 775.497 43.908 256.999
4239 0.000000 0 0.7288 0.5998 0.3303 0.9627 0.3586 0.0000 775.497 43.908 256.999
4240 0.000000 0 0.7288 0.5998 0.3303 0.9627 0.3586 0.0000 775.497 43.908 256.999
4241 0.000000 0 0.7288 0.5998 0.3303 0.9627 0.3586 0.0000 775.497 43.908 256.999
4242 0.000000 0 0.7288 0.5999 0.3303 0.9627 0.3586 0.0000 775.497 43.908 256.999
4243 0.000000 0 0.7288 0.5999 0.3303 0.9627 0.3586 0.0000 775.497 43.908 256.999
4244 0.000000 0 0.7287 0.5999 0.3303 0.9627 0.3586 0.0000 775.497 43.908 256.999
4245 0.000000 0 0.7287 0.5999 0.3303 0.9627 0.3586 0.0000 775.497 43.908 256.999
4246 0.000000 0 0.7287 0.5999 0.3303 0.9627 0.3586 0.0000 775.497 43.908 256.999
4247 0.000000 0 0.7287 0.5999 0.3303 0.9627 0.3586 0.0000 775.497 43.908 256.999
4248 0.000000 0 0.7287 0.6000 0.3303 0.9627 0.3586 0.0000 775.497 43.908 256.999
4249 0.000000 0 0.7287 0.6000 0.3303 0.9627 0.3586 0.0000 775.497 43.908 256.999
4250 0.000000 0 0.7287 0.6000 0.3303 0.9627 0.3586 0.0000 775.497 43.908 256.999
4251 0.000000 0 0.7286 0.6000 0.3303 0.9627 0.3586 0.0000 775.497 43.908 256.999
4252 0.000000 0 0.7286 0.6000 0.3302 0.9627 0.3586 0.0000 775.497 43.908 256.999
4253 0.000000 0 0.7286 0.6000 0.3302 0.9627 0.3586 0.0000 775.497 43.908 256.999
4254 0.000000 0 0.7286 0.6001 0.3302 0.9627 0.3586 0.0000 775.497 43.908 256.999
4255 0.000000 0 0.7286 0.6001 0.3302 0.9627 0.3586 0.0000 775.497 43.908 256.999
4256 0.000000 0 0.7286 0.6001 0.3302 0.9627 0.3586 0.0000 775.497 43.908 256.999
4257 0.000000 0 0.7286 0.6001 0.3302 0.9627 0.3586 0.0000 775.497 43.908 256.999
4258 0.000000 0 0.7286 0.6001 0.3302 0.9627 0.3586 0.0000 775.497 43.908 256.999
4259 0.000000 0 0.7286 0.6001 0.3302 0.9627 0.3586 0.0000 775.497 43.908 256.999
4260 0.000000 0 0.7285 0.6001 0.3302 0.9627 0.3586 0.0000 775.497 43.908 256.999
4261 0.000000 0 0.7285 0.6002 0.3302 0.9627 0.3586 0.0000 775.497 43.908 256.999
4262 0.000000 0 0.7285 0.6002 0.3302 0.9627 0.3586 0.0000 775.497 43.908 256.999
4263 0.000000 0 0.7285 0.6002 0.3302 0.9627 0.3586 0.0000 775.497 43.908 256.999
4264 0.000000 0 0.7285 0.6002 0.3302 0.9627 0.3586 0.0000 775.497 43.908 256.999
4265 0.000000 0 0.7285 0.6002 0.3302 0.9627 0.3586 0.0000 775.497 43.908 256.999
4266 0.000000 0 0.7285 0.6002 0.3302 0.9627 0.3586 0.0000 775.497 43.908 256.999
4267 0.000000 0 0.7285 0.6003 0.3302 0.9627 0.3586 0.0000 775.497 43.908 256.999
4268 0.000000 0 0.7284 0.6003 0.3302 0.9627 0.3586 0.0000 775.497 43.908 256.999
4269 0.000000 0 0.7284 0.6003 0.3302 0.9627 0.3586 0.0000 775.497 43.908 256.999
4270 0.000000 0 0.7284 0.6003 0.3302 0.9627 0.3586 0.0000 775.497 43.908 256.999
4271 0.000000 0 0.7284 0.6003 0.3302 0.9627 0.3586 0.0000 775.497 43.908 256.999
4272 0.000000 0 0.7284 0.6003 0.3302 0.9627 0.3586 0.0000 775.497 43.908 256.999
4273 0.000000 0 0.7284 0.6003 0.3302 0.9627 0.3586 0.0000 775.497 43.908 256.999
4274 0.000000 0 0.7284 0.6004 0.3302 0.9627 0.3586 0.0000 775.497 43.908 256.999
4275 0.000000 0 0.7284 0.6004 0.3302 0.9627 0.3586 0.0000 775.497 43.908 256.999
4276 0.000000 0 0.7284 0.6004 0.3302 0.9627 0.3586 0.0000 775.497 43.908 256.999
4277 0.000000 0 0.7284 0.6004 0.3302 0.9627 0.3586 0.0000 775.497 43.908 256.999
4278 0.000000 0 0.7283 0.6004 0.3302 0.9627 0.3586 0.0000 775.497 43.908 256.999
4279 0.000000 0 0.7283 0.6004 0.3302 0.9627 0.3586 0.0000 775.497 43.908 256.999
4280 0.000000 0 0.7283 0.6004 0.3302 0.9627 0.3586 0.0000 775.497 43.908 256.999
4281 0.000000 0 0.7283 0.6005 0.3302 0.9627 0.3586 0.0000 775.497 43.908 256.999
4282 0.000000 0 0.7283 0.6005 0.3302 0.9627 0.3586 0.0000 775.497 43.908 256.999
4283 0.000000 0 0.7283 0.6005 0.3302 0.9627 0.3586 0.0000 775.497 43.908 256.999
4284 0.000000 0 0.7283 0.6005 0.3302 0.9627 0.3586 0.0000 775.497 43.908 256.999
4285 0.000000 0 0.7282 0.6005 0.3302 0.9627 0.3586 0.0000 775.497 43.908 256.999
4286 0.000000 0 0.7282 0.6005 0.3302 0.9627 0.3586 0.0000 775.497 43.908 256.999
4287 0.000000 0 0.7282 0.6006 0.3302 0.9627 0.3586 0.0000 775.497 43.908 256.999
4288 0.000000 0 0.7282 0.6006 0.3302 0.9627 0.3586 0.0000 775.497 43.908 256.999
4289 0.000000 0 0.7282 0.6006 0.3302 0.9627 0.3586 0.0000 775.497 43.908 256.999
4290 0.000000 0 0.7282 0.6006 0.3302 0.9627 0.3586 0.0000 775.497 43.908 256.999
4291 0.000000 0 0.7282 0.6006 0.3302 0.9627 0.3586 0.0000 775.497 43.908 256.999
4292 0.000000 0 0.7282 0.6007 0.3302 0.9627 0.3586 0.0000 775.497 43.908 256.999
4293 0.000000 0 0.7282 0.6007 0.3302 0.9627 0.3586 0.0000 775.497 43.908 256.999
4294 0.000000 0 0.7281 0.6007 0.3302 0.9627 0.3586 0.0000 775.497 43.908 256.999
4295 0.000000 0 0.7281 0.6007 0.3302 0.9627 0.3586 0.0000 775.497 43.908 256.999
4296 0.000000 0 0.7281 0.6007 0.3302 0.9627 0.3586 0.0000 775.497 43.908 256.999
4297 0.000000 0 0.7281 0.6007 0.3302 0.9627 0.3586 0.0000 775.497 43.908 256.999
4298 0.000000 0 0.7281 0.6007 0.3302 0.9627 0.3586 0.0000 775.497 43.908 256.999
4299 0.000000 0 0.7281 0.6008 0.3301 0.9627 0.3586 0.0000 775.497 43.908 256.999
4300 0.000000 0 0.7281 0.6008 0.3301 0.9627 0.3586 0.0000 775.497 43.908 256.999
4301 0.000000 0 0.7280 0.6008 0.3301 0.9627 0.3586 0.0000 775.497 43.908 256.999
4302 0.000000 0 0.7280 0.6008 0.3301 0.9627 0.3586 0.0000 775.497 43.908 256.999
4303 0.000000 0 0.7280 0.6008 0.3301 0.9627 0.3586 0.0000 775.497 43.908 256.999
4304 0.000000 0 0.7280 0.6008 0.3301 0.9627 0.3586 0.0000 775.497 43.908 256.999
4305 0.000000 0 0.7280 0.6008 0.3301 0.9627 0.3586 0.0000 775.497 43.908 256.999
4306 0.000000 0 0.7280 0.6009 0.3301 0.9627 0.3586 0.0000 775.497 43.908 256.999
4307 0.000000 0 0.7280 0.6009 0.3301 0.9627 0.3586 0.0000 775.497 43.908 256.999
4308 0.000000 0 0.7280 0.6009 0.3301 0.9627 0.3586 0.0000 775.497 43.908 256.999
4309 0.000000 0 0.7279 0.6009 0.3301 0.9627 0.3586 0.0000 775.497 43.908 256.999
4310 0.000000 0 0.7279 0.6009 0.3301 0.9627 0.3586 0.0000 775.497 43.908 256.999
4311 0.000000 0 0.7279 0.6010 0.3301 0.9627 0.3586 0.0000 775.497 43.908 256.999
4312 0.000000 0 0.7279 0.6010 0.3301 0.9627 0.3586 0.0000 775.497 43.908 256.999
4313 0.000000 0 0.7279 0.6010 0.3301 0.9627 0.3586 0.0000 775.497 43.908 256.999
4314 0.000000 0 0.7279 0.6010 0.3301 0.9627 0.3586 0.0000 775.497 43.908 256.999
4315 0.000000 0 0.7279 0.6010 0.3301 0.9627 0.3586 0.0000 775.497 43.908 256.999
4316 0.000000 0 0.7279 0.6010 0.3301 0.9627 0.3586 0.0000 775.497 43.912 256.999
4317 0.000000 0 0.7279 0.6010 0.3301 0.9627 0.3586 0.0000 775.498 43.977 257.000
4318 0.000000 0 0.7279 0.6010 0.3301 0.9627 0.3586 0.0000 775.498 43.982 257.000
4319 0.000000 0 0.7278 0.6011 0.3301 0.9627 0.3586 0.0000 775.499 44.046 257.001
4320 0.000000 0 0.7278 0.6011 0.3301 0.9627 0.3586 0.0000 775.501 44.051 257.000
4321 0.000000 0 0.7278 0.6011 0.3301 0.9627 0.3586 0.0000 775.524 44.113 256.984
4322 0.000000 0 0.7278 0.6011 0.3301 0.9627 0.3586 0.0000 775.526 44.119 256.982
4323 0.000000 0 0.7278 0.6011 0.3301 0.9627 0.3586 0.0000 775.548 44.175 256.967
4324 0.000000 0 0.7278 0.6011 0.3301 0.9627 0.3586 0.0000 775.573 44.235 256.950
4325 0.000000 0 0.7278 0.6011 0.3301 0.9627 0.3586 0.0000 775.576 44.241 256.948
4326 0.000000 0 0.7278 0.6012 0.3301 0.9627 0.3586 0.0000 775.598 44.292 256.933
4327 0.000000 0 0.7278 0.6012 0.3301 0.9627 0.3586 0.0000 775.599 44.296 256.932
4328 0.000000 0 0.7277 0.6012 0.3301 0.9627 0.3586 0.0000 775.622 44.347 256.916
4329 0.000000 0 0.7277 0.6012 0.3301 0.9627 0.3586 0.0000 775.624 44.351 256.915
4330 0.000000 0 0.7277 0.6012 0.3301 0.9627 0.3586 0.0000 775.647 44.399 256.899
4331 0.000000 0 0.7277 0.6012 0.3301 0.9627 0.3586 0.0000 775.649 44.403 256.898
4332 0.000000 0 0.7277 0.6013 0.3301 0.9627 0.3586 0.0000 775.672 44.449 256.882
4333 0.000000 0 0.7277 0.6013 0.3301 0.9627 0.3586 0.0000 775.684 44.472 256.874
4334 0.000000 0 0.7277 0.6013 0.3301 0.9627 0.3586 0.0000 775.697 44.496 256.865
4335 0.000000 0 0.7277 0.6013 0.3301 0.9627 0.3586 0.0000 775.722 44.540 256.848
4336 0.000000 0 0.7277 0.6013 0.3301 0.9627 0.3586 0.0000 775.727 44.549 256.844
4337 0.000000 0 0.7276 0.6013 0.3301 0.9627 0.3586 0.0000 775.759 44.600 256.822
4338 0.000000 0 0.7276 0.6014 0.3301 0.9627 0.3586 0.0000 775.761 44.604 256.821
4339 0.000000 0 0.7276 0.6014 0.3301 0.9627 0.3586 0.0000 775.783 44.637 256.806
4340 0.000000 0 0.7276 0.6014 0.3301 0.9627 0.3586 0.0000 775.795 44.655 256.797
4341 0.000000 0 0.7276 0.6014 0.3301 0.9627 0.3586 0.0000 775.820 44.688 256.780
4342 0.000000 0 0.7276 0.6014 0.3301 0.9627 0.3586 0.0000 775.822 44.690 256.778
4343 0.000000 0 0.7276 0.6014 0.3301 0.9627 0.3586 0.0000 775.845 44.718 256.763
4344 0.000000 0 0.7275 0.6014 0.3301 0.9627 0.3586 0.0000 775.847 44.720 256.762
4345 0.000000 0 0.7275 0.6015 0.3301 0.9627 0.3586 0.0000 775.870 44.745 256.746
4346 0.000000 0 0.7275 0.6015 0.3301 0.9627 0.3586 0.0000 775.871 44.747 256.745
4347 0.000000 0 0.7275 0.6015 0.3300 0.9627 0.3586 0.0000 775.894 44.770 256.729
4348 0.000000 0 0.7275 0.6015 0.3300 0.9627 0.3586 0.0000 775.907 44.781 256.720
4349 0.000000 0 0.7275 0.6015 0.3300 0.9627 0.3586 0.0000 775.919 44.792 256.712
4350 0.000000 0 0.7275 0.6016 0.3300 0.9627 0.3586 0.0000 775.944 44.812 256.695
4351 0.000000 0 0.7275 0.6016 0.3300 0.9627 0.3586 0.0000 775.946 44.813 256.693
4352 0.000000 0 0.7274 0.6016 0.3300 0.9627 0.3586 0.0000 775.968 44.828 256.678
4353 0.000000 0 0.7274 0.6016 0.3300 0.9627 0.3586 0.0000 775.970 44.829 256.677
4354 0.000000 0 0.7274 0.6016 0.3300 0.9627 0.3586 0.0000 775.993 44.842 256.661
4355 0.000000 0 0.7274 0.6016 0.3300 0.9627 0.3586 0.0000 775.994 44.843 256.660
4356 0.000000 0 0.7274 0.6016 0.3300 0.9627 0.3586 0.0000 776.018 44.853 256.644
4357 0.000000 0 0.7274 0.6016 0.3300 0.9627 0.3586 0.0000 776.019 44.854 256.643
4358 0.000000 0 0.7274 0.6017 0.3300 0.9627 0.3586 0.0000 776.043 44.862 256.627
4359 0.000000 0 0.7274 0.6017 0.3300 0.9627 0.3586 0.0000 776.044 44.862 256.626
4360 0.000000 0 0.7274 0.6017 0.3300 0.9627 0.3586 0.0000 776.067 44.867 256.610
4361 0.000000 0 0.7274 0.6017 0.3300 0.9627 0.3586 0.0000 776.069 44.868 256.609
4362 0.000000 0 0.7273 0.6017 0.3300 0.9627 0.3586 0.0000 776.092 44.870 256.593
4363 0.000000 0 0.7273 0.6017 0.3300 0.9627 0.3586 0.0000 776.104 44.871 256.584
4364 0.000000 0 0.7273 0.6017 0.3300 0.9627 0.3586 0.0000 776.117 44.871 256.576
4365 0.000000 0 0.7273 0.6018 0.3300 0.9627 0.3586 0.0000 776.141 44.868 256.559
4366 0.000000 0 0.7273 0.6018 0.3300 0.9627 0.3586 0.0000 776.144 44.868 256.557
4367 0.000000 0 0.7273 0.6018 0.3300 0.9627 0.3586 0.0000 776.166 44.863 256.542
4368 0.000000 0 0.7273 0.6018 0.3300 0.9627 0.3586 0.0000 776.168 44.863 256.540
4369 0.000000 0 0.7273 0.6018 0.3300 0.9627 0.3586 0.0000 776.191 44.855 256.525
4370 0.000000 0 0.7273 0.6018 0.3300 0.9627 0.3586 0.0000 776.193 44.855 256.523
4371 0.000000 0 0.7272 0.6019 0.3300 0.9627 0.3586 0.0000 776.216 44.845 256.508
4372 0.000000 0 0.7272 0.6019 0.3300 0.9627 0.3586 0.0000 776.217 44.844 256.507
4373 0.000000 0 0.7272 0.6019 0.3300 0.9627 0.3586 0.0000 776.240 44.831 256.491
4374 0.000000 0 0.7272 0.6019 0.3300 0.9627 0.3586 0.0000 776.242 44.830 256.489
4375 0.000000 0 0.7272 0.6019 0.3300 0.9627 0.3586 0.0000 776.265 44.815 256.473
4376 0.000000 0 0.7272 0.6019 0.3300 0.9627 0.3586 0.0000 776.278 44.806 256.465
4377 0.000000 0 0.7272 0.6019 0.3300 0.9627 0.3586 0.0000 776.290 44.797 256.457
4378 0.000000 0 0.7272 0.6019 0.3300 0.9627 0.3586 0.0000 776.302 44.786 256.448
4379 0.000000 0 0.7272 0.6020 0.3300 0.9627 0.3586 0.0000 776.315 44.775 256.439
4380 0.000000 0 0.7271 0.6020 0.3300 0.9627 0.3586 0.0000 776.339 44.751 256.422
4381 0.000000 0 0.7271 0.6020 0.3300 0.9627 0.3586 0.0000 776.341 44.749 256.421
4382 0.000000 0 0.7271 0.6020 0.3300 0.9627 0.3586 0.0000 776.364 44.724 256.405
4383 0.000000 0 0.7271 0.6020 0.3300 0.9627 0.3586 0.0000 776.365 44.722 256.404
4384 0.000000 0 0.7271 0.6020 0.3300 0.9627 0.3586 0.0000 776.389 44.694 256.388
4385 0.000000 0 0.7271 0.6020 0.3300 0.9627 0.3586 0.0000 776.390 44.692 256.387
4386 0.000000 0 0.7271 0.6021 0.3300 0.9627 0.3586 0.0000 776.413 44.662 256.371
4387 0.000000 0 0.7271 0.6021 0.3300 0.9627 0.3586 0.0000 776.420 44.662 256.366
4388 0.000000 0 0.7271 0.6021 0.3300 0.9627 0.3586 0.0000 776.421 44.662 256.365
4389 0.000000 0 0.7270 0.6021 0.3300 0.9627 0.3586 0.0000 776.437 44.666 256.353
4390 0.000000 0 0.7270 0.6021 0.3300 0.9627 0.3586 0.0000 776.439 44.666 256.352
4391 0.000000 0 0.7270 0.6021 0.3300 0.9627 0.3586 0.0000 776.458 44.667 256.339
4392 0.000000 0 0.7270 0.6021 0.3300 0.9627 0.3586 0.0000 776.460 44.667 256.337
4393 0.000000 0 0.7270 0.6022 0.3300 0.9627 0.3586 0.0000 776.479 44.665 256.324
4394 0.000000 0 0.7270 0.6022 0.3300 0.9627 0.3586 0.0000 776.481 44.665 256.323
4395 0.000000 0 0.7270 0.6022 0.3300 0.9627 0.3586 0.0000 776.500 44.663 256.310
4396 0.000000 0 0.7270 0.6022 0.3300 0.9627 0.3586 0.0000 776.503 44.663 256.309
4397 0.000000 0 0.7270 0.6022 0.3299 0.9627 0.3586 0.0000 776.522 44.664 256.296
4398 0.000000 0 0.7270 0.6022 0.3299 0.9627 0.3586 0.0000 776.524 44.664 256.294
4399 0.000000 0 0.7269 0.6022 0.3299 0.9627 0.3586 0.0000 776.543 44.670 256.281
4400 0.000000 0 0.7269 0.6023 0.3299 0.9627 0.3586 0.0000 776.554 44.674 256.274
4401 0.000000 0 0.7269 0.6023 0.3299 0.9627 0.3586 0.0000 776.564 44.679 256.267
4402 0.000000 0 0.7269 0.6023 0.3299 0.9627 0.3586 0.0000 776.575 44.684 256.260
4403 0.000000 0 0.7269 0.6023 0.3299 0.9627 0.3586 0.0000 776.577 44.685 256.259
4404 0.000000 0 0.7269 0.6023 0.3299 0.9627 0.3586 0.0000 776.598 44.693 256.245
4405 0.000000 0 0.7269 0.6023 0.3299 0.9627 0.3586 0.0000 776.600 44.694 256.244
4406 0.000000 0 0.7269 0.6023 0.3299 0.9627 0.3586 0.0000 776.621 44.704 256.229
4407 0.000000 0 0.7269 0.6024 0.3299 0.9627 0.3586 0.0000 776.632 44.710 256.221
4408 0.000000 0 0.7268 0.6024 0.3299 0.9627 0.3586 0.0000 776.644 44.715 256.214
4409 0.000000 0 0.7268 0.6024 0.3299 0.9627 0.3586 0.0000 776.665 44.730 256.199
4410 0.000000 0 0.7268 0.6024 0.3299 0.9627 0.3586 0.0000 776.667 44.732 256.198
4411 0.000000 0 0.7268 0.6024 0.3299 0.9627 0.3586 0.0000 776.683 44.746 256.185
4412 0.000000 0 0.7268 0.6024 0.3299 0.9627 0.3586 0.0000 776.692 44.754 256.178
4413 0.000000 0 0.7268 0.6025 0.3299 0.9627 0.3586 0.0000 776.701 44.761 256.171
4414 0.000000 0 0.7268 0.6025 0.3299 0.9627 0.3586 0.0000 776.719 44.775 256.156
4415 0.000000 0 0.7268 0.6025 0.3299 0.9627 0.3586 0.0000 776.721 44.776 256.155
4416 0.000000 0 0.7267 0.6025 0.3299 0.9627 0.3586 0.0000 776.737 44.787 256.142
4417 0.000000 0 0.7267 0.6025 0.3299 0.9627 0.3586 0.0000 776.738 44.788 256.141
4418 0.000000 0 0.7267 0.6025 0.3299 0.9627 0.3586 0.0000 776.755 44.799 256.128
4419 0.000000 0 0.7267 0.6025 0.3299 0.9627 0.3586 0.0000 776.756 44.800 256.127
4420 0.000000 0 0.7267 0.6026 0.3299 0.9627 0.3586 0.0000 776.773 44.811 256.113
4421 0.000000 0 0.7267 0.6026 0.3299 0.9627 0.3586 0.0000 776.782 44.817 256.106
4422 0.000000 0 0.7267 0.6026 0.3299 0.9627 0.3586 0.0000 776.800 44.829 256.091
4423 0.000000 0 0.7267 0.6026 0.3299 0.9627 0.3586 0.0000 776.802 44.830 256.090
4424 0.000000 0 0.7266 0.6026 0.3299 0.9627 0.3586 0.0000 776.818 44.842 256.076
4425 0.000000 0 0.7266 0.6026 0.3299 0.9627 0.3586 0.0000 776.827 44.848 256.069
4426 0.000000 0 0.7266 0.6027 0.3299 0.9627 0.3586 0.0000 776.835 44.854 256.062
4427 0.000000 0 0.7266 0.6027 0.3299 0.9627 0.3586 0.0000 776.853 44.867 256.047
4428 0.000000 0 0.7266 0.6027 0.3299 0.9627 0.3586 0.0000 776.855 44.868 256.046
4429 0.000000 0 0.7266 0.6027 0.3299 0.9627 0.3586 0.0000 776.871 44.880 256.032
4430 0.000000 0 0.7266 0.6027 0.3299 0.9627 0.3586 0.0000 776.873 44.881 256.030
4431 0.000000 0 0.7266 0.6027 0.3299 0.9627 0.3586 0.0000 776.888 44.893 256.017
4432 0.000000 0 0.7266 0.6027 0.3299 0.9627 0.3586 0.0000 776.890 44.894 256.016
4433 0.000000 0 0.7265 0.6028 0.3299 0.9627 0.3586 0.0000 776.906 44.906 256.002
4434 0.000000 0 0.7265 0.6028 0.3299 0.9627 0.3586 0.0000 776.908 44.907 256.000
4435 0.000000 0 0.7265 0.6028 0.3299 0.9627 0.3586 0.0000 776.924 44.918 255.987
4436 0.000000 0 0.7265 0.6028 0.3299 0.9627 0.3586 0.0000 776.932 44.925 255.979
4437 0.000000 0 0.7265 0.6028 0.3299 0.9627 0.3586 0.0000 776.951 44.935 255.963
4438 0.000000 0 0.7265 0.6028 0.3299 0.9627 0.3586 0.0000 776.953 44.936 255.962
4439 0.000000 0 0.7265 0.6029 0.3299 0.9627 0.3586 0.0000 776.972 44.945 255.946
4440 0.000000 0 0.7264 0.6029 0.3299 0.9627 0.3586 0.0000 777.037 44.959 255.892
4441 0.000000 0 0.7263 0.6030 0.3298 0.9627 0.3586 0.0000 777.114 44.969 255.829
4442 0.007408 0 0.7262 0.6031 0.3298 0.9627 0.3586 0.0000 777.201 44.976 255.758
4443 0.021655 0 0.7262 0.6032 0.3298 0.9627 0.3586 0.0000 777.278 44.980 255.697
4444 0.032341 0 0.7261 0.6033 0.3298 0.9627 0.3586 0.0000 777.353 44.987 255.639
4445 0.043038 0 0.7260 0.6034 0.3298 0.9627 0.3586 0.0000 777.439 45.002 255.576
4446 0.057294 0 0.7260 0.6035 0.3298 0.9627 0.3586 0.0000 777.510 45.030 255.521
4447 0.067575 0 0.7259 0.6036 0.3298 0.9627 0.3586 0.0000 777.570 45.054 255.476
4448 0.077910 0 0.7259 0.6036 0.3298 0.9627 0.3586 0.0000 777.580 45.057 255.469
4449 0.077910 0 0.7259 0.6036 0.3298 0.9627 0.3586 0.0000 777.592 45.059 255.461
4450 0.081460 0 0.7258 0.6037 0.3297 0.9627 0.3586 0.0000 777.669 45.073 255.411
4451 0.092163 0 0.7258 0.6038 0.3297 0.9627 0.3586 0.0000 777.736 45.097 255.371
4452 0.102649 0 0.7257 0.6039 0.3297 0.9627 0.3586 0.0000 777.815 45.122 255.325
4453 0.113139 0 0.7256 0.6040 0.3297 0.9627 0.3586 0.0000 777.902 45.143 255.274
4454 0.127144 0 0.7255 0.6041 0.3297 0.9627 0.3586 0.0000 777.990 45.159 255.222
4455 0.141145 0 0.7255 0.6042 0.3297 0.9627 0.3586 0.0000 778.074 45.175 255.170
4456 0.151643 0 0.7254 0.6043 0.3297 0.9627 0.3586 0.0000 778.156 45.196 255.117
4457 0.165637 0 0.7253 0.6043 0.3297 0.9627 0.3586 0.0000 778.224 45.218 255.071
4458 0.176131 0 0.7253 0.6043 0.3297 0.9627 0.3586 0.0000 778.232 45.221 255.066
4459 0.176131 0 0.7253 0.6044 0.3297 0.9627 0.3586 0.0000 778.239 45.224 255.061
4460 0.176131 0 0.7253 0.6044 0.3297 0.9627 0.3586 0.0000 778.251 45.228 255.053
4461 0.179629 0 0.7253 0.6044 0.3297 0.9627 0.3586 0.0000 778.262 45.233 255.045
4462 0.179629 0 0.7253 0.6044 0.3297 0.9627 0.3586 0.0000 778.273 45.237 255.037
4463 0.183125 0 0.7253 0.6044 0.3297 0.9627 0.3586 0.0000 778.284 45.242 255.029
4464 0.183125 0 0.7253 0.6044 0.3296 0.9627 0.3586 0.0000 778.296 45.247 255.022
4465 0.186624 0 0.7252 0.6044 0.3296 0.9627 0.3586 0.0000 778.307 45.252 255.014
4466 0.186624 0 0.7252 0.6045 0.3296 0.9627 0.3586 0.0000 778.318 45.257 255.006
4467 0.190125 0 0.7252 0.6045 0.3296 0.9627 0.3586 0.0000 778.329 45.262 254.998
4468 0.190125 0 0.7252 0.6045 0.3296 0.9627 0.3586 0.0000 778.340 45.267 254.989
4469 0.193629 0 0.7252 0.6045 0.3296 0.9627 0.3586 0.0000 778.351 45.272 254.981
4470 0.193629 0 0.7252 0.6045 0.3296 0.9627 0.3586 0.0000 778.363 45.277 254.973
4471 0.197133 0 0.7252 0.6045 0.3296 0.9627 0.3586 0.0000 778.374 45.282 254.965
4472 0.197133 0 0.7252 0.6045 0.3296 0.9627 0.3586 0.0000 778.384 45.287 254.957
4473 0.200637 0 0.7252 0.6045 0.3296 0.9627 0.3586 0.0000 778.396 45.292 254.949
4474 0.204139 0 0.7251 0.6046 0.3296 0.9627 0.3586 0.0000 778.418 45.302 254.933
4475 0.204139 0 0.7251 0.6046 0.3296 0.9627 0.3586 0.0000 778.420 45.303 254.931
4476 0.207641 0 0.7251 0.6046 0.3296 0.9627 0.3586 0.0000 778.440 45.312 254.916
4477 0.207641 0 0.7251 0.6046 0.3296 0.9627 0.3586 0.0000 778.442 45.313 254.915
4478 0.211144 0 0.7251 0.6046 0.3296 0.9627 0.3586 0.0000 778.462 45.321 254.900
4479 0.211144 0 0.7251 0.6046 0.3296 0.9627 0.3586 0.0000 778.464 45.322 254.898
4480 0.214646 0 0.7251 0.6047 0.3296 0.9627 0.3586 0.0000 778.484 45.331 254.883
4481 0.214646 0 0.7251 0.6047 0.3296 0.9627 0.3586 0.0000 778.506 45.339 254.867
4482 0.218146 0 0.7251 0.6047 0.3296 0.9627 0.3586 0.0000 778.508 45.340 254.865
4483 0.221639 0 0.7250 0.6047 0.3296 0.9627 0.3586 0.0000 778.528 45.347 254.850
4484 0.225137 0 0.7250 0.6047 0.3296 0.9627 0.3586 0.0000 778.549 45.355 254.833
4485 0.225137 0 0.7250 0.6047 0.3296 0.9627 0.3586 0.0000 778.551 45.356 254.832
4486 0.228633 0 0.7250 0.6048 0.3296 0.9627 0.3586 0.0000 778.581 45.365 254.809
4487 0.232131 0 0.7250 0.6048 0.3296 0.9627 0.3586 0.0000 778.583 45.366 254.808
4488 0.232131 0 0.7250 0.6048 0.3296 0.9627 0.3586 0.0000 778.615 45.375 254.783
4489 0.239123 0 0.7249 0.6048 0.3296 0.9627 0.3586 0.0000 778.637 45.381 254.767
4490 0.239123 0 0.7249 0.6048 0.3296 0.9627 0.3586 0.0000 778.639 45.381 254.766
4491 0.242618 0 0.7249 0.6049 0.3296 0.9627 0.3586 0.0000 778.669 45.388 254.743
4492 0.246114 0 0.7249 0.6049 0.3296 0.9627 0.3586 0.0000 778.672 45.389 254.741
4493 0.246114 0 0.7249 0.6049 0.3296 0.9627 0.3586 0.0000 778.691 45.393 254.726
4494 0.249610 0 0.7249 0.6049 0.3296 0.9627 0.3586 0.0000 778.693 45.393 254.725
4495 0.249610 0 0.7249 0.6049 0.3296 0.9627 0.3586 0.0000 778.713 45.397 254.710
4496 0.253104 0 0.7248 0.6050 0.3296 0.9627 0.3586 0.0000 778.724 45.400 254.702
4497 0.253104 0 0.7248 0.6050 0.3296 0.9627 0.3586 0.0000 778.735 45.402 254.694
4498 0.256608 0 0.7248 0.6050 0.3296 0.9627 0.3586 0.0000 778.758 45.406 254.678
4499 0.260114 0 0.7248 0.6050 0.3296 0.9627 0.3586 0.0000 778.769 45.408 254.670
4500 0.260114 0 0.7248 0.6050 0.3296 0.9627 0.3586 0.0000 778.791 45.412 254.654
4501 0.263619 0 0.7248 0.6050 0.3296 0.9627 0.3586 0.0000 778.793 45.413 254.652
4502 0.267123 0 0.7248 0.6051 0.3296 0.9627 0.3586 0.0000 778.814 45.417 254.638
4503 0.267123 0 0.7247 0.6051 0.3296 0.9627 0.3586 0.0000 778.840 45.422 254.627
4504 0.270648 0 0.7247 0.6051 0.3296 0.9627 0.3586 0.0000 778.843 45.422 254.626
4505 0.274184 0 0.7247 0.6051 0.3296 0.9627 0.3586 0.0000 778.868 45.427 254.619
4506 0.274184 0 0.7247 0.6051 0.3296 0.9627 0.3586 0.0000 778.893 45.433 254.607
4507 0.277720 0 0.7247 0.6051 0.3296 0.9627 0.3586 0.0000 778.895 45.433 254.606
4508 0.281257 0 0.7247 0.6052 0.3295 0.9627 0.3586 0.0000 778.917 45.439 254.595
4509 0.281257 0 0.7247 0.6052 0.3295 0.9627 0.3586 0.0000 778.929 45.442 254.589
4510 0.284793 0 0.7247 0.6052 0.3295 0.9627 0.3586 0.0000 778.942 45.446 254.582
4511 0.284793 0 0.7246 0.6052 0.3295 0.9627 0.3586 0.0000 778.966 45.453 254.570
4512 0.288329 0 0.7246 0.6052 0.3295 0.9627 0.3586 0.0000 778.969 45.454 254.569
4513 0.291865 0 0.7246 0.6053 0.3295 0.9627 0.3586 0.0000 778.991 45.461 254.558
4514 0.291865 0 0.7246 0.6053 0.3295 0.9627 0.3586 0.0000 779.015 45.470 254.546
4515 0.295402 0 0.7246 0.6053 0.3295 0.9627 0.3586 0.0000 779.018 45.471 254.545
4516 0.298938 0 0.7246 0.6053 0.3295 0.9627 0.3586 0.0000 779.040 45.479 254.535
4517 0.298938 0 0.7246 0.6053 0.3295 0.9627 0.3586 0.0000 779.043 45.480 254.534
4518 0.302478 0 0.7246 0.6053 0.3295 0.9627 0.3586 0.0000 779.065 45.488 254.523
4519 0.302478 0 0.7245 0.6054 0.3295 0.9627 0.3586 0.0000 779.090 45.498 254.512
4520 0.306012 0 0.7245 0.6054 0.3295 0.9627 0.3586 0.0000 779.093 45.499 254.511
4521 0.309546 0 0.7245 0.6054 0.3295 0.9627 0.3586 0.0000 779.115 45.508 254.501
4522 0.309546 0 0.7245 0.6054 0.3295 0.9627 0.3586 0.0000 779.140 45.518 254.490
4523 0.313083 0 0.7245 0.6054 0.3295 0.9627 0.3586 0.0000 779.142 45.519 254.489
4524 0.316617 0 0.7245 0.6054 0.3295 0.9627 0.3586 0.0000 779.165 45.528 254.479
4525 0.316617 0 0.7245 0.6054 0.3295 0.9627 0.3586 0.0000 779.167 45.529 254.478
4526 0.320151 0 0.7245 0.6055 0.3295 0.9627 0.3586 0.0000 779.190 45.539 254.468
4527 0.320151 0 0.7244 0.6055 0.3295 0.9627 0.3586 0.0000 779.203 45.544 254.463
4528 0.323688 0 0.7244 0.6055 0.3295 0.9627 0.3586 0.0000 779.228 45.554 254.452
4529 0.327222 0 0.7244 0.6055 0.3295 0.9627 0.3586 0.0000 779.231 45.555 254.451
4530 0.327222 0 0.7244 0.6055 0.3295 0.9627 0.3586 0.0000 779.253 45.563 254.442
4531 0.330756 0 0.7244 0.6055 0.3295 0.9627 0.3586 0.0000 779.255 45.564 254.441
4532 0.330756 0 0.7244 0.6056 0.3295 0.9627 0.3586 0.0000 779.278 45.572 254.431
4533 0.334292 0 0.7244 0.6056 0.3295 0.9627 0.3586 0.0000 779.281 45.573 254.430
4534 0.334292 0 0.7244 0.6056 0.3295 0.9627 0.3586 0.0000 779.304 45.581 254.421
4535 0.337827 0 0.7243 0.6056 0.3295 0.9627 0.3586 0.0000 779.316 45.586 254.415
4536 0.337827 0 0.7243 0.6056 0.3295 0.9627 0.3586 0.0000 779.341 45.594 254.405
4537 0.341363 0 0.7243 0.6056 0.3295 0.9627 0.3586 0.0000 779.344 45.594 254.404
4538 0.344897 0 0.7243 0.6057 0.3295 0.9627 0.3586 0.0000 779.367 45.601 254.394
4539 0.344897 0 0.7243 0.6057 0.3295 0.9627 0.3586 0.0000 779.369 45.602 254.394
4540 0.348432 0 0.7243 0.6057 0.3295 0.9627 0.3586 0.0000 779.392 45.608 254.384
4541 0.348432 0 0.7243 0.6057 0.3295 0.9627 0.3586 0.0000 779.405 45.612 254.379
4542 0.351966 0 0.7243 0.6057 0.3295 0.9627 0.3586 0.0000 779.417 45.615 254.373
4543 0.351966 0 0.7243 0.6057 0.3295 0.9627 0.3586 0.0000 779.430 45.618 254.368
4544 0.355500 0 0.7242 0.6058 0.3295 0.9627 0.3586 0.0000 779.455 45.624 254.358
4545 0.359027 0 0.7242 0.6058 0.3295 0.9627 0.3586 0.0000 779.458 45.624 254.357
4546 0.359027 0 0.7242 0.6058 0.3295 0.9627 0.3586 0.0000 779.481 45.629 254.347
4547 0.362556 0 0.7242 0.6058 0.3295 0.9627 0.3586 0.0000 779.493 45.632 254.342
4548 0.362556 0 0.7242 0.6058 0.3295 0.9627 0.3586 0.0000 779.506 45.634 254.337
4549 0.366086 0 0.7242 0.6058 0.3295 0.9627 0.3586 0.0000 779.531 45.639 254.326
4550 0.369617 0 0.7242 0.6058 0.3295 0.9627 0.3586 0.0000 779.533 45.639 254.325
4551 0.369617 0 0.7241 0.6059 0.3295 0.9627 0.3586 0.0000 779.556 45.643 254.315
4552 0.373147 0 0.7241 0.6059 0.3294 0.9627 0.3586 0.0000 779.581 45.648 254.304
4553 0.376678 0 0.7241 0.6059 0.3294 0.9627 0.3586 0.0000 779.584 45.648 254.303
4554 0.376678 0 0.7241 0.6059 0.3294 0.9627 0.3586 0.0000 779.606 45.652 254.293
4555 0.380208 0 0.7241 0.6059 0.3294 0.9627 0.3586 0.0000 779.608 45.653 254.292
4556 0.380208 0 0.7241 0.6059 0.3294 0.9627 0.3586 0.0000 779.631 45.657 254.282
4557 0.383739 0 0.7241 0.6059 0.3294 0.9627 0.3586 0.0000 779.633 45.657 254.282
4558 0.383739 0 0.7241 0.6060 0.3294 0.9627 0.3586 0.0000 779.656 45.662 254.271
4559 0.387269 0 0.7241 0.6060 0.3294 0.9627 0.3586 0.0000 779.668 45.664 254.266
4560 0.387269 0 0.7240 0.6060 0.3294 0.9627 0.3586 0.0000 779.693 45.669 254.254
4561 0.390800 0 0.7240 0.6060 0.3294 0.9627 0.3586 0.0000 779.695 45.670 254.253
4562 0.394330 0 0.7240 0.6060 0.3294 0.9627 0.3586 0.0000 779.718 45.675 254.243
4563 0.394330 0 0.7240 0.6060 0.3294 0.9627 0.3586 0.0000 779.720 45.676 254.242
4564 0.397861 0 0.7240 0.6061 0.3294 0.9627 0.3586 0.0000 779.743 45.681 254.231
4565 0.397861 0 0.7240 0.6061 0.3294 0.9627 0.3586 0.0000 779.744 45.682 254.230
4566 0.401391 0 0.7240 0.6061 0.3294 0.9627 0.3586 0.0000 779.767 45.688 254.219
4567 0.401391 0 0.7240 0.6061 0.3294 0.9627 0.3586 0.0000 779.768 45.688 254.219
4568 0.404912 0 0.7239 0.6061 0.3294 0.9627 0.3586 0.0000 779.791 45.695 254.207
4569 0.404912 0 0.7239 0.6061 0.3294 0.9627 0.3586 0.0000 779.793 45.696 254.207
4570 0.408437 0 0.7239 0.6062 0.3294 0.9627 0.3586 0.0000 779.816 45.703 254.195
4571 0.408437 0 0.7239 0.6062 0.3294 0.9627 0.3586 0.0000 779.818 45.704 254.194
4572 0.411942 0 0.7239 0.6062 0.3294 0.9627 0.3586 0.0000 779.840 45.712 254.183
4573 0.415446 0 0.7239 0.6062 0.3294 0.9627 0.3586 0.0000 779.843 45.713 254.182
4574 0.415446 0 0.7239 0.6062 0.3294 0.9627 0.3586 0.0000 779.864 45.721 254.171
4575 0.415446 0 0.7239 0.6062 0.3294 0.9627 0.3586 0.0000 779.888 45.731 254.158
4576 0.418952 0 0.7239 0.6062 0.3294 0.9627 0.3586 0.0000 779.890 45.732 254.157
4577 0.422456 0 0.7238 0.6063 0.3294 0.9627 0.3586 0.0000 779.924 45.746 254.140
4578 0.425961 0 0.7238 0.6063 0.3294 0.9627 0.3586 0.0000 779.926 45.747 254.139
4579 0.425961 0 0.7238 0.6063 0.3294 0.9627 0.3586 0.0000 779.948 45.757 254.127
4580 0.429465 0 0.7238 0.6063 0.3294 0.9627 0.3586 0.0000 779.959 45.762 254.120
4581 0.429465 0 0.7238 0.6063 0.3294 0.9627 0.3586 0.0000 779.983 45.772 254.108
4582 0.432971 0 0.7238 0.6063 0.3294 0.9627 0.3586 0.0000 779.985 45.773 254.107
4583 0.436475 0 0.7238 0.6064 0.3294 0.9627 0.3586 0.0000 780.006 45.783 254.095
4584 0.436475 0 0.7237 0.6064 0.3294 0.9627 0.3586 0.0000 780.030 45.794 254.081
4585 0.443484 0 0.7237 0.6064 0.3294 0.9627 0.3586 0.0000 780.033 45.795 254.080
4586 0.443484 0 0.7237 0.6064 0.3294 0.9627 0.3586 0.0000 780.054 45.804 254.068
4587 0.443484 0 0.7237 0.6064 0.3294 0.9627 0.3586 0.0000 780.056 45.805 254.067
4588 0.447019 0 0.7237 0.6064 0.3294 0.9627 0.3586 0.0000 780.078 45.814 254.055
4589 0.447019 0 0.7237 0.6065 0.3294 0.9627 0.3586 0.0000 780.089 45.819 254.048
4590 0.450557 0 0.7237 0.6065 0.3294 0.9627 0.3586 0.0000 780.102 45.823 254.041
4591 0.450557 0 0.7237 0.6065 0.3294 0.9627 0.3586 0.0000 780.125 45.832 254.027
4592 0.454093 0 0.7236 0.6065 0.3294 0.9627 0.3586 0.0000 780.128 45.833 254.026
4593 0.457631 0 0.7236 0.6065 0.3294 0.9627 0.3586 0.0000 780.149 45.841 254.014
4594 0.461167 0 0.7236 0.6065 0.3294 0.9627 0.3586 0.0000 780.161 45.845 254.007
4595 0.461167 0 0.7236 0.6066 0.3294 0.9627 0.3586 0.0000 780.173 45.849 254.000
4596 0.461167 0 0.7236 0.6066 0.3294 0.9627 0.3586 0.0000 780.196 45.856 253.987
4597 0.464705 0 0.7236 0.6066 0.3294 0.9627 0.3586 0.0000 780.198 45.857 253.986
4598 0.468244 0 0.7236 0.6066 0.3294 0.9627 0.3586 0.0000 780.220 45.863 253.973
4599 0.468244 0 0.7235 0.6066 0.3293 0.9627 0.3586 0.0000 780.244 45.870 253.959
4600 0.471780 0 0.7235 0.6066 0.3293 0.9627 0.3586 0.0000 780.246 45.870 253.958
4601 0.475318 0 0.7235 0.6067 0.3293 0.9627 0.3586 0.0000 780.268 45.876 253.946
4602 0.475318 0 0.7235 0.6067 0.3293 0.9627 0.3586 0.0000 780.269 45.876 253.945
4603 0.478854 0 0.7235 0.6067 0.3293 0.9627 0.3586 0.0000 780.291 45.881 253.932
4604 0.478854 0 0.7235 0.6067 0.3293 0.9627 0.3586 0.0000 780.293 45.881 253.931
4605 0.482390 0 0.7235 0.6067 0.3293 0.9627 0.3586 0.0000 780.315 45.886 253.919
4606 0.482390 0 0.7235 0.6067 0.3293 0.9627 0.3586 0.0000 780.317 45.886 253.918
4607 0.485929 0 0.7235 0.6067 0.3293 0.9627 0.3586 0.0000 780.339 45.891 253.905
4608 0.485929 0 0.7235 0.6067 0.3293 0.9627 0.3586 0.0000 780.341 45.891 253.904
4609 0.489465 0 0.7234 0.6068 0.3293 0.9627 0.3586 0.0000 780.363 45.895 253.892
4610 0.489465 0 0.7234 0.6068 0.3293 0.9627 0.3586 0.0000 780.375 45.897 253.885
4611 0.493001 0 0.7234 0.6068 0.3293 0.9627 0.3586 0.0000 780.399 45.902 253.872
4612 0.496537 0 0.7234 0.6068 0.3293 0.9627 0.3586 0.0000 780.401 45.902 253.870
4613 0.496537 0 0.7234 0.6068 0.3293 0.9627 0.3586 0.0000 780.423 45.906 253.859
4614 0.500073 0 0.7234 0.6068 0.3293 0.9627 0.3586 0.0000 780.426 45.907 253.857
4615 0.500073 0 0.7234 0.6069 0.3293 0.9627 0.3586 0.0000 780.447 45.911 253.846
4616 0.503604 0 0.7234 0.6069 0.3293 0.9627 0.3586 0.0000 780.459 45.914 253.839
4617 0.503604 0 0.7233 0.6069 0.3293 0.9627 0.3586 0.0000 780.471 45.916 253.833
4618 0.507062 0 0.7233 0.6069 0.3293 0.9627 0.3586 0.0000 780.482 45.919 253.826
4619 0.507062 0 0.7233 0.6069 0.3293 0.9627 0.3586 0.0000 780.494 45.923 253.820
4620 0.510520 0 0.7233 0.6069 0.3293 0.9627 0.3586 0.0000 780.505 45.926 253.814
4621 0.510520 0 0.7233 0.6070 0.3293 0.9627 0.3586 0.0000 780.517 45.929 253.808
4622 0.513978 0 0.7233 0.6070 0.3293 0.9627 0.3586 0.0000 780.540 45.936 253.795
4623 0.517436 0 0.7233 0.6070 0.3293 0.9627 0.3586 0.0000 780.542 45.937 253.794
4624 0.517436 0 0.7233 0.6070 0.3293 0.9627 0.3586 0.0000 780.564 45.944 253.783
4625 0.520894 0 0.7233 0.6070 0.3293 0.9627 0.3586 0.0000 780.576 45.948 253.777
4626 0.520894 0 0.7232 0.6070 0.3293 0.9627 0.3586 0.0000 780.587 45.952 253.771
4627 0.524352 0 0.7232 0.6070 0.3293 0.9627 0.3586 0.0000 780.599 45.956 253.765
4628 0.524352 0 0.7232 0.6071 0.3293 0.9627 0.3586 0.0000 780.622 45.965 253.753
4629 0.527810 0 0.7232 0.6071 0.3293 0.9627 0.3586 0.0000 780.625 45.966 253.752
4630 0.531266 0 0.7232 0.6071 0.3293 0.9627 0.3586 0.0000 780.646 45.974 253.741
4631 0.531266 0 0.7232 0.6071 0.3293 0.9627 0.3586 0.0000 780.648 45.975 253.740
4632 0.534724 0 0.7232 0.6071 0.3293 0.9627 0.3586 0.0000 780.670 45.984 253.729
4633 0.534724 0 0.7232 0.6071 0.3293 0.9627 0.3586 0.0000 780.671 45.985 253.729
4634 0.538180 0 0.7231 0.6072 0.3293 0.9627 0.3586 0.0000 780.694 45.994 253.718
4635 0.538180 0 0.7231 0.6072 0.3293 0.9627 0.3586 0.0000 780.695 45.995 253.717
4636 0.541638 0 0.7231 0.6072 0.3293 0.9627 0.3586 0.0000 780.717 46.005 253.707
4637 0.541638 0 0.7231 0.6072 0.3293 0.9627 0.3586 0.0000 780.721 46.006 253.705
4638 0.545140 0 0.7231 0.6072 0.3293 0.9627 0.3586 0.0000 780.742 46.015 253.695
4639 0.545140 0 0.7231 0.6072 0.3293 0.9627 0.3586 0.0000 780.743 46.016 253.694
4640 0.548711 0 0.7231 0.6072 0.3293 0.9627 0.3586 0.0000 780.767 46.023 253.683
4641 0.548711 0 0.7231 0.6072 0.3293 0.9627 0.3586 0.0000 780.780 46.028 253.677
4642 0.552281 0 0.7231 0.6073 0.3293 0.9627 0.3586 0.0000 780.782 46.029 253.676
4643 0.552281 0 0.7231 0.6073 0.3293 0.9627 0.3586 0.0000 780.805 46.037 253.666
4644 0.555854 0 0.7230 0.6073 0.3293 0.9627 0.3586 0.0000 780.808 46.038 253.664
4645 0.555854 0 0.7230 0.6073 0.3293 0.9627 0.3586 0.0000 780.831 46.046 253.654
4646 0.559430 0 0.7230 0.6073 0.3293 0.9627 0.3586 0.0000 780.833 46.047 253.653
4647 0.559430 0 0.7230 0.6073 0.3293 0.9627 0.3586 0.0000 780.856 46.055 253.642
4648 0.563003 0 0.7230 0.6073 0.3293 0.9627 0.3586 0.0000 780.858 46.056 253.641
4649 0.563003 0 0.7230 0.6074 0.3293 0.9627 0.3586 0.0000 780.881 46.064 253.631
4650 0.566579 0 0.7230 0.6074 0.3292 0.9627 0.3586 0.0000 780.884 46.065 253.630
4651 0.566579 0 0.7230 0.6074 0.3292 0.9627 0.3586 0.0000 780.907 46.073 253.619
4652 0.570157 0 0.7230 0.6074 0.3292 0.9627 0.3586 0.0000 780.909 46.074 253.618
4653 0.570157 0 0.7229 0.6074 0.3292 0.9627 0.3586 0.0000 780.932 46.081 253.608
4654 0.573733 0 0.7229 0.6074 0.3292 0.9627 0.3586 0.0000 780.958 46.089 253.597
4655 0.577312 0 0.7229 0.6074 0.3292 0.9627 0.3586 0.0000 780.961 46.090 253.596
4656 0.577312 0 0.7229 0.6075 0.3292 0.9627 0.3586 0.0000 780.984 46.096 253.586
4657 0.580888 0 0.7229 0.6075 0.3292 0.9627 0.3586 0.0000 780.986 46.097 253.585
4658 0.580888 0 0.7229 0.6075 0.3292 0.9627 0.3586 0.0000 781.009 46.103 253.575
4659 0.584464 0 0.7229 0.6075 0.3292 0.9627 0.3586 0.0000 781.012 46.104 253.573
4660 0.584464 0 0.7229 0.6075 0.3292 0.9627 0.3586 0.0000 781.035 46.109 253.563
4661 0.588040 0 0.7229 0.6075 0.3292 0.9627 0.3586 0.0000 781.037 46.110 253.562
4662 0.588040 0 0.7228 0.6075 0.3292 0.9627 0.3586 0.0000 781.061 46.115 253.552
4663 0.591617 0 0.7228 0.6076 0.3292 0.9627 0.3586 0.0000 781.063 46.116 253.551
4664 0.591617 0 0.7228 0.6076 0.3292 0.9627 0.3586 0.0000 781.086 46.120 253.541
4665 0.595193 0 0.7228 0.6076 0.3292 0.9627 0.3586 0.0000 781.089 46.121 253.540
4666 0.595193 0 0.7228 0.6076 0.3292 0.9627 0.3586 0.0000 781.112 46.125 253.530
4667 0.598769 0 0.7228 0.6076 0.3292 0.9627 0.3586 0.0000 781.138 46.129 253.518
4668 0.602345 0 0.7228 0.6076 0.3292 0.9627 0.3586 0.0000 781.140 46.130 253.517
4669 0.602345 0 0.7228 0.6077 0.3292 0.9627 0.3586 0.0000 781.163 46.133 253.507
4670 0.605920 0 0.7227 0.6077 0.3292 0.9627 0.3586 0.0000 781.176 46.135 253.501
4671 0.605920 0 0.7227 0.6077 0.3292 0.9627 0.3586 0.0000 781.201 46.140 253.490
4672 0.609494 0 0.7227 0.6077 0.3292 0.9627 0.3586 0.0000 781.203 46.140 253.489
4673 0.613009 0 0.7227 0.6077 0.3292 0.9627 0.3586 0.0000 781.226 46.144 253.480
4674 0.613009 0 0.7227 0.6077 0.3292 0.9627 0.3586 0.0000 781.238 46.147 253.475
4675 0.616527 0 0.7227 0.6078 0.3292 0.9627 0.3586 0.0000 781.264 46.152 253.464
4676 0.620042 0 0.7227 0.6078 0.3292 0.9627 0.3586 0.0000 781.266 46.152 253.464
4677 0.620042 0 0.7226 0.6078 0.3292 0.9627 0.3586 0.0000 781.289 46.157 253.454
4678 0.623557 0 0.7226 0.6078 0.3292 0.9627 0.3586 0.0000 781.291 46.157 253.453
4679 0.623557 0 0.7226 0.6078 0.3292 0.9627 0.3586 0.0000 781.314 46.162 253.443
4680 0.627072 0 0.7226 0.6078 0.3292 0.9627 0.3586 0.0000 781.316 46.162 253.442
4681 0.627072 0 0.7226 0.6078 0.3292 0.9627 0.3586 0.0000 781.339 46.167 253.433
4682 0.630589 0 0.7226 0.6079 0.3292 0.9627 0.3586 0.0000 781.363 46.173 253.422
4683 0.634099 0 0.7226 0.6079 0.3292 0.9627 0.3586 0.0000 781.388 46.179 253.411
4684 0.637614 0 0.7226 0.6079 0.3292 0.9627 0.3586 0.0000 781.390 46.180 253.410
4685 0.637614 0 0.7225 0.6079 0.3292 0.9627 0.3586 0.0000 781.413 46.186 253.399
4686 0.641156 0 0.7225 0.6079 0.3292 0.9627 0.3586 0.0000 781.425 46.189 253.393
4687 0.641156 0 0.7225 0.6080 0.3292 0.9627 0.3586 0.0000 781.451 46.195 253.381
4688 0.644736 0 0.7225 0.6080 0.3292 0.9627 0.3586 0.0000 781.453 46.195 253.380
4689 0.648313 0 0.7225 0.6080 0.3292 0.9627 0.3586 0.0000 781.476 46.201 253.369
4690 0.648313 0 0.7225 0.6080 0.3292 0.9627 0.3586 0.0000 781.478 46.202 253.368
4691 0.651891 0 0.7225 0.6080 0.3292 0.9627 0.3586 0.0000 781.501 46.209 253.357
4692 0.651891 0 0.7225 0.6080 0.3292 0.9627 0.3586 0.0000 781.503 46.209 253.356
4693 0.655471 0 0.7224 0.6080 0.3292 0.9627 0.3586 0.0000 781.526 46.217 253.345
4694 0.655471 0 0.7224 0.6081 0.3292 0.9627 0.3586 0.0000 781.527 46.217 253.344
4695 0.659003 0 0.7224 0.6081 0.3292 0.9627 0.3586 0.0000 781.550 46.226 253.332
4696 0.659003 0 0.7224 0.6081 0.3292 0.9627 0.3586 0.0000 781.562 46.231 253.326
4697 0.662541 0 0.7224 0.6081 0.3291 0.9627 0.3586 0.0000 781.586 46.241 253.313
4698 0.666078 0 0.7224 0.6081 0.3291 0.9627 0.3586 0.0000 781.588 46.241 253.312
4699 0.666078 0 0.7224 0.6081 0.3291 0.9627 0.3586 0.0000 781.610 46.251 253.300
4700 0.669612 0 0.7224 0.6081 0.3291 0.9627 0.3586 0.0000 781.612 46.252 253.299
4701 0.669612 0 0.7224 0.6082 0.3291 0.9627 0.3586 0.0000 781.635 46.261 253.287
4702 0.673148 0 0.7223 0.6082 0.3291 0.9627 0.3586 0.0000 781.659 46.271 253.274
4703 0.676684 0 0.7223 0.6082 0.3291 0.9627 0.3586 0.0000 781.661 46.272 253.273
4704 0.676684 0 0.7223 0.6082 0.3291 0.9627 0.3586 0.0000 781.683 46.282 253.261
4705 0.680221 0 0.7223 0.6083 0.3291 0.9627 0.3586 0.0000 781.706 46.291 253.248
4706 0.683757 0 0.7223 0.6083 0.3291 0.9627 0.3586 0.0000 781.719 46.297 253.241
4707 0.683757 0 0.7223 0.6083 0.3291 0.9627 0.3586 0.0000 781.743 46.306 253.228
4708 0.687293 0 0.7223 0.6083 0.3291 0.9627 0.3586 0.0000 781.745 46.307 253.226
4709 0.690829 0 0.7222 0.6083 0.3291 0.9627 0.3586 0.0000 781.778 46.320 253.208
4710 0.694366 0 0.7222 0.6083 0.3291 0.9627 0.3586 0.0000 781.781 46.321 253.206
4711 0.694366 0 0.7222 0.6084 0.3291 0.9627 0.3586 0.0000 781.802 46.329 253.194
4712 0.697902 0 0.7222 0.6084 0.3291 0.9627 0.3586 0.0000 781.826 46.337 253.181
4713 0.701438 0 0.7222 0.6084 0.3291 0.9627 0.3586 0.0000 781.828 46.338 253.180
4714 0.701438 0 0.7222 0.6084 0.3291 0.9627 0.3586 0.0000 781.850 46.344 253.167
4715 0.704972 0 0.7222 0.6084 0.3291 0.9627 0.3586 0.0000 781.862 46.348 253.160
4716 0.704972 0 0.7221 0.6085 0.3291 0.9627 0.3586 0.0000 781.885 46.355 253.147
4717 0.708508 0 0.7221 0.6085 0.3291 0.9627 0.3586 0.0000 781.888 46.355 253.146
4718 0.712045 0 0.7221 0.6085 0.3291 0.9627 0.3586 0.0000 781.909 46.361 253.133
4719 0.712045 0 0.7221 0.6085 0.3291 0.9627 0.3586 0.0000 781.911 46.362 253.132
4720 0.715581 0 0.7221 0.6085 0.3291 0.9627 0.3586 0.0000 781.933 46.367 253.120
4721 0.715581 0 0.7221 0.6085 0.3291 0.9627 0.3586 0.0000 781.935 46.367 253.119
4722 0.719117 0 0.7221 0.6085 0.3291 0.9627 0.3586 0.0000 781.957 46.372 253.107
4723 0.719117 0 0.7221 0.6085 0.3291 0.9627 0.3586 0.0000 781.959 46.373 253.106
4724 0.722653 0 0.7220 0.6086 0.3291 0.9627 0.3586 0.0000 781.981 46.377 253.093
4725 0.722653 0 0.7220 0.6086 0.3291 0.9627 0.3586 0.0000 781.983 46.378 253.092
4726 0.726190 0 0.7220 0.6086 0.3291 0.9627 0.3586 0.0000 782.005 46.382 253.080
4727 0.726190 0 0.7220 0.6086 0.3291 0.9627 0.3586 0.0000 782.017 46.384 253.073
4728 0.729726 0 0.7220 0.6086 0.3291 0.9627 0.3586 0.0000 782.029 46.386 253.067
4729 0.729726 0 0.7220 0.6086 0.3291 0.9627 0.3586 0.0000 782.053 46.391 253.054
4730 0.733262 0 0.7220 0.6086 0.3291 0.9627 0.3586 0.0000 782.055 46.391 253.053
4731 0.736796 0 0.7220 0.6087 0.3291 0.9627 0.3586 0.0000 782.077 46.395 253.041
4732 0.736796 0 0.7220 0.6087 0.3291 0.9627 0.3586 0.0000 782.079 46.395 253.040
4733 0.740331 0 0.7219 0.6087 0.3291 0.9627 0.3586 0.0000 782.101 46.399 253.028
4734 0.740331 0 0.7219 0.6087 0.3291 0.9627 0.3586 0.0000 782.125 46.404 253.015
4735 0.743867 0 0.7219 0.6087 0.3291 0.9627 0.3586 0.0000 782.137 46.406 253.009
4736 0.747401 0 0.7219 0.6088 0.3291 0.9627 0.3586 0.0000 782.162 46.411 252.996
4737 0.750937 0 0.7219 0.6088 0.3291 0.9627 0.3586 0.0000 782.164 46.412 252.995
4738 0.750937 0 0.7219 0.6088 0.3291 0.9627 0.3586 0.0000 782.198 46.420 252.978
4739 0.754474 0 0.7218 0.6088 0.3290 0.9627 0.3586 0.0000 782.223 46.426 252.965
4740 0.758008 0 0.7218 0.6088 0.3290 0.9627 0.3586 0.0000 782.225 46.426 252.964
4741 0.761544 0 0.7218 0.6089 0.3290 0.9627 0.3586 0.0000 782.247 46.433 252.953
4742 0.761544 0 0.7218 0.6089 0.3290 0.9627 0.3586 0.0000 782.272 46.440 252.941
4743 0.768615 0 0.7218 0.6089 0.3290 0.9627 0.3586 0.0000 782.284 46.444 252.935
4744 0.768615 0 0.7218 0.6089 0.3290 0.9627 0.3586 0.0000 782.309 46.452 252.924
4745 0.772149 0 0.7218 0.6089 0.3290 0.9627 0.3586 0.0000 782.322 46.456 252.918
4746 0.775685 0 0.7217 0.6090 0.3290 0.9627 0.3586 0.0000 782.334 46.461 252.912
4747 0.775685 0 0.7217 0.6090 0.3290 0.9627 0.3586 0.0000 782.359 46.470 252.900
4748 0.779220 0 0.7217 0.6090 0.3290 0.9627 0.3586 0.0000 782.383 46.479 252.889
4749 0.782756 0 0.7217 0.6090 0.3290 0.9627 0.3586 0.0000 782.386 46.480 252.888
4750 0.782756 0 0.7217 0.6090 0.3290 0.9627 0.3586 0.0000 782.408 46.489 252.878
4751 0.786290 0 0.7217 0.6091 0.3290 0.9627 0.3586 0.0000 782.434 46.499 252.867
4752 0.789826 0 0.7217 0.6091 0.3290 0.9627 0.3586 0.0000 782.437 46.500 252.866
4753 0.789826 0 0.7216 0.6091 0.3290 0.9627 0.3586 0.0000 782.471 46.514 252.851
4754 0.793361 0 0.7216 0.6091 0.3290 0.9627 0.3586 0.0000 782.496 46.524 252.840
4755 0.796897 0 0.7216 0.6091 0.3290 0.9627 0.3586 0.0000 782.499 46.526 252.839
4756 0.800431 0 0.7216 0.6092 0.3290 0.9627 0.3586 0.0000 782.523 46.535 252.829
4757 0.803969 0 0.7216 0.6092 0.3290 0.9627 0.3586 0.0000 782.534 46.540 252.824
4758 0.803969 0 0.7215 0.6092 0.3290 0.9627 0.3586 0.0000 782.560 46.549 252.814
4759 0.807506 0 0.7215 0.6092 0.3290 0.9627 0.3586 0.0000 782.562 46.550 252.813
4760 0.807506 0 0.7215 0.6092 0.3290 0.9627 0.3586 0.0000 782.585 46.559 252.803
4761 0.811042 0 0.7215 0.6093 0.3290 0.9627 0.3586 0.0000 782.610 46.568 252.793
4762 0.814578 0 0.7215 0.6093 0.3290 0.9627 0.3586 0.0000 782.612 46.568 252.792
4763 0.814578 0 0.7215 0.6093 0.3290 0.9627 0.3586 0.0000 782.635 46.576 252.782
4764 0.818114 0 0.7215 0.6093 0.3290 0.9627 0.3586 0.0000 782.648 46.580 252.777
4765 0.818114 0 0.7215 0.6093 0.3290 0.9627 0.3586 0.0000 782.674 46.588 252.767
4766 0.821651 0 0.7215 0.6093 0.3290 0.9627 0.3586 0.0000 782.676 46.589 252.766
4767 0.825187 0 0.7214 0.6093 0.3290 0.9627 0.3586 0.0000 782.699 46.595 252.757
4768 0.825187 0 0.7214 0.6094 0.3290 0.9627 0.3586 0.0000 782.712 46.599 252.751
4769 0.828723 0 0.7214 0.6094 0.3290 0.9627 0.3586 0.0000 782.724 46.602 252.746
4770 0.828723 0 0.7214 0.6094 0.3290 0.9627 0.3586 0.0000 782.737 46.605 252.741
4771 0.832276 0 0.7214 0.6094 0.3290 0.9627 0.3586 0.0000 782.750 46.607 252.736
4772 0.832276 0 0.7214 0.6094 0.3290 0.9627 0.3586 0.0000 782.776 46.613 252.725
4773 0.835830 0 0.7214 0.6094 0.3290 0.9627 0.3586 0.0000 782.778 46.613 252.724
4774 0.839381 0 0.7213 0.6095 0.3290 0.9627 0.3586 0.0000 782.801 46.618 252.715
4775 0.839381 0 0.7213 0.6095 0.3290 0.9627 0.3586 0.0000 782.826 46.623 252.704
4776 0.842929 0 0.7213 0.6095 0.3290 0.9627 0.3586 0.0000 782.829 46.623 252.703
4777 0.846478 0 0.7213 0.6095 0.3290 0.9627 0.3586 0.0000 782.852 46.627 252.693
4778 0.846478 0 0.7213 0.6095 0.3290 0.9627 0.3586 0.0000 782.854 46.627 252.692
4779 0.850013 0 0.7213 0.6095 0.3290 0.9627 0.3586 0.0000 782.877 46.631 252.683
4780 0.850013 0 0.7213 0.6095 0.3290 0.9627 0.3586 0.0000 782.879 46.632 252.682
4781 0.853541 0 0.7213 0.6096 0.3289 0.9627 0.3586 0.0000 782.902 46.636 252.672
4782 0.853541 0 0.7213 0.6096 0.3289 0.9627 0.3586 0.0000 782.904 46.636 252.671
4783 0.857074 0 0.7212 0.6096 0.3289 0.9627 0.3586 0.0000 782.927 46.640 252.661
4784 0.857074 0 0.7212 0.6096 0.3289 0.9627 0.3586 0.0000 782.929 46.641 252.660
4785 0.860602 0 0.7212 0.6096 0.3289 0.9627 0.3586 0.0000 782.952 46.645 252.650
4786 0.860602 0 0.7212 0.6096 0.3289 0.9627 0.3586 0.0000 782.954 46.645 252.650
4787 0.864137 0 0.7212 0.6096 0.3289 0.9627 0.3586 0.0000 782.977 46.649 252.639
4788 0.864137 0 0.7212 0.6096 0.3289 0.9627 0.3586 0.0000 782.979 46.650 252.638
4789 0.867663 0 0.7212 0.6097 0.3289 0.9627 0.3586 0.0000 783.002 46.655 252.628
4790 0.867663 0 0.7212 0.6097 0.3289 0.9627 0.3586 0.0000 783.004 46.655 252.627
4791 0.871192 0 0.7212 0.6097 0.3289 0.9627 0.3586 0.0000 783.027 46.660 252.617
4792 0.871192 0 0.7212 0.6097 0.3289 0.9627 0.3586 0.0000 783.029 46.661 252.616
4793 0.874719 0 0.7211 0.6097 0.3289 0.9627 0.3586 0.0000 783.051 46.666 252.605
4794 0.874719 0 0.7211 0.6097 0.3289 0.9627 0.3586 0.0000 783.054 46.667 252.604
4795 0.878247 0 0.7211 0.6098 0.3289 0.9627 0.3586 0.0000 783.076 46.673 252.594
4796 0.878247 0 0.7211 0.6098 0.3289 0.9627 0.3586 0.0000 783.078 46.673 252.593
4797 0.881774 0 0.7211 0.6098 0.3289 0.9627 0.3586 0.0000 783.101 46.679 252.582
4798 0.881774 0 0.7211 0.6098 0.3289 0.9627 0.3586 0.0000 783.103 46.680 252.581
4799 0.885301 0 0.7211 0.6098 0.3289 0.9627 0.3586 0.0000 783.125 46.687 252.570
4800 0.885301 0 0.7211 0.6098 0.3289 0.9627 0.3586 0.0000 783.137 46.691 252.564
4801 0.888829 0 0.7210 0.6098 0.3289 0.9627 0.3586 0.0000 783.162 46.699 252.552
4802 0.892356 0 0.7210 0.6099 0.3289 0.9627 0.3586 0.0000 783.165 46.700 252.551
4803 0.892356 0 0.7210 0.6099 0.3289 0.9627 0.3586 0.0000 783.186 46.708 252.540
4804 0.895883 0 0.7210 0.6099 0.3289 0.9627 0.3586 0.0000 783.189 46.709 252.539
4805 0.895883 0 0.7210 0.6099 0.3289 0.9627 0.3586 0.0000 783.210 46.718 252.527
4806 0.899411 0 0.7210 0.6099 0.3289 0.9627 0.3586 0.0000 783.235 46.727 252.515
4807 0.902946 0 0.7210 0.6099 0.3289 0.9627 0.3586 0.0000 783.237 46.728 252.513
4808 0.902946 0 0.7210 0.6100 0.3289 0.9627 0.3586 0.0000 783.259 46.737 252.502
4809 0.906482 0 0.7209 0.6100 0.3289 0.9627 0.3586 0.0000 783.283 46.747 252.489
4810 0.910018 0 0.7209 0.6100 0.3289 0.9627 0.3586 0.0000 783.286 46.748 252.488
4811 0.910018 0 0.7209 0.6100 0.3289 0.9627 0.3586 0.0000 783.307 46.757 252.476
4812 0.913554 0 0.7209 0.6100 0.3289 0.9627 0.3586 0.0000 783.317 46.762 252.471
4813 0.913554 0 0.7209 0.6100 0.3289 0.9627 0.3586 0.0000 783.331 46.768 252.463
4814 0.917087 0 0.7209 0.6101 0.3289 0.9627 0.3586 0.0000 783.355 46.778 252.450
4815 0.920608 0 0.7209 0.6101 0.3289 0.9627 0.3586 0.0000 783.357 46.779 252.449
4816 0.920608 0 0.7209 0.6101 0.3289 0.9627 0.3586 0.0000 783.379 46.788 252.437
4817 0.924125 0 0.7208 0.6101 0.3289 0.9627 0.3586 0.0000 783.381 46.789 252.436
4818 0.924125 0 0.7208 0.6101 0.3289 0.9627 0.3586 0.0000 783.403 46.798 252.424
4819 0.927657 0 0.7208 0.6101 0.3289 0.9627 0.3586 0.0000 783.405 46.799 252.422
4820 0.927657 0 0.7208 0.6101 0.3289 0.9627 0.3586 0.0000 783.427 46.807 252.410
4821 0.931186 0 0.7208 0.6101 0.3289 0.9627 0.3586 0.0000 783.428 46.808 252.409
4822 0.931186 0 0.7208 0.6102 0.3289 0.9627 0.3586 0.0000 783.450 46.816 252.397
4823 0.934718 0 0.7208 0.6102 0.3289 0.9627 0.3586 0.0000 783.474 46.825 252.384
4824 0.938243 0 0.7208 0.6102 0.3289 0.9627 0.3586 0.0000 783.476 46.826 252.382
4825 0.938243 0 0.7207 0.6102 0.3289 0.9627 0.3586 0.0000 783.498 46.833 252.370
4826 0.941772 0 0.7207 0.6102 0.3289 0.9627 0.3586 0.0000 783.500 46.834 252.369
4827 0.941772 0 0.7207 0.6103 0.3289 0.9627 0.3586 0.0000 783.521 46.840 252.357
4828 0.945296 0 0.7207 0.6103 0.3289 0.9627 0.3586 0.0000 783.523 46.841 252.356
4829 0.945296 0 0.7207 0.6103 0.3289 0.9627 0.3586 0.0000 783.545 46.847 252.343
4830 0.948825 0 0.7207 0.6103 0.3289 0.9627 0.3586 0.0000 783.557 46.851 252.337
4831 0.948825 0 0.7207 0.6103 0.3288 0.9627 0.3586 0.0000 783.581 46.857 252.323
4832 0.952350 0 0.7207 0.6103 0.3288 0.9627 0.3586 0.0000 783.583 46.858 252.322
4833 0.955878 0 0.7206 0.6103 0.3288 0.9627 0.3586 0.0000 783.605 46.863 252.310
4834 0.955878 0 0.7206 0.6104 0.3288 0.9627 0.3586 0.0000 783.629 46.868 252.297
4835 0.959403 0 0.7206 0.6104 0.3288 0.9627 0.3586 0.0000 783.631 46.869 252.295
4836 0.962932 0 0.7206 0.6104 0.3288 0.9627 0.3586 0.0000 783.652 46.873 252.283
4837 0.962932 0 0.7206 0.6104 0.3288 0.9627 0.3586 0.0000 783.654 46.873 252.282
4838 0.966456 0 0.7206 0.6104 0.3288 0.9627 0.3586 0.0000 783.676 46.878 252.270
4839 0.966456 0 0.7206 0.6105 0.3288 0.9627 0.3586 0.0000 783.700 46.882 252.257
4840 0.969985 0 0.7206 0.6105 0.3288 0.9627 0.3586 0.0000 783.702 46.883 252.256
4841 0.973508 0 0.7205 0.6105 0.3288 0.9627 0.3586 0.0000 783.724 46.887 252.244
4842 0.973508 0 0.7205 0.6105 0.3288 0.9627 0.3586 0.0000 783.736 46.889 252.238
4843 0.977038 0 0.7205 0.6105 0.3288 0.9627 0.3586 0.0000 783.748 46.891 252.231
4844 0.977038 0 0.7205 0.6105 0.3288 0.9627 0.3586 0.0000 783.760 46.894 252.225
4845 0.980561 0 0.7205 0.6106 0.3288 0.9627 0.3586 0.0000 783.784 46.899 252.212
4846 0.984092 0 0.7205 0.6106 0.3288 0.9627 0.3586 0.0000 783.786 46.899 252.211
4847 0.984092 0 0.7205 0.6106 0.3288 0.9627 0.3586 0.0000 783.808 46.904 252.200
4848 0.987615 0 0.7205 0.6106 0.3288 0.9627 0.3586 0.0000 783.811 46.904 252.199
4849 0.987615 0 0.7204 0.6106 0.3288 0.9627 0.3586 0.0000 783.833 46.909 252.187
4850 0.991145 0 0.7204 0.6106 0.3288 0.9627 0.3586 0.0000 783.857 46.915 252.175
4851 0.994668 0 0.7204 0.6106 0.3288 0.9627 0.3586 0.0000 783.859 46.915 252.174
4852 0.994668 0 0.7204 0.6107 0.3288 0.9627 0.3586 0.0000 783.881 46.921 252.163
4853 0.998199 0 0.7204 0.6107 0.3288 0.9627 0.3586 0.0000 783.893 46.925 252.157
4854 0.998199 0 0.7204 0.6107 0.3288 0.9627 0.3586 0.0000 783.918 46.932 252.145
4855 1.000000 0 0.7204 0.6107 0.3288 0.9627 0.3586 0.0000 783.927 46.935 252.140
4856 1.000000 0 0.7204 0.6107 0.3288 0.9627 0.3586 0.0000 783.942 46.939 252.133
4857 1.000000 0 0.7203 0.6108 0.3288 0.9627 0.3586 0.0000 783.967 46.948 252.121
4858 1.000000 0 0.7203 0.6108 0.3288 0.9627 0.3586 0.0000 783.969 46.949 252.120
4859 1.000000 0 0.7203 0.6108 0.3288 0.9627 0.3586 0.0000 783.992 46.956 252.110
4860 1.000000 0 0.7203 0.6108 0.3288 0.9627 0.3586 0.0000 784.004 46.961 252.104
4861 1.000000 0 0.7203 0.6108 0.3288 0.9627 0.3586 0.0000 784.016 46.966 252.099
4862 1.000000 0 0.7203 0.6108 0.3288 0.9627 0.3586 0.0000 784.029 46.971 252.093
4863 1.000000 0 0.7203 0.6108 0.3288 0.9627 0.3586 0.0000 784.042 46.975 252.087
4864 1.000000 0 0.7203 0.6109 0.3288 0.9627 0.3586 0.0000 784.054 46.980 252.082
4865 1.000000 0 0.7202 0.6109 0.3288 0.9627 0.3586 0.0000 784.079 46.990 252.071
4866 1.000000 0 0.7202 0.6109 0.3288 0.9627 0.3586 0.0000 784.081 46.991 252.070
4867 1.000000 0 0.7202 0.6109 0.3288 0.9627 0.3586 0.0000 784.104 47.000 252.060
4868 1.000000 0 0.7202 0.6109 0.3288 0.9627 0.3586 0.0000 784.129 47.010 252.049
4869 1.000000 0 0.7202 0.6109 0.3288 0.9627 0.3586 0.0000 784.131 47.011 252.048
4870 1.000000 0 0.7202 0.6110 0.3288 0.9627 0.3586 0.0000 784.154 47.020 252.038
4871 1.000000 0 0.7202 0.6110 0.3288 0.9627 0.3586 0.0000 784.157 47.021 252.037
4872 1.000000 0 0.7202 0.6110 0.3288 0.9627 0.3586 0.0000 784.180 47.030 252.027
4873 1.000000 0 0.7201 0.6110 0.3288 0.9627 0.3586 0.0000 784.182 47.031 252.026
4874 1.000000 0 0.7201 0.6110 0.3288 0.9627 0.3586 0.0000 784.205 47.040 252.017
4875 1.000000 0 0.7201 0.6110 0.3288 0.9627 0.3586 0.0000 784.208 47.041 252.016
4876 1.000000 0 0.7201 0.6110 0.3287 0.9627 0.3586 0.0000 784.230 47.049 252.006
4877 1.000000 0 0.7201 0.6110 0.3287 0.9627 0.3586 0.0000 784.235 47.051 252.004
4878 1.000000 0 0.7201 0.6111 0.3287 0.9627 0.3586 0.0000 784.256 47.059 251.996
4879 1.000000 0 0.7201 0.6111 0.3287 0.9627 0.3586 0.0000 784.281 47.067 251.985
4880 1.000000 0 0.7201 0.6111 0.3287 0.9627 0.3586 0.0000 784.284 47.068 251.984
4881 1.000000 0 0.7200 0.6111 0.3287 0.9627 0.3586 0.0000 784.307 47.075 251.975
4882 1.000000 0 0.7200 0.6111 0.3287 0.9627 0.3586 0.0000 784.309 47.076 251.974
4883 1.000000 0 0.7200 0.6111 0.3287 0.9627 0.3586 0.0000 784.332 47.083 251.965
4884 1.000000 0 0.7200 0.6111 0.3287 0.9627 0.3586 0.0000 784.335 47.084 251.964
4885 1.000000 0 0.7200 0.6112 0.3287 0.9627 0.3586 0.0000 784.357 47.090 251.955
4886 1.000000 0 0.7200 0.6112 0.3287 0.9627 0.3586 0.0000 784.360 47.091 251.954
4887 1.000000 0 0.7200 0.6112 0.3287 0.9627 0.3586 0.0000 784.383 47.097 251.944
4888 1.000000 0 0.7200 0.6112 0.3287 0.9627 0.3586 0.0000 784.385 47.097 251.943
4889 1.000000 0 0.7200 0.6112 0.3287 0.9627 0.3586 0.0000 784.409 47.103 251.934
4890 1.000000 0 0.7199 0.6112 0.3287 0.9627 0.3586 0.0000 784.421 47.105 251.929
4891 1.000000 0 0.7199 0.6113 0.3287 0.9627 0.3586 0.0000 784.447 47.111 251.918
4892 1.000000 0 0.7199 0.6113 0.3287 0.9627 0.3586 0.0000 784.449 47.111 251.917
4893 1.000000 0 0.7199 0.6113 0.3287 0.9627 0.3586 0.0000 784.472 47.116 251.908
4894 1.000000 0 0.7199 0.6113 0.3287 0.9627 0.3586 0.0000 784.475 47.116 251.907
4895 1.000000 0 0.7199 0.6113 0.3287 0.9627 0.3586 0.0000 784.497 47.120 251.897
4896 1.000000 0 0.7199 0.6113 0.3287 0.9627 0.3586 0.0000 784.499 47.120 251.897
4897 1.000000 0 0.7199 0.6113 0.3287 0.9627 0.3586 0.0000 784.523 47.124 251.887
4898 1.000000 0 0.7199 0.6114 0.3287 0.9627 0.3586 0.0000 784.535 47.127 251.881
4899 1.000000 0 0.7198 0.6114 0.3287 0.9627 0.3586 0.0000 784.561 47.131 251.870
4900 1.000000 0 0.7198 0.6114 0.3287 0.9627 0.3586 0.0000 784.563 47.132 251.869
4901 1.000000 0 0.7198 0.6114 0.3287 0.9627 0.3586 0.0000 784.586 47.136 251.860
4902 1.000000 0 0.7198 0.6114 0.3287 0.9627 0.3586 0.0000 784.588 47.136 251.859
4903 1.000000 0 0.7198 0.6114 0.3287 0.9627 0.3586 0.0000 784.611 47.140 251.849
4904 1.000000 0 0.7198 0.6114 0.3287 0.9627 0.3586 0.0000 784.613 47.141 251.848
4905 1.000000 0 0.7198 0.6115 0.3287 0.9627 0.3586 0.0000 784.636 47.145 251.837
4906 1.000000 0 0.7198 0.6115 0.3287 0.9627 0.3586 0.0000 784.638 47.145 251.837
4907 1.000000 0 0.7197 0.6115 0.3287 0.9627 0.3586 0.0000 784.661 47.150 251.826
4908 1.000000 0 0.7197 0.6115 0.3287 0.9627 0.3586 0.0000 784.663 47.151 251.825
4909 1.000000 0 0.7197 0.6115 0.3287 0.9627 0.3586 0.0000 784.685 47.155 251.815
4910 1.000000 0 0.7197 0.6115 0.3287 0.9627 0.3586 0.0000 784.688 47.156 251.814
4911 1.000000 0 0.7197 0.6116 0.3287 0.9627 0.3586 0.0000 784.710 47.161 251.803
4912 1.000000 0 0.7197 0.6116 0.3287 0.9627 0.3586 0.0000 784.712 47.162 251.802
4913 1.000000 0 0.7197 0.6116 0.3287 0.9627 0.3586 0.0000 784.735 47.168 251.792
4914 1.000000 0 0.7197 0.6116 0.3287 0.9627 0.3586 0.0000 784.737 47.168 251.791
4915 1.000000 0 0.7197 0.6116 0.3287 0.9627 0.3586 0.0000 784.759 47.174 251.780
4916 1.000000 0 0.7197 0.6116 0.3287 0.9627 0.3586 0.0000 784.761 47.175 251.779
4917 1.000000 0 0.7196 0.6116 0.3287 0.9627 0.3586 0.0000 784.784 47.182 251.768
4918 1.000000 0 0.7196 0.6116 0.3287 0.9627 0.3586 0.0000 784.786 47.183 251.767
4919 1.000000 0 0.7196 0.6117 0.3287 0.9627 0.3586 0.0000 784.808 47.190 251.756
4920 1.000000 0 0.7196 0.6117 0.3287 0.9627 0.3586 0.0000 784.820 47.194 251.750
4921 1.000000 0 0.7196 0.6117 0.3287 0.9627 0.3586 0.0000 784.833 47.198 251.744
4922 1.000000 0 0.7196 0.6117 0.3287 0.9627 0.3586 0.0000 784.857 47.207 251.731
4923 1.000000 0 0.7196 0.6117 0.3287 0.9627 0.3586 0.0000 784.859 47.208 251.730
4924 1.000000 0 0.7196 0.6117 0.3287 0.9627 0.3586 0.0000 784.881 47.217 251.719
4925 1.000000 0 0.7196 0.6117 0.3287 0.9627 0.3586 0.0000 784.883 47.218 251.718
4926 1.000000 0 0.7195 0.6118 0.3286 0.9627 0.3586 0.0000 784.905 47.226 251.706
4927 1.000000 0 0.7195 0.6118 0.3286 0.9627 0.3586 0.0000 784.908 47.227 251.705
4928 1.000000 0 0.7195 0.6118 0.3286 0.9627 0.3586 0.0000 784.929 47.237 251.693
4929 1.000000 0 0.7195 0.6118 0.3286 0.9627 0.3586 0.0000 784.932 47.237 251.692
4930 1.000000 0 0.7195 0.6118 0.3286 0.9627 0.3586 0.0000 784.954 47.247 251.681
4931 1.000000 0 0.7195 0.6118 0.3286 0.9627 0.3586 0.0000 784.956 47.248 251.679
4932 1.000000 0 0.7195 0.6118 0.3286 0.9627 0.3586 0.0000 784.978 47.257 251.667
4933 1.000000 0 0.7195 0.6119 0.3286 0.9627 0.3586 0.0000 784.980 47.258 251.666
4934 1.000000 0 0.7194 0.6119 0.3286 0.9627 0.3586 0.0000 785.001 47.267 251.654
4935 1.000000 0 0.7194 0.6119 0.3286 0.9627 0.3586 0.0000 785.013 47.272 251.648
4936 1.000000 0 0.7194 0.6119 0.3286 0.9627 0.3586 0.0000 785.037 47.282 251.635
4937 1.000000 0 0.7194 0.6119 0.3286 0.9627 0.3586 0.0000 785.040 47.283 251.633
4938 1.000000 0 0.7194 0.6119 0.3286 0.9627 0.3586 0.0000 785.061 47.292 251.621
4939 1.000000 0 0.7194 0.6119 0.3286 0.9627 0.3586 0.0000 785.063 47.293 251.620
4940 1.000000 0 0.7194 0.6120 0.3286 0.9627 0.3586 0.0000 785.085 47.302 251.608
4941 1.000000 0 0.7194 0.6120 0.3286 0.9627 0.3586 0.0000 785.097 47.306 251.601
4942 1.000000 0 0.7193 0.6120 0.3286 0.9627 0.3586 0.0000 785.121 47.315 251.588
4943 1.000000 0 0.7193 0.6120 0.3286 0.9627 0.3586 0.0000 785.123 47.316 251.587
4944 1.000000 0 0.7193 0.6120 0.3286 0.9627 0.3586 0.0000 785.145 47.323 251.574
4945 1.000000 0 0.7193 0.6120 0.3286 0.9627 0.3586 0.0000 785.147 47.324 251.573
4946 1.000000 0 0.7193 0.6121 0.3286 0.9627 0.3586 0.0000 785.168 47.331 251.561
4947 1.000000 0 0.7193 0.6121 0.3286 0.9627 0.3586 0.0000 785.171 47.332 251.559
4948 1.000000 0 0.7193 0.6121 0.3286 0.9627 0.3586 0.0000 785.192 47.338 251.547
4949 1.000000 0 0.7193 0.6121 0.3286 0.9627 0.3586 0.0000 785.204 47.342 251.541
4950 1.000000 0 0.7193 0.6121 0.3286 0.9627 0.3586 0.0000 785.216 47.345 251.534
4951 1.000000 0 0.7192 0.6121 0.3286 0.9627 0.3586 0.0000 785.240 47.351 251.520
4952 1.000000 0 0.7192 0.6121 0.3286 0.9627 0.3586 0.0000 785.242 47.352 251.519
4953 1.000000 0 0.7192 0.6122 0.3286 0.9627 0.3586 0.0000 785.264 47.357 251.507
4954 1.000000 0 0.7192 0.6122 0.3286 0.9627 0.3586 0.0000 785.266 47.357 251.506
4955 1.000000 0 0.7192 0.6122 0.3286 0.9627 0.3586 0.0000 785.287 47.362 251.494
4956 1.000000 0 0.7192 0.6122 0.3286 0.9627 0.3586 0.0000 785.289 47.363 251.492
4957 1.000000 0 0.7192 0.6122 0.3286 0.9627 0.3586 0.0000 785.311 47.368 251.481
4958 1.000000 0 0.7192 0.6122 0.3286 0.9627 0.3586 0.0000 785.313 47.368 251.480
4959 1.000000 0 0.7192 0.6123 0.3286 0.9627 0.3586 0.0000 785.335 47.373 251.468
4960 1.000000 0 0.7191 0.6123 0.3286 0.9627 0.3586 0.0000 785.337 47.374 251.467
4961 1.000000 0 0.7191 0.6123 0.3286 0.9627 0.3586 0.0000 785.359 47.378 251.456
4962 1.000000 0 0.7191 0.6123 0.3286 0.9627 0.3586 0.0000 785.361 47.379 251.454
4963 1.000000 0 0.7191 0.6123 0.3286 0.9627 0.3586 0.0000 785.382 47.383 251.443
4964 1.000000 0 0.7191 0.6123 0.3286 0.9627 0.3586 0.0000 785.385 47.384 251.442
4965 1.000000 0 0.7191 0.6123 0.3286 0.9627 0.3586 0.0000 785.406 47.388 251.431
4966 1.000000 0 0.7191 0.6123 0.3286 0.9627 0.3586 0.0000 785.418 47.391 251.425
4967 1.000000 0 0.7191 0.6124 0.3286 0.9627 0.3586 0.0000 785.442 47.396 251.413
4968 1.000000 0 0.7191 0.6124 0.3286 0.9627 0.3586 0.0000 785.445 47.396 251.412
4969 1.000000 0 0.7190 0.6124 0.3286 0.9627 0.3586 0.0000 785.467 47.399 251.400
4970 1.000000 0 0.7190 0.6124 0.3286 0.9627 0.3586 0.0000 785.469 47.399 251.399
4971 1.000000 0 0.7190 0.6124 0.3286 0.9627 0.3586 0.0000 785.492 47.403 251.387
4972 1.000000 0 0.7190 0.6124 0.3286 0.9627 0.3586 0.0000 785.494 47.403 251.387
4973 1.000000 0 0.7190 0.6125 0.3286 0.9627 0.3586 0.0000 785.518 47.407 251.375
4974 1.000000 0 0.7190 0.6125 0.3286 0.9627 0.3586 0.0000 785.519 47.408 251.374
4975 1.000000 0 0.7190 0.6125 0.3286 0.9627 0.3586 0.0000 785.542 47.414 251.363
4976 1.000000 0 0.7190 0.6125 0.3286 0.9627 0.3586 0.0000 785.544 47.414 251.362
4977 1.000000 0 0.7189 0.6125 0.3285 0.9627 0.3586 0.0000 785.566 47.420 251.350
4978 1.000000 0 0.7189 0.6125 0.3285 0.9627 0.3586 0.0000 785.568 47.421 251.350
4979 1.000000 0 0.7189 0.6125 0.3285 0.9627 0.3586 0.0000 785.591 47.428 251.338
4980 1.000000 0 0.7189 0.6125 0.3285 0.9627 0.3586 0.0000 785.593 47.428 251.338
4981 1.000000 0 0.7189 0.6126 0.3285 0.9627 0.3586 0.0000 785.616 47.435 251.327
4982 1.000000 0 0.7189 0.6126 0.3285 0.9627 0.3586 0.0000 785.617 47.436 251.326
4983 1.000000 0 0.7189 0.6126 0.3285 0.9627 0.3586 0.0000 785.640 47.443 251.315
4984 1.000000 0 0.7189 0.6126 0.3285 0.9627 0.3586 0.0000 785.642 47.444 251.314
4985 1.000000 0 0.7189 0.6126 0.3285 0.9627 0.3586 0.0000 785.665 47.452 251.303
4986 1.000000 0 0.7189 0.6126 0.3285 0.9627 0.3586 0.0000 785.667 47.453 251.303
4987 1.000000 0 0.7188 0.6126 0.3285 0.9627 0.3586 0.0000 785.690 47.461 251.292
4988 1.000000 0 0.7188 0.6127 0.3285 0.9627 0.3586 0.0000 785.703 47.466 251.286
4989 1.000000 0 0.7188 0.6127 0.3285 0.9627 0.3586 0.0000 785.728 47.476 251.275
4990 1.000000 0 0.7188 0.6127 0.3285 0.9627 0.3586 0.0000 785.730 47.477 251.274
4991 1.000000 0 0.7188 0.6127 0.3285 0.9627 0.3586 0.0000 785.753 47.486 251.264
4992 1.000000 0 0.7188 0.6127 0.3285 0.9627 0.3586 0.0000 785.755 47.487 251.263
4993 1.000000 0 0.7188 0.6127 0.3285 0.9627 0.3586 0.0000 785.778 47.496 251.253
4994 1.000000 0 0.7188 0.6127 0.3285 0.9627 0.3586 0.0000 785.780 47.497 251.252
4995 1.000000 0 0.7187 0.6128 0.3285 0.9627 0.3586 0.0000 785.803 47.506 251.242
4996 1.000000 0 0.7187 0.6128 0.3285 0.9627 0.3586 0.0000 785.805 47.507 251.241
4997 1.000000 0 0.7187 0.6128 0.3285 0.9627 0.3586 0.0000 785.828 47.516 251.232
4998 1.000000 0 0.7187 0.6128 0.3285 0.9627 0.3586 0.0000 785.830 47.517 251.231
4999 1.000000 0 0.7187 0.6128 0.3285 0.9627 0.3586 0.0000 785.853 47.526 251.221
5000 1.000000 0 0.7187 0.6128 0.3285 0.9627 0.3586 0.0000 785.855 47.527 251.220
5001 1.000000 0 0.7187 0.6128 0.3285 0.9627 0.3586 0.0000 785.879 47.536 251.211
5002 1.000000 0 0.7187 0.6129 0.3285 0.9627 0.3586 0.0000 785.891 47.541 251.205
5003 1.000000 0 0.7187 0.6129 0.3285 0.9627 0.3586 0.0000 785.917 47.551 251.195
5004 1.000000 0 0.7186 0.6129 0.3285 0.9627 0.3586 0.0000 785.919 47.551 251.194
5005 1.000000 0 0.7186 0.6129 0.3285 0.9627 0.3586 0.0000 785.942 47.559 251.185
5006 1.000000 0 0.7186 0.6129 0.3285 0.9627 0.3586 0.0000 785.943 47.560 251.184
5007 1.000000 0 0.7186 0.6129 0.3285 0.9627 0.3586 0.0000 785.967 47.568 251.174
5008 1.000000 0 0.7186 0.6129 0.3285 0.9627 0.3586 0.0000 785.969 47.568 251.173
5009 1.000000 0 0.7186 0.6130 0.3285 0.9627 0.3586 0.0000 785.993 47.576 251.164
5010 1.000000 0 0.7186 0.6130 0.3285 0.9627 0.3586 0.0000 786.005 47.579 251.159
5011 1.000000 0 0.7186 0.6130 0.3285 0.9627 0.3586 0.0000 786.031 47.586 251.148
5012 1.000000 0 0.7186 0.6130 0.3285 0.9627 0.3586 0.0000 786.033 47.587 251.147
5013 1.000000 0 0.7185 0.6130 0.3285 0.9627 0.3586 0.0000 786.056 47.593 251.138
5014 1.000000 0 0.7185 0.6131 0.3285 0.9627 0.3586 0.0000 786.081 47.599 251.128
5015 1.000000 0 0.7185 0.6131 0.3285 0.9627 0.3586 0.0000 786.094 47.602 251.123
5016 1.000000 0 0.7185 0.6131 0.3285 0.9627 0.3586 0.0000 786.119 47.608 251.112
5017 1.000000 0 0.7185 0.6131 0.3285 0.9627 0.3586 0.0000 786.121 47.608 251.111
5018 1.000000 0 0.7185 0.6131 0.3285 0.9627 0.3586 0.0000 786.144 47.613 251.102
5019 1.000000 0 0.7185 0.6131 0.3285 0.9627 0.3586 0.0000 786.146 47.613 251.101
5020 1.000000 0 0.7184 0.6132 0.3285 0.9627 0.3586 0.0000 786.169 47.618 251.091
5021 1.000000 0 0.7184 0.6132 0.3285 0.9627 0.3586 0.0000 786.182 47.620 251.086
5022 1.000000 0 0.7184 0.6132 0.3285 0.9627 0.3586 0.0000 786.207 47.625 251.076
5023 1.000000 0 0.7184 0.6132 0.3285 0.9627 0.3586 0.0000 786.209 47.625 251.075
5024 1.000000 0 0.7184 0.6132 0.3285 0.9627 0.3586 0.0000 786.232 47.629 251.065
5025 1.000000 0 0.7184 0.6133 0.3284 0.9627 0.3586 0.0000 786.257 47.633 251.054
5026 1.000000 0 0.7184 0.6133 0.3284 0.9627 0.3586 0.0000 786.259 47.634 251.053
5027 1.000000 0 0.7183 0.6133 0.3284 0.9627 0.3586 0.0000 786.294 47.640 251.038
5028 1.000000 0 0.7183 0.6133 0.3284 0.9627 0.3586 0.0000 786.307 47.643 251.032
5029 1.000000 0 0.7183 0.6133 0.3284 0.9627 0.3586 0.0000 786.319 47.645 251.026
5030 1.000000 0 0.7183 0.6133 0.3284 0.9627 0.3586 0.0000 786.344 47.650 251.015
5031 1.000000 0 0.7183 0.6133 0.3284 0.9627 0.3586 0.0000 786.346 47.651 251.014
5032 1.000000 0 0.7183 0.6134 0.3284 0.9627 0.3586 0.0000 786.369 47.656 251.004
5033 1.000000 0 0.7183 0.6134 0.3284 0.9627 0.3586 0.0000 786.371 47.657 251.003
5034 1.000000 0 0.7182 0.6134 0.3284 0.9627 0.3586 0.0000 786.394 47.662 250.992
5035 1.000000 0 0.7182 0.6134 0.3284 0.9627 0.3586 0.0000 786.395 47.663 250.991
5036 1.000000 0 0.7182 0.6134 0.3284 0.9627 0.3586 0.0000 786.419 47.669 250.980
5037 1.000000 0 0.7182 0.6134 0.3284 0.9627 0.3586 0.0000 786.420 47.669 250.979
5038 1.000000 0 0.7182 0.6135 0.3284 0.9627 0.3586 0.0000 786.443 47.676 250.968
5039 1.000000 0 0.7182 0.6135 0.3284 0.9627 0.3586 0.0000 786.445 47.676 250.968
5040 1.000000 0 0.7182 0.6135 0.3284 0.9627 0.3586 0.0000 786.468 47.684 250.956
5041 1.000000 0 0.7182 0.6135 0.3284 0.9627 0.3586 0.0000 786.469 47.684 250.955
5042 1.000000 0 0.7182 0.6135 0.3284 0.9627 0.3586 0.0000 786.492 47.692 250.944
5043 1.000000 0 0.7182 0.6135 0.3284 0.9627 0.3586 0.0000 786.494 47.692 250.943
5044 1.000000 0 0.7181 0.6135 0.3284 0.9627 0.3586 0.0000 786.517 47.701 250.932
5045 1.000000 0 0.7181 0.6135 0.3284 0.9627 0.3586 0.0000 786.518 47.701 250.931
5046 1.000000 0 0.7181 0.6136 0.3284 0.9627 0.3586 0.0000 786.541 47.710 250.919
5047 1.000000 0 0.7181 0.6136 0.3284 0.9627 0.3586 0.0000 786.543 47.710 250.918
5048 1.000000 0 0.7181 0.6136 0.3284 0.9627 0.3586 0.0000 786.566 47.719 250.906
5049 1.000000 0 0.7181 0.6136 0.3284 0.9627 0.3586 0.0000 786.578 47.724 250.900
5050 1.000000 0 0.7181 0.6136 0.3284 0.9627 0.3586 0.0000 786.590 47.729 250.894
5051 1.000000 0 0.7181 0.6136 0.3284 0.9627 0.3586 0.0000 786.602 47.734 250.887
5052 1.000000 0 0.7181 0.6136 0.3284 0.9627 0.3586 0.0000 786.614 47.740 250.881
5053 1.000000 0 0.7180 0.6137 0.3284 0.9627 0.3586 0.0000 786.626 47.745 250.874
5054 1.000000 0 0.7180 0.6137 0.3284 0.9627 0.3586 0.0000 786.637 47.751 250.868
5055 1.000000 0 0.7180 0.6137 0.3284 0.9627 0.3586 0.0000 786.660 47.762 250.855
5056 1.000000 0 0.7180 0.6137 0.3284 0.9627 0.3586 0.0000 786.662 47.763 250.854
5057 1.000000 0 0.7180 0.6137 0.3284 0.9627 0.3586 0.0000 786.683 47.774 250.842
5058 1.000000 0 0.7180 0.6137 0.3284 0.9627 0.3586 0.0000 786.685 47.774 250.842
5059 1.000000 0 0.7180 0.6137 0.3284 0.9627 0.3586 0.0000 786.706 47.785 250.830
5060 1.000000 0 0.7179 0.6138 0.3284 0.9627 0.3586 0.0000 786.729 47.796 250.817
5061 1.000000 0 0.7179 0.6138 0.3284 0.9627 0.3586 0.0000 786.731 47.797 250.815
5062 1.000000 0 0.7179 0.6138 0.3284 0.9627 0.3586 0.0000 786.752 47.806 250.804
5063 1.000000 0 0.7179 0.6138 0.3284 0.9627 0.3586 0.0000 786.775 47.816 250.791
5064 1.000000 0 0.7179 0.6138 0.3284 0.9627 0.3586 0.0000 786.777 47.817 250.789
5065 1.000000 0 0.7179 0.6139 0.3284 0.9627 0.3586 0.0000 786.798 47.826 250.777
5066 1.000000 0 0.7179 0.6139 0.3284 0.9627 0.3586 0.0000 786.810 47.830 250.771
5067 1.000000 0 0.7179 0.6139 0.3284 0.9627 0.3586 0.0000 786.834 47.837 250.757
5068 1.000000 0 0.7178 0.6139 0.3284 0.9627 0.3586 0.0000 786.835 47.838 250.756
5069 1.000000 0 0.7178 0.6139 0.3284 0.9627 0.3586 0.0000 786.858 47.843 250.743
5070 1.000000 0 0.7178 0.6139 0.3284 0.9627 0.3586 0.0000 786.859 47.844 250.742
5071 1.000000 0 0.7178 0.6140 0.3284 0.9627 0.3586 0.0000 786.882 47.849 250.729
5072 1.000000 0 0.7178 0.6140 0.3284 0.9627 0.3586 0.0000 786.884 47.850 250.728
5073 1.000000 0 0.7178 0.6140 0.3283 0.9627 0.3586 0.0000 786.906 47.855 250.715
5074 1.000000 0 0.7178 0.6140 0.3283 0.9627 0.3586 0.0000 786.918 47.858 250.708
5075 1.000000 0 0.7178 0.6140 0.3283 0.9627 0.3586 0.0000 786.942 47.862 250.695
5076 1.000000 0 0.7178 0.6140 0.3283 0.9627 0.3586 0.0000 786.944 47.863 250.693
5077 1.000000 0 0.7177 0.6141 0.3283 0.9627 0.3586 0.0000 786.978 47.869 250.674
5078 1.000000 0 0.7177 0.6141 0.3283 0.9627 0.3586 0.0000 786.980 47.869 250.673
5079 1.000000 0 0.7177 0.6141 0.3283 0.9627 0.3586 0.0000 787.002 47.873 250.661
5080 1.000000 0 0.7177 0.6141 0.3283 0.9627 0.3586 0.0000 787.014 47.875 250.654
5081 1.000000 0 0.7177 0.6141 0.3283 0.9627 0.3586 0.0000 787.026 47.877 250.647
5082 1.000000 0 0.7177 0.6141 0.3283 0.9627 0.3586 0.0000 787.050 47.881 250.634
5083 1.000000 0 0.7177 0.6141 0.3283 0.9627 0.3586 0.0000 787.052 47.881 250.632
5084 1.000000 0 0.7176 0.6142 0.3283 0.9627 0.3586 0.0000 787.074 47.885 250.620
5085 1.000000 0 0.7176 0.6142 0.3283 0.9627 0.3586 0.0000 787.087 47.887 250.614
5086 1.000000 0 0.7176 0.6142 0.3283 0.9627 0.3586 0.0000 787.111 47.891 250.601
5087 1.000000 0 0.7176 0.6142 0.3283 0.9627 0.3586 0.0000 787.113 47.892 250.599
5088 1.000000 0 0.7176 0.6142 0.3283 0.9627 0.3586 0.0000 787.135 47.896 250.588
5089 1.000000 0 0.7176 0.6143 0.3283 0.9627 0.3586 0.0000 787.160 47.901 250.575
5090 1.000000 0 0.7176 0.6143 0.3283 0.9627 0.3586 0.0000 787.162 47.901 250.573
5091 1.000000 0 0.7175 0.6143 0.3283 0.9627 0.3586 0.0000 787.184 47.906 250.562
5092 1.000000 0 0.7175 0.6143 0.3283 0.9627 0.3586 0.0000 787.197 47.909 250.556
5093 1.000000 0 0.7175 0.6143 0.3283 0.9627 0.3586 0.0000 787.221 47.915 250.543
5094 1.000000 0 0.7175 0.6143 0.3283 0.9627 0.3586 0.0000 787.223 47.915 250.542
5095 1.000000 0 0.7175 0.6144 0.3283 0.9627 0.3586 0.0000 787.246 47.921 250.531
5096 1.000000 0 0.7175 0.6144 0.3283 0.9627 0.3586 0.0000 787.248 47.922 250.530
5097 1.000000 0 0.7175 0.6144 0.3283 0.9627 0.3586 0.0000 787.271 47.929 250.519
5098 1.000000 0 0.7174 0.6144 0.3283 0.9627 0.3586 0.0000 787.296 47.936 250.507
5099 1.000000 0 0.7174 0.6144 0.3283 0.9627 0.3586 0.0000 787.298 47.937 250.506
5100 1.000000 0 0.7174 0.6144 0.3283 0.9627 0.3586 0.0000 787.320 47.945 250.495
5101 1.000000 0 0.7174 0.6144 0.3283 0.9627 0.3586 0.0000 787.322 47.945 250.494
5102 1.000000 0 0.7174 0.6145 0.3283 0.9627 0.3586 0.0000 787.345 47.954 250.483
5103 1.000000 0 0.7174 0.6145 0.3283 0.9627 0.3586 0.0000 787.348 47.955 250.482
5104 1.000000 0 0.7174 0.6145 0.3283 0.9627 0.3586 0.0000 787.370 47.965 250.473
5105 1.000000 0 0.7174 0.6145 0.3283 0.9627 0.3586 0.0000 787.372 47.966 250.473
5106 1.000000 0 0.7174 0.6145 0.3283 0.9627 0.3586 0.0000 787.394 47.976 250.464
5107 1.000000 0 0.7174 0.6145 0.3283 0.9627 0.3586 0.0000 787.396 47.977 250.463
5108 1.000000 0 0.7173 0.6145 0.3283 0.9627 0.3586 0.0000 787.419 47.988 250.455
5109 1.000000 0 0.7173 0.6146 0.3283 0.9627 0.3586 0.0000 787.431 47.994 250.450
5110 1.000000 0 0.7173 0.6146 0.3283 0.9627 0.3586 0.0000 787.444 47.999 250.445
5111 1.000000 0 0.7173 0.6146 0.3283 0.9627 0.3586 0.0000 787.456 48.004 250.441
5112 1.000000 0 0.7173 0.6146 0.3283 0.9627 0.3586 0.0000 787.483 48.013 250.430
5113 1.000000 0 0.7173 0.6146 0.3283 0.9627 0.3586 0.0000 787.485 48.013 250.429
5114 1.000000 0 0.7173 0.6146 0.3283 0.9627 0.3586 0.0000 787.509 48.019 250.419
5115 1.000000 0 0.7173 0.6147 0.3283 0.9627 0.3586 0.0000 787.523 48.024 250.414
5116 1.000000 0 0.7172 0.6147 0.3283 0.9627 0.3586 0.0000 787.549 48.033 250.403
5117 1.000000 0 0.7172 0.6147 0.3283 0.9627 0.3586 0.0000 787.551 48.034 250.402
5118 1.000000 0 0.7172 0.6147 0.3282 0.9627 0.3586 0.0000 787.586 48.047 250.388
5119 1.000000 0 0.7172 0.6147 0.3282 0.9627 0.3586 0.0000 787.589 48.048 250.387
5120 1.000000 0 0.7172 0.6147 0.3282 0.9627 0.3586 0.0000 787.612 48.056 250.378
5121 1.000000 0 0.7172 0.6147 0.3282 0.9627 0.3586 0.0000 787.614 48.056 250.377
5122 1.000000 0 0.7172 0.6148 0.3282 0.9627 0.3586 0.0000 787.637 48.064 250.367
5123 1.000000 0 0.7172 0.6148 0.3282 0.9627 0.3586 0.0000 787.639 48.065 250.367
5124 1.000000 0 0.7171 0.6148 0.3282 0.9627 0.3586 0.0000 787.663 48.072 250.357
5125 1.000000 0 0.7171 0.6148 0.3282 0.9627 0.3586 0.0000 787.664 48.072 250.356
5126 1.000000 0 0.7171 0.6148 0.3282 0.9627 0.3586 0.0000 787.688 48.079 250.347
5127 1.000000 0 0.7171 0.6148 0.3282 0.9627 0.3586 0.0000 787.690 48.080 250.346
5128 1.000000 0 0.7171 0.6149 0.3282 0.9627 0.3586 0.0000 787.713 48.086 250.337
5129 1.000000 0 0.7171 0.6149 0.3282 0.9627 0.3586 0.0000 787.726 48.089 250.332
5130 1.000000 0 0.7171 0.6149 0.3282 0.9627 0.3586 0.0000 787.729 48.089 250.331
5131 1.000000 0 0.7171 0.6149 0.3282 0.9627 0.3586 0.0000 787.751 48.095 250.322
5132 1.000000 0 0.7171 0.6149 0.3282 0.9627 0.3586 0.0000 787.756 48.096 250.320
5133 1.000000 0 0.7170 0.6149 0.3282 0.9627 0.3586 0.0000 787.777 48.100 250.311
5134 1.000000 0 0.7170 0.6149 0.3282 0.9627 0.3586 0.0000 787.789 48.103 250.306
5135 1.000000 0 0.7170 0.6149 0.3282 0.9627 0.3586 0.0000 787.802 48.105 250.301
5136 1.000000 0 0.7170 0.6150 0.3282 0.9627 0.3586 0.0000 787.828 48.110 250.290
5137 1.000000 0 0.7170 0.6150 0.3282 0.9627 0.3586 0.0000 787.852 48.114 250.280
5138 1.000000 0 0.7170 0.6150 0.3282 0.9627 0.3586 0.0000 787.855 48.115 250.279
5139 1.000000 0 0.7170 0.6150 0.3282 0.9627 0.3586 0.0000 787.878 48.119 250.269
5140 1.000000 0 0.7169 0.6151 0.3282 0.9627 0.3586 0.0000 787.903 48.123 250.259
5141 1.000000 0 0.7169 0.6151 0.3282 0.9627 0.3586 0.0000 787.905 48.124 250.258
5142 1.000000 0 0.7169 0.6151 0.3282 0.9627 0.3586 0.0000 787.928 48.128 250.248
5143 1.000000 0 0.7169 0.6151 0.3282 0.9627 0.3586 0.0000 787.953 48.132 250.237
5144 1.000000 0 0.7169 0.6151 0.3282 0.9627 0.3586 0.0000 787.955 48.133 250.236
5145 1.000000 0 0.7169 0.6151 0.3282 0.9627 0.3586 0.0000 787.978 48.137 250.226
5146 1.000000 0 0.7168 0.6152 0.3282 0.9627 0.3586 0.0000 788.003 48.142 250.215
5147 1.000000 0 0.7168 0.6152 0.3282 0.9627 0.3586 0.0000 788.005 48.143 250.214
5148 1.000000 0 0.7168 0.6152 0.3282 0.9627 0.3586 0.0000 788.028 48.148 250.203
5149 1.000000 0 0.7168 0.6152 0.3282 0.9627 0.3586 0.0000 788.052 48.154 250.192
5150 1.000000 0 0.7168 0.6152 0.3282 0.9627 0.3586 0.0000 788.055 48.155 250.191
5151 1.000000 0 0.7168 0.6153 0.3282 0.9627 0.3586 0.0000 788.089 48.164 250.174
5152 1.000000 0 0.7168 0.6153 0.3282 0.9627 0.3586 0.0000 788.091 48.165 250.173
5153 1.000000 0 0.7167 0.6153 0.3282 0.9627 0.3586 0.0000 788.114 48.172 250.163
5154 1.000000 0 0.7167 0.6153 0.3282 0.9627 0.3586 0.0000 788.138 48.180 250.151
5155 1.000000 0 0.7167 0.6153 0.3282 0.9627 0.3586 0.0000 788.151 48.184 250.144
5156 1.000000 0 0.7167 0.6154 0.3282 0.9627 0.3586 0.0000 788.175 48.193 250.132
5157 1.000000 0 0.7167 0.6154 0.3282 0.9627 0.3586 0.0000 788.177 48.194 250.131
5158 1.000000 0 0.7167 0.6154 0.3282 0.9627 0.3586 0.0000 788.199 48.202 250.120
5159 1.000000 0 0.7167 0.6154 0.3282 0.9627 0.3586 0.0000 788.211 48.207 250.114
5160 1.000000 0 0.7166 0.6154 0.3282 0.9627 0.3586 0.0000 788.236 48.216 250.101
5161 1.000000 0 0.7166 0.6154 0.3282 0.9627 0.3586 0.0000 788.239 48.217 250.099
5162 1.000000 0 0.7166 0.6154 0.3281 0.9627 0.3586 0.0000 788.260 48.226 250.088
5163 1.000000 0 0.7166 0.6155 0.3281 0.9627 0.3586 0.0000 788.272 48.231 250.082
5164 1.000000 0 0.7166 0.6155 0.3281 0.9627 0.3586 0.0000 788.297 48.241 250.069
5165 1.000000 0 0.7166 0.6155 0.3281 0.9627 0.3586 0.0000 788.298 48.242 250.068
5166 1.000000 0 0.7166 0.6155 0.3281 0.9627 0.3586 0.0000 788.321 48.251 250.056
5167 1.000000 0 0.7166 0.6155 0.3281 0.9627 0.3586 0.0000 788.323 48.252 250.055
5168 1.000000 0 0.7165 0.6155 0.3281 0.9627 0.3586 0.0000 788.345 48.261 250.043
5169 1.000000 0 0.7165 0.6156 0.3281 0.9627 0.3586 0.0000 788.357 48.266 250.036
5170 1.000000 0 0.7165 0.6156 0.3281 0.9627 0.3586 0.0000 788.359 48.267 250.035
5171 1.000000 0 0.7165 0.6156 0.3281 0.9627 0.3586 0.0000 788.381 48.276 250.023
5172 1.000000 0 0.7165 0.6156 0.3281 0.9627 0.3586 0.0000 788.405 48.285 250.009
5173 1.000000 0 0.7165 0.6156 0.3281 0.9627 0.3586 0.0000 788.407 48.286 250.008
5174 1.000000 0 0.7165 0.6156 0.3281 0.9627 0.3586 0.0000 788.429 48.294 249.996
5175 1.000000 0 0.7165 0.6156 0.3281 0.9627 0.3586 0.0000 788.430 48.295 249.995
5176 1.000000 0 0.7164 0.6157 0.3281 0.9627 0.3586 0.0000 788.453 48.303 249.982
5177 1.000000 0 0.7164 0.6157 0.3281 0.9627 0.3586 0.0000 788.454 48.303 249.982
5178 1.000000 0 0.7164 0.6157 0.3281 0.9627 0.3586 0.0000 788.477 48.311 249.969
5179 1.000000 0 0.7164 0.6157 0.3281 0.9627 0.3586 0.0000 788.489 48.315 249.962
5180 1.000000 0 0.7164 0.6157 0.3281 0.9627 0.3586 0.0000 788.513 48.322 249.949
5181 1.000000 0 0.7164 0.6157 0.3281 0.9627 0.3586 0.0000 788.515 48.322 249.947
5182 1.000000 0 0.7164 0.6158 0.3281 0.9627 0.3586 0.0000 788.536 48.329 249.935
5183 1.000000 0 0.7164 0.6158 0.3281 0.9627 0.3586 0.0000 788.539 48.329 249.934
5184 1.000000 0 0.7164 0.6158 0.3281 0.9627 0.3586 0.0000 788.560 48.335 249.922
5185 1.000000 0 0.7163 0.6158 0.3281 0.9627 0.3586 0.0000 788.572 48.338 249.915
5186 1.000000 0 0.7163 0.6158 0.3281 0.9627 0.3586 0.0000 788.584 48.341 249.908
5187 1.000000 0 0.7163 0.6158 0.3281 0.9627 0.3586 0.0000 788.608 48.346 249.895
5188 1.000000 0 0.7163 0.6158 0.3281 0.9627 0.3586 0.0000 788.610 48.346 249.894
5189 1.000000 0 0.7163 0.6159 0.3281 0.9627 0.3586 0.0000 788.632 48.351 249.882
5190 1.000000 0 0.7163 0.6159 0.3281 0.9627 0.3586 0.0000 788.644 48.353 249.875
5191 1.000000 0 0.7163 0.6159 0.3281 0.9627 0.3586 0.0000 788.668 48.358 249.862
5192 1.000000 0 0.7163 0.6159 0.3281 0.9627 0.3586 0.0000 788.670 48.358 249.861
5193 1.000000 0 0.7162 0.6159 0.3281 0.9627 0.3586 0.0000 788.692 48.362 249.849
5194 1.000000 0 0.7162 0.6159 0.3281 0.9627 0.3586 0.0000 788.694 48.362 249.848
5195 1.000000 0 0.7162 0.6160 0.3281 0.9627 0.3586 0.0000 788.716 48.367 249.836
5196 1.000000 0 0.7162 0.6160 0.3281 0.9627 0.3586 0.0000 788.718 48.367 249.835
5197 1.000000 0 0.7162 0.6160 0.3281 0.9627 0.3586 0.0000 788.740 48.371 249.823
5198 1.000000 0 0.7162 0.6160 0.3281 0.9627 0.3586 0.0000 788.752 48.373 249.816
5199 1.000000 0 0.7162 0.6160 0.3281 0.9627 0.3586 0.0000 788.776 48.378 249.804
5200 1.000000 0 0.7162 0.6160 0.3281 0.9627 0.3586 0.0000 788.779 48.378 249.803
5201 1.000000 0 0.7161 0.6160 0.3281 0.9627 0.3586 0.0000 788.801 48.383 249.791
5202 1.000000 0 0.7161 0.6161 0.3281 0.9627 0.3586 0.0000 788.803 48.383 249.790
5203 1.000000 0 0.7161 0.6161 0.3281 0.9627 0.3586 0.0000 788.825 48.388 249.779
5204 1.000000 0 0.7161 0.6161 0.3281 0.9627 0.3586 0.0000 788.837 48.391 249.773
5205 1.000000 0 0.7161 0.6161 0.3281 0.9627 0.3586 0.0000 788.849 48.394 249.766
5206 1.000000 0 0.7161 0.6161 0.3281 0.9627 0.3586 0.0000 788.862 48.397 249.760
5207 1.000000 0 0.7161 0.6161 0.3281 0.9627 0.3586 0.0000 788.875 48.400 249.754
5208 1.000000 0 0.7161 0.6162 0.3281 0.9627 0.3586 0.0000 788.899 48.407 249.742
5209 1.000000 0 0.7161 0.6162 0.3281 0.9627 0.3586 0.0000 788.901 48.407 249.741
5210 1.000000 0 0.7160 0.6162 0.3280 0.9627 0.3586 0.0000 788.923 48.414 249.730
5211 1.000000 0 0.7160 0.6162 0.3280 0.9627 0.3586 0.0000 788.925 48.415 249.729
5212 1.000000 0 0.7160 0.6162 0.3280 0.9627 0.3586 0.0000 788.948 48.422 249.719
5213 1.000000 0 0.7160 0.6162 0.3280 0.9627 0.3586 0.0000 788.950 48.422 249.718
5214 1.000000 0 0.7160 0.6162 0.3280 0.9627 0.3586 0.0000 788.973 48.430 249.707
5215 1.000000 0 0.7160 0.6163 0.3280 0.9627 0.3586 0.0000 788.985 48.434 249.701
5216 1.000000 0 0.7160 0.6163 0.3280 0.9627 0.3586 0.0000 789.010 48.443 249.690
5217 1.000000 0 0.7160 0.6163 0.3280 0.9627 0.3586 0.0000 789.012 48.444 249.689
5218 1.000000 0 0.7159 0.6163 0.3280 0.9627 0.3586 0.0000 789.035 48.453 249.679
5219 1.000000 0 0.7159 0.6163 0.3280 0.9627 0.3586 0.0000 789.037 48.453 249.678
5220 1.000000 0 0.7159 0.6163 0.3280 0.9627 0.3586 0.0000 789.061 48.463 249.667
5221 1.000000 0 0.7159 0.6163 0.3280 0.9627 0.3586 0.0000 789.073 48.468 249.662
5222 1.000000 0 0.7159 0.6164 0.3280 0.9627 0.3586 0.0000 789.098 48.478 249.651
5223 1.000000 0 0.7159 0.6164 0.3280 0.9627 0.3586 0.0000 789.110 48.483 249.646
5224 1.000000 0 0.7158 0.6164 0.3280 0.9627 0.3586 0.0000 789.136 48.493 249.635
5225 1.000000 0 0.7158 0.6164 0.3280 0.9627 0.3586 0.0000 789.138 48.494 249.634
5226 1.000000 0 0.7158 0.6164 0.3280 0.9627 0.3586 0.0000 789.161 48.503 249.624
5227 1.000000 0 0.7158 0.6164 0.3280 0.9627 0.3586 0.0000 789.162 48.504 249.624
5228 1.000000 0 0.7158 0.6165 0.3280 0.9627 0.3586 0.0000 789.186 48.513 249.614
5229 1.000000 0 0.7158 0.6165 0.3280 0.9627 0.3586 0.0000 789.199 48.518 249.609
5230 1.000000 0 0.7158 0.6165 0.3280 0.9627 0.3586 0.0000 789.211 48.523 249.603
5231 1.000000 0 0.7158 0.6165 0.3280 0.9627 0.3586 0.0000 789.224 48.528 249.598
5232 1.000000 0 0.7158 0.6165 0.3280 0.9627 0.3586 0.0000 789.237 48.532 249.593
5233 1.000000 0 0.7157 0.6165 0.3280 0.9627 0.3586 0.0000 789.262 48.541 249.583
5234 1.000000 0 0.7157 0.6165 0.3280 0.9627 0.3586 0.0000 789.265 48.542 249.582
5235 1.000000 0 0.7157 0.6166 0.3280 0.9627 0.3586 0.0000 789.288 48.550 249.572
5236 1.000000 0 0.7157 0.6166 0.3280 0.9627 0.3586 0.0000 789.289 48.550 249.572
5237 1.000000 0 0.7157 0.6166 0.3280 0.9627 0.3586 0.0000 789.313 48.558 249.562
5238 1.000000 0 0.7157 0.6166 0.3280 0.9627 0.3586 0.0000 789.326 48.562 249.557
5239 1.000000 0 0.7157 0.6166 0.3280 0.9627 0.3586 0.0000 789.351 48.570 249.548
5240 1.000000 0 0.7157 0.6166 0.3280 0.9627 0.3586 0.0000 789.353 48.570 249.547
5241 1.000000 0 0.7156 0.6167 0.3280 0.9627 0.3586 0.0000 789.376 48.577 249.538
5242 1.000000 0 0.7156 0.6167 0.3280 0.9627 0.3586 0.0000 789.389 48.580 249.533
5243 1.000000 0 0.7156 0.6167 0.3280 0.9627 0.3586 0.0000 789.401 48.584 249.528
5244 1.000000 0 0.7156 0.6167 0.3280 0.9627 0.3586 0.0000 789.414 48.587 249.523
5245 1.000000 0 0.7156 0.6167 0.3280 0.9627 0.3586 0.0000 789.439 48.593 249.513
5246 1.000000 0 0.7156 0.6167 0.3280 0.9627 0.3586 0.0000 789.442 48.594 249.513
5247 1.000000 0 0.7156 0.6168 0.3280 0.9627 0.3586 0.0000 789.464 48.599 249.504
5248 1.000000 0 0.7156 0.6168 0.3280 0.9627 0.3586 0.0000 789.465 48.599 249.503
5249 1.000000 0 0.7155 0.6168 0.3280 0.9627 0.3586 0.0000 789.490 48.602 249.493
5250 1.000000 0 0.7155 0.6168 0.3280 0.9627 0.3586 0.0000 789.516 48.604 249.482
5251 1.000000 0 0.7155 0.6168 0.3280 0.9627 0.3586 0.0000 789.529 48.606 249.477
5252 1.000000 0 0.7155 0.6169 0.3280 0.9627 0.3586 0.0000 789.554 48.610 249.466
5253 1.000000 0 0.7155 0.6169 0.3280 0.9627 0.3586 0.0000 789.557 48.610 249.465
5254 1.000000 0 0.7155 0.6169 0.3280 0.9627 0.3586 0.0000 789.580 48.614 249.455
5255 1.000000 0 0.7155 0.6169 0.3280 0.9627 0.3586 0.0000 789.592 48.617 249.450
5256 1.000000 0 0.7154 0.6169 0.3279 0.9627 0.3586 0.0000 789.617 48.621 249.439
5257 1.000000 0 0.7154 0.6169 0.3279 0.9627 0.3586 0.0000 789.619 48.622 249.438
5258 1.000000 0 0.7154 0.6170 0.3279 0.9627 0.3586 0.0000 789.654 48.629 249.422
5259 1.000000 0 0.7154 0.6170 0.3279 0.9627 0.3586 0.0000 789.656 48.629 249.421
5260 1.000000 0 0.7154 0.6170 0.3279 0.9627 0.3586 0.0000 789.680 48.634 249.411
5261 1.000000 0 0.7154 0.6170 0.3279 0.9627 0.3586 0.0000 789.693 48.637 249.407
5262 1.000000 0 0.7154 0.6170 0.3279 0.9627 0.3586 0.0000 789.705 48.640 249.401
5263 1.000000 0 0.7153 0.6170 0.3279 0.9627 0.3586 0.0000 789.730 48.646 249.390
5264 1.000000 0 0.7153 0.6171 0.3279 0.9627 0.3586 0.0000 789.743 48.650 249.385
5265 1.000000 0 0.7153 0.6171 0.3279 0.9627 0.3586 0.0000 789.755 48.653 249.379
5266 1.000000 0 0.7153 0.6171 0.3279 0.9627 0.3586 0.0000 789.767 48.657 249.373
5267 1.000000 0 0.7153 0.6171 0.3279 0.9627 0.3586 0.0000 789.780 48.661 249.368
5268 1.000000 0 0.7153 0.6171 0.3279 0.9627 0.3586 0.0000 789.792 48.665 249.362
5269 1.000000 0 0.7153 0.6171 0.3279 0.9627 0.3586 0.0000 789.805 48.669 249.356
5270 1.000000 0 0.7153 0.6172 0.3279 0.9627 0.3586 0.0000 789.829 48.677 249.344
5271 1.000000 0 0.7153 0.6172 0.3279 0.9627 0.3586 0.0000 789.832 48.678 249.343
5272 1.000000 0 0.7152 0.6172 0.3279 0.9627 0.3586 0.0000 789.854 48.686 249.332
5273 1.000000 0 0.7152 0.6172 0.3279 0.9627 0.3586 0.0000 789.866 48.691 249.326
5274 1.000000 0 0.7152 0.6172 0.3279 0.9627 0.3586 0.0000 789.878 48.696 249.320
5275 1.000000 0 0.7152 0.6172 0.3279 0.9627 0.3586 0.0000 789.903 48.706 249.308
5276 1.000000 0 0.7152 0.6172 0.3279 0.9627 0.3586 0.0000 789.905 48.706 249.307
5277 1.000000 0 0.7152 0.6173 0.3279 0.9627 0.3586 0.0000 789.927 48.715 249.296
5278 1.000000 0 0.7152 0.6173 0.3279 0.9627 0.3586 0.0000 789.929 48.716 249.295
5279 1.000000 0 0.7152 0.6173 0.3279 0.9627 0.3586 0.0000 789.951 48.725 249.283
5280 1.000000 0 0.7151 0.6173 0.3279 0.9627 0.3586 0.0000 789.953 48.726 249.282
5281 1.000000 0 0.7151 0.6173 0.3279 0.9627 0.3586 0.0000 789.976 48.736 249.271
5282 1.000000 0 0.7151 0.6173 0.3279 0.9627 0.3586 0.0000 790.000 48.746 249.258
5283 1.000000 0 0.7151 0.6173 0.3279 0.9627 0.3586 0.0000 790.002 48.747 249.257
5284 1.000000 0 0.7151 0.6174 0.3279 0.9627 0.3586 0.0000 790.024 48.756 249.246
5285 1.000000 0 0.7151 0.6174 0.3279 0.9627 0.3586 0.0000 790.036 48.761 249.239
5286 1.000000 0 0.7151 0.6174 0.3279 0.9627 0.3586 0.0000 790.060 48.771 249.227
5287 1.000000 0 0.7151 0.6174 0.3279 0.9627 0.3586 0.0000 790.062 48.772 249.225
5288 1.000000 0 0.7150 0.6174 0.3279 0.9627 0.3586 0.0000 790.084 48.781 249.214
5289 1.000000 0 0.7150 0.6174 0.3279 0.9627 0.3586 0.0000 790.096 48.785 249.207
5290 1.000000 0 0.7150 0.6175 0.3279 0.9627 0.3586 0.0000 790.108 48.790 249.201
5291 1.000000 0 0.7150 0.6175 0.3279 0.9627 0.3586 0.0000 790.120 48.794 249.194
5292 1.000000 0 0.7150 0.6175 0.3279 0.9627 0.3586 0.0000 790.144 48.802 249.181
5293 1.000000 0 0.7150 0.6175 0.3279 0.9627 0.3586 0.0000 790.147 48.803 249.180
5294 1.000000 0 0.7150 0.6175 0.3279 0.9627 0.3586 0.0000 790.168 48.810 249.168
5295 1.000000 0 0.7150 0.6175 0.3279 0.9627 0.3586 0.0000 790.170 48.811 249.167
5296 1.000000 0 0.7149 0.6176 0.3279 0.9627 0.3586 0.0000 790.192 48.817 249.155
5297 1.000000 0 0.7149 0.6176 0.3279 0.9627 0.3586 0.0000 790.195 48.818 249.154
5298 1.000000 0 0.7149 0.6176 0.3279 0.9627 0.3586 0.0000 790.216 48.824 249.142
5299 1.000000 0 0.7149 0.6176 0.3279 0.9627 0.3586 0.0000 790.228 48.827 249.136
5300 1.000000 0 0.7149 0.6176 0.3279 0.9627 0.3586 0.0000 790.241 48.830 249.129
5301 1.000000 0 0.7149 0.6176 0.3279 0.9627 0.3586 0.0000 790.253 48.833 249.123
5302 1.000000 0 0.7149 0.6176 0.3279 0.9627 0.3586 0.0000 790.264 48.836 249.116
5303 1.000000 0 0.7149 0.6177 0.3278 0.9627 0.3586 0.0000 790.289 48.841 249.104
5304 1.000000 0 0.7148 0.6177 0.3278 0.9627 0.3586 0.0000 790.291 48.841 249.102
5305 1.000000 0 0.7148 0.6177 0.3278 0.9627 0.3586 0.0000 790.313 48.846 249.091
5306 1.000000 0 0.7148 0.6177 0.3278 0.9627 0.3586 0.0000 790.325 48.848 249.084
5307 1.000000 0 0.7148 0.6177 0.3278 0.9627 0.3586 0.0000 790.349 48.853 249.072
5308 1.000000 0 0.7148 0.6177 0.3278 0.9627 0.3586 0.0000 790.351 48.853 249.071
5309 1.000000 0 0.7148 0.6178 0.3278 0.9627 0.3586 0.0000 790.373 48.857 249.059
5310 1.000000 0 0.7148 0.6178 0.3278 0.9627 0.3586 0.0000 790.385 48.859 249.053
5311 1.000000 0 0.7147 0.6178 0.3278 0.9627 0.3586 0.0000 790.410 48.864 249.040
5312 1.000000 0 0.7147 0.6178 0.3278 0.9627 0.3586 0.0000 790.412 48.864 249.039
5313 1.000000 0 0.7147 0.6178 0.3278 0.9627 0.3586 0.0000 790.434 48.869 249.028
5314 1.000000 0 0.7147 0.6178 0.3278 0.9627 0.3586 0.0000 790.446 48.871 249.022
5315 1.000000 0 0.7147 0.6179 0.3278 0.9627 0.3586 0.0000 790.471 48.876 249.010
5316 1.000000 0 0.7147 0.6179 0.3278 0.9627 0.3586 0.0000 790.473 48.877 249.009
5317 1.000000 0 0.7147 0.6179 0.3278 0.9627 0.3586 0.0000 790.495 48.881 248.998
5318 1.000000 0 0.7147 0.6179 0.3278 0.9627 0.3586 0.0000 790.497 48.882 248.997
5319 1.000000 0 0.7146 0.6179 0.3278 0.9627 0.3586 0.0000 790.520 48.887 248.986
5320 1.000000 0 0.7146 0.6179 0.3278 0.9627 0.3586 0.0000 790.532 48.890 248.980
5321 1.000000 0 0.7146 0.6180 0.3278 0.9627 0.3586 0.0000 790.557 48.897 248.969
5322 1.000000 0 0.7146 0.6180 0.3278 0.9627 0.3586 0.0000 790.559 48.897 248.967
5323 1.000000 0 0.7146 0.6180 0.3278 0.9627 0.3586 0.0000 790.582 48.904 248.957
5324 1.000000 0 0.7146 0.6180 0.3278 0.9627 0.3586 0.0000 790.594 48.908 248.951
5325 1.000000 0 0.7146 0.6180 0.3278 0.9627 0.3586 0.0000 790.619 48.915 248.940
5326 1.000000 0 0.7146 0.6180 0.3278 0.9627 0.3586 0.0000 790.621 48.916 248.939
5327 1.000000 0 0.7145 0.6180 0.3278 0.9627 0.3586 0.0000 790.644 48.924 248.929
5328 1.000000 0 0.7145 0.6181 0.3278 0.9627 0.3586 0.0000 790.645 48.924 248.928
5329 1.000000 0 0.7145 0.6181 0.3278 0.9627 0.3586 0.0000 790.669 48.933 248.918
5330 1.000000 0 0.7145 0.6181 0.3278 0.9627 0.3586 0.0000 790.670 48.933 248.917
5331 1.000000 0 0.7145 0.6181 0.3278 0.9627 0.3586 0.0000 790.694 48.942 248.907
5332 1.000000 0 0.7145 0.6181 0.3278 0.9627 0.3586 0.0000 790.706 48.947 248.902
5333 1.000000 0 0.7145 0.6181 0.3278 0.9627 0.3586 0.0000 790.731 48.957 248.891
5334 1.000000 0 0.7145 0.6181 0.3278 0.9627 0.3586 0.0000 790.733 48.958 248.891
5335 1.000000 0 0.7144 0.6182 0.3278 0.9627 0.3586 0.0000 790.757 48.967 248.881
5336 1.000000 0 0.7144 0.6182 0.3278 0.9627 0.3586 0.0000 790.782 48.977 248.870
5337 1.000000 0 0.7144 0.6182 0.3278 0.9627 0.3586 0.0000 790.784 48.978 248.870
5338 1.000000 0 0.7144 0.6182 0.3278 0.9627 0.3586 0.0000 790.807 48.988 248.860
5339 1.000000 0 0.7144 0.6182 0.3278 0.9627 0.3586 0.0000 790.809 48.988 248.859
5340 1.000000 0 0.7144 0.6183 0.3278 0.9627 0.3586 0.0000 790.832 48.998 248.850
5341 1.000000 0 0.7144 0.6183 0.3278 0.9627 0.3586 0.0000 790.834 48.999 248.849
5342 1.000000 0 0.7144 0.6183 0.3278 0.9627 0.3586 0.0000 790.858 49.008 248.840
5343 1.000000 0 0.7144 0.6183 0.3278 0.9627 0.3586 0.0000 790.860 49.009 248.839
5344 1.000000 0 0.7143 0.6183 0.3278 0.9627 0.3586 0.0000 790.883 49.018 248.830
5345 1.000000 0 0.7143 0.6183 0.3278 0.9627 0.3586 0.0000 790.885 49.019 248.829
5346 1.000000 0 0.7143 0.6183 0.3278 0.9627 0.3586 0.0000 790.909 49.027 248.820
5347 1.000000 0 0.7143 0.6183 0.3278 0.9627 0.3586 0.0000 790.911 49.028 248.819
5348 1.000000 0 0.7143 0.6184 0.3278 0.9627 0.3586 0.0000 790.934 49.037 248.810
5349 1.000000 0 0.7143 0.6184 0.3278 0.9627 0.3586 0.0000 790.937 49.037 248.809
5350 1.000000 0 0.7143 0.6184 0.3277 0.9627 0.3586 0.0000 790.960 49.045 248.800
5351 1.000000 0 0.7143 0.6184 0.3277 0.9627 0.3586 0.0000 790.972 49.049 248.795
5352 1.000000 0 0.7143 0.6184 0.3277 0.9627 0.3586 0.0000 790.974 49.050 248.795
5353 1.000000 0 0.7142 0.6184 0.3277 0.9627 0.3586 0.0000 790.998 49.057 248.786
5354 1.000000 0 0.7142 0.6184 0.3277 0.9627 0.3586 0.0000 790.999 49.058 248.785
5355 1.000000 0 0.7142 0.6185 0.3277 0.9627 0.3586 0.0000 791.023 49.065 248.776
5356 1.000000 0 0.7142 0.6185 0.3277 0.9627 0.3586 0.0000 791.025 49.065 248.775
5357 1.000000 0 0.7142 0.6185 0.3277 0.9627 0.3586 0.0000 791.049 49.071 248.766
5358 1.000000 0 0.7142 0.6185 0.3277 0.9627 0.3586 0.0000 791.062 49.074 248.761
5359 1.000000 0 0.7142 0.6185 0.3277 0.9627 0.3586 0.0000 791.087 49.080 248.751
5360 1.000000 0 0.7142 0.6185 0.3277 0.9627 0.3586 0.0000 791.089 49.081 248.750
5361 1.000000 0 0.7141 0.6185 0.3277 0.9627 0.3586 0.0000 791.113 49.086 248.741
5362 1.000000 0 0.7141 0.6185 0.3277 0.9627 0.3586 0.0000 791.115 49.086 248.740
5363 1.000000 0 0.7141 0.6186 0.3277 0.9627 0.3586 0.0000 791.138 49.091 248.731
5364 1.000000 0 0.7141 0.6186 0.3277 0.9627 0.3586 0.0000 791.151 49.094 248.726
5365 1.000000 0 0.7141 0.6186 0.3277 0.9627 0.3586 0.0000 791.176 49.098 248.716
5366 1.000000 0 0.7141 0.6186 0.3277 0.9627 0.3586 0.0000 791.202 49.103 248.706
5367 1.000000 0 0.7141 0.6186 0.3277 0.9627 0.3586 0.0000 791.204 49.103 248.705
5368 1.000000 0 0.7140 0.6187 0.3277 0.9627 0.3586 0.0000 791.227 49.107 248.696
5369 1.000000 0 0.7140 0.6187 0.3277 0.9627 0.3586 0.0000 791.229 49.107 248.695
5370 1.000000 0 0.7140 0.6187 0.3277 0.9627 0.3586 0.0000 791.252 49.111 248.685
5371 1.000000 0 0.7140 0.6187 0.3277 0.9627 0.3586 0.0000 791.265 49.114 248.680
5372 1.000000 0 0.7140 0.6187 0.3277 0.9627 0.3586 0.0000 791.277 49.116 248.675
5373 1.000000 0 0.7140 0.6187 0.3277 0.9627 0.3586 0.0000 791.303 49.121 248.664
5374 1.000000 0 0.7140 0.6187 0.3277 0.9627 0.3586 0.0000 791.305 49.121 248.664
5375 1.000000 0 0.7140 0.6188 0.3277 0.9627 0.3586 0.0000 791.328 49.126 248.654
5376 1.000000 0 0.7139 0.6188 0.3277 0.9627 0.3586 0.0000 791.353 49.131 248.643
5377 1.000000 0 0.7139 0.6188 0.3277 0.9627 0.3586 0.0000 791.355 49.132 248.642
5378 1.000000 0 0.7139 0.6188 0.3277 0.9627 0.3586 0.0000 791.378 49.137 248.632
5379 1.000000 0 0.7139 0.6188 0.3277 0.9627 0.3586 0.0000 791.390 49.140 248.626
5380 1.000000 0 0.7139 0.6189 0.3277 0.9627 0.3586 0.0000 791.415 49.146 248.615
5381 1.000000 0 0.7139 0.6189 0.3277 0.9627 0.3586 0.0000 791.417 49.147 248.614
5382 1.000000 0 0.7139 0.6189 0.3277 0.9627 0.3586 0.0000 791.440 49.154 248.604
5383 1.000000 0 0.7138 0.6189 0.3277 0.9627 0.3586 0.0000 791.452 49.157 248.598
5384 1.000000 0 0.7138 0.6189 0.3277 0.9627 0.3586 0.0000 791.477 49.165 248.586
5385 1.000000 0 0.7138 0.6189 0.3277 0.9627 0.3586 0.0000 791.479 49.166 248.585
5386 1.000000 0 0.7138 0.6190 0.3277 0.9627 0.3586 0.0000 791.502 49.173 248.575
5387 1.000000 0 0.7138 0.6190 0.3277 0.9627 0.3586 0.0000 791.503 49.174 248.574
5388 1.000000 0 0.7138 0.6190 0.3277 0.9627 0.3586 0.0000 791.526 49.183 248.563
5389 1.000000 0 0.7138 0.6190 0.3277 0.9627 0.3586 0.0000 791.527 49.184 248.562
5390 1.000000 0 0.7138 0.6190 0.3277 0.9627 0.3586 0.0000 791.550 49.193 248.551
5391 1.000000 0 0.7138 0.6190 0.3277 0.9627 0.3586 0.0000 791.551 49.194 248.550
5392 1.000000 0 0.7137 0.6190 0.3277 0.9627 0.3586 0.0000 791.574 49.203 248.538
5393 1.000000 0 0.7137 0.6190 0.3277 0.9627 0.3586 0.0000 791.576 49.204 248.538
5394 1.000000 0 0.7137 0.6191 0.3277 0.9627 0.3586 0.0000 791.599 49.212 248.526
5395 1.000000 0 0.7137 0.6191 0.3277 0.9627 0.3586 0.0000 791.623 49.222 248.513
5396 1.000000 0 0.7137 0.6191 0.3277 0.9627 0.3586 0.0000 791.626 49.223 248.512
5397 1.000000 0 0.7137 0.6191 0.3276 0.9627 0.3586 0.0000 791.648 49.232 248.500
5398 1.000000 0 0.7137 0.6191 0.3276 0.9627 0.3586 0.0000 791.649 49.233 248.499
5399 1.000000 0 0.7137 0.6191 0.3276 0.9627 0.3586 0.0000 791.672 49.242 248.488
5400 1.000000 0 0.7137 0.6191 0.3276 0.9627 0.3586 0.0000 791.674 49.243 248.487
5401 1.000000 0 0.7136 0.6192 0.3276 0.9627 0.3586 0.0000 791.696 49.252 248.475
5402 1.000000 0 0.7136 0.6192 0.3276 0.9627 0.3586 0.0000 791.698 49.253 248.474
5403 1.000000 0 0.7136 0.6192 0.3276 0.9627 0.3586 0.0000 791.720 49.262 248.462
5404 1.000000 0 0.7136 0.6192 0.3276 0.9627 0.3586 0.0000 791.722 49.263 248.461
5405 1.000000 0 0.7136 0.6192 0.3276 0.9627 0.3586 0.0000 791.744 49.272 248.449
5406 1.000000 0 0.7136 0.6192 0.3276 0.9627 0.3586 0.0000 791.746 49.272 248.449
5407 1.000000 0 0.7136 0.6193 0.3276 0.9627 0.3586 0.0000 791.769 49.281 248.436
5408 1.000000 0 0.7136 0.6193 0.3276 0.9627 0.3586 0.0000 791.770 49.282 248.436
5409 1.000000 0 0.7135 0.6193 0.3276 0.9627 0.3586 0.0000 791.793 49.290 248.423
5410 1.000000 0 0.7135 0.6193 0.3276 0.9627 0.3586 0.0000 791.794 49.291 248.423
5411 1.000000 0 0.7135 0.6193 0.3276 0.9627 0.3586 0.0000 791.817 49.298 248.410
5412 1.000000 0 0.7135 0.6193 0.3276 0.9627 0.3586 0.0000 791.829 49.302 248.404
5413 1.000000 0 0.7135 0.6193 0.3276 0.9627 0.3586 0.0000 791.853 49.310 248.391
5414 1.000000 0 0.7135 0.6194 0.3276 0.9627 0.3586 0.0000 791.855 49.310 248.390
5415 1.000000 0 0.7135 0.6194 0.3276 0.9627 0.3586 0.0000 791.877 49.317 248.378
5416 1.000000 0 0.7135 0.6194 0.3276 0.9627 0.3586 0.0000 791.901 49.323 248.365
5417 1.000000 0 0.7134 0.6194 0.3276 0.9627 0.3586 0.0000 791.903 49.324 248.364
5418 1.000000 0 0.7134 0.6194 0.3276 0.9627 0.3586 0.0000 791.925 49.329 248.352
5419 1.000000 0 0.7134 0.6194 0.3276 0.9627 0.3586 0.0000 791.937 49.332 248.346
5420 1.000000 0 0.7134 0.6195 0.3276 0.9627 0.3586 0.0000 791.949 49.335 248.339
5421 1.000000 0 0.7134 0.6195 0.3276 0.9627 0.3586 0.0000 791.985 49.342 248.320
5422 1.000000 0 0.7134 0.6195 0.3276 0.9627 0.3586 0.0000 791.997 49.345 248.314
5423 1.000000 0 0.7134 0.6195 0.3276 0.9627 0.3586 0.0000 792.009 49.347 248.308
5424 1.000000 0 0.7133 0.6195 0.3276 0.9627 0.3586 0.0000 792.033 49.351 248.295
5425 1.000000 0 0.7133 0.6196 0.3276 0.9627 0.3586 0.0000 792.036 49.352 248.294
5426 1.000000 0 0.7133 0.6196 0.3276 0.9627 0.3586 0.0000 792.058 49.356 248.282
5427 1.000000 0 0.7133 0.6196 0.3276 0.9627 0.3586 0.0000 792.070 49.358 248.276
5428 1.000000 0 0.7133 0.6196 0.3276 0.9627 0.3586 0.0000 792.082 49.360 248.270
5429 1.000000 0 0.7133 0.6196 0.3276 0.9627 0.3586 0.0000 792.094 49.363 248.264
5430 1.000000 0 0.7133 0.6196 0.3276 0.9627 0.3586 0.0000 792.106 49.365 248.258
5431 1.000000 0 0.7133 0.6196 0.3276 0.9627 0.3586 0.0000 792.119 49.367 248.251
5432 1.000000 0 0.7132 0.6197 0.3276 0.9627 0.3586 0.0000 792.131 49.370 248.245
5433 1.000000 0 0.7132 0.6197 0.3276 0.9627 0.3586 0.0000 792.143 49.372 248.239
5434 1.000000 0 0.7132 0.6197 0.3276 0.9627 0.3586 0.0000 792.155 49.375 248.233
5435 1.000000 0 0.7132 0.6197 0.3276 0.9627 0.3586 0.0000 792.168 49.377 248.227
5436 1.000000 0 0.7132 0.6197 0.3276 0.9627 0.3586 0.0000 792.192 49.383 248.216
5437 1.000000 0 0.7132 0.6197 0.3276 0.9627 0.3586 0.0000 792.194 49.384 248.214
5438 1.000000 0 0.7132 0.6198 0.3276 0.9627 0.3586 0.0000 792.216 49.389 248.204
5439 1.000000 0 0.7132 0.6198 0.3276 0.9627 0.3586 0.0000 792.218 49.390 248.203
5440 1.000000 0 0.7131 0.6198 0.3276 0.9627 0.3586 0.0000 792.241 49.396 248.192
5441 1.000000 0 0.7131 0.6198 0.3276 0.9627 0.3586 0.0000 792.243 49.396 248.191
5442 1.000000 0 0.7131 0.6198 0.3276 0.9627 0.3586 0.0000 792.266 49.403 248.181
5443 1.000000 0 0.7131 0.6198 0.3276 0.9627 0.3586 0.0000 792.268 49.403 248.180
5444 1.000000 0 0.7131 0.6198 0.3276 0.9627 0.3586 0.0000 792.292 49.410 248.169
5445 1.000000 0 0.7131 0.6198 0.3275 0.9627 0.3586 0.0000 792.304 49.414 248.164
5446 1.000000 0 0.7131 0.6199 0.3275 0.9627 0.3586 0.0000 792.316 49.418 248.158
5447 1.000000 0 0.7131 0.6199 0.3275 0.9627 0.3586 0.0000 792.318 49.419 248.157
5448 1.000000 0 0.7131 0.6199 0.3275 0.9627 0.3586 0.0000 792.341 49.427 248.147
5449 1.000000 0 0.7131 0.6199 0.3275 0.9627 0.3586 0.0000 792.344 49.428 248.146
5450 1.000000 0 0.7130 0.6199 0.3275 0.9627 0.3586 0.0000 792.366 49.436 248.136
5451 1.000000 0 0.7130 0.6199 0.3275 0.9627 0.3586 0.0000 792.369 49.437 248.135
5452 1.000000 0 0.7130 0.6199 0.3275 0.9627 0.3586 0.0000 792.392 49.445 248.126
5453 1.000000 0 0.7130 0.6200 0.3275 0.9627 0.3586 0.0000 792.404 49.450 248.120
5454 1.000000 0 0.7130 0.6200 0.3275 0.9627 0.3586 0.0000 792.430 49.460 248.110
5455 1.000000 0 0.7130 0.6200 0.3275 0.9627 0.3586 0.0000 792.432 49.461 248.109
5456 1.000000 0 0.7130 0.6200 0.3275 0.9627 0.3586 0.0000 792.455 49.470 248.099
5457 1.000000 0 0.7130 0.6200 0.3275 0.9627 0.3586 0.0000 792.457 49.471 248.098
5458 1.000000 0 0.7129 0.6200 0.3275 0.9627 0.3586 0.0000 792.480 49.480 248.089
5459 1.000000 0 0.7129 0.6200 0.3275 0.9627 0.3586 0.0000 792.482 49.481 248.088
5460 1.000000 0 0.7129 0.6201 0.3275 0.9627 0.3586 0.0000 792.506 49.490 248.079
5461 1.000000 0 0.7129 0.6201 0.3275 0.9627 0.3586 0.0000 792.519 49.496 248.073
5462 1.000000 0 0.7129 0.6201 0.3275 0.9627 0.3586 0.0000 792.544 49.505 248.063
5463 1.000000 0 0.7129 0.6201 0.3275 0.9627 0.3586 0.0000 792.547 49.506 248.062
5464 1.000000 0 0.7129 0.6201 0.3275 0.9627 0.3586 0.0000 792.570 49.515 248.053
5465 1.000000 0 0.7129 0.6201 0.3275 0.9627 0.3586 0.0000 792.582 49.520 248.048
5466 1.000000 0 0.7128 0.6202 0.3275 0.9627 0.3586 0.0000 792.608 49.529 248.039
5467 1.000000 0 0.7128 0.6202 0.3275 0.9627 0.3586 0.0000 792.611 49.530 248.038
5468 1.000000 0 0.7128 0.6202 0.3275 0.9627 0.3586 0.0000 792.633 49.538 248.029
5469 1.000000 0 0.7128 0.6202 0.3275 0.9627 0.3586 0.0000 792.635 49.538 248.028
5470 1.000000 0 0.7128 0.6202 0.3275 0.9627 0.3586 0.0000 792.659 49.546 248.019
5471 1.000000 0 0.7128 0.6202 0.3275 0.9627 0.3586 0.0000 792.685 49.553 248.009
5472 1.000000 0 0.7127 0.6203 0.3275 0.9627 0.3586 0.0000 792.711 49.560 247.999
5473 1.000000 0 0.7127 0.6203 0.3275 0.9627 0.3586 0.0000 792.713 49.561 247.998
5474 1.000000 0 0.7127 0.6203 0.3275 0.9627 0.3586 0.0000 792.736 49.567 247.989
5475 1.000000 0 0.7127 0.6203 0.3275 0.9627 0.3586 0.0000 792.737 49.567 247.989
5476 1.000000 0 0.7127 0.6203 0.3275 0.9627 0.3586 0.0000 792.761 49.573 247.980
5477 1.000000 0 0.7127 0.6203 0.3275 0.9627 0.3586 0.0000 792.763 49.573 247.979
5478 1.000000 0 0.7127 0.6204 0.3275 0.9627 0.3586 0.0000 792.787 49.578 247.970
5479 1.000000 0 0.7127 0.6204 0.3275 0.9627 0.3586 0.0000 792.812 49.584 247.960
5480 1.000000 0 0.7127 0.6204 0.3275 0.9627 0.3586 0.0000 792.814 49.584 247.959
5481 1.000000 0 0.7126 0.6204 0.3275 0.9627 0.3586 0.0000 792.838 49.588 247.950
5482 1.000000 0 0.7126 0.6204 0.3275 0.9627 0.3586 0.0000 792.851 49.591 247.945
5483 1.000000 0 0.7126 0.6204 0.3275 0.9627 0.3586 0.0000 792.863 49.593 247.940
5484 1.000000 0 0.7126 0.6204 0.3275 0.9627 0.3586 0.0000 792.876 49.595 247.935
5485 1.000000 0 0.7126 0.6205 0.3275 0.9627 0.3586 0.0000 792.901 49.600 247.924
5486 1.000000 0 0.7126 0.6205 0.3275 0.9627 0.3586 0.0000 792.903 49.600 247.924
5487 1.000000 0 0.7126 0.6205 0.3275 0.9627 0.3586 0.0000 792.926 49.605 247.914
5488 1.000000 0 0.7126 0.6205 0.3275 0.9627 0.3586 0.0000 792.939 49.607 247.909
5489 1.000000 0 0.7125 0.6205 0.3275 0.9627 0.3586 0.0000 792.951 49.609 247.904
5490 1.000000 0 0.7125 0.6205 0.3275 0.9627 0.3586 0.0000 792.953 49.610 247.903
5491 1.000000 0 0.7125 0.6206 0.3275 0.9627 0.3586 0.0000 792.977 49.614 247.893
5492 1.000000 0 0.7125 0.6206 0.3275 0.9627 0.3586 0.0000 792.979 49.615 247.893
5493 1.000000 0 0.7125 0.6206 0.3274 0.9627 0.3586 0.0000 793.001 49.619 247.883
5494 1.000000 0 0.7125 0.6206 0.3274 0.9627 0.3586 0.0000 793.004 49.620 247.882
5495 1.000000 0 0.7125 0.6206 0.3274 0.9627 0.3586 0.0000 793.027 49.625 247.872
5496 1.000000 0 0.7125 0.6206 0.3274 0.9627 0.3586 0.0000 793.029 49.626 247.871
5497 1.000000 0 0.7125 0.6206 0.3274 0.9627 0.3586 0.0000 793.051 49.631 247.861
5498 1.000000 0 0.7125 0.6206 0.3274 0.9627 0.3586 0.0000 793.056 49.633 247.859
5499 1.000000 0 0.7124 0.6207 0.3274 0.9627 0.3586 0.0000 793.076 49.638 247.850
5500 1.000000 0 0.7124 0.6207 0.3274 0.9627 0.3586 0.0000 793.078 49.639 247.849
5501 1.000000 0 0.7124 0.6207 0.3274 0.9627 0.3586 0.0000 793.101 49.645 247.839
5502 1.000000 0 0.7124 0.6207 0.3274 0.9627 0.3586 0.0000 793.103 49.645 247.838
5503 1.000000 0 0.7124 0.6207 0.3274 0.9627 0.3586 0.0000 793.126 49.651 247.828
5504 1.000000 0 0.7124 0.6207 0.3274 0.9627 0.3586 0.0000 793.128 49.652 247.826
5505 1.000000 0 0.7124 0.6207 0.3274 0.9627 0.3586 0.0000 793.151 49.659 247.816
5506 1.000000 0 0.7124 0.6207 0.3274 0.9627 0.3586 0.0000 793.153 49.660 247.815
5507 1.000000 0 0.7123 0.6208 0.3274 0.9627 0.3586 0.0000 793.175 49.667 247.804
5508 1.000000 0 0.7123 0.6208 0.3274 0.9627 0.3586 0.0000 793.178 49.668 247.803
5509 1.000000 0 0.7123 0.6208 0.3274 0.9627 0.3586 0.0000 793.200 49.676 247.792
5510 1.000000 0 0.7123 0.6208 0.3274 0.9627 0.3586 0.0000 793.212 49.680 247.786
5511 1.000000 0 0.7123 0.6208 0.3274 0.9627 0.3586 0.0000 793.224 49.685 247.780
5512 1.000000 0 0.7123 0.6208 0.3274 0.9627 0.3586 0.0000 793.237 49.690 247.774
5513 1.000000 0 0.7123 0.6209 0.3274 0.9627 0.3586 0.0000 793.261 49.699 247.762
5514 1.000000 0 0.7123 0.6209 0.3274 0.9627 0.3586 0.0000 793.264 49.700 247.760
5515 1.000000 0 0.7123 0.6209 0.3274 0.9627 0.3586 0.0000 793.286 49.709 247.749
5516 1.000000 0 0.7123 0.6209 0.3274 0.9627 0.3586 0.0000 793.287 49.710 247.749
5517 1.000000 0 0.7122 0.6209 0.3274 0.9627 0.3586 0.0000 793.310 49.719 247.737
5518 1.000000 0 0.7122 0.6209 0.3274 0.9627 0.3586 0.0000 793.334 49.730 247.724
5519 1.000000 0 0.7122 0.6209 0.3274 0.9627 0.3586 0.0000 793.337 49.731 247.723
5520 1.000000 0 0.7122 0.6210 0.3274 0.9627 0.3586 0.0000 793.359 49.740 247.711
5521 1.000000 0 0.7122 0.6210 0.3274 0.9627 0.3586 0.0000 793.371 49.745 247.705
5522 1.000000 0 0.7122 0.6210 0.3274 0.9627 0.3586 0.0000 793.395 49.755 247.692
5523 1.000000 0 0.7122 0.6210 0.3274 0.9627 0.3586 0.0000 793.398 49.756 247.691
5524 1.000000 0 0.7121 0.6210 0.3274 0.9627 0.3586 0.0000 793.419 49.764 247.679
5525 1.000000 0 0.7121 0.6210 0.3274 0.9627 0.3586 0.0000 793.431 49.769 247.673
5526 1.000000 0 0.7121 0.6211 0.3274 0.9627 0.3586 0.0000 793.456 49.778 247.660
5527 1.000000 0 0.7121 0.6211 0.3274 0.9627 0.3586 0.0000 793.479 49.787 247.647
5528 1.000000 0 0.7121 0.6211 0.3274 0.9627 0.3586 0.0000 793.481 49.788 247.646
5529 1.000000 0 0.7121 0.6211 0.3274 0.9627 0.3586 0.0000 793.501 49.798 247.634
5530 1.000000 0 0.7120 0.6211 0.3274 0.9627 0.3586 0.0000 793.512 49.803 247.628
5531 1.000000 0 0.7120 0.6212 0.3274 0.9627 0.3586 0.0000 793.535 49.812 247.616
5532 1.000000 0 0.7120 0.6212 0.3274 0.9627 0.3586 0.0000 793.537 49.813 247.614
5533 1.000000 0 0.7120 0.6212 0.3274 0.9627 0.3586 0.0000 793.557 49.821 247.603
5534 1.000000 0 0.7120 0.6212 0.3274 0.9627 0.3586 0.0000 793.581 49.827 247.590
5535 1.000000 0 0.7120 0.6212 0.3274 0.9627 0.3586 0.0000 793.605 49.831 247.576
5536 1.000000 0 0.7120 0.6213 0.3274 0.9627 0.3586 0.0000 793.608 49.832 247.575
5537 1.000000 0 0.7119 0.6213 0.3274 0.9627 0.3586 0.0000 793.642 49.837 247.555
5538 1.000000 0 0.7119 0.6213 0.3274 0.9627 0.3586 0.0000 793.644 49.838 247.554
5539 1.000000 0 0.7119 0.6213 0.3273 0.9627 0.3586 0.0000 793.666 49.841 247.541
5540 1.000000 0 0.7119 0.6213 0.3273 0.9627 0.3586 0.0000 793.678 49.843 247.534
5541 1.000000 0 0.7119 0.6213 0.3273 0.9627 0.3586 0.0000 793.691 49.845 247.528
5542 1.000000 0 0.7119 0.6214 0.3273 0.9627 0.3586 0.0000 793.715 49.848 247.514
5543 1.000000 0 0.7119 0.6214 0.3273 0.9627 0.3586 0.0000 793.718 49.848 247.513
5544 1.000000 0 0.7118 0.6214 0.3273 0.9627 0.3586 0.0000 793.740 49.851 247.501
5545 1.000000 0 0.7118 0.6214 0.3273 0.9627 0.3586 0.0000 793.741 49.851 247.500
5546 1.000000 0 0.7118 0.6214 0.3273 0.9627 0.3586 0.0000 793.765 49.854 247.487
5547 1.000000 0 0.7118 0.6214 0.3273 0.9627 0.3586 0.0000 793.777 49.856 247.480
5548 1.000000 0 0.7118 0.6215 0.3273 0.9627 0.3586 0.0000 793.801 49.860 247.468
5549 1.000000 0 0.7118 0.6215 0.3273 0.9627 0.3586 0.0000 793.804 49.861 247.467
5550 1.000000 0 0.7118 0.6215 0.3273 0.9627 0.3586 0.0000 793.826 49.866 247.457
5551 1.000000 0 0.7118 0.6215 0.3273 0.9627 0.3586 0.0000 793.838 49.869 247.451
5552 1.000000 0 0.7117 0.6215 0.3273 0.9627 0.3586 0.0000 793.850 49.872 247.445
5553 1.000000 0 0.7117 0.6215 0.3273 0.9627 0.3586 0.0000 793.875 49.878 247.434
5554 1.000000 0 0.7117 0.6216 0.3273 0.9627 0.3586 0.0000 793.887 49.881 247.428
5555 1.000000 0 0.7117 0.6216 0.3273 0.9627 0.3586 0.0000 793.899 49.885 247.423
5556 1.000000 0 0.7117 0.6216 0.3273 0.9627 0.3586 0.0000 793.925 49.892 247.412
5557 1.000000 0 0.7117 0.6216 0.3273 0.9627 0.3586 0.0000 793.949 49.900 247.401
5558 1.000000 0 0.7116 0.6216 0.3273 0.9627 0.3586 0.0000 793.961 49.904 247.396
5559 1.000000 0 0.7116 0.6216 0.3273 0.9627 0.3586 0.0000 793.974 49.908 247.390
5560 1.000000 0 0.7116 0.6217 0.3273 0.9627 0.3586 0.0000 793.999 49.917 247.380
5561 1.000000 0 0.7116 0.6217 0.3273 0.9627 0.3586 0.0000 794.011 49.921 247.375
5562 1.000000 0 0.7116 0.6217 0.3273 0.9627 0.3586 0.0000 794.024 49.926 247.369
5563 1.000000 0 0.7116 0.6217 0.3273 0.9627 0.3586 0.0000 794.049 49.936 247.359
5564 1.000000 0 0.7116 0.6217 0.3273 0.9627 0.3586 0.0000 794.061 49.941 247.354
5565 1.000000 0 0.7115 0.6218 0.3273 0.9627 0.3586 0.0000 794.074 49.946 247.349
5566 1.000000 0 0.7115 0.6218 0.3273 0.9627 0.3586 0.0000 794.099 49.956 247.339
5567 1.000000 0 0.7115 0.6218 0.3273 0.9627 0.3586 0.0000 794.124 49.967 247.329
5568 1.000000 0 0.7115 0.6218 0.3273 0.9627 0.3586 0.0000 794.137 49.972 247.324
5569 1.000000 0 0.7115 0.6218 0.3273 0.9627 0.3586 0.0000 794.162 49.983 247.314
5570 1.000000 0 0.7115 0.6219 0.3273 0.9627 0.3586 0.0000 794.165 49.984 247.313
5571 1.000000 0 0.7115 0.6219 0.3273 0.9627 0.3586 0.0000 794.187 49.993 247.305
5572 1.000000 0 0.7114 0.6219 0.3273 0.9627 0.3586 0.0000 794.200 49.998 247.300
5573 1.000000 0 0.7114 0.6219 0.3273 0.9627 0.3586 0.0000 794.225 50.009 247.290
5574 1.000000 0 0.7114 0.6219 0.3273 0.9627 0.3586 0.0000 794.251 50.019 247.281
5575 1.000000 0 0.7114 0.6220 0.3273 0.9627 0.3586 0.0000 794.263 50.023 247.276
5576 1.000000 0 0.7114 0.6220 0.3273 0.9627 0.3586 0.0000 794.276 50.028 247.271
5577 1.000000 0 0.7114 0.6220 0.3273 0.9627 0.3586 0.0000 794.302 50.036 247.262
5578 1.000000 0 0.7114 0.6220 0.3273 0.9627 0.3586 0.0000 794.304 50.037 247.261
5579 1.000000 0 0.7113 0.6220 0.3273 0.9627 0.3586 0.0000 794.328 50.043 247.252
5580 1.000000 0 0.7113 0.6220 0.3272 0.9627 0.3586 0.0000 794.354 50.050 247.242
5581 1.000000 0 0.7113 0.6221 0.3272 0.9627 0.3586 0.0000 794.357 50.051 247.241
5582 1.000000 0 0.7113 0.6221 0.3272 0.9627 0.3586 0.0000 794.380 50.056 247.232
5583 1.000000 0 0.7113 0.6221 0.3272 0.9627 0.3586 0.0000 794.393 50.059 247.227
5584 1.000000 0 0.7113 0.6221 0.3272 0.9627 0.3586 0.0000 794.420 50.065 247.217
5585 1.000000 0 0.7113 0.6221 0.3272 0.9627 0.3586 0.0000 794.422 50.065 247.216
5586 1.000000 0 0.7112 0.6221 0.3272 0.9627 0.3586 0.0000 794.446 50.069 247.207
5587 1.000000 0 0.7112 0.6221 0.3272 0.9627 0.3586 0.0000 794.448 50.070 247.206
5588 1.000000 0 0.7112 0.6222 0.3272 0.9627 0.3586 0.0000 794.472 50.074 247.197
5589 1.000000 0 0.7112 0.6222 0.3272 0.9627 0.3586 0.0000 794.485 50.076 247.192
5590 1.000000 0 0.7112 0.6222 0.3272 0.9627 0.3586 0.0000 794.511 50.080 247.182
5591 1.000000 0 0.7112 0.6222 0.3272 0.9627 0.3586 0.0000 794.514 50.080 247.181
5592 1.000000 0 0.7112 0.6222 0.3272 0.9627 0.3586 0.0000 794.537 50.084 247.172
5593 1.000000 0 0.7112 0.6222 0.3272 0.9627 0.3586 0.0000 794.539 50.084 247.171
5594 1.000000 0 0.7111 0.6223 0.3272 0.9627 0.3586 0.0000 794.562 50.089 247.162
5595 1.000000 0 0.7111 0.6223 0.3272 0.9627 0.3586 0.0000 794.565 50.089 247.161
5596 1.000000 0 0.7111 0.6223 0.3272 0.9627 0.3586 0.0000 794.588 50.093 247.151
5597 1.000000 0 0.7111 0.6223 0.3272 0.9627 0.3586 0.0000 794.600 50.095 247.146
5598 1.000000 0 0.7111 0.6223 0.3272 0.9627 0.3586 0.0000 794.613 50.097 247.141
5599 1.000000 0 0.7111 0.6223 0.3272 0.9627 0.3586 0.0000 794.638 50.102 247.130
5600 1.000000 0 0.7111 0.6223 0.3272 0.9627 0.3586 0.0000 794.641 50.102 247.129
5601 1.000000 0 0.7111 0.6224 0.3272 0.9627 0.3586 0.0000 794.663 50.106 247.120
5602 1.000000 0 0.7110 0.6224 0.3272 0.9627 0.3586 0.0000 794.688 50.112 247.109
5603 1.000000 0 0.7110 0.6224 0.3272 0.9627 0.3586 0.0000 794.691 50.112 247.108
5604 1.000000 0 0.7110 0.6224 0.3272 0.9627 0.3586 0.0000 794.713 50.117 247.098
5605 1.000000 0 0.7110 0.6224 0.3272 0.9627 0.3586 0.0000 794.716 50.117 247.097
5606 1.000000 0 0.7110 0.6224 0.3272 0.9627 0.3586 0.0000 794.738 50.123 247.087
5607 1.000000 0 0.7110 0.6225 0.3272 0.9627 0.3586 0.0000 794.751 50.126 247.082
5608 1.000000 0 0.7110 0.6225 0.3272 0.9627 0.3586 0.0000 794.763 50.129 247.076
5609 1.000000 0 0.7109 0.6225 0.3272 0.9627 0.3586 0.0000 794.788 50.136 247.065
5610 1.000000 0 0.7109 0.6225 0.3272 0.9627 0.3586 0.0000 794.790 50.137 247.064
5611 1.000000 0 0.7109 0.6225 0.3272 0.9627 0.3586 0.0000 794.813 50.144 247.053
5612 1.000000 0 0.7109 0.6225 0.3272 0.9627 0.3586 0.0000 794.825 50.147 247.047
5613 1.000000 0 0.7109 0.6226 0.3272 0.9627 0.3586 0.0000 794.838 50.152 247.041
5614 1.000000 0 0.7109 0.6226 0.3272 0.9627 0.3586 0.0000 794.862 50.160 247.030
5615 1.000000 0 0.7109 0.6226 0.3272 0.9627 0.3586 0.0000 794.865 50.161 247.029
5616 1.000000 0 0.7109 0.6226 0.3272 0.9627 0.3586 0.0000 794.887 50.169 247.018
5617 1.000000 0 0.7109 0.6226 0.3272 0.9627 0.3586 0.0000 794.889 50.170 247.017
5618 1.000000 0 0.7108 0.6226 0.3272 0.9627 0.3586 0.0000 794.911 50.178 247.006
5619 1.000000 0 0.7108 0.6227 0.3272 0.9627 0.3586 0.0000 794.936 50.188 246.993
5620 1.000000 0 0.7108 0.6227 0.3272 0.9627 0.3586 0.0000 794.938 50.189 246.992
5621 1.000000 0 0.7108 0.6227 0.3272 0.9627 0.3586 0.0000 794.960 50.198 246.981
5622 1.000000 0 0.7108 0.6227 0.3272 0.9627 0.3586 0.0000 794.972 50.203 246.975
5623 1.000000 0 0.7108 0.6227 0.3272 0.9627 0.3586 0.0000 794.997 50.214 246.962
5624 1.000000 0 0.7107 0.6227 0.3272 0.9627 0.3586 0.0000 795.009 50.219 246.956
5625 1.000000 0 0.7107 0.6228 0.3272 0.9627 0.3586 0.0000 795.021 50.224 246.950
5626 1.000000 0 0.7107 0.6228 0.3272 0.9627 0.3586 0.0000 795.033 50.229 246.944
5627 1.000000 0 0.7107 0.6228 0.3271 0.9627 0.3586 0.0000 795.045 50.234 246.937
5628 1.000000 0 0.7107 0.6228 0.3271 0.9627 0.3586 0.0000 795.069 50.244 246.924
5629 1.000000 0 0.7107 0.6228 0.3271 0.9627 0.3586 0.0000 795.071 50.245 246.923
5630 1.000000 0 0.7107 0.6228 0.3271 0.9627 0.3586 0.0000 795.093 50.254 246.911
5631 1.000000 0 0.7107 0.6228 0.3271 0.9627 0.3586 0.0000 795.095 50.254 246.911
5632 1.000000 0 0.7106 0.6229 0.3271 0.9627 0.3586 0.0000 795.117 50.263 246.898
5633 1.000000 0 0.7106 0.6229 0.3271 0.9627 0.3586 0.0000 795.119 50.264 246.898
5634 1.000000 0 0.7106 0.6229 0.3271 0.9627 0.3586 0.0000 795.141 50.272 246.885
5635 1.000000 0 0.7106 0.6229 0.3271 0.9627 0.3586 0.0000 795.143 50.273 246.884
5636 1.000000 0 0.7106 0.6229 0.3271 0.9627 0.3586 0.0000 795.165 50.280 246.872
5637 1.000000 0 0.7106 0.6229 0.3271 0.9627 0.3586 0.0000 795.177 50.284 246.866
5638 1.000000 0 0.7106 0.6230 0.3271 0.9627 0.3586 0.0000 795.201 50.292 246.853
5639 1.000000 0 0.7106 0.6230 0.3271 0.9627 0.3586 0.0000 795.214 50.296 246.846
5640 1.000000 0 0.7105 0.6230 0.3271 0.9627 0.3586 0.0000 795.238 50.302 246.833
5641 1.000000 0 0.7105 0.6230 0.3271 0.9627 0.3586 0.0000 795.240 50.303 246.832
5642 1.000000 0 0.7105 0.6230 0.3271 0.9627 0.3586 0.0000 795.262 50.309 246.820
5643 1.000000 0 0.7105 0.6230 0.3271 0.9627 0.3586 0.0000 795.274 50.312 246.813
5644 1.000000 0 0.7105 0.6230 0.3271 0.9627 0.3586 0.0000 795.285 50.314 246.807
5645 1.000000 0 0.7105 0.6231 0.3271 0.9627 0.3586 0.0000 795.310 50.320 246.794
5646 1.000000 0 0.7105 0.6231 0.3271 0.9627 0.3586 0.0000 795.312 50.320 246.793
5647 1.000000 0 0.7105 0.6231 0.3271 0.9627 0.3586 0.0000 795.334 50.325 246.781
5648 1.000000 0 0.7104 0.6231 0.3271 0.9627 0.3586 0.0000 795.346 50.327 246.775
5649 1.000000 0 0.7104 0.6231 0.3271 0.9627 0.3586 0.0000 795.370 50.332 246.762
5650 1.000000 0 0.7104 0.6232 0.3271 0.9627 0.3586 0.0000 795.394 50.336 246.749
5651 1.000000 0 0.7104 0.6232 0.3271 0.9627 0.3586 0.0000 795.396 50.337 246.748
5652 1.000000 0 0.7104 0.6232 0.3271 0.9627 0.3586 0.0000 795.419 50.341 246.736
5653 1.000000 0 0.7104 0.6232 0.3271 0.9627 0.3586 0.0000 795.421 50.341 246.735
5654 1.000000 0 0.7104 0.6232 0.3271 0.9627 0.3586 0.0000 795.443 50.345 246.724
5655 1.000000 0 0.7103 0.6232 0.3271 0.9627 0.3586 0.0000 795.455 50.347 246.718
5656 1.000000 0 0.7103 0.6232 0.3271 0.9627 0.3586 0.0000 795.457 50.347 246.717
5657 1.000000 0 0.7103 0.6233 0.3271 0.9627 0.3586 0.0000 795.479 50.352 246.705
5658 1.000000 0 0.7103 0.6233 0.3271 0.9627 0.3586 0.0000 795.492 50.354 246.699
5659 1.000000 0 0.7103 0.6233 0.3271 0.9627 0.3586 0.0000 795.504 50.357 246.693
5660 1.000000 0 0.7103 0.6233 0.3271 0.9627 0.3586 0.0000 795.516 50.359 246.687
5661 1.000000 0 0.7103 0.6233 0.3271 0.9627 0.3586 0.0000 795.528 50.362 246.681
5662 1.000000 0 0.7103 0.6233 0.3271 0.9627 0.3586 0.0000 795.540 50.365 246.675
5663 1.000000 0 0.7103 0.6233 0.3271 0.9627 0.3586 0.0000 795.553 50.368 246.669
5664 1.000000 0 0.7102 0.6234 0.3271 0.9627 0.3586 0.0000 795.577 50.374 246.657
5665 1.000000 0 0.7102 0.6234 0.3271 0.9627 0.3586 0.0000 795.580 50.375 246.656
5666 1.000000 0 0.7102 0.6234 0.3271 0.9627 0.3586 0.0000 795.602 50.381 246.646
5667 1.000000 0 0.7102 0.6234 0.3271 0.9627 0.3586 0.0000 795.604 50.381 246.645
5668 1.000000 0 0.7102 0.6234 0.3271 0.9627 0.3586 0.0000 795.627 50.388 246.634
5669 1.000000 0 0.7102 0.6234 0.3271 0.9627 0.3586 0.0000 795.628 50.389 246.634
5670 1.000000 0 0.7102 0.6234 0.3271 0.9627 0.3586 0.0000 795.651 50.396 246.623
5671 1.000000 0 0.7102 0.6235 0.3271 0.9627 0.3586 0.0000 795.653 50.397 246.622
5672 1.000000 0 0.7102 0.6235 0.3271 0.9627 0.3586 0.0000 795.677 50.405 246.612
5673 1.000000 0 0.7101 0.6235 0.3271 0.9627 0.3586 0.0000 795.678 50.405 246.611
5674 1.000000 0 0.7101 0.6235 0.3271 0.9627 0.3586 0.0000 795.701 50.413 246.601
5675 1.000000 0 0.7101 0.6235 0.3271 0.9627 0.3586 0.0000 795.703 50.414 246.600
5676 1.000000 0 0.7101 0.6235 0.3270 0.9627 0.3586 0.0000 795.726 50.423 246.590
5677 1.000000 0 0.7101 0.6235 0.3270 0.9627 0.3586 0.0000 795.728 50.423 246.589
5678 1.000000 0 0.7101 0.6236 0.3270 0.9627 0.3586 0.0000 795.752 50.432 246.579
5679 1.000000 0 0.7101 0.6236 0.3270 0.9627 0.3586 0.0000 795.764 50.437 246.574
5680 1.000000 0 0.7101 0.6236 0.3270 0.9627 0.3586 0.0000 795.777 50.443 246.568
5681 1.000000 0 0.7100 0.6236 0.3270 0.9627 0.3586 0.0000 795.802 50.453 246.558
5682 1.000000 0 0.7100 0.6236 0.3270 0.9627 0.3586 0.0000 795.804 50.454 246.557
5683 1.000000 0 0.7100 0.6236 0.3270 0.9627 0.3586 0.0000 795.827 50.463 246.548
5684 1.000000 0 0.7100 0.6236 0.3270 0.9627 0.3586 0.0000 795.829 50.464 246.547
5685 1.000000 0 0.7100 0.6237 0.3270 0.9627 0.3586 0.0000 795.853 50.473 246.537
5686 1.000000 0 0.7100 0.6237 0.3270 0.9627 0.3586 0.0000 795.866 50.478 246.532
5687 1.000000 0 0.7100 0.6237 0.3270 0.9627 0.3586 0.0000 795.891 50.488 246.522
5688 1.000000 0 0.7100 0.6237 0.3270 0.9627 0.3586 0.0000 795.893 50.489 246.521
5689 1.000000 0 0.7099 0.6237 0.3270 0.9627 0.3586 0.0000 795.928 50.503 246.507
5690 1.000000 0 0.7099 0.6237 0.3270 0.9627 0.3586 0.0000 795.930 50.504 246.507
5691 1.000000 0 0.7099 0.6238 0.3270 0.9627 0.3586 0.0000 795.954 50.512 246.497
5692 1.000000 0 0.7099 0.6238 0.3270 0.9627 0.3586 0.0000 795.956 50.513 246.496
5693 1.000000 0 0.7099 0.6238 0.3270 0.9627 0.3586 0.0000 795.980 50.521 246.487
5694 1.000000 0 0.7099 0.6238 0.3270 0.9627 0.3586 0.0000 795.982 50.522 246.486
5695 1.000000 0 0.7099 0.6238 0.3270 0.9627 0.3586 0.0000 796.005 50.530 246.477
5696 1.000000 0 0.7099 0.6238 0.3270 0.9627 0.3586 0.0000 796.007 50.530 246.477
5697 1.000000 0 0.7098 0.6238 0.3270 0.9627 0.3586 0.0000 796.031 50.537 246.467
5698 1.000000 0 0.7098 0.6239 0.3270 0.9627 0.3586 0.0000 796.033 50.538 246.467
5699 1.000000 0 0.7098 0.6239 0.3270 0.9627 0.3586 0.0000 796.057 50.545 246.457
5700 1.000000 0 0.7098 0.6239 0.3270 0.9627 0.3586 0.0000 796.069 50.548 246.452
5701 1.000000 0 0.7098 0.6239 0.3270 0.9627 0.3586 0.0000 796.072 50.549 246.451
5702 1.000000 0 0.7098 0.6239 0.3270 0.9627 0.3586 0.0000 796.095 50.555 246.443
5703 1.000000 0 0.7098 0.6239 0.3270 0.9627 0.3586 0.0000 796.097 50.555 246.442
5704 1.000000 0 0.7098 0.6239 0.3270 0.9627 0.3586 0.0000 796.120 50.561 246.433
5705 1.000000 0 0.7098 0.6239 0.3270 0.9627 0.3586 0.0000 796.122 50.561 246.432
5706 1.000000 0 0.7097 0.6240 0.3270 0.9627 0.3586 0.0000 796.146 50.566 246.423
5707 1.000000 0 0.7097 0.6240 0.3270 0.9627 0.3586 0.0000 796.148 50.567 246.422
5708 1.000000 0 0.7097 0.6240 0.3270 0.9627 0.3586 0.0000 796.171 50.571 246.413
5709 1.000000 0 0.7097 0.6240 0.3270 0.9627 0.3586 0.0000 796.174 50.572 246.412
5710 1.000000 0 0.7097 0.6240 0.3270 0.9627 0.3586 0.0000 796.197 50.576 246.403
5711 1.000000 0 0.7097 0.6240 0.3270 0.9627 0.3586 0.0000 796.199 50.577 246.402
5712 1.000000 0 0.7097 0.6240 0.3270 0.9627 0.3586 0.0000 796.222 50.581 246.392
5713 1.000000 0 0.7097 0.6241 0.3270 0.9627 0.3586 0.0000 796.235 50.583 246.387
5714 1.000000 0 0.7096 0.6241 0.3270 0.9627 0.3586 0.0000 796.260 50.587 246.377
5715 1.000000 0 0.7096 0.6241 0.3270 0.9627 0.3586 0.0000 796.263 50.588 246.376
5716 1.000000 0 0.7096 0.6241 0.3270 0.9627 0.3586 0.0000 796.286 50.592 246.366
5717 1.000000 0 0.7096 0.6241 0.3270 0.9627 0.3586 0.0000 796.298 50.594 246.361
5718 1.000000 0 0.7096 0.6241 0.3270 0.9627 0.3586 0.0000 796.311 50.596 246.356
5719 1.000000 0 0.7096 0.6242 0.3270 0.9627 0.3586 0.0000 796.336 50.601 246.345
5720 1.000000 0 0.7096 0.6242 0.3270 0.9627 0.3586 0.0000 796.338 50.601 246.344
5721 1.000000 0 0.7096 0.6242 0.3270 0.9627 0.3586 0.0000 796.361 50.606 246.334
5722 1.000000 0 0.7096 0.6242 0.3270 0.9627 0.3586 0.0000 796.374 50.608 246.329
5723 1.000000 0 0.7095 0.6242 0.3270 0.9627 0.3586 0.0000 796.398 50.614 246.318
5724 1.000000 0 0.7095 0.6242 0.3269 0.9627 0.3586 0.0000 796.411 50.617 246.313
5725 1.000000 0 0.7095 0.6243 0.3269 0.9627 0.3586 0.0000 796.423 50.620 246.307
5726 1.000000 0 0.7095 0.6243 0.3269 0.9627 0.3586 0.0000 796.448 50.627 246.296
5727 1.000000 0 0.7095 0.6243 0.3269 0.9627 0.3586 0.0000 796.451 50.627 246.294
5728 1.000000 0 0.7095 0.6243 0.3269 0.9627 0.3586 0.0000 796.473 50.634 246.284
5729 1.000000 0 0.7095 0.6243 0.3269 0.9627 0.3586 0.0000 796.475 50.635 246.283
5730 1.000000 0 0.7094 0.6243 0.3269 0.9627 0.3586 0.0000 796.498 50.642 246.273
5731 1.000000 0 0.7094 0.6243 0.3269 0.9627 0.3586 0.0000 796.500 50.642 246.271
5732 1.000000 0 0.7094 0.6244 0.3269 0.9627 0.3586 0.0000 796.522 50.650 246.261
5733 1.000000 0 0.7094 0.6244 0.3269 0.9627 0.3586 0.0000 796.525 50.651 246.260
5734 1.000000 0 0.7094 0.6244 0.3269 0.9627 0.3586 0.0000 796.547 50.658 246.249
5735 1.000000 0 0.7094 0.6244 0.3269 0.9627 0.3586 0.0000 796.549 50.659 246.248
5736 1.000000 0 0.7094 0.6244 0.3269 0.9627 0.3586 0.0000 796.572 50.668 246.237
5737 1.000000 0 0.7094 0.6244 0.3269 0.9627 0.3586 0.0000 796.576 50.669 246.235
5738 1.000000 0 0.7094 0.6244 0.3269 0.9627 0.3586 0.0000 796.596 50.677 246.225
5739 1.000000 0 0.7094 0.6245 0.3269 0.9627 0.3586 0.0000 796.599 50.678 246.223
5740 1.000000 0 0.7093 0.6245 0.3269 0.9627 0.3586 0.0000 796.620 50.687 246.212
5741 1.000000 0 0.7093 0.6245 0.3269 0.9627 0.3586 0.0000 796.623 50.688 246.211
5742 1.000000 0 0.7093 0.6245 0.3269 0.9627 0.3586 0.0000 796.645 50.697 246.200
5743 1.000000 0 0.7093 0.6245 0.3269 0.9627 0.3586 0.0000 796.657 50.702 246.194
5744 1.000000 0 0.7093 0.6245 0.3269 0.9627 0.3586 0.0000 796.669 50.708 246.187
5745 1.000000 0 0.7093 0.6246 0.3269 0.9627 0.3586 0.0000 796.694 50.718 246.175
5746 1.000000 0 0.7093 0.6246 0.3269 0.9627 0.3586 0.0000 796.696 50.719 246.173
5747 1.000000 0 0.7092 0.6246 0.3269 0.9627 0.3586 0.0000 796.718 50.728 246.162
5748 1.000000 0 0.7092 0.6246 0.3269 0.9627 0.3586 0.0000 796.730 50.733 246.156
5749 1.000000 0 0.7092 0.6246 0.3269 0.9627 0.3586 0.0000 796.754 50.743 246.143
5750 1.000000 0 0.7092 0.6246 0.3269 0.9627 0.3586 0.0000 796.766 50.748 246.136
5751 1.000000 0 0.7092 0.6247 0.3269 0.9627 0.3586 0.0000 796.790 50.757 246.123
5752 1.000000 0 0.7092 0.6247 0.3269 0.9627 0.3586 0.0000 796.792 50.758 246.122
5753 1.000000 0 0.7092 0.6247 0.3269 0.9627 0.3586 0.0000 796.814 50.766 246.110
5754 1.000000 0 0.7092 0.6247 0.3269 0.9627 0.3586 0.0000 796.817 50.767 246.109
5755 1.000000 0 0.7091 0.6247 0.3269 0.9627 0.3586 0.0000 796.838 50.774 246.097
5756 1.000000 0 0.7091 0.6247 0.3269 0.9627 0.3586 0.0000 796.851 50.779 246.090
5757 1.000000 0 0.7091 0.6247 0.3269 0.9627 0.3586 0.0000 796.863 50.782 246.084
5758 1.000000 0 0.7091 0.6248 0.3269 0.9627 0.3586 0.0000 796.887 50.790 246.071
5759 1.000000 0 0.7091 0.6248 0.3269 0.9627 0.3586 0.0000 796.911 50.797 246.058
5760 1.000000 0 0.7091 0.6248 0.3269 0.9627 0.3586 0.0000 796.913 50.797 246.056
5761 1.000000 0 0.7091 0.6248 0.3269 0.9627 0.3586 0.0000 796.935 50.803 246.045
5762 1.000000 0 0.7090 0.6248 0.3269 0.9627 0.3586 0.0000 796.937 50.804 246.043
5763 1.000000 0 0.7090 0.6248 0.3269 0.9627 0.3586 0.0000 796.959 50.809 246.031
5764 1.000000 0 0.7090 0.6248 0.3269 0.9627 0.3586 0.0000 796.961 50.809 246.030
5765 1.000000 0 0.7090 0.6249 0.3269 0.9627 0.3586 0.0000 796.983 50.814 246.018
5766 1.000000 0 0.7090 0.6249 0.3269 0.9627 0.3586 0.0000 796.985 50.815 246.017
5767 1.000000 0 0.7090 0.6249 0.3269 0.9627 0.3586 0.0000 797.007 50.819 246.005
5768 1.000000 0 0.7090 0.6249 0.3269 0.9627 0.3586 0.0000 797.009 50.820 246.004
5769 1.000000 0 0.7090 0.6249 0.3269 0.9627 0.3586 0.0000 797.031 50.824 245.993
5770 1.000000 0 0.7090 0.6249 0.3269 0.9627 0.3586 0.0000 797.033 50.824 245.991
5771 1.000000 0 0.7089 0.6250 0.3269 0.9627 0.3586 0.0000 797.055 50.828 245.980
5772 1.000000 0 0.7089 0.6250 0.3269 0.9627 0.3586 0.0000 797.058 50.829 245.979
5773 1.000000 0 0.7089 0.6250 0.3268 0.9627 0.3586 0.0000 797.080 50.833 245.967
5774 1.000000 0 0.7089 0.6250 0.3268 0.9627 0.3586 0.0000 797.082 50.833 245.966
5775 1.000000 0 0.7089 0.6250 0.3268 0.9627 0.3586 0.0000 797.104 50.837 245.954
5776 1.000000 0 0.7089 0.6250 0.3268 0.9627 0.3586 0.0000 797.107 50.838 245.953
5777 1.000000 0 0.7089 0.6250 0.3268 0.9627 0.3586 0.0000 797.128 50.841 245.942
5778 1.000000 0 0.7089 0.6250 0.3268 0.9627 0.3586 0.0000 797.131 50.842 245.941
5779 1.000000 0 0.7089 0.6251 0.3268 0.9627 0.3586 0.0000 797.153 50.846 245.930
5780 1.000000 0 0.7089 0.6251 0.3268 0.9627 0.3586 0.0000 797.155 50.847 245.928
5781 1.000000 0 0.7088 0.6251 0.3268 0.9627 0.3586 0.0000 797.177 50.851 245.917
5782 1.000000 0 0.7088 0.6251 0.3268 0.9627 0.3586 0.0000 797.189 50.854 245.911
5783 1.000000 0 0.7088 0.6251 0.3268 0.9627 0.3586 0.0000 797.214 50.859 245.899
5784 1.000000 0 0.7088 0.6251 0.3268 0.9627 0.3586 0.0000 797.216 50.860 245.898
5785 1.000000 0 0.7088 0.6252 0.3268 0.9627 0.3586 0.0000 797.239 50.865 245.887
5786 1.000000 0 0.7088 0.6252 0.3268 0.9627 0.3586 0.0000 797.240 50.865 245.887
5787 1.000000 0 0.7088 0.6252 0.3268 0.9627 0.3586 0.0000 797.263 50.871 245.876
5788 1.000000 0 0.7088 0.6252 0.3268 0.9627 0.3586 0.0000 797.265 50.872 245.875
5789 1.000000 0 0.7087 0.6252 0.3268 0.9627 0.3586 0.0000 797.288 50.878 245.864
5790 1.000000 0 0.7087 0.6252 0.3268 0.9627 0.3586 0.0000 797.290 50.879 245.863
5791 1.000000 0 0.7087 0.6252 0.3268 0.9627 0.3586 0.0000 797.313 50.886 245.853
5792 1.000000 0 0.7087 0.6252 0.3268 0.9627 0.3586 0.0000 797.314 50.886 245.852
5793 1.000000 0 0.7087 0.6253 0.3268 0.9627 0.3586 0.0000 797.338 50.894 245.841
5794 1.000000 0 0.7087 0.6253 0.3268 0.9627 0.3586 0.0000 797.339 50.895 245.841
5795 1.000000 0 0.7087 0.6253 0.3268 0.9627 0.3586 0.0000 797.363 50.903 245.830
5796 1.000000 0 0.7087 0.6253 0.3268 0.9627 0.3586 0.0000 797.364 50.903 245.829
5797 1.000000 0 0.7086 0.6253 0.3268 0.9627 0.3586 0.0000 797.388 50.912 245.819
5798 1.000000 0 0.7086 0.6253 0.3268 0.9627 0.3586 0.0000 797.400 50.916 245.814
5799 1.000000 0 0.7086 0.6254 0.3268 0.9627 0.3586 0.0000 797.425 50.926 245.803
5800 1.000000 0 0.7086 0.6254 0.3268 0.9627 0.3586 0.0000 797.427 50.927 245.802
5801 1.000000 0 0.7086 0.6254 0.3268 0.9627 0.3586 0.0000 797.450 50.936 245.792
5802 1.000000 0 0.7086 0.6254 0.3268 0.9627 0.3586 0.0000 797.463 50.941 245.787
5803 1.000000 0 0.7086 0.6254 0.3268 0.9627 0.3586 0.0000 797.488 50.951 245.777
5804 1.000000 0 0.7086 0.6254 0.3268 0.9627 0.3586 0.0000 797.490 50.952 245.776
5805 1.000000 0 0.7085 0.6254 0.3268 0.9627 0.3586 0.0000 797.513 50.962 245.766
5806 1.000000 0 0.7085 0.6255 0.3268 0.9627 0.3586 0.0000 797.526 50.967 245.761
5807 1.000000 0 0.7085 0.6255 0.3268 0.9627 0.3586 0.0000 797.551 50.978 245.751
5808 1.000000 0 0.7085 0.6255 0.3268 0.9627 0.3586 0.0000 797.553 50.979 245.750
5809 1.000000 0 0.7085 0.6255 0.3268 0.9627 0.3586 0.0000 797.576 50.989 245.741
5810 1.000000 0 0.7085 0.6255 0.3268 0.9627 0.3586 0.0000 797.578 50.990 245.740
5811 1.000000 0 0.7085 0.6255 0.3268 0.9627 0.3586 0.0000 797.601 50.999 245.731
5812 1.000000 0 0.7085 0.6255 0.3268 0.9627 0.3586 0.0000 797.603 51.000 245.730
5813 1.000000 0 0.7084 0.6256 0.3268 0.9627 0.3586 0.0000 797.626 51.009 245.721
5814 1.000000 0 0.7084 0.6256 0.3268 0.9627 0.3586 0.0000 797.628 51.009 245.721
5815 1.000000 0 0.7084 0.6256 0.3268 0.9627 0.3586 0.0000 797.651 51.018 245.711
5816 1.000000 0 0.7084 0.6256 0.3268 0.9627 0.3586 0.0000 797.653 51.019 245.711
5817 1.000000 0 0.7084 0.6256 0.3268 0.9627 0.3586 0.0000 797.676 51.027 245.702
5818 1.000000 0 0.7084 0.6256 0.3268 0.9627 0.3586 0.0000 797.678 51.028 245.701
5819 1.000000 0 0.7084 0.6256 0.3268 0.9627 0.3586 0.0000 797.701 51.036 245.692
5820 1.000000 0 0.7084 0.6256 0.3268 0.9627 0.3586 0.0000 797.703 51.036 245.691
5821 1.000000 0 0.7084 0.6257 0.3268 0.9627 0.3586 0.0000 797.726 51.043 245.682
5822 1.000000 0 0.7084 0.6257 0.3268 0.9627 0.3586 0.0000 797.729 51.043 245.681
5823 1.000000 0 0.7083 0.6257 0.3268 0.9627 0.3586 0.0000 797.752 51.049 245.672
5824 1.000000 0 0.7083 0.6257 0.3268 0.9627 0.3586 0.0000 797.754 51.050 245.671
5825 1.000000 0 0.7083 0.6257 0.3267 0.9627 0.3586 0.0000 797.778 51.055 245.661
5826 1.000000 0 0.7083 0.6257 0.3267 0.9627 0.3586 0.0000 797.780 51.056 245.660
5827 1.000000 0 0.7083 0.6258 0.3267 0.9627 0.3586 0.0000 797.803 51.061 245.651
5828 1.000000 0 0.7083 0.6258 0.3267 0.9627 0.3586 0.0000 797.805 51.061 245.650
5829 1.000000 0 0.7083 0.6258 0.3267 0.9627 0.3586 0.0000 797.816 51.063 245.646
5830 1.000000 0 0.7083 0.6258 0.3267 0.9627 0.3586 0.0000 797.842 51.068 245.636
5831 1.000000 0 0.7083 0.6258 0.3267 0.9627 0.3586 0.0000 797.844 51.068 245.635
5832 1.000000 0 0.7082 0.6258 0.3267 0.9627 0.3586 0.0000 797.867 51.073 245.625
5833 1.000000 0 0.7082 0.6258 0.3267 0.9627 0.3586 0.0000 797.869 51.073 245.625
5834 1.000000 0 0.7082 0.6258 0.3267 0.9627 0.3586 0.0000 797.893 51.077 245.615
5835 1.000000 0 0.7082 0.6259 0.3267 0.9627 0.3586 0.0000 797.906 51.079 245.610
5836 1.000000 0 0.7082 0.6259 0.3267 0.9627 0.3586 0.0000 797.918 51.081 245.605
5837 1.000000 0 0.7082 0.6259 0.3267 0.9627 0.3586 0.0000 797.944 51.085 245.594
5838 1.000000 0 0.7082 0.6259 0.3267 0.9627 0.3586 0.0000 797.946 51.085 245.593
5839 1.000000 0 0.7081 0.6259 0.3267 0.9627 0.3586 0.0000 797.969 51.089 245.583
5840 1.000000 0 0.7081 0.6259 0.3267 0.9627 0.3586 0.0000 797.971 51.089 245.583
5841 1.000000 0 0.7081 0.6260 0.3267 0.9627 0.3586 0.0000 797.994 51.093 245.572
5842 1.000000 0 0.7081 0.6260 0.3267 0.9627 0.3586 0.0000 797.996 51.094 245.572
5843 1.000000 0 0.7081 0.6260 0.3267 0.9627 0.3586 0.0000 798.020 51.098 245.561
5844 1.000000 0 0.7081 0.6260 0.3267 0.9627 0.3586 0.0000 798.032 51.100 245.556
5845 1.000000 0 0.7081 0.6260 0.3267 0.9627 0.3586 0.0000 798.045 51.102 245.550
5846 1.000000 0 0.7081 0.6260 0.3267 0.9627 0.3586 0.0000 798.057 51.105 245.545
5847 1.000000 0 0.7081 0.6260 0.3267 0.9627 0.3586 0.0000 798.070 51.108 245.539
5848 1.000000 0 0.7080 0.6261 0.3267 0.9627 0.3586 0.0000 798.095 51.113 245.528
5849 1.000000 0 0.7080 0.6261 0.3267 0.9627 0.3586 0.0000 798.097 51.114 245.527
5850 1.000000 0 0.7080 0.6261 0.3267 0.9627 0.3586 0.0000 798.120 51.121 245.516
5851 1.000000 0 0.7080 0.6261 0.3267 0.9627 0.3586 0.0000 798.121 51.121 245.516
5852 1.000000 0 0.7080 0.6261 0.3267 0.9627 0.3586 0.0000 798.144 51.128 245.506
5853 1.000000 0 0.7080 0.6261 0.3267 0.9627 0.3586 0.0000 798.146 51.129 245.505
5854 1.000000 0 0.7080 0.6261 0.3267 0.9627 0.3586 0.0000 798.169 51.137 245.495
5855 1.000000 0 0.7080 0.6262 0.3267 0.9627 0.3586 0.0000 798.194 51.146 245.485
5856 1.000000 0 0.7079 0.6262 0.3267 0.9627 0.3586 0.0000 798.206 51.150 245.479
5857 1.000000 0 0.7079 0.6262 0.3267 0.9627 0.3586 0.0000 798.218 51.155 245.474
5858 1.000000 0 0.7079 0.6262 0.3267 0.9627 0.3586 0.0000 798.230 51.160 245.468
5859 1.000000 0 0.7079 0.6262 0.3267 0.9627 0.3586 0.0000 798.242 51.165 245.463
5860 1.000000 0 0.7079 0.6262 0.3267 0.9627 0.3586 0.0000 798.255 51.170 245.457
5861 1.000000 0 0.7079 0.6262 0.3267 0.9627 0.3586 0.0000 798.267 51.175 245.452
5862 1.000000 0 0.7079 0.6263 0.3267 0.9627 0.3586 0.0000 798.279 51.180 245.446
5863 1.000000 0 0.7079 0.6263 0.3267 0.9627 0.3586 0.0000 798.291 51.186 245.440
5864 1.000000 0 0.7079 0.6263 0.3267 0.9627 0.3586 0.0000 798.303 51.191 245.435
5865 1.000000 0 0.7078 0.6263 0.3267 0.9627 0.3586 0.0000 798.315 51.196 245.429
5866 1.000000 0 0.7078 0.6263 0.3267 0.9627 0.3586 0.0000 798.339 51.207 245.418
5867 1.000000 0 0.7078 0.6263 0.3267 0.9627 0.3586 0.0000 798.344 51.209 245.415
5868 1.000000 0 0.7078 0.6263 0.3267 0.9627 0.3586 0.0000 798.363 51.218 245.406
5869 1.000000 0 0.7078 0.6264 0.3267 0.9627 0.3586 0.0000 798.375 51.224 245.400
5870 1.000000 0 0.7078 0.6264 0.3267 0.9627 0.3586 0.0000 798.400 51.234 245.388
5871 1.000000 0 0.7078 0.6264 0.3267 0.9627 0.3586 0.0000 798.402 51.235 245.387
5872 1.000000 0 0.7077 0.6264 0.3267 0.9627 0.3586 0.0000 798.425 51.242 245.375
5873 1.000000 0 0.7077 0.6264 0.3267 0.9627 0.3586 0.0000 798.427 51.243 245.374
5874 1.000000 0 0.7077 0.6264 0.3267 0.9627 0.3586 0.0000 798.450 51.249 245.362
5875 1.000000 0 0.7077 0.6264 0.3267 0.9627 0.3586 0.0000 798.453 51.250 245.361
5876 1.000000 0 0.7077 0.6265 0.3266 0.9627 0.3586 0.0000 798.475 51.257 245.349
5877 1.000000 0 0.7077 0.6265 0.3266 0.9627 0.3586 0.0000 798.477 51.257 245.348
5878 1.000000 0 0.7077 0.6265 0.3266 0.9627 0.3586 0.0000 798.500 51.264 245.336
5879 1.000000 0 0.7077 0.6265 0.3266 0.9627 0.3586 0.0000 798.503 51.264 245.334
5880 1.000000 0 0.7077 0.6265 0.3266 0.9627 0.3586 0.0000 798.526 51.271 245.322
5881 1.000000 0 0.7077 0.6265 0.3266 0.9627 0.3586 0.0000 798.528 51.272 245.321
5882 1.000000 0 0.7076 0.6265 0.3266 0.9627 0.3586 0.0000 798.550 51.278 245.309
5883 1.000000 0 0.7076 0.6266 0.3266 0.9627 0.3586 0.0000 798.562 51.282 245.302
5884 1.000000 0 0.7076 0.6266 0.3266 0.9627 0.3586 0.0000 798.574 51.286 245.296
5885 1.000000 0 0.7076 0.6266 0.3266 0.9627 0.3586 0.0000 798.586 51.289 245.289
5886 1.000000 0 0.7076 0.6266 0.3266 0.9627 0.3586 0.0000 798.610 51.296 245.276
5887 1.000000 0 0.7076 0.6266 0.3266 0.9627 0.3586 0.0000 798.612 51.296 245.275
5888 1.000000 0 0.7076 0.6266 0.3266 0.9627 0.3586 0.0000 798.634 51.302 245.263
5889 1.000000 0 0.7076 0.6266 0.3266 0.9627 0.3586 0.0000 798.635 51.302 245.262
5890 1.000000 0 0.7075 0.6267 0.3266 0.9627 0.3586 0.0000 798.658 51.307 245.250
5891 1.000000 0 0.7075 0.6267 0.3266 0.9627 0.3586 0.0000 798.660 51.307 245.249
5892 1.000000 0 0.7075 0.6267 0.3266 0.9627 0.3586 0.0000 798.682 51.312 245.237
5893 1.000000 0 0.7075 0.6267 0.3266 0.9627 0.3586 0.0000 798.684 51.312 245.236
5894 1.000000 0 0.7075 0.6267 0.3266 0.9627 0.3586 0.0000 798.707 51.317 245.224
5895 1.000000 0 0.7075 0.6267 0.3266 0.9627 0.3586 0.0000 798.708 51.317 245.223
5896 1.000000 0 0.7075 0.6267 0.3266 0.9627 0.3586 0.0000 798.731 51.321 245.212
5897 1.000000 0 0.7075 0.6267 0.3266 0.9627 0.3586 0.0000 798.732 51.322 245.211
5898 1.000000 0 0.7074 0.6268 0.3266 0.9627 0.3586 0.0000 798.755 51.326 245.199
5899 1.000000 0 0.7074 0.6268 0.3266 0.9627 0.3586 0.0000 798.767 51.328 245.192
5900 1.000000 0 0.7074 0.6268 0.3266 0.9627 0.3586 0.0000 798.779 51.330 245.186
5901 1.000000 0 0.7074 0.6268 0.3266 0.9627 0.3586 0.0000 798.803 51.335 245.174
5902 1.000000 0 0.7074 0.6268 0.3266 0.9627 0.3586 0.0000 798.805 51.335 245.173
5903 1.000000 0 0.7074 0.6269 0.3266 0.9627 0.3586 0.0000 798.828 51.339 245.161
5904 1.000000 0 0.7074 0.6269 0.3266 0.9627 0.3586 0.0000 798.840 51.342 245.155
5905 1.000000 0 0.7074 0.6269 0.3266 0.9627 0.3586 0.0000 798.852 51.344 245.149
5906 1.000000 0 0.7073 0.6269 0.3266 0.9627 0.3586 0.0000 798.877 51.349 245.137
5907 1.000000 0 0.7073 0.6269 0.3266 0.9627 0.3586 0.0000 798.879 51.350 245.136
5908 1.000000 0 0.7073 0.6269 0.3266 0.9627 0.3586 0.0000 798.901 51.355 245.125
5909 1.000000 0 0.7073 0.6269 0.3266 0.9627 0.3586 0.0000 798.903 51.355 245.124
5910 1.000000 0 0.7073 0.6270 0.3266 0.9627 0.3586 0.0000 798.926 51.361 245.113
5911 1.000000 0 0.7073 0.6270 0.3266 0.9627 0.3586 0.0000 798.951 51.368 245.101
5912 1.000000 0 0.7073 0.6270 0.3266 0.9627 0.3586 0.0000 798.953 51.368 245.100
5913 1.000000 0 0.7073 0.6270 0.3266 0.9627 0.3586 0.0000 798.975 51.375 245.090
5914 1.000000 0 0.7073 0.6270 0.3266 0.9627 0.3586 0.0000 798.977 51.375 245.089
5915 1.000000 0 0.7072 0.6270 0.3266 0.9627 0.3586 0.0000 799.000 51.382 245.078
5916 1.000000 0 0.7072 0.6271 0.3266 0.9627 0.3586 0.0000 799.013 51.386 245.073
5917 1.000000 0 0.7072 0.6271 0.3266 0.9627 0.3586 0.0000 799.025 51.391 245.067
5918 1.000000 0 0.7072 0.6271 0.3266 0.9627 0.3586 0.0000 799.038 51.395 245.061
5919 1.000000 0 0.7072 0.6271 0.3266 0.9627 0.3586 0.0000 799.063 51.404 245.050
5920 1.000000 0 0.7072 0.6271 0.3266 0.9627 0.3586 0.0000 799.065 51.405 245.050
5921 1.000000 0 0.7072 0.6271 0.3266 0.9627 0.3586 0.0000 799.088 51.413 245.040
5922 1.000000 0 0.7072 0.6271 0.3266 0.9627 0.3586 0.0000 799.090 51.414 245.039
5923 1.000000 0 0.7071 0.6272 0.3266 0.9627 0.3586 0.0000 799.113 51.423 245.029
5924 1.000000 0 0.7071 0.6272 0.3266 0.9627 0.3586 0.0000 799.115 51.424 245.028
5925 1.000000 0 0.7071 0.6272 0.3265 0.9627 0.3586 0.0000 799.138 51.433 245.018
5926 1.000000 0 0.7071 0.6272 0.3265 0.9627 0.3586 0.0000 799.140 51.434 245.017
5927 1.000000 0 0.7071 0.6272 0.3265 0.9627 0.3586 0.0000 799.163 51.443 245.008
5928 1.000000 0 0.7071 0.6272 0.3265 0.9627 0.3586 0.0000 799.166 51.444 245.007
5929 1.000000 0 0.7071 0.6272 0.3265 0.9627 0.3586 0.0000 799.189 51.453 244.997
5930 1.000000 0 0.7070 0.6273 0.3265 0.9627 0.3586 0.0000 799.214 51.464 244.987
5931 1.000000 0 0.7070 0.6273 0.3265 0.9627 0.3586 0.0000 799.216 51.465 244.986
5932 1.000000 0 0.7070 0.6273 0.3265 0.9627 0.3586 0.0000 799.239 51.474 244.977
5933 1.000000 0 0.7070 0.6273 0.3265 0.9627 0.3586 0.0000 799.241 51.475 244.976
5934 1.000000 0 0.7070 0.6273 0.3265 0.9627 0.3586 0.0000 799.265 51.484 244.967
5935 1.000000 0 0.7070 0.6273 0.3265 0.9627 0.3586 0.0000 799.267 51.485 244.966
5936 1.000000 0 0.7070 0.6273 0.3265 0.9627 0.3586 0.0000 799.290 51.493 244.957
5937 1.000000 0 0.7070 0.6273 0.3265 0.9627 0.3586 0.0000 799.293 51.494 244.956
5938 1.000000 0 0.7070 0.6274 0.3265 0.9627 0.3586 0.0000 799.316 51.502 244.947
5939 1.000000 0 0.7070 0.6274 0.3265 0.9627 0.3586 0.0000 799.318 51.503 244.945
5940 1.000000 0 0.7069 0.6274 0.3265 0.9627 0.3586 0.0000 799.341 51.511 244.937
5941 1.000000 0 0.7069 0.6274 0.3265 0.9627 0.3586 0.0000 799.354 51.515 244.932
5942 1.000000 0 0.7069 0.6274 0.3265 0.9627 0.3586 0.0000 799.379 51.523 244.922
5943 1.000000 0 0.7069 0.6274 0.3265 0.9627 0.3586 0.0000 799.382 51.524 244.921
5944 1.000000 0 0.7069 0.6275 0.3265 0.9627 0.3586 0.0000 799.405 51.531 244.912
5945 1.000000 0 0.7069 0.6275 0.3265 0.9627 0.3586 0.0000 799.418 51.534 244.907
5946 1.000000 0 0.7068 0.6275 0.3265 0.9627 0.3586 0.0000 799.443 51.541 244.897
5947 1.000000 0 0.7068 0.6275 0.3265 0.9627 0.3586 0.0000 799.445 51.541 244.896
5948 1.000000 0 0.7068 0.6275 0.3265 0.9627 0.3586 0.0000 799.469 51.547 244.887
5949 1.000000 0 0.7068 0.6275 0.3265 0.9627 0.3586 0.0000 799.482 51.550 244.882
5950 1.000000 0 0.7068 0.6276 0.3265 0.9627 0.3586 0.0000 799.494 51.552 244.877
5951 1.000000 0 0.7068 0.6276 0.3265 0.9627 0.3586 0.0000 799.507 51.555 244.872
5952 1.000000 0 0.7068 0.6276 0.3265 0.9627 0.3586 0.0000 799.520 51.557 244.867
5953 1.000000 0 0.7068 0.6276 0.3265 0.9627 0.3586 0.0000 799.545 51.562 244.857
5954 1.000000 0 0.7068 0.6276 0.3265 0.9627 0.3586 0.0000 799.547 51.563 244.856
5955 1.000000 0 0.7067 0.6277 0.3265 0.9627 0.3586 0.0000 799.583 51.569 244.842
5956 1.000000 0 0.7067 0.6277 0.3265 0.9627 0.3586 0.0000 799.609 51.573 244.831
5957 1.000000 0 0.7067 0.6277 0.3265 0.9627 0.3586 0.0000 799.611 51.574 244.830
5958 1.000000 0 0.7067 0.6277 0.3265 0.9627 0.3586 0.0000 799.634 51.578 244.821
5959 1.000000 0 0.7067 0.6277 0.3265 0.9627 0.3586 0.0000 799.646 51.580 244.816
5960 1.000000 0 0.7066 0.6277 0.3265 0.9627 0.3586 0.0000 799.672 51.584 244.805
5961 1.000000 0 0.7066 0.6278 0.3265 0.9627 0.3586 0.0000 799.685 51.587 244.800
5962 1.000000 0 0.7066 0.6278 0.3265 0.9627 0.3586 0.0000 799.697 51.589 244.794
5963 1.000000 0 0.7066 0.6278 0.3265 0.9627 0.3586 0.0000 799.709 51.592 244.789
5964 1.000000 0 0.7066 0.6278 0.3265 0.9627 0.3586 0.0000 799.734 51.598 244.778
5965 1.000000 0 0.7066 0.6278 0.3265 0.9627 0.3586 0.0000 799.737 51.598 244.777
5966 1.000000 0 0.7066 0.6278 0.3265 0.9627 0.3586 0.0000 799.759 51.604 244.767
5967 1.000000 0 0.7066 0.6278 0.3265 0.9627 0.3586 0.0000 799.761 51.604 244.767
5968 1.000000 0 0.7066 0.6279 0.3265 0.9627 0.3586 0.0000 799.784 51.610 244.756
5969 1.000000 0 0.7065 0.6279 0.3265 0.9627 0.3586 0.0000 799.785 51.611 244.756
5970 1.000000 0 0.7065 0.6279 0.3265 0.9627 0.3586 0.0000 799.809 51.617 244.745
5971 1.000000 0 0.7065 0.6279 0.3265 0.9627 0.3586 0.0000 799.810 51.617 244.744
5972 1.000000 0 0.7065 0.6279 0.3264 0.9627 0.3586 0.0000 799.833 51.624 244.733
5973 1.000000 0 0.7065 0.6279 0.3264 0.9627 0.3586 0.0000 799.846 51.628 244.727
5974 1.000000 0 0.7065 0.6280 0.3264 0.9627 0.3586 0.0000 799.870 51.636 244.716
5975 1.000000 0 0.7065 0.6280 0.3264 0.9627 0.3586 0.0000 799.873 51.637 244.715
5976 1.000000 0 0.7065 0.6280 0.3264 0.9627 0.3586 0.0000 799.895 51.644 244.704
5977 1.000000 0 0.7064 0.6280 0.3264 0.9627 0.3586 0.0000 799.907 51.649 244.698
5978 1.000000 0 0.7064 0.6280 0.3264 0.9627 0.3586 0.0000 799.932 51.658 244.686
5979 1.000000 0 0.7064 0.6280 0.3264 0.9627 0.3586 0.0000 799.934 51.659 244.684
5980 1.000000 0 0.7064 0.6280 0.3264 0.9627 0.3586 0.0000 799.956 51.667 244.673
5981 1.000000 0 0.7064 0.6280 0.3264 0.9627 0.3586 0.0000 799.958 51.668 244.672
5982 1.000000 0 0.7064 0.6281 0.3264 0.9627 0.3586 0.0000 799.981 51.677 244.661
5983 1.000000 0 0.7064 0.6281 0.3264 0.9627 0.3586 0.0000 799.982 51.678 244.660
5984 1.000000 0 0.7064 0.6281 0.3264 0.9627 0.3586 0.0000 800.005 51.687 244.648
5985 1.000000 0 0.7063 0.6281 0.3264 0.9627 0.3586 0.0000 800.017 51.692 244.642
5986 1.000000 0 0.7063 0.6281 0.3264 0.9627 0.3586 0.0000 800.029 51.697 244.636
5987 1.000000 0 0.7063 0.6281 0.3264 0.9627 0.3586 0.0000 800.042 51.702 244.629
5988 1.000000 0 0.7063 0.6282 0.3264 0.9627 0.3586 0.0000 800.066 51.712 244.616
5989 1.000000 0 0.7063 0.6282 0.3264 0.9627 0.3586 0.0000 800.068 51.713 244.615
5990 1.000000 0 0.7063 0.6282 0.3264 0.9627 0.3586 0.0000 800.090 51.722 244.603
5991 1.000000 0 0.7063 0.6282 0.3264 0.9627 0.3586 0.0000 800.092 51.723 244.602
5992 1.000000 0 0.7063 0.6282 0.3264 0.9627 0.3586 0.0000 800.114 51.732 244.590
5993 1.000000 0 0.7063 0.6282 0.3264 0.9627 0.3586 0.0000 800.117 51.733 244.589
5994 1.000000 0 0.7062 0.6282 0.3264 0.9627 0.3586 0.0000 800.138 51.742 244.577
5995 1.000000 0 0.7062 0.6282 0.3264 0.9627 0.3586 0.0000 800.141 51.742 244.576
5996 1.000000 0 0.7062 0.6283 0.3264 0.9627 0.3586 0.0000 800.162 51.751 244.564
5997 1.000000 0 0.7062 0.6283 0.3264 0.9627 0.3586 0.0000 800.186 51.759 244.551
5998 1.000000 0 0.7062 0.6283 0.3264 0.9627 0.3586 0.0000 800.188 51.760 244.550
5999 1.000000 0 0.7062 0.6283 0.3264 0.9627 0.3586 0.0000 800.211 51.767 244.538
6000 1.000000 0 0.7062 0.6283 0.3264 0.9627 0.3586 0.0000 800.222 51.771 244.531
6001 1.000000 0 0.7061 0.6284 0.3264 0.9627 0.3586 0.0000 800.247 51.778 244.518
6002 1.000000 0 0.7061 0.6284 0.3264 0.9627 0.3586 0.0000 800.249 51.779 244.517
6003 1.000000 0 0.7061 0.6284 0.3264 0.9627 0.3586 0.0000 800.271 51.785 244.505
6004 1.000000 0 0.7061 0.6284 0.3264 0.9627 0.3586 0.0000 800.272 51.785 244.504
6005 1.000000 0 0.7061 0.6284 0.3264 0.9627 0.3586 0.0000 800.295 51.791 244.492
6006 1.000000 0 0.7061 0.6284 0.3264 0.9627 0.3586 0.0000 800.296 51.792 244.491
6007 1.000000 0 0.7061 0.6284 0.3264 0.9627 0.3586 0.0000 800.318 51.798 244.479
6008 1.000000 0 0.7061 0.6284 0.3264 0.9627 0.3586 0.0000 800.320 51.798 244.478
6009 1.000000 0 0.7060 0.6285 0.3264 0.9627 0.3586 0.0000 800.342 51.804 244.467
6010 1.000000 0 0.7060 0.6285 0.3264 0.9627 0.3586 0.0000 800.354 51.807 244.460
6011 1.000000 0 0.7060 0.6285 0.3264 0.9627 0.3586 0.0000 800.378 51.812 244.448
6012 1.000000 0 0.7060 0.6285 0.3264 0.9627 0.3586 0.0000 800.380 51.812 244.447
6013 1.000000 0 0.7060 0.6285 0.3264 0.9627 0.3586 0.0000 800.402 51.816 244.435
6014 1.000000 0 0.7060 0.6285 0.3264 0.9627 0.3586 0.0000 800.404 51.816 244.434
6015 1.000000 0 0.7060 0.6286 0.3264 0.9627 0.3586 0.0000 800.426 51.821 244.423
6016 1.000000 0 0.7060 0.6286 0.3264 0.9627 0.3586 0.0000 800.428 51.821 244.422
6017 1.000000 0 0.7059 0.6286 0.3264 0.9627 0.3586 0.0000 800.450 51.825 244.410
6018 1.000000 0 0.7059 0.6286 0.3264 0.9627 0.3586 0.0000 800.463 51.827 244.404
6019 1.000000 0 0.7059 0.6286 0.3264 0.9627 0.3586 0.0000 800.475 51.830 244.398
6020 1.000000 0 0.7059 0.6286 0.3264 0.9627 0.3586 0.0000 800.487 51.832 244.392
6021 1.000000 0 0.7059 0.6286 0.3264 0.9627 0.3586 0.0000 800.499 51.834 244.386
6022 1.000000 0 0.7059 0.6287 0.3263 0.9627 0.3586 0.0000 800.523 51.839 244.373
6023 1.000000 0 0.7059 0.6287 0.3263 0.9627 0.3586 0.0000 800.526 51.840 244.372
6024 1.000000 0 0.7059 0.6287 0.3263 0.9627 0.3586 0.0000 800.546 51.845 244.359
6025 1.000000 0 0.7059 0.6287 0.3263 0.9627 0.3586 0.0000 800.548 51.845 244.357
6026 1.000000 0 0.7058 0.6287 0.3263 0.9627 0.3586 0.0000 800.568 51.850 244.343
6027 1.000000 0 0.7058 0.6287 0.3263 0.9627 0.3586 0.0000 800.570 51.851 244.341
6028 1.000000 0 0.7058 0.6288 0.3263 0.9627 0.3586 0.0000 800.591 51.856 244.329
6029 1.000000 0 0.7058 0.6288 0.3263 0.9627 0.3586 0.0000 800.593 51.857 244.327
6030 1.000000 0 0.7058 0.6288 0.3263 0.9627 0.3586 0.0000 800.615 51.863 244.315
6031 1.000000 0 0.7058 0.6288 0.3263 0.9627 0.3586 0.0000 800.639 51.870 244.302
6032 1.000000 0 0.7058 0.6288 0.3263 0.9627 0.3586 0.0000 800.641 51.871 244.301
6033 1.000000 0 0.7058 0.6288 0.3263 0.9627 0.3586 0.0000 800.662 51.878 244.289
6034 1.000000 0 0.7057 0.6288 0.3263 0.9627 0.3586 0.0000 800.665 51.879 244.288
6035 1.000000 0 0.7057 0.6289 0.3263 0.9627 0.3586 0.0000 800.687 51.886 244.276
6036 1.000000 0 0.7057 0.6289 0.3263 0.9627 0.3586 0.0000 800.689 51.887 244.275
6037 1.000000 0 0.7057 0.6289 0.3263 0.9627 0.3586 0.0000 800.711 51.895 244.264
6038 1.000000 0 0.7057 0.6289 0.3263 0.9627 0.3586 0.0000 800.735 51.904 244.251
6039 1.000000 0 0.7057 0.6289 0.3263 0.9627 0.3586 0.0000 800.737 51.905 244.250
6040 1.000000 0 0.7057 0.6289 0.3263 0.9627 0.3586 0.0000 800.759 51.914 244.239
6041 1.000000 0 0.7057 0.6289 0.3263 0.9627 0.3586 0.0000 800.761 51.915 244.237
6042 1.000000 0 0.7056 0.6290 0.3263 0.9627 0.3586 0.0000 800.783 51.924 244.226
6043 1.000000 0 0.7056 0.6290 0.3263 0.9627 0.3586 0.0000 800.786 51.925 244.225
6044 1.000000 0 0.7056 0.6290 0.3263 0.9627 0.3586 0.0000 800.807 51.934 244.214
6045 1.000000 0 0.7056 0.6290 0.3263 0.9627 0.3586 0.0000 800.810 51.935 244.213
6046 1.000000 0 0.7056 0.6290 0.3263 0.9627 0.3586 0.0000 800.832 51.945 244.202
6047 1.000000 0 0.7056 0.6290 0.3263 0.9627 0.3586 0.0000 800.834 51.946 244.201
6048 1.000000 0 0.7056 0.6290 0.3263 0.9627 0.3586 0.0000 800.856 51.955 244.190
6049 1.000000 0 0.7056 0.6290 0.3263 0.9627 0.3586 0.0000 800.859 51.956 244.189
6050 1.000000 0 0.7056 0.6291 0.3263 0.9627 0.3586 0.0000 800.881 51.965 244.178
6051 1.000000 0 0.7056 0.6291 0.3263 0.9627 0.3586 0.0000 800.883 51.966 244.177
6052 1.000000 0 0.7055 0.6291 0.3263 0.9627 0.3586 0.0000 800.905 51.975 244.166
6053 1.000000 0 0.7055 0.6291 0.3263 0.9627 0.3586 0.0000 800.908 51.976 244.165
6054 1.000000 0 0.7055 0.6291 0.3263 0.9627 0.3586 0.0000 800.930 51.985 244.154
6055 1.000000 0 0.7055 0.6291 0.3263 0.9627 0.3586 0.0000 800.932 51.986 244.154
6056 1.000000 0 0.7055 0.6291 0.3263 0.9627 0.3586 0.0000 800.955 51.995 244.143
6057 1.000000 0 0.7055 0.6291 0.3263 0.9627 0.3586 0.0000 800.957 51.996 244.142
6058 1.000000 0 0.7055 0.6292 0.3263 0.9627 0.3586 0.0000 800.979 52.004 244.131
6059 1.000000 0 0.7055 0.6292 0.3263 0.9627 0.3586 0.0000 800.982 52.005 244.130
6060 1.000000 0 0.7055 0.6292 0.3263 0.9627 0.3586 0.0000 800.992 52.009 244.125
6061 1.000000 0 0.7054 0.6292 0.3263 0.9627 0.3586 0.0000 801.016 52.017 244.114
6062 1.000000 0 0.7054 0.6292 0.3263 0.9627 0.3586 0.0000 801.018 52.018 244.113
6063 1.000000 0 0.7054 0.6292 0.3263 0.9627 0.3586 0.0000 801.041 52.025 244.102
6064 1.000000 0 0.7054 0.6292 0.3263 0.9627 0.3586 0.0000 801.043 52.025 244.102
6065 1.000000 0 0.7054 0.6293 0.3263 0.9627 0.3586 0.0000 801.066 52.032 244.091
6066 1.000000 0 0.7054 0.6293 0.3263 0.9627 0.3586 0.0000 801.067 52.033 244.090
6067 1.000000 0 0.7054 0.6293 0.3263 0.9627 0.3586 0.0000 801.078 52.036 244.085
6068 1.000000 0 0.7054 0.6293 0.3263 0.9627 0.3586 0.0000 801.103 52.042 244.073
6069 1.000000 0 0.7054 0.6293 0.3263 0.9627 0.3586 0.0000 801.105 52.043 244.072
6070 1.000000 0 0.7053 0.6293 0.3263 0.9627 0.3586 0.0000 801.128 52.048 244.062
6071 1.000000 0 0.7053 0.6293 0.3263 0.9627 0.3586 0.0000 801.130 52.048 244.061
6072 1.000000 0 0.7053 0.6294 0.3263 0.9627 0.3586 0.0000 801.153 52.053 244.050
6073 1.000000 0 0.7053 0.6294 0.3263 0.9627 0.3586 0.0000 801.155 52.053 244.049
6074 1.000000 0 0.7053 0.6294 0.3262 0.9627 0.3586 0.0000 801.178 52.057 244.038
6075 1.000000 0 0.7053 0.6294 0.3262 0.9627 0.3586 0.0000 801.180 52.058 244.037
6076 1.000000 0 0.7053 0.6294 0.3262 0.9627 0.3586 0.0000 801.203 52.062 244.026
6077 1.000000 0 0.7053 0.6294 0.3262 0.9627 0.3586 0.0000 801.205 52.062 244.025
6078 1.000000 0 0.7052 0.6294 0.3262 0.9627 0.3586 0.0000 801.227 52.066 244.014
6079 1.000000 0 0.7052 0.6294 0.3262 0.9627 0.3586 0.0000 801.229 52.066 244.013
6080 1.000000 0 0.7052 0.6295 0.3262 0.9627 0.3586 0.0000 801.252 52.070 244.002
6081 1.000000 0 0.7052 0.6295 0.3262 0.9627 0.3586 0.0000 801.254 52.070 244.001
6082 1.000000 0 0.7052 0.6295 0.3262 0.9627 0.3586 0.0000 801.277 52.074 243.989
6083 1.000000 0 0.7052 0.6295 0.3262 0.9627 0.3586 0.0000 801.279 52.074 243.988
6084 1.000000 0 0.7052 0.6295 0.3262 0.9627 0.3586 0.0000 801.302 52.078 243.977
6085 1.000000 0 0.7052 0.6295 0.3262 0.9627 0.3586 0.0000 801.303 52.078 243.976
6086 1.000000 0 0.7052 0.6295 0.3262 0.9627 0.3586 0.0000 801.326 52.082 243.965
6087 1.000000 0 0.7052 0.6295 0.3262 0.9627 0.3586 0.0000 801.328 52.083 243.964
6088 1.000000 0 0.7051 0.6296 0.3262 0.9627 0.3586 0.0000 801.350 52.087 243.952
6089 1.000000 0 0.7051 0.6296 0.3262 0.9627 0.3586 0.0000 801.352 52.087 243.951
6090 1.000000 0 0.7051 0.6296 0.3262 0.9627 0.3586 0.0000 801.375 52.092 243.939
6091 1.000000 0 0.7051 0.6296 0.3262 0.9627 0.3586 0.0000 801.377 52.092 243.939
6092 1.000000 0 0.7051 0.6296 0.3262 0.9627 0.3586 0.0000 801.399 52.097 243.927
6093 1.000000 0 0.7051 0.6296 0.3262 0.9627 0.3586 0.0000 801.402 52.097 243.926
6094 1.000000 0 0.7051 0.6297 0.3262 0.9627 0.3586 0.0000 801.424 52.103 243.914
6095 1.000000 0 0.7051 0.6297 0.3262 0.9627 0.3586 0.0000 801.426 52.103 243.913
6096 1.000000 0 0.7050 0.6297 0.3262 0.9627 0.3586 0.0000 801.448 52.109 243.901
6097 1.000000 0 0.7050 0.6297 0.3262 0.9627 0.3586 0.0000 801.450 52.110 243.899
6098 1.000000 0 0.7050 0.6297 0.3262 0.9627 0.3586 0.0000 801.472 52.116 243.887
6099 1.000000 0 0.7050 0.6297 0.3262 0.9627 0.3586 0.0000 801.474 52.116 243.886
6100 1.000000 0 0.7050 0.6297 0.3262 0.9627 0.3586 0.0000 801.496 52.123 243.874
6101 1.000000 0 0.7050 0.6297 0.3262 0.9627 0.3586 0.0000 801.498 52.124 243.873
6102 1.000000 0 0.7050 0.6298 0.3262 0.9627 0.3586 0.0000 801.520 52.131 243.860
6103 1.000000 0 0.7050 0.6298 0.3262 0.9627 0.3586 0.0000 801.522 52.132 243.859
6104 1.000000 0 0.7050 0.6298 0.3262 0.9627 0.3586 0.0000 801.544 52.140 243.847
6105 1.000000 0 0.7050 0.6298 0.3262 0.9627 0.3586 0.0000 801.547 52.141 243.845
6106 1.000000 0 0.7049 0.6298 0.3262 0.9627 0.3586 0.0000 801.568 52.149 243.833
6107 1.000000 0 0.7049 0.6298 0.3262 0.9627 0.3586 0.0000 801.579 52.154 243.826
6108 1.000000 0 0.7049 0.6298 0.3262 0.9627 0.3586 0.0000 801.591 52.159 243.819
6109 1.000000 0 0.7049 0.6298 0.3262 0.9627 0.3586 0.0000 801.603 52.164 243.812
6110 1.000000 0 0.7049 0.6299 0.3262 0.9627 0.3586 0.0000 801.614 52.169 243.805
6111 1.000000 0 0.7049 0.6299 0.3262 0.9627 0.3586 0.0000 801.638 52.179 243.791
6112 1.000000 0 0.7049 0.6299 0.3262 0.9627 0.3586 0.0000 801.640 52.180 243.789
6113 1.000000 0 0.7049 0.6299 0.3262 0.9627 0.3586 0.0000 801.661 52.189 243.776
6114 1.000000 0 0.7048 0.6299 0.3262 0.9627 0.3586 0.0000 801.663 52.190 243.775
6115 1.000000 0 0.7048 0.6299 0.3262 0.9627 0.3586 0.0000 801.684 52.199 243.762
6116 1.000000 0 0.7048 0.6299 0.3262 0.9627 0.3586 0.0000 801.686 52.200 243.761
6117 1.000000 0 0.7048 0.6300 0.3262 0.9627 0.3586 0.0000 801.708 52.210 243.747
6118 1.000000 0 0.7048 0.6300 0.3262 0.9627 0.3586 0.0000 801.719 52.215 243.740
6119 1.000000 0 0.7048 0.6300 0.3262 0.9627 0.3586 0.0000 801.742 52.224 243.726
6120 1.000000 0 0.7048 0.6300 0.3262 0.9627 0.3586 0.0000 801.744 52.225 243.724
6121 1.000000 0 0.7048 0.6300 0.3262 0.9627 0.3586 0.0000 801.765 52.234 243.711
6122 1.000000 0 0.7047 0.6300 0.3262 0.9627 0.3586 0.0000 801.777 52.239 243.704
6123 1.000000 0 0.7047 0.6301 0.3262 0.9627 0.3586 0.0000 801.789 52.243 243.696
6124 1.000000 0 0.7047 0.6301 0.3262 0.9627 0.3586 0.0000 801.811 52.252 243.682
6125 1.000000 0 0.7047 0.6301 0.3262 0.9627 0.3586 0.0000 801.815 52.253 243.679
6126 1.000000 0 0.7047 0.6301 0.3262 0.9627 0.3586 0.0000 801.834 52.260 243.667
6127 1.000000 0 0.7047 0.6301 0.3261 0.9627 0.3586 0.0000 801.846 52.264 243.660
6128 1.000000 0 0.7047 0.6302 0.3261 0.9627 0.3586 0.0000 801.869 52.271 243.645
6129 1.000000 0 0.7046 0.6302 0.3261 0.9627 0.3586 0.0000 801.880 52.275 243.637
6130 1.000000 0 0.7046 0.6302 0.3261 0.9627 0.3586 0.0000 801.904 52.281 243.622
6131 1.000000 0 0.7046 0.6302 0.3261 0.9627 0.3586 0.0000 801.927 52.287 243.608
6132 1.000000 0 0.7046 0.6302 0.3261 0.9627 0.3586 0.0000 801.949 52.293 243.593
6133 1.000000 0 0.7046 0.6302 0.3261 0.9627 0.3586 0.0000 801.951 52.293 243.592
6134 1.000000 0 0.7045 0.6303 0.3261 0.9627 0.3586 0.0000 801.984 52.301 243.571
6135 1.000000 0 0.7045 0.6303 0.3261 0.9627 0.3586 0.0000 802.007 52.305 243.556
6136 1.000000 0 0.7045 0.6303 0.3261 0.9627 0.3586 0.0000 802.009 52.306 243.555
6137 1.000000 0 0.7045 0.6303 0.3261 0.9627 0.3586 0.0000 802.031 52.310 243.542
6138 1.000000 0 0.7045 0.6304 0.3261 0.9627 0.3586 0.0000 802.054 52.314 243.528
6139 1.000000 0 0.7045 0.6304 0.3261 0.9627 0.3586 0.0000 802.056 52.315 243.526
6140 1.000000 0 0.7045 0.6304 0.3261 0.9627 0.3586 0.0000 802.077 52.318 243.513
6141 1.000000 0 0.7044 0.6304 0.3261 0.9627 0.3586 0.0000 802.100 52.323 243.499
6142 1.000000 0 0.7044 0.6304 0.3261 0.9627 0.3586 0.0000 802.102 52.324 243.498
6143 1.000000 0 0.7044 0.6304 0.3261 0.9627 0.3586 0.0000 802.124 52.328 243.486
6144 1.000000 0 0.7044 0.6305 0.3261 0.9627 0.3586 0.0000 802.147 52.335 243.473
6145 1.000000 0 0.7044 0.6305 0.3261 0.9627 0.3586 0.0000 802.149 52.335 243.472
6146 1.000000 0 0.7044 0.6305 0.3261 0.9627 0.3586 0.0000 802.171 52.341 243.460
6147 1.000000 0 0.7043 0.6305 0.3261 0.9627 0.3586 0.0000 802.194 52.348 243.448
6148 1.000000 0 0.7043 0.6305 0.3261 0.9627 0.3586 0.0000 802.196 52.348 243.447
6149 1.000000 0 0.7043 0.6306 0.3261 0.9627 0.3586 0.0000 802.217 52.355 243.436
6150 1.000000 0 0.7043 0.6306 0.3261 0.9627 0.3586 0.0000 802.229 52.359 243.430
6151 1.000000 0 0.7043 0.6306 0.3261 0.9627 0.3586 0.0000 802.241 52.363 243.424
6152 1.000000 0 0.7043 0.6306 0.3261 0.9627 0.3586 0.0000 802.253 52.367 243.417
6153 1.000000 0 0.7043 0.6306 0.3261 0.9627 0.3586 0.0000 802.276 52.375 243.406
6154 1.000000 0 0.7043 0.6306 0.3261 0.9627 0.3586 0.0000 802.279 52.376 243.404
6155 1.000000 0 0.7042 0.6306 0.3261 0.9627 0.3586 0.0000 802.300 52.384 243.394
6156 1.000000 0 0.7042 0.6307 0.3261 0.9627 0.3586 0.0000 802.324 52.394 243.382
6157 1.000000 0 0.7042 0.6307 0.3261 0.9627 0.3586 0.0000 802.326 52.395 243.381
6158 1.000000 0 0.7042 0.6307 0.3261 0.9627 0.3586 0.0000 802.347 52.404 243.371
6159 1.000000 0 0.7042 0.6307 0.3261 0.9627 0.3586 0.0000 802.349 52.405 243.370
6160 1.000000 0 0.7042 0.6307 0.3261 0.9627 0.3586 0.0000 802.371 52.414 243.359
6161 1.000000 0 0.7042 0.6307 0.3261 0.9627 0.3586 0.0000 802.373 52.415 243.358
6162 1.000000 0 0.7042 0.6307 0.3261 0.9627 0.3586 0.0000 802.396 52.423 243.347
6163 1.000000 0 0.7042 0.6308 0.3261 0.9627 0.3586 0.0000 802.398 52.424 243.346
6164 1.000000 0 0.7041 0.6308 0.3261 0.9627 0.3586 0.0000 802.422 52.430 243.334
6165 1.000000 0 0.7041 0.6308 0.3261 0.9627 0.3586 0.0000 802.424 52.431 243.333
6166 1.000000 0 0.7041 0.6308 0.3261 0.9627 0.3586 0.0000 802.448 52.438 243.322
6167 1.000000 0 0.7041 0.6308 0.3261 0.9627 0.3586 0.0000 802.449 52.439 243.321
6168 1.000000 0 0.7041 0.6308 0.3261 0.9627 0.3586 0.0000 802.474 52.447 243.309
6169 1.000000 0 0.7041 0.6308 0.3261 0.9627 0.3586 0.0000 802.475 52.447 243.308
6170 1.000000 0 0.7041 0.6309 0.3260 0.9627 0.3586 0.0000 802.499 52.455 243.297
6171 1.000000 0 0.7041 0.6309 0.3260 0.9627 0.3586 0.0000 802.501 52.455 243.296
6172 1.000000 0 0.7040 0.6309 0.3260 0.9627 0.3586 0.0000 802.525 52.463 243.285
6173 1.000000 0 0.7040 0.6309 0.3260 0.9627 0.3586 0.0000 802.526 52.464 243.284
6174 1.000000 0 0.7040 0.6309 0.3260 0.9627 0.3586 0.0000 802.550 52.473 243.273
6175 1.000000 0 0.7040 0.6309 0.3260 0.9627 0.3586 0.0000 802.551 52.473 243.272
6176 1.000000 0 0.7040 0.6309 0.3260 0.9627 0.3586 0.0000 802.574 52.482 243.261
6177 1.000000 0 0.7040 0.6309 0.3260 0.9627 0.3586 0.0000 802.576 52.483 243.260
6178 1.000000 0 0.7040 0.6310 0.3260 0.9627 0.3586 0.0000 802.599 52.491 243.249
6179 1.000000 0 0.7040 0.6310 0.3260 0.9627 0.3586 0.0000 802.601 52.492 243.248
6180 1.000000 0 0.7040 0.6310 0.3260 0.9627 0.3586 0.0000 802.624 52.500 243.238
6181 1.000000 0 0.7040 0.6310 0.3260 0.9627 0.3586 0.0000 802.626 52.501 243.237
6182 1.000000 0 0.7039 0.6310 0.3260 0.9627 0.3586 0.0000 802.636 52.504 243.232
6183 1.000000 0 0.7039 0.6310 0.3260 0.9627 0.3586 0.0000 802.661 52.512 243.220
6184 1.000000 0 0.7039 0.6310 0.3260 0.9627 0.3586 0.0000 802.664 52.513 243.219
6185 1.000000 0 0.7039 0.6311 0.3260 0.9627 0.3586 0.0000 802.686 52.519 243.208
6186 1.000000 0 0.7039 0.6311 0.3260 0.9627 0.3586 0.0000 802.688 52.520 243.207
6187 1.000000 0 0.7039 0.6311 0.3260 0.9627 0.3586 0.0000 802.711 52.526 243.197
6188 1.000000 0 0.7039 0.6311 0.3260 0.9627 0.3586 0.0000 802.713 52.526 243.195
6189 1.000000 0 0.7039 0.6311 0.3260 0.9627 0.3586 0.0000 802.735 52.532 243.185
6190 1.000000 0 0.7039 0.6311 0.3260 0.9627 0.3586 0.0000 802.738 52.533 243.184
6191 1.000000 0 0.7038 0.6311 0.3260 0.9627 0.3586 0.0000 802.760 52.538 243.173
6192 1.000000 0 0.7038 0.6311 0.3260 0.9627 0.3586 0.0000 802.762 52.538 243.172
6193 1.000000 0 0.7038 0.6312 0.3260 0.9627 0.3586 0.0000 802.785 52.543 243.161
6194 1.000000 0 0.7038 0.6312 0.3260 0.9627 0.3586 0.0000 802.787 52.544 243.160
6195 1.000000 0 0.7038 0.6312 0.3260 0.9627 0.3586 0.0000 802.810 52.548 243.149
6196 1.000000 0 0.7038 0.6312 0.3260 0.9627 0.3586 0.0000 802.812 52.549 243.148
6197 1.000000 0 0.7038 0.6312 0.3260 0.9627 0.3586 0.0000 802.834 52.553 243.137
6198 1.000000 0 0.7038 0.6312 0.3260 0.9627 0.3586 0.0000 802.836 52.553 243.136
6199 1.000000 0 0.7038 0.6312 0.3260 0.9627 0.3586 0.0000 802.847 52.555 243.131
6200 1.000000 0 0.7037 0.6313 0.3260 0.9627 0.3586 0.0000 802.871 52.559 243.119
6201 1.000000 0 0.7037 0.6313 0.3260 0.9627 0.3586 0.0000 802.873 52.560 243.118
6202 1.000000 0 0.7037 0.6313 0.3260 0.9627 0.3586 0.0000 802.896 52.564 243.107
6203 1.000000 0 0.7037 0.6313 0.3260 0.9627 0.3586 0.0000 802.897 52.564 243.106
6204 1.000000 0 0.7037 0.6313 0.3260 0.9627 0.3586 0.0000 802.920 52.568 243.095
6205 1.000000 0 0.7037 0.6313 0.3260 0.9627 0.3586 0.0000 802.922 52.568 243.094
6206 1.000000 0 0.7037 0.6313 0.3260 0.9627 0.3586 0.0000 802.945 52.573 243.083
6207 1.000000 0 0.7037 0.6313 0.3260 0.9627 0.3586 0.0000 802.946 52.573 243.082
6208 1.000000 0 0.7037 0.6314 0.3260 0.9627 0.3586 0.0000 802.969 52.577 243.070
6209 1.000000 0 0.7037 0.6314 0.3260 0.9627 0.3586 0.0000 802.970 52.578 243.069
6210 1.000000 0 0.7036 0.6314 0.3260 0.9627 0.3586 0.0000 802.993 52.582 243.057
6211 1.000000 0 0.7036 0.6314 0.3260 0.9627 0.3586 0.0000 802.994 52.583 243.057
6212 1.000000 0 0.7036 0.6314 0.3260 0.9627 0.3586 0.0000 803.017 52.588 243.045
6213 1.000000 0 0.7036 0.6314 0.3260 0.9627 0.3586 0.0000 803.019 52.588 243.044
6214 1.000000 0 0.7036 0.6314 0.3260 0.9627 0.3586 0.0000 803.041 52.594 243.032
6215 1.000000 0 0.7036 0.6314 0.3260 0.9627 0.3586 0.0000 803.043 52.594 243.031
6216 1.000000 0 0.7036 0.6315 0.3260 0.9627 0.3586 0.0000 803.065 52.601 243.019
6217 1.000000 0 0.7036 0.6315 0.3260 0.9627 0.3586 0.0000 803.067 52.601 243.018
6218 1.000000 0 0.7035 0.6315 0.3260 0.9627 0.3586 0.0000 803.100 52.611 242.999
6219 1.000000 0 0.7035 0.6315 0.3260 0.9627 0.3586 0.0000 803.103 52.612 242.998
6220 1.000000 0 0.7035 0.6315 0.3260 0.9627 0.3586 0.0000 803.125 52.619 242.985
6221 1.000000 0 0.7035 0.6315 0.3260 0.9627 0.3586 0.0000 803.127 52.620 242.984
6222 1.000000 0 0.7035 0.6316 0.3260 0.9627 0.3586 0.0000 803.148 52.628 242.972
6223 1.000000 0 0.7035 0.6316 0.3260 0.9627 0.3586 0.0000 803.151 52.629 242.971
6224 1.000000 0 0.7035 0.6316 0.3260 0.9627 0.3586 0.0000 803.172 52.637 242.958
6225 1.000000 0 0.7035 0.6316 0.3259 0.9627 0.3586 0.0000 803.174 52.638 242.957
6226 1.000000 0 0.7034 0.6316 0.3259 0.9627 0.3586 0.0000 803.196 52.646 242.944
6227 1.000000 0 0.7034 0.6316 0.3259 0.9627 0.3586 0.0000 803.198 52.647 242.943
6228 1.000000 0 0.7034 0.6316 0.3259 0.9627 0.3586 0.0000 803.219 52.656 242.930
6229 1.000000 0 0.7034 0.6316 0.3259 0.9627 0.3586 0.0000 803.221 52.657 242.929
6230 1.000000 0 0.7034 0.6317 0.3259 0.9627 0.3586 0.0000 803.243 52.666 242.916
6231 1.000000 0 0.7034 0.6317 0.3259 0.9627 0.3586 0.0000 803.245 52.667 242.915
6232 1.000000 0 0.7034 0.6317 0.3259 0.9627 0.3586 0.0000 803.266 52.676 242.902
6233 1.000000 0 0.7034 0.6317 0.3259 0.9627 0.3586 0.0000 803.268 52.677 242.901
6234 1.000000 0 0.7034 0.6317 0.3259 0.9627 0.3586 0.0000 803.289 52.686 242.888
6235 1.000000 0 0.7033 0.6317 0.3259 0.9627 0.3586 0.0000 803.301 52.691 242.881
6236 1.000000 0 0.7033 0.6317 0.3259 0.9627 0.3586 0.0000 803.313 52.697 242.873
6237 1.000000 0 0.7033 0.6318 0.3259 0.9627 0.3586 0.0000 803.324 52.702 242.866
6238 1.000000 0 0.7033 0.6318 0.3259 0.9627 0.3586 0.0000 803.336 52.707 242.859
6239 1.000000 0 0.7033 0.6318 0.3259 0.9627 0.3586 0.0000 803.347 52.712 242.852
6240 1.000000 0 0.7033 0.6318 0.3259 0.9627 0.3586 0.0000 803.359 52.716 242.845
6241 1.000000 0 0.7033 0.6318 0.3259 0.9627 0.3586 0.0000 803.370 52.721 242.837
6242 1.000000 0 0.7033 0.6318 0.3259 0.9627 0.3586 0.0000 803.382 52.726 242.830
6243 1.000000 0 0.7033 0.6318 0.3259 0.9627 0.3586 0.0000 803.393 52.731 242.822
6244 1.000000 0 0.7032 0.6318 0.3259 0.9627 0.3586 0.0000 803.405 52.735 242.815
6245 1.000000 0 0.7032 0.6319 0.3259 0.9627 0.3586 0.0000 803.428 52.744 242.800
6246 1.000000 0 0.7032 0.6319 0.3259 0.9627 0.3586 0.0000 803.430 52.745 242.799
6247 1.000000 0 0.7032 0.6319 0.3259 0.9627 0.3586 0.0000 803.463 52.756 242.778
6248 1.000000 0 0.7032 0.6319 0.3259 0.9627 0.3586 0.0000 803.465 52.757 242.777
6249 1.000000 0 0.7032 0.6320 0.3259 0.9627 0.3586 0.0000 803.497 52.767 242.756
6250 1.000000 0 0.7032 0.6320 0.3259 0.9627 0.3586 0.0000 803.499 52.768 242.755
6251 1.000000 0 0.7031 0.6320 0.3259 0.9627 0.3586 0.0000 803.532 52.777 242.734
6252 1.000000 0 0.7031 0.6320 0.3259 0.9627 0.3586 0.0000 803.535 52.778 242.731
6253 1.000000 0 0.7031 0.6320 0.3259 0.9627 0.3586 0.0000 803.555 52.784 242.719
6254 1.000000 0 0.7031 0.6320 0.3259 0.9627 0.3586 0.0000 803.556 52.784 242.718
6255 1.000000 0 0.7031 0.6320 0.3259 0.9627 0.3586 0.0000 803.577 52.789 242.705
6256 1.000000 0 0.7031 0.6320 0.3259 0.9627 0.3586 0.0000 803.579 52.790 242.704
6257 1.000000 0 0.7030 0.6321 0.3259 0.9627 0.3586 0.0000 803.611 52.798 242.683
6258 1.000000 0 0.7030 0.6321 0.3259 0.9627 0.3586 0.0000 803.614 52.798 242.681
6259 1.000000 0 0.7030 0.6321 0.3259 0.9627 0.3586 0.0000 803.635 52.803 242.668
6260 1.000000 0 0.7030 0.6321 0.3259 0.9627 0.3586 0.0000 803.657 52.808 242.654
6261 1.000000 0 0.7030 0.6321 0.3259 0.9627 0.3586 0.0000 803.660 52.808 242.653
6262 1.000000 0 0.7030 0.6322 0.3259 0.9627 0.3586 0.0000 803.680 52.812 242.640
6263 1.000000 0 0.7030 0.6322 0.3259 0.9627 0.3586 0.0000 803.704 52.816 242.625
6264 1.000000 0 0.7029 0.6322 0.3259 0.9627 0.3586 0.0000 803.728 52.820 242.611
6265 1.000000 0 0.7029 0.6322 0.3259 0.9627 0.3586 0.0000 803.730 52.820 242.609
6266 1.000000 0 0.7029 0.6322 0.3259 0.9627 0.3586 0.0000 803.751 52.824 242.597
6267 1.000000 0 0.7029 0.6322 0.3259 0.9627 0.3586 0.0000 803.753 52.825 242.595
6268 1.000000 0 0.7029 0.6323 0.3259 0.9627 0.3586 0.0000 803.775 52.829 242.583
6269 1.000000 0 0.7029 0.6323 0.3259 0.9627 0.3586 0.0000 803.777 52.829 242.581
6270 1.000000 0 0.7029 0.6323 0.3259 0.9627 0.3586 0.0000 803.799 52.834 242.569
6271 1.000000 0 0.7029 0.6323 0.3259 0.9627 0.3586 0.0000 803.801 52.834 242.567
6272 1.000000 0 0.7028 0.6323 0.3258 0.9627 0.3586 0.0000 803.822 52.840 242.555
6273 1.000000 0 0.7028 0.6323 0.3258 0.9627 0.3586 0.0000 803.825 52.840 242.553
6274 1.000000 0 0.7028 0.6323 0.3258 0.9627 0.3586 0.0000 803.846 52.846 242.541
6275 1.000000 0 0.7028 0.6324 0.3258 0.9627 0.3586 0.0000 803.858 52.849 242.534
6276 1.000000 0 0.7028 0.6324 0.3258 0.9627 0.3586 0.0000 803.882 52.856 242.521
6277 1.000000 0 0.7028 0.6324 0.3258 0.9627 0.3586 0.0000 803.885 52.857 242.520
6278 1.000000 0 0.7028 0.6324 0.3258 0.9627 0.3586 0.0000 803.906 52.867 242.509
6279 1.000000 0 0.7028 0.6324 0.3258 0.9627 0.3586 0.0000 803.907 52.867 242.509
6280 1.000000 0 0.7027 0.6324 0.3258 0.9627 0.3586 0.0000 803.929 52.877 242.501
6281 1.000000 0 0.7027 0.6324 0.3258 0.9627 0.3586 0.0000 803.931 52.878 242.500
6282 1.000000 0 0.7027 0.6325 0.3258 0.9627 0.3586 0.0000 803.953 52.888 242.492
6283 1.000000 0 0.7027 0.6325 0.3258 0.9627 0.3586 0.0000 803.964 52.894 242.488
6284 1.000000 0 0.7027 0.6325 0.3258 0.9627 0.3586 0.0000 803.976 52.900 242.483
6285 1.000000 0 0.7027 0.6325 0.3258 0.9627 0.3586 0.0000 804.000 52.912 242.475
6286 1.000000 0 0.7027 0.6325 0.3258 0.9627 0.3586 0.0000 804.002 52.913 242.474
6287 1.000000 0 0.7027 0.6325 0.3258 0.9627 0.3586 0.0000 804.023 52.924 242.467
6288 1.000000 0 0.7027 0.6325 0.3258 0.9627 0.3586 0.0000 804.025 52.925 242.466
6289 1.000000 0 0.7026 0.6326 0.3258 0.9627 0.3586 0.0000 804.047 52.936 242.459
6290 1.000000 0 0.7026 0.6326 0.3258 0.9627 0.3586 0.0000 804.049 52.937 242.458
6291 1.000000 0 0.7026 0.6326 0.3258 0.9627 0.3586 0.0000 804.071 52.949 242.451
6292 1.000000 0 0.7026 0.6326 0.3258 0.9627 0.3586 0.0000 804.072 52.949 242.450
6293 1.000000 0 0.7026 0.6326 0.3258 0.9627 0.3586 0.0000 804.095 52.961 242.443
6294 1.000000 0 0.7026 0.6326 0.3258 0.9627 0.3586 0.0000 804.096 52.962 242.442
6295 1.000000 0 0.7026 0.6326 0.3258 0.9627 0.3586 0.0000 804.118 52.974 242.435
6296 1.000000 0 0.7026 0.6327 0.3258 0.9627 0.3586 0.0000 804.120 52.974 242.434
6297 1.000000 0 0.7025 0.6327 0.3258 0.9627 0.3586 0.0000 804.142 52.986 242.427
6298 1.000000 0 0.7025 0.6327 0.3258 0.9627 0.3586 0.0000 804.144 52.987 242.426
6299 1.000000 0 0.7025 0.6327 0.3258 0.9627 0.3586 0.0000 804.166 52.998 242.419
6300 1.000000 0 0.7025 0.6327 0.3258 0.9627 0.3586 0.0000 804.168 52.999 242.418
6301 1.000000 0 0.7025 0.6327 0.3258 0.9627 0.3586 0.0000 804.190 53.010 242.411
6302 1.000000 0 0.7025 0.6327 0.3258 0.9627 0.3586 0.0000 804.202 53.015 242.407
6303 1.000000 0 0.7025 0.6327 0.3258 0.9627 0.3586 0.0000 804.204 53.016 242.406
6304 1.000000 0 0.7025 0.6328 0.3258 0.9627 0.3586 0.0000 804.226 53.027 242.399
6305 1.000000 0 0.7025 0.6328 0.3258 0.9627 0.3586 0.0000 804.228 53.028 242.398
6306 1.000000 0 0.7024 0.6328 0.3258 0.9627 0.3586 0.0000 804.249 53.037 242.391
6307 1.000000 0 0.7024 0.6328 0.3258 0.9627 0.3586 0.0000 804.251 53.038 242.391
6308 1.000000 0 0.7024 0.6328 0.3258 0.9627 0.3586 0.0000 804.273 53.048 242.383
6309 1.000000 0 0.7024 0.6328 0.3258 0.9627 0.3586 0.0000 804.285 53.053 242.379
6310 1.000000 0 0.7024 0.6329 0.3258 0.9627 0.3586 0.0000 804.309 53.062 242.371
6311 1.000000 0 0.7024 0.6329 0.3258 0.9627 0.3586 0.0000 804.311 53.063 242.370
6312 1.000000 0 0.7024 0.6329 0.3258 0.9627 0.3586 0.0000 804.334 53.070 242.362
6313 1.000000 0 0.7024 0.6329 0.3258 0.9627 0.3586 0.0000 804.335 53.070 242.362
6314 1.000000 0 0.7024 0.6329 0.3258 0.9627 0.3586 0.0000 804.359 53.075 242.352
6315 1.000000 0 0.7023 0.6329 0.3258 0.9627 0.3586 0.0000 804.361 53.075 242.351
6316 1.000000 0 0.7023 0.6329 0.3258 0.9627 0.3586 0.0000 804.385 53.078 242.341
6317 1.000000 0 0.7023 0.6329 0.3258 0.9627 0.3586 0.0000 804.387 53.078 242.340
6318 1.000000 0 0.7023 0.6330 0.3258 0.9627 0.3586 0.0000 804.412 53.079 242.328
6319 1.000000 0 0.7023 0.6330 0.3258 0.9627 0.3586 0.0000 804.426 53.078 242.322
6320 1.000000 0 0.7023 0.6330 0.3258 0.9627 0.3586 0.0000 804.428 53.078 242.321
6321 1.000000 0 0.7023 0.6330 0.3258 0.9627 0.3586 0.0000 804.453 53.075 242.309
6322 1.000000 0 0.7023 0.6330 0.3258 0.9627 0.3586 0.0000 804.455 53.075 242.308
6323 1.000000 0 0.7023 0.6330 0.3258 0.9627 0.3586 0.0000 804.480 53.072 242.296
6324 1.000000 0 0.7022 0.6330 0.3258 0.9627 0.3586 0.0000 804.493 53.071 242.289
6325 1.000000 0 0.7022 0.6331 0.3257 0.9627 0.3586 0.0000 804.520 53.068 242.276
6326 1.000000 0 0.7022 0.6331 0.3257 0.9627 0.3586 0.0000 804.523 53.068 242.275
6327 1.000000 0 0.7022 0.6331 0.3257 0.9627 0.3586 0.0000 804.547 53.066 242.262
6328 1.000000 0 0.7022 0.6331 0.3257 0.9627 0.3586 0.0000 804.549 53.066 242.262
6329 1.000000 0 0.7022 0.6331 0.3257 0.9627 0.3586 0.0000 804.573 53.066 242.249
6330 1.000000 0 0.7022 0.6331 0.3257 0.9627 0.3586 0.0000 804.574 53.067 242.249
6331 1.000000 0 0.7022 0.6332 0.3257 0.9627 0.3586 0.0000 804.597 53.072 242.237
6332 1.000000 0 0.7021 0.6332 0.3257 0.9627 0.3586 0.0000 804.598 53.072 242.236
6333 1.000000 0 0.7021 0.6332 0.3257 0.9627 0.3586 0.0000 804.621 53.077 242.224
6334 1.000000 0 0.7021 0.6332 0.3257 0.9627 0.3586 0.0000 804.633 53.080 242.217
6335 1.000000 0 0.7021 0.6332 0.3257 0.9627 0.3586 0.0000 804.645 53.083 242.211
6336 1.000000 0 0.7021 0.6332 0.3257 0.9627 0.3586 0.0000 804.668 53.089 242.198
6337 1.000000 0 0.7021 0.6332 0.3257 0.9627 0.3586 0.0000 804.670 53.090 242.197
6338 1.000000 0 0.7021 0.6333 0.3257 0.9627 0.3586 0.0000 804.692 53.096 242.185
6339 1.000000 0 0.7021 0.6333 0.3257 0.9627 0.3586 0.0000 804.693 53.096 242.184
6340 1.000000 0 0.7020 0.6333 0.3257 0.9627 0.3586 0.0000 804.716 53.103 242.171
6341 1.000000 0 0.7020 0.6333 0.3257 0.9627 0.3586 0.0000 804.717 53.104 242.170
6342 1.000000 0 0.7020 0.6333 0.3257 0.9627 0.3586 0.0000 804.739 53.111 242.158
6343 1.000000 0 0.7020 0.6333 0.3257 0.9627 0.3586 0.0000 804.741 53.112 242.157
6344 1.000000 0 0.7020 0.6333 0.3257 0.9627 0.3586 0.0000 804.751 53.116 242.151
6345 1.000000 0 0.7020 0.6333 0.3257 0.9627 0.3586 0.0000 804.774 53.124 242.137
6346 1.000000 0 0.7020 0.6334 0.3257 0.9627 0.3586 0.0000 804.776 53.125 242.136
6347 1.000000 0 0.7020 0.6334 0.3257 0.9627 0.3586 0.0000 804.798 53.134 242.123
6348 1.000000 0 0.7020 0.6334 0.3257 0.9627 0.3586 0.0000 804.800 53.134 242.122
6349 1.000000 0 0.7019 0.6334 0.3257 0.9627 0.3586 0.0000 804.821 53.143 242.109
6350 1.000000 0 0.7019 0.6334 0.3257 0.9627 0.3586 0.0000 804.823 53.144 242.108
6351 1.000000 0 0.7019 0.6334 0.3257 0.9627 0.3586 0.0000 804.844 53.153 242.095
6352 1.000000 0 0.7019 0.6334 0.3257 0.9627 0.3586 0.0000 804.846 53.154 242.094
6353 1.000000 0 0.7019 0.6335 0.3257 0.9627 0.3586 0.0000 804.867 53.163 242.081
6354 1.000000 0 0.7019 0.6335 0.3257 0.9627 0.3586 0.0000 804.869 53.164 242.080
6355 1.000000 0 0.7019 0.6335 0.3257 0.9627 0.3586 0.0000 804.890 53.174 242.067
6356 1.000000 0 0.7019 0.6335 0.3257 0.9627 0.3586 0.0000 804.892 53.175 242.065
6357 1.000000 0 0.7019 0.6335 0.3257 0.9627 0.3586 0.0000 804.913 53.184 242.052
6358 1.000000 0 0.7019 0.6335 0.3257 0.9627 0.3586 0.0000 804.915 53.185 242.051
6359 1.000000 0 0.7018 0.6335 0.3257 0.9627 0.3586 0.0000 804.936 53.195 242.037
6360 1.000000 0 0.7018 0.6335 0.3257 0.9627 0.3586 0.0000 804.948 53.200 242.030
6361 1.000000 0 0.7018 0.6336 0.3257 0.9627 0.3586 0.0000 804.959 53.205 242.023
6362 1.000000 0 0.7018 0.6336 0.3257 0.9627 0.3586 0.0000 804.970 53.211 242.015
6363 1.000000 0 0.7018 0.6336 0.3257 0.9627 0.3586 0.0000 804.982 53.216 242.008
6364 1.000000 0 0.7018 0.6336 0.3257 0.9627 0.3586 0.0000 805.004 53.225 241.993
6365 1.000000 0 0.7018 0.6336 0.3257 0.9627 0.3586 0.0000 805.006 53.226 241.992
6366 1.000000 0 0.7017 0.6336 0.3257 0.9627 0.3586 0.0000 805.027 53.234 241.978
6367 1.000000 0 0.7017 0.6336 0.3257 0.9627 0.3586 0.0000 805.029 53.235 241.977
6368 1.000000 0 0.7017 0.6337 0.3257 0.9627 0.3586 0.0000 805.051 53.242 241.963
6369 1.000000 0 0.7017 0.6337 0.3257 0.9627 0.3586 0.0000 805.053 53.243 241.961
6370 1.000000 0 0.7017 0.6337 0.3257 0.9627 0.3586 0.0000 805.074 53.250 241.948
6371 1.000000 0 0.7017 0.6337 0.3257 0.9627 0.3586 0.0000 805.076 53.250 241.946
6372 1.000000 0 0.7017 0.6337 0.3257 0.9627 0.3586 0.0000 805.097 53.257 241.932
6373 1.000000 0 0.7017 0.6337 0.3257 0.9627 0.3586 0.0000 805.109 53.260 241.924
6374 1.000000 0 0.7017 0.6337 0.3257 0.9627 0.3586 0.0000 805.120 53.263 241.917
6375 1.000000 0 0.7016 0.6338 0.3257 0.9627 0.3586 0.0000 805.132 53.267 241.909
6376 1.000000 0 0.7016 0.6338 0.3256 0.9627 0.3586 0.0000 805.155 53.272 241.894
6377 1.000000 0 0.7016 0.6338 0.3256 0.9627 0.3586 0.0000 805.157 53.273 241.892
6378 1.000000 0 0.7016 0.6338 0.3256 0.9627 0.3586 0.0000 805.178 53.278 241.878
6379 1.000000 0 0.7016 0.6338 0.3256 0.9627 0.3586 0.0000 805.179 53.278 241.877
6380 1.000000 0 0.7016 0.6338 0.3256 0.9627 0.3586 0.0000 805.201 53.282 241.863
6381 1.000000 0 0.7016 0.6338 0.3256 0.9627 0.3586 0.0000 805.213 53.285 241.855
6382 1.000000 0 0.7015 0.6339 0.3256 0.9627 0.3586 0.0000 805.236 53.289 241.840
6383 1.000000 0 0.7015 0.6339 0.3256 0.9627 0.3586 0.0000 805.238 53.289 241.839
6384 1.000000 0 0.7015 0.6339 0.3256 0.9627 0.3586 0.0000 805.259 53.293 241.825
6385 1.000000 0 0.7015 0.6339 0.3256 0.9627 0.3586 0.0000 805.263 53.293 241.822
6386 1.000000 0 0.7015 0.6339 0.3256 0.9627 0.3586 0.0000 805.283 53.296 241.810
6387 1.000000 0 0.7015 0.6339 0.3256 0.9627 0.3586 0.0000 805.285 53.297 241.809
6388 1.000000 0 0.7015 0.6340 0.3256 0.9627 0.3586 0.0000 805.306 53.300 241.795
6389 1.000000 0 0.7015 0.6340 0.3256 0.9627 0.3586 0.0000 805.308 53.300 241.794
6390 1.000000 0 0.7015 0.6340 0.3256 0.9627 0.3586 0.0000 805.330 53.304 241.780
6391 1.000000 0 0.7015 0.6340 0.3256 0.9627 0.3586 0.0000 805.332 53.304 241.779
6392 1.000000 0 0.7014 0.6340 0.3256 0.9627 0.3586 0.0000 805.353 53.308 241.765
6393 1.000000 0 0.7014 0.6340 0.3256 0.9627 0.3586 0.0000 805.355 53.308 241.764
6394 1.000000 0 0.7014 0.6340 0.3256 0.9627 0.3586 0.0000 805.377 53.312 241.751
6395 1.000000 0 0.7014 0.6340 0.3256 0.9627 0.3586 0.0000 805.379 53.312 241.749
6396 1.000000 0 0.7014 0.6341 0.3256 0.9627 0.3586 0.0000 805.401 53.316 241.736
6397 1.000000 0 0.7014 0.6341 0.3256 0.9627 0.3586 0.0000 805.424 53.321 241.722
6398 1.000000 0 0.7014 0.6341 0.3256 0.9627 0.3586 0.0000 805.426 53.321 241.721
6399 1.000000 0 0.7013 0.6341 0.3256 0.9627 0.3586 0.0000 805.448 53.326 241.708
6400 1.000000 0 0.7013 0.6341 0.3256 0.9627 0.3586 0.0000 805.460 53.329 241.701
6401 1.000000 0 0.7013 0.6342 0.3256 0.9627 0.3586 0.0000 805.484 53.335 241.686
6402 1.000000 0 0.7013 0.6342 0.3256 0.9627 0.3586 0.0000 805.487 53.335 241.685
6403 1.000000 0 0.7013 0.6342 0.3256 0.9627 0.3586 0.0000 805.508 53.341 241.673
6404 1.000000 0 0.7013 0.6342 0.3256 0.9627 0.3586 0.0000 805.520 53.345 241.666
6405 1.000000 0 0.7013 0.6342 0.3256 0.9627 0.3586 0.0000 805.532 53.349 241.659
6406 1.000000 0 0.7012 0.6342 0.3256 0.9627 0.3586 0.0000 805.556 53.357 241.646
6407 1.000000 0 0.7012 0.6342 0.3256 0.9627 0.3586 0.0000 805.558 53.358 241.644
6408 1.000000 0 0.7012 0.6343 0.3256 0.9627 0.3586 0.0000 805.580 53.366 241.632
6409 1.000000 0 0.7012 0.6343 0.3256 0.9627 0.3586 0.0000 805.592 53.370 241.626
6410 1.000000 0 0.7012 0.6343 0.3256 0.9627 0.3586 0.0000 805.604 53.375 241.619
6411 1.000000 0 0.7012 0.6343 0.3256 0.9627 0.3586 0.0000 805.616 53.379 241.612
6412 1.000000 0 0.7012 0.6343 0.3256 0.9627 0.3586 0.0000 805.640 53.389 241.599
6413 1.000000 0 0.7012 0.6343 0.3256 0.9627 0.3586 0.0000 805.643 53.390 241.598
6414 1.000000 0 0.7011 0.6343 0.3256 0.9627 0.3586 0.0000 805.665 53.397 241.586
6415 1.000000 0 0.7011 0.6344 0.3256 0.9627 0.3586 0.0000 805.668 53.398 241.585
6416 1.000000 0 0.7011 0.6344 0.3256 0.9627 0.3586 0.0000 805.688 53.406 241.570
6417 1.000000 0 0.7011 0.6344 0.3256 0.9627 0.3586 0.0000 805.690 53.406 241.568
6418 1.000000 0 0.7011 0.6344 0.3256 0.9627 0.3586 0.0000 805.708 53.414 241.551
6419 1.000000 0 0.7011 0.6344 0.3256 0.9627 0.3586 0.0000 805.710 53.415 241.549
6420 1.000000 0 0.7011 0.6344 0.3256 0.9627 0.3586 0.0000 805.728 53.423 241.531
6421 1.000000 0 0.7011 0.6344 0.3256 0.9627 0.3586 0.0000 805.730 53.423 241.529
6422 1.000000 0 0.7011 0.6345 0.3256 0.9627 0.3586 0.0000 805.747 53.431 241.510
6423 1.000000 0 0.7011 0.6345 0.3256 0.9627 0.3586 0.0000 805.748 53.432 241.508
6424 1.000000 0 0.7010 0.6345 0.3256 0.9627 0.3586 0.0000 805.764 53.439 241.487
6425 1.000000 0 0.7010 0.6345 0.3256 0.9627 0.3586 0.0000 805.766 53.440 241.485
6426 1.000000 0 0.7010 0.6345 0.3256 0.9627 0.3586 0.0000 805.781 53.447 241.464
6427 1.000000 0 0.7010 0.6345 0.3256 0.9627 0.3586 0.0000 805.782 53.448 241.462
6428 1.000000 0 0.7010 0.6345 0.3255 0.9627 0.3586 0.0000 805.796 53.456 241.440
6429 1.000000 0 0.7010 0.6345 0.3255 0.9627 0.3586 0.0000 805.797 53.456 241.438
6430 1.000000 0 0.7010 0.6346 0.3255 0.9627 0.3586 0.0000 805.816 53.468 241.404
6431 1.000000 0 0.7010 0.6346 0.3255 0.9627 0.3586 0.0000 805.817 53.469 241.402
6432 1.000000 0 0.7009 0.6346 0.3255 0.9627 0.3586 0.0000 805.828 53.475 241.379
6433 1.000000 0 0.7009 0.6346 0.3255 0.9627 0.3586 0.0000 805.828 53.476 241.378
6434 1.000000 0 0.7009 0.6346 0.3255 0.9627 0.3586 0.0000 805.840 53.482 241.354
6435 1.000000 0 0.7009 0.6346 0.3255 0.9627 0.3586 0.0000 805.841 53.483 241.353
6436 1.000000 0 0.7009 0.6347 0.3255 0.9627 0.3586 0.0000 805.855 53.488 241.331
6437 1.000000 0 0.7009 0.6347 0.3255 0.9627 0.3586 0.0000 805.856 53.489 241.330
6438 1.000000 0 0.7009 0.6347 0.3255 0.9627 0.3586 0.0000 805.870 53.494 241.308
6439 1.000000 0 0.7009 0.6347 0.3255 0.9627 0.3586 0.0000 805.871 53.494 241.306
6440 1.000000 0 0.7008 0.6347 0.3255 0.9627 0.3586 0.0000 805.885 53.499 241.285
6441 1.000000 0 0.7008 0.6347 0.3255 0.9627 0.3586 0.0000 805.886 53.500 241.283
6442 1.000000 0 0.7008 0.6347 0.3255 0.9627 0.3586 0.0000 805.901 53.504 241.261
6443 1.000000 0 0.7008 0.6348 0.3255 0.9627 0.3586 0.0000 805.916 53.508 241.238
6444 1.000000 0 0.7008 0.6348 0.3255 0.9627 0.3586 0.0000 805.917 53.509 241.236
6445 1.000000 0 0.7008 0.6348 0.3255 0.9627 0.3586 0.0000 805.931 53.513 241.215
6446 1.000000 0 0.7008 0.6348 0.3255 0.9627 0.3586 0.0000 805.938 53.515 241.204
6447 1.000000 0 0.7008 0.6348 0.3255 0.9627 0.3586 0.0000 805.946 53.516 241.192
6448 1.000000 0 0.7007 0.6348 0.3255 0.9627 0.3586 0.0000 805.953 53.518 241.181
6449 1.000000 0 0.7007 0.6348 0.3255 0.9627 0.3586 0.0000 805.960 53.520 241.169
6450 1.000000 0 0.7007 0.6348 0.3255 0.9627 0.3586 0.0000 805.968 53.522 241.157
6451 1.000000 0 0.7007 0.6349 0.3255 0.9627 0.3586 0.0000 805.983 53.526 241.134
6452 1.000000 0 0.7007 0.6349 0.3255 0.9627 0.3586 0.0000 805.984 53.526 241.132
6453 1.000000 0 0.7007 0.6349 0.3255 0.9627 0.3586 0.0000 805.997 53.530 241.110
6454 1.000000 0 0.7007 0.6349 0.3255 0.9627 0.3586 0.0000 805.998 53.531 241.108
6455 1.000000 0 0.7007 0.6349 0.3255 0.9627 0.3586 0.0000 806.012 53.534 241.087
6456 1.000000 0 0.7007 0.6349 0.3255 0.9627 0.3586 0.0000 806.013 53.535 241.084
6457 1.000000 0 0.7006 0.6350 0.3255 0.9627 0.3586 0.0000 806.026 53.539 241.063
6458 1.000000 0 0.7006 0.6350 0.3255 0.9627 0.3586 0.0000 806.033 53.542 241.051
6459 1.000000 0 0.7006 0.6350 0.3255 0.9627 0.3586 0.0000 806.040 53.544 241.039
6460 1.000000 0 0.7006 0.6350 0.3255 0.9627 0.3586 0.0000 806.047 53.547 241.028
6461 1.000000 0 0.7006 0.6350 0.3255 0.9627 0.3586 0.0000 806.054 53.550 241.016
6462 1.000000 0 0.7006 0.6350 0.3255 0.9627 0.3586 0.0000 806.061 53.553 241.004
6463 1.000000 0 0.7006 0.6350 0.3255 0.9627 0.3586 0.0000 806.068 53.556 240.992
6464 1.000000 0 0.7006 0.6350 0.3255 0.9627 0.3586 0.0000 806.069 53.557 240.990
6465 1.000000 0 0.7005 0.6351 0.3255 0.9627 0.3586 0.0000 806.082 53.561 240.968
6466 1.000000 0 0.7005 0.6351 0.3255 0.9627 0.3586 0.0000 806.083 53.562 240.966
6467 1.000000 0 0.7005 0.6351 0.3255 0.9627 0.3586 0.0000 806.090 53.564 240.955
6468 1.000000 0 0.7005 0.6351 0.3255 0.9627 0.3586 0.0000 806.105 53.566 240.929
6469 1.000000 0 0.7005 0.6351 0.3255 0.9627 0.3586 0.0000 806.106 53.567 240.927
6470 1.000000 0 0.7005 0.6351 0.3255 0.9627 0.3586 0.0000 806.120 53.569 240.904
6471 1.000000 0 0.7005 0.6351 0.3255 0.9627 0.3586 0.0000 806.121 53.569 240.903
6472 1.000000 0 0.7005 0.6352 0.3255 0.9627 0.3586 0.0000 806.135 53.573 240.879
6473 1.000000 0 0.7005 0.6352 0.3255 0.9627 0.3586 0.0000 806.136 53.573 240.877
6474 1.000000 0 0.7004 0.6352 0.3255 0.9627 0.3586 0.0000 806.149 53.577 240.853
6475 1.000000 0 0.7004 0.6352 0.3255 0.9627 0.3586 0.0000 806.150 53.577 240.851
6476 1.000000 0 0.7004 0.6352 0.3255 0.9627 0.3586 0.0000 806.164 53.582 240.827
6477 1.000000 0 0.7004 0.6352 0.3255 0.9627 0.3586 0.0000 806.165 53.582 240.825
6478 1.000000 0 0.7004 0.6352 0.3255 0.9627 0.3586 0.0000 806.179 53.587 240.801
6479 1.000000 0 0.7004 0.6353 0.3254 0.9627 0.3586 0.0000 806.193 53.592 240.775
6480 1.000000 0 0.7004 0.6353 0.3254 0.9627 0.3586 0.0000 806.194 53.592 240.772
6481 1.000000 0 0.7004 0.6353 0.3254 0.9627 0.3586 0.0000 806.207 53.597 240.749
6482 1.000000 0 0.7004 0.6353 0.3254 0.9627 0.3586 0.0000 806.208 53.597 240.747
6483 1.000000 0 0.7003 0.6353 0.3254 0.9627 0.3586 0.0000 806.221 53.602 240.723
6484 1.000000 0 0.7003 0.6353 0.3254 0.9627 0.3586 0.0000 806.228 53.605 240.710
6485 1.000000 0 0.7003 0.6353 0.3254 0.9627 0.3586 0.0000 806.235 53.607 240.696
6486 1.000000 0 0.7003 0.6353 0.3254 0.9627 0.3586 0.0000 806.242 53.609 240.683
6487 1.000000 0 0.7003 0.6354 0.3254 0.9627 0.3586 0.0000 806.249 53.612 240.670
6488 1.000000 0 0.7003 0.6354 0.3254 0.9627 0.3586 0.0000 806.263 53.616 240.644
6489 1.000000 0 0.7003 0.6354 0.3254 0.9627 0.3586 0.0000 806.264 53.617 240.641
6490 1.000000 0 0.7002 0.6354 0.3254 0.9627 0.3586 0.0000 806.277 53.620 240.618
6491 1.000000 0 0.7002 0.6354 0.3254 0.9627 0.3586 0.0000 806.277 53.620 240.616
6492 1.000000 0 0.7002 0.6354 0.3254 0.9627 0.3586 0.0000 806.290 53.624 240.591
6493 1.000000 0 0.7002 0.6354 0.3254 0.9627 0.3586 0.0000 806.291 53.624 240.589
6494 1.000000 0 0.7002 0.6355 0.3254 0.9627 0.3586 0.0000 806.304 53.626 240.565
6495 1.000000 0 0.7002 0.6355 0.3254 0.9627 0.3586 0.0000 806.305 53.626 240.563
6496 1.000000 0 0.7002 0.6355 0.3254 0.9627 0.3586 0.0000 806.318 53.629 240.538
6497 1.000000 0 0.7002 0.6355 0.3254 0.9627 0.3586 0.0000 806.319 53.629 240.536
6498 1.000000 0 0.7002 0.6355 0.3254 0.9627 0.3586 0.0000 806.332 53.630 240.512
6499 1.000000 0 0.7002 0.6355 0.3254 0.9627 0.3586 0.0000 806.332 53.630 240.510
6500 1.000000 0 0.7001 0.6355 0.3254 0.9627 0.3586 0.0000 806.345 53.631 240.485
6501 1.000000 0 0.7001 0.6355 0.3254 0.9627 0.3586 0.0000 806.346 53.631 240.483
6502 1.000000 0 0.7001 0.6356 0.3254 0.9627 0.3586 0.0000 806.359 53.632 240.459
6503 1.000000 0 0.7001 0.6356 0.3254 0.9627 0.3586 0.0000 806.360 53.632 240.457
6504 1.000000 0 0.7001 0.6356 0.3254 0.9627 0.3586 0.0000 806.373 53.632 240.433
6505 1.000000 0 0.7001 0.6356 0.3254 0.9627 0.3586 0.0000 806.379 53.633 240.420
6506 1.000000 0 0.7001 0.6356 0.3254 0.9627 0.3586 0.0000 806.393 53.634 240.394
6507 1.000000 0 0.7000 0.6357 0.3254 0.9627 0.3586 0.0000 806.407 53.636 240.369
6508 1.000000 0 0.7000 0.6357 0.3254 0.9627 0.3586 0.0000 806.408 53.636 240.366
6509 1.000000 0 0.7000 0.6357 0.3254 0.9627 0.3586 0.0000 806.421 53.637 240.343
6510 1.000000 0 0.7000 0.6357 0.3254 0.9627 0.3586 0.0000 806.435 53.636 240.318
6511 1.000000 0 0.7000 0.6357 0.3254 0.9627 0.3586 0.0000 806.436 53.636 240.315
6512 1.000000 0 0.7000 0.6357 0.3254 0.9627 0.3586 0.0000 806.450 53.634 240.291
6513 1.000000 0 0.6999 0.6358 0.3254 0.9627 0.3586 0.0000 806.464 53.632 240.266
6514 1.000000 0 0.6999 0.6358 0.3254 0.9627 0.3586 0.0000 806.466 53.632 240.263
6515 1.000000 0 0.6999 0.6358 0.3254 0.9627 0.3586 0.0000 806.487 53.631 240.227
6516 1.000000 0 0.6999 0.6358 0.3254 0.9627 0.3586 0.0000 806.488 53.631 240.225
6517 1.000000 0 0.6999 0.6358 0.3254 0.9627 0.3586 0.0000 806.502 53.630 240.201
6518 1.000000 0 0.6999 0.6359 0.3254 0.9627 0.3586 0.0000 806.517 53.630 240.176
6519 1.000000 0 0.6999 0.6359 0.3254 0.9627 0.3586 0.0000 806.518 53.630 240.173
6520 1.000000 0 0.6998 0.6359 0.3254 0.9627 0.3586 0.0000 806.532 53.631 240.150
6521 1.000000 0 0.6998 0.6359 0.3254 0.9627 0.3586 0.0000 806.547 53.633 240.125
6522 1.000000 0 0.6998 0.6359 0.3254 0.9627 0.3586 0.0000 806.549 53.633 240.123
6523 1.000000 0 0.6998 0.6360 0.3254 0.9627 0.3586 0.0000 806.571 53.637 240.087
6524 1.000000 0 0.6998 0.6360 0.3254 0.9627 0.3586 0.0000 806.586 53.640 240.062
6525 1.000000 0 0.6998 0.6360 0.3253 0.9627 0.3586 0.0000 806.588 53.641 240.059
6526 1.000000 0 0.6997 0.6360 0.3253 0.9627 0.3586 0.0000 806.602 53.644 240.037
6527 1.000000 0 0.6997 0.6360 0.3253 0.9627 0.3586 0.0000 806.610 53.646 240.024
6528 1.000000 0 0.6997 0.6360 0.3253 0.9627 0.3586 0.0000 806.626 53.651 240.000
6529 1.000000 0 0.6997 0.6360 0.3253 0.9627 0.3586 0.0000 806.627 53.652 239.997
6530 1.000000 0 0.6997 0.6361 0.3253 0.9627 0.3586 0.0000 806.651 53.659 239.962
6531 1.000000 0 0.6997 0.6361 0.3253 0.9627 0.3586 0.0000 806.667 53.664 239.937
6532 1.000000 0 0.6997 0.6361 0.3253 0.9627 0.3586 0.0000 806.668 53.664 239.935
6533 1.000000 0 0.6996 0.6361 0.3253 0.9627 0.3586 0.0000 806.683 53.672 239.915
6534 1.000000 0 0.6996 0.6361 0.3253 0.9627 0.3586 0.0000 806.685 53.673 239.913
6535 1.000000 0 0.6996 0.6362 0.3253 0.9627 0.3586 0.0000 806.700 53.683 239.894
6536 1.000000 0 0.6996 0.6362 0.3253 0.9627 0.3586 0.0000 806.716 53.694 239.873
6537 1.000000 0 0.6996 0.6362 0.3253 0.9627 0.3586 0.0000 806.718 53.695 239.871
6538 1.000000 0 0.6996 0.6362 0.3253 0.9627 0.3586 0.0000 806.733 53.706 239.852
6539 1.000000 0 0.6996 0.6362 0.3253 0.9627 0.3586 0.0000 806.735 53.707 239.850
6540 1.000000 0 0.6995 0.6362 0.3253 0.9627 0.3586 0.0000 806.750 53.716 239.831
6541 1.000000 0 0.6995 0.6362 0.3253 0.9627 0.3586 0.0000 806.751 53.717 239.829
6542 1.000000 0 0.6995 0.6363 0.3253 0.9627 0.3586 0.0000 806.766 53.726 239.810
6543 1.000000 0 0.6995 0.6363 0.3253 0.9627 0.3586 0.0000 806.768 53.727 239.808
6544 1.000000 0 0.6995 0.6363 0.3253 0.9627 0.3586 0.0000 806.791 53.741 239.779
6545 1.000000 0 0.6995 0.6363 0.3253 0.9627 0.3586 0.0000 806.793 53.742 239.777
6546 1.000000 0 0.6995 0.6363 0.3253 0.9627 0.3586 0.0000 806.808 53.750 239.758
6547 1.000000 0 0.6994 0.6364 0.3253 0.9627 0.3586 0.0000 806.824 53.758 239.737
6548 1.000000 0 0.6994 0.6364 0.3253 0.9627 0.3586 0.0000 806.826 53.759 239.735
6549 1.000000 0 0.6994 0.6364 0.3253 0.9627 0.3586 0.0000 806.841 53.766 239.716
6550 1.000000 0 0.6994 0.6364 0.3253 0.9627 0.3586 0.0000 806.842 53.767 239.715
6551 1.000000 0 0.6994 0.6364 0.3253 0.9627 0.3586 0.0000 806.858 53.773 239.695
6552 1.000000 0 0.6994 0.6364 0.3253 0.9627 0.3586 0.0000 806.866 53.777 239.684
6553 1.000000 0 0.6994 0.6365 0.3253 0.9627 0.3586 0.0000 806.882 53.783 239.663
6554 1.000000 0 0.6994 0.6365 0.3253 0.9627 0.3586 0.0000 806.884 53.784 239.661
6555 1.000000 0 0.6993 0.6365 0.3253 0.9627 0.3586 0.0000 806.899 53.790 239.642
6556 1.000000 0 0.6993 0.6365 0.3253 0.9627 0.3586 0.0000 806.915 53.795 239.621
6557 1.000000 0 0.6993 0.6365 0.3253 0.9627 0.3586 0.0000 806.917 53.796 239.619
6558 1.000000 0 0.6993 0.6365 0.3253 0.9627 0.3586 0.0000 806.932 53.801 239.600
6559 1.000000 0 0.6993 0.6365 0.3253 0.9627 0.3586 0.0000 806.940 53.804 239.590
6560 1.000000 0 0.6993 0.6366 0.3253 0.9627 0.3586 0.0000 806.956 53.809 239.568
6561 1.000000 0 0.6993 0.6366 0.3253 0.9627 0.3586 0.0000 806.957 53.810 239.567
6562 1.000000 0 0.6992 0.6366 0.3253 0.9627 0.3586 0.0000 806.972 53.815 239.547
6563 1.000000 0 0.6992 0.6366 0.3253 0.9627 0.3586 0.0000 806.974 53.816 239.545
6564 1.000000 0 0.6992 0.6366 0.3253 0.9627 0.3586 0.0000 806.988 53.822 239.527
6565 1.000000 0 0.6992 0.6366 0.3253 0.9627 0.3586 0.0000 806.989 53.823 239.526
6566 1.000000 0 0.6992 0.6366 0.3253 0.9627 0.3586 0.0000 807.003 53.829 239.508
6567 1.000000 0 0.6992 0.6367 0.3253 0.9627 0.3586 0.0000 807.004 53.830 239.506
6568 1.000000 0 0.6992 0.6367 0.3253 0.9627 0.3586 0.0000 807.019 53.837 239.488
6569 1.000000 0 0.6992 0.6367 0.3253 0.9627 0.3586 0.0000 807.020 53.837 239.486
6570 1.000000 0 0.6992 0.6367 0.3253 0.9627 0.3586 0.0000 807.034 53.844 239.468
6571 1.000000 0 0.6992 0.6367 0.3253 0.9627 0.3586 0.0000 807.035 53.845 239.466
6572 1.000000 0 0.6991 0.6367 0.3252 0.9627 0.3586 0.0000 807.049 53.852 239.448
6573 1.000000 0 0.6991 0.6367 0.3252 0.9627 0.3586 0.0000 807.050 53.853 239.446
6574 1.000000 0 0.6991 0.6367 0.3252 0.9627 0.3586 0.0000 807.056 53.856 239.438
6575 1.000000 0 0.6991 0.6368 0.3252 0.9627 0.3586 0.0000 807.071 53.865 239.417
6576 1.000000 0 0.6991 0.6368 0.3252 0.9627 0.3586 0.0000 807.073 53.866 239.415
6577 1.000000 0 0.6991 0.6368 0.3252 0.9627 0.3586 0.0000 807.086 53.874 239.397
6578 1.000000 0 0.6991 0.6368 0.3252 0.9627 0.3586 0.0000 807.101 53.884 239.376
6579 1.000000 0 0.6991 0.6368 0.3252 0.9627 0.3586 0.0000 807.102 53.885 239.375
6580 1.000000 0 0.6990 0.6368 0.3252 0.9627 0.3586 0.0000 807.115 53.894 239.356
6581 1.000000 0 0.6990 0.6368 0.3252 0.9627 0.3586 0.0000 807.117 53.895 239.354
6582 1.000000 0 0.6990 0.6369 0.3252 0.9627 0.3586 0.0000 807.130 53.905 239.335
6583 1.000000 0 0.6990 0.6369 0.3252 0.9627 0.3586 0.0000 807.132 53.906 239.333
6584 1.000000 0 0.6990 0.6369 0.3252 0.9627 0.3586 0.0000 807.144 53.916 239.314
6585 1.000000 0 0.6990 0.6369 0.3252 0.9627 0.3586 0.0000 807.151 53.921 239.304
6586 1.000000 0 0.6990 0.6369 0.3252 0.9627 0.3586 0.0000 807.165 53.933 239.283
6587 1.000000 0 0.6990 0.6369 0.3252 0.9627 0.3586 0.0000 807.167 53.935 239.281
6588 1.000000 0 0.6989 0.6370 0.3252 0.9627 0.3586 0.0000 807.180 53.945 239.262
6589 1.000000 0 0.6989 0.6370 0.3252 0.9627 0.3586 0.0000 807.194 53.955 239.240
6590 1.000000 0 0.6989 0.6370 0.3252 0.9627 0.3586 0.0000 807.196 53.956 239.237
6591 1.000000 0 0.6989 0.6370 0.3252 0.9627 0.3586 0.0000 807.209 53.963 239.216
6592 1.000000 0 0.6989 0.6370 0.3252 0.9627 0.3586 0.0000 807.210 53.964 239.214
6593 1.000000 0 0.6989 0.6370 0.3252 0.9627 0.3586 0.0000 807.224 53.970 239.192
6594 1.000000 0 0.6989 0.6370 0.3252 0.9627 0.3586 0.0000 807.225 53.970 239.190
6595 1.000000 0 0.6988 0.6371 0.3252 0.9627 0.3586 0.0000 807.239 53.974 239.166
6596 1.000000 0 0.6988 0.6371 0.3252 0.9627 0.3586 0.0000 807.240 53.974 239.164
6597 1.000000 0 0.6988 0.6371 0.3252 0.9627 0.3586 0.0000 807.254 53.978 239.140
6598 1.000000 0 0.6988 0.6371 0.3252 0.9627 0.3586 0.0000 807.255 53.978 239.138
6599 1.000000 0 0.6988 0.6371 0.3252 0.9627 0.3586 0.0000 807.268 53.982 239.114
6600 1.000000 0 0.6988 0.6371 0.3252 0.9627 0.3586 0.0000 807.270 53.982 239.112
6601 1.000000 0 0.6988 0.6371 0.3252 0.9627 0.3586 0.0000 807.283 53.985 239.088
6602 1.000000 0 0.6988 0.6372 0.3252 0.9627 0.3586 0.0000 807.290 53.987 239.076
6603 1.000000 0 0.6988 0.6372 0.3252 0.9627 0.3586 0.0000 807.298 53.989 239.063
6604 1.000000 0 0.6987 0.6372 0.3252 0.9627 0.3586 0.0000 807.305 53.990 239.049
6605 1.000000 0 0.6987 0.6372 0.3252 0.9627 0.3586 0.0000 807.319 53.993 239.024
6606 1.000000 0 0.6987 0.6372 0.3252 0.9627 0.3586 0.0000 807.321 53.993 239.022
6607 1.000000 0 0.6987 0.6372 0.3252 0.9627 0.3586 0.0000 807.334 53.995 238.998
6608 1.000000 0 0.6987 0.6373 0.3252 0.9627 0.3586 0.0000 807.341 53.996 238.985
6609 1.000000 0 0.6987 0.6373 0.3252 0.9627 0.3586 0.0000 807.356 53.997 238.959
6610 1.000000 0 0.6987 0.6373 0.3252 0.9627 0.3586 0.0000 807.357 53.997 238.956
6611 1.000000 0 0.6986 0.6373 0.3252 0.9627 0.3586 0.0000 807.370 53.998 238.933
6612 1.000000 0 0.6986 0.6373 0.3252 0.9627 0.3586 0.0000 807.377 53.998 238.920
6613 1.000000 0 0.6986 0.6373 0.3252 0.9627 0.3586 0.0000 807.384 53.998 238.907
6614 1.000000 0 0.6986 0.6373 0.3252 0.9627 0.3586 0.0000 807.392 53.997 238.894
6615 1.000000 0 0.6986 0.6374 0.3252 0.9627 0.3586 0.0000 807.407 53.997 238.868
6616 1.000000 0 0.6986 0.6374 0.3252 0.9627 0.3586 0.0000 807.408 53.997 238.865
6617 1.000000 0 0.6986 0.6374 0.3252 0.9627 0.3586 0.0000 807.421 53.996 238.842
6618 1.000000 0 0.6986 0.6374 0.3252 0.9627 0.3586 0.0000 807.428 53.995 238.829
6619 1.000000 0 0.6985 0.6374 0.3252 0.9627 0.3586 0.0000 807.443 53.994 238.803
6620 1.000000 0 0.6985 0.6374 0.3252 0.9627 0.3586 0.0000 807.444 53.993 238.801
6621 1.000000 0 0.6985 0.6375 0.3251 0.9627 0.3586 0.0000 807.457 53.992 238.778
6622 1.000000 0 0.6985 0.6375 0.3251 0.9627 0.3586 0.0000 807.459 53.992 238.775
6623 1.000000 0 0.6985 0.6375 0.3251 0.9627 0.3586 0.0000 807.472 53.990 238.752
6624 1.000000 0 0.6985 0.6375 0.3251 0.9627 0.3586 0.0000 807.474 53.990 238.749
6625 1.000000 0 0.6985 0.6375 0.3251 0.9627 0.3586 0.0000 807.487 53.989 238.726
6626 1.000000 0 0.6984 0.6375 0.3251 0.9627 0.3586 0.0000 807.503 53.987 238.700
6627 1.000000 0 0.6984 0.6375 0.3251 0.9627 0.3586 0.0000 807.504 53.987 238.698
6628 1.000000 0 0.6984 0.6376 0.3251 0.9627 0.3586 0.0000 807.518 53.986 238.675
6629 1.000000 0 0.6984 0.6376 0.3251 0.9627 0.3586 0.0000 807.519 53.986 238.673
6630 1.000000 0 0.6984 0.6376 0.3251 0.9627 0.3586 0.0000 807.533 53.986 238.649
6631 1.000000 0 0.6984 0.6376 0.3251 0.9627 0.3586 0.0000 807.541 53.987 238.637
6632 1.000000 0 0.6984 0.6376 0.3251 0.9627 0.3586 0.0000 807.555 53.990 238.612
6633 1.000000 0 0.6984 0.6376 0.3251 0.9627 0.3586 0.0000 807.558 53.991 238.607
6634 1.000000 0 0.6983 0.6377 0.3251 0.9627 0.3586 0.0000 807.569 53.996 238.588
6635 1.000000 0 0.6983 0.6377 0.3251 0.9627 0.3586 0.0000 807.570 53.996 238.585
6636 1.000000 0 0.6983 0.6377 0.3251 0.9627 0.3586 0.0000 807.583 54.002 238.563
6637 1.000000 0 0.6983 0.6377 0.3251 0.9627 0.3586 0.0000 807.584 54.002 238.561
6638 1.000000 0 0.6983 0.6377 0.3251 0.9627 0.3586 0.0000 807.597 54.008 238.539
6639 1.000000 0 0.6983 0.6377 0.3251 0.9627 0.3586 0.0000 807.598 54.008 238.537
6640 1.000000 0 0.6983 0.6377 0.3251 0.9627 0.3586 0.0000 807.604 54.010 238.526
6641 1.000000 0 0.6983 0.6377 0.3251 0.9627 0.3586 0.0000 807.612 54.012 238.514
6642 1.000000 0 0.6983 0.6378 0.3251 0.9627 0.3586 0.0000 807.619 54.014 238.501
6643 1.000000 0 0.6982 0.6378 0.3251 0.9627 0.3586 0.0000 807.635 54.019 238.476
6644 1.000000 0 0.6982 0.6378 0.3251 0.9627 0.3586 0.0000 807.636 54.020 238.473
6645 1.000000 0 0.6982 0.6378 0.3251 0.9627 0.3586 0.0000 807.650 54.025 238.452
6646 1.000000 0 0.6982 0.6378 0.3251 0.9627 0.3586 0.0000 807.651 54.025 238.450
6647 1.000000 0 0.6982 0.6378 0.3251 0.9627 0.3586 0.0000 807.665 54.031 238.427
6648 1.000000 0 0.6982 0.6378 0.3251 0.9627 0.3586 0.0000 807.667 54.032 238.424
6649 1.000000 0 0.6982 0.6379 0.3251 0.9627 0.3586 0.0000 807.681 54.037 238.402
6650 1.000000 0 0.6982 0.6379 0.3251 0.9627 0.3586 0.0000 807.682 54.038 238.400
6651 1.000000 0 0.6982 0.6379 0.3251 0.9627 0.3586 0.0000 807.697 54.044 238.377
6652 1.000000 0 0.6982 0.6379 0.3251 0.9627 0.3586 0.0000 807.698 54.045 238.375
6653 1.000000 0 0.6981 0.6379 0.3251 0.9627 0.3586 0.0000 807.713 54.051 238.353
6654 1.000000 0 0.6981 0.6379 0.3251 0.9627 0.3586 0.0000 807.714 54.051 238.351
6655 1.000000 0 0.6981 0.6379 0.3251 0.9627 0.3586 0.0000 807.729 54.058 238.328
6656 1.000000 0 0.6981 0.6379 0.3251 0.9627 0.3586 0.0000 807.730 54.058 238.326
6657 1.000000 0 0.6981 0.6380 0.3251 0.9627 0.3586 0.0000 807.745 54.064 238.304
6658 1.000000 0 0.6981 0.6380 0.3251 0.9627 0.3586 0.0000 807.746 54.065 238.302
6659 1.000000 0 0.6981 0.6380 0.3251 0.9627 0.3586 0.0000 807.761 54.071 238.279
6660 1.000000 0 0.6981 0.6380 0.3251 0.9627 0.3586 0.0000 807.763 54.071 238.277
6661 1.000000 0 0.6980 0.6380 0.3251 0.9627 0.3586 0.0000 807.778 54.077 238.255
6662 1.000000 0 0.6980 0.6380 0.3251 0.9627 0.3586 0.0000 807.779 54.077 238.253
6663 1.000000 0 0.6980 0.6380 0.3251 0.9627 0.3586 0.0000 807.794 54.082 238.231
6664 1.000000 0 0.6980 0.6381 0.3251 0.9627 0.3586 0.0000 807.802 54.085 238.219
6665 1.000000 0 0.6980 0.6381 0.3251 0.9627 0.3586 0.0000 807.819 54.089 238.194
6666 1.000000 0 0.6980 0.6381 0.3251 0.9627 0.3586 0.0000 807.820 54.090 238.192
6667 1.000000 0 0.6980 0.6381 0.3251 0.9627 0.3586 0.0000 807.835 54.094 238.170
6668 1.000000 0 0.6980 0.6381 0.3251 0.9627 0.3586 0.0000 807.836 54.094 238.168
6669 1.000000 0 0.6979 0.6381 0.3251 0.9627 0.3586 0.0000 807.852 54.097 238.145
6670 1.000000 0 0.6979 0.6381 0.3251 0.9627 0.3586 0.0000 807.853 54.097 238.143
6671 1.000000 0 0.6979 0.6382 0.3251 0.9627 0.3586 0.0000 807.868 54.100 238.122
6672 1.000000 0 0.6979 0.6382 0.3251 0.9627 0.3586 0.0000 807.870 54.100 238.119
6673 1.000000 0 0.6979 0.6382 0.3250 0.9627 0.3586 0.0000 807.884 54.102 238.097
6674 1.000000 0 0.6979 0.6382 0.3250 0.9627 0.3586 0.0000 807.900 54.104 238.073
6675 1.000000 0 0.6979 0.6382 0.3250 0.9627 0.3586 0.0000 807.902 54.104 238.071
6676 1.000000 0 0.6979 0.6382 0.3250 0.9627 0.3586 0.0000 807.917 54.105 238.049
6677 1.000000 0 0.6979 0.6382 0.3250 0.9627 0.3586 0.0000 807.918 54.106 238.047
6678 1.000000 0 0.6978 0.6383 0.3250 0.9627 0.3586 0.0000 807.933 54.106 238.024
6679 1.000000 0 0.6978 0.6383 0.3250 0.9627 0.3586 0.0000 807.935 54.107 238.022
6680 1.000000 0 0.6978 0.6383 0.3250 0.9627 0.3586 0.0000 807.949 54.107 238.000
6681 1.000000 0 0.6978 0.6383 0.3250 0.9627 0.3586 0.0000 807.957 54.107 237.988
6682 1.000000 0 0.6978 0.6383 0.3250 0.9627 0.3586 0.0000 807.965 54.108 237.976
6683 1.000000 0 0.6978 0.6383 0.3250 0.9627 0.3586 0.0000 807.967 54.108 237.973
6684 1.000000 0 0.6978 0.6383 0.3250 0.9627 0.3586 0.0000 807.981 54.108 237.951
6685 1.000000 0 0.6978 0.6383 0.3250 0.9627 0.3586 0.0000 807.982 54.108 237.949
6686 1.000000 0 0.6977 0.6384 0.3250 0.9627 0.3586 0.0000 807.997 54.108 237.926
6687 1.000000 0 0.6977 0.6384 0.3250 0.9627 0.3586 0.0000 807.998 54.108 237.924
6688 1.000000 0 0.6977 0.6384 0.3250 0.9627 0.3586 0.0000 808.013 54.109 237.902
6689 1.000000 0 0.6977 0.6384 0.3250 0.9627 0.3586 0.0000 808.014 54.109 237.900
6690 1.000000 0 0.6977 0.6384 0.3250 0.9627 0.3586 0.0000 808.028 54.110 237.877
6691 1.000000 0 0.6977 0.6384 0.3250 0.9627 0.3586 0.0000 808.030 54.110 237.874
6692 1.000000 0 0.6977 0.6384 0.3250 0.9627 0.3586 0.0000 808.044 54.111 237.852
6693 1.000000 0 0.6977 0.6384 0.3250 0.9627 0.3586 0.0000 808.045 54.111 237.850
6694 1.000000 0 0.6977 0.6385 0.3250 0.9627 0.3586 0.0000 808.059 54.112 237.827
6695 1.000000 0 0.6976 0.6385 0.3250 0.9627 0.3586 0.0000 808.067 54.113 237.815
6696 1.000000 0 0.6976 0.6385 0.3250 0.9627 0.3586 0.0000 808.082 54.115 237.790
6697 1.000000 0 0.6976 0.6385 0.3250 0.9627 0.3586 0.0000 808.083 54.116 237.788
6698 1.000000 0 0.6976 0.6385 0.3250 0.9627 0.3586 0.0000 808.097 54.118 237.764
6699 1.000000 0 0.6976 0.6385 0.3250 0.9627 0.3586 0.0000 808.098 54.118 237.762
6700 1.000000 0 0.6976 0.6386 0.3250 0.9627 0.3586 0.0000 808.111 54.122 237.739
6701 1.000000 0 0.6976 0.6386 0.3250 0.9627 0.3586 0.0000 808.112 54.122 237.737
6702 1.000000 0 0.6976 0.6386 0.3250 0.9627 0.3586 0.0000 808.126 54.126 237.714
6703 1.000000 0 0.6976 0.6386 0.3250 0.9627 0.3586 0.0000 808.127 54.126 237.711
6704 1.000000 0 0.6975 0.6386 0.3250 0.9627 0.3586 0.0000 808.140 54.131 237.688
6705 1.000000 0 0.6975 0.6386 0.3250 0.9627 0.3586 0.0000 808.147 54.133 237.675
6706 1.000000 0 0.6975 0.6387 0.3250 0.9627 0.3586 0.0000 808.162 54.139 237.649
6707 1.000000 0 0.6975 0.6387 0.3250 0.9627 0.3586 0.0000 808.163 54.139 237.647
6708 1.000000 0 0.6975 0.6387 0.3250 0.9627 0.3586 0.0000 808.176 54.145 237.624
6709 1.000000 0 0.6975 0.6387 0.3250 0.9627 0.3586 0.0000 808.177 54.145 237.622
6710 1.000000 0 0.6975 0.6387 0.3250 0.9627 0.3586 0.0000 808.190 54.151 237.598
6711 1.000000 0 0.6974 0.6387 0.3250 0.9627 0.3586 0.0000 808.204 54.158 237.572
6712 1.000000 0 0.6974 0.6387 0.3250 0.9627 0.3586 0.0000 808.205 54.158 237.570
6713 1.000000 0 0.6974 0.6388 0.3250 0.9627 0.3586 0.0000 808.217 54.164 237.546
6714 1.000000 0 0.6974 0.6388 0.3250 0.9627 0.3586 0.0000 808.219 54.165 237.544
6715 1.000000 0 0.6974 0.6388 0.3250 0.9627 0.3586 0.0000 808.231 54.171 237.520
6716 1.000000 0 0.6974 0.6388 0.3250 0.9627 0.3586 0.0000 808.232 54.171 237.518
6717 1.000000 0 0.6974 0.6388 0.3250 0.9627 0.3586 0.0000 808.244 54.177 237.494
6718 1.000000 0 0.6974 0.6388 0.3250 0.9627 0.3586 0.0000 808.245 54.178 237.492
6719 1.000000 0 0.6973 0.6388 0.3250 0.9627 0.3586 0.0000 808.257 54.184 237.468
6720 1.000000 0 0.6973 0.6388 0.3250 0.9627 0.3586 0.0000 808.259 54.185 237.466
6721 1.000000 0 0.6973 0.6389 0.3250 0.9627 0.3586 0.0000 808.271 54.192 237.443
6722 1.000000 0 0.6973 0.6389 0.3250 0.9627 0.3586 0.0000 808.272 54.193 237.440
6723 1.000000 0 0.6973 0.6389 0.3250 0.9627 0.3586 0.0000 808.284 54.200 237.417
6724 1.000000 0 0.6973 0.6389 0.3250 0.9627 0.3586 0.0000 808.290 54.203 237.405
6725 1.000000 0 0.6973 0.6389 0.3249 0.9627 0.3586 0.0000 808.297 54.207 237.392
6726 1.000000 0 0.6973 0.6389 0.3249 0.9627 0.3586 0.0000 808.303 54.210 237.379
6727 1.000000 0 0.6973 0.6389 0.3249 0.9627 0.3586 0.0000 808.310 54.213 237.367
6728 1.000000 0 0.6972 0.6390 0.3249 0.9627 0.3586 0.0000 808.323 54.219 237.341
6729 1.000000 0 0.6972 0.6390 0.3249 0.9627 0.3586 0.0000 808.324 54.219 237.339
6730 1.000000 0 0.6972 0.6390 0.3249 0.9627 0.3586 0.0000 808.336 54.224 237.316
6731 1.000000 0 0.6972 0.6390 0.3249 0.9627 0.3586 0.0000 808.337 54.225 237.313
6732 1.000000 0 0.6972 0.6390 0.3249 0.9627 0.3586 0.0000 808.349 54.229 237.290
6733 1.000000 0 0.6972 0.6390 0.3249 0.9627 0.3586 0.0000 808.350 54.229 237.288
6734 1.000000 0 0.6972 0.6390 0.3249 0.9627 0.3586 0.0000 808.362 54.232 237.264
6735 1.000000 0 0.6972 0.6391 0.3249 0.9627 0.3586 0.0000 808.363 54.232 237.262
6736 1.000000 0 0.6971 0.6391 0.3249 0.9627 0.3586 0.0000 808.375 54.232 237.238
6737 1.000000 0 0.6971 0.6391 0.3249 0.9627 0.3586 0.0000 808.382 54.232 237.225
6738 1.000000 0 0.6971 0.6391 0.3249 0.9627 0.3586 0.0000 808.389 54.232 237.212
6739 1.000000 0 0.6971 0.6391 0.3249 0.9627 0.3586 0.0000 808.396 54.232 237.199
6740 1.000000 0 0.6971 0.6391 0.3249 0.9627 0.3586 0.0000 808.409 54.231 237.173
6741 1.000000 0 0.6971 0.6391 0.3249 0.9627 0.3586 0.0000 808.411 54.231 237.170
6742 1.000000 0 0.6971 0.6392 0.3249 0.9627 0.3586 0.0000 808.423 54.230 237.146
6743 1.000000 0 0.6971 0.6392 0.3249 0.9627 0.3586 0.0000 808.424 54.230 237.144
6744 1.000000 0 0.6970 0.6392 0.3249 0.9627 0.3586 0.0000 808.437 54.229 237.120
6745 1.000000 0 0.6970 0.6392 0.3249 0.9627 0.3586 0.0000 808.438 54.229 237.118
6746 1.000000 0 0.6970 0.6392 0.3249 0.9627 0.3586 0.0000 808.451 54.228 237.094
6747 1.000000 0 0.6970 0.6392 0.3249 0.9627 0.3586 0.0000 808.452 54.228 237.092
6748 1.000000 0 0.6970 0.6392 0.3249 0.9627 0.3586 0.0000 808.465 54.228 237.068
6749 1.000000 0 0.6970 0.6392 0.3249 0.9627 0.3586 0.0000 808.466 54.227 237.066
6750 1.000000 0 0.6970 0.6393 0.3249 0.9627 0.3586 0.0000 808.479 54.227 237.042
6751 1.000000 0 0.6970 0.6393 0.3249 0.9627 0.3586 0.0000 808.480 54.227 237.040
6752 1.000000 0 0.6970 0.6393 0.3249 0.9627 0.3586 0.0000 808.493 54.227 237.016
6753 1.000000 0 0.6969 0.6393 0.3249 0.9627 0.3586 0.0000 808.495 54.227 237.014
6754 1.000000 0 0.6969 0.6393 0.3249 0.9627 0.3586 0.0000 808.508 54.227 236.990
6755 1.000000 0 0.6969 0.6393 0.3249 0.9627 0.3586 0.0000 808.515 54.227 236.977
6756 1.000000 0 0.6969 0.6394 0.3249 0.9627 0.3586 0.0000 808.531 54.228 236.950
6757 1.000000 0 0.6969 0.6394 0.3249 0.9627 0.3586 0.0000 808.532 54.228 236.948
6758 1.000000 0 0.6969 0.6394 0.3249 0.9627 0.3586 0.0000 808.544 54.231 236.926
6759 1.000000 0 0.6969 0.6394 0.3249 0.9627 0.3586 0.0000 808.552 54.232 236.913
6760 1.000000 0 0.6968 0.6394 0.3249 0.9627 0.3586 0.0000 808.566 54.236 236.888
6761 1.000000 0 0.6968 0.6394 0.3249 0.9627 0.3586 0.0000 808.569 54.237 236.883
6762 1.000000 0 0.6968 0.6395 0.3249 0.9627 0.3586 0.0000 808.581 54.240 236.863
6763 1.000000 0 0.6968 0.6395 0.3249 0.9627 0.3586 0.0000 808.588 54.243 236.851
6764 1.000000 0 0.6968 0.6395 0.3249 0.9627 0.3586 0.0000 808.590 54.243 236.848
6765 1.000000 0 0.6968 0.6395 0.3249 0.9627 0.3586 0.0000 808.603 54.248 236.825
6766 1.000000 0 0.6968 0.6395 0.3249 0.9627 0.3586 0.0000 808.605 54.249 236.823
6767 1.000000 0 0.6968 0.6395 0.3249 0.9627 0.3586 0.0000 808.618 54.254 236.801
6768 1.000000 0 0.6968 0.6395 0.3249 0.9627 0.3586 0.0000 808.620 54.254 236.798
6769 1.000000 0 0.6967 0.6395 0.3249 0.9627 0.3586 0.0000 808.634 54.260 236.776
6770 1.000000 0 0.6967 0.6395 0.3249 0.9627 0.3586 0.0000 808.635 54.261 236.773
6771 1.000000 0 0.6967 0.6396 0.3249 0.9627 0.3586 0.0000 808.649 54.267 236.751
6772 1.000000 0 0.6967 0.6396 0.3249 0.9627 0.3586 0.0000 808.650 54.267 236.749
6773 1.000000 0 0.6967 0.6396 0.3249 0.9627 0.3586 0.0000 808.665 54.273 236.726
6774 1.000000 0 0.6967 0.6396 0.3249 0.9627 0.3586 0.0000 808.666 54.274 236.724
6775 1.000000 0 0.6967 0.6396 0.3249 0.9627 0.3586 0.0000 808.680 54.280 236.701
6776 1.000000 0 0.6967 0.6396 0.3249 0.9627 0.3586 0.0000 808.688 54.284 236.689
6777 1.000000 0 0.6966 0.6396 0.3248 0.9627 0.3586 0.0000 808.696 54.287 236.677
6778 1.000000 0 0.6966 0.6397 0.3248 0.9627 0.3586 0.0000 808.704 54.290 236.664
6779 1.000000 0 0.6966 0.6397 0.3248 0.9627 0.3586 0.0000 808.712 54.294 236.652
6780 1.000000 0 0.6966 0.6397 0.3248 0.9627 0.3586 0.0000 808.720 54.297 236.640
6781 1.000000 0 0.6966 0.6397 0.3248 0.9627 0.3586 0.0000 808.736 54.303 236.615
6782 1.000000 0 0.6966 0.6397 0.3248 0.9627 0.3586 0.0000 808.738 54.304 236.613
6783 1.000000 0 0.6966 0.6397 0.3248 0.9627 0.3586 0.0000 808.752 54.309 236.591
6784 1.000000 0 0.6966 0.6398 0.3248 0.9627 0.3586 0.0000 808.760 54.311 236.578
6785 1.000000 0 0.6965 0.6398 0.3248 0.9627 0.3586 0.0000 808.769 54.314 236.566
6786 1.000000 0 0.6965 0.6398 0.3248 0.9627 0.3586 0.0000 808.785 54.319 236.542
6787 1.000000 0 0.6965 0.6398 0.3248 0.9627 0.3586 0.0000 808.786 54.319 236.540
6788 1.000000 0 0.6965 0.6398 0.3248 0.9627 0.3586 0.0000 808.801 54.323 236.517
6789 1.000000 0 0.6965 0.6398 0.3248 0.9627 0.3586 0.0000 808.802 54.323 236.515
6790 1.000000 0 0.6965 0.6398 0.3248 0.9627 0.3586 0.0000 808.817 54.326 236.493
6791 1.000000 0 0.6965 0.6398 0.3248 0.9627 0.3586 0.0000 808.818 54.326 236.490
6792 1.000000 0 0.6965 0.6399 0.3248 0.9627 0.3586 0.0000 808.828 54.329 236.465
6793 1.000000 0 0.6965 0.6399 0.3248 0.9627 0.3586 0.0000 808.829 54.329 236.463
6794 1.000000 0 0.6964 0.6399 0.3248 0.9627 0.3586 0.0000 808.837 54.331 236.437
6795 1.000000 0 0.6964 0.6399 0.3248 0.9627 0.3586 0.0000 808.838 54.331 236.434
6796 1.000000 0 0.6964 0.6399 0.3248 0.9627 0.3586 0.0000 808.844 54.333 236.407
6797 1.000000 0 0.6964 0.6399 0.3248 0.9627 0.3586 0.0000 808.845 54.333 236.404
6798 1.000000 0 0.6964 0.6400 0.3248 0.9627 0.3586 0.0000 808.850 54.335 236.378
6799 1.000000 0 0.6964 0.6400 0.3248 0.9627 0.3586 0.0000 808.850 54.335 236.376
6800 1.000000 0 0.6964 0.6400 0.3248 0.9627 0.3586 0.0000 808.854 54.336 236.349
6801 1.000000 0 0.6964 0.6400 0.3248 0.9627 0.3586 0.0000 808.855 54.336 236.346
6802 1.000000 0 0.6963 0.6400 0.3248 0.9627 0.3586 0.0000 808.857 54.336 236.319
6803 1.000000 0 0.6963 0.6400 0.3248 0.9627 0.3586 0.0000 808.857 54.336 236.317
6804 1.000000 0 0.6963 0.6400 0.3248 0.9627 0.3586 0.0000 808.858 54.337 236.288
6805 1.000000 0 0.6963 0.6400 0.3248 0.9627 0.3586 0.0000 808.858 54.337 236.285
6806 1.000000 0 0.6963 0.6401 0.3248 0.9627 0.3586 0.0000 808.857 54.337 236.258
6807 1.000000 0 0.6963 0.6401 0.3248 0.9627 0.3586 0.0000 808.857 54.337 236.256
6808 1.000000 0 0.6963 0.6401 0.3248 0.9627 0.3586 0.0000 808.854 54.337 236.228
6809 1.000000 0 0.6963 0.6401 0.3248 0.9627 0.3586 0.0000 808.854 54.337 236.225
6810 1.000000 0 0.6963 0.6401 0.3248 0.9627 0.3586 0.0000 808.850 54.337 236.197
6811 1.000000 0 0.6963 0.6401 0.3248 0.9627 0.3586 0.0000 808.849 54.337 236.195
6812 1.000000 0 0.6962 0.6401 0.3248 0.9627 0.3586 0.0000 808.844 54.337 236.167
6813 1.000000 0 0.6962 0.6401 0.3248 0.9627 0.3586 0.0000 808.843 54.337 236.165
6814 1.000000 0 0.6962 0.6402 0.3248 0.9627 0.3586 0.0000 808.836 54.338 236.137
6815 1.000000 0 0.6962 0.6402 0.3248 0.9627 0.3586 0.0000 808.835 54.338 236.135
6816 1.000000 0 0.6962 0.6402 0.3248 0.9627 0.3586 0.0000 808.826 54.338 236.108
6817 1.000000 0 0.6962 0.6402 0.3248 0.9627 0.3586 0.0000 808.825 54.339 236.106
6818 1.000000 0 0.6962 0.6402 0.3248 0.9627 0.3586 0.0000 808.815 54.340 236.079
6819 1.000000 0 0.6962 0.6402 0.3248 0.9627 0.3586 0.0000 808.813 54.340 236.077
6820 1.000000 0 0.6961 0.6402 0.3248 0.9627 0.3586 0.0000 808.801 54.341 236.051
6821 1.000000 0 0.6961 0.6402 0.3248 0.9627 0.3586 0.0000 808.800 54.341 236.049
6822 1.000000 0 0.6961 0.6403 0.3248 0.9627 0.3586 0.0000 808.787 54.343 236.024
6823 1.000000 0 0.6961 0.6403 0.3248 0.9627 0.3586 0.0000 808.785 54.344 236.021
6824 1.000000 0 0.6961 0.6403 0.3248 0.9627 0.3586 0.0000 808.770 54.346 235.997
6825 1.000000 0 0.6961 0.6403 0.3248 0.9627 0.3586 0.0000 808.769 54.346 235.995
6826 1.000000 0 0.6961 0.6403 0.3248 0.9627 0.3586 0.0000 808.761 54.348 235.984
6827 1.000000 0 0.6961 0.6403 0.3248 0.9627 0.3586 0.0000 808.743 54.351 235.959
6828 1.000000 0 0.6961 0.6403 0.3248 0.9627 0.3586 0.0000 808.741 54.351 235.956
6829 1.000000 0 0.6960 0.6404 0.3248 0.9627 0.3586 0.0000 808.723 54.355 235.935
6830 1.000000 0 0.6960 0.6404 0.3248 0.9627 0.3586 0.0000 808.721 54.355 235.933
6831 1.000000 0 0.6960 0.6404 0.3248 0.9627 0.3586 0.0000 808.712 54.357 235.923
6832 1.000000 0 0.6960 0.6404 0.3247 0.9627 0.3586 0.0000 808.700 54.359 235.911
6833 1.000000 0 0.6960 0.6404 0.3247 0.9627 0.3586 0.0000 808.690 54.361 235.901
6834 1.000000 0 0.6960 0.6404 0.3247 0.9627 0.3586 0.0000 808.678 54.363 235.890
6835 1.000000 0 0.6960 0.6404 0.3247 0.9627 0.3586 0.0000 808.654 54.368 235.870
6836 1.000000 0 0.6960 0.6404 0.3247 0.9627 0.3586 0.0000 808.651 54.368 235.868
6837 1.000000 0 0.6960 0.6405 0.3247 0.9627 0.3586 0.0000 808.629 54.372 235.851
6838 1.000000 0 0.6960 0.6405 0.3247 0.9627 0.3586 0.0000 808.626 54.373 235.849
6839 1.000000 0 0.6959 0.6405 0.3247 0.9627 0.3586 0.0000 808.602 54.377 235.834
6840 1.000000 0 0.6959 0.6405 0.3247 0.9627 0.3586 0.0000 808.600 54.378 235.832
6841 1.000000 0 0.6959 0.6405 0.3247 0.9627 0.3586 0.0000 808.575 54.382 235.818
6842 1.000000 0 0.6959 0.6405 0.3247 0.9627 0.3586 0.0000 808.573 54.382 235.816
6843 1.000000 0 0.6959 0.6405 0.3247 0.9627 0.3586 0.0000 808.542 54.386 235.801
6844 1.000000 0 0.6959 0.6405 0.3247 0.9627 0.3586 0.0000 808.539 54.387 235.800
6845 1.000000 0 0.6959 0.6406 0.3247 0.9627 0.3586 0.0000 808.513 54.390 235.788
6846 1.000000 0 0.6959 0.6406 0.3247 0.9627 0.3586 0.0000 808.504 54.391 235.785
6847 1.000000 0 0.6958 0.6406 0.3247 0.9627 0.3586 0.0000 808.489 54.393 235.779
6848 1.000000 0 0.6958 0.6406 0.3247 0.9627 0.3586 0.0000 808.434 54.398 235.762
6849 1.000000 0 0.6958 0.6406 0.3247 0.9627 0.3586 0.0000 808.423 54.400 235.759
6850 1.000000 0 0.6958 0.6407 0.3247 0.9627 0.3586 0.0000 808.415 54.401 235.756
6851 1.000000 0 0.6958 0.6407 0.3247 0.9627 0.3586 0.0000 808.402 54.404 235.751
6852 1.000000 0 0.6958 0.6407 0.3247 0.9627 0.3586 0.0000 808.389 54.407 235.745
6853 1.000000 0 0.6958 0.6407 0.3247 0.9627 0.3586 0.0000 808.376 54.410 235.739
6854 1.000000 0 0.6957 0.6407 0.3247 0.9627 0.3586 0.0000 808.363 54.413 235.734
6855 1.000000 0 0.6957 0.6407 0.3247 0.9627 0.3586 0.0000 808.350 54.415 235.728
6856 1.000000 0 0.6956 0.6408 0.3247 0.9627 0.3586 0.0000 808.226 54.432 235.673
6857 1.000000 0 0.6956 0.6409 0.3247 0.9627 0.3586 0.0000 808.219 54.432 235.670
6858 1.000000 0 0.6956 0.6409 0.3247 0.9627 0.3586 0.0000 808.206 54.433 235.664
6859 1.000000 0 0.6956 0.6409 0.3247 0.9627 0.3586 0.0000 808.193 54.434 235.658
6860 1.000000 0 0.6956 0.6409 0.3247 0.9627 0.3586 0.0000 808.180 54.436 235.652
6861 1.000000 0 0.6956 0.6409 0.3247 0.9627 0.3586 0.0000 808.167 54.437 235.646
6862 1.000000 0 0.6956 0.6409 0.3247 0.9627 0.3586 0.0000 808.155 54.438 235.640
6863 1.000000 0 0.6956 0.6409 0.3247 0.9627 0.3586 0.0000 808.141 54.439 235.634
6864 1.000000 0 0.6954 0.6412 0.3246 0.9627 0.3586 0.0000 808.024 54.450 235.577
6865 1.000000 0 0.6954 0.6412 0.3246 0.9627 0.3586 0.0000 808.012 54.452 235.574
6866 1.000000 0 0.6953 0.6412 0.3246 0.9627 0.3586 0.0000 807.998 54.454 235.571
6867 1.000000 0 0.6953 0.6412 0.3246 0.9627 0.3586 0.0000 807.984 54.456 235.569
6868 1.000000 0 0.6953 0.6412 0.3246 0.9627 0.3586 0.0000 807.970 54.458 235.566
6869 1.000000 0 0.6953 0.6412 0.3246 0.9627 0.3586 0.0000 807.956 54.460 235.564
6870 1.000000 0 0.6953 0.6412 0.3246 0.9627 0.3586 0.0000 807.942 54.462 235.563
6871 1.000000 0 0.6953 0.6412 0.3246 0.9627 0.3586 0.0000 807.928 54.465 235.562
6872 1.000000 0 0.6953 0.6413 0.3246 0.9627 0.3586 0.0000 807.914 54.467 235.560
6873 1.000000 0 0.6953 0.6413 0.3246 0.9627 0.3586 0.0000 807.899 54.470 235.560
6874 1.000000 0 0.6953 0.6413 0.3246 0.9627 0.3586 0.0000 807.886 54.473 235.559
6875 1.000000 0 0.6952 0.6413 0.3246 0.9627 0.3586 0.0000 807.871 54.476 235.559
6876 1.000000 0 0.6952 0.6413 0.3246 0.9627 0.3586 0.0000 807.857 54.479 235.560
6877 1.000000 0 0.6952 0.6413 0.3246 0.9627 0.3586 0.0000 807.843 54.482 235.560
6878 1.000000 0 0.6952 0.6413 0.3246 0.9627 0.3586 0.0000 807.829 54.485 235.561
6879 1.000000 0 0.6952 0.6413 0.3246 0.9627 0.3586 0.0000 807.815 54.488 235.563
6880 1.000000 0 0.6952 0.6414 0.3246 0.9627 0.3586 0.0000 807.795 54.493 235.565
6881 1.000000 0 0.6952 0.6414 0.3246 0.9627 0.3586 0.0000 807.786 54.495 235.566
6882 1.000000 0 0.6952 0.6414 0.3246 0.9627 0.3586 0.0000 807.767 54.500 235.570
6883 1.000000 0 0.6951 0.6414 0.3246 0.9627 0.3586 0.0000 807.758 54.502 235.571
6884 1.000000 0 0.6951 0.6414 0.3246 0.9627 0.3586 0.0000 807.744 54.505 235.574
6885 1.000000 0 0.6951 0.6414 0.3246 0.9627 0.3586 0.0000 807.725 54.510 235.579
6886 1.000000 0 0.6951 0.6414 0.3246 0.9627 0.3586 0.0000 807.711 54.514 235.583
6887 1.000000 0 0.6951 0.6415 0.3246 0.9627 0.3586 0.0000 807.668 54.525 235.597
6888 1.000000 0 0.6951 0.6415 0.3246 0.9627 0.3586 0.0000 807.661 54.526 235.599
6889 1.000000 0 0.6951 0.6415 0.3246 0.9627 0.3586 0.0000 807.647 54.530 235.605
6890 1.000000 0 0.6950 0.6415 0.3246 0.9627 0.3586 0.0000 807.635 54.533 235.610
6891 1.000000 0 0.6950 0.6415 0.3246 0.9627 0.3586 0.0000 807.623 54.538 235.617
6892 1.000000 0 0.6950 0.6415 0.3246 0.9627 0.3586 0.0000 807.612 54.543 235.623
6893 1.000000 0 0.6950 0.6416 0.3246 0.9627 0.3586 0.0000 807.604 54.549 235.629
6894 1.000000 0 0.6950 0.6416 0.3246 0.9627 0.3586 0.0000 807.596 54.556 235.635
6895 1.000000 0 0.6950 0.6416 0.3246 0.9627 0.3586 0.0000 807.587 54.562 235.641
6896 1.000000 0 0.6950 0.6416 0.3246 0.9627 0.3586 0.0000 807.577 54.569 235.648
6897 1.000000 0 0.6950 0.6416 0.3246 0.9627 0.3586 0.0000 807.561 54.579 235.658
6898 1.000000 0 0.6950 0.6416 0.3246 0.9627 0.3586 0.0000 807.559 54.579 235.659
6899 1.000000 0 0.6949 0.6416 0.3246 0.9627 0.3586 0.0000 807.542 54.588 235.670
6900 1.000000 0 0.6949 0.6416 0.3246 0.9627 0.3586 0.0000 807.540 54.589 235.671
6901 1.000000 0 0.6949 0.6417 0.3246 0.9627 0.3586 0.0000 807.531 54.592 235.677
6902 1.000000 0 0.6949 0.6417 0.3246 0.9627 0.3586 0.0000 807.520 54.596 235.683
6903 1.000000 0 0.6949 0.6417 0.3246 0.9627 0.3586 0.0000 807.509 54.599 235.689
6904 1.000000 0 0.6949 0.6417 0.3246 0.9627 0.3586 0.0000 807.497 54.603 235.696
6905 1.000000 0 0.6949 0.6417 0.3246 0.9627 0.3586 0.0000 807.486 54.605 235.701
6906 1.000000 0 0.6949 0.6417 0.3246 0.9627 0.3586 0.0000 807.474 54.607 235.707
6907 1.000000 0 0.6949 0.6417 0.3246 0.9627 0.3586 0.0000 807.462 54.610 235.713
6908 1.000000 0 0.6948 0.6418 0.3246 0.9627 0.3586 0.0000 807.451 54.612 235.719
6909 1.000000 0 0.6948 0.6418 0.3246 0.9627 0.3586 0.0000 807.439 54.614 235.726
6910 1.000000 0 0.6948 0.6418 0.3246 0.9627 0.3586 0.0000 807.427 54.617 235.732
6911 1.000000 0 0.6948 0.6418 0.3246 0.9627 0.3586 0.0000 807.416 54.619 235.738
6912 1.000000 0 0.6948 0.6418 0.3246 0.9627 0.3586 0.0000 807.404 54.621 235.744
6913 1.000000 0 0.6948 0.6418 0.3246 0.9627 0.3586 0.0000 807.392 54.623 235.751
6914 1.000000 0 0.6948 0.6418 0.3246 0.9627 0.3586 0.0000 807.381 54.624 235.757
6915 1.000000 0 0.6948 0.6418 0.3246 0.9627 0.3586 0.0000 807.369 54.626 235.763
6916 1.000000 0 0.6948 0.6419 0.3245 0.9627 0.3586 0.0000 807.358 54.628 235.769
6917 1.000000 0 0.6947 0.6419 0.3245 0.9627 0.3586 0.0000 807.346 54.630 235.776
6918 1.000000 0 0.6947 0.6419 0.3245 0.9627 0.3586 0.0000 807.334 54.631 235.782
6919 1.000000 0 0.6947 0.6419 0.3245 0.9627 0.3586 0.0000 807.323 54.633 235.789
6920 1.000000 0 0.6947 0.6419 0.3245 0.9627 0.3586 0.0000 807.311 54.634 235.795
6921 1.000000 0 0.6947 0.6419 0.3245 0.9627 0.3586 0.0000 807.288 54.638 235.808
6922 1.000000 0 0.6947 0.6419 0.3245 0.9627 0.3586 0.0000 807.286 54.638 235.809
6923 1.000000 0 0.6947 0.6420 0.3245 0.9627 0.3586 0.0000 807.265 54.641 235.821
6924 1.000000 0 0.6947 0.6420 0.3245 0.9627 0.3586 0.0000 807.261 54.642 235.822
6925 1.000000 0 0.6946 0.6420 0.3245 0.9627 0.3586 0.0000 807.223 54.652 235.838
6926 1.000000 0 0.6946 0.6420 0.3245 0.9627 0.3586 0.0000 807.222 54.652 235.840
6927 1.000000 0 0.6946 0.6420 0.3245 0.9627 0.3586 0.0000 807.219 54.649 235.860
6928 1.000000 0 0.6946 0.6420 0.3245 0.9627 0.3586 0.0000 807.219 54.650 235.863
6929 1.000000 0 0.6946 0.6420 0.3245 0.9627 0.3586 0.0000 807.214 54.674 235.895
6930 1.000000 0 0.6946 0.6420 0.3245 0.9627 0.3586 0.0000 807.214 54.674 235.897
6931 1.000000 0 0.6946 0.6421 0.3245 0.9627 0.3586 0.0000 807.206 54.669 235.915
6932 1.000000 0 0.6946 0.6421 0.3245 0.9627 0.3586 0.0000 807.205 54.669 235.916
6933 1.000000 0 0.6946 0.6421 0.3245 0.9627 0.3586 0.0000 807.198 54.663 235.934
6934 1.000000 0 0.6946 0.6421 0.3245 0.9627 0.3586 0.0000 807.197 54.662 235.936
6935 1.000000 0 0.6945 0.6421 0.3245 0.9627 0.3586 0.0000 807.185 54.643 235.974
6936 1.000000 0 0.6945 0.6421 0.3245 0.9627 0.3586 0.0000 807.185 54.642 235.976
6937 1.000000 0 0.6945 0.6422 0.3245 0.9627 0.3586 0.0000 807.180 54.621 236.005
6938 1.000000 0 0.6945 0.6422 0.3245 0.9627 0.3586 0.0000 807.180 54.619 236.007
6939 1.000000 0 0.6945 0.6422 0.3245 0.9627 0.3586 0.0000 807.181 54.602 236.026
6940 1.000000 0 0.6945 0.6422 0.3245 0.9627 0.3586 0.0000 807.181 54.599 236.028
6941 1.000000 0 0.6944 0.6422 0.3245 0.9627 0.3586 0.0000 807.184 54.586 236.045
6942 1.000000 0 0.6944 0.6422 0.3245 0.9627 0.3586 0.0000 807.188 54.580 236.053
6943 1.000000 0 0.6944 0.6423 0.3245 0.9627 0.3586 0.0000 807.176 54.583 236.065
6944 1.000000 0 0.6944 0.6423 0.3245 0.9627 0.3586 0.0000 807.175 54.583 236.067
6945 1.000000 0 0.6944 0.6423 0.3245 0.9627 0.3586 0.0000 807.171 54.576 236.080
6946 1.000000 0 0.6944 0.6423 0.3245 0.9627 0.3586 0.0000 807.170 54.576 236.081
6947 1.000000 0 0.6944 0.6423 0.3245 0.9627 0.3586 0.0000 807.168 54.564 236.094
6948 1.000000 0 0.6943 0.6423 0.3245 0.9627 0.3586 0.0000 807.168 54.565 236.096
6949 1.000000 0 0.6943 0.6424 0.3245 0.9627 0.3586 0.0000 807.167 54.574 236.108
6950 1.000000 0 0.6943 0.6424 0.3245 0.9627 0.3586 0.0000 807.167 54.575 236.109
6951 1.000000 0 0.6943 0.6424 0.3245 0.9627 0.3586 0.0000 807.162 54.580 236.122
6952 1.000000 0 0.6943 0.6424 0.3245 0.9627 0.3586 0.0000 807.157 54.578 236.135
6953 1.000000 0 0.6943 0.6424 0.3245 0.9627 0.3586 0.0000 807.157 54.577 236.137
6954 1.000000 0 0.6943 0.6424 0.3245 0.9627 0.3586 0.0000 807.155 54.571 236.149
6955 1.000000 0 0.6943 0.6424 0.3245 0.9627 0.3586 0.0000 807.155 54.570 236.150
6956 1.000000 0 0.6942 0.6425 0.3245 0.9627 0.3586 0.0000 807.153 54.562 236.163
6957 1.000000 0 0.6942 0.6425 0.3245 0.9627 0.3586 0.0000 807.153 54.562 236.164
6958 1.000000 0 0.6942 0.6425 0.3245 0.9627 0.3586 0.0000 807.154 54.562 236.178
6959 1.000000 0 0.6942 0.6425 0.3245 0.9627 0.3586 0.0000 807.153 54.563 236.180
6960 1.000000 0 0.6942 0.6425 0.3245 0.9627 0.3586 0.0000 807.144 54.566 236.197
6961 1.000000 0 0.6942 0.6425 0.3245 0.9627 0.3586 0.0000 807.141 54.561 236.211
6962 1.000000 0 0.6942 0.6426 0.3245 0.9627 0.3586 0.0000 807.140 54.560 236.213
6963 1.000000 0 0.6941 0.6426 0.3245 0.9627 0.3586 0.0000 807.139 54.552 236.224
6964 1.000000 0 0.6941 0.6426 0.3244 0.9627 0.3586 0.0000 807.137 54.549 236.239
6965 1.000000 0 0.6941 0.6426 0.3244 0.9627 0.3586 0.0000 807.137 54.549 236.240
6966 1.000000 0 0.6941 0.6426 0.3244 0.9627 0.3586 0.0000 807.133 54.552 236.253
6967 1.000000 0 0.6941 0.6426 0.3244 0.9627 0.3586 0.0000 807.133 54.553 236.255
6968 1.000000 0 0.6941 0.6427 0.3244 0.9627 0.3586 0.0000 807.128 54.553 236.268
6969 1.000000 0 0.6940 0.6427 0.3244 0.9627 0.3586 0.0000 807.124 54.547 236.282
6970 1.000000 0 0.6940 0.6427 0.3244 0.9627 0.3586 0.0000 807.123 54.545 236.285
6971 1.000000 0 0.6940 0.6427 0.3244 0.9627 0.3586 0.0000 807.122 54.539 236.295
6972 1.000000 0 0.6940 0.6427 0.3244 0.9627 0.3586 0.0000 807.120 54.535 236.318
6973 1.000000 0 0.6940 0.6428 0.3244 0.9627 0.3586 0.0000 807.117 54.537 236.323
6974 1.000000 0 0.6940 0.6428 0.3244 0.9627 0.3586 0.0000 807.111 54.538 236.336
6975 1.000000 0 0.6940 0.6428 0.3244 0.9627 0.3586 0.0000 807.111 54.537 236.338
6976 1.000000 0 0.6939 0.6428 0.3244 0.9627 0.3586 0.0000 807.108 54.532 236.350
6977 1.000000 0 0.6939 0.6428 0.3244 0.9627 0.3586 0.0000 807.107 54.531 236.351
6978 1.000000 0 0.6939 0.6428 0.3244 0.9627 0.3586 0.0000 807.105 54.523 236.363
6979 1.000000 0 0.6939 0.6429 0.3244 0.9627 0.3586 0.0000 807.104 54.519 236.377
6980 1.000000 0 0.6939 0.6429 0.3244 0.9627 0.3586 0.0000 807.104 54.519 236.379
6981 1.000000 0 0.6939 0.6429 0.3244 0.9627 0.3586 0.0000 807.100 54.523 236.393
6982 1.000000 0 0.6939 0.6429 0.3244 0.9627 0.3586 0.0000 807.099 54.523 236.394
6983 1.000000 0 0.6938 0.6429 0.3244 0.9627 0.3586 0.0000 807.095 54.523 236.404
6984 1.000000 0 0.6938 0.6429 0.3244 0.9627 0.3586 0.0000 807.092 54.517 236.417
6985 1.000000 0 0.6938 0.6429 0.3244 0.9627 0.3586 0.0000 807.091 54.516 236.418
6986 1.000000 0 0.6938 0.6430 0.3244 0.9627 0.3586 0.0000 807.090 54.513 236.424
6987 1.000000 0 0.6938 0.6430 0.3244 0.9627 0.3586 0.0000 807.089 54.508 236.430
6988 1.000000 0 0.6938 0.6430 0.3244 0.9627 0.3586 0.0000 807.089 54.504 236.444
6989 1.000000 0 0.6938 0.6430 0.3244 0.9627 0.3586 0.0000 807.089 54.504 236.446
6990 1.000000 0 0.6938 0.6430 0.3244 0.9627 0.3586 0.0000 807.085 54.508 236.458
6991 1.000000 0 0.6937 0.6430 0.3244 0.9627 0.3586 0.0000 807.079 54.508 236.470
6992 1.000000 0 0.6937 0.6430 0.3244 0.9627 0.3586 0.0000 807.079 54.508 236.472
6993 1.000000 0 0.6937 0.6431 0.3244 0.9627 0.3586 0.0000 807.076 54.502 236.483
6994 1.000000 0 0.6937 0.6431 0.3244 0.9627 0.3586 0.0000 807.076 54.501 236.485
6995 1.000000 0 0.6937 0.6431 0.3244 0.9627 0.3586 0.0000 807.075 54.498 236.490
6996 1.000000 0 0.6937 0.6431 0.3244 0.9627 0.3586 0.0000 807.073 54.488 236.503
6997 1.000000 0 0.6937 0.6431 0.3244 0.9627 0.3586 0.0000 807.073 54.488 236.504
6998 1.000000 0 0.6937 0.6431 0.3244 0.9627 0.3586 0.0000 807.073 54.489 236.509
6999 1.000000 0 0.6936 0.6431 0.3244 0.9627 0.3586 0.0000 807.070 54.493 236.523
7000 1.000000 0 0.6936 0.6432 0.3244 0.9627 0.3586 0.0000 807.069 54.494 236.524
7001 1.000000 0 0.6936 0.6432 0.3244 0.9627 0.3586 0.0000 807.064 54.494 236.535
7002 1.000000 0 0.6936 0.6432 0.3244 0.9627 0.3586 0.0000 807.063 54.493 236.537
7003 1.000000 0 0.6936 0.6432 0.3244 0.9627 0.3586 0.0000 807.060 54.488 236.548
7004 1.000000 0 0.6936 0.6432 0.3244 0.9627 0.3586 0.0000 807.060 54.487 236.549
7005 1.000000 0 0.6936 0.6432 0.3244 0.9627 0.3586 0.0000 807.058 54.479 236.560
7006 1.000000 0 0.6936 0.6432 0.3244 0.9627 0.3586 0.0000 807.058 54.478 236.562
7007 1.000000 0 0.6936 0.6432 0.3244 0.9627 0.3586 0.0000 807.058 54.474 236.567
7008 1.000000 0 0.6935 0.6433 0.3244 0.9627 0.3586 0.0000 807.058 54.477 236.581
7009 1.000000 0 0.6935 0.6433 0.3244 0.9627 0.3586 0.0000 807.058 54.477 236.582
7010 1.000000 0 0.6935 0.6433 0.3244 0.9627 0.3586 0.0000 807.051 54.482 236.593
7011 1.000000 0 0.6935 0.6433 0.3244 0.9627 0.3586 0.0000 807.051 54.482 236.594
7012 1.000000 0 0.6935 0.6433 0.3243 0.9627 0.3586 0.0000 807.047 54.478 236.605
7013 1.000000 0 0.6935 0.6433 0.3243 0.9627 0.3586 0.0000 807.046 54.477 236.606
7014 1.000000 0 0.6935 0.6433 0.3243 0.9627 0.3586 0.0000 807.044 54.470 236.617
7015 1.000000 0 0.6935 0.6433 0.3243 0.9627 0.3586 0.0000 807.044 54.470 236.618
7016 1.000000 0 0.6935 0.6434 0.3243 0.9627 0.3586 0.0000 807.042 54.470 236.632
7017 1.000000 0 0.6935 0.6434 0.3243 0.9627 0.3586 0.0000 807.042 54.471 236.633
7018 1.000000 0 0.6934 0.6434 0.3243 0.9627 0.3586 0.0000 807.039 54.473 236.639
7019 1.000000 0 0.6934 0.6434 0.3243 0.9627 0.3586 0.0000 807.036 54.476 236.645
7020 1.000000 0 0.6934 0.6434 0.3243 0.9627 0.3586 0.0000 807.033 54.475 236.652
7021 1.000000 0 0.6934 0.6434 0.3243 0.9627 0.3586 0.0000 807.027 54.469 236.665
7022 1.000000 0 0.6934 0.6434 0.3243 0.9627 0.3586 0.0000 807.026 54.469 236.667
7023 1.000000 0 0.6934 0.6435 0.3243 0.9627 0.3586 0.0000 807.023 54.466 236.680
7024 1.000000 0 0.6934 0.6435 0.3243 0.9627 0.3586 0.0000 807.023 54.466 236.681
7025 1.000000 0 0.6934 0.6435 0.3243 0.9627 0.3586 0.0000 807.018 54.469 236.694
7026 1.000000 0 0.6934 0.6435 0.3243 0.9627 0.3586 0.0000 807.017 54.470 236.695
7027 1.000000 0 0.6933 0.6435 0.3243 0.9627 0.3586 0.0000 807.010 54.471 236.707
7028 1.000000 0 0.6933 0.6435 0.3243 0.9627 0.3586 0.0000 807.009 54.470 236.709
7029 1.000000 0 0.6933 0.6435 0.3243 0.9627 0.3586 0.0000 807.004 54.465 236.721
7030 1.000000 0 0.6933 0.6436 0.3243 0.9627 0.3586 0.0000 807.001 54.462 236.735
7031 1.000000 0 0.6933 0.6436 0.3243 0.9627 0.3586 0.0000 807.000 54.462 236.737
7032 1.000000 0 0.6933 0.6436 0.3243 0.9627 0.3586 0.0000 806.999 54.462 236.743
7033 1.000000 0 0.6933 0.6436 0.3243 0.9627 0.3586 0.0000 806.991 54.469 236.756
7034 1.000000 0 0.6932 0.6436 0.3243 0.9627 0.3586 0.0000 806.987 54.467 236.763
7035 1.000000 0 0.6932 0.6436 0.3243 0.9627 0.3586 0.0000 806.984 54.465 236.769
7036 1.000000 0 0.6932 0.6437 0.3243 0.9627 0.3586 0.0000 806.979 54.458 236.783
7037 1.000000 0 0.6931 0.6438 0.3243 0.9627 0.3586 0.0000 806.956 54.454 236.847
7038 1.000000 0 0.6931 0.6438 0.3243 0.9627 0.3586 0.0000 806.955 54.454 236.851
7039 1.000000 0 0.6931 0.6438 0.3243 0.9627 0.3586 0.0000 806.953 54.457 236.857
7040 1.000000 0 0.6931 0.6438 0.3243 0.9627 0.3586 0.0000 806.951 54.460 236.863
7041 1.000000 0 0.6930 0.6438 0.3243 0.9627 0.3586 0.0000 806.945 54.456 236.873
7042 1.000000 0 0.6930 0.6438 0.3243 0.9627 0.3586 0.0000 806.945 54.456 236.874
7043 1.000000 0 0.6930 0.6439 0.3243 0.9627 0.3586 0.0000 806.945 54.453 236.878
7044 1.000000 0 0.6930 0.6439 0.3243 0.9627 0.3586 0.0000 806.944 54.450 236.884
7045 1.000000 0 0.6930 0.6439 0.3243 0.9627 0.3586 0.0000 806.944 54.449 236.890
7046 1.000000 0 0.6930 0.6439 0.3243 0.9627 0.3586 0.0000 806.942 54.451 236.901
7047 1.000000 0 0.6930 0.6439 0.3243 0.9627 0.3586 0.0000 806.942 54.452 236.902
7048 1.000000 0 0.6930 0.6439 0.3243 0.9627 0.3586 0.0000 806.938 54.452 236.911
7049 1.000000 0 0.6930 0.6439 0.3243 0.9627 0.3586 0.0000 806.937 54.452 236.913
7050 1.000000 0 0.6930 0.6439 0.3243 0.9627 0.3586 0.0000 806.935 54.451 236.916
7051 1.000000 0 0.6929 0.6440 0.3243 0.9627 0.3586 0.0000 806.934 54.447 236.922
7052 1.000000 0 0.6929 0.6440 0.3243 0.9627 0.3586 0.0000 806.934 54.444 236.927
7053 1.000000 0 0.6929 0.6440 0.3243 0.9627 0.3586 0.0000 806.934 54.443 236.933
7054 1.000000 0 0.6929 0.6440 0.3243 0.9627 0.3586 0.0000 806.934 54.442 236.938
7055 1.000000 0 0.6929 0.6440 0.3243 0.9627 0.3586 0.0000 806.930 54.448 236.950
7056 1.000000 0 0.6929 0.6440 0.3243 0.9627 0.3586 0.0000 806.930 54.448 236.951
7057 1.000000 0 0.6929 0.6440 0.3243 0.9627 0.3586 0.0000 806.928 54.447 236.954
7058 1.000000 0 0.6929 0.6441 0.3242 0.9627 0.3586 0.0000 806.925 54.441 236.964
7059 1.000000 0 0.6929 0.6441 0.3242 0.9627 0.3586 0.0000 806.925 54.441 236.966
7060 1.000000 0 0.6928 0.6441 0.3242 0.9627 0.3586 0.0000 806.924 54.437 236.975
7061 1.000000 0 0.6928 0.6441 0.3242 0.9627 0.3586 0.0000 806.924 54.437 236.976
7062 1.000000 0 0.6928 0.6441 0.3242 0.9627 0.3586 0.0000 806.923 54.439 236.986
7063 1.000000 0 0.6928 0.6441 0.3242 0.9627 0.3586 0.0000 806.922 54.440 236.988
7064 1.000000 0 0.6928 0.6441 0.3242 0.9627 0.3586 0.0000 806.918 54.440 236.997
7065 1.000000 0 0.6928 0.6441 0.3242 0.9627 0.3586 0.0000 806.917 54.440 236.998
7066 1.000000 0 0.6928 0.6442 0.3242 0.9627 0.3586 0.0000 806.915 54.436 237.006
7067 1.000000 0 0.6928 0.6442 0.3242 0.9627 0.3586 0.0000 806.915 54.435 237.007
7068 1.000000 0 0.6927 0.6442 0.3242 0.9627 0.3586 0.0000 806.915 54.431 237.017
7069 1.000000 0 0.6927 0.6442 0.3242 0.9627 0.3586 0.0000 806.915 54.431 237.018
7070 1.000000 0 0.6927 0.6442 0.3242 0.9627 0.3586 0.0000 806.915 54.430 237.022
7071 1.000000 0 0.6927 0.6442 0.3242 0.9627 0.3586 0.0000 806.911 54.436 237.033
7072 1.000000 0 0.6927 0.6442 0.3242 0.9627 0.3586 0.0000 806.911 54.436 237.034
7073 1.000000 0 0.6927 0.6443 0.3242 0.9627 0.3586 0.0000 806.906 54.433 237.042
7074 1.000000 0 0.6927 0.6443 0.3242 0.9627 0.3586 0.0000 806.906 54.430 237.047
7075 1.000000 0 0.6927 0.6443 0.3242 0.9627 0.3586 0.0000 806.905 54.427 237.052
7076 1.000000 0 0.6927 0.6443 0.3242 0.9627 0.3586 0.0000 806.905 54.426 237.058
7077 1.000000 0 0.6926 0.6443 0.3242 0.9627 0.3586 0.0000 806.905 54.425 237.063
7078 1.000000 0 0.6926 0.6443 0.3242 0.9627 0.3586 0.0000 806.902 54.431 237.074
7079 1.000000 0 0.6926 0.6443 0.3242 0.9627 0.3586 0.0000 806.901 54.431 237.075
7080 1.000000 0 0.6926 0.6443 0.3242 0.9627 0.3586 0.0000 806.899 54.429 237.078
7081 1.000000 0 0.6926 0.6444 0.3242 0.9627 0.3586 0.0000 806.896 54.424 237.088
7082 1.000000 0 0.6926 0.6444 0.3242 0.9627 0.3586 0.0000 806.896 54.423 237.089
7083 1.000000 0 0.6926 0.6444 0.3242 0.9627 0.3586 0.0000 806.896 54.420 237.098
7084 1.000000 0 0.6925 0.6444 0.3242 0.9627 0.3586 0.0000 806.895 54.422 237.109
7085 1.000000 0 0.6925 0.6444 0.3242 0.9627 0.3586 0.0000 806.894 54.423 237.110
7086 1.000000 0 0.6925 0.6444 0.3242 0.9627 0.3586 0.0000 806.890 54.424 237.118
7087 1.000000 0 0.6925 0.6445 0.3242 0.9627 0.3586 0.0000 806.890 54.423 237.119
7088 1.000000 0 0.6925 0.6445 0.3242 0.9627 0.3586 0.0000 806.887 54.419 237.127
7089 1.000000 0 0.6925 0.6445 0.3242 0.9627 0.3586 0.0000 806.887 54.414 237.137
7090 1.000000 0 0.6925 0.6445 0.3242 0.9627 0.3586 0.0000 806.887 54.414 237.138
7091 1.000000 0 0.6925 0.6445 0.3242 0.9627 0.3586 0.0000 806.886 54.416 237.148
7092 1.000000 0 0.6924 0.6445 0.3242 0.9627 0.3586 0.0000 806.885 54.417 237.149
7093 1.000000 0 0.6924 0.6446 0.3242 0.9627 0.3586 0.0000 806.881 54.418 237.157
7094 1.000000 0 0.6924 0.6446 0.3242 0.9627 0.3586 0.0000 806.879 54.416 237.161
7095 1.000000 0 0.6924 0.6446 0.3242 0.9627 0.3586 0.0000 806.879 54.415 237.164
7096 1.000000 0 0.6924 0.6446 0.3242 0.9627 0.3586 0.0000 806.878 54.413 237.166
7097 1.000000 0 0.6924 0.6446 0.3242 0.9627 0.3586 0.0000 806.878 54.409 237.176
7098 1.000000 0 0.6924 0.6446 0.3242 0.9627 0.3586 0.0000 806.878 54.409 237.177
7099 1.000000 0 0.6924 0.6446 0.3242 0.9627 0.3586 0.0000 806.877 54.411 237.186
7100 1.000000 0 0.6923 0.6447 0.3242 0.9627 0.3586 0.0000 806.873 54.413 237.195
7101 1.000000 0 0.6923 0.6447 0.3242 0.9627 0.3586 0.0000 806.872 54.412 237.196
7102 1.000000 0 0.6923 0.6447 0.3242 0.9627 0.3586 0.0000 806.870 54.408 237.204
7103 1.000000 0 0.6923 0.6447 0.3242 0.9627 0.3586 0.0000 806.870 54.404 237.214
7104 1.000000 0 0.6923 0.6447 0.3242 0.9627 0.3586 0.0000 806.870 54.404 237.215
7105 1.000000 0 0.6923 0.6447 0.3242 0.9627 0.3586 0.0000 806.868 54.406 237.224
7106 1.000000 0 0.6923 0.6447 0.3242 0.9627 0.3586 0.0000 806.868 54.406 237.225
7107 1.000000 0 0.6922 0.6448 0.3242 0.9627 0.3586 0.0000 806.863 54.407 237.234
7108 1.000000 0 0.6922 0.6448 0.3242 0.9627 0.3586 0.0000 806.863 54.407 237.235
7109 1.000000 0 0.6922 0.6448 0.3241 0.9627 0.3586 0.0000 806.861 54.403 237.241
7110 1.000000 0 0.6922 0.6448 0.3241 0.9627 0.3586 0.0000 806.861 54.400 237.246
7111 1.000000 0 0.6922 0.6448 0.3241 0.9627 0.3586 0.0000 806.862 54.398 237.256
7112 1.000000 0 0.6922 0.6448 0.3241 0.9627 0.3586 0.0000 806.861 54.398 237.257
7113 1.000000 0 0.6921 0.6449 0.3241 0.9627 0.3586 0.0000 806.853 54.396 237.280
7114 1.000000 0 0.6921 0.6449 0.3241 0.9627 0.3586 0.0000 806.853 54.395 237.282
7115 1.000000 0 0.6921 0.6449 0.3241 0.9627 0.3586 0.0000 806.853 54.394 237.287
7116 1.000000 0 0.6921 0.6449 0.3241 0.9627 0.3586 0.0000 806.853 54.393 237.292
7117 1.000000 0 0.6921 0.6449 0.3241 0.9627 0.3586 0.0000 806.851 54.397 237.299
7118 1.000000 0 0.6921 0.6450 0.3241 0.9627 0.3586 0.0000 806.850 54.399 237.301
7119 1.000000 0 0.6921 0.6450 0.3241 0.9627 0.3586 0.0000 806.847 54.397 237.305
7120 1.000000 0 0.6921 0.6450 0.3241 0.9627 0.3586 0.0000 806.845 54.396 237.309
7121 1.000000 0 0.6920 0.6450 0.3241 0.9627 0.3586 0.0000 806.844 54.390 237.318
7122 1.000000 0 0.6920 0.6450 0.3241 0.9627 0.3586 0.0000 806.845 54.389 237.319
7123 1.000000 0 0.6920 0.6450 0.3241 0.9627 0.3586 0.0000 806.845 54.388 237.327
7124 1.000000 0 0.6920 0.6450 0.3241 0.9627 0.3586 0.0000 806.845 54.388 237.328
7125 1.000000 0 0.6920 0.6451 0.3241 0.9627 0.3586 0.0000 806.842 54.394 237.337
7126 1.000000 0 0.6920 0.6451 0.3241 0.9627 0.3586 0.0000 806.841 54.394 237.337
7127 1.000000 0 0.6920 0.6451 0.3241 0.9627 0.3586 0.0000 806.837 54.390 237.345
7128 1.000000 0 0.6920 0.6451 0.3241 0.9627 0.3586 0.0000 806.837 54.389 237.347
7129 1.000000 0 0.6919 0.6451 0.3241 0.9627 0.3586 0.0000 806.836 54.385 237.353
7130 1.000000 0 0.6919 0.6451 0.3241 0.9627 0.3586 0.0000 806.837 54.383 237.362
7131 1.000000 0 0.6919 0.6451 0.3241 0.9627 0.3586 0.0000 806.837 54.383 237.363
7132 1.000000 0 0.6919 0.6452 0.3241 0.9627 0.3586 0.0000 806.834 54.389 237.371
7133 1.000000 0 0.6919 0.6452 0.3241 0.9627 0.3586 0.0000 806.831 54.388 237.375
7134 1.000000 0 0.6919 0.6452 0.3241 0.9627 0.3586 0.0000 806.829 54.386 237.378
7135 1.000000 0 0.6919 0.6452 0.3241 0.9627 0.3586 0.0000 806.829 54.383 237.383
7136 1.000000 0 0.6918 0.6452 0.3241 0.9627 0.3586 0.0000 806.829 54.379 237.389
7137 1.000000 0 0.6918 0.6452 0.3241 0.9627 0.3586 0.0000 806.829 54.379 237.391
7138 1.000000 0 0.6918 0.6452 0.3241 0.9627 0.3586 0.0000 806.829 54.379 237.398
7139 1.000000 0 0.6918 0.6453 0.3241 0.9627 0.3586 0.0000 806.827 54.382 237.402
7140 1.000000 0 0.6918 0.6453 0.3241 0.9627 0.3586 0.0000 806.826 54.384 237.406
7141 1.000000 0 0.6918 0.6453 0.3241 0.9627 0.3586 0.0000 806.823 54.383 237.409
7142 1.000000 0 0.6918 0.6453 0.3241 0.9627 0.3586 0.0000 806.821 54.381 237.412
7143 1.000000 0 0.6918 0.6453 0.3241 0.9627 0.3586 0.0000 806.821 54.378 237.416
7144 1.000000 0 0.6918 0.6453 0.3241 0.9627 0.3586 0.0000 806.822 54.374 237.425
7145 1.000000 0 0.6917 0.6453 0.3241 0.9627 0.3586 0.0000 806.822 54.374 237.426
7146 1.000000 0 0.6917 0.6454 0.3241 0.9627 0.3586 0.0000 806.820 54.377 237.434
7147 1.000000 0 0.6917 0.6454 0.3241 0.9627 0.3586 0.0000 806.820 54.377 237.435
7148 1.000000 0 0.6917 0.6454 0.3241 0.9627 0.3586 0.0000 806.819 54.380 237.438
7149 1.000000 0 0.6917 0.6454 0.3241 0.9627 0.3586 0.0000 806.814 54.377 237.445
7150 1.000000 0 0.6917 0.6454 0.3241 0.9627 0.3586 0.0000 806.814 54.374 237.449
7151 1.000000 0 0.6917 0.6454 0.3241 0.9627 0.3586 0.0000 806.813 54.371 237.453
7152 1.000000 0 0.6917 0.6454 0.3241 0.9627 0.3586 0.0000 806.814 54.370 237.458
7153 1.000000 0 0.6917 0.6455 0.3241 0.9627 0.3586 0.0000 806.815 54.369 237.462
7154 1.000000 0 0.6916 0.6455 0.3241 0.9627 0.3586 0.0000 806.813 54.372 237.466
7155 1.000000 0 0.6916 0.6455 0.3241 0.9627 0.3586 0.0000 806.811 54.375 237.471
7156 1.000000 0 0.6916 0.6455 0.3241 0.9627 0.3586 0.0000 806.806 54.372 237.477
7157 1.000000 0 0.6916 0.6455 0.3241 0.9627 0.3586 0.0000 806.806 54.372 237.478
7158 1.000000 0 0.6916 0.6455 0.3240 0.9627 0.3586 0.0000 806.806 54.366 237.485
7159 1.000000 0 0.6916 0.6455 0.3240 0.9627 0.3586 0.0000 806.806 54.366 237.486
7160 1.000000 0 0.6916 0.6455 0.3240 0.9627 0.3586 0.0000 806.807 54.365 237.490
7161 1.000000 0 0.6916 0.6456 0.3240 0.9627 0.3586 0.0000 806.807 54.364 237.494
7162 1.000000 0 0.6915 0.6456 0.3240 0.9627 0.3586 0.0000 806.804 54.371 237.503
7163 1.000000 0 0.6915 0.6456 0.3240 0.9627 0.3586 0.0000 806.803 54.371 237.503
7164 1.000000 0 0.6915 0.6456 0.3240 0.9627 0.3586 0.0000 806.799 54.368 237.509
7165 1.000000 0 0.6915 0.6456 0.3240 0.9627 0.3586 0.0000 806.799 54.368 237.510
7166 1.000000 0 0.6915 0.6456 0.3240 0.9627 0.3586 0.0000 806.799 54.362 237.517
7167 1.000000 0 0.6915 0.6457 0.3240 0.9627 0.3586 0.0000 806.800 54.360 237.526
7168 1.000000 0 0.6915 0.6457 0.3240 0.9627 0.3586 0.0000 806.800 54.361 237.526
7169 1.000000 0 0.6915 0.6457 0.3240 0.9627 0.3586 0.0000 806.798 54.363 237.530
7170 1.000000 0 0.6914 0.6457 0.3240 0.9627 0.3586 0.0000 806.794 54.365 237.537
7171 1.000000 0 0.6914 0.6457 0.3240 0.9627 0.3586 0.0000 806.794 54.365 237.538
7172 1.000000 0 0.6914 0.6457 0.3240 0.9627 0.3586 0.0000 806.792 54.360 237.544
7173 1.000000 0 0.6914 0.6457 0.3240 0.9627 0.3586 0.0000 806.792 54.360 237.545
7174 1.000000 0 0.6914 0.6457 0.3240 0.9627 0.3586 0.0000 806.792 54.357 237.548
7175 1.000000 0 0.6914 0.6458 0.3240 0.9627 0.3586 0.0000 806.793 54.356 237.556
7176 1.000000 0 0.6914 0.6458 0.3240 0.9627 0.3586 0.0000 806.793 54.357 237.557
7177 1.000000 0 0.6914 0.6458 0.3240 0.9627 0.3586 0.0000 806.790 54.363 237.563
7178 1.000000 0 0.6914 0.6458 0.3240 0.9627 0.3586 0.0000 806.789 54.363 237.564
7179 1.000000 0 0.6913 0.6458 0.3240 0.9627 0.3586 0.0000 806.785 54.360 237.569
7180 1.000000 0 0.6913 0.6458 0.3240 0.9627 0.3586 0.0000 806.785 54.359 237.570
7181 1.000000 0 0.6913 0.6458 0.3240 0.9627 0.3586 0.0000 806.785 54.353 237.577
7182 1.000000 0 0.6913 0.6458 0.3240 0.9627 0.3586 0.0000 806.785 54.353 237.578
7183 1.000000 0 0.6913 0.6459 0.3240 0.9627 0.3586 0.0000 806.786 54.354 237.588
7184 1.000000 0 0.6913 0.6459 0.3240 0.9627 0.3586 0.0000 806.786 54.355 237.589
7185 1.000000 0 0.6913 0.6459 0.3240 0.9627 0.3586 0.0000 806.781 54.361 237.595
7186 1.000000 0 0.6913 0.6459 0.3240 0.9627 0.3586 0.0000 806.781 54.361 237.595
7187 1.000000 0 0.6912 0.6459 0.3240 0.9627 0.3586 0.0000 806.776 54.358 237.601
7188 1.000000 0 0.6912 0.6459 0.3240 0.9627 0.3586 0.0000 806.776 54.358 237.602
7189 1.000000 0 0.6912 0.6459 0.3240 0.9627 0.3586 0.0000 806.776 54.352 237.609
7190 1.000000 0 0.6912 0.6459 0.3240 0.9627 0.3586 0.0000 806.776 54.352 237.610
7191 1.000000 0 0.6912 0.6460 0.3240 0.9627 0.3586 0.0000 806.777 54.354 237.620
7192 1.000000 0 0.6912 0.6460 0.3240 0.9627 0.3586 0.0000 806.777 54.354 237.621
7193 1.000000 0 0.6912 0.6460 0.3240 0.9627 0.3586 0.0000 806.770 54.361 237.627
7194 1.000000 0 0.6912 0.6460 0.3240 0.9627 0.3586 0.0000 806.769 54.360 237.628
7195 1.000000 0 0.6912 0.6460 0.3240 0.9627 0.3586 0.0000 806.764 54.357 237.635
7196 1.000000 0 0.6912 0.6460 0.3240 0.9627 0.3586 0.0000 806.763 54.357 237.636
7197 1.000000 0 0.6911 0.6460 0.3240 0.9627 0.3586 0.0000 806.762 54.355 237.645
7198 1.000000 0 0.6911 0.6460 0.3240 0.9627 0.3586 0.0000 806.762 54.356 237.646
7199 1.000000 0 0.6911 0.6461 0.3240 0.9627 0.3586 0.0000 806.758 54.363 237.654
7200 1.000000 0 0.6911 0.6461 0.3240 0.9627 0.3586 0.0000 806.757 54.363 237.655
7201 1.000000 0 0.6911 0.6461 0.3240 0.9627 0.3586 0.0000 806.752 54.360 237.662
7202 1.000000 0 0.6911 0.6461 0.3240 0.9627 0.3586 0.0000 806.750 54.354 237.672
7203 1.000000 0 0.6911 0.6461 0.3240 0.9627 0.3586 0.0000 806.750 54.354 237.673
7204 1.000000 0 0.6910 0.6462 0.3240 0.9627 0.3586 0.0000 806.737 54.356 237.700
7205 1.000000 0 0.6910 0.6462 0.3240 0.9627 0.3586 0.0000 806.737 54.353 237.704
7206 1.000000 0 0.6910 0.6462 0.3240 0.9627 0.3586 0.0000 806.737 54.351 237.712
7207 1.000000 0 0.6910 0.6462 0.3239 0.9627 0.3586 0.0000 806.737 54.351 237.713
7208 1.000000 0 0.6909 0.6463 0.3239 0.9627 0.3586 0.0000 806.735 54.354 237.720
7209 1.000000 0 0.6909 0.6463 0.3239 0.9627 0.3586 0.0000 806.735 54.355 237.721
7210 1.000000 0 0.6909 0.6463 0.3239 0.9627 0.3586 0.0000 806.731 54.355 237.727
7211 1.000000 0 0.6909 0.6463 0.3239 0.9627 0.3586 0.0000 806.730 54.355 237.727
7212 1.000000 0 0.6909 0.6463 0.3239 0.9627 0.3586 0.0000 806.729 54.350 237.733
7213 1.000000 0 0.6909 0.6463 0.3239 0.9627 0.3586 0.0000 806.729 54.350 237.734
7214 1.000000 0 0.6909 0.6463 0.3239 0.9627 0.3586 0.0000 806.730 54.347 237.741
7215 1.000000 0 0.6909 0.6463 0.3239 0.9627 0.3586 0.0000 806.730 54.347 237.742
7216 1.000000 0 0.6908 0.6464 0.3239 0.9627 0.3586 0.0000 806.728 54.350 237.749
7217 1.000000 0 0.6908 0.6464 0.3239 0.9627 0.3586 0.0000 806.728 54.351 237.750
7218 1.000000 0 0.6908 0.6464 0.3239 0.9627 0.3586 0.0000 806.724 54.351 237.755
7219 1.000000 0 0.6908 0.6464 0.3239 0.9627 0.3586 0.0000 806.723 54.351 237.756
7220 1.000000 0 0.6908 0.6464 0.3239 0.9627 0.3586 0.0000 806.722 54.346 237.762
7221 1.000000 0 0.6908 0.6464 0.3239 0.9627 0.3586 0.0000 806.722 54.346 237.763
7222 1.000000 0 0.6908 0.6464 0.3239 0.9627 0.3586 0.0000 806.723 54.344 237.770
7223 1.000000 0 0.6908 0.6465 0.3239 0.9627 0.3586 0.0000 806.723 54.344 237.770
7224 1.000000 0 0.6908 0.6465 0.3239 0.9627 0.3586 0.0000 806.721 54.347 237.777
7225 1.000000 0 0.6908 0.6465 0.3239 0.9627 0.3586 0.0000 806.721 54.347 237.778
7226 1.000000 0 0.6907 0.6465 0.3239 0.9627 0.3586 0.0000 806.717 54.348 237.783
7227 1.000000 0 0.6907 0.6465 0.3239 0.9627 0.3586 0.0000 806.717 54.347 237.784
7228 1.000000 0 0.6907 0.6465 0.3239 0.9627 0.3586 0.0000 806.715 54.343 237.790
7229 1.000000 0 0.6907 0.6465 0.3239 0.9627 0.3586 0.0000 806.715 54.342 237.790
7230 1.000000 0 0.6907 0.6466 0.3239 0.9627 0.3586 0.0000 806.716 54.340 237.799
7231 1.000000 0 0.6907 0.6466 0.3239 0.9627 0.3586 0.0000 806.717 54.340 237.801
7232 1.000000 0 0.6907 0.6466 0.3239 0.9627 0.3586 0.0000 806.714 54.343 237.805
7233 1.000000 0 0.6906 0.6466 0.3239 0.9627 0.3586 0.0000 806.710 54.344 237.811
7234 1.000000 0 0.6906 0.6466 0.3239 0.9627 0.3586 0.0000 806.710 54.344 237.811
7235 1.000000 0 0.6906 0.6466 0.3239 0.9627 0.3586 0.0000 806.708 54.339 237.817
7236 1.000000 0 0.6906 0.6466 0.3239 0.9627 0.3586 0.0000 806.708 54.338 237.818
7237 1.000000 0 0.6906 0.6467 0.3239 0.9627 0.3586 0.0000 806.709 54.336 237.825
7238 1.000000 0 0.6906 0.6467 0.3239 0.9627 0.3586 0.0000 806.709 54.336 237.825
7239 1.000000 0 0.6906 0.6467 0.3239 0.9627 0.3586 0.0000 806.708 54.340 237.832
7240 1.000000 0 0.6906 0.6467 0.3239 0.9627 0.3586 0.0000 806.707 54.340 237.832
7241 1.000000 0 0.6906 0.6467 0.3239 0.9627 0.3586 0.0000 806.703 54.340 237.838
7242 1.000000 0 0.6906 0.6467 0.3239 0.9627 0.3586 0.0000 806.703 54.340 237.838
7243 1.000000 0 0.6905 0.6467 0.3239 0.9627 0.3586 0.0000 806.702 54.336 237.844
7244 1.000000 0 0.6905 0.6468 0.3239 0.9627 0.3586 0.0000 806.702 54.333 237.849
7245 1.000000 0 0.6905 0.6468 0.3239 0.9627 0.3586 0.0000 806.703 54.333 237.852
7246 1.000000 0 0.6905 0.6468 0.3239 0.9627 0.3586 0.0000 806.701 54.336 237.858
7247 1.000000 0 0.6905 0.6468 0.3239 0.9627 0.3586 0.0000 806.701 54.337 237.859
7248 1.000000 0 0.6905 0.6468 0.3239 0.9627 0.3586 0.0000 806.697 54.337 237.864
7249 1.000000 0 0.6905 0.6468 0.3239 0.9627 0.3586 0.0000 806.697 54.337 237.864
7250 1.000000 0 0.6904 0.6468 0.3239 0.9627 0.3586 0.0000 806.695 54.332 237.870
7251 1.000000 0 0.6904 0.6468 0.3239 0.9627 0.3586 0.0000 806.695 54.331 237.871
7252 1.000000 0 0.6904 0.6469 0.3239 0.9627 0.3586 0.0000 806.696 54.329 237.877
7253 1.000000 0 0.6904 0.6469 0.3239 0.9627 0.3586 0.0000 806.696 54.329 237.878
7254 1.000000 0 0.6904 0.6469 0.3239 0.9627 0.3586 0.0000 806.695 54.332 237.884
7255 1.000000 0 0.6904 0.6469 0.3239 0.9627 0.3586 0.0000 806.691 54.334 237.890
7256 1.000000 0 0.6904 0.6469 0.3239 0.9627 0.3586 0.0000 806.689 54.332 237.892
7257 1.000000 0 0.6904 0.6469 0.3239 0.9627 0.3586 0.0000 806.689 54.329 237.896
7258 1.000000 0 0.6903 0.6470 0.3239 0.9627 0.3586 0.0000 806.689 54.326 237.900
7259 1.000000 0 0.6903 0.6470 0.3239 0.9627 0.3586 0.0000 806.690 54.326 237.902
7260 1.000000 0 0.6903 0.6470 0.3238 0.9627 0.3586 0.0000 806.691 54.326 237.906
7261 1.000000 0 0.6903 0.6470 0.3238 0.9627 0.3586 0.0000 806.689 54.329 237.909
7262 1.000000 0 0.6903 0.6470 0.3238 0.9627 0.3586 0.0000 806.685 54.330 237.915
7263 1.000000 0 0.6903 0.6470 0.3238 0.9627 0.3586 0.0000 806.684 54.330 237.915
7264 1.000000 0 0.6903 0.6470 0.3238 0.9627 0.3586 0.0000 806.683 54.325 237.921
7265 1.000000 0 0.6903 0.6470 0.3238 0.9627 0.3586 0.0000 806.683 54.325 237.921
7266 1.000000 0 0.6902 0.6471 0.3238 0.9627 0.3586 0.0000 806.684 54.323 237.927
7267 1.000000 0 0.6902 0.6471 0.3238 0.9627 0.3586 0.0000 806.684 54.323 237.928
7268 1.000000 0 0.6902 0.6471 0.3238 0.9627 0.3586 0.0000 806.683 54.326 237.934
7269 1.000000 0 0.6902 0.6471 0.3238 0.9627 0.3586 0.0000 806.682 54.326 237.935
7270 1.000000 0 0.6902 0.6471 0.3238 0.9627 0.3586 0.0000 806.678 54.327 237.939
7271 1.000000 0 0.6902 0.6471 0.3238 0.9627 0.3586 0.0000 806.678 54.327 237.940
7272 1.000000 0 0.6902 0.6472 0.3238 0.9627 0.3586 0.0000 806.677 54.321 237.946
7273 1.000000 0 0.6902 0.6472 0.3238 0.9627 0.3586 0.0000 806.677 54.319 237.948
7274 1.000000 0 0.6901 0.6472 0.3238 0.9627 0.3586 0.0000 806.679 54.320 237.955
7275 1.000000 0 0.6901 0.6472 0.3238 0.9627 0.3586 0.0000 806.679 54.320 237.956
7276 1.000000 0 0.6901 0.6472 0.3238 0.9627 0.3586 0.0000 806.674 54.325 237.961
7277 1.000000 0 0.6901 0.6472 0.3238 0.9627 0.3586 0.0000 806.674 54.325 237.962
7278 1.000000 0 0.6901 0.6472 0.3238 0.9627 0.3586 0.0000 806.673 54.324 237.964
7279 1.000000 0 0.6901 0.6473 0.3238 0.9627 0.3586 0.0000 806.671 54.319 237.969
7280 1.000000 0 0.6901 0.6473 0.3238 0.9627 0.3586 0.0000 806.671 54.318 237.970
7281 1.000000 0 0.6901 0.6473 0.3238 0.9627 0.3586 0.0000 806.672 54.316 237.976
7282 1.000000 0 0.6901 0.6473 0.3238 0.9627 0.3586 0.0000 806.672 54.316 237.977
7283 1.000000 0 0.6900 0.6473 0.3238 0.9627 0.3586 0.0000 806.671 54.320 237.982
7284 1.000000 0 0.6900 0.6473 0.3238 0.9627 0.3586 0.0000 806.670 54.320 237.983
7285 1.000000 0 0.6900 0.6473 0.3238 0.9627 0.3586 0.0000 806.667 54.321 237.987
7286 1.000000 0 0.6900 0.6473 0.3238 0.9627 0.3586 0.0000 806.665 54.318 237.991
7287 1.000000 0 0.6900 0.6474 0.3238 0.9627 0.3586 0.0000 806.665 54.315 237.994
7288 1.000000 0 0.6900 0.6474 0.3238 0.9627 0.3586 0.0000 806.665 54.313 237.996
7289 1.000000 0 0.6900 0.6474 0.3238 0.9627 0.3586 0.0000 806.667 54.314 238.002
7290 1.000000 0 0.6900 0.6474 0.3238 0.9627 0.3586 0.0000 806.667 54.314 238.003
7291 1.000000 0 0.6899 0.6474 0.3238 0.9627 0.3586 0.0000 806.665 54.316 238.005
7292 1.000000 0 0.6899 0.6474 0.3238 0.9627 0.3586 0.0000 806.661 54.318 238.010
7293 1.000000 0 0.6899 0.6474 0.3238 0.9627 0.3586 0.0000 806.661 54.317 238.011
7294 1.000000 0 0.6899 0.6475 0.3238 0.9627 0.3586 0.0000 806.659 54.313 238.016
7295 1.000000 0 0.6899 0.6475 0.3238 0.9627 0.3586 0.0000 806.659 54.312 238.016
7296 1.000000 0 0.6899 0.6475 0.3238 0.9627 0.3586 0.0000 806.661 54.310 238.022
7297 1.000000 0 0.6899 0.6475 0.3238 0.9627 0.3586 0.0000 806.661 54.310 238.022
7298 1.000000 0 0.6899 0.6475 0.3238 0.9627 0.3586 0.0000 806.660 54.313 238.028
7299 1.000000 0 0.6898 0.6475 0.3238 0.9627 0.3586 0.0000 806.655 54.314 238.033
7300 1.000000 0 0.6898 0.6476 0.3238 0.9627 0.3586 0.0000 806.654 54.313 238.035
7301 1.000000 0 0.6898 0.6476 0.3238 0.9627 0.3586 0.0000 806.654 54.310 238.038
7302 1.000000 0 0.6898 0.6476 0.3238 0.9627 0.3586 0.0000 806.654 54.306 238.041
7303 1.000000 0 0.6898 0.6476 0.3238 0.9627 0.3586 0.0000 806.656 54.308 238.047
7304 1.000000 0 0.6898 0.6476 0.3238 0.9627 0.3586 0.0000 806.656 54.308 238.048
7305 1.000000 0 0.6898 0.6476 0.3238 0.9627 0.3586 0.0000 806.652 54.313 238.053
7306 1.000000 0 0.6897 0.6476 0.3238 0.9627 0.3586 0.0000 806.652 54.313 238.053
7307 1.000000 0 0.6897 0.6477 0.3238 0.9627 0.3586 0.0000 806.648 54.310 238.057
7308 1.000000 0 0.6897 0.6477 0.3238 0.9627 0.3586 0.0000 806.648 54.309 238.058
7309 1.000000 0 0.6897 0.6477 0.3238 0.9627 0.3586 0.0000 806.649 54.304 238.063
7310 1.000000 0 0.6897 0.6477 0.3238 0.9627 0.3586 0.0000 806.649 54.304 238.063
7311 1.000000 0 0.6897 0.6477 0.3237 0.9627 0.3586 0.0000 806.650 54.306 238.070
7312 1.000000 0 0.6897 0.6477 0.3237 0.9627 0.3586 0.0000 806.650 54.306 238.071
7313 1.000000 0 0.6897 0.6477 0.3237 0.9627 0.3586 0.0000 806.647 54.310 238.074
7314 1.000000 0 0.6896 0.6477 0.3237 0.9627 0.3586 0.0000 806.645 54.309 238.076
7315 1.000000 0 0.6896 0.6478 0.3237 0.9627 0.3586 0.0000 806.643 54.307 238.079
7316 1.000000 0 0.6896 0.6478 0.3237 0.9627 0.3586 0.0000 806.643 54.304 238.081
7317 1.000000 0 0.6896 0.6478 0.3237 0.9627 0.3586 0.0000 806.645 54.301 238.087
7318 1.000000 0 0.6896 0.6478 0.3237 0.9627 0.3586 0.0000 806.645 54.301 238.088
7319 1.000000 0 0.6896 0.6478 0.3237 0.9627 0.3586 0.0000 806.644 54.305 238.093
7320 1.000000 0 0.6896 0.6478 0.3237 0.9627 0.3586 0.0000 806.643 54.305 238.094
7321 1.000000 0 0.6896 0.6478 0.3237 0.9627 0.3586 0.0000 806.640 54.306 238.098
7322 1.000000 0 0.6896 0.6479 0.3237 0.9627 0.3586 0.0000 806.639 54.305 238.098
7323 1.000000 0 0.6895 0.6479 0.3237 0.9627 0.3586 0.0000 806.638 54.301 238.102
7324 1.000000 0 0.6895 0.6479 0.3237 0.9627 0.3586 0.0000 806.638 54.301 238.103
7325 1.000000 0 0.6895 0.6479 0.3237 0.9627 0.3586 0.0000 806.640 54.298 238.108
7326 1.000000 0 0.6895 0.6479 0.3237 0.9627 0.3586 0.0000 806.640 54.299 238.109
7327 1.000000 0 0.6895 0.6479 0.3237 0.9627 0.3586 0.0000 806.639 54.302 238.114
7328 1.000000 0 0.6895 0.6480 0.3237 0.9627 0.3586 0.0000 806.635 54.304 238.116
7329 1.000000 0 0.6895 0.6480 0.3237 0.9627 0.3586 0.0000 806.633 54.303 238.116
7330 1.000000 0 0.6894 0.6480 0.3237 0.9627 0.3586 0.0000 806.633 54.300 238.118
7331 1.000000 0 0.6894 0.6480 0.3237 0.9627 0.3586 0.0000 806.634 54.297 238.121
7332 1.000000 0 0.6894 0.6480 0.3237 0.9627 0.3586 0.0000 806.636 54.297 238.127
7333 1.000000 0 0.6894 0.6480 0.3237 0.9627 0.3586 0.0000 806.634 54.300 238.130
7334 1.000000 0 0.6894 0.6480 0.3237 0.9627 0.3586 0.0000 806.632 54.303 238.132
7335 1.000000 0 0.6894 0.6481 0.3237 0.9627 0.3586 0.0000 806.631 54.302 238.132
7336 1.000000 0 0.6894 0.6481 0.3237 0.9627 0.3586 0.0000 806.629 54.301 238.132
7337 1.000000 0 0.6894 0.6481 0.3237 0.9627 0.3586 0.0000 806.629 54.298 238.134
7338 1.000000 0 0.6893 0.6481 0.3237 0.9627 0.3586 0.0000 806.630 54.295 238.137
7339 1.000000 0 0.6893 0.6481 0.3237 0.9627 0.3586 0.0000 806.632 54.295 238.143
7340 1.000000 0 0.6893 0.6481 0.3237 0.9627 0.3586 0.0000 806.630 54.298 238.145
7341 1.000000 0 0.6893 0.6481 0.3237 0.9627 0.3586 0.0000 806.628 54.301 238.148
7342 1.000000 0 0.6893 0.6482 0.3237 0.9627 0.3586 0.0000 806.627 54.299 238.150
7343 1.000000 0 0.6893 0.6482 0.3237 0.9627 0.3586 0.0000 806.625 54.297 238.152
7344 1.000000 0 0.6893 0.6482 0.3237 0.9627 0.3586 0.0000 806.625 54.297 238.152
7345 1.000000 0 0.6892 0.6482 0.3237 0.9627 0.3586 0.0000 806.626 54.291 238.157
7346 1.000000 0 0.6892 0.6482 0.3237 0.9627 0.3586 0.0000 806.626 54.291 238.158
7347 1.000000 0 0.6892 0.6482 0.3237 0.9627 0.3586 0.0000 806.628 54.292 238.163
7348 1.000000 0 0.6892 0.6482 0.3237 0.9627 0.3586 0.0000 806.626 54.295 238.165
7349 1.000000 0 0.6892 0.6483 0.3237 0.9627 0.3586 0.0000 806.622 54.297 238.167
7350 1.000000 0 0.6892 0.6483 0.3237 0.9627 0.3586 0.0000 806.622 54.297 238.167
7351 1.000000 0 0.6892 0.6483 0.3237 0.9627 0.3586 0.0000 806.621 54.293 238.170
7352 1.000000 0 0.6892 0.6483 0.3237 0.9627 0.3586 0.0000 806.621 54.293 238.170
7353 1.000000 0 0.6891 0.6483 0.3237 0.9627 0.3586 0.0000 806.622 54.290 238.175
7354 1.000000 0 0.6891 0.6483 0.3237 0.9627 0.3586 0.0000 806.623 54.290 238.176
7355 1.000000 0 0.6891 0.6483 0.3237 0.9627 0.3586 0.0000 806.622 54.293 238.180
7356 1.000000 0 0.6891 0.6483 0.3237 0.9627 0.3586 0.0000 806.621 54.294 238.181
7357 1.000000 0 0.6891 0.6484 0.3237 0.9627 0.3586 0.0000 806.618 54.295 238.182
7358 1.000000 0 0.6891 0.6484 0.3237 0.9627 0.3586 0.0000 806.618 54.295 238.182
7359 1.000000 0 0.6891 0.6484 0.3237 0.9627 0.3586 0.0000 806.617 54.292 238.185
7360 1.000000 0 0.6891 0.6484 0.3237 0.9627 0.3586 0.0000 806.617 54.291 238.185
7361 1.000000 0 0.6891 0.6484 0.3237 0.9627 0.3586 0.0000 806.618 54.289 238.190
7362 1.000000 0 0.6891 0.6484 0.3237 0.9627 0.3586 0.0000 806.619 54.289 238.191
7363 1.000000 0 0.6890 0.6484 0.3236 0.9627 0.3586 0.0000 806.618 54.291 238.195
7364 1.000000 0 0.6890 0.6484 0.3236 0.9627 0.3586 0.0000 806.618 54.292 238.196
7365 1.000000 0 0.6890 0.6485 0.3236 0.9627 0.3586 0.0000 806.615 54.294 238.197
7366 1.000000 0 0.6890 0.6485 0.3236 0.9627 0.3586 0.0000 806.614 54.293 238.197
7367 1.000000 0 0.6890 0.6485 0.3236 0.9627 0.3586 0.0000 806.613 54.290 238.199
7368 1.000000 0 0.6890 0.6485 0.3236 0.9627 0.3586 0.0000 806.613 54.289 238.200
7369 1.000000 0 0.6890 0.6485 0.3236 0.9627 0.3586 0.0000 806.615 54.287 238.205
7370 1.000000 0 0.6890 0.6485 0.3236 0.9627 0.3586 0.0000 806.616 54.287 238.207
7371 1.000000 0 0.6889 0.6485 0.3236 0.9627 0.3586 0.0000 806.615 54.289 238.210
7372 1.000000 0 0.6889 0.6486 0.3236 0.9627 0.3586 0.0000 806.613 54.292 238.212
7373 1.000000 0 0.6889 0.6486 0.3236 0.9627 0.3586 0.0000 806.609 54.289 238.216
7374 1.000000 0 0.6889 0.6486 0.3236 0.9627 0.3586 0.0000 806.609 54.288 238.216
7375 1.000000 0 0.6889 0.6486 0.3236 0.9627 0.3586 0.0000 806.609 54.286 238.218
7376 1.000000 0 0.6889 0.6486 0.3236 0.9627 0.3586 0.0000 806.611 54.283 238.223
7377 1.000000 0 0.6889 0.6486 0.3236 0.9627 0.3586 0.0000 806.612 54.283 238.224
7378 1.000000 0 0.6889 0.6487 0.3236 0.9627 0.3586 0.0000 806.611 54.287 238.228
7379 1.000000 0 0.6889 0.6487 0.3236 0.9627 0.3586 0.0000 806.610 54.287 238.229
7380 1.000000 0 0.6888 0.6487 0.3236 0.9627 0.3586 0.0000 806.607 54.289 238.230
7381 1.000000 0 0.6888 0.6487 0.3236 0.9627 0.3586 0.0000 806.607 54.289 238.230
7382 1.000000 0 0.6888 0.6487 0.3236 0.9627 0.3586 0.0000 806.605 54.285 238.232
7383 1.000000 0 0.6888 0.6487 0.3236 0.9627 0.3586 0.0000 806.606 54.285 238.233
7384 1.000000 0 0.6888 0.6487 0.3236 0.9627 0.3586 0.0000 806.607 54.282 238.237
7385 1.000000 0 0.6887 0.6488 0.3236 0.9627 0.3586 0.0000 806.604 54.287 238.244
7386 1.000000 0 0.6887 0.6488 0.3236 0.9627 0.3586 0.0000 806.603 54.287 238.244
7387 1.000000 0 0.6887 0.6488 0.3236 0.9627 0.3586 0.0000 806.602 54.284 238.246
7388 1.000000 0 0.6887 0.6488 0.3236 0.9627 0.3586 0.0000 806.602 54.283 238.247
7389 1.000000 0 0.6887 0.6488 0.3236 0.9627 0.3586 0.0000 806.604 54.280 238.252
7390 1.000000 0 0.6887 0.6488 0.3236 0.9627 0.3586 0.0000 806.604 54.280 238.253
7391 1.000000 0 0.6887 0.6489 0.3236 0.9627 0.3586 0.0000 806.603 54.284 238.256
7392 1.000000 0 0.6887 0.6489 0.3236 0.9627 0.3586 0.0000 806.602 54.286 238.258
7393 1.000000 0 0.6886 0.6489 0.3236 0.9627 0.3586 0.0000 806.600 54.285 238.260
7394 1.000000 0 0.6886 0.6489 0.3236 0.9627 0.3586 0.0000 806.598 54.283 238.261
7395 1.000000 0 0.6886 0.6489 0.3236 0.9627 0.3586 0.0000 806.598 54.280 238.264
7396 1.000000 0 0.6886 0.6489 0.3236 0.9627 0.3586 0.0000 806.599 54.277 238.266
7397 1.000000 0 0.6886 0.6489 0.3236 0.9627 0.3586 0.0000 806.601 54.278 238.270
7398 1.000000 0 0.6886 0.6490 0.3236 0.9627 0.3586 0.0000 806.601 54.279 238.272
7399 1.000000 0 0.6886 0.6490 0.3236 0.9627 0.3586 0.0000 806.598 54.284 238.275
7400 1.000000 0 0.6886 0.6490 0.3236 0.9627 0.3586 0.0000 806.596 54.283 238.275
7401 1.000000 0 0.6885 0.6490 0.3236 0.9627 0.3586 0.0000 806.594 54.282 238.275
7402 1.000000 0 0.6885 0.6490 0.3236 0.9627 0.3586 0.0000 806.594 54.279 238.277
7403 1.000000 0 0.6885 0.6490 0.3236 0.9627 0.3586 0.0000 806.595 54.276 238.279
7404 1.000000 0 0.6885 0.6491 0.3236 0.9627 0.3586 0.0000 806.597 54.276 238.284
7405 1.000000 0 0.6885 0.6491 0.3236 0.9627 0.3586 0.0000 806.596 54.279 238.286
7406 1.000000 0 0.6885 0.6491 0.3236 0.9627 0.3586 0.0000 806.594 54.282 238.288
7407 1.000000 0 0.6885 0.6491 0.3236 0.9627 0.3586 0.0000 806.592 54.282 238.288
7408 1.000000 0 0.6885 0.6491 0.3236 0.9627 0.3586 0.0000 806.591 54.281 238.288
7409 1.000000 0 0.6884 0.6491 0.3236 0.9627 0.3586 0.0000 806.591 54.278 238.290
7410 1.000000 0 0.6884 0.6491 0.3236 0.9627 0.3586 0.0000 806.592 54.275 238.293
7411 1.000000 0 0.6884 0.6491 0.3236 0.9627 0.3586 0.0000 806.593 54.275 238.295
7412 1.000000 0 0.6884 0.6492 0.3236 0.9627 0.3586 0.0000 806.594 54.275 238.297
7413 1.000000 0 0.6884 0.6492 0.3236 0.9627 0.3586 0.0000 806.593 54.278 238.300
7414 1.000000 0 0.6884 0.6492 0.3235 0.9627 0.3586 0.0000 806.591 54.281 238.302
7415 1.000000 0 0.6884 0.6492 0.3235 0.9627 0.3586 0.0000 806.589 54.280 238.301
7416 1.000000 0 0.6884 0.6492 0.3235 0.9627 0.3586 0.0000 806.587 54.279 238.301
7417 1.000000 0 0.6884 0.6492 0.3235 0.9627 0.3586 0.0000 806.588 54.276 238.303
7418 1.000000 0 0.6883 0.6492 0.3235 0.9627 0.3586 0.0000 806.588 54.273 238.305
7419 1.000000 0 0.6883 0.6492 0.3235 0.9627 0.3586 0.0000 806.590 54.273 238.308
7420 1.000000 0 0.6883 0.6493 0.3235 0.9627 0.3586 0.0000 806.591 54.273 238.310
7421 1.000000 0 0.6883 0.6493 0.3235 0.9627 0.3586 0.0000 806.589 54.277 238.313
7422 1.000000 0 0.6883 0.6493 0.3235 0.9627 0.3586 0.0000 806.588 54.279 238.314
7423 1.000000 0 0.6883 0.6493 0.3235 0.9627 0.3586 0.0000 806.586 54.277 238.316
7424 1.000000 0 0.6882 0.6494 0.3235 0.9627 0.3586 0.0000 806.586 54.274 238.329
7425 1.000000 0 0.6882 0.6494 0.3235 0.9627 0.3586 0.0000 806.585 54.274 238.329
7426 1.000000 0 0.6882 0.6494 0.3235 0.9627 0.3586 0.0000 806.584 54.277 238.330
7427 1.000000 0 0.6882 0.6494 0.3235 0.9627 0.3586 0.0000 806.582 54.276 238.330
7428 1.000000 0 0.6882 0.6494 0.3235 0.9627 0.3586 0.0000 806.581 54.275 238.330
7429 1.000000 0 0.6882 0.6494 0.3235 0.9627 0.3586 0.0000 806.581 54.271 238.332
7430 1.000000 0 0.6881 0.6495 0.3235 0.9627 0.3586 0.0000 806.583 54.269 238.336
7431 1.000000 0 0.6881 0.6495 0.3235 0.9627 0.3586 0.0000 806.583 54.269 238.337
7432 1.000000 0 0.6881 0.6495 0.3235 0.9627 0.3586 0.0000 806.583 54.269 238.339
7433 1.000000 0 0.6881 0.6495 0.3235 0.9627 0.3586 0.0000 806.583 54.269 238.339
7434 1.000000 0 0.6881 0.6495 0.3235 0.9627 0.3586 0.0000 806.582 54.268 238.339
7435 1.000000 0 0.6881 0.6495 0.3235 0.9627 0.3586 0.0000 806.582 54.268 238.339
7436 1.000000 0 0.6881 0.6495 0.3235 0.9627 0.3586 0.0000 806.582 54.266 238.339
7437 1.000000 0 0.6881 0.6495 0.3235 0.9627 0.3586 0.0000 806.582 54.264 238.339
7438 1.000000 0 0.6881 0.6496 0.3235 0.9627 0.3586 0.0000 806.582 54.262 238.339
7439 1.000000 0 0.6880 0.6496 0.3235 0.9627 0.3586 0.0000 806.582 54.261 238.339
7440 1.000000 0 0.6880 0.6496 0.3235 0.9627 0.3586 0.0000 806.582 54.260 238.339
7441 1.000000 0 0.6880 0.6496 0.3235 0.9627 0.3586 0.0000 806.582 54.259 238.339
7442 1.000000 0 0.6880 0.6496 0.3235 0.9627 0.3586 0.0000 806.582 54.258 238.339
7443 1.000000 0 0.6880 0.6496 0.3235 0.9627 0.3586 0.0000 806.582 54.257 238.339
7444 1.000000 0 0.6880 0.6496 0.3235 0.9627 0.3586 0.0000 806.582 54.257 238.339
7445 1.000000 0 0.6880 0.6496 0.3235 0.9627 0.3586 0.0000 806.582 54.257 238.339
7446 1.000000 0 0.6880 0.6497 0.3235 0.9627 0.3586 0.0000 806.582 54.258 238.339
7447 1.000000 0 0.6880 0.6497 0.3235 0.9627 0.3586 0.0000 806.582 54.258 238.339
7448 1.000000 0 0.6879 0.6497 0.3235 0.9627 0.3586 0.0000 806.582 54.259 238.339
7449 1.000000 0 0.6879 0.6497 0.3235 0.9627 0.3586 0.0000 806.582 54.259 238.339
7450 1.000000 0 0.6879 0.6497 0.3235 0.9627 0.3586 0.0000 806.582 54.260 238.339
7451 1.000000 0 0.6879 0.6497 0.3235 0.9627 0.3586 0.0000 806.582 54.261 238.339
7452 1.000000 0 0.6879 0.6497 0.3235 0.9627 0.3586 0.0000 806.582 54.262 238.339
7453 1.000000 0 0.6879 0.6498 0.3235 0.9627 0.3586 0.0000 806.582 54.263 238.339
7454 1.000000 0 0.6879 0.6498 0.3235 0.9627 0.3586 0.0000 806.582 54.264 238.339
7455 1.000000 0 0.6879 0.6498 0.3235 0.9627 0.3586 0.0000 806.582 54.264 238.339
7456 1.000000 0 0.6879 0.6498 0.3235 0.9627 0.3586 0.0000 806.582 54.265 238.339
7457 1.000000 0 0.6878 0.6498 0.3235 0.9627 0.3586 0.0000 806.582 54.266 238.339
7458 1.000000 0 0.6878 0.6498 0.3235 0.9627 0.3586 0.0000 806.582 54.267 238.339
7459 1.000000 0 0.6878 0.6498 0.3235 0.9627 0.3586 0.0000 806.582 54.267 238.339
7460 1.000000 0 0.6878 0.6498 0.3235 0.9627 0.3586 0.0000 806.582 54.268 238.339
7461 1.000000 0 0.6878 0.6499 0.3235 0.9627 0.3586 0.0000 806.582 54.269 238.339
7462 1.000000 0 0.6878 0.6499 0.3235 0.9627 0.3586 0.0000 806.582 54.269 238.339
7463 1.000000 0 0.6878 0.6499 0.3235 0.9627 0.3586 0.0000 806.582 54.269 238.339
7464 1.000000 0 0.6878 0.6499 0.3235 0.9627 0.3586 0.0000 806.582 54.269 238.339
7465 1.000000 0 0.6877 0.6499 0.3234 0.9627 0.3586 0.0000 806.582 54.270 238.339
7466 1.000000 0 0.6877 0.6499 0.3234 0.9627 0.3586 0.0000 806.582 54.270 238.339
7467 1.000000 0 0.6877 0.6499 0.3234 0.9627 0.3586 0.0000 806.582 54.270 238.339
7468 1.000000 0 0.6877 0.6500 0.3234 0.9627 0.3586 0.0000 806.582 54.270 238.339
7469 1.000000 0 0.6877 0.6500 0.3234 0.9627 0.3586 0.0000 806.582 54.270 238.339
7470 1.000000 0 0.6877 0.6500 0.3234 0.9627 0.3586 0.0000 806.582 54.270 238.339
7471 1.000000 0 0.6877 0.6500 0.3234 0.9627 0.3586 0.0000 806.582 54.270 238.339
7472 1.000000 0 0.6877 0.6500 0.3234 0.9627 0.3586 0.0000 806.582 54.270 238.339
7473 1.000000 0 0.6877 0.6500 0.3234 0.9627 0.3586 0.0000 806.582 54.270 238.339
7474 1.000000 0 0.6876 0.6500 0.3234 0.9627 0.3586 0.0000 806.582 54.270 238.339
7475 1.000000 0 0.6876 0.6500 0.3234 0.9627 0.3586 0.0000 806.582 54.270 238.339
7476 1.000000 0 0.6876 0.6501 0.3234 0.9627 0.3586 0.0000 806.582 54.270 238.339
7477 1.000000 0 0.6876 0.6501 0.3234 0.9627 0.3586 0.0000 806.582 54.270 238.339
7478 1.000000 0 0.6876 0.6501 0.3234 0.9627 0.3586 0.0000 806.582 54.270 238.339
7479 1.000000 0 0.6876 0.6501 0.3234 0.9627 0.3586 0.0000 806.582 54.270 238.339
7480 1.000000 0 0.6876 0.6501 0.3234 0.9627 0.3586 0.0000 806.582 54.270 238.339
7481 1.000000 0 0.6876 0.6501 0.3234 0.9627 0.3586 0.0000 806.582 54.270 238.339
7482 1.000000 0 0.6875 0.6501 0.3234 0.9627 0.3586 0.0000 806.582 54.270 238.339
7483 1.000000 0 0.6875 0.6501 0.3234 0.9627 0.3586 0.0000 806.582 54.270 238.339
7484 1.000000 0 0.6875 0.6502 0.3234 0.9627 0.3586 0.0000 806.582 54.270 238.339
7485 1.000000 0 0.6875 0.6502 0.3234 0.9627 0.3586 0.0000 806.582 54.270 238.339
7486 1.000000 0 0.6875 0.6502 0.3234 0.9627 0.3586 0.0000 806.582 54.270 238.339
7487 1.000000 0 0.6875 0.6502 0.3234 0.9627 0.3586 0.0000 806.582 54.270 238.339
7488 1.000000 0 0.6875 0.6502 0.3234 0.9627 0.3586 0.0000 806.582 54.270 238.339
7489 1.000000 0 0.6875 0.6502 0.3234 0.9627 0.3586 0.0000 806.582 54.270 238.339
7490 1.000000 0 0.6875 0.6502 0.3234 0.9627 0.3586 0.0000 806.582 54.270 238.339
7491 1.000000 0 0.6874 0.6503 0.3234 0.9627 0.3586 0.0000 806.582 54.270 238.339
7492 1.000000 0 0.6874 0.6503 0.3234 0.9627 0.3586 0.0000 806.582 54.270 238.339
7493 1.000000 0 0.6874 0.6503 0.3234 0.9627 0.3586 0.0000 806.582 54.270 238.339
7494 1.000000 0 0.6874 0.6503 0.3234 0.9627 0.3586 0.0000 806.582 54.270 238.339
7495 1.000000 0 0.6874 0.6503 0.3234 0.9627 0.3586 0.0000 806.582 54.270 238.339
7496 1.000000 0 0.6874 0.6503 0.3234 0.9627 0.3586 0.0000 806.582 54.270 238.339
7497 1.000000 0 0.6874 0.6503 0.3234 0.9627 0.3586 0.0000 806.582 54.270 238.339
7498 1.000000 0 0.6874 0.6503 0.3234 0.9627 0.3586 0.0000 806.582 54.270 238.339
7499 1.000000 0 0.6873 0.6504 0.3234 0.9627 0.3586 0.0000 806.582 54.270 238.339
7500 1.000000 0 0.6873 0.6504 0.3234 0.9627 0.3586 0.0000 806.582 54.270 238.339
7501 1.000000 0 0.6873 0.6504 0.3234 0.9627 0.3586 0.0000 806.582 54.270 238.339
7502 1.000000 0 0.6873 0.6504 0.3234 0.9627 0.3586 0.0000 806.582 54.270 238.339
7503 1.000000 0 0.6873 0.6504 0.3234 0.9627 0.3586 0.0000 806.582 54.270 238.339
7504 1.000000 0 0.6873 0.6504 0.3234 0.9627 0.3586 0.0000 806.582 54.270 238.339
7505 1.000000 0 0.6873 0.6504 0.3234 0.9627 0.3586 0.0000 806.582 54.270 238.339
7506 1.000000 0 0.6873 0.6505 0.3234 0.9627 0.3586 0.0000 806.582 54.270 238.339
7507 1.000000 0 0.6872 0.6505 0.3234 0.9627 0.3586 0.0000 806.582 54.270 238.339
7508 1.000000 0 0.6872 0.6505 0.3234 0.9627 0.3586 0.0000 806.582 54.270 238.339
7509 1.000000 0 0.6872 0.6505 0.3234 0.9627 0.3586 0.0000 806.582 54.270 238.339
7510 1.000000 0 0.6872 0.6505 0.3234 0.9627 0.3586 0.0000 806.582 54.270 238.339
7511 1.000000 0 0.6872 0.6505 0.3234 0.9627 0.3586 0.0000 806.582 54.270 238.339
7512 1.000000 0 0.6872 0.6505 0.3234 0.9627 0.3586 0.0000 806.582 54.270 238.339
7513 1.000000 0 0.6872 0.6506 0.3234 0.9627 0.3586 0.0000 806.582 54.270 238.339
7514 1.000000 0 0.6871 0.6506 0.3234 0.9627 0.3586 0.0000 806.582 54.270 238.339
7515 1.000000 0 0.6871 0.6506 0.3234 0.9627 0.3586 0.0000 806.582 54.270 238.339
7516 1.000000 0 0.6871 0.6506 0.3234 0.9627 0.3586 0.0000 806.582 54.270 238.339
7517 1.000000 0 0.6871 0.6506 0.3234 0.9627 0.3586 0.0000 806.582 54.270 238.339
7518 1.000000 0 0.6871 0.6506 0.3233 0.9627 0.3586 0.0000 806.582 54.270 238.339
7519 1.000000 0 0.6871 0.6506 0.3233 0.9627 0.3586 0.0000 806.582 54.270 238.339
7520 1.000000 0 0.6871 0.6507 0.3233 0.9627 0.3586 0.0000 806.582 54.270 238.339
7521 1.000000 0 0.6871 0.6507 0.3233 0.9627 0.3586 0.0000 806.582 54.270 238.339
7522 1.000000 0 0.6871 0.6507 0.3233 0.9627 0.3586 0.0000 806.582 54.270 238.339
7523 1.000000 0 0.6871 0.6507 0.3233 0.9627 0.3586 0.0000 806.582 54.270 238.339
7524 1.000000 0 0.6870 0.6507 0.3233 0.9627 0.3586 0.0000 806.582 54.270 238.339
7525 1.000000 0 0.6870 0.6507 0.3233 0.9627 0.3586 0.0000 806.582 54.270 238.339
7526 1.000000 0 0.6870 0.6507 0.3233 0.9627 0.3586 0.0000 806.582 54.270 238.339
7527 1.000000 0 0.6870 0.6507 0.3233 0.9627 0.3586 0.0000 806.582 54.270 238.339
7528 1.000000 0 0.6870 0.6508 0.3233 0.9627 0.3586 0.0000 806.582 54.270 238.339
7529 1.000000 0 0.6870 0.6508 0.3233 0.9627 0.3586 0.0000 806.582 54.270 238.339
7530 1.000000 0 0.6870 0.6508 0.3233 0.9627 0.3586 0.0000 806.582 54.270 238.339
7531 1.000000 0 0.6870 0.6508 0.3233 0.9627 0.3586 0.0000 806.582 54.270 238.339
7532 1.000000 0 0.6869 0.6508 0.3233 0.9627 0.3586 0.0000 806.582 54.270 238.339
7533 1.000000 0 0.6869 0.6508 0.3233 0.9627 0.3586 0.0000 806.582 54.270 238.339
7534 1.000000 0 0.6869 0.6508 0.3233 0.9627 0.3586 0.0000 806.582 54.270 238.339
7535 1.000000 0 0.6869 0.6509 0.3233 0.9627 0.3586 0.0000 806.582 54.270 238.339
7536 1.000000 0 0.6869 0.6509 0.3233 0.9627 0.3586 0.0000 806.582 54.270 238.339
7537 1.000000 0 0.6869 0.6509 0.3233 0.9627 0.3586 0.0000 806.582 54.270 238.339
7538 1.000000 0 0.6869 0.6509 0.3233 0.9627 0.3586 0.0000 806.582 54.270 238.339
7539 1.000000 0 0.6869 0.6509 0.3233 0.9627 0.3586 0.0000 806.582 54.270 238.339
7540 1.000000 0 0.6869 0.6509 0.3233 0.9627 0.3586 0.0000 806.582 54.270 238.339
7541 1.000000 0 0.6868 0.6509 0.3233 0.9627 0.3586 0.0000 806.582 54.270 238.339
7542 1.000000 0 0.6868 0.6510 0.3233 0.9627 0.3586 0.0000 806.582 54.270 238.339
7543 1.000000 0 0.6868 0.6510 0.3233 0.9627 0.3586 0.0000 806.582 54.270 238.339
7544 1.000000 0 0.6868 0.6510 0.3233 0.9627 0.3586 0.0000 806.582 54.270 238.339
7545 1.000000 0 0.6868 0.6510 0.3233 0.9627 0.3586 0.0000 806.582 54.270 238.339
7546 1.000000 0 0.6868 0.6510 0.3233 0.9627 0.3586 0.0000 806.582 54.270 238.339
7547 1.000000 0 0.6868 0.6510 0.3233 0.9627 0.3586 0.0000 806.582 54.270 238.339
7548 1.000000 0 0.6868 0.6510 0.3233 0.9627 0.3586 0.0000 806.582 54.270 238.339
7549 1.000000 0 0.6868 0.6510 0.3233 0.9627 0.3586 0.0000 806.582 54.270 238.339
7550 1.000000 0 0.6867 0.6510 0.3233 0.9627 0.3586 0.0000 806.582 54.270 238.339
7551 1.000000 0 0.6867 0.6511 0.3233 0.9627 0.3586 0.0000 806.582 54.270 238.339
7552 1.000000 0 0.6867 0.6511 0.3233 0.9627 0.3586 0.0000 806.582 54.270 238.339
7553 1.000000 0 0.6867 0.6511 0.3233 0.9627 0.3586 0.0000 806.582 54.270 238.339
7554 1.000000 0 0.6867 0.6511 0.3233 0.9627 0.3586 0.0000 806.582 54.270 238.339
7555 1.000000 0 0.6867 0.6511 0.3233 0.9627 0.3586 0.0000 806.582 54.270 238.339
7556 1.000000 0 0.6867 0.6511 0.3233 0.9627 0.3586 0.0000 806.582 54.270 238.339
7557 1.000000 0 0.6866 0.6512 0.3233 0.9627 0.3586 0.0000 806.582 54.270 238.339
7558 1.000000 0 0.6866 0.6512 0.3233 0.9627 0.3586 0.0000 806.582 54.270 238.339
7559 1.000000 0 0.6866 0.6512 0.3233 0.9627 0.3586 0.0000 806.582 54.270 238.339
7560 1.000000 0 0.6866 0.6512 0.3233 0.9627 0.3586 0.0000 806.582 54.270 238.339
7561 1.000000 0 0.6866 0.6512 0.3233 0.9627 0.3586 0.0000 806.582 54.270 238.339
7562 1.000000 0 0.6866 0.6512 0.3233 0.9627 0.3586 0.0000 806.582 54.270 238.339
7563 1.000000 0 0.6866 0.6512 0.3233 0.9627 0.3586 0.0000 806.582 54.270 238.339
7564 1.000000 0 0.6866 0.6512 0.3233 0.9627 0.3586 0.0000 806.582 54.270 238.339
7565 1.000000 0 0.6866 0.6513 0.3233 0.9627 0.3586 0.0000 806.582 54.270 238.339
7566 1.000000 0 0.6866 0.6513 0.3233 0.9627 0.3586 0.0000 806.582 54.270 238.339
7567 1.000000 0 0.6865 0.6513 0.3233 0.9627 0.3586 0.0000 806.582 54.270 238.339
7568 1.000000 0 0.6865 0.6513 0.3233 0.9627 0.3586 0.0000 806.582 54.270 238.339
7569 1.000000 0 0.6865 0.6513 0.3233 0.9627 0.3586 0.0000 806.582 54.270 238.339
7570 1.000000 0 0.6865 0.6513 0.3233 0.9627 0.3586 0.0000 806.582 54.270 238.339
7571 1.000000 0 0.6865 0.6513 0.3233 0.9627 0.3586 0.0000 806.582 54.270 238.339
7572 1.000000 0 0.6865 0.6513 0.3233 0.9627 0.3586 0.0000 806.582 54.270 238.339
7573 1.000000 0 0.6865 0.6514 0.3233 0.9627 0.3586 0.0000 806.582 54.270 238.339
7574 1.000000 0 0.6865 0.6514 0.3233 0.9627 0.3586 0.0000 806.582 54.270 238.339
7575 1.000000 0 0.6864 0.6514 0.3232 0.9627 0.3586 0.0000 806.582 54.270 238.339
7576 1.000000 0 0.6864 0.6514 0.3232 0.9627 0.3586 0.0000 806.582 54.270 238.339
7577 1.000000 0 0.6864 0.6514 0.3232 0.9627 0.3586 0.0000 806.582 54.270 238.339
7578 1.000000 0 0.6864 0.6514 0.3232 0.9627 0.3586 0.0000 806.582 54.270 238.339
7579 1.000000 0 0.6864 0.6514 0.3232 0.9627 0.3586 0.0000 806.582 54.270 238.339
7580 1.000000 0 0.6864 0.6515 0.3232 0.9627 0.3586 0.0000 806.582 54.270 238.339
7581 1.000000 0 0.6864 0.6515 0.3232 0.9627 0.3586 0.0000 806.582 54.270 238.339
7582 1.000000 0 0.6864 0.6515 0.3232 0.9627 0.3586 0.0000 806.582 54.270 238.339
7583 1.000000 0 0.6864 0.6515 0.3232 0.9627 0.3586 0.0000 806.582 54.270 238.339
7584 1.000000 0 0.6863 0.6515 0.3232 0.9627 0.3586 0.0000 806.582 54.270 238.339
7585 1.000000 0 0.6863 0.6515 0.3232 0.9627 0.3586 0.0000 806.582 54.270 238.339
7586 1.000000 0 0.6863 0.6515 0.3232 0.9627 0.3586 0.0000 806.582 54.270 238.339
7587 1.000000 0 0.6863 0.6515 0.3232 0.9627 0.3586 0.0000 806.582 54.270 238.339
7588 1.000000 0 0.6863 0.6516 0.3232 0.9627 0.3586 0.0000 806.582 54.270 238.339
7589 1.000000 0 0.6863 0.6516 0.3232 0.9627 0.3586 0.0000 806.582 54.270 238.339
7590 1.000000 0 0.6863 0.6516 0.3232 0.9627 0.3586 0.0000 806.582 54.270 238.339
7591 1.000000 0 0.6863 0.6516 0.3232 0.9627 0.3586 0.0000 806.582 54.270 238.339
7592 1.000000 0 0.6863 0.6516 0.3232 0.9627 0.3586 0.0000 806.582 54.270 238.339
7593 1.000000 0 0.6862 0.6516 0.3232 0.9627 0.3586 0.0000 806.582 54.270 238.339
7594 1.000000 0 0.6862 0.6516 0.3232 0.9627 0.3586 0.0000 806.582 54.270 238.339
7595 1.000000 0 0.6862 0.6516 0.3232 0.9627 0.3586 0.0000 806.582 54.270 238.339
7596 1.000000 0 0.6862 0.6517 0.3232 0.9627 0.3586 0.0000 806.582 54.270 238.339
7597 1.000000 0 0.6862 0.6517 0.3232 0.9627 0.3586 0.0000 806.582 54.270 238.339
7598 1.000000 0 0.6862 0.6517 0.3232 0.9627 0.3586 0.0000 806.582 54.270 238.339
7599 1.000000 0 0.6862 0.6517 0.3232 0.9627 0.3586 0.0000 806.582 54.270 238.339
7600 1.000000 0 0.6862 0.6517 0.3232 0.9627 0.3586 0.0000 806.582 54.270 238.339
7601 1.000000 0 0.6861 0.6517 0.3232 0.9627 0.3586 0.0000 806.582 54.270 238.339
7602 1.000000 0 0.6861 0.6517 0.3232 0.9627 0.3586 0.0000 806.582 54.270 238.339
7603 1.000000 0 0.6861 0.6518 0.3232 0.9627 0.3586 0.0000 806.582 54.270 238.339
7604 1.000000 0 0.6861 0.6518 0.3232 0.9627 0.3586 0.0000 806.582 54.270 238.339
7605 1.000000 0 0.6861 0.6518 0.3232 0.9627 0.3586 0.0000 806.582 54.270 238.339
7606 1.000000 0 0.6861 0.6518 0.3232 0.9627 0.3586 0.0000 806.582 54.270 238.339
7607 1.000000 0 0.6861 0.6518 0.3232 0.9627 0.3586 0.0000 806.582 54.270 238.339
7608 1.000000 0 0.6861 0.6518 0.3232 0.9627 0.3586 0.0000 806.582 54.270 238.339
7609 1.000000 0 0.6861 0.6518 0.3232 0.9627 0.3586 0.0000 806.581 54.304 238.340
7610 1.000000 0 0.6860 0.6518 0.3232 0.9627 0.3586 0.0000 806.581 54.315 238.341
7611 1.000000 0 0.6860 0.6519 0.3232 0.9627 0.3586 0.0000 806.580 54.374 238.344
7612 1.000000 0 0.6860 0.6519 0.3232 0.9627 0.3586 0.0000 806.580 54.381 238.344
7613 1.000000 0 0.6860 0.6519 0.3232 0.9627 0.3586 0.0000 806.558 54.457 238.342
7614 1.000000 0 0.6860 0.6519 0.3232 0.9627 0.3586 0.0000 806.556 54.462 238.341
7615 1.000000 0 0.6860 0.6519 0.3232 0.9627 0.3586 0.0000 806.536 54.505 238.337
7616 1.000000 0 0.6860 0.6519 0.3232 0.9627 0.3586 0.0000 806.506 54.567 238.332
7617 1.000000 0 0.6860 0.6519 0.3232 0.9627 0.3586 0.0000 806.503 54.575 238.331
7618 1.000000 0 0.6859 0.6520 0.3232 0.9627 0.3586 0.0000 806.476 54.627 238.326
7619 1.000000 0 0.6859 0.6520 0.3232 0.9627 0.3586 0.0000 806.462 54.655 238.324
7620 1.000000 0 0.6859 0.6520 0.3232 0.9627 0.3586 0.0000 806.433 54.710 238.318
7621 1.000000 0 0.6859 0.6520 0.3232 0.9627 0.3586 0.0000 806.403 54.762 238.313
7622 1.000000 0 0.6859 0.6520 0.3232 0.9627 0.3586 0.0000 806.400 54.767 238.312
7623 1.000000 0 0.6859 0.6520 0.3232 0.9627 0.3586 0.0000 806.374 54.811 238.307
7624 1.000000 0 0.6859 0.6520 0.3232 0.9627 0.3586 0.0000 806.373 54.813 238.307
7625 1.000000 0 0.6858 0.6521 0.3232 0.9627 0.3586 0.0000 806.370 54.840 238.313
7626 1.000000 0 0.6858 0.6521 0.3232 0.9627 0.3586 0.0000 806.378 54.856 238.320
7627 1.000000 0 0.6858 0.6521 0.3232 0.9627 0.3586 0.0000 806.385 54.872 238.327
7628 1.000000 0 0.6858 0.6521 0.3231 0.9627 0.3586 0.0000 806.399 54.902 238.340
7629 1.000000 0 0.6858 0.6522 0.3231 0.9627 0.3586 0.0000 806.412 54.930 238.353
7630 1.000000 0 0.6858 0.6522 0.3231 0.9627 0.3586 0.0000 806.413 54.932 238.354
7631 1.000000 0 0.6857 0.6522 0.3231 0.9627 0.3586 0.0000 806.424 54.956 238.365
7632 1.000000 0 0.6857 0.6522 0.3231 0.9627 0.3586 0.0000 806.430 54.968 238.371
7633 1.000000 0 0.6857 0.6522 0.3231 0.9627 0.3586 0.0000 806.435 54.980 238.377
7634 1.000000 0 0.6857 0.6522 0.3231 0.9627 0.3586 0.0000 806.436 54.982 238.378
7635 1.000000 0 0.6857 0.6522 0.3231 0.9627 0.3586 0.0000 806.445 55.002 238.389
7636 1.000000 0 0.6857 0.6522 0.3231 0.9627 0.3586 0.0000 806.446 55.004 238.390
7637 1.000000 0 0.6857 0.6523 0.3231 0.9627 0.3586 0.0000 806.453 55.022 238.400
7638 1.000000 0 0.6857 0.6523 0.3231 0.9627 0.3586 0.0000 806.457 55.031 238.405
7639 1.000000 0 0.6857 0.6523 0.3231 0.9627 0.3586 0.0000 806.457 55.032 238.406
7640 1.000000 0 0.6856 0.6523 0.3231 0.9627 0.3586 0.0000 806.463 55.047 238.415
7641 1.000000 0 0.6856 0.6523 0.3231 0.9627 0.3586 0.0000 806.466 55.056 238.421
7642 1.000000 0 0.6856 0.6523 0.3231 0.9627 0.3586 0.0000 806.469 55.063 238.426
7643 1.000000 0 0.6856 0.6523 0.3231 0.9627 0.3586 0.0000 806.471 55.070 238.431
7644 1.000000 0 0.6856 0.6524 0.3231 0.9627 0.3586 0.0000 806.475 55.082 238.441
7645 1.000000 0 0.6856 0.6524 0.3231 0.9627 0.3586 0.0000 806.476 55.087 238.445
7646 1.000000 0 0.6856 0.6524 0.3231 0.9627 0.3586 0.0000 806.477 55.092 238.450
7647 1.000000 0 0.6856 0.6524 0.3231 0.9627 0.3586 0.0000 806.478 55.096 238.455
7648 1.000000 0 0.6855 0.6524 0.3231 0.9627 0.3586 0.0000 806.478 55.103 238.464
7649 1.000000 0 0.6855 0.6524 0.3231 0.9627 0.3586 0.0000 806.478 55.104 238.465
7650 1.000000 0 0.6855 0.6524 0.3231 0.9627 0.3586 0.0000 806.478 55.108 238.473
7651 1.000000 0 0.6855 0.6524 0.3231 0.9627 0.3586 0.0000 806.478 55.108 238.473
7652 1.000000 0 0.6855 0.6525 0.3231 0.9627 0.3586 0.0000 806.477 55.111 238.479
7653 1.000000 0 0.6855 0.6525 0.3231 0.9627 0.3586 0.0000 806.476 55.111 238.480
7654 1.000000 0 0.6855 0.6525 0.3231 0.9627 0.3586 0.0000 806.474 55.112 238.486
7655 1.000000 0 0.6855 0.6525 0.3231 0.9627 0.3586 0.0000 806.474 55.113 238.486
7656 1.000000 0 0.6854 0.6525 0.3231 0.9627 0.3586 0.0000 806.472 55.111 238.491
7657 1.000000 0 0.6854 0.6525 0.3231 0.9627 0.3586 0.0000 806.471 55.111 238.492
7658 1.000000 0 0.6854 0.6525 0.3231 0.9627 0.3586 0.0000 806.464 55.102 238.495
7659 1.000000 0 0.6854 0.6526 0.3231 0.9627 0.3586 0.0000 806.463 55.101 238.495
7660 1.000000 0 0.6854 0.6526 0.3231 0.9627 0.3586 0.0000 806.456 55.090 238.498
7661 1.000000 0 0.6854 0.6526 0.3231 0.9627 0.3586 0.0000 806.456 55.089 238.499
7662 1.000000 0 0.6854 0.6526 0.3231 0.9627 0.3586 0.0000 806.446 55.077 238.501
7663 1.000000 0 0.6854 0.6526 0.3231 0.9627 0.3586 0.0000 806.444 55.075 238.501
7664 1.000000 0 0.6853 0.6526 0.3231 0.9627 0.3586 0.0000 806.435 55.061 238.503
7665 1.000000 0 0.6853 0.6526 0.3231 0.9627 0.3586 0.0000 806.435 55.060 238.503
7666 1.000000 0 0.6853 0.6527 0.3231 0.9627 0.3586 0.0000 806.423 55.044 238.504
7667 1.000000 0 0.6853 0.6527 0.3231 0.9627 0.3586 0.0000 806.421 55.042 238.504
7668 1.000000 0 0.6853 0.6527 0.3231 0.9627 0.3586 0.0000 806.411 55.024 238.505
7669 1.000000 0 0.6853 0.6527 0.3231 0.9627 0.3586 0.0000 806.410 55.022 238.506
7670 1.000000 0 0.6853 0.6527 0.3231 0.9627 0.3586 0.0000 806.397 55.003 238.506
7671 1.000000 0 0.6853 0.6527 0.3231 0.9627 0.3586 0.0000 806.394 55.000 238.505
7672 1.000000 0 0.6853 0.6527 0.3231 0.9627 0.3586 0.0000 806.382 54.979 238.506
7673 1.000000 0 0.6853 0.6527 0.3231 0.9627 0.3586 0.0000 806.381 54.977 238.506
7674 1.000000 0 0.6852 0.6527 0.3231 0.9627 0.3586 0.0000 806.380 54.967 238.509
7675 1.000000 0 0.6852 0.6528 0.3231 0.9627 0.3586 0.0000 806.366 54.953 238.506
7676 1.000000 0 0.6852 0.6528 0.3231 0.9627 0.3586 0.0000 806.352 54.940 238.502
7677 1.000000 0 0.6852 0.6528 0.3231 0.9627 0.3586 0.0000 806.340 54.923 238.500
7678 1.000000 0 0.6852 0.6528 0.3231 0.9627 0.3586 0.0000 806.328 54.906 238.498
7679 1.000000 0 0.6852 0.6528 0.3231 0.9627 0.3586 0.0000 806.326 54.890 238.501
7680 1.000000 0 0.6852 0.6528 0.3231 0.9627 0.3586 0.0000 806.325 54.874 238.504
7681 1.000000 0 0.6852 0.6528 0.3231 0.9627 0.3586 0.0000 806.310 54.856 238.500
7682 1.000000 0 0.6851 0.6529 0.3230 0.9627 0.3586 0.0000 806.281 54.820 238.494
7683 1.000000 0 0.6851 0.6529 0.3230 0.9627 0.3586 0.0000 806.279 54.817 238.493
7684 1.000000 0 0.6851 0.6529 0.3230 0.9627 0.3586 0.0000 806.252 54.781 238.487
7685 1.000000 0 0.6851 0.6529 0.3230 0.9627 0.3586 0.0000 806.250 54.777 238.486
7686 1.000000 0 0.6851 0.6529 0.3230 0.9627 0.3586 0.0000 806.238 54.761 238.484
7687 1.000000 0 0.6851 0.6529 0.3230 0.9627 0.3586 0.0000 806.223 54.739 238.480
7688 1.000000 0 0.6851 0.6529 0.3230 0.9627 0.3586 0.0000 806.198 54.696 238.479
7689 1.000000 0 0.6851 0.6529 0.3230 0.9627 0.3586 0.0000 806.196 54.691 238.480
7690 1.000000 0 0.6850 0.6530 0.3230 0.9627 0.3586 0.0000 806.188 54.655 238.495
7691 1.000000 0 0.6850 0.6530 0.3230 0.9627 0.3586 0.0000 806.189 54.641 238.504
7692 1.000000 0 0.6850 0.6530 0.3230 0.9627 0.3586 0.0000 806.189 54.635 238.508
7693 1.000000 0 0.6850 0.6530 0.3230 0.9627 0.3586 0.0000 806.189 54.616 238.523
7694 1.000000 0 0.6850 0.6530 0.3230 0.9627 0.3586 0.0000 806.188 54.597 238.537
7695 1.000000 0 0.6850 0.6530 0.3230 0.9627 0.3586 0.0000 806.188 54.577 238.552
7696 1.000000 0 0.6850 0.6530 0.3230 0.9627 0.3586 0.0000 806.187 54.535 238.582
7697 1.000000 0 0.6850 0.6530 0.3230 0.9627 0.3586 0.0000 806.187 54.531 238.585
7698 1.000000 0 0.6850 0.6531 0.3230 0.9627 0.3586 0.0000 806.188 54.491 238.614
7699 1.000000 0 0.6850 0.6531 0.3230 0.9627 0.3586 0.0000 806.188 54.487 238.617
7700 1.000000 0 0.6849 0.6531 0.3230 0.9627 0.3586 0.0000 806.188 54.469 238.629
7701 1.000000 0 0.6849 0.6531 0.3230 0.9627 0.3586 0.0000 806.190 54.423 238.662
7702 1.000000 0 0.6849 0.6531 0.3230 0.9627 0.3586 0.0000 806.190 54.417 238.666
7703 1.000000 0 0.6849 0.6531 0.3230 0.9627 0.3586 0.0000 806.192 54.374 238.695
7704 1.000000 0 0.6849 0.6531 0.3230 0.9627 0.3586 0.0000 806.192 54.369 238.698
7705 1.000000 0 0.6849 0.6532 0.3230 0.9627 0.3586 0.0000 806.196 54.324 238.729
7706 1.000000 0 0.6849 0.6532 0.3230 0.9627 0.3586 0.0000 806.195 54.321 238.732
7707 1.000000 0 0.6849 0.6532 0.3230 0.9627 0.3586 0.0000 806.180 54.303 238.761
7708 1.000000 0 0.6849 0.6532 0.3230 0.9627 0.3586 0.0000 806.177 54.304 238.761
7709 1.000000 0 0.6848 0.6532 0.3230 0.9627 0.3586 0.0000 806.163 54.308 238.760
7710 1.000000 0 0.6848 0.6532 0.3230 0.9627 0.3586 0.0000 806.140 54.303 238.766
7711 1.000000 0 0.6848 0.6532 0.3230 0.9627 0.3586 0.0000 806.139 54.301 238.767
7712 1.000000 0 0.6848 0.6532 0.3230 0.9627 0.3586 0.0000 806.120 54.289 238.775
7713 1.000000 0 0.6848 0.6532 0.3230 0.9627 0.3586 0.0000 806.117 54.288 238.775
7714 1.000000 0 0.6848 0.6533 0.3230 0.9627 0.3586 0.0000 806.099 54.274 238.783
7715 1.000000 0 0.6848 0.6533 0.3230 0.9627 0.3586 0.0000 806.098 54.272 238.785
7716 1.000000 0 0.6848 0.6533 0.3230 0.9627 0.3586 0.0000 806.077 54.267 238.795
7717 1.000000 0 0.6847 0.6533 0.3230 0.9627 0.3586 0.0000 806.074 54.268 238.796
7718 1.000000 0 0.6847 0.6533 0.3230 0.9627 0.3586 0.0000 806.065 54.270 238.802
7719 1.000000 0 0.6847 0.6533 0.3230 0.9627 0.3586 0.0000 806.067 54.270 238.804
7720 1.000000 0 0.6847 0.6533 0.3230 0.9627 0.3586 0.0000 806.070 54.270 238.807
7721 1.000000 0 0.6847 0.6534 0.3230 0.9627 0.3586 0.0000 806.069 54.274 238.812
7722 1.000000 0 0.6847 0.6534 0.3230 0.9627 0.3586 0.0000 806.068 54.275 238.812
7723 1.000000 0 0.6847 0.6534 0.3230 0.9627 0.3586 0.0000 806.068 54.278 238.816
7724 1.000000 0 0.6847 0.6534 0.3230 0.9627 0.3586 0.0000 806.068 54.282 238.816
7725 1.000000 0 0.6846 0.6534 0.3230 0.9627 0.3586 0.0000 806.069 54.338 238.821
7726 1.000000 0 0.6846 0.6534 0.3230 0.9627 0.3586 0.0000 806.069 54.340 238.821
7727 1.000000 0 0.6846 0.6534 0.3230 0.9627 0.3586 0.0000 806.064 54.351 238.825
7728 1.000000 0 0.6846 0.6534 0.3230 0.9627 0.3586 0.0000 806.064 54.351 238.825
7729 1.000000 0 0.6846 0.6535 0.3230 0.9627 0.3586 0.0000 806.061 54.347 238.827
7730 1.000000 0 0.6846 0.6535 0.3230 0.9627 0.3586 0.0000 806.061 54.347 238.828
7731 1.000000 0 0.6846 0.6535 0.3230 0.9627 0.3586 0.0000 806.061 54.344 238.829
7732 1.000000 0 0.6846 0.6535 0.3230 0.9627 0.3586 0.0000 806.061 54.339 238.833
7733 1.000000 0 0.6846 0.6535 0.3230 0.9627 0.3586 0.0000 806.061 54.339 238.834
7734 1.000000 0 0.6845 0.6535 0.3230 0.9627 0.3586 0.0000 806.060 54.344 238.838
7735 1.000000 0 0.6845 0.6535 0.3230 0.9627 0.3586 0.0000 806.059 54.345 238.838
7736 1.000000 0 0.6845 0.6536 0.3230 0.9627 0.3586 0.0000 806.056 54.348 238.841
7737 1.000000 0 0.6845 0.6536 0.3230 0.9627 0.3586 0.0000 806.056 54.347 238.841
7738 1.000000 0 0.6845 0.6536 0.3229 0.9627 0.3586 0.0000 806.054 54.342 238.844
7739 1.000000 0 0.6845 0.6536 0.3229 0.9627 0.3586 0.0000 806.054 54.341 238.844
7740 1.000000 0 0.6845 0.6536 0.3229 0.9627 0.3586 0.0000 806.054 54.337 238.848
7741 1.000000 0 0.6845 0.6536 0.3229 0.9627 0.3586 0.0000 806.054 54.337 238.848
7742 1.000000 0 0.6844 0.6536 0.3229 0.9627 0.3586 0.0000 806.053 54.343 238.853
7743 1.000000 0 0.6844 0.6536 0.3229 0.9627 0.3586 0.0000 806.052 54.345 238.853
7744 1.000000 0 0.6844 0.6537 0.3229 0.9627 0.3586 0.0000 806.050 54.346 238.856
7745 1.000000 0 0.6844 0.6537 0.3229 0.9627 0.3586 0.0000 806.049 54.344 238.857
7746 1.000000 0 0.6844 0.6537 0.3229 0.9627 0.3586 0.0000 806.048 54.336 238.860
7747 1.000000 0 0.6844 0.6537 0.3229 0.9627 0.3586 0.0000 806.048 54.336 238.861
7748 1.000000 0 0.6844 0.6537 0.3229 0.9627 0.3586 0.0000 806.048 54.335 238.862
7749 1.000000 0 0.6844 0.6537 0.3229 0.9627 0.3586 0.0000 806.048 54.334 238.864
7750 1.000000 0 0.6844 0.6537 0.3229 0.9627 0.3586 0.0000 806.047 54.340 238.867
7751 1.000000 0 0.6843 0.6537 0.3229 0.9627 0.3586 0.0000 806.045 54.345 238.869
7752 1.000000 0 0.6843 0.6538 0.3229 0.9627 0.3586 0.0000 806.044 54.343 238.870
7753 1.000000 0 0.6843 0.6538 0.3229 0.9627 0.3586 0.0000 806.042 54.338 238.873
7754 1.000000 0 0.6843 0.6538 0.3229 0.9627 0.3586 0.0000 806.042 54.337 238.873
7755 1.000000 0 0.6843 0.6538 0.3229 0.9627 0.3586 0.0000 806.042 54.333 238.876
7756 1.000000 0 0.6843 0.6538 0.3229 0.9627 0.3586 0.0000 806.042 54.333 238.877
7757 1.000000 0 0.6843 0.6538 0.3229 0.9627 0.3586 0.0000 806.041 54.337 238.880
7758 1.000000 0 0.6843 0.6538 0.3229 0.9627 0.3586 0.0000 806.041 54.338 238.881
7759 1.000000 0 0.6842 0.6539 0.3229 0.9627 0.3586 0.0000 806.038 54.341 238.884
7760 1.000000 0 0.6842 0.6539 0.3229 0.9627 0.3586 0.0000 806.038 54.341 238.884
7761 1.000000 0 0.6842 0.6539 0.3229 0.9627 0.3586 0.0000 806.036 54.336 238.886
7762 1.000000 0 0.6842 0.6539 0.3229 0.9627 0.3586 0.0000 806.036 54.335 238.887
7763 1.000000 0 0.6842 0.6539 0.3229 0.9627 0.3586 0.0000 806.036 54.331 238.890
7764 1.000000 0 0.6842 0.6539 0.3229 0.9627 0.3586 0.0000 806.036 54.330 238.890
7765 1.000000 0 0.6842 0.6539 0.3229 0.9627 0.3586 0.0000 806.035 54.335 238.894
7766 1.000000 0 0.6842 0.6539 0.3229 0.9627 0.3586 0.0000 806.035 54.336 238.895
7767 1.000000 0 0.6842 0.6540 0.3229 0.9627 0.3586 0.0000 806.032 54.339 238.897
7768 1.000000 0 0.6842 0.6540 0.3229 0.9627 0.3586 0.0000 806.032 54.339 238.898
7769 1.000000 0 0.6841 0.6540 0.3229 0.9627 0.3586 0.0000 806.031 54.333 238.900
7770 1.000000 0 0.6841 0.6540 0.3229 0.9627 0.3586 0.0000 806.031 54.333 238.900
7771 1.000000 0 0.6841 0.6540 0.3229 0.9627 0.3586 0.0000 806.031 54.328 238.904
7772 1.000000 0 0.6841 0.6540 0.3229 0.9627 0.3586 0.0000 806.031 54.328 238.904
7773 1.000000 0 0.6841 0.6540 0.3229 0.9627 0.3586 0.0000 806.030 54.327 238.905
7774 1.000000 0 0.6841 0.6540 0.3229 0.9627 0.3586 0.0000 806.030 54.327 238.905
7775 1.000000 0 0.6841 0.6541 0.3229 0.9627 0.3586 0.0000 806.030 54.326 238.905
7776 1.000000 0 0.6841 0.6541 0.3229 0.9627 0.3586 0.0000 806.030 54.326 238.905
7777 1.000000 0 0.6840 0.6541 0.3229 0.9627 0.3586 0.0000 806.030 54.324 238.905
7778 1.000000 0 0.6840 0.6541 0.3229 0.9627 0.3586 0.0000 806.030 54.324 238.905
7779 1.000000 0 0.6840 0.6541 0.3229 0.9627 0.3586 0.0000 806.030 54.321 238.905
7780 1.000000 0 0.6840 0.6541 0.3229 0.9627 0.3586 0.0000 806.030 54.321 238.905
7781 1.000000 0 0.6840 0.6541 0.3229 0.9627 0.3586 0.0000 806.030 54.320 238.905
7782 1.000000 0 0.6840 0.6541 0.3229 0.9627 0.3586 0.0000 806.030 54.319 238.905
7783 1.000000 0 0.6840 0.6542 0.3229 0.9627 0.3586 0.0000 806.030 54.318 238.905
7784 1.000000 0 0.6840 0.6542 0.3229 0.9627 0.3586 0.0000 806.030 54.318 238.905
7785 1.000000 0 0.6840 0.6542 0.3229 0.9627 0.3586 0.0000 806.030 54.317 238.905
7786 1.000000 0 0.6839 0.6542 0.3229 0.9627 0.3586 0.0000 806.030 54.317 238.905
7787 1.000000 0 0.6839 0.6542 0.3229 0.9627 0.3586 0.0000 806.030 54.317 238.905
7788 1.000000 0 0.6839 0.6542 0.3229 0.9627 0.3586 0.0000 806.030 54.318 238.905
7789 1.000000 0 0.6839 0.6542 0.3229 0.9627 0.3586 0.0000 806.030 54.318 238.905
7790 1.000000 0 0.6839 0.6543 0.3229 0.9627 0.3586 0.0000 806.030 54.319 238.905
7791 1.000000 0 0.6839 0.6543 0.3229 0.9627 0.3586 0.0000 806.030 54.319 238.905
7792 1.000000 0 0.6839 0.6543 0.3229 0.9627 0.3586 0.0000 806.030 54.320 238.905
7793 1.000000 0 0.6839 0.6543 0.3229 0.9627 0.3586 0.0000 806.030 54.321 238.905
7794 1.000000 0 0.6839 0.6543 0.3229 0.9627 0.3586 0.0000 806.030 54.321 238.905
7795 1.000000 0 0.6838 0.6543 0.3228 0.9627 0.3586 0.0000 806.030 54.322 238.905
7796 1.000000 0 0.6838 0.6543 0.3228 0.9627 0.3586 0.0000 806.030 54.323 238.905
7797 1.000000 0 0.6838 0.6543 0.3228 0.9627 0.3586 0.0000 806.030 54.324 238.905
7798 1.000000 0 0.6838 0.6544 0.3228 0.9627 0.3586 0.0000 806.030 54.324 238.905
7799 1.000000 0 0.6838 0.6544 0.3228 0.9627 0.3586 0.0000 806.030 54.325 238.905
7800 1.000000 0 0.6838 0.6544 0.3228 0.9627 0.3586 0.0000 806.030 54.325 238.905
7801 1.000000 0 0.6838 0.6544 0.3228 0.9627 0.3586 0.0000 806.030 54.326 238.905
7802 1.000000 0 0.6838 0.6544 0.3228 0.9627 0.3586 0.0000 806.030 54.326 238.905
7803 1.000000 0 0.6838 0.6544 0.3228 0.9627 0.3586 0.0000 806.030 54.327 238.905
7804 1.000000 0 0.6837 0.6544 0.3228 0.9627 0.3586 0.0000 806.030 54.327 238.905
7805 1.000000 0 0.6837 0.6544 0.3228 0.9627 0.3586 0.0000 806.030 54.327 238.905
7806 1.000000 0 0.6837 0.6545 0.3228 0.9627 0.3586 0.0000 806.030 54.327 238.905
7807 1.000000 0 0.6837 0.6545 0.3228 0.9627 0.3586 0.0000 806.030 54.328 238.905
7808 1.000000 0 0.6837 0.6545 0.3228 0.9627 0.3586 0.0000 806.030 54.328 238.905
7809 1.000000 0 0.6837 0.6545 0.3228 0.9627 0.3586 0.0000 806.030 54.328 238.905
7810 1.000000 0 0.6837 0.6545 0.3228 0.9627 0.3586 0.0000 806.030 54.328 238.905
7811 1.000000 0 0.6837 0.6545 0.3228 0.9627 0.3586 0.0000 806.030 54.328 238.905
7812 1.000000 0 0.6836 0.6545 0.3228 0.9627 0.3586 0.0000 806.030 54.328 238.905
7813 1.000000 0 0.6836 0.6545 0.3228 0.9627 0.3586 0.0000 806.030 54.328 238.905
7814 1.000000 0 0.6836 0.6546 0.3228 0.9627 0.3586 0.0000 806.030 54.328 238.905
7815 1.000000 0 0.6836 0.6546 0.3228 0.9627 0.3586 0.0000 806.030 54.328 238.905
7816 1.000000 0 0.6836 0.6546 0.3228 0.9627 0.3586 0.0000 806.030 54.328 238.905
7817 1.000000 0 0.6836 0.6546 0.3228 0.9627 0.3586 0.0000 806.030 54.328 238.905
7818 1.000000 0 0.6836 0.6546 0.3228 0.9627 0.3586 0.0000 806.030 54.328 238.905
7819 1.000000 0 0.6836 0.6546 0.3228 0.9627 0.3586 0.0000 806.030 54.328 238.905
7820 1.000000 0 0.6835 0.6546 0.3228 0.9627 0.3586 0.0000 806.030 54.328 238.905
7821 1.000000 0 0.6835 0.6546 0.3228 0.9627 0.3586 0.0000 806.030 54.328 238.905
7822 1.000000 0 0.6835 0.6547 0.3228 0.9627 0.3586 0.0000 806.030 54.328 238.905
7823 1.000000 0 0.6835 0.6547 0.3228 0.9627 0.3586 0.0000 806.030 54.328 238.905
7824 1.000000 0 0.6835 0.6547 0.3228 0.9627 0.3586 0.0000 806.030 54.328 238.905
7825 1.000000 0 0.6835 0.6547 0.3228 0.9627 0.3586 0.0000 806.030 54.328 238.905
7826 1.000000 0 0.6835 0.6547 0.3228 0.9627 0.3586 0.0000 806.030 54.328 238.905
7827 1.000000 0 0.6835 0.6547 0.3228 0.9627 0.3586 0.0000 806.030 54.328 238.905
7828 1.000000 0 0.6835 0.6547 0.3228 0.9627 0.3586 0.0000 806.030 54.328 238.905
7829 1.000000 0 0.6835 0.6547 0.3228 0.9627 0.3586 0.0000 806.030 54.328 238.905
7830 1.000000 0 0.6834 0.6548 0.3228 0.9627 0.3586 0.0000 806.030 54.328 238.905
7831 1.000000 0 0.6834 0.6548 0.3228 0.9627 0.3586 0.0000 806.030 54.328 238.905
7832 1.000000 0 0.6834 0.6548 0.3228 0.9627 0.3586 0.0000 806.030 54.328 238.905
7833 1.000000 0 0.6834 0.6548 0.3228 0.9627 0.3586 0.0000 806.030 54.328 238.905
7834 1.000000 0 0.6834 0.6548 0.3228 0.9627 0.3586 0.0000 806.030 54.328 238.905
7835 1.000000 0 0.6834 0.6548 0.3228 0.9627 0.3586 0.0000 806.030 54.328 238.905
7836 1.000000 0 0.6834 0.6548 0.3228 0.9627 0.3586 0.0000 806.030 54.328 238.905
7837 1.000000 0 0.6834 0.6549 0.3228 0.9627 0.3586 0.0000 806.030 54.328 238.905
7838 1.000000 0 0.6833 0.6549 0.3228 0.9627 0.3586 0.0000 806.030 54.328 238.905
7839 1.000000 0 0.6833 0.6549 0.3228 0.9627 0.3586 0.0000 806.030 54.328 238.905
7840 1.000000 0 0.6833 0.6549 0.3228 0.9627 0.3586 0.0000 806.030 54.328 238.905
7841 1.000000 0 0.6833 0.6549 0.3228 0.9627 0.3586 0.0000 806.030 54.328 238.905
7842 1.000000 0 0.6833 0.6549 0.3228 0.9627 0.3586 0.0000 806.030 54.328 238.905
7843 1.000000 0 0.6833 0.6549 0.3228 0.9627 0.3586 0.0000 806.030 54.328 238.905
7844 1.000000 0 0.6833 0.6549 0.3228 0.9627 0.3586 0.0000 806.030 54.328 238.905
7845 1.000000 0 0.6833 0.6550 0.3228 0.9627 0.3586 0.0000 806.030 54.328 238.905
7846 1.000000 0 0.6833 0.6550 0.3228 0.9627 0.3586 0.0000 806.030 54.328 238.905
7847 1.000000 0 0.6832 0.6550 0.3228 0.9627 0.3586 0.0000 806.030 54.328 238.905
7848 1.000000 0 0.6832 0.6550 0.3228 0.9627 0.3586 0.0000 806.030 54.328 238.905
7849 1.000000 0 0.6832 0.6550 0.3228 0.9627 0.3586 0.0000 806.030 54.328 238.905
7850 1.000000 0 0.6832 0.6550 0.3228 0.9627 0.3586 0.0000 806.030 54.328 238.905
7851 1.000000 0 0.6832 0.6550 0.3228 0.9627 0.3586 0.0000 806.030 54.328 238.905
7852 1.000000 0 0.6832 0.6550 0.3227 0.9627 0.3586 0.0000 806.030 54.328 238.905
7853 1.000000 0 0.6832 0.6551 0.3227 0.9627 0.3586 0.0000 806.030 54.328 238.905
7854 1.000000 0 0.6832 0.6551 0.3227 0.9627 0.3586 0.0000 806.030 54.328 238.905
7855 1.000000 0 0.6832 0.6551 0.3227 0.9627 0.3586 0.0000 806.030 54.328 238.905
7856 1.000000 0 0.6831 0.6551 0.3227 0.9627 0.3586 0.0000 806.030 54.328 238.905
7857 1.000000 0 0.6831 0.6551 0.3227 0.9627 0.3586 0.0000 806.030 54.328 238.905
7858 1.000000 0 0.6831 0.6551 0.3227 0.9627 0.3586 0.0000 806.030 54.328 238.905
7859 1.000000 0 0.6831 0.6551 0.3227 0.9627 0.3586 0.0000 806.030 54.328 238.905
7860 1.000000 0 0.6831 0.6551 0.3227 0.9627 0.3586 0.0000 806.030 54.328 238.905
7861 1.000000 0 0.6831 0.6552 0.3227 0.9627 0.3586 0.0000 806.030 54.328 238.905
7862 1.000000 0 0.6831 0.6552 0.3227 0.9627 0.3586 0.0000 806.030 54.328 238.905
7863 1.000000 0 0.6831 0.6552 0.3227 0.9627 0.3586 0.0000 806.030 54.328 238.905
7864 1.000000 0 0.6831 0.6552 0.3227 0.9627 0.3586 0.0000 806.030 54.328 238.905
7865 1.000000 0 0.6830 0.6552 0.3227 0.9627 0.3586 0.0000 806.030 54.328 238.905
7866 1.000000 0 0.6830 0.6552 0.3227 0.9627 0.3586 0.0000 806.030 54.328 238.905
7867 1.000000 0 0.6830 0.6552 0.3227 0.9627 0.3586 0.0000 806.030 54.328 238.905
7868 1.000000 0 0.6830 0.6553 0.3227 0.9627 0.3586 0.0000 806.030 54.328 238.905
7869 1.000000 0 0.6830 0.6553 0.3227 0.9627 0.3586 0.0000 806.030 54.328 238.905
7870 1.000000 0 0.6830 0.6553 0.3227 0.9627 0.3586 0.0000 806.030 54.328 238.905
7871 1.000000 0 0.6829 0.6553 0.3227 0.9627 0.3586 0.0000 806.030 54.328 238.905
7872 1.000000 0 0.6829 0.6553 0.3227 0.9627 0.3586 0.0000 806.030 54.328 238.905
7873 1.000000 0 0.6829 0.6553 0.3227 0.9627 0.3586 0.0000 806.030 54.328 238.905
7874 1.000000 0 0.6829 0.6554 0.3227 0.9627 0.3586 0.0000 806.030 54.328 238.905
7875 1.000000 0 0.6829 0.6554 0.3227 0.9627 0.3586 0.0000 806.030 54.328 238.905
7876 1.000000 0 0.6829 0.6554 0.3227 0.9627 0.3586 0.0000 806.030 54.328 238.905
7877 1.000000 0 0.6829 0.6554 0.3227 0.9627 0.3586 0.0000 806.030 54.328 238.905
7878 1.000000 0 0.6829 0.6554 0.3227 0.9627 0.3586 0.0000 806.030 54.328 238.905
7879 1.000000 0 0.6828 0.6554 0.3227 0.9627 0.3586 0.0000 806.030 54.328 238.905
7880 1.000000 0 0.6828 0.6554 0.3227 0.9627 0.3586 0.0000 806.030 54.328 238.905
7881 1.000000 0 0.6828 0.6555 0.3227 0.9627 0.3586 0.0000 806.030 54.328 238.905
7882 1.000000 0 0.6828 0.6555 0.3227 0.9627 0.3586 0.0000 806.030 54.328 238.905
7883 1.000000 0 0.6828 0.6555 0.3227 0.9627 0.3586 0.0000 806.030 54.328 238.905
7884 1.000000 0 0.6828 0.6555 0.3227 0.9627 0.3586 0.0000 806.030 54.328 238.905
7885 1.000000 0 0.6828 0.6555 0.3227 0.9627 0.3586 0.0000 806.030 54.328 238.905
7886 1.000000 0 0.6828 0.6555 0.3227 0.9627 0.3586 0.0000 806.030 54.328 238.905
7887 1.000000 0 0.6827 0.6555 0.3227 0.9627 0.3586 0.0000 806.030 54.328 238.905
7888 1.000000 0 0.6827 0.6556 0.3227 0.9627 0.3586 0.0000 806.030 54.328 238.905
7889 1.000000 0 0.6827 0.6556 0.3227 0.9627 0.3586 0.0000 806.030 54.328 238.905
7890 1.000000 0 0.6827 0.6556 0.3227 0.9627 0.3586 0.0000 806.030 54.328 238.905
7891 1.000000 0 0.6827 0.6556 0.3227 0.9627 0.3586 0.0000 806.030 54.328 238.905
7892 1.000000 0 0.6827 0.6556 0.3227 0.9627 0.3586 0.0000 806.030 54.328 238.905
7893 1.000000 0 0.6827 0.6556 0.3227 0.9627 0.3586 0.0000 806.030 54.328 238.905
7894 1.000000 0 0.6827 0.6556 0.3227 0.9627 0.3586 0.0000 806.030 54.328 238.905
7895 1.000000 0 0.6826 0.6556 0.3227 0.9627 0.3586 0.0000 806.030 54.328 238.905
7896 1.000000 0 0.6826 0.6557 0.3227 0.9627 0.3586 0.0000 806.030 54.328 238.905
7897 1.000000 0 0.6826 0.6557 0.3227 0.9627 0.3586 0.0000 806.030 54.328 238.905
7898 1.000000 0 0.6826 0.6557 0.3227 0.9627 0.3586 0.0000 806.030 54.328 238.905
7899 1.000000 0 0.6826 0.6557 0.3227 0.9627 0.3586 0.0000 806.030 54.328 238.905
7900 1.000000 0 0.6826 0.6557 0.3227 0.9627 0.3586 0.0000 806.030 54.328 238.905
7901 1.000000 0 0.6825 0.6558 0.3226 0.9627 0.3586 0.0000 806.030 54.328 238.905
7902 1.000000 0 0.6825 0.6558 0.3226 0.9627 0.3586 0.0000 806.030 54.328 238.905
7903 1.000000 0 0.6825 0.6558 0.3226 0.9627 0.3586 0.0000 806.030 54.328 238.905
7904 1.000000 0 0.6825 0.6558 0.3226 0.9627 0.3586 0.0000 806.030 54.328 238.905
7905 1.000000 0 0.6825 0.6558 0.3226 0.9627 0.3586 0.0000 806.030 54.328 238.905
7906 1.000000 0 0.6825 0.6558 0.3226 0.9627 0.3586 0.0000 806.030 54.328 238.905
7907 1.000000 0 0.6825 0.6559 0.3226 0.9627 0.3586 0.0000 806.030 54.328 238.905
7908 1.000000 0 0.6825 0.6559 0.3226 0.9627 0.3586 0.0000 806.030 54.328 238.905
7909 1.000000 0 0.6824 0.6559 0.3226 0.9627 0.3586 0.0000 806.030 54.328 238.905
7910 1.000000 0 0.6824 0.6559 0.3226 0.9627 0.3586 0.0000 806.030 54.328 238.905
7911 1.000000 0 0.6824 0.6559 0.3226 0.9627 0.3586 0.0000 806.030 54.328 238.905
7912 1.000000 0 0.6824 0.6559 0.3226 0.9627 0.3586 0.0000 806.030 54.328 238.905
7913 1.000000 0 0.6824 0.6559 0.3226 0.9627 0.3586 0.0000 806.030 54.328 238.905
7914 1.000000 0 0.6824 0.6559 0.3226 0.9627 0.3586 0.0000 806.030 54.328 238.905
7915 1.000000 0 0.6824 0.6560 0.3226 0.9627 0.3586 0.0000 806.030 54.328 238.905
7916 1.000000 0 0.6824 0.6560 0.3226 0.9627 0.3586 0.0000 806.030 54.328 238.905
7917 1.000000 0 0.6824 0.6560 0.3226 0.9627 0.3586 0.0000 806.030 54.328 238.905
7918 1.000000 0 0.6823 0.6560 0.3226 0.9627 0.3586 0.0000 806.030 54.328 238.905
7919 1.000000 0 0.6823 0.6560 0.3226 0.9627 0.3586 0.0000 806.030 54.328 238.905
7920 1.000000 0 0.6823 0.6560 0.3226 0.9627 0.3586 0.0000 806.030 54.328 238.905
7921 1.000000 0 0.6823 0.6560 0.3226 0.9627 0.3586 0.0000 806.030 54.328 238.905
7922 1.000000 0 0.6823 0.6561 0.3226 0.9627 0.3586 0.0000 806.030 54.328 238.905
7923 1.000000 0 0.6823 0.6561 0.3226 0.9627 0.3586 0.0000 806.030 54.328 238.905
7924 1.000000 0 0.6823 0.6561 0.3226 0.9627 0.3586 0.0000 806.030 54.328 238.905
7925 1.000000 0 0.6823 0.6561 0.3226 0.9627 0.3586 0.0000 806.030 54.328 238.905
7926 1.000000 0 0.6822 0.6561 0.3226 0.9627 0.3586 0.0000 806.030 54.328 238.905
7927 1.000000 0 0.6822 0.6561 0.3226 0.9627 0.3586 0.0000 806.030 54.328 238.905
7928 1.000000 0 0.6822 0.6561 0.3226 0.9627 0.3586 0.0000 806.030 54.328 238.905
7929 1.000000 0 0.6822 0.6561 0.3226 0.9627 0.3586 0.0000 806.030 54.328 238.905
7930 1.000000 0 0.6822 0.6561 0.3226 0.9627 0.3586 0.0000 806.030 54.328 238.905
7931 1.000000 0 0.6822 0.6562 0.3226 0.9627 0.3586 0.0000 806.030 54.328 238.905
7932 1.000000 0 0.6822 0.6562 0.3226 0.9627 0.3586 0.0000 806.030 54.328 238.905
7933 1.000000 0 0.6822 0.6562 0.3226 0.9627 0.3586 0.0000 806.030 54.328 238.905
7934 1.000000 0 0.6822 0.6562 0.3226 0.9627 0.3586 0.0000 806.030 54.328 238.905
7935 1.000000 0 0.6821 0.6562 0.3226 0.9627 0.3586 0.0000 806.030 54.328 238.905
7936 1.000000 0 0.6821 0.6562 0.3226 0.9627 0.3586 0.0000 806.030 54.328 238.905
7937 1.000000 0 0.6821 0.6562 0.3226 0.9627 0.3586 0.0000 806.030 54.328 238.905
7938 1.000000 0 0.6821 0.6562 0.3226 0.9627 0.3586 0.0000 806.030 54.328 238.905
7939 1.000000 0 0.6821 0.6563 0.3226 0.9627 0.3586 0.0000 806.030 54.328 238.905
7940 1.000000 0 0.6821 0.6563 0.3226 0.9627 0.3586 0.0000 806.030 54.328 238.905
7941 1.000000 0 0.6821 0.6563 0.3226 0.9627 0.3586 0.0000 806.030 54.328 238.905
7942 1.000000 0 0.6821 0.6563 0.3226 0.9627 0.3586 0.0000 806.030 54.328 238.905
7943 1.000000 0 0.6821 0.6563 0.3226 0.9627 0.3586 0.0000 806.030 54.328 238.905
7944 1.000000 0 0.6820 0.6563 0.3226 0.9627 0.3586 0.0000 806.030 54.328 238.905
7945 1.000000 0 0.6820 0.6563 0.3226 0.9627 0.3586 0.0000 806.030 54.328 238.905
7946 1.000000 0 0.6820 0.6564 0.3226 0.9627 0.3586 0.0000 806.030 54.328 238.905
7947 1.000000 0 0.6820 0.6564 0.3226 0.9627 0.3586 0.0000 806.030 54.328 238.905
7948 1.000000 0 0.6820 0.6564 0.3226 0.9627 0.3586 0.0000 806.029 54.362 238.907
7949 1.000000 0 0.6820 0.6564 0.3226 0.9627 0.3586 0.0000 806.029 54.397 238.908
7950 1.000000 0 0.6820 0.6564 0.3226 0.9627 0.3586 0.0000 806.028 54.432 238.909
7951 1.000000 0 0.6820 0.6564 0.3226 0.9627 0.3586 0.0000 806.027 54.466 238.911
7952 1.000000 0 0.6820 0.6564 0.3226 0.9627 0.3586 0.0000 806.016 54.499 238.907
7953 1.000000 0 0.6819 0.6564 0.3226 0.9627 0.3586 0.0000 806.005 54.532 238.904
7954 1.000000 0 0.6819 0.6565 0.3226 0.9627 0.3586 0.0000 806.004 54.565 238.905
7955 1.000000 0 0.6819 0.6565 0.3226 0.9627 0.3586 0.0000 806.003 54.594 238.907
7956 1.000000 0 0.6819 0.6565 0.3226 0.9627 0.3586 0.0000 805.993 54.625 238.904
7957 1.000000 0 0.6819 0.6565 0.3226 0.9627 0.3586 0.0000 805.983 54.655 238.901
7958 1.000000 0 0.6819 0.6565 0.3225 0.9627 0.3586 0.0000 805.982 54.689 238.902
7959 1.000000 0 0.6819 0.6565 0.3225 0.9627 0.3586 0.0000 805.990 54.736 238.908
7960 1.000000 0 0.6819 0.6565 0.3225 0.9627 0.3586 0.0000 805.991 54.741 238.909
7961 1.000000 0 0.6818 0.6566 0.3225 0.9627 0.3586 0.0000 806.006 54.781 238.917
7962 1.000000 0 0.6818 0.6566 0.3225 0.9627 0.3586 0.0000 806.015 54.803 238.922
7963 1.000000 0 0.6818 0.6566 0.3225 0.9627 0.3586 0.0000 806.021 54.825 238.925
7964 1.000000 0 0.6818 0.6566 0.3225 0.9627 0.3586 0.0000 806.028 54.847 238.929
7965 1.000000 0 0.6818 0.6566 0.3225 0.9627 0.3586 0.0000 806.033 54.873 238.931
7966 1.000000 0 0.6818 0.6566 0.3225 0.9627 0.3586 0.0000 806.041 54.913 238.932
7967 1.000000 0 0.6818 0.6566 0.3225 0.9627 0.3586 0.0000 806.041 54.917 238.932
7968 1.000000 0 0.6818 0.6566 0.3225 0.9627 0.3586 0.0000 806.044 54.934 238.933
7969 1.000000 0 0.6817 0.6567 0.3225 0.9627 0.3586 0.0000 806.048 54.962 238.931
7970 1.000000 0 0.6817 0.6567 0.3225 0.9627 0.3586 0.0000 806.050 54.975 238.931
7971 1.000000 0 0.6817 0.6567 0.3225 0.9627 0.3586 0.0000 806.054 55.003 238.929
7972 1.000000 0 0.6817 0.6567 0.3225 0.9627 0.3586 0.0000 806.056 55.012 238.928
7973 1.000000 0 0.6817 0.6567 0.3225 0.9627 0.3586 0.0000 806.059 55.029 238.927
7974 1.000000 0 0.6817 0.6567 0.3225 0.9627 0.3586 0.0000 806.062 55.047 238.925
7975 1.000000 0 0.6817 0.6567 0.3225 0.9627 0.3586 0.0000 806.064 55.063 238.924
7976 1.000000 0 0.6817 0.6567 0.3225 0.9627 0.3586 0.0000 806.067 55.079 238.923
7977 1.000000 0 0.6817 0.6568 0.3225 0.9627 0.3586 0.0000 806.073 55.088 238.922
7978 1.000000 0 0.6816 0.6568 0.3225 0.9627 0.3586 0.0000 806.082 55.097 238.920
7979 1.000000 0 0.6816 0.6568 0.3225 0.9627 0.3586 0.0000 806.083 55.097 238.920
7980 1.000000 0 0.6816 0.6568 0.3225 0.9627 0.3586 0.0000 806.091 55.100 238.918
7981 1.000000 0 0.6816 0.6568 0.3225 0.9627 0.3586 0.0000 806.095 55.101 238.918
7982 1.000000 0 0.6816 0.6568 0.3225 0.9627 0.3586 0.0000 806.099 55.103 238.917
7983 1.000000 0 0.6816 0.6569 0.3225 0.9627 0.3586 0.0000 806.103 55.104 238.916
7984 1.000000 0 0.6816 0.6569 0.3225 0.9627 0.3586 0.0000 806.106 55.105 238.915
7985 1.000000 0 0.6815 0.6569 0.3225 0.9627 0.3586 0.0000 806.110 55.106 238.914
7986 1.000000 0 0.6815 0.6569 0.3225 0.9627 0.3586 0.0000 806.113 55.107 238.913
7987 1.000000 0 0.6815 0.6569 0.3225 0.9627 0.3586 0.0000 806.116 55.108 238.912
7988 1.000000 0 0.6815 0.6569 0.3225 0.9627 0.3586 0.0000 806.118 55.109 238.911
7989 1.000000 0 0.6815 0.6569 0.3225 0.9627 0.3586 0.0000 806.121 55.110 238.910
7990 1.000000 0 0.6815 0.6569 0.3225 0.9627 0.3586 0.0000 806.123 55.111 238.908
7991 1.000000 0 0.6815 0.6570 0.3225 0.9627 0.3586 0.0000 806.127 55.112 238.906
7992 1.000000 0 0.6815 0.6570 0.3225 0.9627 0.3586 0.0000 806.127 55.112 238.906
7993 1.000000 0 0.6815 0.6570 0.3225 0.9627 0.3586 0.0000 806.128 55.112 238.904
7994 1.000000 0 0.6814 0.6570 0.3225 0.9627 0.3586 0.0000 806.130 55.113 238.903
7995 1.000000 0 0.6814 0.6570 0.3225 0.9627 0.3586 0.0000 806.131 55.113 238.902
7996 1.000000 0 0.6814 0.6570 0.3225 0.9627 0.3586 0.0000 806.132 55.113 238.900
7997 1.000000 0 0.6814 0.6570 0.3225 0.9627 0.3586 0.0000 806.133 55.113 238.899
7998 1.000000 0 0.6814 0.6570 0.3225 0.9627 0.3586 0.0000 806.133 55.113 238.897
7999 1.000000 0 0.6814 0.6571 0.3225 0.9627 0.3586 0.0000 806.133 55.113 238.896
8000 1.000000 0 0.6814 0.6571 0.3225 0.9627 0.3586 0.0000 806.134 55.111 238.893
8001 1.000000 0 0.6814 0.6571 0.3225 0.9627 0.3586 0.0000 806.132 55.110 238.892
8002 1.000000 0 0.6813 0.6571 0.3225 0.9627 0.3586 0.0000 806.107 55.103 238.884
8003 1.000000 0 0.6813 0.6571 0.3225 0.9627 0.3586 0.0000 806.106 55.102 238.883
8004 1.000000 0 0.6813 0.6571 0.3225 0.9627 0.3586 0.0000 806.107 55.095 238.881
8005 1.000000 0 0.6813 0.6571 0.3225 0.9627 0.3586 0.0000 806.105 55.094 238.880
8006 1.000000 0 0.6813 0.6572 0.3225 0.9627 0.3586 0.0000 806.079 55.084 238.872
8007 1.000000 0 0.6813 0.6572 0.3225 0.9627 0.3586 0.0000 806.078 55.083 238.871
8008 1.000000 0 0.6813 0.6572 0.3225 0.9627 0.3586 0.0000 806.076 55.067 238.868
8009 1.000000 0 0.6813 0.6572 0.3225 0.9627 0.3586 0.0000 806.076 55.066 238.867
8010 1.000000 0 0.6812 0.6572 0.3225 0.9627 0.3586 0.0000 806.077 55.051 238.864
8011 1.000000 0 0.6812 0.6572 0.3225 0.9627 0.3586 0.0000 806.076 55.049 238.864
8012 1.000000 0 0.6812 0.6572 0.3224 0.9627 0.3586 0.0000 806.072 55.028 238.860
8013 1.000000 0 0.6812 0.6572 0.3224 0.9627 0.3586 0.0000 806.072 55.026 238.859
8014 1.000000 0 0.6812 0.6573 0.3224 0.9627 0.3586 0.0000 806.072 55.007 238.856
8015 1.000000 0 0.6812 0.6573 0.3224 0.9627 0.3586 0.0000 806.072 55.005 238.856
8016 1.000000 0 0.6812 0.6573 0.3224 0.9627 0.3586 0.0000 806.066 54.980 238.852
8017 1.000000 0 0.6812 0.6573 0.3224 0.9627 0.3586 0.0000 806.066 54.978 238.851
8018 1.000000 0 0.6812 0.6573 0.3224 0.9627 0.3586 0.0000 806.066 54.966 238.850
8019 1.000000 0 0.6812 0.6573 0.3224 0.9627 0.3586 0.0000 806.066 54.952 238.848
8020 1.000000 0 0.6811 0.6573 0.3224 0.9627 0.3586 0.0000 806.062 54.936 238.846
8021 1.000000 0 0.6811 0.6573 0.3224 0.9627 0.3586 0.0000 806.058 54.920 238.843
8022 1.000000 0 0.6811 0.6574 0.3224 0.9627 0.3586 0.0000 806.058 54.904 238.842
8023 1.000000 0 0.6811 0.6574 0.3224 0.9627 0.3586 0.0000 806.058 54.887 238.840
8024 1.000000 0 0.6811 0.6574 0.3224 0.9627 0.3586 0.0000 806.054 54.868 238.838
8025 1.000000 0 0.6811 0.6574 0.3224 0.9627 0.3586 0.0000 806.049 54.830 238.833
8026 1.000000 0 0.6811 0.6574 0.3224 0.9627 0.3586 0.0000 806.049 54.826 238.833
8027 1.000000 0 0.6811 0.6574 0.3224 0.9627 0.3586 0.0000 806.042 54.790 238.829
8028 1.000000 0 0.6811 0.6574 0.3224 0.9627 0.3586 0.0000 806.041 54.785 238.828
8029 1.000000 0 0.6810 0.6574 0.3224 0.9627 0.3586 0.0000 806.035 54.767 238.826
8030 1.000000 0 0.6810 0.6575 0.3224 0.9627 0.3586 0.0000 806.035 54.637 238.825
8031 1.000000 0 0.6810 0.6575 0.3224 0.9627 0.3586 0.0000 806.037 54.487 238.825
8032 1.000000 0 0.6810 0.6575 0.3224 0.9627 0.3586 0.0000 806.038 54.477 238.827
8033 1.000000 0 0.6810 0.6575 0.3224 0.9627 0.3586 0.0000 806.040 54.455 238.830
8034 1.000000 0 0.6810 0.6575 0.3224 0.9627 0.3586 0.0000 806.045 54.421 238.835
8035 1.000000 0 0.6810 0.6575 0.3224 0.9627 0.3586 0.0000 806.047 54.398 238.838
8036 1.000000 0 0.6810 0.6575 0.3224 0.9627 0.3586 0.0000 806.049 54.382 238.840
8037 1.000000 0 0.6809 0.6575 0.3224 0.9627 0.3586 0.0000 806.053 54.357 238.843
8038 1.000000 0 0.6809 0.6576 0.3224 0.9627 0.3586 0.0000 806.048 54.350 238.846
8039 1.000000 0 0.6809 0.6576 0.3224 0.9627 0.3586 0.0000 806.042 54.344 238.849
8040 1.000000 0 0.6809 0.6576 0.3224 0.9627 0.3586 0.0000 806.046 54.339 238.853
8041 1.000000 0 0.6809 0.6576 0.3224 0.9627 0.3586 0.0000 806.049 54.334 238.856
8042 1.000000 0 0.6809 0.6576 0.3224 0.9627 0.3586 0.0000 806.049 54.326 238.858
8043 1.000000 0 0.6808 0.6577 0.3224 0.9627 0.3586 0.0000 806.047 54.339 238.865
8044 1.000000 0 0.6808 0.6577 0.3224 0.9627 0.3586 0.0000 806.047 54.340 238.866
8045 1.000000 0 0.6808 0.6577 0.3224 0.9627 0.3586 0.0000 806.046 54.346 238.868
8046 1.000000 0 0.6808 0.6577 0.3224 0.9627 0.3586 0.0000 806.044 54.344 238.869
8047 1.000000 0 0.6808 0.6577 0.3224 0.9627 0.3586 0.0000 806.043 54.343 238.870
8048 1.000000 0 0.6808 0.6577 0.3224 0.9627 0.3586 0.0000 806.043 54.340 238.872
8049 1.000000 0 0.6808 0.6577 0.3224 0.9627 0.3586 0.0000 806.042 54.337 238.873
8050 1.000000 0 0.6808 0.6577 0.3224 0.9627 0.3586 0.0000 806.043 54.334 238.875
8051 1.000000 0 0.6808 0.6578 0.3224 0.9627 0.3586 0.0000 806.042 54.332 238.877
8052 1.000000 0 0.6808 0.6578 0.3224 0.9627 0.3586 0.0000 806.042 54.332 238.877
8053 1.000000 0 0.6807 0.6578 0.3224 0.9627 0.3586 0.0000 806.042 54.332 238.877
8054 1.000000 0 0.6807 0.6578 0.3224 0.9627 0.3586 0.0000 806.042 54.331 238.877
8055 1.000000 0 0.6807 0.6578 0.3224 0.9627 0.3586 0.0000 806.042 54.329 238.877
8056 1.000000 0 0.6807 0.6578 0.3224 0.9627 0.3586 0.0000 806.042 54.329 238.877
8057 1.000000 0 0.6807 0.6578 0.3224 0.9627 0.3586 0.0000 806.042 54.327 238.877
8058 1.000000 0 0.6807 0.6578 0.3224 0.9627 0.3586 0.0000 806.042 54.326 238.877
8059 1.000000 0 0.6807 0.6579 0.3224 0.9627 0.3586 0.0000 806.042 54.324 238.877
8060 1.000000 0 0.6807 0.6579 0.3224 0.9627 0.3586 0.0000 806.042 54.323 238.877
8061 1.000000 0 0.6806 0.6579 0.3224 0.9627 0.3586 0.0000 806.042 54.323 238.877
8062 1.000000 0 0.6806 0.6579 0.3224 0.9627 0.3586 0.0000 806.042 54.322 238.877
8063 1.000000 0 0.6806 0.6580 0.3224 0.9627 0.3586 0.0000 806.042 54.323 238.877
8064 1.000000 0 0.6806 0.6580 0.3223 0.9627 0.3586 0.0000 806.042 54.323 238.877
8065 1.000000 0 0.6806 0.6580 0.3223 0.9627 0.3586 0.0000 806.042 54.324 238.877
8066 1.000000 0 0.6805 0.6580 0.3223 0.9627 0.3586 0.0000 806.042 54.324 238.877
8067 1.000000 0 0.6805 0.6580 0.3223 0.9627 0.3586 0.0000 806.042 54.325 238.877
8068 1.000000 0 0.6805 0.6580 0.3223 0.9627 0.3586 0.0000 806.042 54.326 238.877
8069 1.000000 0 0.6805 0.6580 0.3223 0.9627 0.3586 0.0000 806.042 54.327 238.877
8070 1.000000 0 0.6805 0.6580 0.3223 0.9627 0.3586 0.0000 806.042 54.328 238.877
8071 1.000000 0 0.6805 0.6581 0.3223 0.9627 0.3586 0.0000 806.042 54.328 238.877
8072 1.000000 0 0.6805 0.6581 0.3223 0.9627 0.3586 0.0000 806.042 54.329 238.877
8073 1.000000 0 0.6805 0.6581 0.3223 0.9627 0.3586 0.0000 806.042 54.330 238.877
8074 1.000000 0 0.6805 0.6581 0.3223 0.9627 0.3586 0.0000 806.042 54.330 238.877
8075 1.000000 0 0.6804 0.6581 0.3223 0.9627 0.3586 0.0000 806.042 54.331 238.877
8076 1.000000 0 0.6804 0.6581 0.3223 0.9627 0.3586 0.0000 806.042 54.331 238.877
8077 1.000000 0 0.6804 0.6581 0.3223 0.9627 0.3586 0.0000 806.042 54.331 238.877
8078 1.000000 0 0.6804 0.6581 0.3223 0.9627 0.3586 0.0000 806.042 54.332 238.877
8079 1.000000 0 0.6804 0.6582 0.3223 0.9627 0.3586 0.0000 806.042 54.332 238.877
8080 1.000000 0 0.6804 0.6582 0.3223 0.9627 0.3586 0.0000 806.042 54.332 238.877
8081 1.000000 0 0.6804 0.6582 0.3223 0.9627 0.3586 0.0000 806.042 54.332 238.877
8082 1.000000 0 0.6804 0.6582 0.3223 0.9627 0.3586 0.0000 806.042 54.332 238.877
8083 1.000000 0 0.6803 0.6582 0.3223 0.9627 0.3586 0.0000 806.042 54.332 238.877
8084 1.000000 0 0.6803 0.6582 0.3223 0.9627 0.3586 0.0000 806.042 54.333 238.877
8085 1.000000 0 0.6803 0.6582 0.3223 0.9627 0.3586 0.0000 806.042 54.333 238.877
8086 1.000000 0 0.6803 0.6582 0.3223 0.9627 0.3586 0.0000 806.042 54.333 238.877
8087 1.000000 0 0.6803 0.6583 0.3223 0.9627 0.3586 0.0000 806.042 54.333 238.877
8088 1.000000 0 0.6803 0.6583 0.3223 0.9627 0.3586 0.0000 806.042 54.333 238.877
8089 1.000000 0 0.6803 0.6583 0.3223 0.9627 0.3586 0.0000 806.042 54.333 238.877
8090 1.000000 0 0.6803 0.6583 0.3223 0.9627 0.3586 0.0000 806.042 54.333 238.877
8091 1.000000 0 0.6803 0.6583 0.3223 0.9627 0.3586 0.0000 806.042 54.333 238.877
8092 1.000000 0 0.6802 0.6583 0.3223 0.9627 0.3586 0.0000 806.042 54.333 238.877
8093 1.000000 0 0.6802 0.6583 0.3223 0.9627 0.3586 0.0000 806.042 54.333 238.877
8094 1.000000 0 0.6802 0.6583 0.3223 0.9627 0.3586 0.0000 806.042 54.333 238.877
8095 1.000000 0 0.6802 0.6584 0.3223 0.9627 0.3586 0.0000 806.042 54.333 238.877
8096 1.000000 0 0.6802 0.6584 0.3223 0.9627 0.3586 0.0000 806.042 54.333 238.877
8097 1.000000 0 0.6802 0.6584 0.3223 0.9627 0.3586 0.0000 806.042 54.333 238.877
8098 1.000000 0 0.6802 0.6584 0.3223 0.9627 0.3586 0.0000 806.042 54.333 238.877
8099 1.000000 0 0.6802 0.6584 0.3223 0.9627 0.3586 0.0000 806.042 54.333 238.877
8100 1.000000 0 0.6801 0.6584 0.3223 0.9627 0.3586 0.0000 806.042 54.333 238.877
8101 1.000000 0 0.6801 0.6584 0.3223 0.9627 0.3586 0.0000 806.042 54.333 238.877
8102 1.000000 0 0.6801 0.6585 0.3223 0.9627 0.3586 0.0000 806.042 54.333 238.877
8103 1.000000 0 0.6801 0.6585 0.3223 0.9627 0.3586 0.0000 806.042 54.333 238.877
8104 1.000000 0 0.6801 0.6585 0.3223 0.9627 0.3586 0.0000 806.042 54.333 238.877
8105 1.000000 0 0.6801 0.6585 0.3223 0.9627 0.3586 0.0000 806.042 54.333 238.877
8106 1.000000 0 0.6801 0.6585 0.3223 0.9627 0.3586 0.0000 806.042 54.333 238.877
8107 1.000000 0 0.6801 0.6585 0.3223 0.9627 0.3586 0.0000 806.042 54.333 238.877
8108 1.000000 0 0.6801 0.6585 0.3223 0.9627 0.3586 0.0000 806.042 54.333 238.877
8109 1.000000 0 0.6800 0.6586 0.3223 0.9627 0.3586 0.0000 806.042 54.333 238.877
8110 1.000000 0 0.6800 0.6586 0.3223 0.9627 0.3586 0.0000 806.042 54.333 238.877
8111 1.000000 0 0.6800 0.6586 0.3223 0.9627 0.3586 0.0000 806.042 54.333 238.877
8112 1.000000 0 0.6800 0.6586 0.3223 0.9627 0.3586 0.0000 806.042 54.333 238.877
8113 1.000000 0 0.6800 0.6586 0.3223 0.9627 0.3586 0.0000 806.042 54.333 238.877
8114 1.000000 0 0.6800 0.6586 0.3223 0.9627 0.3586 0.0000 806.042 54.333 238.877
8115 1.000000 0 0.6800 0.6586 0.3223 0.9627 0.3586 0.0000 806.042 54.333 238.877
8116 1.000000 0 0.6800 0.6586 0.3223 0.9627 0.3586 0.0000 806.042 54.333 238.877
8117 1.000000 0 0.6799 0.6587 0.3223 0.9627 0.3586 0.0000 806.042 54.333 238.877
8118 1.000000 0 0.6799 0.6587 0.3223 0.9627 0.3586 0.0000 806.042 54.333 238.877
8119 1.000000 0 0.6799 0.6587 0.3223 0.9627 0.3586 0.0000 806.042 54.333 238.877
8120 1.000000 0 0.6799 0.6587 0.3223 0.9627 0.3586 0.0000 806.042 54.333 238.877
8121 1.000000 0 0.6799 0.6587 0.3222 0.9627 0.3586 0.0000 806.042 54.333 238.877
8122 1.000000 0 0.6799 0.6587 0.3222 0.9627 0.3586 0.0000 806.042 54.333 238.877
8123 1.000000 0 0.6799 0.6587 0.3222 0.9627 0.3586 0.0000 806.042 54.333 238.877
8124 1.000000 0 0.6799 0.6587 0.3222 0.9627 0.3586 0.0000 806.042 54.333 238.877
8125 1.000000 0 0.6799 0.6588 0.3222 0.9627 0.3586 0.0000 806.042 54.333 238.877
8126 1.000000 0 0.6798 0.6588 0.3222 0.9627 0.3586 0.0000 806.042 54.333 238.877
8127 1.000000 0 0.6798 0.6588 0.3222 0.9627 0.3586 0.0000 806.042 54.333 238.877
8128 1.000000 0 0.6798 0.6588 0.3222 0.9627 0.3586 0.0000 806.042 54.333 238.877
8129 1.000000 0 0.6798 0.6588 0.3222 0.9627 0.3586 0.0000 806.042 54.333 238.877
8130 1.000000 0 0.6798 0.6588 0.3222 0.9627 0.3586 0.0000 806.042 54.333 238.877
8131 1.000000 0 0.6798 0.6588 0.3222 0.9627 0.3586 0.0000 806.042 54.333 238.877
8132 1.000000 0 0.6798 0.6588 0.3222 0.9627 0.3586 0.0000 806.042 54.333 238.877
8133 1.000000 0 0.6798 0.6589 0.3222 0.9627 0.3586 0.0000 806.042 54.333 238.877
8134 1.000000 0 0.6797 0.6589 0.3222 0.9627 0.3586 0.0000 806.042 54.333 238.877
8135 1.000000 0 0.6797 0.6589 0.3222 0.9627 0.3586 0.0000 806.042 54.333 238.877
8136 1.000000 0 0.6797 0.6589 0.3222 0.9627 0.3586 0.0000 806.042 54.333 238.877
8137 1.000000 0 0.6797 0.6589 0.3222 0.9627 0.3586 0.0000 806.042 54.333 238.877
8138 1.000000 0 0.6797 0.6589 0.3222 0.9627 0.3586 0.0000 806.042 54.333 238.877
8139 1.000000 0 0.6797 0.6589 0.3222 0.9627 0.3586 0.0000 806.042 54.333 238.877
8140 1.000000 0 0.6797 0.6589 0.3222 0.9627 0.3586 0.0000 806.042 54.333 238.877
8141 1.000000 0 0.6797 0.6590 0.3222 0.9627 0.3586 0.0000 806.042 54.333 238.877
8142 1.000000 0 0.6797 0.6590 0.3222 0.9627 0.3586 0.0000 806.042 54.333 238.877
8143 1.000000 0 0.6796 0.6590 0.3222 0.9627 0.3586 0.0000 806.042 54.333 238.877
8144 1.000000 0 0.6796 0.6590 0.3222 0.9627 0.3586 0.0000 806.042 54.333 238.877
8145 1.000000 0 0.6796 0.6590 0.3222 0.9627 0.3586 0.0000 806.042 54.333 238.877
8146 1.000000 0 0.6796 0.6590 0.3222 0.9627 0.3586 0.0000 806.042 54.333 238.877
8147 1.000000 0 0.6796 0.6590 0.3222 0.9627 0.3586 0.0000 806.042 54.333 238.877
8148 1.000000 0 0.6796 0.6591 0.3222 0.9627 0.3586 0.0000 806.042 54.333 238.877
8149 1.000000 0 0.6796 0.6591 0.3222 0.9627 0.3586 0.0000 806.042 54.333 238.877
8150 1.000000 0 0.6796 0.6591 0.3222 0.9627 0.3586 0.0000 806.042 54.333 238.877
8151 1.000000 0 0.6796 0.6591 0.3222 0.9627 0.3586 0.0000 806.042 54.333 238.877
8152 1.000000 0 0.6795 0.6591 0.3222 0.9627 0.3586 0.0000 806.042 54.333 238.877
8153 1.000000 0 0.6795 0.6591 0.3222 0.9627 0.3586 0.0000 806.042 54.333 238.877
8154 1.000000 0 0.6795 0.6591 0.3222 0.9627 0.3586 0.0000 806.042 54.333 238.877
8155 1.000000 0 0.6795 0.6592 0.3222 0.9627 0.3586 0.0000 806.042 54.333 238.877
8156 1.000000 0 0.6795 0.6592 0.3222 0.9627 0.3586 0.0000 806.042 54.333 238.877
8157 1.000000 0 0.6795 0.6592 0.3222 0.9627 0.3586 0.0000 806.042 54.333 238.877
8158 1.000000 0 0.6795 0.6592 0.3222 0.9627 0.3586 0.0000 806.042 54.333 238.877
8159 1.000000 0 0.6794 0.6592 0.3222 0.9627 0.3586 0.0000 806.042 54.333 238.877
8160 1.000000 0 0.6794 0.6592 0.3222 0.9627 0.3586 0.0000 806.042 54.333 238.877
8161 1.000000 0 0.6794 0.6592 0.3222 0.9627 0.3586 0.0000 806.042 54.333 238.877
8162 1.000000 0 0.6794 0.6592 0.3222 0.9627 0.3586 0.0000 806.042 54.333 238.877
8163 1.000000 0 0.6794 0.6593 0.3222 0.9627 0.3586 0.0000 806.042 54.333 238.877
8164 1.000000 0 0.6794 0.6593 0.3222 0.9627 0.3586 0.0000 806.042 54.333 238.877
8165 1.000000 0 0.6794 0.6593 0.3222 0.9627 0.3586 0.0000 806.042 54.333 238.877
8166 1.000000 0 0.6794 0.6593 0.3222 0.9627 0.3586 0.0000 806.042 54.333 238.877
8167 1.000000 0 0.6794 0.6593 0.3222 0.9627 0.3586 0.0000 806.042 54.333 238.877
8168 1.000000 0 0.6793 0.6593 0.3222 0.9627 0.3586 0.0000 806.042 54.333 238.877
8169 1.000000 0 0.6793 0.6593 0.3222 0.9627 0.3586 0.0000 806.042 54.333 238.877
8170 1.000000 0 0.6793 0.6593 0.3222 0.9627 0.3586 0.0000 806.042 54.333 238.877
8171 1.000000 0 0.6793 0.6594 0.3222 0.9627 0.3586 0.0000 806.042 54.333 238.877
8172 1.000000 0 0.6793 0.6594 0.3222 0.9627 0.3586 0.0000 806.042 54.333 238.877
8173 1.000000 0 0.6793 0.6594 0.3222 0.9627 0.3586 0.0000 806.042 54.333 238.877
8174 1.000000 0 0.6793 0.6594 0.3222 0.9627 0.3586 0.0000 806.042 54.333 238.877
8175 1.000000 0 0.6793 0.6594 0.3222 0.9627 0.3586 0.0000 806.042 54.333 238.877
8176 1.000000 0 0.6793 0.6594 0.3222 0.9627 0.3586 0.0000 806.042 54.333 238.877
8177 1.000000 0 0.6792 0.6594 0.3221 0.9627 0.3586 0.0000 806.042 54.333 238.877
8178 1.000000 0 0.6792 0.6594 0.3221 0.9627 0.3586 0.0000 806.042 54.333 238.877
8179 1.000000 0 0.6792 0.6595 0.3221 0.9627 0.3586 0.0000 806.042 54.333 238.877
8180 1.000000 0 0.6792 0.6595 0.3221 0.9627 0.3586 0.0000 806.042 54.333 238.877
8181 1.000000 0 0.6792 0.6595 0.3221 0.9627 0.3586 0.0000 806.042 54.333 238.877
8182 1.000000 0 0.6792 0.6595 0.3221 0.9627 0.3586 0.0000 806.042 54.333 238.877
8183 1.000000 0 0.6791 0.6595 0.3221 0.9627 0.3586 0.0000 806.042 54.333 238.877
8184 1.000000 0 0.6791 0.6596 0.3221 0.9627 0.3586 0.0000 806.042 54.333 238.877
8185 1.000000 0 0.6791 0.6596 0.3221 0.9627 0.3586 0.0000 806.042 54.333 238.877
8186 1.000000 0 0.6791 0.6596 0.3221 0.9627 0.3586 0.0000 806.042 54.333 238.877
8187 1.000000 0 0.6791 0.6596 0.3221 0.9627 0.3586 0.0000 806.042 54.333 238.877
8188 1.000000 0 0.6791 0.6596 0.3221 0.9627 0.3586 0.0000 806.042 54.333 238.877
8189 1.000000 0 0.6791 0.6596 0.3221 0.9627 0.3586 0.0000 806.042 54.333 238.877
8190 1.000000 0 0.6791 0.6596 0.3221 0.9627 0.3586 0.0000 806.042 54.333 238.877
8191 1.000000 0 0.6791 0.6596 0.3221 0.9627 0.3586 0.0000 806.042 54.333 238.877
8192 1.000000 0 0.6790 0.6597 0.3221 0.9627 0.3586 0.0000 806.042 54.333 238.877
8193 1.000000 0 0.6790 0.6597 0.3221 0.9627 0.3586 0.0000 806.042 54.333 238.877
8194 1.000000 0 0.6790 0.6597 0.3221 0.9627 0.3586 0.0000 806.042 54.333 238.877
8195 1.000000 0 0.6790 0.6597 0.3221 0.9627 0.3586 0.0000 806.042 54.333 238.877
8196 1.000000 0 0.6790 0.6597 0.3221 0.9627 0.3586 0.0000 806.042 54.333 238.877
8197 1.000000 0 0.6790 0.6597 0.3221 0.9627 0.3586 0.0000 806.042 54.333 238.877
8198 1.000000 0 0.6790 0.6598 0.3221 0.9627 0.3586 0.0000 806.042 54.333 238.877
8199 1.000000 0 0.6789 0.6598 0.3221 0.9627 0.3586 0.0000 806.042 54.333 238.877
8200 1.000000 0 0.6789 0.6598 0.3221 0.9627 0.3586 0.0000 806.042 54.333 238.877
8201 1.000000 0 0.6789 0.6598 0.3221 0.9627 0.3586 0.0000 806.042 54.333 238.877
8202 1.000000 0 0.6789 0.6598 0.3221 0.9627 0.3586 0.0000 806.042 54.333 238.877
8203 1.000000 0 0.6789 0.6598 0.3221 0.9627 0.3586 0.0000 806.042 54.333 238.877
8204 1.000000 0 0.6789 0.6598 0.3221 0.9627 0.3586 0.0000 806.042 54.333 238.877
8205 1.000000 0 0.6789 0.6598 0.3221 0.9627 0.3586 0.0000 806.042 54.333 238.877
8206 1.000000 0 0.6789 0.6599 0.3221 0.9627 0.3586 0.0000 806.042 54.333 238.877
8207 1.000000 0 0.6788 0.6599 0.3221 0.9627 0.3586 0.0000 806.042 54.333 238.877
8208 1.000000 0 0.6788 0.6599 0.3221 0.9627 0.3586 0.0000 806.042 54.333 238.877
8209 1.000000 0 0.6788 0.6599 0.3221 0.9627 0.3586 0.0000 806.042 54.333 238.877
8210 1.000000 0 0.6788 0.6599 0.3221 0.9627 0.3586 0.0000 806.042 54.333 238.877
8211 1.000000 0 0.6788 0.6599 0.3221 0.9627 0.3586 0.0000 806.042 54.333 238.877
8212 1.000000 0 0.6788 0.6599 0.3221 0.9627 0.3586 0.0000 806.042 54.333 238.877
8213 1.000000 0 0.6788 0.6599 0.3221 0.9627 0.3586 0.0000 806.042 54.333 238.877
8214 1.000000 0 0.6788 0.6600 0.3221 0.9627 0.3586 0.0000 806.042 54.333 238.877
8215 1.000000 0 0.6788 0.6600 0.3221 0.9627 0.3586 0.0000 806.042 54.333 238.877
8216 1.000000 0 0.6787 0.6600 0.3221 0.9627 0.3586 0.0000 806.042 54.333 238.877
8217 1.000000 0 0.6787 0.6600 0.3221 0.9627 0.3586 0.0000 806.042 54.333 238.877
8218 1.000000 0 0.6787 0.6600 0.3221 0.9627 0.3586 0.0000 806.042 54.333 238.877
8219 1.000000 0 0.6787 0.6600 0.3221 0.9627 0.3586 0.0000 806.042 54.333 238.877
8220 1.000000 0 0.6787 0.6600 0.3221 0.9627 0.3586 0.0000 806.042 54.333 238.877
8221 1.000000 0 0.6787 0.6601 0.3221 0.9627 0.3586 0.0000 806.042 54.333 238.877
8222 1.000000 0 0.6786 0.6601 0.3221 0.9627 0.3586 0.0000 806.041 54.380 238.879
8223 1.000000 0 0.6786 0.6601 0.3221 0.9627 0.3586 0.0000 806.040 54.416 238.881
8224 1.000000 0 0.6786 0.6601 0.3221 0.9627 0.3586 0.0000 806.040 54.436 238.882
8225 1.000000 0 0.6786 0.6601 0.3221 0.9627 0.3586 0.0000 806.039 54.470 238.883
8226 1.000000 0 0.6786 0.6601 0.3221 0.9627 0.3586 0.0000 806.028 54.503 238.880
8227 1.000000 0 0.6786 0.6601 0.3221 0.9627 0.3586 0.0000 806.017 54.536 238.876
8228 1.000000 0 0.6786 0.6602 0.3220 0.9627 0.3586 0.0000 806.016 54.567 238.878
8229 1.000000 0 0.6786 0.6602 0.3220 0.9627 0.3586 0.0000 806.015 54.599 238.879
8230 1.000000 0 0.6786 0.6602 0.3220 0.9627 0.3586 0.0000 806.005 54.629 238.876
8231 1.000000 0 0.6785 0.6602 0.3220 0.9627 0.3586 0.0000 805.994 54.659 238.873
8232 1.000000 0 0.6785 0.6602 0.3220 0.9627 0.3586 0.0000 805.994 54.688 238.875
8233 1.000000 0 0.6785 0.6602 0.3220 0.9627 0.3586 0.0000 805.994 54.716 238.877
8234 1.000000 0 0.6785 0.6602 0.3220 0.9627 0.3586 0.0000 806.002 54.740 238.882
8235 1.000000 0 0.6785 0.6602 0.3220 0.9627 0.3586 0.0000 806.011 54.763 238.886
8236 1.000000 0 0.6785 0.6603 0.3220 0.9627 0.3586 0.0000 806.019 54.785 238.891
8237 1.000000 0 0.6785 0.6603 0.3220 0.9627 0.3586 0.0000 806.026 54.808 238.895
8238 1.000000 0 0.6785 0.6603 0.3220 0.9627 0.3586 0.0000 806.034 54.841 238.898
8239 1.000000 0 0.6785 0.6603 0.3220 0.9627 0.3586 0.0000 806.037 54.854 238.900
8240 1.000000 0 0.6784 0.6603 0.3220 0.9627 0.3586 0.0000 806.041 54.877 238.901
8241 1.000000 0 0.6783 0.6604 0.3220 0.9627 0.3586 0.0000 806.073 55.078 238.891
8242 1.000000 0 0.6783 0.6605 0.3220 0.9627 0.3586 0.0000 806.075 55.087 238.890
8243 1.000000 0 0.6783 0.6605 0.3220 0.9627 0.3586 0.0000 806.081 55.092 238.890
8244 1.000000 0 0.6783 0.6605 0.3220 0.9627 0.3586 0.0000 806.087 55.096 238.889
8245 1.000000 0 0.6783 0.6605 0.3220 0.9627 0.3586 0.0000 806.093 55.098 238.888
8246 1.000000 0 0.6783 0.6605 0.3220 0.9627 0.3586 0.0000 806.097 55.100 238.888
8247 1.000000 0 0.6783 0.6605 0.3220 0.9627 0.3586 0.0000 806.103 55.102 238.887
8248 1.000000 0 0.6782 0.6605 0.3220 0.9627 0.3586 0.0000 806.105 55.103 238.886
8249 1.000000 0 0.6782 0.6605 0.3220 0.9627 0.3586 0.0000 806.109 55.104 238.885
8250 1.000000 0 0.6782 0.6606 0.3220 0.9627 0.3586 0.0000 806.114 55.106 238.884
8251 1.000000 0 0.6782 0.6606 0.3220 0.9627 0.3586 0.0000 806.118 55.107 238.883
8252 1.000000 0 0.6782 0.6606 0.3220 0.9627 0.3586 0.0000 806.120 55.108 238.883
8253 1.000000 0 0.6782 0.6606 0.3220 0.9627 0.3586 0.0000 806.123 55.109 238.882
8254 1.000000 0 0.6782 0.6606 0.3220 0.9627 0.3586 0.0000 806.126 55.110 238.881
8255 1.000000 0 0.6782 0.6606 0.3220 0.9627 0.3586 0.0000 806.128 55.110 238.880
8256 1.000000 0 0.6781 0.6606 0.3220 0.9627 0.3586 0.0000 806.132 55.111 238.878
8257 1.000000 0 0.6781 0.6606 0.3220 0.9627 0.3586 0.0000 806.133 55.112 238.878
8258 1.000000 0 0.6781 0.6607 0.3220 0.9627 0.3586 0.0000 806.135 55.113 238.877
8259 1.000000 0 0.6781 0.6607 0.3220 0.9627 0.3586 0.0000 806.137 55.113 238.875
8260 1.000000 0 0.6781 0.6607 0.3220 0.9627 0.3586 0.0000 806.138 55.114 238.874
8261 1.000000 0 0.6781 0.6607 0.3220 0.9627 0.3586 0.0000 806.140 55.114 238.873
8262 1.000000 0 0.6781 0.6607 0.3220 0.9627 0.3586 0.0000 806.141 55.114 238.872
8263 1.000000 0 0.6781 0.6607 0.3220 0.9627 0.3586 0.0000 806.141 55.114 238.870
8264 1.000000 0 0.6781 0.6607 0.3220 0.9627 0.3586 0.0000 806.142 55.115 238.869
8265 1.000000 0 0.6780 0.6607 0.3220 0.9627 0.3586 0.0000 806.143 55.115 238.868
8266 1.000000 0 0.6780 0.6608 0.3220 0.9627 0.3586 0.0000 806.143 55.115 238.866
8267 1.000000 0 0.6780 0.6608 0.3220 0.9627 0.3586 0.0000 806.143 55.114 238.865
8268 1.000000 0 0.6780 0.6608 0.3220 0.9627 0.3586 0.0000 806.144 55.112 238.863
8269 1.000000 0 0.6780 0.6608 0.3220 0.9627 0.3586 0.0000 806.126 55.107 238.858
8270 1.000000 0 0.6780 0.6608 0.3220 0.9627 0.3586 0.0000 806.117 55.104 238.855
8271 1.000000 0 0.6780 0.6608 0.3220 0.9627 0.3586 0.0000 806.116 55.100 238.853
8272 1.000000 0 0.6780 0.6608 0.3220 0.9627 0.3586 0.0000 806.117 55.096 238.852
8273 1.000000 0 0.6780 0.6608 0.3220 0.9627 0.3586 0.0000 806.106 55.089 238.853
8274 1.000000 0 0.6779 0.6609 0.3220 0.9627 0.3586 0.0000 806.096 55.083 238.854
8275 1.000000 0 0.6779 0.6609 0.3220 0.9627 0.3586 0.0000 806.084 55.073 238.861
8276 1.000000 0 0.6779 0.6609 0.3220 0.9627 0.3586 0.0000 806.079 55.069 238.864
8277 1.000000 0 0.6779 0.6609 0.3219 0.9627 0.3586 0.0000 806.077 55.059 238.862
8278 1.000000 0 0.6779 0.6609 0.3219 0.9627 0.3586 0.0000 806.075 55.049 238.859
8279 1.000000 0 0.6779 0.6609 0.3219 0.9627 0.3586 0.0000 806.075 55.040 238.858
8280 1.000000 0 0.6779 0.6609 0.3219 0.9627 0.3586 0.0000 806.076 55.030 238.856
8281 1.000000 0 0.6779 0.6610 0.3219 0.9627 0.3586 0.0000 806.073 55.018 238.854
8282 1.000000 0 0.6778 0.6610 0.3219 0.9627 0.3586 0.0000 806.070 55.001 238.851
8283 1.000000 0 0.6778 0.6610 0.3219 0.9627 0.3586 0.0000 806.070 54.993 238.850
8284 1.000000 0 0.6778 0.6610 0.3219 0.9627 0.3586 0.0000 806.070 54.981 238.848
8285 1.000000 0 0.6778 0.6610 0.3219 0.9627 0.3586 0.0000 806.067 54.966 238.846
8286 1.000000 0 0.6778 0.6610 0.3219 0.9627 0.3586 0.0000 806.063 54.951 238.843
8287 1.000000 0 0.6778 0.6610 0.3219 0.9627 0.3586 0.0000 806.063 54.936 238.842
8288 1.000000 0 0.6778 0.6610 0.3219 0.9627 0.3586 0.0000 806.063 54.920 238.840
8289 1.000000 0 0.6777 0.6611 0.3219 0.9627 0.3586 0.0000 806.045 54.774 238.824
8290 1.000000 0 0.6777 0.6611 0.3219 0.9627 0.3586 0.0000 806.045 54.769 238.823
8291 1.000000 0 0.6777 0.6612 0.3219 0.9627 0.3586 0.0000 806.035 54.747 238.820
8292 1.000000 0 0.6777 0.6612 0.3219 0.9627 0.3586 0.0000 806.024 54.724 238.816
8293 1.000000 0 0.6777 0.6612 0.3219 0.9627 0.3586 0.0000 806.024 54.656 238.816
8294 1.000000 0 0.6776 0.6612 0.3219 0.9627 0.3586 0.0000 806.024 54.584 238.816
8295 1.000000 0 0.6776 0.6612 0.3219 0.9627 0.3586 0.0000 806.026 54.558 238.819
8296 1.000000 0 0.6776 0.6612 0.3219 0.9627 0.3586 0.0000 806.029 54.534 238.822
8297 1.000000 0 0.6776 0.6612 0.3219 0.9627 0.3586 0.0000 806.033 54.507 238.826
8298 1.000000 0 0.6776 0.6612 0.3219 0.9627 0.3586 0.0000 806.036 54.484 238.829
8299 1.000000 0 0.6776 0.6613 0.3219 0.9627 0.3586 0.0000 806.039 54.458 238.832
8300 1.000000 0 0.6776 0.6613 0.3219 0.9627 0.3586 0.0000 806.042 54.432 238.836
8301 1.000000 0 0.6775 0.6613 0.3219 0.9627 0.3586 0.0000 806.049 54.376 238.843
8302 1.000000 0 0.6775 0.6613 0.3219 0.9627 0.3586 0.0000 806.049 54.373 238.843
8303 1.000000 0 0.6775 0.6613 0.3219 0.9627 0.3586 0.0000 806.043 54.362 238.844
8304 1.000000 0 0.6775 0.6613 0.3219 0.9627 0.3586 0.0000 806.036 54.349 238.846
8305 1.000000 0 0.6775 0.6613 0.3219 0.9627 0.3586 0.0000 806.042 54.343 238.851
8306 1.000000 0 0.6775 0.6613 0.3219 0.9627 0.3586 0.0000 806.048 54.338 238.856
8307 1.000000 0 0.6775 0.6614 0.3219 0.9627 0.3586 0.0000 806.048 54.329 238.858
8308 1.000000 0 0.6775 0.6614 0.3219 0.9627 0.3586 0.0000 806.048 54.315 238.860
8309 1.000000 0 0.6775 0.6614 0.3219 0.9627 0.3586 0.0000 806.048 54.307 238.861
8310 1.000000 0 0.6775 0.6614 0.3219 0.9627 0.3586 0.0000 806.047 54.294 238.862
8311 1.000000 0 0.6774 0.6614 0.3219 0.9627 0.3586 0.0000 806.048 54.312 238.865
8312 1.000000 0 0.6774 0.6614 0.3219 0.9627 0.3586 0.0000 806.049 54.331 238.867
8313 1.000000 0 0.6774 0.6614 0.3219 0.9627 0.3586 0.0000 806.047 54.338 238.869
8314 1.000000 0 0.6774 0.6614 0.3219 0.9627 0.3586 0.0000 806.045 54.344 238.871
8315 1.000000 0 0.6774 0.6615 0.3219 0.9627 0.3586 0.0000 806.043 54.342 238.872
8316 1.000000 0 0.6774 0.6615 0.3219 0.9627 0.3586 0.0000 806.042 54.340 238.873
8317 1.000000 0 0.6774 0.6615 0.3219 0.9627 0.3586 0.0000 806.041 54.335 238.875
8318 1.000000 0 0.6774 0.6615 0.3219 0.9627 0.3586 0.0000 806.041 54.333 238.876
8319 1.000000 0 0.6774 0.6615 0.3219 0.9627 0.3586 0.0000 806.042 54.332 238.879
8320 1.000000 0 0.6773 0.6615 0.3219 0.9627 0.3586 0.0000 806.042 54.331 238.881
8321 1.000000 0 0.6773 0.6615 0.3219 0.9627 0.3586 0.0000 806.040 54.336 238.883
8322 1.000000 0 0.6773 0.6615 0.3219 0.9627 0.3586 0.0000 806.039 54.342 238.885
8323 1.000000 0 0.6773 0.6616 0.3219 0.9627 0.3586 0.0000 806.037 54.341 238.886
8324 1.000000 0 0.6773 0.6616 0.3219 0.9627 0.3586 0.0000 806.036 54.338 238.887
8325 1.000000 0 0.6773 0.6616 0.3219 0.9627 0.3586 0.0000 806.035 54.335 238.889
8326 1.000000 0 0.6773 0.6616 0.3219 0.9627 0.3586 0.0000 806.035 54.331 238.890
8327 1.000000 0 0.6773 0.6616 0.3219 0.9627 0.3586 0.0000 806.036 54.330 238.892
8328 1.000000 0 0.6772 0.6616 0.3218 0.9627 0.3586 0.0000 806.036 54.329 238.894
8329 1.000000 0 0.6772 0.6616 0.3218 0.9627 0.3586 0.0000 806.035 54.328 238.896
8330 1.000000 0 0.6772 0.6617 0.3218 0.9627 0.3586 0.0000 806.032 54.336 238.900
8331 1.000000 0 0.6772 0.6617 0.3218 0.9627 0.3586 0.0000 806.031 54.338 238.901
8332 1.000000 0 0.6772 0.6617 0.3218 0.9627 0.3586 0.0000 806.030 54.336 238.903
8333 1.000000 0 0.6772 0.6617 0.3218 0.9627 0.3586 0.0000 806.029 54.334 238.904
8334 1.000000 0 0.6772 0.6617 0.3218 0.9627 0.3586 0.0000 806.028 54.331 238.905
8335 1.000000 0 0.6772 0.6617 0.3218 0.9627 0.3586 0.0000 806.028 54.327 238.907
8336 1.000000 0 0.6771 0.6617 0.3218 0.9627 0.3586 0.0000 806.028 54.327 238.909
8337 1.000000 0 0.6771 0.6618 0.3218 0.9627 0.3586 0.0000 806.029 54.326 238.910
8338 1.000000 0 0.6771 0.6618 0.3218 0.9627 0.3586 0.0000 806.027 54.332 238.913
8339 1.000000 0 0.6771 0.6618 0.3218 0.9627 0.3586 0.0000 806.026 54.337 238.915
8340 1.000000 0 0.6771 0.6618 0.3218 0.9627 0.3586 0.0000 806.024 54.336 238.916
8341 1.000000 0 0.6771 0.6618 0.3218 0.9627 0.3586 0.0000 806.023 54.333 238.917
8342 1.000000 0 0.6771 0.6618 0.3218 0.9627 0.3586 0.0000 806.023 54.330 238.919
8343 1.000000 0 0.6771 0.6618 0.3218 0.9627 0.3586 0.0000 806.023 54.326 238.920
8344 1.000000 0 0.6770 0.6618 0.3218 0.9627 0.3586 0.0000 806.023 54.324 238.923
8345 1.000000 0 0.6770 0.6619 0.3218 0.9627 0.3586 0.0000 806.024 54.323 238.924
8346 1.000000 0 0.6770 0.6619 0.3218 0.9627 0.3586 0.0000 806.023 54.328 238.925
8347 1.000000 0 0.6770 0.6619 0.3218 0.9627 0.3586 0.0000 806.023 54.334 238.927
8348 1.000000 0 0.6770 0.6619 0.3218 0.9627 0.3586 0.0000 806.021 54.332 238.927
8349 1.000000 0 0.6770 0.6619 0.3218 0.9627 0.3586 0.0000 806.019 54.331 238.927
8350 1.000000 0 0.6770 0.6619 0.3218 0.9627 0.3586 0.0000 806.020 54.327 238.927
8351 1.000000 0 0.6770 0.6619 0.3218 0.9627 0.3586 0.0000 806.022 54.323 238.927
8352 1.000000 0 0.6770 0.6619 0.3218 0.9627 0.3586 0.0000 806.022 54.323 238.927
8353 1.000000 0 0.6769 0.6620 0.3218 0.9627 0.3586 0.0000 806.023 54.327 238.928
8354 1.000000 0 0.6769 0.6620 0.3218 0.9627 0.3586 0.0000 806.023 54.328 238.929
8355 1.000000 0 0.6769 0.6620 0.3218 0.9627 0.3586 0.0000 806.021 54.331 238.929
8356 1.000000 0 0.6769 0.6620 0.3218 0.9627 0.3586 0.0000 806.019 54.329 238.928
8357 1.000000 0 0.6769 0.6620 0.3218 0.9627 0.3586 0.0000 806.020 54.325 238.928
8358 1.000000 0 0.6769 0.6620 0.3218 0.9627 0.3586 0.0000 806.022 54.321 238.928
8359 1.000000 0 0.6769 0.6620 0.3218 0.9627 0.3586 0.0000 806.023 54.321 238.928
8360 1.000000 0 0.6769 0.6621 0.3218 0.9627 0.3586 0.0000 806.025 54.320 238.929
8361 1.000000 0 0.6768 0.6621 0.3218 0.9627 0.3586 0.0000 806.023 54.326 238.930
8362 1.000000 0 0.6768 0.6621 0.3218 0.9627 0.3586 0.0000 806.022 54.331 238.931
8363 1.000000 0 0.6768 0.6621 0.3218 0.9627 0.3586 0.0000 806.021 54.329 238.930
8364 1.000000 0 0.6768 0.6621 0.3218 0.9627 0.3586 0.0000 806.019 54.327 238.929
8365 1.000000 0 0.6768 0.6621 0.3218 0.9627 0.3586 0.0000 806.020 54.324 238.929
8366 1.000000 0 0.6768 0.6621 0.3218 0.9627 0.3586 0.0000 806.021 54.321 238.929
8367 1.000000 0 0.6768 0.6621 0.3218 0.9627 0.3586 0.0000 806.023 54.320 238.929
8368 1.000000 0 0.6768 0.6622 0.3218 0.9627 0.3586 0.0000 806.025 54.321 238.930
8369 1.000000 0 0.6767 0.6622 0.3218 0.9627 0.3586 0.0000 806.023 54.326 238.931
8370 1.000000 0 0.6767 0.6622 0.3218 0.9627 0.3586 0.0000 806.022 54.330 238.932
8371 1.000000 0 0.6767 0.6622 0.3218 0.9627 0.3586 0.0000 806.021 54.329 238.931
8372 1.000000 0 0.6767 0.6622 0.3218 0.9627 0.3586 0.0000 806.019 54.326 238.930
8373 1.000000 0 0.6767 0.6622 0.3218 0.9627 0.3586 0.0000 806.020 54.323 238.930
8374 1.000000 0 0.6767 0.6622 0.3218 0.9627 0.3586 0.0000 806.021 54.320 238.930
8375 1.000000 0 0.6767 0.6622 0.3218 0.9627 0.3586 0.0000 806.023 54.319 238.930
8376 1.000000 0 0.6767 0.6623 0.3218 0.9627 0.3586 0.0000 806.025 54.319 238.931
8377 1.000000 0 0.6767 0.6623 0.3218 0.9627 0.3586 0.0000 806.023 54.324 238.932
8378 1.000000 0 0.6766 0.6623 0.3218 0.9627 0.3586 0.0000 806.022 54.330 238.933
8379 1.000000 0 0.6766 0.6623 0.3218 0.9627 0.3586 0.0000 806.019 54.329 238.932
8380 1.000000 0 0.6766 0.6623 0.3218 0.9627 0.3586 0.0000 806.018 54.328 238.932
8381 1.000000 0 0.6766 0.6623 0.3218 0.9627 0.3586 0.0000 806.020 54.324 238.932
8382 1.000000 0 0.6766 0.6623 0.3218 0.9627 0.3586 0.0000 806.020 54.322 238.932
8383 1.000000 0 0.6766 0.6624 0.3218 0.9627 0.3586 0.0000 806.022 54.320 238.932
8384 1.000000 0 0.6766 0.6624 0.3217 0.9627 0.3586 0.0000 806.023 54.320 238.932
8385 1.000000 0 0.6766 0.6624 0.3217 0.9627 0.3586 0.0000 806.022 54.325 238.933
8386 1.000000 0 0.6766 0.6624 0.3217 0.9627 0.3586 0.0000 806.021 54.330 238.935
8387 1.000000 0 0.6765 0.6624 0.3217 0.9627 0.3586 0.0000 806.020 54.330 238.934
8388 1.000000 0 0.6765 0.6624 0.3217 0.9627 0.3586 0.0000 806.018 54.329 238.933
8389 1.000000 0 0.6765 0.6624 0.3217 0.9627 0.3586 0.0000 806.019 54.325 238.933
8390 1.000000 0 0.6765 0.6624 0.3217 0.9627 0.3586 0.0000 806.020 54.322 238.933
8391 1.000000 0 0.6765 0.6625 0.3217 0.9627 0.3586 0.0000 806.021 54.321 238.933
8392 1.000000 0 0.6765 0.6625 0.3217 0.9627 0.3586 0.0000 806.023 54.319 238.933
8393 1.000000 0 0.6765 0.6625 0.3217 0.9627 0.3586 0.0000 806.022 54.319 238.933
8394 1.000000 0 0.6765 0.6625 0.3217 0.9627 0.3586 0.0000 806.022 54.319 238.933
8395 1.000000 0 0.6764 0.6625 0.3217 0.9627 0.3586 0.0000 806.022 54.318 238.933
8396 1.000000 0 0.6764 0.6625 0.3217 0.9627 0.3586 0.0000 806.023 54.317 238.933
8397 1.000000 0 0.6764 0.6625 0.3217 0.9627 0.3586 0.0000 806.021 54.326 238.936
8398 1.000000 0 0.6764 0.6625 0.3217 0.9627 0.3586 0.0000 806.021 54.326 238.936
8399 1.000000 0 0.6764 0.6626 0.3217 0.9627 0.3586 0.0000 806.018 54.325 238.935
8400 1.000000 0 0.6764 0.6626 0.3217 0.9627 0.3586 0.0000 806.018 54.324 238.934
8401 1.000000 0 0.6763 0.6626 0.3217 0.9627 0.3586 0.0000 806.022 54.323 238.935
8402 1.000000 0 0.6763 0.6626 0.3217 0.9627 0.3586 0.0000 806.022 54.324 238.936
8403 1.000000 0 0.6763 0.6626 0.3217 0.9627 0.3586 0.0000 806.021 54.330 238.937
8404 1.000000 0 0.6763 0.6627 0.3217 0.9627 0.3586 0.0000 806.019 54.329 238.936
8405 1.000000 0 0.6763 0.6627 0.3217 0.9627 0.3586 0.0000 806.017 54.328 238.936
8406 1.000000 0 0.6763 0.6627 0.3217 0.9627 0.3586 0.0000 806.018 54.325 238.936
8407 1.000000 0 0.6763 0.6627 0.3217 0.9627 0.3586 0.0000 806.019 54.321 238.935
8408 1.000000 0 0.6763 0.6627 0.3217 0.9627 0.3586 0.0000 806.020 54.320 238.935
8409 1.000000 0 0.6762 0.6627 0.3217 0.9627 0.3586 0.0000 806.022 54.321 238.936
8410 1.000000 0 0.6762 0.6627 0.3217 0.9627 0.3586 0.0000 806.021 54.329 238.938
8411 1.000000 0 0.6762 0.6627 0.3217 0.9627 0.3586 0.0000 806.020 54.330 238.938
8412 1.000000 0 0.6762 0.6628 0.3217 0.9627 0.3586 0.0000 806.018 54.326 238.936
8413 1.000000 0 0.6762 0.6628 0.3217 0.9627 0.3586 0.0000 806.018 54.325 238.936
8414 1.000000 0 0.6762 0.6628 0.3217 0.9627 0.3586 0.0000 806.020 54.319 238.936
8415 1.000000 0 0.6762 0.6628 0.3217 0.9627 0.3586 0.0000 806.020 54.319 238.936
8416 1.000000 0 0.6762 0.6628 0.3217 0.9627 0.3586 0.0000 806.023 54.317 238.937
8417 1.000000 0 0.6762 0.6628 0.3217 0.9627 0.3586 0.0000 806.023 54.318 238.937
8418 1.000000 0 0.6761 0.6628 0.3217 0.9627 0.3586 0.0000 806.020 54.328 238.939
8419 1.000000 0 0.6761 0.6628 0.3217 0.9627 0.3586 0.0000 806.020 54.328 238.939
8420 1.000000 0 0.6761 0.6629 0.3217 0.9627 0.3586 0.0000 806.017 54.327 238.938
8421 1.000000 0 0.6761 0.6629 0.3217 0.9627 0.3586 0.0000 806.017 54.326 238.938
8422 1.000000 0 0.6761 0.6629 0.3217 0.9627 0.3586 0.0000 806.019 54.320 238.937
8423 1.000000 0 0.6761 0.6629 0.3217 0.9627 0.3586 0.0000 806.019 54.320 238.937
8424 1.000000 0 0.6761 0.6629 0.3217 0.9627 0.3586 0.0000 806.020 54.319 238.938
8425 1.000000 0 0.6761 0.6629 0.3217 0.9627 0.3586 0.0000 806.022 54.318 238.938
8426 1.000000 0 0.6761 0.6629 0.3217 0.9627 0.3586 0.0000 806.021 54.323 238.939
8427 1.000000 0 0.6760 0.6629 0.3217 0.9627 0.3586 0.0000 806.020 54.328 238.940
8428 1.000000 0 0.6760 0.6630 0.3217 0.9627 0.3586 0.0000 806.018 54.328 238.940
8429 1.000000 0 0.6760 0.6630 0.3217 0.9627 0.3586 0.0000 806.017 54.326 238.939
8430 1.000000 0 0.6760 0.6630 0.3217 0.9627 0.3586 0.0000 806.018 54.323 238.939
8431 1.000000 0 0.6760 0.6630 0.3217 0.9627 0.3586 0.0000 806.018 54.320 238.939
8432 1.000000 0 0.6760 0.6630 0.3217 0.9627 0.3586 0.0000 806.020 54.319 238.939
8433 1.000000 0 0.6760 0.6630 0.3217 0.9627 0.3586 0.0000 806.021 54.317 238.939
8434 1.000000 0 0.6760 0.6630 0.3217 0.9627 0.3586 0.0000 806.021 54.323 238.940
8435 1.000000 0 0.6759 0.6630 0.3217 0.9627 0.3586 0.0000 806.020 54.328 238.942
8436 1.000000 0 0.6759 0.6631 0.3217 0.9627 0.3586 0.0000 806.019 54.326 238.941
8437 1.000000 0 0.6759 0.6631 0.3217 0.9627 0.3586 0.0000 806.017 54.324 238.940
8438 1.000000 0 0.6759 0.6631 0.3216 0.9627 0.3586 0.0000 806.019 54.320 238.939
8439 1.000000 0 0.6759 0.6631 0.3216 0.9627 0.3586 0.0000 806.019 54.318 238.939
8440 1.000000 0 0.6759 0.6631 0.3216 0.9627 0.3586 0.0000 806.021 54.317 238.940
8441 1.000000 0 0.6759 0.6631 0.3216 0.9627 0.3586 0.0000 806.023 54.316 238.940
8442 1.000000 0 0.6759 0.6631 0.3216 0.9627 0.3586 0.0000 806.021 54.321 238.941
8443 1.000000 0 0.6759 0.6632 0.3216 0.9627 0.3586 0.0000 806.020 54.327 238.942
8444 1.000000 0 0.6758 0.6632 0.3216 0.9627 0.3586 0.0000 806.019 54.325 238.941
8445 1.000000 0 0.6758 0.6632 0.3216 0.9627 0.3586 0.0000 806.018 54.323 238.941
8446 1.000000 0 0.6758 0.6632 0.3216 0.9627 0.3586 0.0000 806.018 54.320 238.940
8447 1.000000 0 0.6758 0.6632 0.3216 0.9627 0.3586 0.0000 806.019 54.316 238.940
8448 1.000000 0 0.6758 0.6632 0.3216 0.9627 0.3586 0.0000 806.021 54.316 238.940
8449 1.000000 0 0.6758 0.6632 0.3216 0.9627 0.3586 0.0000 806.023 54.316 238.941
8450 1.000000 0 0.6758 0.6632 0.3216 0.9627 0.3586 0.0000 806.021 54.321 238.942
8451 1.000000 0 0.6758 0.6633 0.3216 0.9627 0.3586 0.0000 806.020 54.326 238.943
8452 1.000000 0 0.6757 0.6633 0.3216 0.9627 0.3586 0.0000 806.019 54.325 238.942
8453 1.000000 0 0.6757 0.6633 0.3216 0.9627 0.3586 0.0000 806.017 54.323 238.941
8454 1.000000 0 0.6757 0.6633 0.3216 0.9627 0.3586 0.0000 806.018 54.319 238.941
8455 1.000000 0 0.6757 0.6633 0.3216 0.9627 0.3586 0.0000 806.019 54.316 238.941
8456 1.000000 0 0.6757 0.6633 0.3216 0.9627 0.3586 0.0000 806.022 54.315 238.942
8457 1.000000 0 0.6756 0.6635 0.3216 0.9627 0.3586 0.0000 806.020 54.325 238.945
8458 1.000000 0 0.6756 0.6635 0.3216 0.9627 0.3586 0.0000 806.019 54.326 238.945
8459 1.000000 0 0.6756 0.6635 0.3216 0.9627 0.3586 0.0000 806.018 54.324 238.944
8460 1.000000 0 0.6755 0.6635 0.3216 0.9627 0.3586 0.0000 806.017 54.322 238.943
8461 1.000000 0 0.6755 0.6635 0.3216 0.9627 0.3586 0.0000 806.018 54.319 238.943
8462 1.000000 0 0.6755 0.6635 0.3216 0.9627 0.3586 0.0000 806.019 54.316 238.943
8463 1.000000 0 0.6755 0.6635 0.3216 0.9627 0.3586 0.0000 806.020 54.315 238.943
8464 1.000000 0 0.6755 0.6635 0.3216 0.9627 0.3586 0.0000 806.022 54.315 238.944
8465 1.000000 0 0.6755 0.6635 0.3216 0.9627 0.3586 0.0000 806.021 54.320 238.945
8466 1.000000 0 0.6755 0.6636 0.3216 0.9627 0.3586 0.0000 806.020 54.326 238.946
8467 1.000000 0 0.6755 0.6636 0.3216 0.9627 0.3586 0.0000 806.018 54.324 238.945
8468 1.000000 0 0.6755 0.6636 0.3216 0.9627 0.3586 0.0000 806.017 54.322 238.944
8469 1.000000 0 0.6754 0.6636 0.3216 0.9627 0.3586 0.0000 806.018 54.318 238.944
8470 1.000000 0 0.6754 0.6636 0.3216 0.9627 0.3586 0.0000 806.019 54.315 238.944
8471 1.000000 0 0.6754 0.6636 0.3216 0.9627 0.3586 0.0000 806.021 54.315 238.944
8472 1.000000 0 0.6754 0.6636 0.3216 0.9627 0.3586 0.0000 806.023 54.314 238.945
8473 1.000000 0 0.6754 0.6636 0.3216 0.9627 0.3586 0.0000 806.021 54.319 238.946
8474 1.000000 0 0.6754 0.6637 0.3216 0.9627 0.3586 0.0000 806.020 54.325 238.947
8475 1.000000 0 0.6754 0.6637 0.3216 0.9627 0.3586 0.0000 806.018 54.323 238.946
8476 1.000000 0 0.6754 0.6637 0.3216 0.9627 0.3586 0.0000 806.017 54.321 238.945
8477 1.000000 0 0.6754 0.6637 0.3216 0.9627 0.3586 0.0000 806.018 54.318 238.945
8478 1.000000 0 0.6753 0.6637 0.3216 0.9627 0.3586 0.0000 806.019 54.315 238.944
8479 1.000000 0 0.6753 0.6637 0.3216 0.9627 0.3586 0.0000 806.021 54.314 238.945
8480 1.000000 0 0.6753 0.6637 0.3216 0.9627 0.3586 0.0000 806.023 54.314 238.945
8481 1.000000 0 0.6753 0.6637 0.3216 0.9627 0.3586 0.0000 806.021 54.319 238.947
8482 1.000000 0 0.6753 0.6638 0.3216 0.9627 0.3586 0.0000 806.018 54.324 238.947
8483 1.000000 0 0.6753 0.6638 0.3216 0.9627 0.3586 0.0000 806.018 54.324 238.947
8484 1.000000 0 0.6753 0.6638 0.3216 0.9627 0.3586 0.0000 806.016 54.323 238.946
8485 1.000000 0 0.6753 0.6638 0.3216 0.9627 0.3586 0.0000 806.017 54.318 238.946
8486 1.000000 0 0.6752 0.6638 0.3216 0.9627 0.3586 0.0000 806.018 54.316 238.946
8487 1.000000 0 0.6752 0.6638 0.3215 0.9627 0.3586 0.0000 806.019 54.315 238.946
8488 1.000000 0 0.6752 0.6638 0.3215 0.9627 0.3586 0.0000 806.021 54.316 238.947
8489 1.000000 0 0.6752 0.6638 0.3215 0.9627 0.3586 0.0000 806.020 54.319 238.947
8490 1.000000 0 0.6752 0.6639 0.3215 0.9627 0.3586 0.0000 806.019 54.325 238.949
8491 1.000000 0 0.6752 0.6639 0.3215 0.9627 0.3586 0.0000 806.018 54.323 238.948
8492 1.000000 0 0.6752 0.6639 0.3215 0.9627 0.3586 0.0000 806.016 54.321 238.947
8493 1.000000 0 0.6752 0.6639 0.3215 0.9627 0.3586 0.0000 806.017 54.318 238.947
8494 1.000000 0 0.6752 0.6639 0.3215 0.9627 0.3586 0.0000 806.018 54.315 238.946
8495 1.000000 0 0.6751 0.6639 0.3215 0.9627 0.3586 0.0000 806.020 54.314 238.947
8496 1.000000 0 0.6750 0.6641 0.3215 0.9627 0.3586 0.0000 806.019 54.306 238.947
8497 1.000000 0 0.6750 0.6641 0.3215 0.9627 0.3586 0.0000 806.019 54.305 238.947
8498 1.000000 0 0.6750 0.6641 0.3215 0.9627 0.3586 0.0000 806.019 54.305 238.947
8499 1.000000 0 0.6750 0.6641 0.3215 0.9627 0.3586 0.0000 806.019 54.304 238.947
8500 1.000000 0 0.6750 0.6641 0.3215 0.9627 0.3586 0.0000 806.019 54.304 238.947
8501 1.000000 0 0.6749 0.6641 0.3215 0.9627 0.3586 0.0000 806.019 54.305 238.947
8502 1.000000 0 0.6749 0.6642 0.3215 0.9627 0.3586 0.0000 806.019 54.305 238.947
8503 1.000000 0 0.6749 0.6642 0.3215 0.9627 0.3586 0.0000 806.019 54.305 238.947
8504 1.000000 0 0.6749 0.6642 0.3215 0.9627 0.3586 0.0000 806.019 54.306 238.947
8505 1.000000 0 0.6749 0.6642 0.3215 0.9627 0.3586 0.0000 806.019 54.306 238.947
8506 1.000000 0 0.6749 0.6642 0.3215 0.9627 0.3586 0.0000 806.019 54.307 238.947
8507 1.000000 0 0.6749 0.6642 0.3215 0.9627 0.3586 0.0000 806.019 54.308 238.947
8508 1.000000 0 0.6749 0.6642 0.3215 0.9627 0.3586 0.0000 806.019 54.309 238.947
8509 1.000000 0 0.6748 0.6642 0.3215 0.9627 0.3586 0.0000 806.019 54.310 238.947
8510 1.000000 0 0.6748 0.6643 0.3215 0.9627 0.3586 0.0000 806.019 54.310 238.947
8511 1.000000 0 0.6748 0.6643 0.3215 0.9627 0.3586 0.0000 806.019 54.311 238.947
8512 1.000000 0 0.6748 0.6643 0.3215 0.9627 0.3586 0.0000 806.019 54.312 238.947
8513 1.000000 0 0.6748 0.6643 0.3215 0.9627 0.3586 0.0000 806.019 54.312 238.947
8514 1.000000 0 0.6748 0.6643 0.3215 0.9627 0.3586 0.0000 806.019 54.313 238.947
8515 1.000000 0 0.6748 0.6643 0.3215 0.9627 0.3586 0.0000 806.019 54.313 238.947
8516 1.000000 0 0.6748 0.6643 0.3215 0.9627 0.3586 0.0000 806.019 54.313 238.947
8517 1.000000 0 0.6748 0.6643 0.3215 0.9627 0.3586 0.0000 806.019 54.314 238.947
8518 1.000000 0 0.6747 0.6644 0.3215 0.9627 0.3586 0.0000 806.019 54.314 238.947
8519 1.000000 0 0.6747 0.6644 0.3215 0.9627 0.3586 0.0000 806.019 54.314 238.947
8520 1.000000 0 0.6747 0.6644 0.3215 0.9627 0.3586 0.0000 806.019 54.314 238.947
8521 1.000000 0 0.6747 0.6644 0.3215 0.9627 0.3586 0.0000 806.019 54.315 238.947
8522 1.000000 0 0.6747 0.6644 0.3215 0.9627 0.3586 0.0000 806.019 54.315 238.947
8523 1.000000 0 0.6747 0.6644 0.3215 0.9627 0.3586 0.0000 806.019 54.315 238.947
8524 1.000000 0 0.6747 0.6644 0.3215 0.9627 0.3586 0.0000 806.019 54.315 238.947
8525 1.000000 0 0.6747 0.6644 0.3215 0.9627 0.3586 0.0000 806.019 54.315 238.947
8526 1.000000 0 0.6747 0.6645 0.3215 0.9627 0.3586 0.0000 806.019 54.315 238.947
8527 1.000000 0 0.6746 0.6645 0.3215 0.9627 0.3586 0.0000 806.019 54.315 238.947
8528 1.000000 0 0.6746 0.6645 0.3215 0.9627 0.3586 0.0000 806.019 54.315 238.947
8529 1.000000 0 0.6746 0.6645 0.3215 0.9627 0.3586 0.0000 806.019 54.315 238.947
8530 1.000000 0 0.6746 0.6645 0.3215 0.9627 0.3586 0.0000 806.019 54.315 238.947
8531 1.000000 0 0.6746 0.6645 0.3215 0.9627 0.3586 0.0000 806.019 54.315 238.947
8532 1.000000 0 0.6746 0.6645 0.3215 0.9627 0.3586 0.0000 806.019 54.315 238.947
8533 1.000000 0 0.6746 0.6646 0.3214 0.9627 0.3586 0.0000 806.019 54.315 238.947
8534 1.000000 0 0.6745 0.6646 0.3214 0.9627 0.3586 0.0000 806.019 54.315 238.947
8535 1.000000 0 0.6745 0.6646 0.3214 0.9627 0.3586 0.0000 806.019 54.315 238.947
8536 1.000000 0 0.6745 0.6646 0.3214 0.9627 0.3586 0.0000 806.019 54.315 238.947
8537 1.000000 0 0.6745 0.6646 0.3214 0.9627 0.3586 0.0000 806.019 54.315 238.947
8538 1.000000 0 0.6745 0.6646 0.3214 0.9627 0.3586 0.0000 806.019 54.315 238.947
8539 1.000000 0 0.6745 0.6646 0.3214 0.9627 0.3586 0.0000 806.019 54.315 238.947
8540 1.000000 0 0.6745 0.6647 0.3214 0.9627 0.3586 0.0000 806.019 54.315 238.947
8541 1.000000 0 0.6745 0.6647 0.3214 0.9627 0.3586 0.0000 806.019 54.315 238.947
8542 1.000000 0 0.6745 0.6647 0.3214 0.9627 0.3586 0.0000 806.019 54.315 238.947
8543 1.000000 0 0.6744 0.6647 0.3214 0.9627 0.3586 0.0000 806.019 54.315 238.947
8544 1.000000 0 0.6744 0.6647 0.3214 0.9627 0.3586 0.0000 806.019 54.315 238.947
8545 1.000000 0 0.6744 0.6647 0.3214 0.9627 0.3586 0.0000 806.019 54.315 238.947
8546 1.000000 0 0.6744 0.6647 0.3214 0.9627 0.3586 0.0000 806.019 54.315 238.947
8547 1.000000 0 0.6744 0.6647 0.3214 0.9627 0.3586 0.0000 806.019 54.315 238.947
8548 1.000000 0 0.6744 0.6647 0.3214 0.9627 0.3586 0.0000 806.019 54.315 238.947
8549 1.000000 0 0.6744 0.6648 0.3214 0.9627 0.3586 0.0000 806.019 54.315 238.947
8550 1.000000 0 0.6744 0.6648 0.3214 0.9627 0.3586 0.0000 806.019 54.315 238.947
8551 1.000000 0 0.6744 0.6648 0.3214 0.9627 0.3586 0.0000 806.019 54.315 238.947
8552 1.000000 0 0.6743 0.6648 0.3214 0.9627 0.3586 0.0000 806.019 54.315 238.947
8553 1.000000 0 0.6743 0.6648 0.3214 0.9627 0.3586 0.0000 806.019 54.315 238.947
8554 1.000000 0 0.6743 0.6648 0.3214 0.9627 0.3586 0.0000 806.019 54.315 238.947
8555 1.000000 0 0.6743 0.6648 0.3214 0.9627 0.3586 0.0000 806.019 54.315 238.947
8556 1.000000 0 0.6743 0.6649 0.3214 0.9627 0.3586 0.0000 806.019 54.315 238.947
8557 1.000000 0 0.6742 0.6649 0.3214 0.9627 0.3586 0.0000 806.019 54.315 238.947
8558 1.000000 0 0.6742 0.6649 0.3214 0.9627 0.3586 0.0000 806.019 54.315 238.947
8559 1.000000 0 0.6742 0.6649 0.3214 0.9627 0.3586 0.0000 806.019 54.315 238.947
8560 1.000000 0 0.6742 0.6650 0.3214 0.9627 0.3586 0.0000 806.019 54.315 238.947
8561 1.000000 0 0.6742 0.6650 0.3214 0.9627 0.3586 0.0000 806.019 54.315 238.947
8562 1.000000 0 0.6742 0.6650 0.3214 0.9627 0.3586 0.0000 806.019 54.315 238.947
8563 1.000000 0 0.6742 0.6650 0.3214 0.9627 0.3586 0.0000 806.019 54.315 238.947
8564 1.000000 0 0.6742 0.6650 0.3214 0.9627 0.3586 0.0000 806.019 54.315 238.947
8565 1.000000 0 0.6741 0.6650 0.3214 0.9627 0.3586 0.0000 806.019 54.315 238.947
8566 1.000000 0 0.6741 0.6650 0.3214 0.9627 0.3586 0.0000 806.019 54.315 238.947
8567 1.000000 0 0.6741 0.6650 0.3214 0.9627 0.3586 0.0000 806.019 54.315 238.947
8568 1.000000 0 0.6741 0.6651 0.3214 0.9627 0.3586 0.0000 806.019 54.315 238.947
8569 1.000000 0 0.6741 0.6651 0.3214 0.9627 0.3586 0.0000 806.019 54.315 238.947
8570 1.000000 0 0.6741 0.6651 0.3214 0.9627 0.3586 0.0000 806.019 54.315 238.947
8571 1.000000 0 0.6741 0.6651 0.3214 0.9627 0.3586 0.0000 806.019 54.315 238.947
8572 1.000000 0 0.6741 0.6651 0.3214 0.9627 0.3586 0.0000 806.019 54.315 238.947
8573 1.000000 0 0.6740 0.6651 0.3214 0.9627 0.3586 0.0000 806.019 54.315 238.947
8574 1.000000 0 0.6740 0.6651 0.3214 0.9627 0.3586 0.0000 806.019 54.315 238.947
8575 1.000000 0 0.6740 0.6651 0.3214 0.9627 0.3586 0.0000 806.019 54.315 238.947
8576 1.000000 0 0.6740 0.6652 0.3214 0.9627 0.3586 0.0000 806.019 54.315 238.947
8577 1.000000 0 0.6740 0.6652 0.3214 0.9627 0.3586 0.0000 806.019 54.315 238.947
8578 1.000000 0 0.6740 0.6652 0.3214 0.9627 0.3586 0.0000 806.019 54.315 238.947
8579 1.000000 0 0.6740 0.6652 0.3214 0.9627 0.3586 0.0000 806.019 54.315 238.947
8580 1.000000 0 0.6740 0.6652 0.3214 0.9627 0.3586 0.0000 806.019 54.315 238.947
8581 1.000000 0 0.6739 0.6652 0.3214 0.9627 0.3586 0.0000 806.019 54.315 238.947
8582 1.000000 0 0.6739 0.6652 0.3214 0.9627 0.3586 0.0000 806.019 54.315 238.947
8583 1.000000 0 0.6739 0.6653 0.3214 0.9627 0.3586 0.0000 806.019 54.315 238.947
8584 1.000000 0 0.6739 0.6653 0.3214 0.9627 0.3586 0.0000 806.019 54.315 238.947
8585 1.000000 0 0.6739 0.6653 0.3213 0.9627 0.3586 0.0000 806.019 54.315 238.947
8586 1.000000 0 0.6739 0.6653 0.3213 0.9627 0.3586 0.0000 806.019 54.315 238.947
8587 1.000000 0 0.6739 0.6653 0.3213 0.9627 0.3586 0.0000 806.019 54.315 238.947
8588 1.000000 0 0.6739 0.6653 0.3213 0.9627 0.3586 0.0000 806.019 54.315 238.947
8589 1.000000 0 0.6738 0.6653 0.3213 0.9627 0.3586 0.0000 806.019 54.315 238.947
8590 1.000000 0 0.6738 0.6653 0.3213 0.9627 0.3586 0.0000 806.019 54.315 238.947
8591 1.000000 0 0.6738 0.6654 0.3213 0.9627 0.3586 0.0000 806.019 54.315 238.947
8592 1.000000 0 0.6738 0.6654 0.3213 0.9627 0.3586 0.0000 806.019 54.315 238.947
8593 1.000000 0 0.6738 0.6654 0.3213 0.9627 0.3586 0.0000 806.019 54.315 238.947
8594 1.000000 0 0.6738 0.6654 0.3213 0.9627 0.3586 0.0000 806.019 54.315 238.947
8595 1.000000 0 0.6738 0.6654 0.3213 0.9627 0.3586 0.0000 806.019 54.315 238.947
8596 1.000000 0 0.6738 0.6654 0.3213 0.9627 0.3586 0.0000 806.019 54.315 238.947
8597 1.000000 0 0.6738 0.6654 0.3213 0.9627 0.3586 0.0000 806.019 54.315 238.947
8598 1.000000 0 0.6737 0.6654 0.3213 0.9627 0.3586 0.0000 806.019 54.315 238.947
8599 1.000000 0 0.6737 0.6655 0.3213 0.9627 0.3586 0.0000 806.019 54.315 238.947
8600 1.000000 0 0.6737 0.6655 0.3213 0.9627 0.3586 0.0000 806.019 54.315 238.947
8601 1.000000 0 0.6737 0.6655 0.3213 0.9627 0.3586 0.0000 806.019 54.315 238.947
8602 1.000000 0 0.6737 0.6655 0.3213 0.9627 0.3586 0.0000 806.019 54.315 238.947
8603 1.000000 0 0.6737 0.6655 0.3213 0.9627 0.3586 0.0000 806.019 54.315 238.947
8604 1.000000 0 0.6737 0.6655 0.3213 0.9627 0.3586 0.0000 806.019 54.315 238.947
8605 1.000000 0 0.6737 0.6655 0.3213 0.9627 0.3586 0.0000 806.019 54.315 238.947
8606 1.000000 0 0.6736 0.6655 0.3213 0.9627 0.3586 0.0000 806.019 54.315 238.947
8607 1.000000 0 0.6736 0.6656 0.3213 0.9627 0.3586 0.0000 806.019 54.315 238.947
8608 1.000000 0 0.6736 0.6656 0.3213 0.9627 0.3586 0.0000 806.019 54.315 238.947
8609 1.000000 0 0.6736 0.6656 0.3213 0.9627 0.3586 0.0000 806.019 54.315 238.947
8610 1.000000 0 0.6736 0.6656 0.3213 0.9627 0.3586 0.0000 806.019 54.315 238.947
8611 1.000000 0 0.6736 0.6656 0.3213 0.9627 0.3586 0.0000 806.019 54.315 238.947
8612 1.000000 0 0.6736 0.6656 0.3213 0.9627 0.3586 0.0000 806.019 54.315 238.947
8613 1.000000 0 0.6736 0.6656 0.3213 0.9627 0.3586 0.0000 806.019 54.315 238.947
8614 1.000000 0 0.6736 0.6656 0.3213 0.9627 0.3586 0.0000 806.019 54.315 238.947
8615 1.000000 0 0.6735 0.6657 0.3213 0.9627 0.3586 0.0000 806.019 54.315 238.947
8616 1.000000 0 0.6735 0.6657 0.3213 0.9627 0.3586 0.0000 806.019 54.315 238.947
8617 1.000000 0 0.6735 0.6657 0.3213 0.9627 0.3586 0.0000 806.019 54.315 238.947
8618 1.000000 0 0.6735 0.6657 0.3213 0.9627 0.3586 0.0000 806.019 54.315 238.947
8619 1.000000 0 0.6735 0.6657 0.3213 0.9627 0.3586 0.0000 806.019 54.315 238.947
8620 1.000000 0 0.6735 0.6657 0.3213 0.9627 0.3586 0.0000 806.019 54.315 238.947
8621 1.000000 0 0.6735 0.6657 0.3213 0.9627 0.3586 0.0000 806.019 54.315 238.947
8622 1.000000 0 0.6735 0.6658 0.3213 0.9627 0.3586 0.0000 806.019 54.315 238.947
8623 1.000000 0 0.6735 0.6658 0.3213 0.9627 0.3586 0.0000 806.019 54.315 238.947
8624 1.000000 0 0.6734 0.6658 0.3213 0.9627 0.3586 0.0000 806.019 54.315 238.947
8625 1.000000 0 0.6734 0.6658 0.3213 0.9627 0.3586 0.0000 806.019 54.315 238.947
8626 1.000000 0 0.6734 0.6658 0.3213 0.9627 0.3586 0.0000 806.019 54.315 238.947
8627 1.000000 0 0.6734 0.6658 0.3213 0.9627 0.3586 0.0000 806.019 54.315 238.947
8628 1.000000 0 0.6734 0.6658 0.3213 0.9627 0.3586 0.0000 806.019 54.315 238.947
8629 1.000000 0 0.6734 0.6658 0.3213 0.9627 0.3586 0.0000 806.019 54.315 238.947
8630 1.000000 0 0.6734 0.6659 0.3213 0.9627 0.3586 0.0000 806.019 54.315 238.947
8631 1.000000 0 0.6734 0.6659 0.3213 0.9627 0.3586 0.0000 806.019 54.315 238.947
8632 1.000000 0 0.6733 0.6659 0.3213 0.9627 0.3586 0.0000 806.019 54.315 238.947
8633 1.000000 0 0.6733 0.6659 0.3213 0.9627 0.3586 0.0000 806.019 54.315 238.947
8634 1.000000 0 0.6733 0.6659 0.3213 0.9627 0.3586 0.0000 806.019 54.315 238.947
8635 1.000000 0 0.6733 0.6659 0.3213 0.9627 0.3586 0.0000 806.019 54.315 238.947
8636 1.000000 0 0.6733 0.6659 0.3213 0.9627 0.3586 0.0000 806.019 54.315 238.947
8637 1.000000 0 0.6733 0.6659 0.3213 0.9627 0.3586 0.0000 806.019 54.315 238.947
8638 1.000000 0 0.6733 0.6660 0.3213 0.9627 0.3586 0.0000 806.019 54.315 238.947
8639 1.000000 0 0.6733 0.6660 0.3213 0.9627 0.3586 0.0000 806.019 54.315 238.947
8640 1.000000 0 0.6732 0.6660 0.3213 0.9627 0.3586 0.0000 806.019 54.315 238.947
8641 1.000000 0 0.6732 0.6660 0.3213 0.9627 0.3586 0.0000 806.019 54.315 238.947
8642 1.000000 0 0.6732 0.6660 0.3213 0.9627 0.3586 0.0000 806.019 54.315 238.947
8643 1.000000 0 0.6732 0.6660 0.3213 0.9627 0.3586 0.0000 806.019 54.315 238.947
8644 1.000000 0 0.6732 0.6660 0.3212 0.9627 0.3586 0.0000 806.019 54.315 238.947
8645 1.000000 0 0.6732 0.6660 0.3212 0.9627 0.3586 0.0000 806.019 54.315 238.947
8646 1.000000 0 0.6732 0.6661 0.3212 0.9627 0.3586 0.0000 806.019 54.315 238.947
8647 1.000000 0 0.6732 0.6661 0.3212 0.9627 0.3586 0.0000 806.019 54.315 238.947
8648 1.000000 0 0.6732 0.6661 0.3212 0.9627 0.3586 0.0000 806.019 54.315 238.947
8649 1.000000 0 0.6731 0.6661 0.3212 0.9627 0.3586 0.0000 806.019 54.315 238.947
8650 1.000000 0 0.6731 0.6661 0.3212 0.9627 0.3586 0.0000 806.019 54.315 238.947
8651 1.000000 0 0.6731 0.6661 0.3212 0.9627 0.3586 0.0000 806.019 54.315 238.947
8652 1.000000 0 0.6731 0.6661 0.3212 0.9627 0.3586 0.0000 806.019 54.315 238.947
8653 1.000000 0 0.6731 0.6661 0.3212 0.9627 0.3586 0.0000 806.019 54.315 238.947
8654 1.000000 0 0.6731 0.6662 0.3212 0.9627 0.3586 0.0000 806.019 54.315 238.947
8655 1.000000 0 0.6731 0.6662 0.3212 0.9627 0.3586 0.0000 806.019 54.315 238.947
8656 1.000000 0 0.6731 0.6662 0.3212 0.9627 0.3586 0.0000 806.019 54.315 238.947
8657 1.000000 0 0.6731 0.6662 0.3212 0.9627 0.3586 0.0000 806.019 54.315 238.947
8658 1.000000 0 0.6730 0.6662 0.3212 0.9627 0.3586 0.0000 806.019 54.315 238.947
8659 1.000000 0 0.6730 0.6662 0.3212 0.9627 0.3586 0.0000 806.019 54.315 238.947
8660 1.000000 0 0.6730 0.6662 0.3212 0.9627 0.3586 0.0000 806.019 54.315 238.947
8661 1.000000 0 0.6730 0.6662 0.3212 0.9627 0.3586 0.0000 806.019 54.315 238.947
8662 1.000000 0 0.6730 0.6663 0.3212 0.9627 0.3586 0.0000 806.019 54.315 238.947
8663 1.000000 0 0.6730 0.6663 0.3212 0.9627 0.3586 0.0000 806.019 54.315 238.947
8664 1.000000 0 0.6730 0.6663 0.3212 0.9627 0.3586 0.0000 806.019 54.349 238.946
8665 1.000000 0 0.6730 0.6663 0.3212 0.9627 0.3586 0.0000 806.020 54.384 238.946
8666 1.000000 0 0.6729 0.6663 0.3212 0.9627 0.3586 0.0000 806.020 54.418 238.945
8667 1.000000 0 0.6729 0.6663 0.3212 0.9627 0.3586 0.0000 806.014 54.468 238.943
8668 1.000000 0 0.6729 0.6663 0.3212 0.9627 0.3586 0.0000 806.007 54.485 238.940
8669 1.000000 0 0.6729 0.6663 0.3212 0.9627 0.3586 0.0000 805.993 54.518 238.936
8670 1.000000 0 0.6729 0.6664 0.3212 0.9627 0.3586 0.0000 805.992 54.561 238.937
8671 1.000000 0 0.6729 0.6664 0.3212 0.9627 0.3586 0.0000 805.992 54.581 238.938
8672 1.000000 0 0.6729 0.6664 0.3212 0.9627 0.3586 0.0000 805.981 54.614 238.935
8673 1.000000 0 0.6729 0.6664 0.3212 0.9627 0.3586 0.0000 805.970 54.652 238.932
8674 1.000000 0 0.6729 0.6664 0.3212 0.9627 0.3586 0.0000 805.970 54.670 238.933
8675 1.000000 0 0.6728 0.6664 0.3212 0.9627 0.3586 0.0000 805.969 54.699 238.934
8676 1.000000 0 0.6728 0.6664 0.3212 0.9627 0.3586 0.0000 805.973 54.718 238.937
8677 1.000000 0 0.6728 0.6665 0.3212 0.9627 0.3586 0.0000 805.981 54.748 238.942
8678 1.000000 0 0.6728 0.6665 0.3212 0.9627 0.3586 0.0000 805.985 54.759 238.944
8679 1.000000 0 0.6728 0.6665 0.3212 0.9627 0.3586 0.0000 805.993 54.782 238.949
8680 1.000000 0 0.6728 0.6665 0.3212 0.9627 0.3586 0.0000 806.001 54.803 238.953
8681 1.000000 0 0.6728 0.6665 0.3212 0.9627 0.3586 0.0000 806.009 54.823 238.957
8682 1.000000 0 0.6728 0.6665 0.3212 0.9627 0.3586 0.0000 806.016 54.844 238.961
8683 1.000000 0 0.6727 0.6666 0.3212 0.9627 0.3586 0.0000 806.039 54.946 238.969
8684 1.000000 0 0.6727 0.6666 0.3212 0.9627 0.3586 0.0000 806.042 54.968 238.968
8685 1.000000 0 0.6727 0.6666 0.3212 0.9627 0.3586 0.0000 806.044 54.983 238.967
8686 1.000000 0 0.6727 0.6666 0.3212 0.9627 0.3586 0.0000 806.048 55.008 238.965
8687 1.000000 0 0.6727 0.6666 0.3212 0.9627 0.3586 0.0000 806.050 55.018 238.964
8688 1.000000 0 0.6726 0.6666 0.3212 0.9627 0.3586 0.0000 806.053 55.034 238.962
8689 1.000000 0 0.6726 0.6667 0.3212 0.9627 0.3586 0.0000 806.056 55.056 238.960
8690 1.000000 0 0.6726 0.6667 0.3212 0.9627 0.3586 0.0000 806.058 55.065 238.959
8691 1.000000 0 0.6726 0.6667 0.3212 0.9627 0.3586 0.0000 806.062 55.083 238.958
8692 1.000000 0 0.6726 0.6667 0.3212 0.9627 0.3586 0.0000 806.065 55.088 238.957
8693 1.000000 0 0.6726 0.6667 0.3212 0.9627 0.3586 0.0000 806.069 55.095 238.956
8694 1.000000 0 0.6726 0.6667 0.3212 0.9627 0.3586 0.0000 806.073 55.097 238.956
8695 1.000000 0 0.6726 0.6667 0.3212 0.9627 0.3586 0.0000 806.077 55.098 238.955
8696 1.000000 0 0.6725 0.6667 0.3212 0.9627 0.3586 0.0000 806.082 55.099 238.955
8697 1.000000 0 0.6725 0.6667 0.3211 0.9627 0.3586 0.0000 806.085 55.100 238.954
8698 1.000000 0 0.6725 0.6668 0.3211 0.9627 0.3586 0.0000 806.088 55.101 238.953
8699 1.000000 0 0.6725 0.6668 0.3211 0.9627 0.3586 0.0000 806.092 55.103 238.952
8700 1.000000 0 0.6725 0.6668 0.3211 0.9627 0.3586 0.0000 806.096 55.104 238.951
8701 1.000000 0 0.6725 0.6668 0.3211 0.9627 0.3586 0.0000 806.098 55.105 238.950
8702 1.000000 0 0.6725 0.6668 0.3211 0.9627 0.3586 0.0000 806.100 55.105 238.949
8703 1.000000 0 0.6725 0.6668 0.3211 0.9627 0.3586 0.0000 806.103 55.106 238.948
8704 1.000000 0 0.6725 0.6668 0.3211 0.9627 0.3586 0.0000 806.105 55.107 238.947
8705 1.000000 0 0.6724 0.6669 0.3211 0.9627 0.3586 0.0000 806.108 55.108 238.945
8706 1.000000 0 0.6724 0.6669 0.3211 0.9627 0.3586 0.0000 806.109 55.108 238.944
8707 1.000000 0 0.6724 0.6669 0.3211 0.9627 0.3586 0.0000 806.111 55.109 238.942
8708 1.000000 0 0.6724 0.6669 0.3211 0.9627 0.3586 0.0000 806.112 55.109 238.941
8709 1.000000 0 0.6724 0.6669 0.3211 0.9627 0.3586 0.0000 806.113 55.109 238.940
8710 1.000000 0 0.6724 0.6669 0.3211 0.9627 0.3586 0.0000 806.114 55.110 238.938
8711 1.000000 0 0.6724 0.6669 0.3211 0.9627 0.3586 0.0000 806.115 55.110 238.936
8712 1.000000 0 0.6724 0.6669 0.3211 0.9627 0.3586 0.0000 806.115 55.110 238.935
8713 1.000000 0 0.6724 0.6670 0.3211 0.9627 0.3586 0.0000 806.116 55.110 238.933
8714 1.000000 0 0.6723 0.6670 0.3211 0.9627 0.3586 0.0000 806.116 55.109 238.931
8715 1.000000 0 0.6723 0.6670 0.3211 0.9627 0.3586 0.0000 806.116 55.107 238.930
8716 1.000000 0 0.6723 0.6670 0.3211 0.9627 0.3586 0.0000 806.103 55.104 238.925
8717 1.000000 0 0.6723 0.6670 0.3211 0.9627 0.3586 0.0000 806.090 55.099 238.921
8718 1.000000 0 0.6723 0.6670 0.3211 0.9627 0.3586 0.0000 806.089 55.096 238.919
8719 1.000000 0 0.6723 0.6670 0.3211 0.9627 0.3586 0.0000 806.089 55.092 238.917
8720 1.000000 0 0.6723 0.6670 0.3211 0.9627 0.3586 0.0000 806.076 55.083 238.912
8721 1.000000 0 0.6722 0.6671 0.3211 0.9627 0.3586 0.0000 806.071 55.066 238.906
8722 1.000000 0 0.6722 0.6671 0.3211 0.9627 0.3586 0.0000 806.069 55.057 238.904
8723 1.000000 0 0.6722 0.6671 0.3211 0.9627 0.3586 0.0000 806.066 55.022 238.897
8724 1.000000 0 0.6722 0.6671 0.3211 0.9627 0.3586 0.0000 806.064 55.016 238.896
8725 1.000000 0 0.6722 0.6672 0.3211 0.9627 0.3586 0.0000 806.061 55.003 238.893
8726 1.000000 0 0.6722 0.6672 0.3211 0.9627 0.3586 0.0000 806.061 54.991 238.891
8727 1.000000 0 0.6721 0.6672 0.3211 0.9627 0.3586 0.0000 806.062 54.978 238.889
8728 1.000000 0 0.6721 0.6672 0.3211 0.9627 0.3586 0.0000 806.058 54.964 238.887
8729 1.000000 0 0.6721 0.6672 0.3211 0.9627 0.3586 0.0000 806.055 54.948 238.884
8730 1.000000 0 0.6721 0.6672 0.3211 0.9627 0.3586 0.0000 806.055 54.934 238.883
8731 1.000000 0 0.6721 0.6672 0.3211 0.9627 0.3586 0.0000 806.055 54.919 238.881
8732 1.000000 0 0.6721 0.6672 0.3211 0.9627 0.3586 0.0000 806.051 54.901 238.878
8733 1.000000 0 0.6721 0.6673 0.3211 0.9627 0.3586 0.0000 806.046 54.883 238.876
8734 1.000000 0 0.6721 0.6673 0.3211 0.9627 0.3586 0.0000 806.046 54.866 238.874
8735 1.000000 0 0.6720 0.6673 0.3211 0.9627 0.3586 0.0000 806.046 54.847 238.872
8736 1.000000 0 0.6720 0.6673 0.3211 0.9627 0.3586 0.0000 806.041 54.828 238.869
8737 1.000000 0 0.6720 0.6673 0.3211 0.9627 0.3586 0.0000 806.034 54.808 238.867
8738 1.000000 0 0.6720 0.6673 0.3211 0.9627 0.3586 0.0000 806.034 54.787 238.865
8739 1.000000 0 0.6720 0.6673 0.3211 0.9627 0.3586 0.0000 806.034 54.767 238.864
8740 1.000000 0 0.6720 0.6673 0.3211 0.9627 0.3586 0.0000 806.022 54.745 238.860
8741 1.000000 0 0.6720 0.6674 0.3211 0.9627 0.3586 0.0000 806.009 54.723 238.856
8742 1.000000 0 0.6720 0.6674 0.3211 0.9627 0.3586 0.0000 806.008 54.649 238.855
8743 1.000000 0 0.6720 0.6674 0.3211 0.9627 0.3586 0.0000 806.008 54.574 238.856
8744 1.000000 0 0.6719 0.6674 0.3211 0.9627 0.3586 0.0000 806.010 54.547 238.859
8745 1.000000 0 0.6719 0.6674 0.3211 0.9627 0.3586 0.0000 806.013 54.522 238.862
8746 1.000000 0 0.6719 0.6674 0.3211 0.9627 0.3586 0.0000 806.017 54.498 238.865
8747 1.000000 0 0.6719 0.6674 0.3211 0.9627 0.3586 0.0000 806.020 54.473 238.868
8748 1.000000 0 0.6719 0.6674 0.3211 0.9627 0.3586 0.0000 806.023 54.446 238.872
8749 1.000000 0 0.6719 0.6675 0.3211 0.9627 0.3586 0.0000 806.027 54.420 238.875
8750 1.000000 0 0.6719 0.6675 0.3211 0.9627 0.3586 0.0000 806.030 54.393 238.878
8751 1.000000 0 0.6719 0.6675 0.3210 0.9627 0.3586 0.0000 806.034 54.365 238.882
8752 1.000000 0 0.6718 0.6675 0.3210 0.9627 0.3586 0.0000 806.028 54.352 238.884
8753 1.000000 0 0.6718 0.6675 0.3210 0.9627 0.3586 0.0000 806.022 54.340 238.886
8754 1.000000 0 0.6718 0.6675 0.3210 0.9627 0.3586 0.0000 806.027 54.335 238.890
8755 1.000000 0 0.6718 0.6675 0.3210 0.9627 0.3586 0.0000 806.032 54.330 238.895
8756 1.000000 0 0.6718 0.6675 0.3210 0.9627 0.3586 0.0000 806.032 54.321 238.896
8757 1.000000 0 0.6718 0.6676 0.3210 0.9627 0.3586 0.0000 806.032 54.307 238.898
8758 1.000000 0 0.6718 0.6676 0.3210 0.9627 0.3586 0.0000 806.032 54.299 238.899
8759 1.000000 0 0.6718 0.6676 0.3210 0.9627 0.3586 0.0000 806.032 54.286 238.900
8760 1.000000 0 0.6718 0.6676 0.3210 0.9627 0.3586 0.0000 806.033 54.304 238.903
8761 1.000000 0 0.6717 0.6676 0.3210 0.9627 0.3586 0.0000 806.034 54.325 238.905
8762 1.000000 0 0.6717 0.6676 0.3210 0.9627 0.3586 0.0000 806.031 54.331 238.907
8763 1.000000 0 0.6717 0.6676 0.3210 0.9627 0.3586 0.0000 806.028 54.336 238.909
8764 1.000000 0 0.6717 0.6676 0.3210 0.9627 0.3586 0.0000 806.027 54.335 238.910
8765 1.000000 0 0.6717 0.6677 0.3210 0.9627 0.3586 0.0000 806.026 54.333 238.911
8766 1.000000 0 0.6717 0.6677 0.3210 0.9627 0.3586 0.0000 806.026 54.330 238.912
8767 1.000000 0 0.6717 0.6677 0.3210 0.9627 0.3586 0.0000 806.025 54.326 238.914
8768 1.000000 0 0.6717 0.6677 0.3210 0.9627 0.3586 0.0000 806.026 54.325 238.916
8769 1.000000 0 0.6716 0.6677 0.3210 0.9627 0.3586 0.0000 806.026 54.324 238.918
8770 1.000000 0 0.6716 0.6677 0.3210 0.9627 0.3586 0.0000 806.025 54.329 238.920
8771 1.000000 0 0.6716 0.6677 0.3210 0.9627 0.3586 0.0000 806.023 54.335 238.923
8772 1.000000 0 0.6716 0.6678 0.3210 0.9627 0.3586 0.0000 806.021 54.333 238.924
8773 1.000000 0 0.6716 0.6678 0.3210 0.9627 0.3586 0.0000 806.020 54.331 238.924
8774 1.000000 0 0.6716 0.6678 0.3210 0.9627 0.3586 0.0000 806.020 54.328 238.926
8775 1.000000 0 0.6716 0.6678 0.3210 0.9627 0.3586 0.0000 806.020 54.324 238.928
8776 1.000000 0 0.6716 0.6678 0.3210 0.9627 0.3586 0.0000 806.022 54.323 238.928
8777 1.000000 0 0.6716 0.6678 0.3210 0.9627 0.3586 0.0000 806.023 54.322 238.928
8778 1.000000 0 0.6715 0.6678 0.3210 0.9627 0.3586 0.0000 806.023 54.327 238.929
8779 1.000000 0 0.6715 0.6678 0.3210 0.9627 0.3586 0.0000 806.022 54.332 238.931
8780 1.000000 0 0.6715 0.6678 0.3210 0.9627 0.3586 0.0000 806.020 54.331 238.930
8781 1.000000 0 0.6715 0.6679 0.3210 0.9627 0.3586 0.0000 806.018 54.331 238.929
8782 1.000000 0 0.6715 0.6679 0.3210 0.9627 0.3586 0.0000 806.019 54.327 238.929
8783 1.000000 0 0.6715 0.6679 0.3210 0.9627 0.3586 0.0000 806.020 54.324 238.929
8784 1.000000 0 0.6715 0.6679 0.3210 0.9627 0.3586 0.0000 806.023 54.321 238.929
8785 1.000000 0 0.6715 0.6679 0.3210 0.9627 0.3586 0.0000 806.023 54.321 238.929
8786 1.000000 0 0.6714 0.6679 0.3210 0.9627 0.3586 0.0000 806.022 54.321 238.929
8787 1.000000 0 0.6714 0.6679 0.3210 0.9627 0.3586 0.0000 806.022 54.321 238.929
8788 1.000000 0 0.6714 0.6680 0.3210 0.9627 0.3586 0.0000 806.022 54.319 238.929
8789 1.000000 0 0.6714 0.6680 0.3210 0.9627 0.3586 0.0000 806.022 54.319 238.929
8790 1.000000 0 0.6714 0.6680 0.3210 0.9627 0.3586 0.0000 806.022 54.318 238.929
8791 1.000000 0 0.6714 0.6680 0.3210 0.9627 0.3586 0.0000 806.022 54.317 238.929
8792 1.000000 0 0.6714 0.6680 0.3210 0.9627 0.3586 0.0000 806.022 54.316 238.929
8793 1.000000 0 0.6714 0.6680 0.3210 0.9627 0.3586 0.0000 806.022 54.315 238.929
8794 1.000000 0 0.6714 0.6680 0.3210 0.9627 0.3586 0.0000 806.022 54.315 238.929
8795 1.000000 0 0.6713 0.6681 0.3210 0.9627 0.3586 0.0000 806.022 54.315 238.929
8796 1.000000 0 0.6713 0.6681 0.3210 0.9627 0.3586 0.0000 806.022 54.315 238.929
8797 1.000000 0 0.6713 0.6681 0.3210 0.9627 0.3586 0.0000 806.022 54.315 238.929
8798 1.000000 0 0.6713 0.6681 0.3210 0.9627 0.3586 0.0000 806.022 54.315 238.929
8799 1.000000 0 0.6713 0.6681 0.3210 0.9627 0.3586 0.0000 806.022 54.316 238.929
8800 1.000000 0 0.6713 0.6681 0.3210 0.9627 0.3586 0.0000 806.022 54.316 238.929
8801 1.000000 0 0.6713 0.6681 0.3210 0.9627 0.3586 0.0000 806.022 54.317 238.929
8802 1.000000 0 0.6712 0.6681 0.3210 0.9627 0.3586 0.0000 806.022 54.317 238.929
8803 1.000000 0 0.6712 0.6682 0.3210 0.9627 0.3586 0.0000 806.022 54.318 238.929
8804 1.000000 0 0.6712 0.6682 0.3210 0.9627 0.3586 0.0000 806.022 54.318 238.929
8805 1.000000 0 0.6712 0.6682 0.3210 0.9627 0.3586 0.0000 806.022 54.319 238.929
8806 1.000000 0 0.6712 0.6682 0.3210 0.9627 0.3586 0.0000 806.022 54.319 238.929
8807 1.000000 0 0.6712 0.6682 0.3210 0.9627 0.3586 0.0000 806.022 54.319 238.929
8808 1.000000 0 0.6712 0.6682 0.3209 0.9627 0.3586 0.0000 806.022 54.320 238.929
8809 1.000000 0 0.6712 0.6682 0.3209 0.9627 0.3586 0.0000 806.022 54.320 238.929
8810 1.000000 0 0.6712 0.6682 0.3209 0.9627 0.3586 0.0000 806.022 54.321 238.929
8811 1.000000 0 0.6711 0.6683 0.3209 0.9627 0.3586 0.0000 806.022 54.321 238.929
8812 1.000000 0 0.6711 0.6683 0.3209 0.9627 0.3586 0.0000 806.022 54.321 238.929
8813 1.000000 0 0.6711 0.6683 0.3209 0.9627 0.3586 0.0000 806.022 54.321 238.929
8814 1.000000 0 0.6711 0.6683 0.3209 0.9627 0.3586 0.0000 806.022 54.321 238.929
8815 1.000000 0 0.6711 0.6683 0.3209 0.9627 0.3586 0.0000 806.022 54.321 238.929
8816 1.000000 0 0.6711 0.6683 0.3209 0.9627 0.3586 0.0000 806.022 54.321 238.929
8817 1.000000 0 0.6711 0.6683 0.3209 0.9627 0.3586 0.0000 806.022 54.321 238.929
8818 1.000000 0 0.6711 0.6683 0.3209 0.9627 0.3586 0.0000 806.022 54.321 238.929
8819 1.000000 0 0.6710 0.6684 0.3209 0.9627 0.3586 0.0000 806.022 54.321 238.929
8820 1.000000 0 0.6710 0.6684 0.3209 0.9627 0.3586 0.0000 806.022 54.321 238.929
8821 1.000000 0 0.6710 0.6684 0.3209 0.9627 0.3586 0.0000 806.022 54.321 238.929
8822 1.000000 0 0.6710 0.6684 0.3209 0.9627 0.3586 0.0000 806.022 54.321 238.929
8823 1.000000 0 0.6710 0.6684 0.3209 0.9627 0.3586 0.0000 806.022 54.321 238.929
8824 1.000000 0 0.6710 0.6684 0.3209 0.9627 0.3586 0.0000 806.022 54.321 238.929
8825 1.000000 0 0.6710 0.6684 0.3209 0.9627 0.3586 0.0000 806.022 54.321 238.929
8826 1.000000 0 0.6710 0.6684 0.3209 0.9627 0.3586 0.0000 806.022 54.321 238.929
8827 1.000000 0 0.6710 0.6685 0.3209 0.9627 0.3586 0.0000 806.022 54.321 238.929
8828 1.000000 0 0.6709 0.6685 0.3209 0.9627 0.3586 0.0000 806.022 54.321 238.929
8829 1.000000 0 0.6709 0.6685 0.3209 0.9627 0.3586 0.0000 806.022 54.321 238.929
8830 1.000000 0 0.6709 0.6686 0.3209 0.9627 0.3586 0.0000 806.022 54.321 238.929
8831 1.000000 0 0.6709 0.6686 0.3209 0.9627 0.3586 0.0000 806.022 54.321 238.929
8832 1.000000 0 0.6708 0.6686 0.3209 0.9627 0.3586 0.0000 806.022 54.321 238.929
8833 1.000000 0 0.6708 0.6686 0.3209 0.9627 0.3586 0.0000 806.022 54.321 238.929
8834 1.000000 0 0.6708 0.6686 0.3209 0.9627 0.3586 0.0000 806.022 54.321 238.929
8835 1.000000 0 0.6708 0.6686 0.3209 0.9627 0.3586 0.0000 806.022 54.321 238.929
8836 1.000000 0 0.6708 0.6686 0.3209 0.9627 0.3586 0.0000 806.022 54.321 238.929
8837 1.000000 0 0.6708 0.6686 0.3209 0.9627 0.3586 0.0000 806.022 54.321 238.929
8838 1.000000 0 0.6708 0.6687 0.3209 0.9627 0.3586 0.0000 806.022 54.321 238.929
8839 1.000000 0 0.6708 0.6687 0.3209 0.9627 0.3586 0.0000 806.022 54.321 238.929
8840 1.000000 0 0.6707 0.6687 0.3209 0.9627 0.3586 0.0000 806.022 54.321 238.929
8841 1.000000 0 0.6707 0.6687 0.3209 0.9627 0.3586 0.0000 806.022 54.321 238.929
8842 1.000000 0 0.6707 0.6687 0.3209 0.9627 0.3586 0.0000 806.022 54.321 238.929
8843 1.000000 0 0.6707 0.6687 0.3209 0.9627 0.3586 0.0000 806.022 54.321 238.929
8844 1.000000 0 0.6707 0.6687 0.3209 0.9627 0.3586 0.0000 806.022 54.321 238.929
8845 1.000000 0 0.6707 0.6687 0.3209 0.9627 0.3586 0.0000 806.022 54.321 238.929
8846 1.000000 0 0.6707 0.6688 0.3209 0.9627 0.3586 0.0000 806.022 54.321 238.929
8847 1.000000 0 0.6707 0.6688 0.3209 0.9627 0.3586 0.0000 806.022 54.321 238.929
8848 1.000000 0 0.6707 0.6688 0.3209 0.9627 0.3586 0.0000 806.022 54.321 238.929
8849 1.000000 0 0.6706 0.6688 0.3209 0.9627 0.3586 0.0000 806.022 54.321 238.929
8850 1.000000 0 0.6706 0.6688 0.3209 0.9627 0.3586 0.0000 806.022 54.321 238.929
8851 1.000000 0 0.6706 0.6688 0.3209 0.9627 0.3586 0.0000 806.022 54.321 238.929
8852 1.000000 0 0.6706 0.6688 0.3209 0.9627 0.3586 0.0000 806.022 54.321 238.929
8853 1.000000 0 0.6706 0.6688 0.3209 0.9627 0.3586 0.0000 806.022 54.321 238.929
8854 1.000000 0 0.6706 0.6689 0.3209 0.9627 0.3586 0.0000 806.022 54.321 238.929
8855 1.000000 0 0.6706 0.6689 0.3209 0.9627 0.3586 0.0000 806.022 54.321 238.929
8856 1.000000 0 0.6706 0.6689 0.3209 0.9627 0.3586 0.0000 806.022 54.321 238.929
8857 1.000000 0 0.6705 0.6689 0.3209 0.9627 0.3586 0.0000 806.022 54.321 238.929
8858 1.000000 0 0.6705 0.6689 0.3209 0.9627 0.3586 0.0000 806.022 54.321 238.929
8859 1.000000 0 0.6705 0.6689 0.3209 0.9627 0.3586 0.0000 806.022 54.321 238.929
8860 1.000000 0 0.6705 0.6689 0.3209 0.9627 0.3586 0.0000 806.022 54.321 238.929
8861 1.000000 0 0.6705 0.6689 0.3208 0.9627 0.3586 0.0000 806.022 54.321 238.929
8862 1.000000 0 0.6705 0.6690 0.3208 0.9627 0.3586 0.0000 806.022 54.321 238.929
8863 1.000000 0 0.6705 0.6690 0.3208 0.9627 0.3586 0.0000 806.022 54.321 238.929
8864 1.000000 0 0.6705 0.6690 0.3208 0.9627 0.3586 0.0000 806.022 54.321 238.929
8865 1.000000 0 0.6705 0.6690 0.3208 0.9627 0.3586 0.0000 806.022 54.321 238.929
8866 1.000000 0 0.6704 0.6690 0.3208 0.9627 0.3586 0.0000 806.022 54.321 238.929
8867 1.000000 0 0.6704 0.6690 0.3208 0.9627 0.3586 0.0000 806.022 54.321 238.929
8868 1.000000 0 0.6704 0.6690 0.3208 0.9627 0.3586 0.0000 806.022 54.321 238.929
8869 1.000000 0 0.6704 0.6690 0.3208 0.9627 0.3586 0.0000 806.022 54.321 238.929
8870 1.000000 0 0.6704 0.6691 0.3208 0.9627 0.3586 0.0000 806.022 54.321 238.929
8871 1.000000 0 0.6704 0.6691 0.3208 0.9627 0.3586 0.0000 806.022 54.321 238.929
8872 1.000000 0 0.6704 0.6691 0.3208 0.9627 0.3586 0.0000 806.022 54.321 238.929
8873 1.000000 0 0.6704 0.6691 0.3208 0.9627 0.3586 0.0000 806.022 54.321 238.929
8874 1.000000 0 0.6703 0.6691 0.3208 0.9627 0.3586 0.0000 806.022 54.321 238.929
8875 1.000000 0 0.6703 0.6691 0.3208 0.9627 0.3586 0.0000 806.022 54.321 238.929
8876 1.000000 0 0.6703 0.6691 0.3208 0.9627 0.3586 0.0000 806.022 54.321 238.929
8877 1.000000 0 0.6703 0.6691 0.3208 0.9627 0.3586 0.0000 806.022 54.321 238.929
8878 1.000000 0 0.6703 0.6692 0.3208 0.9627 0.3586 0.0000 806.022 54.321 238.929
8879 1.000000 0 0.6703 0.6692 0.3208 0.9627 0.3586 0.0000 806.022 54.321 238.929
8880 1.000000 0 0.6703 0.6692 0.3208 0.9627 0.3586 0.0000 806.022 54.321 238.929
8881 1.000000 0 0.6703 0.6692 0.3208 0.9627 0.3586 0.0000 806.022 54.321 238.929
8882 1.000000 0 0.6703 0.6692 0.3208 0.9627 0.3586 0.0000 806.022 54.321 238.929
8883 1.000000 0 0.6702 0.6692 0.3208 0.9627 0.3586 0.0000 806.022 54.321 238.929
8884 1.000000 0 0.6701 0.6693 0.3208 0.9627 0.3586 0.0000 806.022 54.321 238.929
8885 1.000000 0 0.6701 0.6693 0.3208 0.9627 0.3586 0.0000 806.022 54.321 238.929
8886 1.000000 0 0.6701 0.6694 0.3208 0.9627 0.3586 0.0000 806.022 54.321 238.929
8887 1.000000 0 0.6701 0.6694 0.3208 0.9627 0.3586 0.0000 806.022 54.321 238.929
8888 1.000000 0 0.6701 0.6694 0.3208 0.9627 0.3586 0.0000 806.022 54.321 238.929
8889 1.000000 0 0.6701 0.6694 0.3208 0.9627 0.3586 0.0000 806.022 54.321 238.929
8890 1.000000 0 0.6701 0.6694 0.3208 0.9627 0.3586 0.0000 806.022 54.321 238.929
8891 1.000000 0 0.6701 0.6694 0.3208 0.9627 0.3586 0.0000 806.022 54.321 238.929
8892 1.000000 0 0.6700 0.6694 0.3208 0.9627 0.3586 0.0000 806.022 54.321 238.929
8893 1.000000 0 0.6700 0.6694 0.3208 0.9627 0.3586 0.0000 806.022 54.321 238.929
8894 1.000000 0 0.6700 0.6695 0.3208 0.9627 0.3586 0.0000 806.022 54.321 238.929
8895 1.000000 0 0.6700 0.6695 0.3208 0.9627 0.3586 0.0000 806.022 54.321 238.929
8896 1.000000 0 0.6700 0.6695 0.3208 0.9627 0.3586 0.0000 806.022 54.321 238.929
8897 1.000000 0 0.6700 0.6695 0.3208 0.9627 0.3586 0.0000 806.022 54.321 238.929
8898 1.000000 0 0.6700 0.6695 0.3208 0.9627 0.3586 0.0000 806.022 54.321 238.929
8899 1.000000 0 0.6700 0.6695 0.3208 0.9627 0.3586 0.0000 806.022 54.321 238.929
8900 1.000000 0 0.6699 0.6695 0.3208 0.9627 0.3586 0.0000 806.022 54.321 238.929
8901 1.000000 0 0.6699 0.6695 0.3208 0.9627 0.3586 0.0000 806.022 54.321 238.929
8902 1.000000 0 0.6699 0.6696 0.3208 0.9627 0.3586 0.0000 806.022 54.321 238.929
8903 1.000000 0 0.6699 0.6696 0.3208 0.9627 0.3586 0.0000 806.022 54.321 238.929
8904 1.000000 0 0.6699 0.6696 0.3208 0.9627 0.3586 0.0000 806.022 54.321 238.929
8905 1.000000 0 0.6699 0.6696 0.3208 0.9627 0.3586 0.0000 806.022 54.321 238.929
8906 1.000000 0 0.6699 0.6696 0.3208 0.9627 0.3586 0.0000 806.022 54.321 238.929
8907 1.000000 0 0.6699 0.6696 0.3208 0.9627 0.3586 0.0000 806.022 54.321 238.929
8908 1.000000 0 0.6699 0.6696 0.3208 0.9627 0.3586 0.0000 806.022 54.321 238.929
8909 1.000000 0 0.6698 0.6697 0.3208 0.9627 0.3586 0.0000 806.022 54.321 238.929
8910 1.000000 0 0.6698 0.6697 0.3208 0.9627 0.3586 0.0000 806.022 54.321 238.929
8911 1.000000 0 0.6698 0.6697 0.3207 0.9627 0.3586 0.0000 806.022 54.321 238.929
8912 1.000000 0 0.6698 0.6697 0.3207 0.9627 0.3586 0.0000 806.022 54.321 238.929
8913 1.000000 0 0.6698 0.6697 0.3207 0.9627 0.3586 0.0000 806.022 54.321 238.929
8914 1.000000 0 0.6698 0.6697 0.3207 0.9627 0.3586 0.0000 806.022 54.321 238.929
8915 1.000000 0 0.6698 0.6697 0.3207 0.9627 0.3586 0.0000 806.022 54.321 238.929
8916 1.000000 0 0.6698 0.6697 0.3207 0.9627 0.3586 0.0000 806.022 54.321 238.929
8917 1.000000 0 0.6697 0.6698 0.3207 0.9627 0.3586 0.0000 806.022 54.321 238.929
8918 1.000000 0 0.6697 0.6698 0.3207 0.9627 0.3586 0.0000 806.022 54.321 238.929
8919 1.000000 0 0.6697 0.6698 0.3207 0.9627 0.3586 0.0000 806.022 54.321 238.929
8920 1.000000 0 0.6697 0.6698 0.3207 0.9627 0.3586 0.0000 806.022 54.321 238.929
8921 1.000000 0 0.6697 0.6698 0.3207 0.9627 0.3586 0.0000 806.022 54.321 238.929
8922 1.000000 0 0.6697 0.6698 0.3207 0.9627 0.3586 0.0000 806.022 54.321 238.929
8923 1.000000 0 0.6696 0.6699 0.3207 0.9627 0.3586 0.0000 806.022 54.321 238.929
8924 1.000000 0 0.6696 0.6700 0.3207 0.9627 0.3586 0.0000 806.022 54.321 238.929
8925 1.000000 0 0.6695 0.6700 0.3207 0.9627 0.3586 0.0000 806.022 54.321 238.929
8926 1.000000 0 0.6695 0.6700 0.3207 0.9627 0.3586 0.0000 806.022 54.321 238.929
8927 1.000000 0 0.6695 0.6700 0.3207 0.9627 0.3586 0.0000 806.022 54.321 238.929
8928 1.000000 0 0.6695 0.6700 0.3207 0.9627 0.3586 0.0000 806.022 54.321 238.929
8929 1.000000 0 0.6695 0.6700 0.3207 0.9627 0.3586 0.0000 806.022 54.321 238.929
8930 1.000000 0 0.6695 0.6700 0.3207 0.9627 0.3586 0.0000 806.022 54.321 238.929
8931 1.000000 0 0.6695 0.6700 0.3207 0.9627 0.3586 0.0000 806.022 54.321 238.929
8932 1.000000 0 0.6695 0.6701 0.3207 0.9627 0.3586 0.0000 806.022 54.321 238.929
8933 1.000000 0 0.6695 0.6701 0.3207 0.9627 0.3586 0.0000 806.022 54.321 238.929
8934 1.000000 0 0.6694 0.6701 0.3207 0.9627 0.3586 0.0000 806.022 54.321 238.929
8935 1.000000 0 0.6694 0.6701 0.3207 0.9627 0.3586 0.0000 806.022 54.321 238.929
8936 1.000000 0 0.6694 0.6701 0.3207 0.9627 0.3586 0.0000 806.022 54.321 238.929
8937 1.000000 0 0.6694 0.6701 0.3207 0.9627 0.3586 0.0000 806.022 54.321 238.929
8938 1.000000 0 0.6694 0.6701 0.3207 0.9627 0.3586 0.0000 806.022 54.321 238.929
8939 1.000000 0 0.6694 0.6701 0.3207 0.9627 0.3586 0.0000 806.022 54.321 238.929
8940 1.000000 0 0.6694 0.6702 0.3207 0.9627 0.3586 0.0000 806.022 54.321 238.929
8941 1.000000 0 0.6694 0.6702 0.3207 0.9627 0.3586 0.0000 806.022 54.321 238.929
8942 1.000000 0 0.6693 0.6702 0.3207 0.9627 0.3586 0.0000 806.022 54.321 238.929
8943 1.000000 0 0.6693 0.6702 0.3207 0.9627 0.3586 0.0000 806.023 54.366 238.929
8944 1.000000 0 0.6693 0.6702 0.3207 0.9627 0.3586 0.0000 806.023 54.390 238.928
8945 1.000000 0 0.6693 0.6702 0.3207 0.9627 0.3586 0.0000 806.023 54.425 238.928
8946 1.000000 0 0.6693 0.6702 0.3207 0.9627 0.3586 0.0000 806.023 54.459 238.927
8947 1.000000 0 0.6693 0.6702 0.3207 0.9627 0.3586 0.0000 806.006 54.506 238.922
8948 1.000000 0 0.6693 0.6703 0.3207 0.9627 0.3586 0.0000 805.999 54.524 238.920
8949 1.000000 0 0.6693 0.6703 0.3207 0.9627 0.3586 0.0000 805.998 54.569 238.921
8950 1.000000 0 0.6693 0.6703 0.3207 0.9627 0.3586 0.0000 805.997 54.587 238.922
8951 1.000000 0 0.6692 0.6703 0.3207 0.9627 0.3586 0.0000 805.987 54.618 238.919
8952 1.000000 0 0.6692 0.6703 0.3207 0.9627 0.3586 0.0000 805.977 54.648 238.916
8953 1.000000 0 0.6692 0.6703 0.3207 0.9627 0.3586 0.0000 805.976 54.678 238.917
8954 1.000000 0 0.6692 0.6703 0.3207 0.9627 0.3586 0.0000 805.975 54.705 238.919
8955 1.000000 0 0.6692 0.6703 0.3207 0.9627 0.3586 0.0000 805.980 54.724 238.922
8956 1.000000 0 0.6692 0.6704 0.3207 0.9627 0.3586 0.0000 805.986 54.743 238.925
8957 1.000000 0 0.6692 0.6704 0.3207 0.9627 0.3586 0.0000 805.994 54.765 238.930
8958 1.000000 0 0.6692 0.6704 0.3207 0.9627 0.3586 0.0000 806.002 54.787 238.934
8959 1.000000 0 0.6691 0.6704 0.3207 0.9627 0.3586 0.0000 806.013 54.817 238.940
8960 1.000000 0 0.6691 0.6704 0.3206 0.9627 0.3586 0.0000 806.032 54.889 238.950
8961 1.000000 0 0.6690 0.6706 0.3206 0.9627 0.3586 0.0000 806.062 55.071 238.941
8962 1.000000 0 0.6690 0.6706 0.3206 0.9627 0.3586 0.0000 806.063 55.075 238.941
8963 1.000000 0 0.6690 0.6706 0.3206 0.9627 0.3586 0.0000 806.065 55.088 238.940
8964 1.000000 0 0.6690 0.6706 0.3206 0.9627 0.3586 0.0000 806.071 55.092 238.939
8965 1.000000 0 0.6689 0.6706 0.3206 0.9627 0.3586 0.0000 806.076 55.096 238.939
8966 1.000000 0 0.6689 0.6706 0.3206 0.9627 0.3586 0.0000 806.081 55.097 238.938
8967 1.000000 0 0.6689 0.6706 0.3206 0.9627 0.3586 0.0000 806.085 55.099 238.937
8968 1.000000 0 0.6689 0.6706 0.3206 0.9627 0.3586 0.0000 806.089 55.100 238.937
8969 1.000000 0 0.6689 0.6707 0.3206 0.9627 0.3586 0.0000 806.093 55.102 238.936
8970 1.000000 0 0.6689 0.6707 0.3206 0.9627 0.3586 0.0000 806.096 55.103 238.935
8971 1.000000 0 0.6689 0.6707 0.3206 0.9627 0.3586 0.0000 806.099 55.104 238.934
8972 1.000000 0 0.6689 0.6707 0.3206 0.9627 0.3586 0.0000 806.104 55.105 238.932
8973 1.000000 0 0.6689 0.6707 0.3206 0.9627 0.3586 0.0000 806.105 55.106 238.932
8974 1.000000 0 0.6688 0.6707 0.3206 0.9627 0.3586 0.0000 806.108 55.107 238.931
8975 1.000000 0 0.6688 0.6707 0.3206 0.9627 0.3586 0.0000 806.110 55.108 238.929
8976 1.000000 0 0.6688 0.6707 0.3206 0.9627 0.3586 0.0000 806.113 55.108 238.928
8977 1.000000 0 0.6688 0.6708 0.3206 0.9627 0.3586 0.0000 806.115 55.109 238.927
8978 1.000000 0 0.6688 0.6708 0.3206 0.9627 0.3586 0.0000 806.116 55.110 238.925
8979 1.000000 0 0.6688 0.6708 0.3206 0.9627 0.3586 0.0000 806.119 55.110 238.924
8980 1.000000 0 0.6688 0.6708 0.3206 0.9627 0.3586 0.0000 806.119 55.110 238.923
8981 1.000000 0 0.6688 0.6708 0.3206 0.9627 0.3586 0.0000 806.121 55.111 238.921
8982 1.000000 0 0.6687 0.6708 0.3206 0.9627 0.3586 0.0000 806.121 55.111 238.920
8983 1.000000 0 0.6687 0.6708 0.3206 0.9627 0.3586 0.0000 806.122 55.111 238.918
8984 1.000000 0 0.6687 0.6708 0.3206 0.9627 0.3586 0.0000 806.123 55.111 238.917
8985 1.000000 0 0.6687 0.6709 0.3206 0.9627 0.3586 0.0000 806.123 55.111 238.915
8986 1.000000 0 0.6687 0.6709 0.3206 0.9627 0.3586 0.0000 806.123 55.110 238.913
8987 1.000000 0 0.6687 0.6709 0.3206 0.9627 0.3586 0.0000 806.122 55.108 238.911
8988 1.000000 0 0.6687 0.6709 0.3206 0.9627 0.3586 0.0000 806.110 55.105 238.907
8989 1.000000 0 0.6687 0.6709 0.3206 0.9627 0.3586 0.0000 806.097 55.101 238.903
8990 1.000000 0 0.6686 0.6709 0.3206 0.9627 0.3586 0.0000 806.097 55.095 238.900
8991 1.000000 0 0.6686 0.6709 0.3206 0.9627 0.3586 0.0000 806.097 55.093 238.900
8992 1.000000 0 0.6686 0.6709 0.3206 0.9627 0.3586 0.0000 806.086 55.087 238.896
8993 1.000000 0 0.6686 0.6710 0.3206 0.9627 0.3586 0.0000 806.074 55.081 238.892
8994 1.000000 0 0.6686 0.6710 0.3206 0.9627 0.3586 0.0000 806.074 55.075 238.890
8995 1.000000 0 0.6686 0.6710 0.3206 0.9627 0.3586 0.0000 806.074 55.068 238.888
8996 1.000000 0 0.6686 0.6710 0.3206 0.9627 0.3586 0.0000 806.072 55.058 238.886
8997 1.000000 0 0.6686 0.6710 0.3206 0.9627 0.3586 0.0000 806.070 55.048 238.883
8998 1.000000 0 0.6686 0.6710 0.3206 0.9627 0.3586 0.0000 806.070 55.039 238.882
8999 1.000000 0 0.6685 0.6710 0.3206 0.9627 0.3586 0.0000 806.071 55.030 238.880
9000 1.000000 0 0.6685 0.6710 0.3206 0.9627 0.3586 0.0000 806.068 55.017 238.878
9001 1.000000 0 0.6685 0.6711 0.3206 0.9627 0.3586 0.0000 806.065 54.999 238.874
9002 1.000000 0 0.6685 0.6711 0.3206 0.9627 0.3586 0.0000 806.065 54.993 238.874
9003 1.000000 0 0.6685 0.6711 0.3206 0.9627 0.3586 0.0000 806.065 54.980 238.872
9004 1.000000 0 0.6685 0.6711 0.3206 0.9627 0.3586 0.0000 806.062 54.966 238.869
9005 1.000000 0 0.6685 0.6711 0.3206 0.9627 0.3586 0.0000 806.058 54.943 238.866
9006 1.000000 0 0.6685 0.6711 0.3206 0.9627 0.3586 0.0000 806.058 54.935 238.865
9007 1.000000 0 0.6685 0.6711 0.3206 0.9627 0.3586 0.0000 806.059 54.920 238.863
9008 1.000000 0 0.6684 0.6711 0.3205 0.9627 0.3586 0.0000 806.054 54.903 238.861
9009 1.000000 0 0.6684 0.6712 0.3205 0.9627 0.3586 0.0000 806.050 54.878 238.858
9010 1.000000 0 0.6684 0.6712 0.3205 0.9627 0.3586 0.0000 806.050 54.868 238.857
9011 1.000000 0 0.6684 0.6712 0.3205 0.9627 0.3586 0.0000 806.050 54.850 238.855
9012 1.000000 0 0.6684 0.6712 0.3205 0.9627 0.3586 0.0000 806.045 54.830 238.852
9013 1.000000 0 0.6684 0.6712 0.3205 0.9627 0.3586 0.0000 806.039 54.801 238.849
9014 1.000000 0 0.6684 0.6712 0.3205 0.9627 0.3586 0.0000 806.039 54.789 238.848
9015 1.000000 0 0.6684 0.6712 0.3205 0.9627 0.3586 0.0000 806.040 54.769 238.846
9016 1.000000 0 0.6683 0.6712 0.3205 0.9627 0.3586 0.0000 806.028 54.746 238.842
9017 1.000000 0 0.6683 0.6713 0.3205 0.9627 0.3586 0.0000 806.016 54.724 238.839
9018 1.000000 0 0.6683 0.6713 0.3205 0.9627 0.3586 0.0000 806.015 54.650 238.838
9019 1.000000 0 0.6683 0.6713 0.3205 0.9627 0.3586 0.0000 806.015 54.574 238.838
9020 1.000000 0 0.6683 0.6713 0.3205 0.9627 0.3586 0.0000 806.018 54.548 238.841
9021 1.000000 0 0.6683 0.6713 0.3205 0.9627 0.3586 0.0000 806.021 54.524 238.845
9022 1.000000 0 0.6683 0.6713 0.3205 0.9627 0.3586 0.0000 806.026 54.488 238.849
9023 1.000000 0 0.6682 0.6714 0.3205 0.9627 0.3586 0.0000 806.032 54.347 238.868
9024 1.000000 0 0.6682 0.6714 0.3205 0.9627 0.3586 0.0000 806.030 54.342 238.869
9025 1.000000 0 0.6682 0.6714 0.3205 0.9627 0.3586 0.0000 806.034 54.337 238.874
9026 1.000000 0 0.6682 0.6714 0.3205 0.9627 0.3586 0.0000 806.040 54.329 238.879
9027 1.000000 0 0.6682 0.6714 0.3205 0.9627 0.3586 0.0000 806.040 54.323 238.879
9028 1.000000 0 0.6681 0.6715 0.3205 0.9627 0.3586 0.0000 806.039 54.313 238.881
9029 1.000000 0 0.6681 0.6715 0.3205 0.9627 0.3586 0.0000 806.039 54.301 238.882
9030 1.000000 0 0.6681 0.6715 0.3205 0.9627 0.3586 0.0000 806.039 54.288 238.884
9031 1.000000 0 0.6681 0.6715 0.3205 0.9627 0.3586 0.0000 806.040 54.307 238.886
9032 1.000000 0 0.6681 0.6715 0.3205 0.9627 0.3586 0.0000 806.041 54.327 238.889
9033 1.000000 0 0.6681 0.6715 0.3205 0.9627 0.3586 0.0000 806.038 54.334 238.891
9034 1.000000 0 0.6681 0.6715 0.3205 0.9627 0.3586 0.0000 806.036 54.339 238.892
9035 1.000000 0 0.6681 0.6715 0.3205 0.9627 0.3586 0.0000 806.034 54.338 238.893
9036 1.000000 0 0.6680 0.6716 0.3205 0.9627 0.3586 0.0000 806.033 54.334 238.895
9037 1.000000 0 0.6680 0.6716 0.3205 0.9627 0.3586 0.0000 806.033 54.332 238.896
9038 1.000000 0 0.6680 0.6716 0.3205 0.9627 0.3586 0.0000 806.032 54.329 238.898
9039 1.000000 0 0.6680 0.6716 0.3205 0.9627 0.3586 0.0000 806.033 54.328 238.901
9040 1.000000 0 0.6680 0.6716 0.3205 0.9627 0.3586 0.0000 806.033 54.329 238.902
9041 1.000000 0 0.6680 0.6716 0.3205 0.9627 0.3586 0.0000 806.031 54.334 238.904
9042 1.000000 0 0.6680 0.6716 0.3205 0.9627 0.3586 0.0000 806.030 54.338 238.906
9043 1.000000 0 0.6680 0.6716 0.3205 0.9627 0.3586 0.0000 806.028 54.337 238.907
9044 1.000000 0 0.6680 0.6717 0.3205 0.9627 0.3586 0.0000 806.027 54.334 238.908
9045 1.000000 0 0.6679 0.6717 0.3205 0.9627 0.3586 0.0000 806.027 54.331 238.909
9046 1.000000 0 0.6679 0.6717 0.3205 0.9627 0.3586 0.0000 806.026 54.327 238.911
9047 1.000000 0 0.6679 0.6717 0.3205 0.9627 0.3586 0.0000 806.027 54.326 238.913
9048 1.000000 0 0.6679 0.6717 0.3205 0.9627 0.3586 0.0000 806.027 54.325 238.915
9049 1.000000 0 0.6679 0.6717 0.3205 0.9627 0.3586 0.0000 806.025 54.333 238.918
9050 1.000000 0 0.6679 0.6717 0.3205 0.9627 0.3586 0.0000 806.024 54.336 238.919
9051 1.000000 0 0.6679 0.6718 0.3205 0.9627 0.3586 0.0000 806.022 54.333 238.921
9052 1.000000 0 0.6679 0.6718 0.3205 0.9627 0.3586 0.0000 806.021 54.332 238.921
9053 1.000000 0 0.6678 0.6718 0.3205 0.9627 0.3586 0.0000 806.021 54.329 238.923
9054 1.000000 0 0.6678 0.6718 0.3205 0.9627 0.3586 0.0000 806.021 54.324 238.925
9055 1.000000 0 0.6678 0.6718 0.3205 0.9627 0.3586 0.0000 806.022 54.324 238.925
9056 1.000000 0 0.6678 0.6718 0.3205 0.9627 0.3586 0.0000 806.024 54.323 238.925
9057 1.000000 0 0.6678 0.6718 0.3205 0.9627 0.3586 0.0000 806.023 54.328 238.926
9058 1.000000 0 0.6678 0.6718 0.3205 0.9627 0.3586 0.0000 806.022 54.333 238.928
9059 1.000000 0 0.6678 0.6719 0.3205 0.9627 0.3586 0.0000 806.021 54.331 238.927
9060 1.000000 0 0.6678 0.6719 0.3205 0.9627 0.3586 0.0000 806.019 54.329 238.927
9061 1.000000 0 0.6677 0.6719 0.3204 0.9627 0.3586 0.0000 806.021 54.325 238.927
9062 1.000000 0 0.6677 0.6719 0.3204 0.9627 0.3586 0.0000 806.021 54.323 238.927
9063 1.000000 0 0.6677 0.6719 0.3204 0.9627 0.3586 0.0000 806.024 54.322 238.927
9064 1.000000 0 0.6677 0.6719 0.3204 0.9627 0.3586 0.0000 806.025 54.321 238.927
9065 1.000000 0 0.6677 0.6719 0.3204 0.9627 0.3586 0.0000 806.024 54.326 238.928
9066 1.000000 0 0.6677 0.6719 0.3204 0.9627 0.3586 0.0000 806.022 54.332 238.930
9067 1.000000 0 0.6677 0.6720 0.3204 0.9627 0.3586 0.0000 806.021 54.331 238.929
9068 1.000000 0 0.6677 0.6720 0.3204 0.9627 0.3586 0.0000 806.019 54.330 238.929
9069 1.000000 0 0.6677 0.6720 0.3204 0.9627 0.3586 0.0000 806.020 54.327 238.928
9070 1.000000 0 0.6676 0.6720 0.3204 0.9627 0.3586 0.0000 806.020 54.323 238.928
9071 1.000000 0 0.6676 0.6720 0.3204 0.9627 0.3586 0.0000 806.022 54.322 238.928
9072 1.000000 0 0.6676 0.6720 0.3204 0.9627 0.3586 0.0000 806.024 54.321 238.928
9073 1.000000 0 0.6676 0.6720 0.3204 0.9627 0.3586 0.0000 806.023 54.326 238.930
9074 1.000000 0 0.6676 0.6720 0.3204 0.9627 0.3586 0.0000 806.022 54.332 238.931
9075 1.000000 0 0.6676 0.6721 0.3204 0.9627 0.3586 0.0000 806.020 54.331 238.931
9076 1.000000 0 0.6676 0.6721 0.3204 0.9627 0.3586 0.0000 806.018 54.330 238.930
9077 1.000000 0 0.6676 0.6721 0.3204 0.9627 0.3586 0.0000 806.019 54.327 238.930
9078 1.000000 0 0.6676 0.6721 0.3204 0.9627 0.3586 0.0000 806.020 54.323 238.930
9079 1.000000 0 0.6675 0.6721 0.3204 0.9627 0.3586 0.0000 806.021 54.322 238.930
9080 1.000000 0 0.6675 0.6721 0.3204 0.9627 0.3586 0.0000 806.023 54.321 238.930
9081 1.000000 0 0.6675 0.6721 0.3204 0.9627 0.3586 0.0000 806.022 54.326 238.931
9082 1.000000 0 0.6675 0.6721 0.3204 0.9627 0.3586 0.0000 806.021 54.331 238.933
9083 1.000000 0 0.6675 0.6722 0.3204 0.9627 0.3586 0.0000 806.020 54.331 238.932
9084 1.000000 0 0.6675 0.6722 0.3204 0.9627 0.3586 0.0000 806.018 54.329 238.931
9085 1.000000 0 0.6675 0.6722 0.3204 0.9627 0.3586 0.0000 806.019 54.326 238.931
9086 1.000000 0 0.6675 0.6722 0.3204 0.9627 0.3586 0.0000 806.020 54.323 238.931
9087 1.000000 0 0.6674 0.6722 0.3204 0.9627 0.3586 0.0000 806.021 54.322 238.931
9088 1.000000 0 0.6674 0.6722 0.3204 0.9627 0.3586 0.0000 806.023 54.320 238.931
9089 1.000000 0 0.6674 0.6722 0.3204 0.9627 0.3586 0.0000 806.022 54.326 238.932
9090 1.000000 0 0.6674 0.6722 0.3204 0.9627 0.3586 0.0000 806.021 54.330 238.934
9091 1.000000 0 0.6674 0.6723 0.3204 0.9627 0.3586 0.0000 806.020 54.329 238.933
9092 1.000000 0 0.6674 0.6723 0.3204 0.9627 0.3586 0.0000 806.019 54.327 238.932
9093 1.000000 0 0.6674 0.6723 0.3204 0.9627 0.3586 0.0000 806.019 54.324 238.932
9094 1.000000 0 0.6674 0.6723 0.3204 0.9627 0.3586 0.0000 806.020 54.320 238.932
9095 1.000000 0 0.6674 0.6723 0.3204 0.9627 0.3586 0.0000 806.022 54.320 238.932
9096 1.000000 0 0.6673 0.6723 0.3204 0.9627 0.3586 0.0000 806.024 54.319 238.932
9097 1.000000 0 0.6673 0.6723 0.3204 0.9627 0.3586 0.0000 806.023 54.324 238.934
9098 1.000000 0 0.6673 0.6723 0.3204 0.9627 0.3586 0.0000 806.021 54.330 238.935
9099 1.000000 0 0.6673 0.6724 0.3204 0.9627 0.3586 0.0000 806.020 54.329 238.934
9100 1.000000 0 0.6673 0.6724 0.3204 0.9627 0.3586 0.0000 806.018 54.328 238.934
9101 1.000000 0 0.6673 0.6724 0.3204 0.9627 0.3586 0.0000 806.019 54.325 238.933
9102 1.000000 0 0.6673 0.6724 0.3204 0.9627 0.3586 0.0000 806.020 54.321 238.933
9103 1.000000 0 0.6673 0.6724 0.3204 0.9627 0.3586 0.0000 806.021 54.320 238.933
9104 1.000000 0 0.6672 0.6724 0.3204 0.9627 0.3586 0.0000 806.023 54.319 238.934
9105 1.000000 0 0.6672 0.6724 0.3204 0.9627 0.3586 0.0000 806.022 54.324 238.935
9106 1.000000 0 0.6672 0.6724 0.3204 0.9627 0.3586 0.0000 806.021 54.330 238.936
9107 1.000000 0 0.6672 0.6725 0.3204 0.9627 0.3586 0.0000 806.018 54.329 238.935
9108 1.000000 0 0.6672 0.6725 0.3204 0.9627 0.3586 0.0000 806.017 54.328 238.935
9109 1.000000 0 0.6672 0.6725 0.3204 0.9627 0.3586 0.0000 806.018 54.325 238.935
9110 1.000000 0 0.6672 0.6725 0.3204 0.9627 0.3586 0.0000 806.019 54.322 238.935
9111 1.000000 0 0.6672 0.6725 0.3204 0.9627 0.3586 0.0000 806.021 54.320 238.935
9112 1.000000 0 0.6672 0.6725 0.3204 0.9627 0.3586 0.0000 806.022 54.319 238.935
9113 1.000000 0 0.6671 0.6725 0.3204 0.9627 0.3586 0.0000 806.022 54.319 238.935
9114 1.000000 0 0.6671 0.6725 0.3204 0.9627 0.3586 0.0000 806.021 54.319 238.935
9115 1.000000 0 0.6671 0.6726 0.3204 0.9627 0.3586 0.0000 806.021 54.318 238.935
9116 1.000000 0 0.6671 0.6726 0.3204 0.9627 0.3586 0.0000 806.022 54.316 238.935
9117 1.000000 0 0.6671 0.6726 0.3204 0.9627 0.3586 0.0000 806.022 54.316 238.935
9118 1.000000 0 0.6671 0.6726 0.3204 0.9627 0.3586 0.0000 806.023 54.315 238.935
9119 1.000000 0 0.6671 0.6726 0.3203 0.9627 0.3586 0.0000 806.022 54.319 238.936
9120 1.000000 0 0.6671 0.6726 0.3203 0.9627 0.3586 0.0000 806.021 54.324 238.937
9121 1.000000 0 0.6670 0.6726 0.3203 0.9627 0.3586 0.0000 806.019 54.323 238.936
9122 1.000000 0 0.6670 0.6726 0.3203 0.9627 0.3586 0.0000 806.018 54.321 238.935
9123 1.000000 0 0.6670 0.6727 0.3203 0.9627 0.3586 0.0000 806.019 54.319 238.935
9124 1.000000 0 0.6670 0.6727 0.3203 0.9627 0.3586 0.0000 806.020 54.317 238.935
9125 1.000000 0 0.6670 0.6727 0.3203 0.9627 0.3586 0.0000 806.022 54.317 238.935
9126 1.000000 0 0.6670 0.6727 0.3203 0.9627 0.3586 0.0000 806.024 54.318 238.936
9127 1.000000 0 0.6670 0.6727 0.3203 0.9627 0.3586 0.0000 806.022 54.323 238.937
9128 1.000000 0 0.6670 0.6727 0.3203 0.9627 0.3586 0.0000 806.021 54.328 238.938
9129 1.000000 0 0.6669 0.6727 0.3203 0.9627 0.3586 0.0000 806.017 54.326 238.937
9130 1.000000 0 0.6669 0.6727 0.3203 0.9627 0.3586 0.0000 806.018 54.325 238.937
9131 1.000000 0 0.6669 0.6728 0.3203 0.9627 0.3586 0.0000 806.019 54.320 238.937
9132 1.000000 0 0.6669 0.6728 0.3203 0.9627 0.3586 0.0000 806.021 54.319 238.937
9133 1.000000 0 0.6669 0.6728 0.3203 0.9627 0.3586 0.0000 806.020 54.329 238.940
9134 1.000000 0 0.6669 0.6728 0.3203 0.9627 0.3586 0.0000 806.019 54.328 238.939
9135 1.000000 0 0.6668 0.6728 0.3203 0.9627 0.3586 0.0000 806.017 54.327 238.938
9136 1.000000 0 0.6668 0.6729 0.3203 0.9627 0.3586 0.0000 806.018 54.324 238.938
9137 1.000000 0 0.6668 0.6729 0.3203 0.9627 0.3586 0.0000 806.019 54.320 238.938
9138 1.000000 0 0.6668 0.6729 0.3203 0.9627 0.3586 0.0000 806.020 54.319 238.938
9139 1.000000 0 0.6668 0.6729 0.3203 0.9627 0.3586 0.0000 806.022 54.318 238.938
9140 1.000000 0 0.6668 0.6729 0.3203 0.9627 0.3586 0.0000 806.021 54.323 238.939
9141 1.000000 0 0.6668 0.6729 0.3203 0.9627 0.3586 0.0000 806.020 54.328 238.941
9142 1.000000 0 0.6668 0.6729 0.3203 0.9627 0.3586 0.0000 806.018 54.328 238.940
9143 1.000000 0 0.6667 0.6729 0.3203 0.9627 0.3586 0.0000 806.017 54.327 238.939
9144 1.000000 0 0.6667 0.6730 0.3203 0.9627 0.3586 0.0000 806.017 54.323 238.939
9145 1.000000 0 0.6667 0.6730 0.3203 0.9627 0.3586 0.0000 806.018 54.320 238.939
9146 1.000000 0 0.6667 0.6730 0.3203 0.9627 0.3586 0.0000 806.020 54.319 238.939
9147 1.000000 0 0.6667 0.6730 0.3203 0.9627 0.3586 0.0000 806.021 54.317 238.939
9148 1.000000 0 0.6667 0.6730 0.3203 0.9627 0.3586 0.0000 806.021 54.323 238.940
9149 1.000000 0 0.6667 0.6730 0.3203 0.9627 0.3586 0.0000 806.020 54.328 238.942
9150 1.000000 0 0.6667 0.6730 0.3203 0.9627 0.3586 0.0000 806.018 54.327 238.941
9151 1.000000 0 0.6667 0.6730 0.3203 0.9627 0.3586 0.0000 806.016 54.326 238.941
9152 1.000000 0 0.6666 0.6731 0.3203 0.9627 0.3586 0.0000 806.018 54.322 238.940
9153 1.000000 0 0.6666 0.6731 0.3203 0.9627 0.3586 0.0000 806.018 54.320 238.940
9154 1.000000 0 0.6666 0.6731 0.3203 0.9627 0.3586 0.0000 806.020 54.318 238.940
9155 1.000000 0 0.6666 0.6731 0.3203 0.9627 0.3586 0.0000 806.021 54.317 238.940
9156 1.000000 0 0.6666 0.6731 0.3203 0.9627 0.3586 0.0000 806.020 54.322 238.942
9157 1.000000 0 0.6666 0.6731 0.3203 0.9627 0.3586 0.0000 806.020 54.328 238.943
9158 1.000000 0 0.6666 0.6731 0.3203 0.9627 0.3586 0.0000 806.018 54.326 238.942
9159 1.000000 0 0.6666 0.6731 0.3203 0.9627 0.3586 0.0000 806.017 54.324 238.941
9160 1.000000 0 0.6665 0.6732 0.3203 0.9627 0.3586 0.0000 806.018 54.321 238.941
9161 1.000000 0 0.6665 0.6732 0.3203 0.9627 0.3586 0.0000 806.019 54.317 238.941
9162 1.000000 0 0.6665 0.6732 0.3203 0.9627 0.3586 0.0000 806.021 54.316 238.941
9163 1.000000 0 0.6665 0.6732 0.3203 0.9627 0.3586 0.0000 806.022 54.316 238.941
9164 1.000000 0 0.6665 0.6732 0.3203 0.9627 0.3586 0.0000 806.021 54.316 238.941
9165 1.000000 0 0.6665 0.6732 0.3203 0.9627 0.3586 0.0000 806.020 54.316 238.941
9166 1.000000 0 0.6665 0.6732 0.3203 0.9627 0.3586 0.0000 806.020 54.315 238.941
9167 1.000000 0 0.6665 0.6732 0.3203 0.9627 0.3586 0.0000 806.020 54.314 238.941
9168 1.000000 0 0.6665 0.6733 0.3203 0.9627 0.3586 0.0000 806.021 54.313 238.941
9169 1.000000 0 0.6664 0.6733 0.3203 0.9627 0.3586 0.0000 806.021 54.311 238.941
9170 1.000000 0 0.6664 0.6733 0.3203 0.9627 0.3586 0.0000 806.021 54.316 238.942
9171 1.000000 0 0.6664 0.6733 0.3203 0.9627 0.3586 0.0000 806.020 54.322 238.944
9172 1.000000 0 0.6664 0.6733 0.3203 0.9627 0.3586 0.0000 806.018 54.321 238.943
9173 1.000000 0 0.6664 0.6733 0.3203 0.9627 0.3586 0.0000 806.017 54.319 238.942
9174 1.000000 0 0.6664 0.6733 0.3203 0.9627 0.3586 0.0000 806.018 54.317 238.942
9175 1.000000 0 0.6664 0.6733 0.3202 0.9627 0.3586 0.0000 806.019 54.314 238.941
9176 1.000000 0 0.6664 0.6734 0.3202 0.9627 0.3586 0.0000 806.021 54.315 238.942
9177 1.000000 0 0.6663 0.6734 0.3202 0.9627 0.3586 0.0000 806.021 54.316 238.942
9178 1.000000 0 0.6663 0.6734 0.3202 0.9627 0.3586 0.0000 806.020 54.316 238.942
9179 1.000000 0 0.6663 0.6734 0.3202 0.9627 0.3586 0.0000 806.020 54.314 238.942
9180 1.000000 0 0.6663 0.6734 0.3202 0.9627 0.3586 0.0000 806.020 54.314 238.942
9181 1.000000 0 0.6663 0.6734 0.3202 0.9627 0.3586 0.0000 806.020 54.311 238.942
9182 1.000000 0 0.6663 0.6734 0.3202 0.9627 0.3586 0.0000 806.020 54.311 238.942
9183 1.000000 0 0.6662 0.6735 0.3202 0.9627 0.3586 0.0000 806.021 54.308 238.942
9184 1.000000 0 0.6662 0.6735 0.3202 0.9627 0.3586 0.0000 806.021 54.308 238.942
9185 1.000000 0 0.6662 0.6735 0.3202 0.9627 0.3586 0.0000 806.020 54.307 238.941
9186 1.000000 0 0.6662 0.6735 0.3202 0.9627 0.3586 0.0000 806.021 54.306 238.941
9187 1.000000 0 0.6662 0.6735 0.3202 0.9627 0.3586 0.0000 806.021 54.306 238.941
9188 1.000000 0 0.6662 0.6735 0.3202 0.9627 0.3586 0.0000 806.021 54.314 238.943
9189 1.000000 0 0.6662 0.6735 0.3202 0.9627 0.3586 0.0000 806.020 54.322 238.944
9190 1.000000 0 0.6662 0.6736 0.3202 0.9627 0.3586 0.0000 806.018 54.321 238.943
9191 1.000000 0 0.6661 0.6736 0.3202 0.9627 0.3586 0.0000 806.020 54.326 238.945
9192 1.000000 0 0.6661 0.6737 0.3202 0.9627 0.3586 0.0000 806.018 54.325 238.944
9193 1.000000 0 0.6661 0.6737 0.3202 0.9627 0.3586 0.0000 806.016 54.324 238.944
9194 1.000000 0 0.6660 0.6737 0.3202 0.9627 0.3586 0.0000 806.017 54.320 238.943
9195 1.000000 0 0.6660 0.6737 0.3202 0.9627 0.3586 0.0000 806.018 54.318 238.943
9196 1.000000 0 0.6660 0.6737 0.3202 0.9627 0.3586 0.0000 806.020 54.317 238.943
9197 1.000000 0 0.6660 0.6737 0.3202 0.9627 0.3586 0.0000 806.021 54.316 238.943
9198 1.000000 0 0.6660 0.6737 0.3202 0.9627 0.3586 0.0000 806.021 54.315 238.943
9199 1.000000 0 0.6660 0.6737 0.3202 0.9627 0.3586 0.0000 806.020 54.315 238.943
9200 1.000000 0 0.6660 0.6738 0.3202 0.9627 0.3586 0.0000 806.019 54.320 238.945
9201 1.000000 0 0.6660 0.6738 0.3202 0.9627 0.3586 0.0000 806.019 54.325 238.946
9202 1.000000 0 0.6660 0.6738 0.3202 0.9627 0.3586 0.0000 806.018 54.323 238.945
9203 1.000000 0 0.6659 0.6738 0.3202 0.9627 0.3586 0.0000 806.016 54.321 238.944
9204 1.000000 0 0.6659 0.6738 0.3202 0.9627 0.3586 0.0000 806.017 54.318 238.944
9205 1.000000 0 0.6659 0.6738 0.3202 0.9627 0.3586 0.0000 806.019 54.315 238.944
9206 1.000000 0 0.6659 0.6738 0.3202 0.9627 0.3586 0.0000 806.020 54.315 238.944
9207 1.000000 0 0.6659 0.6738 0.3202 0.9627 0.3586 0.0000 806.022 54.315 238.944
9208 1.000000 0 0.6659 0.6739 0.3202 0.9627 0.3586 0.0000 806.021 54.320 238.945
9209 1.000000 0 0.6659 0.6739 0.3202 0.9627 0.3586 0.0000 806.019 54.326 238.947
9210 1.000000 0 0.6659 0.6739 0.3202 0.9627 0.3586 0.0000 806.018 54.324 238.946
9211 1.000000 0 0.6659 0.6739 0.3202 0.9627 0.3586 0.0000 806.017 54.322 238.945
9212 1.000000 0 0.6658 0.6739 0.3202 0.9627 0.3586 0.0000 806.018 54.318 238.945
9213 1.000000 0 0.6658 0.6739 0.3202 0.9627 0.3586 0.0000 806.018 54.315 238.944
9214 1.000000 0 0.6658 0.6739 0.3202 0.9627 0.3586 0.0000 806.020 54.315 238.945
9215 1.000000 0 0.6658 0.6739 0.3202 0.9627 0.3586 0.0000 806.022 54.314 238.945
9216 1.000000 0 0.6658 0.6740 0.3202 0.9627 0.3586 0.0000 806.022 54.314 238.945
9217 1.000000 0 0.6658 0.6740 0.3202 0.9627 0.3586 0.0000 806.021 54.314 238.945
9218 1.000000 0 0.6658 0.6740 0.3202 0.9627 0.3586 0.0000 806.020 54.321 238.947
9219 1.000000 0 0.6658 0.6740 0.3202 0.9627 0.3586 0.0000 806.019 54.324 238.947
9220 1.000000 0 0.6657 0.6740 0.3202 0.9627 0.3586 0.0000 806.017 54.323 238.947
9221 1.000000 0 0.6657 0.6740 0.3202 0.9627 0.3586 0.0000 806.016 54.321 238.946
9222 1.000000 0 0.6657 0.6740 0.3202 0.9627 0.3586 0.0000 806.016 54.319 238.946
9223 1.000000 0 0.6657 0.6740 0.3202 0.9627 0.3586 0.0000 806.017 54.316 238.946
9224 1.000000 0 0.6657 0.6741 0.3202 0.9627 0.3586 0.0000 806.019 54.315 238.946
9225 1.000000 0 0.6657 0.6741 0.3201 0.9627 0.3586 0.0000 806.020 54.315 238.946
9226 1.000000 0 0.6657 0.6741 0.3201 0.9627 0.3586 0.0000 806.020 54.320 238.947
9227 1.000000 0 0.6657 0.6741 0.3201 0.9627 0.3586 0.0000 806.019 54.326 238.948
9228 1.000000 0 0.6656 0.6741 0.3201 0.9627 0.3586 0.0000 806.017 54.325 238.948
9229 1.000000 0 0.6656 0.6741 0.3201 0.9627 0.3586 0.0000 806.017 54.317 238.947
9230 1.000000 0 0.6656 0.6742 0.3201 0.9627 0.3586 0.0000 806.019 54.323 238.949
9231 1.000000 0 0.6656 0.6742 0.3201 0.9627 0.3586 0.0000 806.018 54.325 238.949
9232 1.000000 0 0.6655 0.6742 0.3201 0.9627 0.3586 0.0000 806.016 54.322 238.948
9233 1.000000 0 0.6655 0.6742 0.3201 0.9627 0.3586 0.0000 806.016 54.321 238.948
9234 1.000000 0 0.6655 0.6742 0.3201 0.9627 0.3586 0.0000 806.018 54.315 238.947
9235 1.000000 0 0.6655 0.6742 0.3201 0.9627 0.3586 0.0000 806.018 54.315 238.947
9236 1.000000 0 0.6655 0.6743 0.3201 0.9627 0.3586 0.0000 806.021 54.313 238.948
9237 1.000000 0 0.6655 0.6743 0.3201 0.9627 0.3586 0.0000 806.021 54.314 238.948
9238 1.000000 0 0.6655 0.6743 0.3201 0.9627 0.3586 0.0000 806.018 54.324 238.950
9239 1.000000 0 0.6655 0.6743 0.3201 0.9627 0.3586 0.0000 806.018 54.324 238.950
9240 1.000000 0 0.6654 0.6743 0.3201 0.9627 0.3586 0.0000 806.016 54.320 238.948
9241 1.000000 0 0.6654 0.6743 0.3201 0.9627 0.3586 0.0000 806.017 54.316 238.948
9242 1.000000 0 0.6654 0.6743 0.3201 0.9627 0.3586 0.0000 806.018 54.314 238.948
9243 1.000000 0 0.6654 0.6744 0.3201 0.9627 0.3586 0.0000 806.020 54.313 238.948
9244 1.000000 0 0.6654 0.6744 0.3201 0.9627 0.3586 0.0000 806.022 54.313 238.948
9245 1.000000 0 0.6654 0.6744 0.3201 0.9627 0.3586 0.0000 806.021 54.313 238.948
9246 1.000000 0 0.6654 0.6744 0.3201 0.9627 0.3586 0.0000 806.019 54.314 238.948
9247 1.000000 0 0.6654 0.6744 0.3201 0.9627 0.3586 0.0000 806.019 54.313 238.948
9248 1.000000 0 0.6654 0.6744 0.3201 0.9627 0.3586 0.0000 806.019 54.312 238.948
9249 1.000000 0 0.6653 0.6744 0.3201 0.9627 0.3586 0.0000 806.020 54.310 238.948
9250 1.000000 0 0.6653 0.6744 0.3201 0.9627 0.3586 0.0000 806.020 54.308 238.948
9251 1.000000 0 0.6653 0.6745 0.3201 0.9627 0.3586 0.0000 806.020 54.307 238.948
9252 1.000000 0 0.6653 0.6745 0.3201 0.9627 0.3586 0.0000 806.019 54.306 238.948
9253 1.000000 0 0.6653 0.6745 0.3201 0.9627 0.3586 0.0000 806.020 54.305 238.948
9254 1.000000 0 0.6653 0.6745 0.3201 0.9627 0.3586 0.0000 806.020 54.304 238.948
9255 1.000000 0 0.6653 0.6745 0.3201 0.9627 0.3586 0.0000 806.020 54.311 238.949
9256 1.000000 0 0.6653 0.6745 0.3201 0.9627 0.3586 0.0000 806.019 54.319 238.950
9257 1.000000 0 0.6652 0.6745 0.3201 0.9627 0.3586 0.0000 806.017 54.318 238.949
9258 1.000000 0 0.6652 0.6745 0.3201 0.9627 0.3586 0.0000 806.016 54.317 238.949
9259 1.000000 0 0.6652 0.6746 0.3201 0.9627 0.3586 0.0000 806.017 54.315 238.948
9260 1.000000 0 0.6652 0.6746 0.3201 0.9627 0.3586 0.0000 806.018 54.313 238.948
9261 1.000000 0 0.6652 0.6746 0.3201 0.9627 0.3586 0.0000 806.019 54.313 238.948
9262 1.000000 0 0.6652 0.6746 0.3201 0.9627 0.3586 0.0000 806.021 54.313 238.949
9263 1.000000 0 0.6652 0.6746 0.3201 0.9627 0.3586 0.0000 806.020 54.318 238.950
9264 1.000000 0 0.6652 0.6746 0.3201 0.9627 0.3586 0.0000 806.019 54.324 238.951
9265 1.000000 0 0.6652 0.6746 0.3201 0.9627 0.3586 0.0000 806.017 54.322 238.950
9266 1.000000 0 0.6651 0.6746 0.3201 0.9627 0.3586 0.0000 806.016 54.320 238.949
9267 1.000000 0 0.6651 0.6747 0.3201 0.9627 0.3586 0.0000 806.017 54.317 238.949
9268 1.000000 0 0.6651 0.6747 0.3201 0.9627 0.3586 0.0000 806.018 54.313 238.949
9269 1.000000 0 0.6651 0.6747 0.3201 0.9627 0.3586 0.0000 806.020 54.313 238.949
9270 1.000000 0 0.6651 0.6747 0.3201 0.9627 0.3586 0.0000 806.022 54.313 238.949
9271 1.000000 0 0.6651 0.6747 0.3201 0.9627 0.3586 0.0000 806.020 54.318 238.950
9272 1.000000 0 0.6651 0.6747 0.3201 0.9627 0.3586 0.0000 806.018 54.323 238.951
9273 1.000000 0 0.6651 0.6747 0.3201 0.9627 0.3586 0.0000 806.016 54.322 238.951
9274 1.000000 0 0.6650 0.6747 0.3201 0.9627 0.3586 0.0000 806.015 54.322 238.950
9275 1.000000 0 0.6650 0.6748 0.3201 0.9627 0.3586 0.0000 806.016 54.318 238.950
9276 1.000000 0 0.6650 0.6748 0.3201 0.9627 0.3586 0.0000 806.017 54.315 238.950
9277 1.000000 0 0.6650 0.6748 0.3201 0.9627 0.3586 0.0000 806.019 54.314 238.950
9278 1.000000 0 0.6650 0.6748 0.3201 0.9627 0.3586 0.0000 806.020 54.313 238.950
9279 1.000000 0 0.6650 0.6748 0.3200 0.9627 0.3586 0.0000 806.019 54.318 238.951
9280 1.000000 0 0.6650 0.6748 0.3200 0.9627 0.3586 0.0000 806.018 54.324 238.953
9281 1.000000 0 0.6650 0.6748 0.3200 0.9627 0.3586 0.0000 806.017 54.322 238.952
9282 1.000000 0 0.6649 0.6748 0.3200 0.9627 0.3586 0.0000 806.016 54.320 238.951
9283 1.000000 0 0.6649 0.6749 0.3200 0.9627 0.3586 0.0000 806.016 54.317 238.951
9284 1.000000 0 0.6649 0.6749 0.3200 0.9627 0.3586 0.0000 806.017 54.313 238.950
9285 1.000000 0 0.6649 0.6749 0.3200 0.9627 0.3586 0.0000 806.019 54.313 238.951
9286 1.000000 0 0.6649 0.6749 0.3200 0.9627 0.3586 0.0000 806.021 54.312 238.951
9287 1.000000 0 0.6649 0.6749 0.3200 0.9627 0.3586 0.0000 806.020 54.317 238.952
9288 1.000000 0 0.6649 0.6749 0.3200 0.9627 0.3586 0.0000 806.018 54.323 238.953
9289 1.000000 0 0.6649 0.6749 0.3200 0.9627 0.3586 0.0000 806.017 54.322 238.953
9290 1.000000 0 0.6649 0.6749 0.3200 0.9627 0.3586 0.0000 806.015 54.321 238.952
9291 1.000000 0 0.6648 0.6750 0.3200 0.9627 0.3586 0.0000 806.016 54.318 238.952
9292 1.000000 0 0.6648 0.6750 0.3200 0.9627 0.3586 0.0000 806.017 54.314 238.952
9293 1.000000 0 0.6648 0.6750 0.3200 0.9627 0.3586 0.0000 806.018 54.313 238.952
9294 1.000000 0 0.6648 0.6750 0.3200 0.9627 0.3586 0.0000 806.020 54.312 238.952
9295 1.000000 0 0.6648 0.6750 0.3200 0.9627 0.3586 0.0000 806.019 54.318 238.953
9296 1.000000 0 0.6648 0.6750 0.3200 0.9627 0.3586 0.0000 806.018 54.323 238.954
9297 1.000000 0 0.6648 0.6750 0.3200 0.9627 0.3586 0.0000 806.015 54.322 238.953
9298 1.000000 0 0.6648 0.6750 0.3200 0.9627 0.3586 0.0000 806.014 54.321 238.953
9299 1.000000 0 0.6647 0.6751 0.3200 0.9627 0.3586 0.0000 806.015 54.318 238.953
9300 1.000000 0 0.6647 0.6751 0.3200 0.9627 0.3586 0.0000 806.016 54.315 238.953
9301 1.000000 0 0.6647 0.6751 0.3200 0.9627 0.3586 0.0000 806.018 54.313 238.953
9302 1.000000 0 0.6647 0.6751 0.3200 0.9627 0.3586 0.0000 806.019 54.314 238.953
9303 1.000000 0 0.6647 0.6751 0.3200 0.9627 0.3586 0.0000 806.018 54.317 238.954
9304 1.000000 0 0.6647 0.6751 0.3200 0.9627 0.3586 0.0000 806.018 54.323 238.955
9305 1.000000 0 0.6647 0.6751 0.3200 0.9627 0.3586 0.0000 806.016 54.322 238.955
9306 1.000000 0 0.6647 0.6751 0.3200 0.9627 0.3586 0.0000 806.014 54.321 238.954
9307 1.000000 0 0.6647 0.6752 0.3200 0.9627 0.3586 0.0000 806.015 54.318 238.954
9308 1.000000 0 0.6646 0.6752 0.3200 0.9627 0.3586 0.0000 806.016 54.315 238.953
9309 1.000000 0 0.6646 0.6752 0.3200 0.9627 0.3586 0.0000 806.018 54.313 238.953
9310 1.000000 0 0.6646 0.6752 0.3200 0.9627 0.3586 0.0000 806.019 54.312 238.953
9311 1.000000 0 0.6646 0.6752 0.3200 0.9627 0.3586 0.0000 806.019 54.312 238.953
9312 1.000000 0 0.6646 0.6752 0.3200 0.9627 0.3586 0.0000 806.018 54.312 238.953
9313 1.000000 0 0.6646 0.6752 0.3200 0.9627 0.3586 0.0000 806.018 54.311 238.953
9314 1.000000 0 0.6646 0.6752 0.3200 0.9627 0.3586 0.0000 806.018 54.310 238.953
9315 1.000000 0 0.6646 0.6753 0.3200 0.9627 0.3586 0.0000 806.018 54.309 238.953
9316 1.000000 0 0.6645 0.6753 0.3200 0.9627 0.3586 0.0000 806.018 54.308 238.953
9317 1.000000 0 0.6645 0.6753 0.3200 0.9627 0.3586 0.0000 806.018 54.307 238.953
9318 1.000000 0 0.6645 0.6753 0.3200 0.9627 0.3586 0.0000 806.018 54.306 238.953
9319 1.000000 0 0.6645 0.6753 0.3200 0.9627 0.3586 0.0000 806.018 54.306 238.953
9320 1.000000 0 0.6645 0.6753 0.3200 0.9627 0.3586 0.0000 806.018 54.306 238.953
9321 1.000000 0 0.6645 0.6753 0.3200 0.9627 0.3586 0.0000 806.018 54.306 238.953
9322 1.000000 0 0.6645 0.6754 0.3200 0.9627 0.3586 0.0000 806.018 54.306 238.953
9323 1.000000 0 0.6645 0.6754 0.3200 0.9627 0.3586 0.0000 806.018 54.306 238.953
9324 1.000000 0 0.6644 0.6754 0.3200 0.9627 0.3586 0.0000 806.018 54.307 238.953
9325 1.000000 0 0.6644 0.6754 0.3200 0.9627 0.3586 0.0000 806.018 54.307 238.953
9326 1.000000 0 0.6644 0.6754 0.3200 0.9627 0.3586 0.0000 806.018 54.308 238.953
9327 1.000000 0 0.6644 0.6754 0.3200 0.9627 0.3586 0.0000 806.018 54.308 238.953
9328 1.000000 0 0.6644 0.6754 0.3200 0.9627 0.3586 0.0000 806.018 54.309 238.953
9329 1.000000 0 0.6644 0.6754 0.3200 0.9627 0.3586 0.0000 806.018 54.309 238.953
9330 1.000000 0 0.6644 0.6755 0.3200 0.9627 0.3586 0.0000 806.018 54.310 238.953
9331 1.000000 0 0.6644 0.6755 0.3200 0.9627 0.3586 0.0000 806.018 54.310 238.953
9332 1.000000 0 0.6643 0.6755 0.3200 0.9627 0.3586 0.0000 806.018 54.311 238.953
9333 1.000000 0 0.6643 0.6755 0.3200 0.9627 0.3586 0.0000 806.018 54.311 238.953
9334 1.000000 0 0.6643 0.6755 0.3200 0.9627 0.3586 0.0000 806.018 54.311 238.953
9335 1.000000 0 0.6643 0.6755 0.3200 0.9627 0.3586 0.0000 806.018 54.312 238.953
9336 1.000000 0 0.6643 0.6755 0.3199 0.9627 0.3586 0.0000 806.018 54.312 238.953
9337 1.000000 0 0.6643 0.6755 0.3199 0.9627 0.3586 0.0000 806.018 54.312 238.953
9338 1.000000 0 0.6643 0.6756 0.3199 0.9627 0.3586 0.0000 806.018 54.312 238.953
9339 1.000000 0 0.6643 0.6756 0.3199 0.9627 0.3586 0.0000 806.018 54.312 238.953
9340 1.000000 0 0.6642 0.6756 0.3199 0.9627 0.3586 0.0000 806.018 54.312 238.953
9341 1.000000 0 0.6642 0.6756 0.3199 0.9627 0.3586 0.0000 806.018 54.312 238.953
9342 1.000000 0 0.6642 0.6756 0.3199 0.9627 0.3586 0.0000 806.018 54.312 238.953
9343 1.000000 0 0.6642 0.6756 0.3199 0.9627 0.3586 0.0000 806.018 54.312 238.953
9344 1.000000 0 0.6642 0.6756 0.3199 0.9627 0.3586 0.0000 806.018 54.312 238.953
9345 1.000000 0 0.6642 0.6756 0.3199 0.9627 0.3586 0.0000 806.018 54.312 238.953
9346 1.000000 0 0.6642 0.6757 0.3199 0.9627 0.3586 0.0000 806.018 54.312 238.953
9347 1.000000 0 0.6642 0.6757 0.3199 0.9627 0.3586 0.0000 806.018 54.312 238.953
9348 1.000000 0 0.6642 0.6757 0.3199 0.9627 0.3586 0.0000 806.018 54.312 238.953
9349 1.000000 0 0.6641 0.6757 0.3199 0.9627 0.3586 0.0000 806.018 54.312 238.953
9350 1.000000 0 0.6641 0.6757 0.3199 0.9627 0.3586 0.0000 806.018 54.312 238.953
9351 1.000000 0 0.6641 0.6757 0.3199 0.9627 0.3586 0.0000 806.018 54.312 238.953
9352 1.000000 0 0.6641 0.6757 0.3199 0.9627 0.3586 0.0000 806.018 54.312 238.953
9353 1.000000 0 0.6641 0.6757 0.3199 0.9627 0.3586 0.0000 806.018 54.312 238.953
9354 1.000000 0 0.6641 0.6758 0.3199 0.9627 0.3586 0.0000 806.018 54.312 238.953
9355 1.000000 0 0.6641 0.6758 0.3199 0.9627 0.3586 0.0000 806.018 54.312 238.953
9356 1.000000 0 0.6641 0.6758 0.3199 0.9627 0.3586 0.0000 806.018 54.312 238.953
9357 1.000000 0 0.6640 0.6758 0.3199 0.9627 0.3586 0.0000 806.018 54.312 238.953
9358 1.000000 0 0.6640 0.6758 0.3199 0.9627 0.3586 0.0000 806.018 54.312 238.953
9359 1.000000 0 0.6640 0.6758 0.3199 0.9627 0.3586 0.0000 806.018 54.312 238.953
9360 1.000000 0 0.6640 0.6759 0.3199 0.9627 0.3586 0.0000 806.018 54.312 238.953
9361 1.000000 0 0.6640 0.6759 0.3199 0.9627 0.3586 0.0000 806.018 54.312 238.953
9362 1.000000 0 0.6640 0.6759 0.3199 0.9627 0.3586 0.0000 806.018 54.312 238.953
9363 1.000000 0 0.6640 0.6759 0.3199 0.9627 0.3586 0.0000 806.018 54.312 238.953
9364 1.000000 0 0.6640 0.6759 0.3199 0.9627 0.3586 0.0000 806.018 54.312 238.953
9365 1.000000 0 0.6639 0.6759 0.3199 0.9627 0.3586 0.0000 806.018 54.312 238.953
9366 1.000000 0 0.6639 0.6759 0.3199 0.9627 0.3586 0.0000 806.018 54.312 238.953
9367 1.000000 0 0.6639 0.6759 0.3199 0.9627 0.3586 0.0000 806.018 54.312 238.953
9368 1.000000 0 0.6639 0.6759 0.3199 0.9627 0.3586 0.0000 806.018 54.312 238.953
9369 1.000000 0 0.6639 0.6760 0.3199 0.9627 0.3586 0.0000 806.018 54.312 238.953
9370 1.000000 0 0.6639 0.6760 0.3199 0.9627 0.3586 0.0000 806.018 54.312 238.953
9371 1.000000 0 0.6639 0.6760 0.3199 0.9627 0.3586 0.0000 806.018 54.312 238.953
9372 1.000000 0 0.6639 0.6760 0.3199 0.9627 0.3586 0.0000 806.018 54.312 238.953
9373 1.000000 0 0.6638 0.6760 0.3199 0.9627 0.3586 0.0000 806.018 54.312 238.953
9374 1.000000 0 0.6638 0.6760 0.3199 0.9627 0.3586 0.0000 806.018 54.312 238.953
9375 1.000000 0 0.6638 0.6760 0.3199 0.9627 0.3586 0.0000 806.018 54.312 238.953
9376 1.000000 0 0.6638 0.6760 0.3199 0.9627 0.3586 0.0000 806.018 54.312 238.953
9377 1.000000 0 0.6638 0.6761 0.3199 0.9627 0.3586 0.0000 806.018 54.312 238.953
9378 1.000000 0 0.6637 0.6762 0.3199 0.9627 0.3586 0.0000 806.018 54.312 238.953
9379 1.000000 0 0.6637 0.6762 0.3199 0.9627 0.3586 0.0000 806.018 54.312 238.953
9380 1.000000 0 0.6637 0.6762 0.3199 0.9627 0.3586 0.0000 806.018 54.312 238.953
9381 1.000000 0 0.6637 0.6762 0.3199 0.9627 0.3586 0.0000 806.018 54.312 238.953
9382 1.000000 0 0.6637 0.6762 0.3199 0.9627 0.3586 0.0000 806.018 54.312 238.953
9383 1.000000 0 0.6637 0.6762 0.3199 0.9627 0.3586 0.0000 806.018 54.312 238.953
9384 1.000000 0 0.6636 0.6762 0.3199 0.9627 0.3586 0.0000 806.018 54.312 238.953
9385 1.000000 0 0.6636 0.6762 0.3199 0.9627 0.3586 0.0000 806.018 54.312 238.953
9386 1.000000 0 0.6636 0.6762 0.3199 0.9627 0.3586 0.0000 806.018 54.312 238.953
9387 1.000000 0 0.6636 0.6763 0.3199 0.9627 0.3586 0.0000 806.018 54.312 238.953
9388 1.000000 0 0.6636 0.6763 0.3198 0.9627 0.3586 0.0000 806.018 54.312 238.953
9389 1.000000 0 0.6636 0.6763 0.3198 0.9627 0.3586 0.0000 806.018 54.312 238.953
9390 1.000000 0 0.6636 0.6763 0.3198 0.9627 0.3586 0.0000 806.018 54.312 238.953
9391 1.000000 0 0.6636 0.6763 0.3198 0.9627 0.3586 0.0000 806.018 54.312 238.953
9392 1.000000 0 0.6635 0.6763 0.3198 0.9627 0.3586 0.0000 806.018 54.312 238.953
9393 1.000000 0 0.6635 0.6763 0.3198 0.9627 0.3586 0.0000 806.018 54.312 238.953
9394 1.000000 0 0.6635 0.6763 0.3198 0.9627 0.3586 0.0000 806.018 54.312 238.953
9395 1.000000 0 0.6635 0.6764 0.3198 0.9627 0.3586 0.0000 806.018 54.312 238.953
9396 1.000000 0 0.6635 0.6764 0.3198 0.9627 0.3586 0.0000 806.018 54.312 238.953
9397 1.000000 0 0.6635 0.6764 0.3198 0.9627 0.3586 0.0000 806.018 54.312 238.953
9398 1.000000 0 0.6635 0.6764 0.3198 0.9627 0.3586 0.0000 806.018 54.312 238.953
9399 1.000000 0 0.6635 0.6764 0.3198 0.9627 0.3586 0.0000 806.018 54.312 238.953
9400 1.000000 0 0.6635 0.6764 0.3198 0.9627 0.3586 0.0000 806.018 54.312 238.953
9401 1.000000 0 0.6634 0.6764 0.3198 0.9627 0.3586 0.0000 806.018 54.312 238.953
9402 1.000000 0 0.6634 0.6764 0.3198 0.9627 0.3586 0.0000 806.018 54.312 238.953
9403 1.000000 0 0.6634 0.6765 0.3198 0.9627 0.3586 0.0000 806.018 54.312 238.953
9404 1.000000 0 0.6634 0.6765 0.3198 0.9627 0.3586 0.0000 806.018 54.312 238.953
9405 1.000000 0 0.6634 0.6765 0.3198 0.9627 0.3586 0.0000 806.018 54.312 238.953
9406 1.000000 0 0.6634 0.6765 0.3198 0.9627 0.3586 0.0000 806.018 54.312 238.953
9407 1.000000 0 0.6634 0.6765 0.3198 0.9627 0.3586 0.0000 806.018 54.312 238.953
9408 1.000000 0 0.6633 0.6765 0.3198 0.9627 0.3586 0.0000 806.018 54.312 238.953
9409 1.000000 0 0.6633 0.6765 0.3198 0.9627 0.3586 0.0000 806.018 54.312 238.953
9410 1.000000 0 0.6633 0.6766 0.3198 0.9627 0.3586 0.0000 806.018 54.312 238.953
9411 1.000000 0 0.6633 0.6766 0.3198 0.9627 0.3586 0.0000 806.018 54.312 238.953
9412 1.000000 0 0.6633 0.6766 0.3198 0.9627 0.3586 0.0000 806.018 54.312 238.953
9413 1.000000 0 0.6633 0.6766 0.3198 0.9627 0.3586 0.0000 806.018 54.312 238.953
9414 1.000000 0 0.6633 0.6766 0.3198 0.9627 0.3586 0.0000 806.018 54.312 238.953
9415 1.000000 0 0.6633 0.6766 0.3198 0.9627 0.3586 0.0000 806.018 54.312 238.953
9416 1.000000 0 0.6633 0.6766 0.3198 0.9627 0.3586 0.0000 806.018 54.312 238.953
9417 1.000000 0 0.6632 0.6767 0.3198 0.9627 0.3586 0.0000 806.018 54.312 238.953
9418 1.000000 0 0.6632 0.6767 0.3198 0.9627 0.3586 0.0000 806.018 54.312 238.953
9419 1.000000 0 0.6632 0.6767 0.3198 0.9627 0.3586 0.0000 806.018 54.312 238.953
9420 1.000000 0 0.6632 0.6767 0.3198 0.9627 0.3586 0.0000 806.018 54.312 238.953
9421 1.000000 0 0.6632 0.6767 0.3198 0.9627 0.3586 0.0000 806.018 54.312 238.953
9422 1.000000 0 0.6632 0.6767 0.3198 0.9627 0.3586 0.0000 806.018 54.312 238.953
9423 1.000000 0 0.6632 0.6767 0.3198 0.9627 0.3586 0.0000 806.018 54.312 238.953
9424 1.000000 0 0.6631 0.6767 0.3198 0.9627 0.3586 0.0000 806.018 54.312 238.953
9425 1.000000 0 0.6631 0.6768 0.3198 0.9627 0.3586 0.0000 806.018 54.312 238.953
9426 1.000000 0 0.6631 0.6768 0.3198 0.9627 0.3586 0.0000 806.018 54.312 238.953
9427 1.000000 0 0.6631 0.6768 0.3198 0.9627 0.3586 0.0000 806.018 54.312 238.953
9428 1.000000 0 0.6631 0.6768 0.3198 0.9627 0.3586 0.0000 806.018 54.312 238.953
9429 1.000000 0 0.6631 0.6768 0.3198 0.9627 0.3586 0.0000 806.018 54.312 238.953
9430 1.000000 0 0.6631 0.6768 0.3198 0.9627 0.3586 0.0000 806.018 54.312 238.953
9431 1.000000 0 0.6631 0.6768 0.3198 0.9627 0.3586 0.0000 806.018 54.312 238.953
9432 1.000000 0 0.6630 0.6768 0.3198 0.9627 0.3586 0.0000 806.018 54.312 238.953
9433 1.000000 0 0.6630 0.6769 0.3198 0.9627 0.3586 0.0000 806.018 54.312 238.953
9434 1.000000 0 0.6630 0.6769 0.3198 0.9627 0.3586 0.0000 806.018 54.312 238.953
9435 1.000000 0 0.6630 0.6769 0.3198 0.9627 0.3586 0.0000 806.018 54.312 238.953
9436 1.000000 0 0.6630 0.6769 0.3198 0.9627 0.3586 0.0000 806.018 54.312 238.953
9437 1.000000 0 0.6630 0.6769 0.3198 0.9627 0.3586 0.0000 806.018 54.312 238.953
9438 1.000000 0 0.6630 0.6769 0.3198 0.9627 0.3586 0.0000 806.018 54.312 238.953
9439 1.000000 0 0.6630 0.6769 0.3198 0.9627 0.3586 0.0000 806.018 54.312 238.953
9440 1.000000 0 0.6630 0.6769 0.3198 0.9627 0.3586 0.0000 806.018 54.312 238.953
9441 1.000000 0 0.6629 0.6770 0.3198 0.9627 0.3586 0.0000 806.018 54.312 238.953
9442 1.000000 0 0.6629 0.6770 0.3198 0.9627 0.3586 0.0000 806.018 54.312 238.953
9443 1.000000 0 0.6629 0.6770 0.3198 0.9627 0.3586 0.0000 806.018 54.312 238.953
9444 1.000000 0 0.6629 0.6770 0.3197 0.9627 0.3586 0.0000 806.018 54.312 238.953
9445 1.000000 0 0.6629 0.6770 0.3197 0.9627 0.3586 0.0000 806.018 54.312 238.953
9446 1.000000 0 0.6629 0.6770 0.3197 0.9627 0.3586 0.0000 806.018 54.312 238.953
9447 1.000000 0 0.6629 0.6770 0.3197 0.9627 0.3586 0.0000 806.018 54.312 238.953
9448 1.000000 0 0.6629 0.6770 0.3197 0.9627 0.3586 0.0000 806.018 54.312 238.953
9449 1.000000 0 0.6628 0.6771 0.3197 0.9627 0.3586 0.0000 806.018 54.312 238.953
9450 1.000000 0 0.6628 0.6771 0.3197 0.9627 0.3586 0.0000 806.018 54.312 238.953
9451 1.000000 0 0.6628 0.6771 0.3197 0.9627 0.3586 0.0000 806.018 54.312 238.953
9452 1.000000 0 0.6628 0.6771 0.3197 0.9627 0.3586 0.0000 806.018 54.312 238.953
9453 1.000000 0 0.6628 0.6771 0.3197 0.9627 0.3586 0.0000 806.018 54.312 238.953
9454 1.000000 0 0.6628 0.6771 0.3197 0.9627 0.3586 0.0000 806.018 54.312 238.953
9455 1.000000 0 0.6628 0.6771 0.3197 0.9627 0.3586 0.0000 806.018 54.312 238.953
9456 1.000000 0 0.6628 0.6771 0.3197 0.9627 0.3586 0.0000 806.018 54.312 238.953
9457 1.000000 0 0.6628 0.6772 0.3197 0.9627 0.3586 0.0000 806.018 54.312 238.953
9458 1.000000 0 0.6627 0.6772 0.3197 0.9627 0.3586 0.0000 806.018 54.312 238.953
9459 1.000000 0 0.6627 0.6772 0.3197 0.9627 0.3586 0.0000 806.018 54.312 238.953
9460 1.000000 0 0.6627 0.6772 0.3197 0.9627 0.3586 0.0000 806.018 54.312 238.953
9461 1.000000 0 0.6627 0.6772 0.3197 0.9627 0.3586 0.0000 806.018 54.312 238.953
9462 1.000000 0 0.6627 0.6772 0.3197 0.9627 0.3586 0.0000 806.018 54.312 238.953
9463 1.000000 0 0.6627 0.6772 0.3197 0.9627 0.3586 0.0000 806.018 54.312 238.953
9464 1.000000 0 0.6627 0.6772 0.3197 0.9627 0.3586 0.0000 806.018 54.312 238.953
9465 1.000000 0 0.6627 0.6773 0.3197 0.9627 0.3586 0.0000 806.018 54.312 238.953
9466 1.000000 0 0.6626 0.6773 0.3197 0.9627 0.3586 0.0000 806.018 54.312 238.953
9467 1.000000 0 0.6626 0.6773 0.3197 0.9627 0.3586 0.0000 806.018 54.312 238.953
9468 1.000000 0 0.6626 0.6773 0.3197 0.9627 0.3586 0.0000 806.018 54.312 238.953
9469 1.000000 0 0.6626 0.6773 0.3197 0.9627 0.3586 0.0000 806.018 54.312 238.953
9470 1.000000 0 0.6626 0.6773 0.3197 0.9627 0.3586 0.0000 806.018 54.312 238.953
9471 1.000000 0 0.6626 0.6773 0.3197 0.9627 0.3586 0.0000 806.018 54.312 238.953
9472 1.000000 0 0.6626 0.6774 0.3197 0.9627 0.3586 0.0000 806.018 54.312 238.953
9473 1.000000 0 0.6625 0.6774 0.3197 0.9627 0.3586 0.0000 806.018 54.312 238.953
9474 1.000000 0 0.6625 0.6774 0.3197 0.9627 0.3586 0.0000 806.018 54.312 238.953
9475 1.000000 0 0.6625 0.6774 0.3197 0.9627 0.3586 0.0000 806.018 54.312 238.953
9476 1.000000 0 0.6625 0.6774 0.3197 0.9627 0.3586 0.0000 806.018 54.312 238.953
9477 1.000000 0 0.6625 0.6774 0.3197 0.9627 0.3586 0.0000 806.018 54.312 238.953
9478 1.000000 0 0.6625 0.6774 0.3197 0.9627 0.3586 0.0000 806.018 54.312 238.953
9479 1.000000 0 0.6625 0.6774 0.3197 0.9627 0.3586 0.0000 806.018 54.312 238.953
9480 1.000000 0 0.6625 0.6775 0.3197 0.9627 0.3586 0.0000 806.018 54.358 238.953
9481 1.000000 0 0.6625 0.6775 0.3197 0.9627 0.3586 0.0000 806.018 54.381 238.952
9482 1.000000 0 0.6624 0.6775 0.3197 0.9627 0.3586 0.0000 806.019 54.416 238.952
9483 1.000000 0 0.6624 0.6775 0.3197 0.9627 0.3586 0.0000 806.019 54.450 238.951
9484 1.000000 0 0.6624 0.6775 0.3197 0.9627 0.3586 0.0000 806.005 54.483 238.947
9485 1.000000 0 0.6624 0.6775 0.3197 0.9627 0.3586 0.0000 805.991 54.516 238.942
9486 1.000000 0 0.6624 0.6775 0.3197 0.9627 0.3586 0.0000 805.985 54.548 238.941
9487 1.000000 0 0.6624 0.6775 0.3197 0.9627 0.3586 0.0000 805.979 54.579 238.940
9488 1.000000 0 0.6624 0.6776 0.3197 0.9627 0.3586 0.0000 805.978 54.614 238.941
9489 1.000000 0 0.6624 0.6776 0.3197 0.9627 0.3586 0.0000 805.978 54.639 238.942
9490 1.000000 0 0.6623 0.6776 0.3197 0.9627 0.3586 0.0000 805.968 54.672 238.939
9491 1.000000 0 0.6623 0.6776 0.3197 0.9627 0.3586 0.0000 805.961 54.695 238.937
9492 1.000000 0 0.6623 0.6776 0.3197 0.9627 0.3586 0.0000 805.968 54.719 238.941
9493 1.000000 0 0.6623 0.6776 0.3197 0.9627 0.3586 0.0000 805.980 54.751 238.948
9494 1.000000 0 0.6623 0.6776 0.3197 0.9627 0.3586 0.0000 805.985 54.764 238.950
9495 1.000000 0 0.6623 0.6776 0.3197 0.9627 0.3586 0.0000 805.996 54.795 238.957
9496 1.000000 0 0.6623 0.6777 0.3197 0.9627 0.3586 0.0000 806.001 54.807 238.959
9497 1.000000 0 0.6623 0.6777 0.3197 0.9627 0.3586 0.0000 806.009 54.829 238.964
9498 1.000000 0 0.6622 0.6777 0.3197 0.9627 0.3586 0.0000 806.015 54.850 238.967
9499 1.000000 0 0.6622 0.6777 0.3197 0.9627 0.3586 0.0000 806.024 54.879 238.971
9500 1.000000 0 0.6622 0.6777 0.3197 0.9627 0.3586 0.0000 806.026 54.890 238.972
9501 1.000000 0 0.6622 0.6777 0.3197 0.9627 0.3586 0.0000 806.031 54.911 238.974
9502 1.000000 0 0.6622 0.6777 0.3196 0.9627 0.3586 0.0000 806.035 54.931 238.974
9503 1.000000 0 0.6622 0.6777 0.3196 0.9627 0.3586 0.0000 806.039 54.951 238.975
9504 1.000000 0 0.6622 0.6778 0.3196 0.9627 0.3586 0.0000 806.041 54.969 238.974
9505 1.000000 0 0.6622 0.6778 0.3196 0.9627 0.3586 0.0000 806.045 54.996 238.972
9506 1.000000 0 0.6622 0.6778 0.3196 0.9627 0.3586 0.0000 806.046 55.006 238.971
9507 1.000000 0 0.6621 0.6778 0.3196 0.9627 0.3586 0.0000 806.050 55.024 238.970
9508 1.000000 0 0.6621 0.6778 0.3196 0.9627 0.3586 0.0000 806.052 55.040 238.968
9509 1.000000 0 0.6621 0.6778 0.3196 0.9627 0.3586 0.0000 806.055 55.056 238.967
9510 1.000000 0 0.6621 0.6778 0.3196 0.9627 0.3586 0.0000 806.058 55.071 238.965
9511 1.000000 0 0.6621 0.6778 0.3196 0.9627 0.3586 0.0000 806.060 55.085 238.964
9512 1.000000 0 0.6621 0.6779 0.3196 0.9627 0.3586 0.0000 806.065 55.091 238.963
9513 1.000000 0 0.6621 0.6779 0.3196 0.9627 0.3586 0.0000 806.070 55.096 238.963
9514 1.000000 0 0.6621 0.6779 0.3196 0.9627 0.3586 0.0000 806.074 55.098 238.962
9515 1.000000 0 0.6620 0.6779 0.3196 0.9627 0.3586 0.0000 806.078 55.099 238.962
9516 1.000000 0 0.6620 0.6779 0.3196 0.9627 0.3586 0.0000 806.082 55.100 238.961
9517 1.000000 0 0.6620 0.6779 0.3196 0.9627 0.3586 0.0000 806.086 55.101 238.961
9518 1.000000 0 0.6620 0.6779 0.3196 0.9627 0.3586 0.0000 806.089 55.102 238.960
9519 1.000000 0 0.6620 0.6779 0.3196 0.9627 0.3586 0.0000 806.092 55.103 238.959
9520 1.000000 0 0.6620 0.6779 0.3196 0.9627 0.3586 0.0000 806.096 55.104 238.958
9521 1.000000 0 0.6620 0.6780 0.3196 0.9627 0.3586 0.0000 806.099 55.105 238.957
9522 1.000000 0 0.6620 0.6780 0.3196 0.9627 0.3586 0.0000 806.101 55.106 238.956
9523 1.000000 0 0.6620 0.6780 0.3196 0.9627 0.3586 0.0000 806.104 55.107 238.956
9524 1.000000 0 0.6619 0.6780 0.3196 0.9627 0.3586 0.0000 806.106 55.108 238.954
9525 1.000000 0 0.6619 0.6780 0.3196 0.9627 0.3586 0.0000 806.108 55.108 238.953
9526 1.000000 0 0.6619 0.6780 0.3196 0.9627 0.3586 0.0000 806.109 55.109 238.952
9527 1.000000 0 0.6619 0.6780 0.3196 0.9627 0.3586 0.0000 806.112 55.110 238.950
9528 1.000000 0 0.6619 0.6780 0.3196 0.9627 0.3586 0.0000 806.112 55.110 238.949
9529 1.000000 0 0.6619 0.6781 0.3196 0.9627 0.3586 0.0000 806.114 55.110 238.947
9530 1.000000 0 0.6619 0.6781 0.3196 0.9627 0.3586 0.0000 806.115 55.110 238.946
9531 1.000000 0 0.6619 0.6781 0.3196 0.9627 0.3586 0.0000 806.115 55.111 238.944
9532 1.000000 0 0.6618 0.6781 0.3196 0.9627 0.3586 0.0000 806.116 55.111 238.942
9533 1.000000 0 0.6618 0.6781 0.3196 0.9627 0.3586 0.0000 806.116 55.111 238.941
9534 1.000000 0 0.6618 0.6781 0.3196 0.9627 0.3586 0.0000 806.117 55.109 238.939
9535 1.000000 0 0.6618 0.6781 0.3196 0.9627 0.3586 0.0000 806.117 55.108 238.937
9536 1.000000 0 0.6618 0.6781 0.3196 0.9627 0.3586 0.0000 806.104 55.104 238.933
9537 1.000000 0 0.6618 0.6782 0.3196 0.9627 0.3586 0.0000 806.090 55.100 238.928
9538 1.000000 0 0.6618 0.6782 0.3196 0.9627 0.3586 0.0000 806.090 55.092 238.925
9539 1.000000 0 0.6618 0.6782 0.3196 0.9627 0.3586 0.0000 806.089 55.091 238.924
9540 1.000000 0 0.6617 0.6782 0.3196 0.9627 0.3586 0.0000 806.080 55.086 238.921
9541 1.000000 0 0.6617 0.6782 0.3196 0.9627 0.3586 0.0000 806.069 55.081 238.917
9542 1.000000 0 0.6617 0.6782 0.3196 0.9627 0.3586 0.0000 806.069 55.074 238.915
9543 1.000000 0 0.6617 0.6782 0.3196 0.9627 0.3586 0.0000 806.069 55.067 238.913
9544 1.000000 0 0.6617 0.6782 0.3196 0.9627 0.3586 0.0000 806.067 55.058 238.911
9545 1.000000 0 0.6617 0.6783 0.3196 0.9627 0.3586 0.0000 806.065 55.047 238.908
9546 1.000000 0 0.6617 0.6783 0.3196 0.9627 0.3586 0.0000 806.065 55.038 238.907
9547 1.000000 0 0.6617 0.6783 0.3196 0.9627 0.3586 0.0000 806.066 55.029 238.905
9548 1.000000 0 0.6617 0.6783 0.3196 0.9627 0.3586 0.0000 806.063 55.017 238.902
9549 1.000000 0 0.6616 0.6783 0.3196 0.9627 0.3586 0.0000 806.060 55.004 238.900
9550 1.000000 0 0.6616 0.6783 0.3196 0.9627 0.3586 0.0000 806.060 54.992 238.898
9551 1.000000 0 0.6616 0.6783 0.3196 0.9627 0.3586 0.0000 806.061 54.980 238.896
9552 1.000000 0 0.6616 0.6783 0.3196 0.9627 0.3586 0.0000 806.057 54.964 238.894
9553 1.000000 0 0.6616 0.6784 0.3196 0.9627 0.3586 0.0000 806.053 54.950 238.891
9554 1.000000 0 0.6616 0.6784 0.3196 0.9627 0.3586 0.0000 806.054 54.928 238.889
9555 1.000000 0 0.6616 0.6784 0.3196 0.9627 0.3586 0.0000 806.054 54.920 238.888
9556 1.000000 0 0.6616 0.6784 0.3196 0.9627 0.3586 0.0000 806.050 54.902 238.885
9557 1.000000 0 0.6615 0.6784 0.3196 0.9627 0.3586 0.0000 806.045 54.885 238.882
9558 1.000000 0 0.6615 0.6784 0.3196 0.9627 0.3586 0.0000 806.045 54.867 238.880
9559 1.000000 0 0.6615 0.6784 0.3196 0.9627 0.3586 0.0000 806.045 54.846 238.878
9560 1.000000 0 0.6615 0.6785 0.3195 0.9627 0.3586 0.0000 806.033 54.808 238.873
9561 1.000000 0 0.6615 0.6785 0.3195 0.9627 0.3586 0.0000 806.032 54.805 238.873
9562 1.000000 0 0.6615 0.6785 0.3195 0.9627 0.3586 0.0000 806.033 54.787 238.872
9563 1.000000 0 0.6615 0.6785 0.3195 0.9627 0.3586 0.0000 806.033 54.768 238.871
9564 1.000000 0 0.6615 0.6785 0.3195 0.9627 0.3586 0.0000 806.020 54.745 238.866
9565 1.000000 0 0.6615 0.6785 0.3195 0.9627 0.3586 0.0000 806.006 54.724 238.862
9566 1.000000 0 0.6614 0.6785 0.3195 0.9627 0.3586 0.0000 806.006 54.649 238.862
9567 1.000000 0 0.6614 0.6785 0.3195 0.9627 0.3586 0.0000 806.007 54.555 238.863
9568 1.000000 0 0.6614 0.6785 0.3195 0.9627 0.3586 0.0000 806.008 54.543 238.865
9569 1.000000 0 0.6614 0.6786 0.3195 0.9627 0.3586 0.0000 806.011 54.518 238.868
9570 1.000000 0 0.6614 0.6786 0.3195 0.9627 0.3586 0.0000 806.015 54.493 238.872
9571 1.000000 0 0.6614 0.6786 0.3195 0.9627 0.3586 0.0000 806.018 54.469 238.875
9572 1.000000 0 0.6614 0.6786 0.3195 0.9627 0.3586 0.0000 806.021 54.442 238.878
9573 1.000000 0 0.6613 0.6786 0.3195 0.9627 0.3586 0.0000 806.026 54.402 238.883
9574 1.000000 0 0.6613 0.6786 0.3195 0.9627 0.3586 0.0000 806.028 54.388 238.885
9575 1.000000 0 0.6613 0.6786 0.3195 0.9627 0.3586 0.0000 806.030 54.356 238.889
9576 1.000000 0 0.6613 0.6786 0.3195 0.9627 0.3586 0.0000 806.027 54.349 238.890
9577 1.000000 0 0.6613 0.6787 0.3195 0.9627 0.3586 0.0000 806.023 54.336 238.894
9578 1.000000 0 0.6613 0.6787 0.3195 0.9627 0.3586 0.0000 806.025 54.333 238.896
9579 1.000000 0 0.6613 0.6787 0.3195 0.9627 0.3586 0.0000 806.030 54.328 238.900
9580 1.000000 0 0.6613 0.6787 0.3195 0.9627 0.3586 0.0000 806.030 54.318 238.902
9581 1.000000 0 0.6613 0.6787 0.3195 0.9627 0.3586 0.0000 806.030 54.309 238.903
9582 1.000000 0 0.6612 0.6787 0.3195 0.9627 0.3586 0.0000 806.029 54.321 238.906
9583 1.000000 0 0.6612 0.6787 0.3195 0.9627 0.3586 0.0000 806.029 54.327 238.907
9584 1.000000 0 0.6612 0.6787 0.3195 0.9627 0.3586 0.0000 806.029 54.327 238.908
9585 1.000000 0 0.6612 0.6788 0.3195 0.9627 0.3586 0.0000 806.029 54.326 238.910
9586 1.000000 0 0.6612 0.6788 0.3195 0.9627 0.3586 0.0000 806.027 54.331 238.912
9587 1.000000 0 0.6612 0.6788 0.3195 0.9627 0.3586 0.0000 806.026 54.337 238.915
9588 1.000000 0 0.6612 0.6788 0.3195 0.9627 0.3586 0.0000 806.024 54.335 238.916
9589 1.000000 0 0.6612 0.6788 0.3195 0.9627 0.3586 0.0000 806.023 54.332 238.917
9590 1.000000 0 0.6612 0.6788 0.3195 0.9627 0.3586 0.0000 806.023 54.331 238.918
9591 1.000000 0 0.6611 0.6788 0.3195 0.9627 0.3586 0.0000 806.023 54.328 238.920
9592 1.000000 0 0.6611 0.6789 0.3195 0.9627 0.3586 0.0000 806.023 54.324 238.922
9593 1.000000 0 0.6611 0.6789 0.3195 0.9627 0.3586 0.0000 806.024 54.325 238.924
9594 1.000000 0 0.6611 0.6789 0.3195 0.9627 0.3586 0.0000 806.023 54.328 238.925
9595 1.000000 0 0.6611 0.6789 0.3195 0.9627 0.3586 0.0000 806.023 54.334 238.926
9596 1.000000 0 0.6611 0.6789 0.3195 0.9627 0.3586 0.0000 806.021 54.332 238.927
9597 1.000000 0 0.6611 0.6789 0.3195 0.9627 0.3586 0.0000 806.019 54.330 238.927
9598 1.000000 0 0.6611 0.6789 0.3195 0.9627 0.3586 0.0000 806.020 54.327 238.927
9599 1.000000 0 0.6610 0.6789 0.3195 0.9627 0.3586 0.0000 806.021 54.323 238.927
9600 1.000000 0 0.6610 0.6789 0.3195 0.9627 0.3586 0.0000 806.023 54.322 238.927
9601 1.000000 0 0.6610 0.6790 0.3195 0.9627 0.3586 0.0000 806.024 54.321 238.927
9602 1.000000 0 0.6610 0.6790 0.3195 0.9627 0.3586 0.0000 806.023 54.329 238.929
9603 1.000000 0 0.6610 0.6790 0.3195 0.9627 0.3586 0.0000 806.022 54.332 238.930
9604 1.000000 0 0.6610 0.6790 0.3195 0.9627 0.3586 0.0000 806.020 54.331 238.929
9605 1.000000 0 0.6610 0.6790 0.3195 0.9627 0.3586 0.0000 806.019 54.330 238.928
9606 1.000000 0 0.6610 0.6790 0.3195 0.9627 0.3586 0.0000 806.019 54.327 238.928
9607 1.000000 0 0.6609 0.6790 0.3195 0.9627 0.3586 0.0000 806.020 54.324 238.928
9608 1.000000 0 0.6609 0.6790 0.3195 0.9627 0.3586 0.0000 806.022 54.322 238.928
9609 1.000000 0 0.6609 0.6791 0.3195 0.9627 0.3586 0.0000 806.023 54.323 238.929
9610 1.000000 0 0.6609 0.6791 0.3195 0.9627 0.3586 0.0000 806.023 54.326 238.930
9611 1.000000 0 0.6609 0.6791 0.3195 0.9627 0.3586 0.0000 806.022 54.332 238.931
9612 1.000000 0 0.6609 0.6791 0.3195 0.9627 0.3586 0.0000 806.021 54.330 238.930
9613 1.000000 0 0.6609 0.6791 0.3195 0.9627 0.3586 0.0000 806.019 54.328 238.929
9614 1.000000 0 0.6609 0.6791 0.3195 0.9627 0.3586 0.0000 806.020 54.325 238.929
9615 1.000000 0 0.6609 0.6791 0.3195 0.9627 0.3586 0.0000 806.021 54.321 238.929
9616 1.000000 0 0.6608 0.6791 0.3195 0.9627 0.3586 0.0000 806.023 54.321 238.929
9617 1.000000 0 0.6608 0.6792 0.3195 0.9627 0.3586 0.0000 806.025 54.320 238.930
9618 1.000000 0 0.6608 0.6792 0.3195 0.9627 0.3586 0.0000 806.023 54.325 238.931
9619 1.000000 0 0.6608 0.6792 0.3195 0.9627 0.3586 0.0000 806.022 54.330 238.932
9620 1.000000 0 0.6608 0.6792 0.3194 0.9627 0.3586 0.0000 806.020 54.330 238.931
9621 1.000000 0 0.6608 0.6792 0.3194 0.9627 0.3586 0.0000 806.019 54.326 238.931
9622 1.000000 0 0.6608 0.6792 0.3194 0.9627 0.3586 0.0000 806.019 54.325 238.931
9623 1.000000 0 0.6607 0.6792 0.3194 0.9627 0.3586 0.0000 806.022 54.321 238.931
9624 1.000000 0 0.6607 0.6792 0.3194 0.9627 0.3586 0.0000 806.022 54.321 238.931
9625 1.000000 0 0.6607 0.6793 0.3194 0.9627 0.3586 0.0000 806.022 54.320 238.931
9626 1.000000 0 0.6607 0.6793 0.3194 0.9627 0.3586 0.0000 806.022 54.320 238.931
9627 1.000000 0 0.6607 0.6793 0.3194 0.9627 0.3586 0.0000 806.023 54.319 238.931
9628 1.000000 0 0.6607 0.6793 0.3194 0.9627 0.3586 0.0000 806.023 54.318 238.931
9629 1.000000 0 0.6607 0.6793 0.3194 0.9627 0.3586 0.0000 806.022 54.322 238.932
9630 1.000000 0 0.6607 0.6793 0.3194 0.9627 0.3586 0.0000 806.021 54.327 238.933
9631 1.000000 0 0.6606 0.6794 0.3194 0.9627 0.3586 0.0000 806.019 54.324 238.932
9632 1.000000 0 0.6606 0.6794 0.3194 0.9627 0.3586 0.0000 806.019 54.323 238.932
9633 1.000000 0 0.6606 0.6794 0.3194 0.9627 0.3586 0.0000 806.021 54.318 238.931
9634 1.000000 0 0.6606 0.6794 0.3194 0.9627 0.3586 0.0000 806.021 54.318 238.931
9635 1.000000 0 0.6606 0.6794 0.3194 0.9627 0.3586 0.0000 806.022 54.318 238.932
9636 1.000000 0 0.6606 0.6794 0.3194 0.9627 0.3586 0.0000 806.024 54.319 238.932
9637 1.000000 0 0.6606 0.6794 0.3194 0.9627 0.3586 0.0000 806.022 54.326 238.934
9638 1.000000 0 0.6606 0.6794 0.3194 0.9627 0.3586 0.0000 806.021 54.330 238.934
9639 1.000000 0 0.6606 0.6794 0.3194 0.9627 0.3586 0.0000 806.020 54.329 238.934
9640 1.000000 0 0.6605 0.6795 0.3194 0.9627 0.3586 0.0000 806.018 54.328 238.933
9641 1.000000 0 0.6605 0.6795 0.3194 0.9627 0.3586 0.0000 806.019 54.325 238.933
9642 1.000000 0 0.6605 0.6795 0.3194 0.9627 0.3586 0.0000 806.020 54.321 238.933
9643 1.000000 0 0.6605 0.6795 0.3194 0.9627 0.3586 0.0000 806.021 54.320 238.933
9644 1.000000 0 0.6605 0.6795 0.3194 0.9627 0.3586 0.0000 806.023 54.319 238.933
9645 1.000000 0 0.6605 0.6795 0.3194 0.9627 0.3586 0.0000 806.022 54.319 238.933
9646 1.000000 0 0.6605 0.6795 0.3194 0.9627 0.3586 0.0000 806.022 54.319 238.933
9647 1.000000 0 0.6605 0.6795 0.3194 0.9627 0.3586 0.0000 806.022 54.318 238.933
9648 1.000000 0 0.6604 0.6796 0.3194 0.9627 0.3586 0.0000 806.023 54.317 238.933
9649 1.000000 0 0.6604 0.6796 0.3194 0.9627 0.3586 0.0000 806.022 54.321 238.934
9650 1.000000 0 0.6604 0.6796 0.3194 0.9627 0.3586 0.0000 806.021 54.326 238.936
9651 1.000000 0 0.6604 0.6796 0.3194 0.9627 0.3586 0.0000 806.019 54.326 238.935
9652 1.000000 0 0.6604 0.6796 0.3194 0.9627 0.3586 0.0000 806.018 54.325 238.935
9653 1.000000 0 0.6604 0.6796 0.3194 0.9627 0.3586 0.0000 806.018 54.322 238.934
9654 1.000000 0 0.6604 0.6796 0.3194 0.9627 0.3586 0.0000 806.019 54.319 238.934
9655 1.000000 0 0.6604 0.6796 0.3194 0.9627 0.3586 0.0000 806.021 54.319 238.934
9656 1.000000 0 0.6604 0.6797 0.3194 0.9627 0.3586 0.0000 806.022 54.319 238.934
9657 1.000000 0 0.6603 0.6797 0.3194 0.9627 0.3586 0.0000 806.021 54.325 238.936
9658 1.000000 0 0.6603 0.6797 0.3194 0.9627 0.3586 0.0000 806.021 54.330 238.937
9659 1.000000 0 0.6603 0.6797 0.3194 0.9627 0.3586 0.0000 806.019 54.329 238.936
9660 1.000000 0 0.6603 0.6797 0.3194 0.9627 0.3586 0.0000 806.017 54.328 238.936
9661 1.000000 0 0.6603 0.6797 0.3194 0.9627 0.3586 0.0000 806.018 54.323 238.935
9662 1.000000 0 0.6603 0.6797 0.3194 0.9627 0.3586 0.0000 806.019 54.321 238.935
9663 1.000000 0 0.6603 0.6797 0.3194 0.9627 0.3586 0.0000 806.020 54.320 238.935
9664 1.000000 0 0.6603 0.6798 0.3194 0.9627 0.3586 0.0000 806.022 54.319 238.935
9665 1.000000 0 0.6602 0.6798 0.3194 0.9627 0.3586 0.0000 806.021 54.325 238.937
9666 1.000000 0 0.6602 0.6798 0.3194 0.9627 0.3586 0.0000 806.021 54.329 238.938
9667 1.000000 0 0.6602 0.6798 0.3194 0.9627 0.3586 0.0000 806.019 54.328 238.937
9668 1.000000 0 0.6602 0.6798 0.3194 0.9627 0.3586 0.0000 806.018 54.326 238.936
9669 1.000000 0 0.6602 0.6798 0.3194 0.9627 0.3586 0.0000 806.019 54.321 238.936
9670 1.000000 0 0.6602 0.6798 0.3194 0.9627 0.3586 0.0000 806.020 54.319 238.936
9671 1.000000 0 0.6602 0.6798 0.3194 0.9627 0.3586 0.0000 806.021 54.318 238.936
9672 1.000000 0 0.6602 0.6799 0.3194 0.9627 0.3586 0.0000 806.023 54.318 238.937
9673 1.000000 0 0.6601 0.6799 0.3194 0.9627 0.3586 0.0000 806.021 54.325 238.938
9674 1.000000 0 0.6601 0.6799 0.3194 0.9627 0.3586 0.0000 806.021 54.328 238.939
9675 1.000000 0 0.6601 0.6799 0.3194 0.9627 0.3586 0.0000 806.019 54.327 238.938
9676 1.000000 0 0.6601 0.6799 0.3194 0.9627 0.3586 0.0000 806.017 54.327 238.938
9677 1.000000 0 0.6601 0.6799 0.3194 0.9627 0.3586 0.0000 806.018 54.323 238.938
9678 1.000000 0 0.6601 0.6799 0.3193 0.9627 0.3586 0.0000 806.019 54.320 238.937
9679 1.000000 0 0.6601 0.6799 0.3193 0.9627 0.3586 0.0000 806.021 54.318 238.938
9680 1.000000 0 0.6601 0.6800 0.3193 0.9627 0.3586 0.0000 806.022 54.318 238.938
9681 1.000000 0 0.6601 0.6800 0.3193 0.9627 0.3586 0.0000 806.021 54.323 238.939
9682 1.000000 0 0.6600 0.6800 0.3193 0.9627 0.3586 0.0000 806.020 54.328 238.940
9683 1.000000 0 0.6600 0.6800 0.3193 0.9627 0.3586 0.0000 806.018 54.328 238.940
9684 1.000000 0 0.6600 0.6800 0.3193 0.9627 0.3586 0.0000 806.017 54.327 238.939
9685 1.000000 0 0.6600 0.6800 0.3193 0.9627 0.3586 0.0000 806.018 54.323 238.939
9686 1.000000 0 0.6600 0.6800 0.3193 0.9627 0.3586 0.0000 806.018 54.320 238.939
9687 1.000000 0 0.6600 0.6800 0.3193 0.9627 0.3586 0.0000 806.020 54.319 238.939
9688 1.000000 0 0.6600 0.6801 0.3193 0.9627 0.3586 0.0000 806.021 54.317 238.939
9689 1.000000 0 0.6600 0.6801 0.3193 0.9627 0.3586 0.0000 806.021 54.323 238.940
9690 1.000000 0 0.6599 0.6801 0.3193 0.9627 0.3586 0.0000 806.019 54.328 238.941
9691 1.000000 0 0.6599 0.6801 0.3193 0.9627 0.3586 0.0000 806.018 54.327 238.941
9692 1.000000 0 0.6599 0.6801 0.3193 0.9627 0.3586 0.0000 806.016 54.326 238.940
9693 1.000000 0 0.6599 0.6801 0.3193 0.9627 0.3586 0.0000 806.017 54.323 238.940
9694 1.000000 0 0.6599 0.6801 0.3193 0.9627 0.3586 0.0000 806.018 54.320 238.940
9695 1.000000 0 0.6599 0.6801 0.3193 0.9627 0.3586 0.0000 806.020 54.318 238.940
9696 1.000000 0 0.6599 0.6801 0.3193 0.9627 0.3586 0.0000 806.021 54.317 238.940
9697 1.000000 0 0.6599 0.6802 0.3193 0.9627 0.3586 0.0000 806.020 54.323 238.941
9698 1.000000 0 0.6598 0.6802 0.3193 0.9627 0.3586 0.0000 806.020 54.328 238.943
9699 1.000000 0 0.6598 0.6802 0.3193 0.9627 0.3586 0.0000 806.018 54.326 238.942
9700 1.000000 0 0.6598 0.6802 0.3193 0.9627 0.3586 0.0000 806.017 54.324 238.941
9701 1.000000 0 0.6598 0.6802 0.3193 0.9627 0.3586 0.0000 806.018 54.321 238.941
9702 1.000000 0 0.6598 0.6802 0.3193 0.9627 0.3586 0.0000 806.019 54.317 238.940
9703 1.000000 0 0.6598 0.6802 0.3193 0.9627 0.3586 0.0000 806.021 54.316 238.941
9704 1.000000 0 0.6598 0.6802 0.3193 0.9627 0.3586 0.0000 806.022 54.316 238.941
9705 1.000000 0 0.6598 0.6803 0.3193 0.9627 0.3586 0.0000 806.021 54.321 238.942
9706 1.000000 0 0.6597 0.6803 0.3193 0.9627 0.3586 0.0000 806.019 54.326 238.943
9707 1.000000 0 0.6597 0.6803 0.3193 0.9627 0.3586 0.0000 806.019 54.325 238.943
9708 1.000000 0 0.6597 0.6803 0.3193 0.9627 0.3586 0.0000 806.017 54.323 238.942
9709 1.000000 0 0.6597 0.6803 0.3193 0.9627 0.3586 0.0000 806.018 54.320 238.941
9710 1.000000 0 0.6597 0.6803 0.3193 0.9627 0.3586 0.0000 806.019 54.316 238.941
9711 1.000000 0 0.6597 0.6803 0.3193 0.9627 0.3586 0.0000 806.021 54.316 238.941
9712 1.000000 0 0.6597 0.6803 0.3193 0.9627 0.3586 0.0000 806.023 54.315 238.942
9713 1.000000 0 0.6597 0.6804 0.3193 0.9627 0.3586 0.0000 806.021 54.320 238.943
9714 1.000000 0 0.6597 0.6804 0.3193 0.9627 0.3586 0.0000 806.020 54.326 238.944
9715 1.000000 0 0.6596 0.6804 0.3193 0.9627 0.3586 0.0000 806.018 54.324 238.943
9716 1.000000 0 0.6596 0.6804 0.3193 0.9627 0.3586 0.0000 806.017 54.322 238.942
9717 1.000000 0 0.6596 0.6804 0.3193 0.9627 0.3586 0.0000 806.018 54.319 238.942
9718 1.000000 0 0.6596 0.6804 0.3193 0.9627 0.3586 0.0000 806.019 54.316 238.942
9719 1.000000 0 0.6596 0.6804 0.3193 0.9627 0.3586 0.0000 806.021 54.315 238.942
9720 1.000000 0 0.6596 0.6805 0.3193 0.9627 0.3586 0.0000 806.022 54.317 238.943
9721 1.000000 0 0.6596 0.6805 0.3193 0.9627 0.3586 0.0000 806.021 54.320 238.944
9722 1.000000 0 0.6596 0.6805 0.3193 0.9627 0.3586 0.0000 806.019 54.325 238.945
9723 1.000000 0 0.6596 0.6805 0.3193 0.9627 0.3586 0.0000 806.018 54.325 238.944
9724 1.000000 0 0.6595 0.6805 0.3193 0.9627 0.3586 0.0000 806.016 54.324 238.944
9725 1.000000 0 0.6595 0.6805 0.3193 0.9627 0.3586 0.0000 806.017 54.321 238.944
9726 1.000000 0 0.6595 0.6805 0.3193 0.9627 0.3586 0.0000 806.018 54.317 238.943
9727 1.000000 0 0.6595 0.6805 0.3193 0.9627 0.3586 0.0000 806.020 54.316 238.943
9728 1.000000 0 0.6595 0.6805 0.3193 0.9627 0.3586 0.0000 806.021 54.315 238.944
9729 1.000000 0 0.6595 0.6806 0.3193 0.9627 0.3586 0.0000 806.020 54.320 238.945
9730 1.000000 0 0.6595 0.6806 0.3193 0.9627 0.3586 0.0000 806.019 54.326 238.946
9731 1.000000 0 0.6595 0.6806 0.3193 0.9627 0.3586 0.0000 806.018 54.324 238.945
9732 1.000000 0 0.6594 0.6806 0.3193 0.9627 0.3586 0.0000 806.017 54.322 238.944
9733 1.000000 0 0.6594 0.6806 0.3193 0.9627 0.3586 0.0000 806.018 54.319 238.944
9734 1.000000 0 0.6594 0.6806 0.3193 0.9627 0.3586 0.0000 806.018 54.315 238.944
9735 1.000000 0 0.6594 0.6806 0.3193 0.9627 0.3586 0.0000 806.021 54.315 238.944
9736 1.000000 0 0.6594 0.6806 0.3193 0.9627 0.3586 0.0000 806.022 54.314 238.945
9737 1.000000 0 0.6594 0.6807 0.3192 0.9627 0.3586 0.0000 806.021 54.315 238.944
9738 1.000000 0 0.6594 0.6807 0.3192 0.9627 0.3586 0.0000 806.020 54.315 238.944
9739 1.000000 0 0.6594 0.6807 0.3192 0.9627 0.3586 0.0000 806.020 54.314 238.944
9740 1.000000 0 0.6593 0.6807 0.3192 0.9627 0.3586 0.0000 806.020 54.313 238.944
9741 1.000000 0 0.6593 0.6807 0.3192 0.9627 0.3586 0.0000 806.020 54.312 238.944
9742 1.000000 0 0.6593 0.6807 0.3192 0.9627 0.3586 0.0000 806.020 54.310 238.944
9743 1.000000 0 0.6593 0.6807 0.3192 0.9627 0.3586 0.0000 806.020 54.309 238.944
9744 1.000000 0 0.6593 0.6807 0.3192 0.9627 0.3586 0.0000 806.020 54.308 238.944
9745 1.000000 0 0.6593 0.6808 0.3192 0.9627 0.3586 0.0000 806.020 54.307 238.944
9746 1.000000 0 0.6593 0.6808 0.3192 0.9627 0.3586 0.0000 806.020 54.306 238.944
9747 1.000000 0 0.6593 0.6808 0.3192 0.9627 0.3586 0.0000 806.020 54.306 238.944
9748 1.000000 0 0.6593 0.6808 0.3192 0.9627 0.3586 0.0000 806.020 54.305 238.944
9749 1.000000 0 0.6592 0.6808 0.3192 0.9627 0.3586 0.0000 806.020 54.305 238.944
9750 1.000000 0 0.6592 0.6808 0.3192 0.9627 0.3586 0.0000 806.020 54.305 238.944
9751 1.000000 0 0.6592 0.6808 0.3192 0.9627 0.3586 0.0000 806.020 54.306 238.944
9752 1.000000 0 0.6592 0.6808 0.3192 0.9627 0.3586 0.0000 806.020 54.306 238.944
9753 1.000000 0 0.6592 0.6809 0.3192 0.9627 0.3586 0.0000 806.020 54.307 238.944
9754 1.000000 0 0.6592 0.6809 0.3192 0.9627 0.3586 0.0000 806.020 54.308 238.944
9755 1.000000 0 0.6592 0.6809 0.3192 0.9627 0.3586 0.0000 806.020 54.308 238.944
9756 1.000000 0 0.6592 0.6809 0.3192 0.9627 0.3586 0.0000 806.020 54.309 238.944
9757 1.000000 0 0.6591 0.6809 0.3192 0.9627 0.3586 0.0000 806.020 54.309 238.944
9758 1.000000 0 0.6591 0.6809 0.3192 0.9627 0.3586 0.0000 806.020 54.310 238.944
9759 1.000000 0 0.6591 0.6809 0.3192 0.9627 0.3586 0.0000 806.020 54.311 238.944
9760 1.000000 0 0.6591 0.6809 0.3192 0.9627 0.3586 0.0000 806.020 54.312 238.944
9761 1.000000 0 0.6591 0.6810 0.3192 0.9627 0.3586 0.0000 806.020 54.312 238.944
9762 1.000000 0 0.6591 0.6810 0.3192 0.9627 0.3586 0.0000 806.020 54.313 238.944
9763 1.000000 0 0.6591 0.6810 0.3192 0.9627 0.3586 0.0000 806.020 54.313 238.944
9764 1.000000 0 0.6591 0.6810 0.3192 0.9627 0.3586 0.0000 806.020 54.314 238.944
9765 1.000000 0 0.6590 0.6810 0.3192 0.9627 0.3586 0.0000 806.020 54.314 238.944
9766 1.000000 0 0.6590 0.6810 0.3192 0.9627 0.3586 0.0000 806.020 54.315 238.944
9767 1.000000 0 0.6590 0.6810 0.3192 0.9627 0.3586 0.0000 806.020 54.315 238.944
9768 1.000000 0 0.6590 0.6810 0.3192 0.9627 0.3586 0.0000 806.020 54.315 238.944
9769 1.000000 0 0.6590 0.6811 0.3192 0.9627 0.3586 0.0000 806.020 54.315 238.944
9770 1.000000 0 0.6590 0.6811 0.3192 0.9627 0.3586 0.0000 806.020 54.315 238.944
9771 1.000000 0 0.6590 0.6811 0.3192 0.9627 0.3586 0.0000 806.020 54.316 238.944
9772 1.000000 0 0.6590 0.6811 0.3192 0.9627 0.3586 0.0000 806.020 54.316 238.944
9773 1.000000 0 0.6589 0.6811 0.3192 0.9627 0.3586 0.0000 806.020 54.316 238.944
9774 1.000000 0 0.6589 0.6812 0.3192 0.9627 0.3586 0.0000 806.020 54.316 238.944
9775 1.000000 0 0.6588 0.6812 0.3192 0.9627 0.3586 0.0000 806.020 54.316 238.944
9776 1.000000 0 0.6588 0.6813 0.3192 0.9627 0.3586 0.0000 806.020 54.316 238.944
9777 1.000000 0 0.6588 0.6813 0.3192 0.9627 0.3586 0.0000 806.020 54.316 238.944
9778 1.000000 0 0.6588 0.6813 0.3192 0.9627 0.3586 0.0000 806.020 54.316 238.944
9779 1.000000 0 0.6588 0.6813 0.3192 0.9627 0.3586 0.0000 806.020 54.316 238.944
9780 1.000000 0 0.6588 0.6813 0.3192 0.9627 0.3586 0.0000 806.020 54.316 238.944
9781 1.000000 0 0.6587 0.6813 0.3192 0.9627 0.3586 0.0000 806.020 54.316 238.944
9782 1.000000 0 0.6587 0.6813 0.3192 0.9627 0.3586 0.0000 806.020 54.316 238.944
9783 1.000000 0 0.6587 0.6813 0.3192 0.9627 0.3586 0.0000 806.020 54.316 238.944
9784 1.000000 0 0.6587 0.6814 0.3192 0.9627 0.3586 0.0000 806.020 54.316 238.944
9785 1.000000 0 0.6587 0.6814 0.3192 0.9627 0.3586 0.0000 806.020 54.316 238.944
9786 1.000000 0 0.6587 0.6814 0.3191 0.9627 0.3586 0.0000 806.020 54.316 238.944
9787 1.000000 0 0.6587 0.6814 0.3191 0.9627 0.3586 0.0000 806.020 54.316 238.944
9788 1.000000 0 0.6587 0.6814 0.3191 0.9627 0.3586 0.0000 806.020 54.316 238.944
9789 1.000000 0 0.6586 0.6814 0.3191 0.9627 0.3586 0.0000 806.020 54.316 238.944
9790 1.000000 0 0.6586 0.6814 0.3191 0.9627 0.3586 0.0000 806.020 54.316 238.944
9791 1.000000 0 0.6586 0.6815 0.3191 0.9627 0.3586 0.0000 806.020 54.316 238.944
9792 1.000000 0 0.6586 0.6815 0.3191 0.9627 0.3586 0.0000 806.020 54.316 238.944
9793 1.000000 0 0.6586 0.6815 0.3191 0.9627 0.3586 0.0000 806.020 54.316 238.944
9794 1.000000 0 0.6586 0.6815 0.3191 0.9627 0.3586 0.0000 806.020 54.316 238.944
9795 1.000000 0 0.6586 0.6815 0.3191 0.9627 0.3586 0.0000 806.020 54.316 238.944
9796 1.000000 0 0.6586 0.6815 0.3191 0.9627 0.3586 0.0000 806.020 54.316 238.944
9797 1.000000 0 0.6585 0.6815 0.3191 0.9627 0.3586 0.0000 806.020 54.316 238.944
9798 1.000000 0 0.6585 0.6815 0.3191 0.9627 0.3586 0.0000 806.020 54.316 238.944
9799 1.000000 0 0.6585 0.6816 0.3191 0.9627 0.3586 0.0000 806.020 54.316 238.944
9800 1.000000 0 0.6585 0.6816 0.3191 0.9627 0.3586 0.0000 806.020 54.316 238.944
9801 1.000000 0 0.6585 0.6816 0.3191 0.9627 0.3586 0.0000 806.020 54.316 238.944
9802 1.000000 0 0.6585 0.6816 0.3191 0.9627 0.3586 0.0000 806.020 54.316 238.944
9803 1.000000 0 0.6585 0.6816 0.3191 0.9627 0.3586 0.0000 806.020 54.316 238.944
9804 1.000000 0 0.6585 0.6816 0.3191 0.9627 0.3586 0.0000 806.020 54.316 238.944
9805 1.000000 0 0.6584 0.6816 0.3191 0.9627 0.3586 0.0000 806.020 54.316 238.944
9806 1.000000 0 0.6584 0.6816 0.3191 0.9627 0.3586 0.0000 806.020 54.316 238.944
9807 1.000000 0 0.6584 0.6816 0.3191 0.9627 0.3586 0.0000 806.020 54.316 238.944
9808 1.000000 0 0.6584 0.6817 0.3191 0.9627 0.3586 0.0000 806.020 54.316 238.944
9809 1.000000 0 0.6584 0.6817 0.3191 0.9627 0.3586 0.0000 806.020 54.316 238.944
9810 1.000000 0 0.6584 0.6817 0.3191 0.9627 0.3586 0.0000 806.020 54.316 238.944
9811 1.000000 0 0.6584 0.6817 0.3191 0.9627 0.3586 0.0000 806.020 54.316 238.944
9812 1.000000 0 0.6583 0.6818 0.3191 0.9627 0.3586 0.0000 806.020 54.316 238.944
9813 1.000000 0 0.6583 0.6818 0.3191 0.9627 0.3586 0.0000 806.020 54.316 238.944
9814 1.000000 0 0.6582 0.6818 0.3191 0.9627 0.3586 0.0000 806.020 54.316 238.944
9815 1.000000 0 0.6582 0.6819 0.3191 0.9627 0.3586 0.0000 806.020 54.316 238.944
9816 1.000000 0 0.6582 0.6819 0.3191 0.9627 0.3586 0.0000 806.020 54.316 238.944
9817 1.000000 0 0.6582 0.6819 0.3191 0.9627 0.3586 0.0000 806.020 54.316 238.944
9818 1.000000 0 0.6582 0.6819 0.3191 0.9627 0.3586 0.0000 806.020 54.316 238.944
9819 1.000000 0 0.6582 0.6819 0.3191 0.9627 0.3586 0.0000 806.020 54.316 238.944
9820 1.000000 0 0.6582 0.6819 0.3191 0.9627 0.3586 0.0000 806.020 54.316 238.944
9821 1.000000 0 0.6582 0.6819 0.3191 0.9627 0.3586 0.0000 806.020 54.316 238.944
9822 1.000000 0 0.6581 0.6819 0.3191 0.9627 0.3586 0.0000 806.020 54.316 238.944
9823 1.000000 0 0.6581 0.6819 0.3191 0.9627 0.3586 0.0000 806.020 54.316 238.944
9824 1.000000 0 0.6581 0.6820 0.3191 0.9627 0.3586 0.0000 806.020 54.316 238.944
9825 1.000000 0 0.6581 0.6820 0.3191 0.9627 0.3586 0.0000 806.020 54.316 238.944
9826 1.000000 0 0.6581 0.6820 0.3191 0.9627 0.3586 0.0000 806.020 54.316 238.944
9827 1.000000 0 0.6581 0.6820 0.3191 0.9627 0.3586 0.0000 806.020 54.316 238.944
9828 1.000000 0 0.6581 0.6820 0.3191 0.9627 0.3586 0.0000 806.020 54.316 238.944
9829 1.000000 0 0.6581 0.6820 0.3191 0.9627 0.3586 0.0000 806.020 54.316 238.944
9830 1.000000 0 0.6581 0.6820 0.3191 0.9627 0.3586 0.0000 806.020 54.316 238.944
9831 1.000000 0 0.6580 0.6820 0.3191 0.9627 0.3586 0.0000 806.020 54.316 238.944
9832 1.000000 0 0.6580 0.6821 0.3191 0.9627 0.3586 0.0000 806.020 54.316 238.944
9833 1.000000 0 0.6580 0.6821 0.3191 0.9627 0.3586 0.0000 806.020 54.316 238.944
9834 1.000000 0 0.6580 0.6821 0.3191 0.9627 0.3586 0.0000 806.020 54.316 238.944
9835 1.000000 0 0.6580 0.6821 0.3191 0.9627 0.3586 0.0000 806.020 54.316 238.944
9836 1.000000 0 0.6580 0.6821 0.3191 0.9627 0.3586 0.0000 806.020 54.316 238.944
9837 1.000000 0 0.6580 0.6821 0.3190 0.9627 0.3586 0.0000 806.020 54.316 238.944
9838 1.000000 0 0.6580 0.6821 0.3190 0.9627 0.3586 0.0000 806.020 54.316 238.944
9839 1.000000 0 0.6579 0.6821 0.3190 0.9627 0.3586 0.0000 806.020 54.316 238.944
9840 1.000000 0 0.6579 0.6822 0.3190 0.9627 0.3586 0.0000 806.020 54.316 238.944
9841 1.000000 0 0.6579 0.6822 0.3190 0.9627 0.3586 0.0000 806.020 54.316 238.944
9842 1.000000 0 0.6579 0.6822 0.3190 0.9627 0.3586 0.0000 806.020 54.316 238.944
9843 1.000000 0 0.6579 0.6822 0.3190 0.9627 0.3586 0.0000 806.020 54.316 238.944
9844 1.000000 0 0.6579 0.6822 0.3190 0.9627 0.3586 0.0000 806.020 54.316 238.944
9845 1.000000 0 0.6579 0.6822 0.3190 0.9627 0.3586 0.0000 806.020 54.316 238.944
9846 1.000000 0 0.6579 0.6822 0.3190 0.9627 0.3586 0.0000 806.020 54.316 238.944
9847 1.000000 0 0.6578 0.6822 0.3190 0.9627 0.3586 0.0000 806.020 54.316 238.944
9848 1.000000 0 0.6578 0.6823 0.3190 0.9627 0.3586 0.0000 806.020 54.316 238.944
9849 1.000000 0 0.6578 0.6823 0.3190 0.9627 0.3586 0.0000 806.020 54.316 238.944
9850 1.000000 0 0.6578 0.6823 0.3190 0.9627 0.3586 0.0000 806.020 54.316 238.944
9851 1.000000 0 0.6578 0.6823 0.3190 0.9627 0.3586 0.0000 806.020 54.316 238.944
9852 1.000000 0 0.6578 0.6823 0.3190 0.9627 0.3586 0.0000 806.020 54.316 238.944
9853 1.000000 0 0.6578 0.6823 0.3190 0.9627 0.3586 0.0000 806.020 54.316 238.944
9854 1.000000 0 0.6578 0.6823 0.3190 0.9627 0.3586 0.0000 806.020 54.316 238.944
9855 1.000000 0 0.6578 0.6823 0.3190 0.9627 0.3586 0.0000 806.020 54.316 238.944
9856 1.000000 0 0.6577 0.6824 0.3190 0.9627 0.3586 0.0000 806.020 54.316 238.944
9857 1.000000 0 0.6577 0.6824 0.3190 0.9627 0.3586 0.0000 806.020 54.316 238.944
9858 1.000000 0 0.6577 0.6824 0.3190 0.9627 0.3586 0.0000 806.020 54.316 238.944
9859 1.000000 0 0.6577 0.6824 0.3190 0.9627 0.3586 0.0000 806.020 54.316 238.944
9860 1.000000 0 0.6577 0.6824 0.3190 0.9627 0.3586 0.0000 806.020 54.316 238.944
9861 1.000000 0 0.6577 0.6824 0.3190 0.9627 0.3586 0.0000 806.020 54.316 238.944
9862 1.000000 0 0.6577 0.6824 0.3190 0.9627 0.3586 0.0000 806.020 54.316 238.944
9863 1.000000 0 0.6577 0.6824 0.3190 0.9627 0.3586 0.0000 806.020 54.316 238.944
9864 1.000000 0 0.6576 0.6825 0.3190 0.9627 0.3586 0.0000 806.020 54.316 238.944
9865 1.000000 0 0.6576 0.6825 0.3190 0.9627 0.3586 0.0000 806.020 54.316 238.944
9866 1.000000 0 0.6576 0.6825 0.3190 0.9627 0.3586 0.0000 806.020 54.316 238.944
9867 1.000000 0 0.6576 0.6825 0.3190 0.9627 0.3586 0.0000 806.020 54.316 238.944
9868 1.000000 0 0.6576 0.6825 0.3190 0.9627 0.3586 0.0000 806.020 54.316 238.944
9869 1.000000 0 0.6576 0.6825 0.3190 0.9627 0.3586 0.0000 806.020 54.316 238.944
9870 1.000000 0 0.6576 0.6825 0.3190 0.9627 0.3586 0.0000 806.020 54.316 238.944
9871 1.000000 0 0.6576 0.6825 0.3190 0.9627 0.3586 0.0000 806.020 54.316 238.944
9872 1.000000 0 0.6575 0.6826 0.3190 0.9627 0.3586 0.0000 806.020 54.316 238.944
9873 1.000000 0 0.6575 0.6826 0.3190 0.9627 0.3586 0.0000 806.020 54.316 238.944
9874 1.000000 0 0.6575 0.6826 0.3190 0.9627 0.3586 0.0000 806.020 54.316 238.944
9875 1.000000 0 0.6575 0.6826 0.3190 0.9627 0.3586 0.0000 806.020 54.316 238.944
9876 1.000000 0 0.6575 0.6826 0.3190 0.9627 0.3586 0.0000 806.020 54.316 238.944
9877 1.000000 0 0.6575 0.6826 0.3190 0.9627 0.3586 0.0000 806.020 54.316 238.944
9878 1.000000 0 0.6575 0.6826 0.3190 0.9627 0.3586 0.0000 806.020 54.316 238.944
9879 1.000000 0 0.6575 0.6826 0.3190 0.9627 0.3586 0.0000 806.020 54.316 238.944
9880 1.000000 0 0.6574 0.6827 0.3190 0.9627 0.3586 0.0000 806.020 54.316 238.944
9881 1.000000 0 0.6574 0.6827 0.3190 0.9627 0.3586 0.0000 806.020 54.316 238.944
9882 1.000000 0 0.6574 0.6827 0.3190 0.9627 0.3586 0.0000 806.020 54.316 238.944
9883 1.000000 0 0.6574 0.6827 0.3190 0.9627 0.3586 0.0000 806.020 54.316 238.944
9884 1.000000 0 0.6574 0.6827 0.3190 0.9627 0.3586 0.0000 806.020 54.316 238.944
9885 1.000000 0 0.6574 0.6827 0.3190 0.9627 0.3586 0.0000 806.020 54.316 238.944
9886 1.000000 0 0.6574 0.6827 0.3190 0.9627 0.3586 0.0000 806.020 54.316 238.944
9887 1.000000 0 0.6574 0.6827 0.3190 0.9627 0.3586 0.0000 806.020 54.316 238.944
9888 1.000000 0 0.6574 0.6828 0.3190 0.9627 0.3586 0.0000 806.020 54.316 238.944
9889 1.000000 0 0.6573 0.6828 0.3190 0.9627 0.3586 0.0000 806.020 54.316 238.944
9890 1.000000 0 0.6573 0.6828 0.3190 0.9627 0.3586 0.0000 806.020 54.316 238.944
9891 1.000000 0 0.6573 0.6828 0.3190 0.9627 0.3586 0.0000 806.020 54.316 238.944
9892 1.000000 0 0.6573 0.6828 0.3190 0.9627 0.3586 0.0000 806.020 54.316 238.944
9893 1.000000 0 0.6573 0.6828 0.3190 0.9627 0.3586 0.0000 806.020 54.316 238.944
9894 1.000000 0 0.6573 0.6828 0.3190 0.9627 0.3586 0.0000 806.020 54.316 238.944
9895 1.000000 0 0.6573 0.6828 0.3190 0.9627 0.3586 0.0000 806.020 54.316 238.944
9896 1.000000 0 0.6573 0.6828 0.3189 0.9627 0.3586 0.0000 806.020 54.316 238.944
9897 1.000000 0 0.6572 0.6829 0.3189 0.9627 0.3586 0.0000 806.020 54.316 238.944
9898 1.000000 0 0.6572 0.6829 0.3189 0.9627 0.3586 0.0000 806.020 54.316 238.944
9899 1.000000 0 0.6572 0.6829 0.3189 0.9627 0.3586 0.0000 806.020 54.316 238.944
9900 1.000000 0 0.6572 0.6829 0.3189 0.9627 0.3586 0.0000 806.020 54.350 238.944
9901 1.000000 0 0.6572 0.6829 0.3189 0.9627 0.3586 0.0000 806.020 54.357 238.944
9902 1.000000 0 0.6572 0.6829 0.3189 0.9627 0.3586 0.0000 806.020 54.419 238.943
9903 1.000000 0 0.6572 0.6829 0.3189 0.9627 0.3586 0.0000 806.020 54.453 238.942
9904 1.000000 0 0.6572 0.6830 0.3189 0.9627 0.3586 0.0000 806.008 54.486 238.938
9905 1.000000 0 0.6571 0.6830 0.3189 0.9627 0.3586 0.0000 805.994 54.520 238.934
9906 1.000000 0 0.6571 0.6830 0.3189 0.9627 0.3586 0.0000 805.993 54.551 238.935
9907 1.000000 0 0.6571 0.6830 0.3189 0.9627 0.3586 0.0000 805.992 54.582 238.936
9908 1.000000 0 0.6571 0.6830 0.3189 0.9627 0.3586 0.0000 805.982 54.613 238.933
9909 1.000000 0 0.6571 0.6830 0.3189 0.9627 0.3586 0.0000 805.972 54.643 238.930
9910 1.000000 0 0.6571 0.6830 0.3189 0.9627 0.3586 0.0000 805.971 54.671 238.931
9911 1.000000 0 0.6571 0.6830 0.3189 0.9627 0.3586 0.0000 805.970 54.700 238.932
9912 1.000000 0 0.6571 0.6831 0.3189 0.9627 0.3586 0.0000 805.974 54.719 238.935
9913 1.000000 0 0.6570 0.6831 0.3189 0.9627 0.3586 0.0000 806.024 54.872 238.963
9914 1.000000 0 0.6570 0.6832 0.3189 0.9627 0.3586 0.0000 806.028 54.886 238.964
9915 1.000000 0 0.6569 0.6832 0.3189 0.9627 0.3586 0.0000 806.033 54.907 238.966
9916 1.000000 0 0.6569 0.6832 0.3189 0.9627 0.3586 0.0000 806.036 54.926 238.966
9917 1.000000 0 0.6569 0.6832 0.3189 0.9627 0.3586 0.0000 806.040 54.947 238.966
9918 1.000000 0 0.6569 0.6832 0.3189 0.9627 0.3586 0.0000 806.042 54.965 238.965
9919 1.000000 0 0.6569 0.6832 0.3189 0.9627 0.3586 0.0000 806.045 54.985 238.964
9920 1.000000 0 0.6569 0.6832 0.3189 0.9627 0.3586 0.0000 806.049 55.009 238.962
9921 1.000000 0 0.6569 0.6832 0.3189 0.9627 0.3586 0.0000 806.050 55.019 238.961
9922 1.000000 0 0.6569 0.6833 0.3189 0.9627 0.3586 0.0000 806.053 55.035 238.960
9923 1.000000 0 0.6568 0.6833 0.3189 0.9627 0.3586 0.0000 806.056 55.052 238.958
9924 1.000000 0 0.6568 0.6833 0.3189 0.9627 0.3586 0.0000 806.059 55.067 238.957
9925 1.000000 0 0.6568 0.6833 0.3189 0.9627 0.3586 0.0000 806.061 55.081 238.955
9926 1.000000 0 0.6568 0.6833 0.3189 0.9627 0.3586 0.0000 806.065 55.088 238.955
9927 1.000000 0 0.6568 0.6833 0.3189 0.9627 0.3586 0.0000 806.070 55.095 238.954
9928 1.000000 0 0.6568 0.6833 0.3189 0.9627 0.3586 0.0000 806.074 55.097 238.953
9929 1.000000 0 0.6568 0.6833 0.3189 0.9627 0.3586 0.0000 806.078 55.098 238.953
9930 1.000000 0 0.6568 0.6834 0.3189 0.9627 0.3586 0.0000 806.082 55.099 238.952
9931 1.000000 0 0.6568 0.6834 0.3189 0.9627 0.3586 0.0000 806.086 55.100 238.952
9932 1.000000 0 0.6567 0.6834 0.3189 0.9627 0.3586 0.0000 806.089 55.102 238.951
9933 1.000000 0 0.6567 0.6834 0.3189 0.9627 0.3586 0.0000 806.093 55.103 238.950
9934 1.000000 0 0.6567 0.6834 0.3189 0.9627 0.3586 0.0000 806.096 55.104 238.949
9935 1.000000 0 0.6567 0.6834 0.3189 0.9627 0.3586 0.0000 806.099 55.105 238.947
9936 1.000000 0 0.6567 0.6834 0.3189 0.9627 0.3586 0.0000 806.102 55.106 238.946
9937 1.000000 0 0.6567 0.6834 0.3189 0.9627 0.3586 0.0000 806.104 55.107 238.945
9938 1.000000 0 0.6567 0.6835 0.3189 0.9627 0.3586 0.0000 806.106 55.107 238.944
9939 1.000000 0 0.6567 0.6835 0.3189 0.9627 0.3586 0.0000 806.108 55.108 238.942
9940 1.000000 0 0.6566 0.6835 0.3189 0.9627 0.3586 0.0000 806.110 55.108 238.941
9941 1.000000 0 0.6566 0.6835 0.3189 0.9627 0.3586 0.0000 806.112 55.109 238.940
9942 1.000000 0 0.6566 0.6835 0.3189 0.9627 0.3586 0.0000 806.113 55.109 238.938
9943 1.000000 0 0.6566 0.6835 0.3189 0.9627 0.3586 0.0000 806.114 55.110 238.937
9944 1.000000 0 0.6566 0.6835 0.3189 0.9627 0.3586 0.0000 806.115 55.110 238.935
9945 1.000000 0 0.6565 0.6836 0.3188 0.9627 0.3586 0.0000 806.090 55.096 238.916
9946 1.000000 0 0.6564 0.6837 0.3188 0.9627 0.3586 0.0000 806.067 55.044 238.898
9947 1.000000 0 0.6564 0.6837 0.3188 0.9627 0.3586 0.0000 806.067 55.037 238.897
9948 1.000000 0 0.6564 0.6837 0.3188 0.9627 0.3586 0.0000 806.068 55.028 238.895
9949 1.000000 0 0.6564 0.6838 0.3188 0.9627 0.3586 0.0000 806.065 55.016 238.893
9950 1.000000 0 0.6564 0.6838 0.3188 0.9627 0.3586 0.0000 806.062 55.003 238.890
9951 1.000000 0 0.6564 0.6838 0.3188 0.9627 0.3586 0.0000 806.062 54.991 238.888
9952 1.000000 0 0.6563 0.6838 0.3188 0.9627 0.3586 0.0000 806.062 54.979 238.887
9953 1.000000 0 0.6563 0.6838 0.3188 0.9627 0.3586 0.0000 806.059 54.964 238.884
9954 1.000000 0 0.6563 0.6838 0.3188 0.9627 0.3586 0.0000 806.055 54.949 238.882
9955 1.000000 0 0.6563 0.6838 0.3188 0.9627 0.3586 0.0000 806.055 54.934 238.880
9956 1.000000 0 0.6563 0.6838 0.3188 0.9627 0.3586 0.0000 806.055 54.919 238.878
9957 1.000000 0 0.6563 0.6838 0.3188 0.9627 0.3586 0.0000 806.051 54.901 238.875
9958 1.000000 0 0.6563 0.6839 0.3188 0.9627 0.3586 0.0000 806.047 54.883 238.873
9959 1.000000 0 0.6563 0.6839 0.3188 0.9627 0.3586 0.0000 806.047 54.866 238.871
9960 1.000000 0 0.6562 0.6839 0.3188 0.9627 0.3586 0.0000 806.047 54.849 238.869
9961 1.000000 0 0.6562 0.6839 0.3188 0.9627 0.3586 0.0000 806.041 54.828 238.867
9962 1.000000 0 0.6562 0.6839 0.3188 0.9627 0.3586 0.0000 806.035 54.807 238.864
9963 1.000000 0 0.6562 0.6839 0.3188 0.9627 0.3586 0.0000 806.035 54.781 238.862
9964 1.000000 0 0.6562 0.6839 0.3188 0.9627 0.3586 0.0000 806.035 54.767 238.861
9965 1.000000 0 0.6562 0.6839 0.3188 0.9627 0.3586 0.0000 806.023 54.745 238.857
9966 1.000000 0 0.6562 0.6840 0.3188 0.9627 0.3586 0.0000 806.010 54.723 238.853
9967 1.000000 0 0.6562 0.6840 0.3188 0.9627 0.3586 0.0000 806.009 54.649 238.853
9968 1.000000 0 0.6562 0.6840 0.3188 0.9627 0.3586 0.0000 806.009 54.574 238.853
9969 1.000000 0 0.6561 0.6840 0.3188 0.9627 0.3586 0.0000 806.012 54.546 238.856
9970 1.000000 0 0.6561 0.6840 0.3188 0.9627 0.3586 0.0000 806.015 54.523 238.859
9971 1.000000 0 0.6561 0.6840 0.3188 0.9627 0.3586 0.0000 806.018 54.498 238.862
9972 1.000000 0 0.6561 0.6840 0.3188 0.9627 0.3586 0.0000 806.021 54.469 238.866
9973 1.000000 0 0.6561 0.6840 0.3188 0.9627 0.3586 0.0000 806.024 54.447 238.869
9974 1.000000 0 0.6561 0.6841 0.3188 0.9627 0.3586 0.0000 806.029 54.410 238.873
9975 1.000000 0 0.6561 0.6841 0.3188 0.9627 0.3586 0.0000 806.031 54.391 238.876
9976 1.000000 0 0.6561 0.6841 0.3188 0.9627 0.3586 0.0000 806.035 54.365 238.879
9977 1.000000 0 0.6560 0.6841 0.3188 0.9627 0.3586 0.0000 806.029 54.352 238.881
9978 1.000000 0 0.6560 0.6841 0.3188 0.9627 0.3586 0.0000 806.023 54.341 238.883
9979 1.000000 0 0.6560 0.6841 0.3188 0.9627 0.3586 0.0000 806.028 54.335 238.887
9980 1.000000 0 0.6560 0.6841 0.3188 0.9627 0.3586 0.0000 806.034 54.330 238.891
9981 1.000000 0 0.6560 0.6841 0.3188 0.9627 0.3586 0.0000 806.034 54.321 238.893
9982 1.000000 0 0.6560 0.6842 0.3188 0.9627 0.3586 0.0000 806.033 54.312 238.894
9983 1.000000 0 0.6560 0.6842 0.3188 0.9627 0.3586 0.0000 806.033 54.299 238.896
9984 1.000000 0 0.6560 0.6842 0.3188 0.9627 0.3586 0.0000 806.033 54.286 238.898
9985 1.000000 0 0.6559 0.6842 0.3188 0.9627 0.3586 0.0000 806.034 54.305 238.900
9986 1.000000 0 0.6559 0.6842 0.3188 0.9627 0.3586 0.0000 806.033 54.330 238.904
9987 1.000000 0 0.6559 0.6842 0.3188 0.9627 0.3586 0.0000 806.033 54.331 238.904
9988 1.000000 0 0.6559 0.6842 0.3188 0.9627 0.3586 0.0000 806.030 54.337 238.906
9989 1.000000 0 0.6559 0.6842 0.3188 0.9627 0.3586 0.0000 806.029 54.336 238.907
9990 1.000000 0 0.6559 0.6843 0.3188 0.9627 0.3586 0.0000 806.027 54.334 238.908
9991 1.000000 0 0.6559 0.6843 0.3188 0.9627 0.3586 0.0000 806.027 54.330 238.909
9992 1.000000 0 0.6559 0.6843 0.3188 0.9627 0.3586 0.0000 806.027 54.326 238.911
9993 1.000000 0 0.6558 0.6843 0.3188 0.9627 0.3586 0.0000 806.027 54.325 238.914
9994 1.000000 0 0.6558 0.6843 0.3187 0.9627 0.3586 0.0000 806.028 54.325 238.915
9995 1.000000 0 0.6558 0.6843 0.3187 0.9627 0.3586 0.0000 806.026 54.330 238.917
9996 1.000000 0 0.6558 0.6843 0.3187 0.9627 0.3586 0.0000 806.024 54.335 238.919
9997 1.000000 0 0.6558 0.6843 0.3187 0.9627 0.3586 0.0000 806.022 54.334 238.921
9998 1.000000 0 0.6558 0.6844 0.3187 0.9627 0.3586 0.0000 806.021 54.332 238.922
9999 1.000000 0 0.6558 0.6844 0.3187 0.9627 0.3586 0.0000 806.021 54.328 238.923
10000 1.000000 0 0.6558 0.6844 0.3187 0.9627 0.3586 0.0000 806.022 54.324 238.925
10001 1.000000 0 0.6558 0.6844 0.3187 0.9627 0.3586 0.0000 806.022 54.324 238.925
10002 1.000000 0 0.6557 0.6844 0.3187 0.9627 0.3586 0.0000 806.024 54.322 238.925
10003 1.000000 0 0.6557 0.6844 0.3187 0.9627 0.3586 0.0000 806.023 54.327 238.926
10004 1.000000 0 0.6557 0.6844 0.3187 0.9627 0.3586 0.0000 806.022 54.333 238.928
10005 1.000000 0 0.6557 0.6844 0.3187 0.9627 0.3586 0.0000 806.021 54.332 238.928
10006 1.000000 0 0.6557 0.6845 0.3187 0.9627 0.3586 0.0000 806.019 54.331 238.927
10007 1.000000 0 0.6557 0.6845 0.3187 0.9627 0.3586 0.0000 806.020 54.328 238.927
10008 1.000000 0 0.6557 0.6845 0.3187 0.9627 0.3586 0.0000 806.021 54.324 238.927
10009 1.000000 0 0.6557 0.6845 0.3187 0.9627 0.3586 0.0000 806.022 54.323 238.927
10010 1.000000 0 0.6556 0.6845 0.3187 0.9627 0.3586 0.0000 806.024 54.322 238.927
10011 1.000000 0 0.6556 0.6845 0.3187 0.9627 0.3586 0.0000 806.024 54.321 238.927
10012 1.000000 0 0.6556 0.6845 0.3187 0.9627 0.3586 0.0000 806.024 54.321 238.927
10013 1.000000 0 0.6556 0.6845 0.3187 0.9627 0.3586 0.0000 806.023 54.320 238.927
10014 1.000000 0 0.6556 0.6846 0.3187 0.9627 0.3586 0.0000 806.023 54.320 238.927
10015 1.000000 0 0.6556 0.6846 0.3187 0.9627 0.3586 0.0000 806.023 54.318 238.927
10016 1.000000 0 0.6556 0.6846 0.3187 0.9627 0.3586 0.0000 806.024 54.316 238.927
10017 1.000000 0 0.6556 0.6846 0.3187 0.9627 0.3586 0.0000 806.023 54.323 238.929
10018 1.000000 0 0.6555 0.6846 0.3187 0.9627 0.3586 0.0000 806.022 54.327 238.930
10019 1.000000 0 0.6555 0.6846 0.3187 0.9627 0.3586 0.0000 806.020 54.327 238.929
10020 1.000000 0 0.6555 0.6846 0.3187 0.9627 0.3586 0.0000 806.019 54.326 238.929
10021 1.000000 0 0.6555 0.6846 0.3187 0.9627 0.3586 0.0000 806.019 54.324 238.928
10022 1.000000 0 0.6555 0.6847 0.3187 0.9627 0.3586 0.0000 806.020 54.322 238.928
10023 1.000000 0 0.6555 0.6847 0.3187 0.9627 0.3586 0.0000 806.022 54.321 238.928
10024 1.000000 0 0.6555 0.6847 0.3187 0.9627 0.3586 0.0000 806.023 54.321 238.928
10025 1.000000 0 0.6555 0.6847 0.3187 0.9627 0.3586 0.0000 806.023 54.321 238.928
10026 1.000000 0 0.6555 0.6847 0.3187 0.9627 0.3586 0.0000 806.023 54.321 238.928
10027 1.000000 0 0.6554 0.6847 0.3187 0.9627 0.3586 0.0000 806.023 54.320 238.928
10028 1.000000 0 0.6554 0.6847 0.3187 0.9627 0.3586 0.0000 806.023 54.319 238.928
10029 1.000000 0 0.6554 0.6847 0.3187 0.9627 0.3586 0.0000 806.023 54.318 238.928
10030 1.000000 0 0.6554 0.6848 0.3187 0.9627 0.3586 0.0000 806.023 54.317 238.928
10031 1.000000 0 0.6554 0.6848 0.3187 0.9627 0.3586 0.0000 806.023 54.317 238.928
10032 1.000000 0 0.6554 0.6848 0.3187 0.9627 0.3586 0.0000 806.023 54.316 238.928
10033 1.000000 0 0.6554 0.6848 0.3187 0.9627 0.3586 0.0000 806.023 54.315 238.928
10034 1.000000 0 0.6554 0.6848 0.3187 0.9627 0.3586 0.0000 806.023 54.315 238.928
10035 1.000000 0 0.6553 0.6848 0.3187 0.9627 0.3586 0.0000 806.023 54.315 238.928
10036 1.000000 0 0.6553 0.6848 0.3187 0.9627 0.3586 0.0000 806.023 54.315 238.928
10037 1.000000 0 0.6553 0.6848 0.3187 0.9627 0.3586 0.0000 806.023 54.315 238.928
10038 1.000000 0 0.6553 0.6848 0.3187 0.9627 0.3586 0.0000 806.023 54.316 238.928
10039 1.000000 0 0.6553 0.6849 0.3187 0.9627 0.3586 0.0000 806.023 54.316 238.928
10040 1.000000 0 0.6553 0.6849 0.3187 0.9627 0.3586 0.0000 806.023 54.316 238.928
10041 1.000000 0 0.6553 0.6849 0.3187 0.9627 0.3586 0.0000 806.023 54.317 238.928
10042 1.000000 0 0.6553 0.6849 0.3187 0.9627 0.3586 0.0000 806.023 54.318 238.928
10043 1.000000 0 0.6552 0.6849 0.3187 0.9627 0.3586 0.0000 806.023 54.318 238.928
10044 1.000000 0 0.6552 0.6849 0.3187 0.9627 0.3586 0.0000 806.023 54.318 238.928
10045 1.000000 0 0.6552 0.6849 0.3187 0.9627 0.3586 0.0000 806.023 54.319 238.928
10046 1.000000 0 0.6552 0.6849 0.3187 0.9627 0.3586 0.0000 806.023 54.319 238.928
10047 1.000000 0 0.6552 0.6850 0.3187 0.9627 0.3586 0.0000 806.023 54.320 238.928
10048 1.000000 0 0.6552 0.6850 0.3187 0.9627 0.3586 0.0000 806.023 54.320 238.928
10049 1.000000 0 0.6552 0.6850 0.3187 0.9627 0.3586 0.0000 806.023 54.321 238.928
10050 1.000000 0 0.6552 0.6850 0.3187 0.9627 0.3586 0.0000 806.023 54.321 238.928
10051 1.000000 0 0.6552 0.6850 0.3187 0.9627 0.3586 0.0000 806.023 54.321 238.928
10052 1.000000 0 0.6551 0.6850 0.3187 0.9627 0.3586 0.0000 806.023 54.322 238.928
10053 1.000000 0 0.6551 0.6850 0.3186 0.9627 0.3586 0.0000 806.023 54.322 238.928
10054 1.000000 0 0.6551 0.6850 0.3186 0.9627 0.3586 0.0000 806.023 54.322 238.928
10055 1.000000 0 0.6551 0.6851 0.3186 0.9627 0.3586 0.0000 806.023 54.322 238.928
10056 1.000000 0 0.6551 0.6851 0.3186 0.9627 0.3586 0.0000 806.023 54.322 238.928
10057 1.000000 0 0.6551 0.6851 0.3186 0.9627 0.3586 0.0000 806.023 54.322 238.928
10058 1.000000 0 0.6551 0.6851 0.3186 0.9627 0.3586 0.0000 806.023 54.322 238.928
10059 1.000000 0 0.6550 0.6851 0.3186 0.9627 0.3586 0.0000 806.023 54.322 238.928
10060 1.000000 0 0.6550 0.6851 0.3186 0.9627 0.3586 0.0000 806.023 54.322 238.928
10061 1.000000 0 0.6550 0.6851 0.3186 0.9627 0.3586 0.0000 806.023 54.322 238.928
10062 1.000000 0 0.6550 0.6851 0.3186 0.9627 0.3586 0.0000 806.023 54.322 238.928
10063 1.000000 0 0.6550 0.6852 0.3186 0.9627 0.3586 0.0000 806.023 54.322 238.928
10064 1.000000 0 0.6550 0.6852 0.3186 0.9627 0.3586 0.0000 806.023 54.322 238.928
10065 1.000000 0 0.6550 0.6852 0.3186 0.9627 0.3586 0.0000 806.023 54.322 238.928
10066 1.000000 0 0.6550 0.6852 0.3186 0.9627 0.3586 0.0000 806.023 54.322 238.928
10067 1.000000 0 0.6550 0.6852 0.3186 0.9627 0.3586 0.0000 806.023 54.322 238.928
10068 1.000000 0 0.6549 0.6852 0.3186 0.9627 0.3586 0.0000 806.023 54.322 238.928
10069 1.000000 0 0.6549 0.6852 0.3186 0.9627 0.3586 0.0000 806.023 54.322 238.928
10070 1.000000 0 0.6549 0.6852 0.3186 0.9627 0.3586 0.0000 806.023 54.322 238.928
10071 1.000000 0 0.6549 0.6853 0.3186 0.9627 0.3586 0.0000 806.023 54.322 238.928
10072 1.000000 0 0.6549 0.6853 0.3186 0.9627 0.3586 0.0000 806.023 54.322 238.928
10073 1.000000 0 0.6549 0.6853 0.3186 0.9627 0.3586 0.0000 806.023 54.322 238.928
10074 1.000000 0 0.6549 0.6853 0.3186 0.9627 0.3586 0.0000 806.023 54.322 238.928
10075 1.000000 0 0.6549 0.6853 0.3186 0.9627 0.3586 0.0000 806.023 54.322 238.928
10076 1.000000 0 0.6548 0.6853 0.3186 0.9627 0.3586 0.0000 806.023 54.322 238.928
10077 1.000000 0 0.6548 0.6853 0.3186 0.9627 0.3586 0.0000 806.023 54.322 238.928
10078 1.000000 0 0.6548 0.6853 0.3186 0.9627 0.3586 0.0000 806.023 54.322 238.928
10079 1.000000 0 0.6548 0.6854 0.3186 0.9627 0.3586 0.0000 806.023 54.322 238.928
10080 1.000000 0 0.6548 0.6854 0.3186 0.9627 0.3586 0.0000 806.023 54.322 238.928
10081 1.000000 0 0.6548 0.6854 0.3186 0.9627 0.3586 0.0000 806.023 54.322 238.928
10082 1.000000 0 0.6548 0.6854 0.3186 0.9627 0.3586 0.0000 806.023 54.322 238.928
10083 1.000000 0 0.6548 0.6854 0.3186 0.9627 0.3586 0.0000 806.023 54.322 238.928
10084 1.000000 0 0.6547 0.6854 0.3186 0.9627 0.3586 0.0000 806.023 54.322 238.928
10085 1.000000 0 0.6547 0.6854 0.3186 0.9627 0.3586 0.0000 806.023 54.322 238.928
10086 1.000000 0 0.6547 0.6855 0.3186 0.9627 0.3586 0.0000 806.023 54.322 238.928
10087 1.000000 0 0.6547 0.6855 0.3186 0.9627 0.3586 0.0000 806.023 54.322 238.928
10088 1.000000 0 0.6547 0.6855 0.3186 0.9627 0.3586 0.0000 806.023 54.322 238.928
10089 1.000000 0 0.6547 0.6855 0.3186 0.9627 0.3586 0.0000 806.023 54.322 238.928
10090 1.000000 0 0.6547 0.6855 0.3186 0.9627 0.3586 0.0000 806.023 54.322 238.928
10091 1.000000 0 0.6547 0.6855 0.3186 0.9627 0.3586 0.0000 806.023 54.322 238.928
10092 1.000000 0 0.6546 0.6855 0.3186 0.9627 0.3586 0.0000 806.023 54.322 238.928
10093 1.000000 0 0.6546 0.6855 0.3186 0.9627 0.3586 0.0000 806.023 54.322 238.928
10094 1.000000 0 0.6546 0.6856 0.3186 0.9627 0.3586 0.0000 806.023 54.322 238.928
10095 1.000000 0 0.6546 0.6856 0.3186 0.9627 0.3586 0.0000 806.023 54.322 238.928
10096 1.000000 0 0.6546 0.6856 0.3186 0.9627 0.3586 0.0000 806.023 54.322 238.928
10097 1.000000 0 0.6545 0.6856 0.3186 0.9627 0.3586 0.0000 806.023 54.322 238.928
10098 1.000000 0 0.6545 0.6856 0.3186 0.9627 0.3586 0.0000 806.023 54.322 238.928
10099 1.000000 0 0.6545 0.6856 0.3186 0.9627 0.3586 0.0000 806.023 54.322 238.928
10100 1.000000 0 0.6545 0.6857 0.3186 0.9627 0.3586 0.0000 806.023 54.322 238.928
10101 1.000000 0 0.6545 0.6857 0.3186 0.9627 0.3586 0.0000 806.023 54.322 238.928
10102 1.000000 0 0.6545 0.6857 0.3186 0.9627 0.3586 0.0000 806.023 54.322 238.928
10103 1.000000 0 0.6545 0.6857 0.3186 0.9627 0.3586 0.0000 806.023 54.322 238.928
10104 1.000000 0 0.6545 0.6857 0.3186 0.9627 0.3586 0.0000 806.023 54.322 238.928
10105 1.000000 0 0.6545 0.6857 0.3186 0.9627 0.3586 0.0000 806.023 54.322 238.928
10106 1.000000 0 0.6544 0.6857 0.3186 0.9627 0.3586 0.0000 806.023 54.322 238.928
10107 1.000000 0 0.6544 0.6857 0.3186 0.9627 0.3586 0.0000 806.023 54.322 238.928
10108 1.000000 0 0.6544 0.6858 0.3186 0.9627 0.3586 0.0000 806.023 54.322 238.928
10109 1.000000 0 0.6544 0.6858 0.3185 0.9627 0.3586 0.0000 806.023 54.322 238.928
10110 1.000000 0 0.6544 0.6858 0.3185 0.9627 0.3586 0.0000 806.023 54.322 238.928
10111 1.000000 0 0.6544 0.6858 0.3185 0.9627 0.3586 0.0000 806.023 54.322 238.928
10112 1.000000 0 0.6544 0.6858 0.3185 0.9627 0.3586 0.0000 806.023 54.322 238.928
10113 1.000000 0 0.6544 0.6858 0.3185 0.9627 0.3586 0.0000 806.023 54.322 238.928
10114 1.000000 0 0.6543 0.6858 0.3185 0.9627 0.3586 0.0000 806.023 54.322 238.928
10115 1.000000 0 0.6543 0.6858 0.3185 0.9627 0.3586 0.0000 806.023 54.322 238.928
10116 1.000000 0 0.6543 0.6859 0.3185 0.9627 0.3586 0.0000 806.023 54.322 238.928
10117 1.000000 0 0.6543 0.6859 0.3185 0.9627 0.3586 0.0000 806.023 54.322 238.928
10118 1.000000 0 0.6543 0.6859 0.3185 0.9627 0.3586 0.0000 806.023 54.322 238.928
10119 1.000000 0 0.6543 0.6859 0.3185 0.9627 0.3586 0.0000 806.023 54.322 238.928
10120 1.000000 0 0.6543 0.6859 0.3185 0.9627 0.3586 0.0000 806.023 54.322 238.928
10121 1.000000 0 0.6543 0.6859 0.3185 0.9627 0.3586 0.0000 806.023 54.322 238.928
10122 1.000000 0 0.6542 0.6859 0.3185 0.9627 0.3586 0.0000 806.023 54.322 238.928
10123 1.000000 0 0.6542 0.6859 0.3185 0.9627 0.3586 0.0000 806.023 54.322 238.928
10124 1.000000 0 0.6542 0.6860 0.3185 0.9627 0.3586 0.0000 806.023 54.322 238.928
10125 1.000000 0 0.6542 0.6860 0.3185 0.9627 0.3586 0.0000 806.023 54.322 238.928
10126 1.000000 0 0.6542 0.6860 0.3185 0.9627 0.3586 0.0000 806.023 54.322 238.928
10127 1.000000 0 0.6542 0.6860 0.3185 0.9627 0.3586 0.0000 806.023 54.322 238.928
10128 1.000000 0 0.6542 0.6860 0.3185 0.9627 0.3586 0.0000 806.023 54.322 238.928
10129 1.000000 0 0.6542 0.6860 0.3185 0.9627 0.3586 0.0000 806.023 54.322 238.928
10130 1.000000 0 0.6541 0.6860 0.3185 0.9627 0.3586 0.0000 806.023 54.322 238.928
10131 1.000000 0 0.6541 0.6860 0.3185 0.9627 0.3586 0.0000 806.023 54.322 238.928
10132 1.000000 0 0.6541 0.6861 0.3185 0.9627 0.3586 0.0000 806.023 54.322 238.928
10133 1.000000 0 0.6541 0.6861 0.3185 0.9627 0.3586 0.0000 806.023 54.322 238.928
10134 1.000000 0 0.6541 0.6861 0.3185 0.9627 0.3586 0.0000 806.023 54.322 238.928
10135 1.000000 0 0.6541 0.6861 0.3185 0.9627 0.3586 0.0000 806.023 54.322 238.928
10136 1.000000 0 0.6541 0.6861 0.3185 0.9627 0.3586 0.0000 806.023 54.322 238.928
10137 1.000000 0 0.6541 0.6861 0.3185 0.9627 0.3586 0.0000 806.023 54.322 238.928
10138 1.000000 0 0.6541 0.6861 0.3185 0.9627 0.3586 0.0000 806.023 54.322 238.928
10139 1.000000 0 0.6540 0.6861 0.3185 0.9627 0.3586 0.0000 806.023 54.322 238.928
10140 1.000000 0 0.6540 0.6862 0.3185 0.9627 0.3586 0.0000 806.023 54.322 238.928
10141 1.000000 0 0.6540 0.6862 0.3185 0.9627 0.3586 0.0000 806.023 54.322 238.928
10142 1.000000 0 0.6540 0.6862 0.3185 0.9627 0.3586 0.0000 806.023 54.322 238.928
10143 1.000000 0 0.6540 0.6862 0.3185 0.9627 0.3586 0.0000 806.023 54.322 238.928
10144 1.000000 0 0.6540 0.6862 0.3185 0.9627 0.3586 0.0000 806.023 54.322 238.928
10145 1.000000 0 0.6540 0.6862 0.3185 0.9627 0.3586 0.0000 806.023 54.322 238.928
10146 1.000000 0 0.6540 0.6862 0.3185 0.9627 0.3586 0.0000 806.023 54.322 238.928
10147 1.000000 0 0.6539 0.6862 0.3185 0.9627 0.3586 0.0000 806.023 54.322 238.928
10148 1.000000 0 0.6539 0.6863 0.3185 0.9627 0.3586 0.0000 806.023 54.322 238.928
10149 1.000000 0 0.6539 0.6863 0.3185 0.9627 0.3586 0.0000 806.023 54.322 238.928
10150 1.000000 0 0.6539 0.6863 0.3185 0.9627 0.3586 0.0000 806.023 54.322 238.928
10151 1.000000 0 0.6539 0.6863 0.3185 0.9627 0.3586 0.0000 806.023 54.322 238.928
10152 1.000000 0 0.6539 0.6863 0.3185 0.9627 0.3586 0.0000 806.023 54.322 238.928
10153 1.000000 0 0.6539 0.6863 0.3185 0.9627 0.3586 0.0000 806.023 54.322 238.928
10154 1.000000 0 0.6539 0.6863 0.3185 0.9627 0.3586 0.0000 806.023 54.322 238.928
10155 1.000000 0 0.6538 0.6863 0.3185 0.9627 0.3586 0.0000 806.023 54.322 238.928
10156 1.000000 0 0.6538 0.6864 0.3185 0.9627 0.3586 0.0000 806.023 54.322 238.928
10157 1.000000 0 0.6538 0.6864 0.3185 0.9627 0.3586 0.0000 806.023 54.322 238.928
10158 1.000000 0 0.6538 0.6864 0.3185 0.9627 0.3586 0.0000 806.023 54.322 238.928
10159 1.000000 0 0.6538 0.6864 0.3185 0.9627 0.3586 0.0000 806.023 54.322 238.928
10160 1.000000 0 0.6538 0.6864 0.3185 0.9627 0.3586 0.0000 806.023 54.322 238.928
10161 1.000000 0 0.6538 0.6864 0.3185 0.9627 0.3586 0.0000 806.023 54.322 238.928
10162 1.000000 0 0.6538 0.6864 0.3185 0.9627 0.3586 0.0000 806.023 54.322 238.928
10163 1.000000 0 0.6538 0.6864 0.3185 0.9627 0.3586 0.0000 806.023 54.322 238.928
10164 1.000000 0 0.6537 0.6864 0.3185 0.9627 0.3586 0.0000 806.023 54.322 238.928
10165 1.000000 0 0.6537 0.6865 0.3185 0.9627 0.3586 0.0000 806.023 54.322 238.928
10166 1.000000 0 0.6537 0.6865 0.3185 0.9627 0.3586 0.0000 806.023 54.322 238.928
10167 1.000000 0 0.6537 0.6865 0.3185 0.9627 0.3586 0.0000 806.023 54.322 238.928
10168 1.000000 0 0.6537 0.6865 0.3184 0.9627 0.3586 0.0000 806.023 54.322 238.928
10169 1.000000 0 0.6537 0.6865 0.3184 0.9627 0.3586 0.0000 806.023 54.322 238.928
10170 1.000000 0 0.6537 0.6865 0.3184 0.9627 0.3586 0.0000 806.023 54.322 238.928
10171 1.000000 0 0.6537 0.6865 0.3184 0.9627 0.3586 0.0000 806.023 54.322 238.928
10172 1.000000 0 0.6536 0.6865 0.3184 0.9627 0.3586 0.0000 806.023 54.322 238.928
10173 1.000000 0 0.6536 0.6866 0.3184 0.9627 0.3586 0.0000 806.023 54.322 238.928
10174 1.000000 0 0.6536 0.6866 0.3184 0.9627 0.3586 0.0000 806.023 54.322 238.928
10175 1.000000 0 0.6536 0.6866 0.3184 0.9627 0.3586 0.0000 806.023 54.322 238.928
10176 1.000000 0 0.6536 0.6866 0.3184 0.9627 0.3586 0.0000 806.023 54.322 238.928
10177 1.000000 0 0.6536 0.6866 0.3184 0.9627 0.3586 0.0000 806.023 54.322 238.928
10178 1.000000 0 0.6536 0.6866 0.3184 0.9627 0.3586 0.0000 806.023 54.322 238.928
10179 1.000000 0 0.6536 0.6866 0.3184 0.9627 0.3586 0.0000 806.023 54.322 238.928
10180 1.000000 0 0.6535 0.6866 0.3184 0.9627 0.3586 0.0000 806.023 54.322 238.928
10181 1.000000 0 0.6535 0.6867 0.3184 0.9627 0.3586 0.0000 806.023 54.322 238.928
10182 1.000000 0 0.6535 0.6867 0.3184 0.9627 0.3586 0.0000 806.023 54.322 238.928
10183 1.000000 0 0.6535 0.6867 0.3184 0.9627 0.3586 0.0000 806.023 54.322 238.928
10184 1.000000 0 0.6535 0.6867 0.3184 0.9627 0.3586 0.0000 806.023 54.322 238.928
10185 1.000000 0 0.6535 0.6867 0.3184 0.9627 0.3586 0.0000 806.023 54.322 238.928
10186 1.000000 0 0.6535 0.6867 0.3184 0.9627 0.3586 0.0000 806.023 54.322 238.928
10187 1.000000 0 0.6535 0.6867 0.3184 0.9627 0.3586 0.0000 806.023 54.322 238.928
10188 1.000000 0 0.6534 0.6868 0.3184 0.9627 0.3586 0.0000 806.023 54.322 238.928
10189 1.000000 0 0.6534 0.6868 0.3184 0.9627 0.3586 0.0000 806.023 54.322 238.928
10190 1.000000 0 0.6534 0.6868 0.3184 0.9627 0.3586 0.0000 806.023 54.322 238.928
10191 1.000000 0 0.6534 0.6868 0.3184 0.9627 0.3586 0.0000 806.023 54.322 238.928
10192 1.000000 0 0.6534 0.6868 0.3184 0.9627 0.3586 0.0000 806.023 54.322 238.928
10193 1.000000 0 0.6534 0.6868 0.3184 0.9627 0.3586 0.0000 806.023 54.322 238.928
10194 1.000000 0 0.6534 0.6868 0.3184 0.9627 0.3586 0.0000 806.023 54.322 238.928
10195 1.000000 0 0.6534 0.6868 0.3184 0.9627 0.3586 0.0000 806.023 54.322 238.928
10196 1.000000 0 0.6533 0.6869 0.3184 0.9627 0.3586 0.0000 806.023 54.322 238.928
10197 1.000000 0 0.6533 0.6869 0.3184 0.9627 0.3586 0.0000 806.023 54.322 238.928
10198 1.000000 0 0.6533 0.6869 0.3184 0.9627 0.3586 0.0000 806.023 54.322 238.928
10199 1.000000 0 0.6533 0.6869 0.3184 0.9627 0.3586 0.0000 806.023 54.322 238.928
10200 1.000000 0 0.6533 0.6869 0.3184 0.9627 0.3586 0.0000 806.023 54.356 238.928
10201 1.000000 0 0.6533 0.6869 0.3184 0.9627 0.3586 0.0000 806.023 54.391 238.927
10202 1.000000 0 0.6533 0.6869 0.3184 0.9627 0.3586 0.0000 806.023 54.425 238.927
10203 1.000000 0 0.6532 0.6870 0.3184 0.9627 0.3586 0.0000 805.977 54.656 238.915
10204 1.000000 0 0.6532 0.6870 0.3184 0.9627 0.3586 0.0000 805.976 54.677 238.916
10205 1.000000 0 0.6532 0.6870 0.3184 0.9627 0.3586 0.0000 805.976 54.705 238.918
10206 1.000000 0 0.6531 0.6871 0.3184 0.9627 0.3586 0.0000 805.981 54.725 238.921
10207 1.000000 0 0.6531 0.6871 0.3184 0.9627 0.3586 0.0000 805.986 54.744 238.925
10208 1.000000 0 0.6531 0.6871 0.3184 0.9627 0.3586 0.0000 805.994 54.765 238.929
10209 1.000000 0 0.6531 0.6871 0.3184 0.9627 0.3586 0.0000 806.002 54.787 238.933
10210 1.000000 0 0.6531 0.6871 0.3184 0.9627 0.3586 0.0000 806.010 54.808 238.938
10211 1.000000 0 0.6531 0.6871 0.3184 0.9627 0.3586 0.0000 806.017 54.829 238.942
10212 1.000000 0 0.6531 0.6871 0.3184 0.9627 0.3586 0.0000 806.023 54.850 238.945
10213 1.000000 0 0.6531 0.6871 0.3184 0.9627 0.3586 0.0000 806.029 54.872 238.948
10214 1.000000 0 0.6530 0.6871 0.3184 0.9627 0.3586 0.0000 806.033 54.893 238.949
10215 1.000000 0 0.6530 0.6872 0.3184 0.9627 0.3586 0.0000 806.038 54.913 238.950
10216 1.000000 0 0.6530 0.6872 0.3184 0.9627 0.3586 0.0000 806.041 54.934 238.950
10217 1.000000 0 0.6530 0.6872 0.3184 0.9627 0.3586 0.0000 806.043 54.954 238.949
10218 1.000000 0 0.6530 0.6872 0.3184 0.9627 0.3586 0.0000 806.046 54.972 238.948
10219 1.000000 0 0.6530 0.6872 0.3184 0.9627 0.3586 0.0000 806.049 54.991 238.947
10220 1.000000 0 0.6530 0.6872 0.3183 0.9627 0.3586 0.0000 806.053 55.016 238.945
10221 1.000000 0 0.6530 0.6872 0.3183 0.9627 0.3586 0.0000 806.055 55.026 238.944
10222 1.000000 0 0.6530 0.6872 0.3183 0.9627 0.3586 0.0000 806.058 55.043 238.943
10223 1.000000 0 0.6529 0.6873 0.3183 0.9627 0.3586 0.0000 806.060 55.058 238.941
10224 1.000000 0 0.6529 0.6873 0.3183 0.9627 0.3586 0.0000 806.063 55.073 238.940
10225 1.000000 0 0.6529 0.6873 0.3183 0.9627 0.3586 0.0000 806.066 55.088 238.939
10226 1.000000 0 0.6529 0.6873 0.3183 0.9627 0.3586 0.0000 806.071 55.092 238.938
10227 1.000000 0 0.6529 0.6873 0.3183 0.9627 0.3586 0.0000 806.077 55.096 238.938
10228 1.000000 0 0.6529 0.6873 0.3183 0.9627 0.3586 0.0000 806.081 55.097 238.937
10229 1.000000 0 0.6529 0.6873 0.3183 0.9627 0.3586 0.0000 806.085 55.099 238.936
10230 1.000000 0 0.6529 0.6873 0.3183 0.9627 0.3586 0.0000 806.089 55.100 238.935
10231 1.000000 0 0.6528 0.6874 0.3183 0.9627 0.3586 0.0000 806.093 55.102 238.935
10232 1.000000 0 0.6528 0.6874 0.3183 0.9627 0.3586 0.0000 806.096 55.103 238.934
10233 1.000000 0 0.6528 0.6874 0.3183 0.9627 0.3586 0.0000 806.100 55.104 238.933
10234 1.000000 0 0.6528 0.6874 0.3183 0.9627 0.3586 0.0000 806.103 55.105 238.932
10235 1.000000 0 0.6528 0.6874 0.3183 0.9627 0.3586 0.0000 806.106 55.106 238.930
10236 1.000000 0 0.6528 0.6874 0.3183 0.9627 0.3586 0.0000 806.108 55.107 238.929
10237 1.000000 0 0.6528 0.6874 0.3183 0.9627 0.3586 0.0000 806.111 55.108 238.928
10238 1.000000 0 0.6528 0.6874 0.3183 0.9627 0.3586 0.0000 806.113 55.108 238.927
10239 1.000000 0 0.6527 0.6875 0.3183 0.9627 0.3586 0.0000 806.115 55.109 238.926
10240 1.000000 0 0.6527 0.6875 0.3183 0.9627 0.3586 0.0000 806.117 55.110 238.924
10241 1.000000 0 0.6527 0.6875 0.3183 0.9627 0.3586 0.0000 806.118 55.110 238.923
10242 1.000000 0 0.6527 0.6875 0.3183 0.9627 0.3586 0.0000 806.120 55.110 238.921
10243 1.000000 0 0.6527 0.6875 0.3183 0.9627 0.3586 0.0000 806.121 55.111 238.920
10244 1.000000 0 0.6527 0.6875 0.3183 0.9627 0.3586 0.0000 806.122 55.111 238.918
10245 1.000000 0 0.6527 0.6875 0.3183 0.9627 0.3586 0.0000 806.123 55.111 238.917
10246 1.000000 0 0.6527 0.6875 0.3183 0.9627 0.3586 0.0000 806.123 55.111 238.915
10247 1.000000 0 0.6526 0.6876 0.3183 0.9627 0.3586 0.0000 806.123 55.111 238.914
10248 1.000000 0 0.6526 0.6876 0.3183 0.9627 0.3586 0.0000 806.124 55.110 238.912
10249 1.000000 0 0.6526 0.6876 0.3183 0.9627 0.3586 0.0000 806.124 55.109 238.911
10250 1.000000 0 0.6526 0.6876 0.3183 0.9627 0.3586 0.0000 806.106 55.103 238.904
10251 1.000000 0 0.6526 0.6876 0.3183 0.9627 0.3586 0.0000 806.098 55.101 238.902
10252 1.000000 0 0.6526 0.6876 0.3183 0.9627 0.3586 0.0000 806.097 55.097 238.900
10253 1.000000 0 0.6526 0.6876 0.3183 0.9627 0.3586 0.0000 806.097 55.093 238.898
10254 1.000000 0 0.6526 0.6876 0.3183 0.9627 0.3586 0.0000 806.086 55.087 238.894
10255 1.000000 0 0.6526 0.6877 0.3183 0.9627 0.3586 0.0000 806.075 55.082 238.890
10256 1.000000 0 0.6525 0.6877 0.3183 0.9627 0.3586 0.0000 806.074 55.075 238.888
10257 1.000000 0 0.6525 0.6877 0.3183 0.9627 0.3586 0.0000 806.075 55.068 238.887
10258 1.000000 0 0.6525 0.6877 0.3183 0.9627 0.3586 0.0000 806.073 55.059 238.884
10259 1.000000 0 0.6525 0.6877 0.3183 0.9627 0.3586 0.0000 806.070 55.049 238.882
10260 1.000000 0 0.6525 0.6877 0.3183 0.9627 0.3586 0.0000 806.071 55.039 238.880
10261 1.000000 0 0.6525 0.6877 0.3183 0.9627 0.3586 0.0000 806.071 55.030 238.879
10262 1.000000 0 0.6525 0.6877 0.3183 0.9627 0.3586 0.0000 806.068 55.017 238.876
10263 1.000000 0 0.6525 0.6878 0.3183 0.9627 0.3586 0.0000 806.065 54.999 238.873
10264 1.000000 0 0.6524 0.6878 0.3183 0.9627 0.3586 0.0000 806.066 54.984 238.871
10265 1.000000 0 0.6524 0.6878 0.3183 0.9627 0.3586 0.0000 806.064 54.974 238.870
10266 1.000000 0 0.6524 0.6878 0.3183 0.9627 0.3586 0.0000 806.062 54.966 238.868
10267 1.000000 0 0.6524 0.6878 0.3183 0.9627 0.3586 0.0000 806.058 54.951 238.866
10268 1.000000 0 0.6524 0.6878 0.3183 0.9627 0.3586 0.0000 806.059 54.935 238.864
10269 1.000000 0 0.6524 0.6878 0.3183 0.9627 0.3586 0.0000 806.059 54.920 238.862
10270 1.000000 0 0.6524 0.6878 0.3183 0.9627 0.3586 0.0000 806.055 54.903 238.860
10271 1.000000 0 0.6524 0.6878 0.3183 0.9627 0.3586 0.0000 806.050 54.885 238.857
10272 1.000000 0 0.6523 0.6879 0.3183 0.9627 0.3586 0.0000 806.050 54.868 238.855
10273 1.000000 0 0.6523 0.6879 0.3183 0.9627 0.3586 0.0000 806.040 54.811 238.848
10274 1.000000 0 0.6523 0.6879 0.3183 0.9627 0.3586 0.0000 806.040 54.789 238.847
10275 1.000000 0 0.6523 0.6879 0.3183 0.9627 0.3586 0.0000 806.040 54.769 238.845
10276 1.000000 0 0.6523 0.6879 0.3183 0.9627 0.3586 0.0000 806.028 54.746 238.841
10277 1.000000 0 0.6523 0.6879 0.3183 0.9627 0.3586 0.0000 806.016 54.724 238.837
10278 1.000000 0 0.6522 0.6880 0.3182 0.9627 0.3586 0.0000 806.016 54.653 238.837
10279 1.000000 0 0.6522 0.6880 0.3182 0.9627 0.3586 0.0000 806.019 54.549 238.840
10280 1.000000 0 0.6522 0.6880 0.3182 0.9627 0.3586 0.0000 806.019 54.544 238.841
10281 1.000000 0 0.6522 0.6880 0.3182 0.9627 0.3586 0.0000 806.026 54.489 238.848
10282 1.000000 0 0.6522 0.6880 0.3182 0.9627 0.3586 0.0000 806.027 54.485 238.849
10283 1.000000 0 0.6522 0.6880 0.3182 0.9627 0.3586 0.0000 806.031 54.448 238.853
10284 1.000000 0 0.6522 0.6880 0.3182 0.9627 0.3586 0.0000 806.034 54.422 238.857
10285 1.000000 0 0.6522 0.6881 0.3182 0.9627 0.3586 0.0000 806.038 54.394 238.860
10286 1.000000 0 0.6521 0.6881 0.3182 0.9627 0.3586 0.0000 806.040 54.362 238.864
10287 1.000000 0 0.6521 0.6881 0.3182 0.9627 0.3586 0.0000 806.036 54.355 238.866
10288 1.000000 0 0.6521 0.6881 0.3182 0.9627 0.3586 0.0000 806.030 54.343 238.867
10289 1.000000 0 0.6521 0.6881 0.3182 0.9627 0.3586 0.0000 806.035 54.337 238.871
10290 1.000000 0 0.6521 0.6881 0.3182 0.9627 0.3586 0.0000 806.041 54.332 238.876
10291 1.000000 0 0.6521 0.6881 0.3182 0.9627 0.3586 0.0000 806.040 54.320 238.878
10292 1.000000 0 0.6521 0.6881 0.3182 0.9627 0.3586 0.0000 806.040 54.310 238.880
10293 1.000000 0 0.6521 0.6882 0.3182 0.9627 0.3586 0.0000 806.039 54.301 238.881
10294 1.000000 0 0.6520 0.6882 0.3182 0.9627 0.3586 0.0000 806.039 54.289 238.883
10295 1.000000 0 0.6520 0.6882 0.3182 0.9627 0.3586 0.0000 806.040 54.307 238.885
10296 1.000000 0 0.6520 0.6882 0.3182 0.9627 0.3586 0.0000 806.041 54.327 238.888
10297 1.000000 0 0.6520 0.6882 0.3182 0.9627 0.3586 0.0000 806.039 54.334 238.889
10298 1.000000 0 0.6520 0.6882 0.3182 0.9627 0.3586 0.0000 806.033 54.335 238.894
10299 1.000000 0 0.6520 0.6883 0.3182 0.9627 0.3586 0.0000 806.033 54.332 238.895
10300 1.000000 0 0.6519 0.6883 0.3182 0.9627 0.3586 0.0000 806.033 54.329 238.896
10301 1.000000 0 0.6519 0.6883 0.3182 0.9627 0.3586 0.0000 806.033 54.328 238.899
10302 1.000000 0 0.6519 0.6883 0.3182 0.9627 0.3586 0.0000 806.034 54.327 238.901
10303 1.000000 0 0.6519 0.6883 0.3182 0.9627 0.3586 0.0000 806.032 54.333 238.902
10304 1.000000 0 0.6519 0.6883 0.3182 0.9627 0.3586 0.0000 806.030 54.338 238.904
10305 1.000000 0 0.6519 0.6883 0.3182 0.9627 0.3586 0.0000 806.029 54.337 238.906
10306 1.000000 0 0.6519 0.6883 0.3182 0.9627 0.3586 0.0000 806.028 54.335 238.907
10307 1.000000 0 0.6519 0.6884 0.3182 0.9627 0.3586 0.0000 806.027 54.330 238.909
10308 1.000000 0 0.6518 0.6884 0.3182 0.9627 0.3586 0.0000 806.027 54.327 238.911
10309 1.000000 0 0.6518 0.6884 0.3182 0.9627 0.3586 0.0000 806.027 54.326 238.913
10310 1.000000 0 0.6518 0.6884 0.3182 0.9627 0.3586 0.0000 806.028 54.325 238.914
10311 1.000000 0 0.6518 0.6884 0.3182 0.9627 0.3586 0.0000 806.026 54.331 238.916
10312 1.000000 0 0.6518 0.6884 0.3182 0.9627 0.3586 0.0000 806.024 54.336 238.919
10313 1.000000 0 0.6518 0.6884 0.3182 0.9627 0.3586 0.0000 806.023 54.335 238.919
10314 1.000000 0 0.6518 0.6884 0.3182 0.9627 0.3586 0.0000 806.022 54.332 238.920
10315 1.000000 0 0.6518 0.6884 0.3182 0.9627 0.3586 0.0000 806.021 54.329 238.922
10316 1.000000 0 0.6518 0.6885 0.3182 0.9627 0.3586 0.0000 806.021 54.325 238.923
10317 1.000000 0 0.6517 0.6885 0.3182 0.9627 0.3586 0.0000 806.022 54.321 238.925
10318 1.000000 0 0.6517 0.6885 0.3182 0.9627 0.3586 0.0000 806.023 54.317 238.927
10319 1.000000 0 0.6517 0.6885 0.3182 0.9627 0.3586 0.0000 806.025 54.318 238.928
10320 1.000000 0 0.6517 0.6885 0.3182 0.9627 0.3586 0.0000 806.027 54.319 238.929
10321 1.000000 0 0.6517 0.6885 0.3182 0.9627 0.3586 0.0000 806.025 54.324 238.930
10322 1.000000 0 0.6517 0.6885 0.3182 0.9627 0.3586 0.0000 806.021 54.329 238.931
10323 1.000000 0 0.6517 0.6885 0.3182 0.9627 0.3586 0.0000 806.021 54.328 238.931
10324 1.000000 0 0.6517 0.6886 0.3182 0.9627 0.3586 0.0000 806.019 54.327 238.930
10325 1.000000 0 0.6516 0.6886 0.3182 0.9627 0.3586 0.0000 806.020 54.323 238.930
10326 1.000000 0 0.6516 0.6886 0.3182 0.9627 0.3586 0.0000 806.021 54.319 238.930
10327 1.000000 0 0.6516 0.6886 0.3182 0.9627 0.3586 0.0000 806.022 54.319 238.930
10328 1.000000 0 0.6516 0.6886 0.3182 0.9627 0.3586 0.0000 806.024 54.320 238.930
10329 1.000000 0 0.6516 0.6886 0.3182 0.9627 0.3586 0.0000 806.023 54.325 238.932
10330 1.000000 0 0.6516 0.6886 0.3182 0.9627 0.3586 0.0000 806.022 54.330 238.933
10331 1.000000 0 0.6516 0.6886 0.3182 0.9627 0.3586 0.0000 806.020 54.329 238.932
10332 1.000000 0 0.6516 0.6887 0.3182 0.9627 0.3586 0.0000 806.019 54.327 238.931
10333 1.000000 0 0.6515 0.6887 0.3182 0.9627 0.3586 0.0000 806.020 54.324 238.931
10334 1.000000 0 0.6515 0.6887 0.3182 0.9627 0.3586 0.0000 806.021 54.320 238.931
10335 1.000000 0 0.6515 0.6887 0.3181 0.9627 0.3586 0.0000 806.023 54.319 238.931
10336 1.000000 0 0.6515 0.6887 0.3181 0.9627 0.3586 0.0000 806.024 54.321 238.932
10337 1.000000 0 0.6515 0.6887 0.3181 0.9627 0.3586 0.0000 806.023 54.324 238.933
10338 1.000000 0 0.6515 0.6887 0.3181 0.9627 0.3586 0.0000 806.021 54.330 238.934
10339 1.000000 0 0.6515 0.6887 0.3181 0.9627 0.3586 0.0000 806.020 54.328 238.933
10340 1.000000 0 0.6515 0.6888 0.3181 0.9627 0.3586 0.0000 806.019 54.326 238.932
10341 1.000000 0 0.6514 0.6888 0.3181 0.9627 0.3586 0.0000 806.020 54.323 238.932
10342 1.000000 0 0.6514 0.6888 0.3181 0.9627 0.3586 0.0000 806.021 54.319 238.932
10343 1.000000 0 0.6514 0.6888 0.3181 0.9627 0.3586 0.0000 806.023 54.319 238.932
10344 1.000000 0 0.6514 0.6888 0.3181 0.9627 0.3586 0.0000 806.025 54.319 238.933
10345 1.000000 0 0.6514 0.6888 0.3181 0.9627 0.3586 0.0000 806.023 54.324 238.934
10346 1.000000 0 0.6514 0.6888 0.3181 0.9627 0.3586 0.0000 806.021 54.329 238.935
10347 1.000000 0 0.6514 0.6889 0.3181 0.9627 0.3586 0.0000 806.019 54.328 238.934
10348 1.000000 0 0.6514 0.6889 0.3181 0.9627 0.3586 0.0000 806.018 54.328 238.934
10349 1.000000 0 0.6514 0.6889 0.3181 0.9627 0.3586 0.0000 806.019 54.324 238.934
10350 1.000000 0 0.6513 0.6889 0.3181 0.9627 0.3586 0.0000 806.020 54.321 238.933
10351 1.000000 0 0.6513 0.6889 0.3181 0.9627 0.3586 0.0000 806.022 54.320 238.934
10352 1.000000 0 0.6513 0.6889 0.3181 0.9627 0.3586 0.0000 806.023 54.319 238.934
10353 1.000000 0 0.6513 0.6889 0.3181 0.9627 0.3586 0.0000 806.022 54.325 238.935
10354 1.000000 0 0.6513 0.6889 0.3181 0.9627 0.3586 0.0000 806.021 54.329 238.936
10355 1.000000 0 0.6513 0.6889 0.3181 0.9627 0.3586 0.0000 806.019 54.329 238.936
10356 1.000000 0 0.6513 0.6890 0.3181 0.9627 0.3586 0.0000 806.018 54.328 238.935
10357 1.000000 0 0.6513 0.6890 0.3181 0.9627 0.3586 0.0000 806.018 54.325 238.935
10358 1.000000 0 0.6512 0.6890 0.3181 0.9627 0.3586 0.0000 806.019 54.321 238.935
10359 1.000000 0 0.6512 0.6890 0.3181 0.9627 0.3586 0.0000 806.021 54.320 238.935
10360 1.000000 0 0.6512 0.6890 0.3181 0.9627 0.3586 0.0000 806.022 54.319 238.935
10361 1.000000 0 0.6512 0.6890 0.3181 0.9627 0.3586 0.0000 806.021 54.326 238.937
10362 1.000000 0 0.6512 0.6890 0.3181 0.9627 0.3586 0.0000 806.021 54.329 238.938
10363 1.000000 0 0.6512 0.6890 0.3181 0.9627 0.3586 0.0000 806.019 54.328 238.937
10364 1.000000 0 0.6512 0.6890 0.3181 0.9627 0.3586 0.0000 806.018 54.326 238.936
10365 1.000000 0 0.6512 0.6891 0.3181 0.9627 0.3586 0.0000 806.019 54.321 238.936
10366 1.000000 0 0.6511 0.6891 0.3181 0.9627 0.3586 0.0000 806.020 54.319 238.936
10367 1.000000 0 0.6511 0.6891 0.3181 0.9627 0.3586 0.0000 806.022 54.318 238.936
10368 1.000000 0 0.6511 0.6891 0.3181 0.9627 0.3586 0.0000 806.023 54.318 238.936
10369 1.000000 0 0.6511 0.6891 0.3181 0.9627 0.3586 0.0000 806.022 54.323 238.937
10370 1.000000 0 0.6511 0.6891 0.3181 0.9627 0.3586 0.0000 806.020 54.328 238.938
10371 1.000000 0 0.6511 0.6891 0.3181 0.9627 0.3586 0.0000 806.020 54.327 238.938
10372 1.000000 0 0.6511 0.6891 0.3181 0.9627 0.3586 0.0000 806.018 54.325 238.937
10373 1.000000 0 0.6511 0.6892 0.3181 0.9627 0.3586 0.0000 806.019 54.321 238.937
10374 1.000000 0 0.6510 0.6892 0.3181 0.9627 0.3586 0.0000 806.020 54.318 238.936
10375 1.000000 0 0.6510 0.6892 0.3181 0.9627 0.3586 0.0000 806.022 54.317 238.937
10376 1.000000 0 0.6510 0.6892 0.3181 0.9627 0.3586 0.0000 806.024 54.317 238.937
10377 1.000000 0 0.6510 0.6892 0.3181 0.9627 0.3586 0.0000 806.022 54.322 238.938
10378 1.000000 0 0.6510 0.6892 0.3181 0.9627 0.3586 0.0000 806.020 54.327 238.939
10379 1.000000 0 0.6510 0.6892 0.3181 0.9627 0.3586 0.0000 806.019 54.326 238.939
10380 1.000000 0 0.6510 0.6893 0.3181 0.9627 0.3586 0.0000 806.018 54.323 238.938
10381 1.000000 0 0.6510 0.6893 0.3181 0.9627 0.3586 0.0000 806.019 54.321 238.938
10382 1.000000 0 0.6510 0.6893 0.3181 0.9627 0.3586 0.0000 806.020 54.317 238.937
10383 1.000000 0 0.6509 0.6893 0.3181 0.9627 0.3586 0.0000 806.022 54.317 238.938
10384 1.000000 0 0.6509 0.6893 0.3181 0.9627 0.3586 0.0000 806.024 54.317 238.938
10385 1.000000 0 0.6509 0.6893 0.3181 0.9627 0.3586 0.0000 806.022 54.322 238.939
10386 1.000000 0 0.6509 0.6893 0.3181 0.9627 0.3586 0.0000 806.021 54.327 238.940
10387 1.000000 0 0.6509 0.6893 0.3181 0.9627 0.3586 0.0000 806.019 54.326 238.940
10388 1.000000 0 0.6509 0.6893 0.3181 0.9627 0.3586 0.0000 806.018 54.322 238.939
10389 1.000000 0 0.6509 0.6894 0.3181 0.9627 0.3586 0.0000 806.019 54.320 238.938
10390 1.000000 0 0.6509 0.6894 0.3181 0.9627 0.3586 0.0000 806.020 54.317 238.938
10391 1.000000 0 0.6508 0.6894 0.3181 0.9627 0.3586 0.0000 806.022 54.316 238.939
10392 1.000000 0 0.6508 0.6894 0.3181 0.9627 0.3586 0.0000 806.024 54.316 238.939
10393 1.000000 0 0.6508 0.6894 0.3181 0.9627 0.3586 0.0000 806.022 54.321 238.940
10394 1.000000 0 0.6508 0.6894 0.3180 0.9627 0.3586 0.0000 806.020 54.327 238.941
10395 1.000000 0 0.6508 0.6894 0.3180 0.9627 0.3586 0.0000 806.018 54.326 238.941
10396 1.000000 0 0.6508 0.6894 0.3180 0.9627 0.3586 0.0000 806.017 54.324 238.940
10397 1.000000 0 0.6508 0.6895 0.3180 0.9627 0.3586 0.0000 806.018 54.322 238.940
10398 1.000000 0 0.6508 0.6895 0.3180 0.9627 0.3586 0.0000 806.019 54.318 238.940
10399 1.000000 0 0.6507 0.6895 0.3180 0.9627 0.3586 0.0000 806.020 54.318 238.940
10400 1.000000 0 0.6507 0.6895 0.3180 0.9627 0.3586 0.0000 806.022 54.317 238.940
10401 1.000000 0 0.6507 0.6895 0.3180 0.9627 0.3586 0.0000 806.021 54.322 238.941
10402 1.000000 0 0.6507 0.6895 0.3180 0.9627 0.3586 0.0000 806.019 54.327 238.942
10403 1.000000 0 0.6507 0.6895 0.3180 0.9627 0.3586 0.0000 806.018 54.327 238.942
10404 1.000000 0 0.6507 0.6895 0.3180 0.9627 0.3586 0.0000 806.016 54.326 238.942
10405 1.000000 0 0.6507 0.6896 0.3180 0.9627 0.3586 0.0000 806.017 54.321 238.941
10406 1.000000 0 0.6507 0.6896 0.3180 0.9627 0.3586 0.0000 806.018 54.319 238.941
10407 1.000000 0 0.6506 0.6896 0.3180 0.9627 0.3586 0.0000 806.020 54.318 238.941
10408 1.000000 0 0.6506 0.6896 0.3180 0.9627 0.3586 0.0000 806.021 54.317 238.941
10409 1.000000 0 0.6506 0.6896 0.3180 0.9627 0.3586 0.0000 806.020 54.322 238.942
10410 1.000000 0 0.6506 0.6896 0.3180 0.9627 0.3586 0.0000 806.020 54.327 238.944
10411 1.000000 0 0.6506 0.6896 0.3180 0.9627 0.3586 0.0000 806.018 54.327 238.943
10412 1.000000 0 0.6506 0.6896 0.3180 0.9627 0.3586 0.0000 806.016 54.326 238.943
10413 1.000000 0 0.6506 0.6896 0.3180 0.9627 0.3586 0.0000 806.017 54.322 238.942
10414 1.000000 0 0.6506 0.6897 0.3180 0.9627 0.3586 0.0000 806.018 54.319 238.942
10415 1.000000 0 0.6505 0.6897 0.3180 0.9627 0.3586 0.0000 806.020 54.317 238.942
10416 1.000000 0 0.6505 0.6897 0.3180 0.9627 0.3586 0.0000 806.021 54.316 238.942
10417 1.000000 0 0.6505 0.6897 0.3180 0.9627 0.3586 0.0000 806.020 54.321 238.943
10418 1.000000 0 0.6505 0.6897 0.3180 0.9627 0.3586 0.0000 806.019 54.327 238.945
10419 1.000000 0 0.6505 0.6897 0.3180 0.9627 0.3586 0.0000 806.017 54.326 238.944
10420 1.000000 0 0.6505 0.6897 0.3180 0.9627 0.3586 0.0000 806.016 54.325 238.944
10421 1.000000 0 0.6505 0.6897 0.3180 0.9627 0.3586 0.0000 806.017 54.322 238.944
10422 1.000000 0 0.6505 0.6898 0.3180 0.9627 0.3586 0.0000 806.018 54.318 238.943
10423 1.000000 0 0.6505 0.6898 0.3180 0.9627 0.3586 0.0000 806.019 54.317 238.943
10424 1.000000 0 0.6504 0.6898 0.3180 0.9627 0.3586 0.0000 806.021 54.316 238.943
10425 1.000000 0 0.6504 0.6898 0.3180 0.9627 0.3586 0.0000 806.020 54.321 238.945
10426 1.000000 0 0.6504 0.6898 0.3180 0.9627 0.3586 0.0000 806.019 54.326 238.946
10427 1.000000 0 0.6504 0.6898 0.3180 0.9627 0.3586 0.0000 806.018 54.325 238.945
10428 1.000000 0 0.6504 0.6898 0.3180 0.9627 0.3586 0.0000 806.017 54.323 238.944
10429 1.000000 0 0.6504 0.6898 0.3180 0.9627 0.3586 0.0000 806.017 54.319 238.944
10430 1.000000 0 0.6504 0.6899 0.3180 0.9627 0.3586 0.0000 806.018 54.316 238.944
10431 1.000000 0 0.6504 0.6899 0.3180 0.9627 0.3586 0.0000 806.020 54.315 238.944
10432 1.000000 0 0.6503 0.6899 0.3180 0.9627 0.3586 0.0000 806.022 54.315 238.944
10433 1.000000 0 0.6503 0.6899 0.3180 0.9627 0.3586 0.0000 806.020 54.322 238.946
10434 1.000000 0 0.6503 0.6899 0.3180 0.9627 0.3586 0.0000 806.019 54.325 238.947
10435 1.000000 0 0.6503 0.6899 0.3180 0.9627 0.3586 0.0000 806.018 54.323 238.946
10436 1.000000 0 0.6503 0.6899 0.3180 0.9627 0.3586 0.0000 806.017 54.322 238.945
10437 1.000000 0 0.6503 0.6899 0.3180 0.9627 0.3586 0.0000 806.018 54.318 238.945
10438 1.000000 0 0.6503 0.6900 0.3180 0.9627 0.3586 0.0000 806.019 54.315 238.944
10439 1.000000 0 0.6503 0.6900 0.3180 0.9627 0.3586 0.0000 806.020 54.314 238.945
10440 1.000000 0 0.6502 0.6900 0.3180 0.9627 0.3586 0.0000 806.022 54.314 238.945
10441 1.000000 0 0.6502 0.6900 0.3180 0.9627 0.3586 0.0000 806.021 54.319 238.946
10442 1.000000 0 0.6502 0.6900 0.3180 0.9627 0.3586 0.0000 806.019 54.325 238.947
10443 1.000000 0 0.6502 0.6900 0.3180 0.9627 0.3586 0.0000 806.017 54.324 238.947
10444 1.000000 0 0.6502 0.6900 0.3180 0.9627 0.3586 0.0000 806.016 54.323 238.946
10445 1.000000 0 0.6502 0.6900 0.3180 0.9627 0.3586 0.0000 806.017 54.320 238.946
10446 1.000000 0 0.6502 0.6901 0.3180 0.9627 0.3586 0.0000 806.018 54.317 238.946
10447 1.000000 0 0.6502 0.6901 0.3180 0.9627 0.3586 0.0000 806.019 54.315 238.946
10448 1.000000 0 0.6501 0.6901 0.3180 0.9627 0.3586 0.0000 806.021 54.315 238.946
10449 1.000000 0 0.6501 0.6901 0.3180 0.9627 0.3586 0.0000 806.020 54.321 238.948
10450 1.000000 0 0.6501 0.6901 0.3180 0.9627 0.3586 0.0000 806.019 54.325 238.949
10451 1.000000 0 0.6501 0.6901 0.3180 0.9627 0.3586 0.0000 806.018 54.324 238.948
10452 1.000000 0 0.6501 0.6901 0.3180 0.9627 0.3586 0.0000 806.016 54.321 238.947
10453 1.000000 0 0.6501 0.6901 0.3180 0.9627 0.3586 0.0000 806.017 54.318 238.946
10454 1.000000 0 0.6501 0.6902 0.3179 0.9627 0.3586 0.0000 806.018 54.315 238.946
10455 1.000000 0 0.6501 0.6902 0.3179 0.9627 0.3586 0.0000 806.020 54.314 238.947
10456 1.000000 0 0.6501 0.6902 0.3179 0.9627 0.3586 0.0000 806.022 54.314 238.947
10457 1.000000 0 0.6500 0.6902 0.3179 0.9627 0.3586 0.0000 806.020 54.321 238.948
10458 1.000000 0 0.6500 0.6902 0.3179 0.9627 0.3586 0.0000 806.018 54.324 238.949
10459 1.000000 0 0.6500 0.6902 0.3179 0.9627 0.3586 0.0000 806.017 54.324 238.949
10460 1.000000 0 0.6500 0.6902 0.3179 0.9627 0.3586 0.0000 806.015 54.323 238.948
10461 1.000000 0 0.6500 0.6902 0.3179 0.9627 0.3586 0.0000 806.016 54.319 238.948
10462 1.000000 0 0.6500 0.6902 0.3179 0.9627 0.3586 0.0000 806.017 54.316 238.948
10463 1.000000 0 0.6500 0.6903 0.3179 0.9627 0.3586 0.0000 806.019 54.315 238.948
10464 1.000000 0 0.6500 0.6903 0.3179 0.9627 0.3586 0.0000 806.020 54.314 238.948
10465 1.000000 0 0.6499 0.6903 0.3179 0.9627 0.3586 0.0000 806.020 54.314 238.948
10466 1.000000 0 0.6499 0.6903 0.3179 0.9627 0.3586 0.0000 806.019 54.319 238.949
10467 1.000000 0 0.6499 0.6903 0.3179 0.9627 0.3586 0.0000 806.019 54.320 238.949
10468 1.000000 0 0.6499 0.6903 0.3179 0.9627 0.3586 0.0000 806.018 54.324 238.950
10469 1.000000 0 0.6499 0.6903 0.3179 0.9627 0.3586 0.0000 806.017 54.322 238.950
10470 1.000000 0 0.6499 0.6903 0.3179 0.9627 0.3586 0.0000 806.016 54.320 238.949
10471 1.000000 0 0.6499 0.6904 0.3179 0.9627 0.3586 0.0000 806.016 54.316 238.948
10472 1.000000 0 0.6499 0.6904 0.3179 0.9627 0.3586 0.0000 806.017 54.313 238.948
10473 1.000000 0 0.6498 0.6904 0.3179 0.9627 0.3586 0.0000 806.019 54.313 238.948
10474 1.000000 0 0.6498 0.6904 0.3179 0.9627 0.3586 0.0000 806.021 54.313 238.949
10475 1.000000 0 0.6498 0.6904 0.3179 0.9627 0.3586 0.0000 806.020 54.318 238.950
10476 1.000000 0 0.6498 0.6904 0.3179 0.9627 0.3586 0.0000 806.018 54.324 238.951
10477 1.000000 0 0.6498 0.6904 0.3179 0.9627 0.3586 0.0000 806.017 54.323 238.950
10478 1.000000 0 0.6498 0.6904 0.3179 0.9627 0.3586 0.0000 806.015 54.321 238.950
10479 1.000000 0 0.6498 0.6905 0.3179 0.9627 0.3586 0.0000 806.016 54.319 238.949
10480 1.000000 0 0.6498 0.6905 0.3179 0.9627 0.3586 0.0000 806.017 54.316 238.949
10481 1.000000 0 0.6497 0.6905 0.3179 0.9627 0.3586 0.0000 806.019 54.314 238.949
10482 1.000000 0 0.6497 0.6905 0.3179 0.9627 0.3586 0.0000 806.020 54.313 238.949
10483 1.000000 0 0.6497 0.6905 0.3179 0.9627 0.3586 0.0000 806.019 54.319 238.951
10484 1.000000 0 0.6497 0.6905 0.3179 0.9627 0.3586 0.0000 806.018 54.324 238.952
10485 1.000000 0 0.6497 0.6905 0.3179 0.9627 0.3586 0.0000 806.017 54.322 238.951
10486 1.000000 0 0.6497 0.6905 0.3179 0.9627 0.3586 0.0000 806.016 54.320 238.950
10487 1.000000 0 0.6497 0.6906 0.3179 0.9627 0.3586 0.0000 806.016 54.317 238.950
10488 1.000000 0 0.6497 0.6906 0.3179 0.9627 0.3586 0.0000 806.017 54.314 238.950
10489 1.000000 0 0.6497 0.6906 0.3179 0.9627 0.3586 0.0000 806.019 54.313 238.950
10490 1.000000 0 0.6496 0.6906 0.3179 0.9627 0.3586 0.0000 806.021 54.312 238.950
10491 1.000000 0 0.6496 0.6906 0.3179 0.9627 0.3586 0.0000 806.020 54.318 238.951
10492 1.000000 0 0.6496 0.6906 0.3179 0.9627 0.3586 0.0000 806.018 54.323 238.953
10493 1.000000 0 0.6496 0.6906 0.3179 0.9627 0.3586 0.0000 806.017 54.322 238.952
10494 1.000000 0 0.6496 0.6906 0.3179 0.9627 0.3586 0.0000 806.015 54.321 238.951
10495 1.000000 0 0.6496 0.6907 0.3179 0.9627 0.3586 0.0000 806.016 54.318 238.951
10496 1.000000 0 0.6496 0.6907 0.3179 0.9627 0.3586 0.0000 806.017 54.315 238.951
10497 1.000000 0 0.6496 0.6907 0.3179 0.9627 0.3586 0.0000 806.018 54.314 238.951
10498 1.000000 0 0.6495 0.6907 0.3179 0.9627 0.3586 0.0000 806.020 54.313 238.951
10499 1.000000 0 0.6495 0.6907 0.3179 0.9627 0.3586 0.0000 806.019 54.313 238.951
10500 1.000000 0 0.6495 0.6907 0.3179 0.9627 0.3586 0.0000 806.019 54.313 238.951
10501 1.000000 0 0.6495 0.6907 0.3179 0.9627 0.3586 0.0000 806.019 54.311 238.951
10502 1.000000 0 0.6495 0.6907 0.3179 0.9627 0.3586 0.0000 806.020 54.310 238.951
10503 1.000000 0 0.6495 0.6908 0.3179 0.9627 0.3586 0.0000 806.019 54.309 238.951
10504 1.000000 0 0.6495 0.6908 0.3179 0.9627 0.3586 0.0000 806.019 54.308 238.951
10505 1.000000 0 0.6495 0.6908 0.3179 0.9627 0.3586 0.0000 806.018 54.314 238.952
10506 1.000000 0 0.6494 0.6908 0.3179 0.9627 0.3586 0.0000 806.018 54.319 238.953
10507 1.000000 0 0.6494 0.6908 0.3179 0.9627 0.3586 0.0000 806.016 54.318 238.953
10508 1.000000 0 0.6494 0.6908 0.3179 0.9627 0.3586 0.0000 806.015 54.316 238.952
10509 1.000000 0 0.6494 0.6908 0.3179 0.9627 0.3586 0.0000 806.016 54.314 238.951
10510 1.000000 0 0.6494 0.6908 0.3179 0.9627 0.3586 0.0000 806.017 54.312 238.951
10511 1.000000 0 0.6494 0.6908 0.3179 0.9627 0.3586 0.0000 806.019 54.312 238.951
10512 1.000000 0 0.6494 0.6909 0.3179 0.9627 0.3586 0.0000 806.020 54.312 238.952
10513 1.000000 0 0.6494 0.6909 0.3179 0.9627 0.3586 0.0000 806.019 54.317 238.953
10514 1.000000 0 0.6493 0.6909 0.3178 0.9627 0.3586 0.0000 806.018 54.323 238.954
10515 1.000000 0 0.6493 0.6909 0.3178 0.9627 0.3586 0.0000 806.017 54.321 238.953
10516 1.000000 0 0.6493 0.6909 0.3178 0.9627 0.3586 0.0000 806.016 54.319 238.952
10517 1.000000 0 0.6493 0.6909 0.3178 0.9627 0.3586 0.0000 806.017 54.314 238.952
10518 1.000000 0 0.6493 0.6909 0.3178 0.9627 0.3586 0.0000 806.017 54.312 238.951
10519 1.000000 0 0.6493 0.6909 0.3178 0.9627 0.3586 0.0000 806.019 54.312 238.952
10520 1.000000 0 0.6493 0.6910 0.3178 0.9627 0.3586 0.0000 806.021 54.312 238.952
10521 1.000000 0 0.6493 0.6910 0.3178 0.9627 0.3586 0.0000 806.020 54.317 238.953
10522 1.000000 0 0.6492 0.6910 0.3178 0.9627 0.3586 0.0000 806.018 54.322 238.954
10523 1.000000 0 0.6492 0.6910 0.3178 0.9627 0.3586 0.0000 806.016 54.322 238.954
10524 1.000000 0 0.6492 0.6910 0.3178 0.9627 0.3586 0.0000 806.015 54.321 238.953
10525 1.000000 0 0.6492 0.6910 0.3178 0.9627 0.3586 0.0000 806.015 54.317 238.953
10526 1.000000 0 0.6492 0.6910 0.3178 0.9627 0.3586 0.0000 806.016 54.314 238.953
10527 1.000000 0 0.6492 0.6910 0.3178 0.9627 0.3586 0.0000 806.018 54.313 238.953
10528 1.000000 0 0.6492 0.6911 0.3178 0.9627 0.3586 0.0000 806.020 54.312 238.953
10529 1.000000 0 0.6492 0.6911 0.3178 0.9627 0.3586 0.0000 806.019 54.317 238.954
10530 1.000000 0 0.6492 0.6911 0.3178 0.9627 0.3586 0.0000 806.018 54.323 238.955
10531 1.000000 0 0.6491 0.6911 0.3178 0.9627 0.3586 0.0000 806.015 54.322 238.955
10532 1.000000 0 0.6491 0.6911 0.3178 0.9627 0.3586 0.0000 806.014 54.321 238.954
10533 1.000000 0 0.6491 0.6911 0.3178 0.9627 0.3586 0.0000 806.015 54.318 238.954
10534 1.000000 0 0.6491 0.6911 0.3178 0.9627 0.3586 0.0000 806.016 54.314 238.954
10535 1.000000 0 0.6491 0.6911 0.3178 0.9627 0.3586 0.0000 806.017 54.313 238.954
10536 1.000000 0 0.6491 0.6912 0.3178 0.9627 0.3586 0.0000 806.019 54.312 238.954
10537 1.000000 0 0.6491 0.6912 0.3178 0.9627 0.3586 0.0000 806.018 54.317 238.955
10538 1.000000 0 0.6491 0.6912 0.3178 0.9627 0.3586 0.0000 806.018 54.323 238.956
10539 1.000000 0 0.6490 0.6912 0.3178 0.9627 0.3586 0.0000 806.016 54.321 238.956
10540 1.000000 0 0.6490 0.6912 0.3178 0.9627 0.3586 0.0000 806.015 54.319 238.955
10541 1.000000 0 0.6490 0.6912 0.3178 0.9627 0.3586 0.0000 806.016 54.315 238.954
10542 1.000000 0 0.6490 0.6912 0.3178 0.9627 0.3586 0.0000 806.017 54.312 238.954
10543 1.000000 0 0.6490 0.6912 0.3178 0.9627 0.3586 0.0000 806.018 54.311 238.954
10544 1.000000 0 0.6490 0.6913 0.3178 0.9627 0.3586 0.0000 806.020 54.311 238.955
10545 1.000000 0 0.6490 0.6913 0.3178 0.9627 0.3586 0.0000 806.019 54.316 238.956
10546 1.000000 0 0.6490 0.6913 0.3178 0.9627 0.3586 0.0000 806.017 54.321 238.957
10547 1.000000 0 0.6489 0.6913 0.3178 0.9627 0.3586 0.0000 806.016 54.321 238.956
10548 1.000000 0 0.6489 0.6913 0.3178 0.9627 0.3586 0.0000 806.014 54.320 238.956
10549 1.000000 0 0.6489 0.6913 0.3178 0.9627 0.3586 0.0000 806.015 54.316 238.955
10550 1.000000 0 0.6489 0.6913 0.3178 0.9627 0.3586 0.0000 806.016 54.313 238.955
10551 1.000000 0 0.6489 0.6913 0.3178 0.9627 0.3586 0.0000 806.017 54.312 238.955
10552 1.000000 0 0.6489 0.6913 0.3178 0.9627 0.3586 0.0000 806.019 54.311 238.955
10553 1.000000 0 0.6489 0.6914 0.3178 0.9627 0.3586 0.0000 806.018 54.316 238.957
10554 1.000000 0 0.6489 0.6914 0.3178 0.9627 0.3586 0.0000 806.017 54.322 238.958
10555 1.000000 0 0.6488 0.6914 0.3178 0.9627 0.3586 0.0000 806.016 54.320 238.957
10556 1.000000 0 0.6488 0.6914 0.3178 0.9627 0.3586 0.0000 806.015 54.318 238.956
10557 1.000000 0 0.6488 0.6914 0.3178 0.9627 0.3586 0.0000 806.016 54.315 238.956
10558 1.000000 0 0.6488 0.6914 0.3178 0.9627 0.3586 0.0000 806.016 54.311 238.955
10559 1.000000 0 0.6488 0.6914 0.3178 0.9627 0.3586 0.0000 806.018 54.311 238.956
10560 1.000000 0 0.6488 0.6914 0.3178 0.9627 0.3586 0.0000 806.020 54.310 238.956
10561 1.000000 0 0.6488 0.6915 0.3178 0.9627 0.3586 0.0000 806.019 54.315 238.957
10562 1.000000 0 0.6488 0.6915 0.3178 0.9627 0.3586 0.0000 806.018 54.321 238.958
10563 1.000000 0 0.6487 0.6915 0.3178 0.9627 0.3586 0.0000 806.016 54.320 238.958
10564 1.000000 0 0.6487 0.6916 0.3178 0.9627 0.3586 0.0000 806.016 54.320 238.958
10565 1.000000 0 0.6486 0.6916 0.3178 0.9627 0.3586 0.0000 806.016 54.319 238.958
10566 1.000000 0 0.6486 0.6916 0.3178 0.9627 0.3586 0.0000 806.016 54.313 238.957
10567 1.000000 0 0.6486 0.6916 0.3177 0.9627 0.3586 0.0000 806.016 54.313 238.957
10568 1.000000 0 0.6486 0.6916 0.3177 0.9627 0.3586 0.0000 806.018 54.310 238.957
10569 1.000000 0 0.6486 0.6916 0.3177 0.9627 0.3586 0.0000 806.020 54.310 238.957
10570 1.000000 0 0.6486 0.6917 0.3177 0.9627 0.3586 0.0000 806.019 54.315 238.959
10571 1.000000 0 0.6486 0.6917 0.3177 0.9627 0.3586 0.0000 806.016 54.320 238.960
10572 1.000000 0 0.6486 0.6917 0.3177 0.9627 0.3586 0.0000 806.015 54.319 238.959
10573 1.000000 0 0.6485 0.6917 0.3177 0.9627 0.3586 0.0000 806.014 54.318 238.958
10574 1.000000 0 0.6485 0.6917 0.3177 0.9627 0.3586 0.0000 806.014 54.316 238.958
10575 1.000000 0 0.6485 0.6917 0.3177 0.9627 0.3586 0.0000 806.015 54.312 238.958
10576 1.000000 0 0.6485 0.6917 0.3177 0.9627 0.3586 0.0000 806.017 54.311 238.958
10577 1.000000 0 0.6485 0.6917 0.3177 0.9627 0.3586 0.0000 806.018 54.312 238.959
10578 1.000000 0 0.6485 0.6918 0.3177 0.9627 0.3586 0.0000 806.018 54.315 238.959
10579 1.000000 0 0.6485 0.6918 0.3177 0.9627 0.3586 0.0000 806.017 54.321 238.961
10580 1.000000 0 0.6485 0.6918 0.3177 0.9627 0.3586 0.0000 806.016 54.319 238.960
10581 1.000000 0 0.6484 0.6918 0.3177 0.9627 0.3586 0.0000 806.014 54.317 238.959
10582 1.000000 0 0.6484 0.6918 0.3177 0.9627 0.3586 0.0000 806.015 54.314 238.958
10583 1.000000 0 0.6484 0.6918 0.3177 0.9627 0.3586 0.0000 806.016 54.310 238.958
10584 1.000000 0 0.6484 0.6918 0.3177 0.9627 0.3586 0.0000 806.018 54.310 238.958
10585 1.000000 0 0.6484 0.6918 0.3177 0.9627 0.3586 0.0000 806.020 54.309 238.959
10586 1.000000 0 0.6484 0.6919 0.3177 0.9627 0.3586 0.0000 806.018 54.317 238.960
10587 1.000000 0 0.6484 0.6919 0.3177 0.9627 0.3586 0.0000 806.017 54.320 238.961
10588 1.000000 0 0.6484 0.6919 0.3177 0.9627 0.3586 0.0000 806.015 54.319 238.960
10589 1.000000 0 0.6483 0.6919 0.3177 0.9627 0.3586 0.0000 806.013 54.318 238.960
10590 1.000000 0 0.6483 0.6919 0.3177 0.9627 0.3586 0.0000 806.014 54.315 238.960
10591 1.000000 0 0.6483 0.6919 0.3177 0.9627 0.3586 0.0000 806.015 54.312 238.959
10592 1.000000 0 0.6483 0.6919 0.3177 0.9627 0.3586 0.0000 806.017 54.311 238.959
10593 1.000000 0 0.6483 0.6919 0.3177 0.9627 0.3586 0.0000 806.018 54.310 238.959
10594 1.000000 0 0.6483 0.6919 0.3177 0.9627 0.3586 0.0000 806.017 54.315 238.961
10595 1.000000 0 0.6483 0.6920 0.3177 0.9627 0.3586 0.0000 806.016 54.320 238.962
10596 1.000000 0 0.6483 0.6920 0.3177 0.9627 0.3586 0.0000 806.015 54.319 238.961
10597 1.000000 0 0.6482 0.6920 0.3177 0.9627 0.3586 0.0000 806.014 54.317 238.960
10598 1.000000 0 0.6482 0.6920 0.3177 0.9627 0.3586 0.0000 806.015 54.313 238.960
10599 1.000000 0 0.6482 0.6920 0.3177 0.9627 0.3586 0.0000 806.016 54.309 238.960
10600 1.000000 0 0.6482 0.6920 0.3177 0.9627 0.3586 0.0000 806.018 54.309 238.960
10601 1.000000 0 0.6482 0.6920 0.3177 0.9627 0.3586 0.0000 806.019 54.311 238.961
10602 1.000000 0 0.6481 0.6922 0.3177 0.9627 0.3586 0.0000 806.015 54.317 238.962
10603 1.000000 0 0.6481 0.6922 0.3177 0.9627 0.3586 0.0000 806.014 54.315 238.961
10604 1.000000 0 0.6480 0.6922 0.3177 0.9627 0.3586 0.0000 806.015 54.312 238.960
10605 1.000000 0 0.6480 0.6922 0.3177 0.9627 0.3586 0.0000 806.016 54.309 238.960
10606 1.000000 0 0.6480 0.6922 0.3177 0.9627 0.3586 0.0000 806.018 54.308 238.961
10607 1.000000 0 0.6480 0.6922 0.3177 0.9627 0.3586 0.0000 806.020 54.308 238.961
10608 1.000000 0 0.6480 0.6922 0.3177 0.9627 0.3586 0.0000 806.018 54.313 238.962
10609 1.000000 0 0.6480 0.6923 0.3177 0.9627 0.3586 0.0000 806.017 54.319 238.963
10610 1.000000 0 0.6480 0.6923 0.3177 0.9627 0.3586 0.0000 806.015 54.318 238.963
10611 1.000000 0 0.6480 0.6923 0.3177 0.9627 0.3586 0.0000 806.013 54.317 238.962
10612 1.000000 0 0.6479 0.6923 0.3177 0.9627 0.3586 0.0000 806.014 54.314 238.962
10613 1.000000 0 0.6479 0.6923 0.3177 0.9627 0.3586 0.0000 806.015 54.311 238.961
10614 1.000000 0 0.6479 0.6923 0.3177 0.9627 0.3586 0.0000 806.017 54.310 238.961
10615 1.000000 0 0.6479 0.6923 0.3177 0.9627 0.3586 0.0000 806.018 54.309 238.962
10616 1.000000 0 0.6479 0.6923 0.3177 0.9627 0.3586 0.0000 806.017 54.314 238.963
10617 1.000000 0 0.6479 0.6923 0.3176 0.9627 0.3586 0.0000 806.016 54.319 238.964
10618 1.000000 0 0.6479 0.6924 0.3176 0.9627 0.3586 0.0000 806.015 54.319 238.964
10619 1.000000 0 0.6479 0.6924 0.3176 0.9627 0.3586 0.0000 806.013 54.318 238.963
10620 1.000000 0 0.6478 0.6924 0.3176 0.9627 0.3586 0.0000 806.014 54.314 238.963
10621 1.000000 0 0.6478 0.6924 0.3176 0.9627 0.3586 0.0000 806.014 54.311 238.962
10622 1.000000 0 0.6478 0.6924 0.3176 0.9627 0.3586 0.0000 806.016 54.310 238.962
10623 1.000000 0 0.6478 0.6924 0.3176 0.9627 0.3586 0.0000 806.018 54.309 238.962
10624 1.000000 0 0.6478 0.6924 0.3176 0.9627 0.3586 0.0000 806.016 54.316 238.964
10625 1.000000 0 0.6478 0.6924 0.3176 0.9627 0.3586 0.0000 806.016 54.319 238.965
10626 1.000000 0 0.6478 0.6925 0.3176 0.9627 0.3586 0.0000 806.014 54.319 238.964
10627 1.000000 0 0.6478 0.6925 0.3176 0.9627 0.3586 0.0000 806.013 54.318 238.964
10628 1.000000 0 0.6477 0.6925 0.3176 0.9627 0.3586 0.0000 806.013 54.315 238.963
10629 1.000000 0 0.6477 0.6925 0.3176 0.9627 0.3586 0.0000 806.014 54.311 238.963
10630 1.000000 0 0.6477 0.6925 0.3176 0.9627 0.3586 0.0000 806.016 54.310 238.963
10631 1.000000 0 0.6477 0.6925 0.3176 0.9627 0.3586 0.0000 806.017 54.309 238.963
10632 1.000000 0 0.6477 0.6925 0.3176 0.9627 0.3586 0.0000 806.017 54.314 238.964
10633 1.000000 0 0.6477 0.6925 0.3176 0.9627 0.3586 0.0000 806.016 54.319 238.966
10634 1.000000 0 0.6477 0.6926 0.3176 0.9627 0.3586 0.0000 806.014 54.319 238.965
10635 1.000000 0 0.6477 0.6926 0.3176 0.9627 0.3586 0.0000 806.012 54.318 238.964
10636 1.000000 0 0.6476 0.6926 0.3176 0.9627 0.3586 0.0000 806.013 54.314 238.964
10637 1.000000 0 0.6476 0.6926 0.3176 0.9627 0.3586 0.0000 806.014 54.311 238.964
10638 1.000000 0 0.6476 0.6926 0.3176 0.9627 0.3586 0.0000 806.016 54.310 238.964
10639 1.000000 0 0.6476 0.6926 0.3176 0.9627 0.3586 0.0000 806.017 54.312 238.965
10640 1.000000 0 0.6476 0.6926 0.3176 0.9627 0.3586 0.0000 806.016 54.313 238.965
10641 1.000000 0 0.6476 0.6926 0.3176 0.9627 0.3586 0.0000 806.015 54.319 238.966
10642 1.000000 0 0.6476 0.6927 0.3176 0.9627 0.3586 0.0000 806.014 54.317 238.965
10643 1.000000 0 0.6476 0.6927 0.3176 0.9627 0.3586 0.0000 806.013 54.315 238.964
10644 1.000000 0 0.6476 0.6927 0.3176 0.9627 0.3586 0.0000 806.014 54.312 238.964
10645 1.000000 0 0.6475 0.6927 0.3176 0.9627 0.3586 0.0000 806.015 54.309 238.964
10646 1.000000 0 0.6475 0.6927 0.3176 0.9627 0.3586 0.0000 806.017 54.308 238.964
10647 1.000000 0 0.6475 0.6927 0.3176 0.9627 0.3586 0.0000 806.018 54.307 238.964
10648 1.000000 0 0.6475 0.6927 0.3176 0.9627 0.3586 0.0000 806.017 54.312 238.965
10649 1.000000 0 0.6475 0.6927 0.3176 0.9627 0.3586 0.0000 806.016 54.318 238.967
10650 1.000000 0 0.6475 0.6928 0.3176 0.9627 0.3586 0.0000 806.014 54.317 238.966
10651 1.000000 0 0.6475 0.6928 0.3176 0.9627 0.3586 0.0000 806.012 54.316 238.965
10652 1.000000 0 0.6475 0.6928 0.3176 0.9627 0.3586 0.0000 806.013 54.313 238.965
10653 1.000000 0 0.6474 0.6928 0.3176 0.9627 0.3586 0.0000 806.015 54.309 238.965
10654 1.000000 0 0.6474 0.6928 0.3176 0.9627 0.3586 0.0000 806.016 54.309 238.965
10655 1.000000 0 0.6474 0.6928 0.3176 0.9627 0.3586 0.0000 806.017 54.308 238.965
10656 1.000000 0 0.6474 0.6928 0.3176 0.9627 0.3586 0.0000 806.016 54.315 238.967
10657 1.000000 0 0.6474 0.6928 0.3176 0.9627 0.3586 0.0000 806.016 54.318 238.967
10658 1.000000 0 0.6474 0.6928 0.3176 0.9627 0.3586 0.0000 806.014 54.317 238.966
10659 1.000000 0 0.6474 0.6929 0.3176 0.9627 0.3586 0.0000 806.013 54.315 238.965
10660 1.000000 0 0.6474 0.6929 0.3176 0.9627 0.3586 0.0000 806.014 54.311 238.965
10661 1.000000 0 0.6473 0.6929 0.3176 0.9627 0.3586 0.0000 806.015 54.308 238.965
10662 1.000000 0 0.6473 0.6929 0.3176 0.9627 0.3586 0.0000 806.017 54.307 238.965
10663 1.000000 0 0.6473 0.6929 0.3176 0.9627 0.3586 0.0000 806.019 54.307 238.965
10664 1.000000 0 0.6473 0.6929 0.3176 0.9627 0.3586 0.0000 806.017 54.312 238.966
10665 1.000000 0 0.6473 0.6929 0.3176 0.9627 0.3586 0.0000 806.015 54.317 238.968
10666 1.000000 0 0.6473 0.6929 0.3176 0.9627 0.3586 0.0000 806.014 54.316 238.967
10667 1.000000 0 0.6473 0.6930 0.3176 0.9627 0.3586 0.0000 806.013 54.314 238.966
10668 1.000000 0 0.6473 0.6930 0.3176 0.9627 0.3586 0.0000 806.014 54.311 238.965
10669 1.000000 0 0.6472 0.6930 0.3176 0.9627 0.3586 0.0000 806.015 54.307 238.965
10670 1.000000 0 0.6472 0.6930 0.3176 0.9627 0.3586 0.0000 806.017 54.307 238.965
10671 1.000000 0 0.6472 0.6930 0.3176 0.9627 0.3586 0.0000 806.019 54.306 238.966
10672 1.000000 0 0.6472 0.6930 0.3176 0.9627 0.3586 0.0000 806.018 54.307 238.966
10673 1.000000 0 0.6472 0.6930 0.3176 0.9627 0.3586 0.0000 806.017 54.307 238.965
10674 1.000000 0 0.6472 0.6930 0.3176 0.9627 0.3586 0.0000 806.016 54.311 238.966
10675 1.000000 0 0.6472 0.6931 0.3176 0.9627 0.3586 0.0000 806.015 54.316 238.967
10676 1.000000 0 0.6472 0.6931 0.3175 0.9627 0.3586 0.0000 806.013 54.313 238.966
10677 1.000000 0 0.6471 0.6931 0.3175 0.9627 0.3586 0.0000 806.013 54.312 238.966
10678 1.000000 0 0.6471 0.6931 0.3175 0.9627 0.3586 0.0000 806.015 54.306 238.965
10679 1.000000 0 0.6471 0.6931 0.3175 0.9627 0.3586 0.0000 806.016 54.306 238.965
10680 1.000000 0 0.6471 0.6931 0.3175 0.9627 0.3586 0.0000 806.018 54.307 238.966
10681 1.000000 0 0.6471 0.6931 0.3175 0.9627 0.3586 0.0000 806.017 54.312 238.967
10682 1.000000 0 0.6471 0.6932 0.3175 0.9627 0.3586 0.0000 806.015 54.317 238.968
10683 1.000000 0 0.6471 0.6932 0.3175 0.9627 0.3586 0.0000 806.014 54.316 238.967
10684 1.000000 0 0.6471 0.6932 0.3175 0.9627 0.3586 0.0000 806.013 54.314 238.966
10685 1.000000 0 0.6470 0.6932 0.3175 0.9627 0.3586 0.0000 806.014 54.310 238.966
10686 1.000000 0 0.6470 0.6932 0.3175 0.9627 0.3586 0.0000 806.015 54.307 238.965
10687 1.000000 0 0.6470 0.6932 0.3175 0.9627 0.3586 0.0000 806.017 54.307 238.966
10688 1.000000 0 0.6470 0.6932 0.3175 0.9627 0.3586 0.0000 806.019 54.306 238.966
10689 1.000000 0 0.6470 0.6932 0.3175 0.9627 0.3586 0.0000 806.017 54.311 238.967
10690 1.000000 0 0.6470 0.6932 0.3175 0.9627 0.3586 0.0000 806.016 54.317 238.968
10691 1.000000 0 0.6470 0.6933 0.3175 0.9627 0.3586 0.0000 806.014 54.316 238.968
10692 1.000000 0 0.6470 0.6933 0.3175 0.9627 0.3586 0.0000 806.012 54.315 238.967
10693 1.000000 0 0.6469 0.6933 0.3175 0.9627 0.3586 0.0000 806.013 54.312 238.967
10694 1.000000 0 0.6469 0.6933 0.3175 0.9627 0.3586 0.0000 806.014 54.309 238.966
10695 1.000000 0 0.6469 0.6933 0.3175 0.9627 0.3586 0.0000 806.016 54.308 238.967
10696 1.000000 0 0.6469 0.6933 0.3175 0.9627 0.3586 0.0000 806.017 54.307 238.967
10697 1.000000 0 0.6469 0.6933 0.3175 0.9627 0.3586 0.0000 806.016 54.312 238.968
10698 1.000000 0 0.6469 0.6933 0.3175 0.9627 0.3586 0.0000 806.015 54.317 238.969
10699 1.000000 0 0.6469 0.6934 0.3175 0.9627 0.3586 0.0000 806.014 54.317 238.969
10700 1.000000 0 0.6469 0.6934 0.3175 0.9627 0.3586 0.0000 806.012 54.316 238.968
10701 1.000000 0 0.6468 0.6934 0.3175 0.9627 0.3586 0.0000 806.013 54.313 238.968
10702 1.000000 0 0.6468 0.6934 0.3175 0.9627 0.3586 0.0000 806.014 54.309 238.967
10703 1.000000 0 0.6468 0.6934 0.3175 0.9627 0.3586 0.0000 806.015 54.308 238.967
10704 1.000000 0 0.6468 0.6934 0.3175 0.9627 0.3586 0.0000 806.017 54.307 238.967
10705 1.000000 0 0.6468 0.6934 0.3175 0.9627 0.3586 0.0000 806.016 54.312 238.968
10706 1.000000 0 0.6468 0.6934 0.3175 0.9627 0.3586 0.0000 806.015 54.317 238.970
10707 1.000000 0 0.6468 0.6935 0.3175 0.9627 0.3586 0.0000 806.013 54.317 238.969
10708 1.000000 0 0.6468 0.6935 0.3175 0.9627 0.3586 0.0000 806.012 54.316 238.969
10709 1.000000 0 0.6467 0.6935 0.3175 0.9627 0.3586 0.0000 806.013 54.311 238.968
10710 1.000000 0 0.6467 0.6935 0.3175 0.9627 0.3586 0.0000 806.013 54.309 238.968
10711 1.000000 0 0.6467 0.6935 0.3175 0.9627 0.3586 0.0000 806.015 54.308 238.968
10712 1.000000 0 0.6467 0.6935 0.3175 0.9627 0.3586 0.0000 806.016 54.307 238.968
10713 1.000000 0 0.6467 0.6935 0.3175 0.9627 0.3586 0.0000 806.015 54.314 238.970
10714 1.000000 0 0.6467 0.6935 0.3175 0.9627 0.3586 0.0000 806.015 54.317 238.970
10715 1.000000 0 0.6467 0.6936 0.3175 0.9627 0.3586 0.0000 806.014 54.316 238.970
10716 1.000000 0 0.6467 0.6936 0.3175 0.9627 0.3586 0.0000 806.013 54.314 238.969
10717 1.000000 0 0.6466 0.6936 0.3175 0.9627 0.3586 0.0000 806.013 54.310 238.968
10718 1.000000 0 0.6466 0.6936 0.3175 0.9627 0.3586 0.0000 806.014 54.307 238.968
10719 1.000000 0 0.6466 0.6936 0.3175 0.9627 0.3586 0.0000 806.017 54.306 238.968
10720 1.000000 0 0.6466 0.6936 0.3175 0.9627 0.3586 0.0000 806.017 54.308 238.969
10721 1.000000 0 0.6466 0.6936 0.3175 0.9627 0.3586 0.0000 806.016 54.311 238.969
10722 1.000000 0 0.6466 0.6936 0.3175 0.9627 0.3586 0.0000 806.015 54.317 238.971
10723 1.000000 0 0.6466 0.6937 0.3175 0.9627 0.3586 0.0000 806.013 54.316 238.970
10724 1.000000 0 0.6466 0.6937 0.3175 0.9627 0.3586 0.0000 806.012 54.314 238.969
10725 1.000000 0 0.6465 0.6937 0.3175 0.9627 0.3586 0.0000 806.014 54.308 238.969
10726 1.000000 0 0.6465 0.6937 0.3175 0.9627 0.3586 0.0000 806.014 54.308 238.969
10727 1.000000 0 0.6465 0.6937 0.3175 0.9627 0.3586 0.0000 806.016 54.308 238.969
10728 1.000000 0 0.6465 0.6937 0.3175 0.9627 0.3586 0.0000 806.016 54.309 238.970
10729 1.000000 0 0.6465 0.6937 0.3175 0.9627 0.3586 0.0000 806.015 54.317 238.971
10730 1.000000 0 0.6465 0.6937 0.3175 0.9627 0.3586 0.0000 806.014 54.315 238.970
10731 1.000000 0 0.6465 0.6938 0.3175 0.9627 0.3586 0.0000 806.013 54.312 238.969
10732 1.000000 0 0.6465 0.6938 0.3175 0.9627 0.3586 0.0000 806.013 54.310 238.969
10733 1.000000 0 0.6464 0.6938 0.3175 0.9627 0.3586 0.0000 806.014 54.306 238.969
10734 1.000000 0 0.6464 0.6938 0.3174 0.9627 0.3586 0.0000 806.017 54.306 238.969
10735 1.000000 0 0.6464 0.6938 0.3174 0.9627 0.3586 0.0000 806.018 54.305 238.969
10736 1.000000 0 0.6464 0.6938 0.3174 0.9627 0.3586 0.0000 806.016 54.313 238.971
10737 1.000000 0 0.6464 0.6938 0.3174 0.9627 0.3586 0.0000 806.015 54.316 238.972
10738 1.000000 0 0.6464 0.6938 0.3174 0.9627 0.3586 0.0000 806.013 54.315 238.971
10739 1.000000 0 0.6464 0.6939 0.3174 0.9627 0.3586 0.0000 806.012 54.314 238.970
10740 1.000000 0 0.6464 0.6939 0.3174 0.9627 0.3586 0.0000 806.012 54.311 238.970
10741 1.000000 0 0.6463 0.6939 0.3174 0.9627 0.3586 0.0000 806.015 54.307 238.970
10742 1.000000 0 0.6463 0.6939 0.3174 0.9627 0.3586 0.0000 806.017 54.306 238.970
10743 1.000000 0 0.6463 0.6939 0.3174 0.9627 0.3586 0.0000 806.016 54.311 238.971
10744 1.000000 0 0.6463 0.6939 0.3174 0.9627 0.3586 0.0000 806.015 54.316 238.972
10745 1.000000 0 0.6463 0.6939 0.3174 0.9627 0.3586 0.0000 806.013 54.315 238.971
10746 1.000000 0 0.6463 0.6940 0.3174 0.9627 0.3586 0.0000 806.012 54.313 238.970
10747 1.000000 0 0.6463 0.6940 0.3174 0.9627 0.3586 0.0000 806.013 54.309 238.970
10748 1.000000 0 0.6462 0.6940 0.3174 0.9627 0.3586 0.0000 806.014 54.306 238.970
10749 1.000000 0 0.6462 0.6940 0.3174 0.9627 0.3586 0.0000 806.016 54.305 238.970
10750 1.000000 0 0.6462 0.6940 0.3174 0.9627 0.3586 0.0000 806.018 54.305 238.970
10751 1.000000 0 0.6462 0.6940 0.3174 0.9627 0.3586 0.0000 806.016 54.310 238.971
10752 1.000000 0 0.6462 0.6940 0.3174 0.9627 0.3586 0.0000 806.014 54.316 238.972
10753 1.000000 0 0.6462 0.6940 0.3174 0.9627 0.3586 0.0000 806.013 54.315 238.972
10754 1.000000 0 0.6462 0.6941 0.3174 0.9627 0.3586 0.0000 806.012 54.314 238.971
10755 1.000000 0 0.6462 0.6941 0.3174 0.9627 0.3586 0.0000 806.012 54.311 238.971
10756 1.000000 0 0.6461 0.6941 0.3174 0.9627 0.3586 0.0000 806.013 54.308 238.970
10757 1.000000 0 0.6461 0.6941 0.3174 0.9627 0.3586 0.0000 806.015 54.306 238.971
10758 1.000000 0 0.6461 0.6941 0.3174 0.9627 0.3586 0.0000 806.017 54.306 238.971
10759 1.000000 0 0.6461 0.6941 0.3174 0.9627 0.3586 0.0000 806.016 54.311 238.972
10760 1.000000 0 0.6461 0.6941 0.3174 0.9627 0.3586 0.0000 806.014 54.316 238.973
10761 1.000000 0 0.6461 0.6941 0.3174 0.9627 0.3586 0.0000 806.013 54.316 238.972
10762 1.000000 0 0.6461 0.6941 0.3174 0.9627 0.3586 0.0000 806.011 54.315 238.972
10763 1.000000 0 0.6461 0.6942 0.3174 0.9627 0.3586 0.0000 806.012 54.311 238.971
10764 1.000000 0 0.6460 0.6942 0.3174 0.9627 0.3586 0.0000 806.014 54.307 238.971
10765 1.000000 0 0.6460 0.6942 0.3174 0.9627 0.3586 0.0000 806.014 54.307 238.971
10766 1.000000 0 0.6460 0.6942 0.3174 0.9627 0.3586 0.0000 806.016 54.306 238.971
10767 1.000000 0 0.6460 0.6942 0.3174 0.9627 0.3586 0.0000 806.015 54.311 238.972
10768 1.000000 0 0.6460 0.6942 0.3174 0.9627 0.3586 0.0000 806.014 54.316 238.974
10769 1.000000 0 0.6460 0.6942 0.3174 0.9627 0.3586 0.0000 806.013 54.314 238.973
10770 1.000000 0 0.6460 0.6942 0.3174 0.9627 0.3586 0.0000 806.012 54.312 238.972
10771 1.000000 0 0.6460 0.6943 0.3174 0.9627 0.3586 0.0000 806.013 54.309 238.971
10772 1.000000 0 0.6459 0.6943 0.3174 0.9627 0.3586 0.0000 806.014 54.305 238.971
10773 1.000000 0 0.6459 0.6943 0.3174 0.9627 0.3586 0.0000 806.015 54.305 238.971
10774 1.000000 0 0.6459 0.6943 0.3174 0.9627 0.3586 0.0000 806.017 54.305 238.972
10775 1.000000 0 0.6459 0.6943 0.3174 0.9627 0.3586 0.0000 806.016 54.305 238.971
10776 1.000000 0 0.6459 0.6943 0.3174 0.9627 0.3586 0.0000 806.015 54.305 238.971
10777 1.000000 0 0.6459 0.6943 0.3174 0.9627 0.3586 0.0000 806.015 54.310 238.972
10778 1.000000 0 0.6459 0.6943 0.3174 0.9627 0.3586 0.0000 806.014 54.315 238.974
10779 1.000000 0 0.6459 0.6944 0.3174 0.9627 0.3586 0.0000 806.013 54.314 238.973
10780 1.000000 0 0.6459 0.6944 0.3174 0.9627 0.3586 0.0000 806.011 54.312 238.973
10781 1.000000 0 0.6458 0.6944 0.3174 0.9627 0.3586 0.0000 806.011 54.308 238.972
10782 1.000000 0 0.6458 0.6944 0.3174 0.9627 0.3586 0.0000 806.012 54.305 238.972
10783 1.000000 0 0.6458 0.6944 0.3174 0.9627 0.3586 0.0000 806.014 54.303 238.972
10784 1.000000 0 0.6458 0.6944 0.3174 0.9627 0.3586 0.0000 806.015 54.302 238.972
10785 1.000000 0 0.6458 0.6944 0.3174 0.9627 0.3586 0.0000 806.015 54.307 238.973
10786 1.000000 0 0.6458 0.6944 0.3174 0.9627 0.3586 0.0000 806.014 54.312 238.974
10787 1.000000 0 0.6458 0.6945 0.3174 0.9627 0.3586 0.0000 806.013 54.311 238.974
10788 1.000000 0 0.6458 0.6945 0.3174 0.9627 0.3586 0.0000 806.011 54.309 238.973
10789 1.000000 0 0.6457 0.6945 0.3174 0.9627 0.3586 0.0000 806.011 54.307 238.973
10790 1.000000 0 0.6457 0.6945 0.3174 0.9627 0.3586 0.0000 806.012 54.304 238.973
10791 1.000000 0 0.6457 0.6945 0.3174 0.9627 0.3586 0.0000 806.014 54.304 238.972
10792 1.000000 0 0.6457 0.6945 0.3174 0.9627 0.3586 0.0000 806.015 54.305 238.972
10793 1.000000 0 0.6457 0.6945 0.3174 0.9627 0.3586 0.0000 806.015 54.310 238.974
10794 1.000000 0 0.6457 0.6945 0.3173 0.9627 0.3586 0.0000 806.014 54.316 238.975
10795 1.000000 0 0.6457 0.6946 0.3173 0.9627 0.3586 0.0000 806.012 54.315 238.974
10796 1.000000 0 0.6457 0.6946 0.3173 0.9627 0.3586 0.0000 806.011 54.314 238.974
10797 1.000000 0 0.6456 0.6946 0.3173 0.9627 0.3586 0.0000 806.011 54.311 238.973
10798 1.000000 0 0.6456 0.6946 0.3173 0.9627 0.3586 0.0000 806.012 54.308 238.973
10799 1.000000 0 0.6456 0.6946 0.3173 0.9627 0.3586 0.0000 806.014 54.306 238.973
10800 1.000000 0 0.6456 0.6946 0.3173 0.9627 0.3586 0.0000 806.015 54.305 238.973
10801 1.000000 0 0.6456 0.6946 0.3173 0.9627 0.3586 0.0000 806.015 54.310 238.974
10802 1.000000 0 0.6456 0.6946 0.3173 0.9627 0.3586 0.0000 806.014 54.316 238.975
10803 1.000000 0 0.6456 0.6946 0.3173 0.9627 0.3586 0.0000 806.013 54.314 238.975
10804 1.000000 0 0.6456 0.6947 0.3173 0.9627 0.3586 0.0000 806.012 54.312 238.974
10805 1.000000 0 0.6455 0.6947 0.3173 0.9627 0.3586 0.0000 806.012 54.309 238.973
10806 1.000000 0 0.6455 0.6947 0.3173 0.9627 0.3586 0.0000 806.016 54.306 238.974
10807 1.000000 0 0.6455 0.6947 0.3173 0.9627 0.3586 0.0000 806.016 54.309 238.974
10808 1.000000 0 0.6455 0.6947 0.3173 0.9627 0.3586 0.0000 806.014 54.315 238.975
10809 1.000000 0 0.6455 0.6947 0.3173 0.9627 0.3586 0.0000 806.013 54.313 238.975
10810 1.000000 0 0.6455 0.6948 0.3173 0.9627 0.3586 0.0000 806.012 54.311 238.974
10811 1.000000 0 0.6454 0.6948 0.3173 0.9627 0.3586 0.0000 806.013 54.306 238.973
10812 1.000000 0 0.6454 0.6948 0.3173 0.9627 0.3586 0.0000 806.014 54.304 238.973
10813 1.000000 0 0.6454 0.6948 0.3173 0.9627 0.3586 0.0000 806.016 54.304 238.973
10814 1.000000 0 0.6454 0.6948 0.3173 0.9627 0.3586 0.0000 806.018 54.304 238.974
10815 1.000000 0 0.6454 0.6948 0.3173 0.9627 0.3586 0.0000 806.016 54.309 238.975
10816 1.000000 0 0.6454 0.6948 0.3173 0.9627 0.3586 0.0000 806.015 54.314 238.976
10817 1.000000 0 0.6454 0.6948 0.3173 0.9627 0.3586 0.0000 806.013 54.314 238.975
10818 1.000000 0 0.6454 0.6949 0.3173 0.9627 0.3586 0.0000 806.011 54.313 238.974
10819 1.000000 0 0.6454 0.6949 0.3173 0.9627 0.3586 0.0000 806.012 54.309 238.974
10820 1.000000 0 0.6453 0.6949 0.3173 0.9627 0.3586 0.0000 806.013 54.306 238.974
10821 1.000000 0 0.6453 0.6949 0.3173 0.9627 0.3586 0.0000 806.014 54.305 238.974
10822 1.000000 0 0.6453 0.6949 0.3173 0.9627 0.3586 0.0000 806.016 54.304 238.974
10823 1.000000 0 0.6453 0.6949 0.3173 0.9627 0.3586 0.0000 806.015 54.309 238.975
10824 1.000000 0 0.6453 0.6949 0.3173 0.9627 0.3586 0.0000 806.014 54.315 238.976
10825 1.000000 0 0.6453 0.6949 0.3173 0.9627 0.3586 0.0000 806.012 54.314 238.976
10826 1.000000 0 0.6453 0.6950 0.3173 0.9627 0.3586 0.0000 806.011 54.313 238.975
10827 1.000000 0 0.6453 0.6950 0.3173 0.9627 0.3586 0.0000 806.011 54.310 238.975
10828 1.000000 0 0.6452 0.6950 0.3173 0.9627 0.3586 0.0000 806.012 54.307 238.974
10829 1.000000 0 0.6452 0.6950 0.3173 0.9627 0.3586 0.0000 806.014 54.305 238.974
10830 1.000000 0 0.6452 0.6950 0.3173 0.9627 0.3586 0.0000 806.016 54.304 238.974
10831 1.000000 0 0.6452 0.6950 0.3173 0.9627 0.3586 0.0000 806.015 54.304 238.974
10832 1.000000 0 0.6452 0.6950 0.3173 0.9627 0.3586 0.0000 806.015 54.304 238.974
10833 1.000000 0 0.6452 0.6950 0.3173 0.9627 0.3586 0.0000 806.015 54.303 238.974
10834 1.000000 0 0.6452 0.6950 0.3173 0.9627 0.3586 0.0000 806.015 54.302 238.974
10835 1.000000 0 0.6452 0.6951 0.3173 0.9627 0.3586 0.0000 806.015 54.301 238.974
10836 1.000000 0 0.6451 0.6951 0.3173 0.9627 0.3586 0.0000 806.015 54.300 238.974
10837 1.000000 0 0.6451 0.6951 0.3173 0.9627 0.3586 0.0000 806.015 54.298 238.974
10838 1.000000 0 0.6451 0.6951 0.3173 0.9627 0.3586 0.0000 806.015 54.297 238.974
10839 1.000000 0 0.6451 0.6951 0.3173 0.9627 0.3586 0.0000 806.015 54.296 238.974
10840 1.000000 0 0.6451 0.6951 0.3173 0.9627 0.3586 0.0000 806.015 54.296 238.974
10841 1.000000 0 0.6451 0.6951 0.3173 0.9627 0.3586 0.0000 806.015 54.295 238.974
10842 1.000000 0 0.6451 0.6951 0.3173 0.9627 0.3586 0.0000 806.015 54.295 238.974
10843 1.000000 0 0.6451 0.6952 0.3173 0.9627 0.3586 0.0000 806.015 54.295 238.974
10844 1.000000 0 0.6450 0.6952 0.3173 0.9627 0.3586 0.0000 806.015 54.295 238.974
10845 1.000000 0 0.6450 0.6952 0.3173 0.9627 0.3586 0.0000 806.015 54.296 238.974
10846 1.000000 0 0.6450 0.6952 0.3173 0.9627 0.3586 0.0000 806.015 54.296 238.974
10847 1.000000 0 0.6450 0.6952 0.3173 0.9627 0.3586 0.0000 806.015 54.297 238.974
10848 1.000000 0 0.6450 0.6952 0.3173 0.9627 0.3586 0.0000 806.015 54.297 238.974
10849 1.000000 0 0.6450 0.6952 0.3173 0.9627 0.3586 0.0000 806.015 54.298 238.974
10850 1.000000 0 0.6449 0.6953 0.3172 0.9627 0.3586 0.0000 806.015 54.303 238.974
10851 1.000000 0 0.6449 0.6953 0.3172 0.9627 0.3586 0.0000 806.015 54.303 238.974
10852 1.000000 0 0.6449 0.6953 0.3172 0.9627 0.3586 0.0000 806.015 54.303 238.974
10853 1.000000 0 0.6449 0.6954 0.3172 0.9627 0.3586 0.0000 806.015 54.304 238.974
10854 1.000000 0 0.6448 0.6954 0.3172 0.9627 0.3586 0.0000 806.015 54.304 238.974
10855 1.000000 0 0.6448 0.6954 0.3172 0.9627 0.3586 0.0000 806.015 54.304 238.974
10856 1.000000 0 0.6448 0.6954 0.3172 0.9627 0.3586 0.0000 806.015 54.304 238.974
10857 1.000000 0 0.6448 0.6954 0.3172 0.9627 0.3586 0.0000 806.015 54.304 238.974
10858 1.000000 0 0.6448 0.6954 0.3172 0.9627 0.3586 0.0000 806.015 54.305 238.974
10859 1.000000 0 0.6448 0.6954 0.3172 0.9627 0.3586 0.0000 806.015 54.305 238.974
10860 1.000000 0 0.6448 0.6954 0.3172 0.9627 0.3586 0.0000 806.015 54.305 238.974
10861 1.000000 0 0.6448 0.6954 0.3172 0.9627 0.3586 0.0000 806.015 54.305 238.974
10862 1.000000 0 0.6448 0.6955 0.3172 0.9627 0.3586 0.0000 806.015 54.305 238.974
10863 1.000000 0 0.6447 0.6955 0.3172 0.9627 0.3586 0.0000 806.015 54.305 238.974
10864 1.000000 0 0.6447 0.6955 0.3172 0.9627 0.3586 0.0000 806.015 54.305 238.974
10865 1.000000 0 0.6447 0.6955 0.3172 0.9627 0.3586 0.0000 806.015 54.305 238.974
10866 1.000000 0 0.6447 0.6955 0.3172 0.9627 0.3586 0.0000 806.015 54.305 238.974
10867 1.000000 0 0.6447 0.6955 0.3172 0.9627 0.3586 0.0000 806.015 54.305 238.974
10868 1.000000 0 0.6447 0.6955 0.3172 0.9627 0.3586 0.0000 806.015 54.305 238.974
10869 1.000000 0 0.6447 0.6955 0.3172 0.9627 0.3586 0.0000 806.015 54.305 238.974
10870 1.000000 0 0.6447 0.6956 0.3172 0.9627 0.3586 0.0000 806.015 54.305 238.974
10871 1.000000 0 0.6446 0.6956 0.3172 0.9627 0.3586 0.0000 806.015 54.305 238.974
10872 1.000000 0 0.6446 0.6956 0.3172 0.9627 0.3586 0.0000 806.015 54.305 238.974
10873 1.000000 0 0.6446 0.6956 0.3172 0.9627 0.3586 0.0000 806.015 54.305 238.974
10874 1.000000 0 0.6446 0.6956 0.3172 0.9627 0.3586 0.0000 806.015 54.305 238.974
10875 1.000000 0 0.6446 0.6956 0.3172 0.9627 0.3586 0.0000 806.015 54.305 238.974
10876 1.000000 0 0.6446 0.6956 0.3172 0.9627 0.3586 0.0000 806.015 54.305 238.974
10877 1.000000 0 0.6446 0.6956 0.3172 0.9627 0.3586 0.0000 806.015 54.305 238.974
10878 1.000000 0 0.6446 0.6957 0.3172 0.9627 0.3586 0.0000 806.015 54.305 238.974
10879 1.000000 0 0.6445 0.6957 0.3172 0.9627 0.3586 0.0000 806.015 54.305 238.974
10880 1.000000 0 0.6445 0.6957 0.3172 0.9627 0.3586 0.0000 806.015 54.305 238.974
10881 1.000000 0 0.6445 0.6957 0.3172 0.9627 0.3586 0.0000 806.015 54.305 238.974
10882 1.000000 0 0.6445 0.6957 0.3172 0.9627 0.3586 0.0000 806.015 54.305 238.974
10883 1.000000 0 0.6445 0.6957 0.3172 0.9627 0.3586 0.0000 806.015 54.305 238.974
10884 1.000000 0 0.6445 0.6957 0.3172 0.9627 0.3586 0.0000 806.015 54.305 238.974
10885 1.000000 0 0.6445 0.6957 0.3172 0.9627 0.3586 0.0000 806.015 54.305 238.974
10886 1.000000 0 0.6445 0.6958 0.3172 0.9627 0.3586 0.0000 806.015 54.305 238.974
10887 1.000000 0 0.6444 0.6958 0.3172 0.9627 0.3586 0.0000 806.015 54.305 238.974
10888 1.000000 0 0.6444 0.6958 0.3172 0.9627 0.3586 0.0000 806.015 54.305 238.974
10889 1.000000 0 0.6444 0.6958 0.3172 0.9627 0.3586 0.0000 806.015 54.305 238.974
10890 1.000000 0 0.6444 0.6958 0.3172 0.9627 0.3586 0.0000 806.015 54.305 238.974
10891 1.000000 0 0.6444 0.6958 0.3172 0.9627 0.3586 0.0000 806.015 54.305 238.974
10892 1.000000 0 0.6444 0.6958 0.3172 0.9627 0.3586 0.0000 806.015 54.305 238.974
10893 1.000000 0 0.6444 0.6958 0.3172 0.9627 0.3586 0.0000 806.015 54.305 238.974
10894 1.000000 0 0.6444 0.6958 0.3172 0.9627 0.3586 0.0000 806.015 54.305 238.974
10895 1.000000 0 0.6443 0.6959 0.3172 0.9627 0.3586 0.0000 806.015 54.305 238.974
10896 1.000000 0 0.6443 0.6959 0.3172 0.9627 0.3586 0.0000 806.015 54.305 238.974
10897 1.000000 0 0.6443 0.6959 0.3172 0.9627 0.3586 0.0000 806.015 54.305 238.974
10898 1.000000 0 0.6443 0.6959 0.3172 0.9627 0.3586 0.0000 806.015 54.305 238.974
10899 1.000000 0 0.6443 0.6959 0.3172 0.9627 0.3586 0.0000 806.015 54.305 238.974
10900 1.000000 0 0.6443 0.6959 0.3172 0.9627 0.3586 0.0000 806.015 54.305 238.974
10901 1.000000 0 0.6443 0.6959 0.3172 0.9627 0.3586 0.0000 806.015 54.305 238.974
10902 1.000000 0 0.6443 0.6959 0.3172 0.9627 0.3586 0.0000 806.015 54.305 238.974
10903 1.000000 0 0.6442 0.6960 0.3172 0.9627 0.3586 0.0000 806.015 54.305 238.974
10904 1.000000 0 0.6442 0.6960 0.3172 0.9627 0.3586 0.0000 806.015 54.305 238.974
10905 1.000000 0 0.6442 0.6960 0.3172 0.9627 0.3586 0.0000 806.015 54.305 238.974
10906 1.000000 0 0.6442 0.6960 0.3171 0.9627 0.3586 0.0000 806.015 54.305 238.974
10907 1.000000 0 0.6442 0.6960 0.3171 0.9627 0.3586 0.0000 806.015 54.305 238.974
10908 1.000000 0 0.6442 0.6960 0.3171 0.9627 0.3586 0.0000 806.015 54.305 238.974
10909 1.000000 0 0.6442 0.6960 0.3171 0.9627 0.3586 0.0000 806.015 54.305 238.974
10910 1.000000 0 0.6442 0.6960 0.3171 0.9627 0.3586 0.0000 806.015 54.305 238.974
10911 1.000000 0 0.6441 0.6961 0.3171 0.9627 0.3586 0.0000 806.015 54.305 238.974
10912 1.000000 0 0.6441 0.6961 0.3171 0.9627 0.3586 0.0000 806.015 54.305 238.974
10913 1.000000 0 0.6441 0.6961 0.3171 0.9627 0.3586 0.0000 806.015 54.305 238.974
10914 1.000000 0 0.6441 0.6961 0.3171 0.9627 0.3586 0.0000 806.015 54.305 238.974
10915 1.000000 0 0.6441 0.6961 0.3171 0.9627 0.3586 0.0000 806.015 54.305 238.974
10916 1.000000 0 0.6441 0.6961 0.3171 0.9627 0.3586 0.0000 806.015 54.305 238.974
10917 1.000000 0 0.6441 0.6961 0.3171 0.9627 0.3586 0.0000 806.015 54.305 238.974
10918 1.000000 0 0.6441 0.6961 0.3171 0.9627 0.3586 0.0000 806.015 54.305 238.974
10919 1.000000 0 0.6441 0.6962 0.3171 0.9627 0.3586 0.0000 806.015 54.305 238.974
10920 1.000000 0 0.6440 0.6962 0.3171 0.9627 0.3586 0.0000 806.015 54.305 238.974
10921 1.000000 0 0.6440 0.6962 0.3171 0.9627 0.3586 0.0000 806.015 54.305 238.974
10922 1.000000 0 0.6440 0.6962 0.3171 0.9627 0.3586 0.0000 806.015 54.305 238.974
10923 1.000000 0 0.6440 0.6962 0.3171 0.9627 0.3586 0.0000 806.015 54.305 238.974
10924 1.000000 0 0.6440 0.6962 0.3171 0.9627 0.3586 0.0000 806.015 54.305 238.974
10925 1.000000 0 0.6440 0.6962 0.3171 0.9627 0.3586 0.0000 806.015 54.305 238.974
10926 1.000000 0 0.6440 0.6962 0.3171 0.9627 0.3586 0.0000 806.015 54.305 238.974
10927 1.000000 0 0.6439 0.6963 0.3171 0.9627 0.3586 0.0000 806.015 54.305 238.974
10928 1.000000 0 0.6439 0.6963 0.3171 0.9627 0.3586 0.0000 806.015 54.305 238.974
10929 1.000000 0 0.6439 0.6963 0.3171 0.9627 0.3586 0.0000 806.015 54.305 238.974
10930 1.000000 0 0.6439 0.6963 0.3171 0.9627 0.3586 0.0000 806.015 54.305 238.974
10931 1.000000 0 0.6439 0.6963 0.3171 0.9627 0.3586 0.0000 806.015 54.305 238.974
10932 1.000000 0 0.6439 0.6963 0.3171 0.9627 0.3586 0.0000 806.015 54.305 238.974
10933 1.000000 0 0.6439 0.6963 0.3171 0.9627 0.3586 0.0000 806.015 54.305 238.974
10934 1.000000 0 0.6439 0.6963 0.3171 0.9627 0.3586 0.0000 806.015 54.305 238.974
10935 1.000000 0 0.6439 0.6963 0.3171 0.9627 0.3586 0.0000 806.015 54.305 238.974
10936 1.000000 0 0.6438 0.6964 0.3171 0.9627 0.3586 0.0000 806.015 54.305 238.974
10937 1.000000 0 0.6438 0.6964 0.3171 0.9627 0.3586 0.0000 806.015 54.305 238.974
10938 1.000000 0 0.6438 0.6964 0.3171 0.9627 0.3586 0.0000 806.015 54.305 238.974
10939 1.000000 0 0.6438 0.6964 0.3171 0.9627 0.3586 0.0000 806.015 54.305 238.974
10940 1.000000 0 0.6438 0.6964 0.3171 0.9627 0.3586 0.0000 806.015 54.305 238.974
10941 1.000000 0 0.6438 0.6964 0.3171 0.9627 0.3586 0.0000 806.015 54.305 238.974
10942 1.000000 0 0.6438 0.6964 0.3171 0.9627 0.3586 0.0000 806.015 54.305 238.974
10943 1.000000 0 0.6438 0.6964 0.3171 0.9627 0.3586 0.0000 806.015 54.305 238.974
10944 1.000000 0 0.6437 0.6965 0.3171 0.9627 0.3586 0.0000 806.015 54.305 238.974
10945 1.000000 0 0.6437 0.6965 0.3171 0.9627 0.3586 0.0000 806.015 54.305 238.974
10946 1.000000 0 0.6437 0.6965 0.3171 0.9627 0.3586 0.0000 806.015 54.305 238.974
10947 1.000000 0 0.6437 0.6965 0.3171 0.9627 0.3586 0.0000 806.015 54.305 238.974
10948 1.000000 0 0.6437 0.6965 0.3171 0.9627 0.3586 0.0000 806.015 54.305 238.974
10949 1.000000 0 0.6437 0.6965 0.3171 0.9627 0.3586 0.0000 806.015 54.305 238.974
10950 1.000000 0 0.6437 0.6965 0.3171 0.9627 0.3586 0.0000 806.015 54.305 238.974
10951 1.000000 0 0.6437 0.6965 0.3171 0.9627 0.3586 0.0000 806.015 54.305 238.974
10952 1.000000 0 0.6436 0.6966 0.3171 0.9627 0.3586 0.0000 806.015 54.305 238.974
10953 1.000000 0 0.6436 0.6966 0.3171 0.9627 0.3586 0.0000 806.015 54.305 238.974
10954 1.000000 0 0.6436 0.6966 0.3171 0.9627 0.3586 0.0000 806.015 54.305 238.974
10955 1.000000 0 0.6436 0.6966 0.3171 0.9627 0.3586 0.0000 806.015 54.305 238.974
10956 1.000000 0 0.6436 0.6966 0.3171 0.9627 0.3586 0.0000 806.014 54.305 238.974
10957 1.000000 0 0.6436 0.6966 0.3171 0.9627 0.3586 0.0000 806.015 54.305 238.974
10958 1.000000 0 0.6436 0.6966 0.3171 0.9627 0.3586 0.0000 806.015 54.305 238.974
10959 1.000000 0 0.6435 0.6966 0.3171 0.9627 0.3586 0.0000 806.015 54.305 238.974
10960 1.000000 0 0.6435 0.6967 0.3171 0.9627 0.3586 0.0000 806.015 54.305 238.974
10961 1.000000 0 0.6435 0.6967 0.3171 0.9627 0.3586 0.0000 806.015 54.305 238.974
10962 1.000000 0 0.6435 0.6967 0.3171 0.9627 0.3586 0.0000 806.015 54.305 238.974
10963 1.000000 0 0.6435 0.6967 0.3171 0.9627 0.3586 0.0000 806.015 54.305 238.974
10964 1.000000 0 0.6435 0.6967 0.3171 0.9627 0.3586 0.0000 806.015 54.305 238.974
10965 1.000000 0 0.6435 0.6967 0.3171 0.9627 0.3586 0.0000 806.015 54.305 238.974
10966 1.000000 0 0.6435 0.6967 0.3170 0.9627 0.3586 0.0000 806.015 54.305 238.974
10967 1.000000 0 0.6434 0.6967 0.3170 0.9627 0.3586 0.0000 806.015 54.305 238.974
10968 1.000000 0 0.6434 0.6968 0.3170 0.9627 0.3586 0.0000 806.015 54.305 238.974
10969 1.000000 0 0.6434 0.6968 0.3170 0.9627 0.3586 0.0000 806.015 54.305 238.974
10970 1.000000 0 0.6434 0.6968 0.3170 0.9627 0.3586 0.0000 806.015 54.305 238.974
10971 1.000000 0 0.6434 0.6968 0.3170 0.9627 0.3586 0.0000 806.015 54.305 238.974
10972 1.000000 0 0.6434 0.6968 0.3170 0.9627 0.3586 0.0000 806.015 54.305 238.974
10973 1.000000 0 0.6434 0.6968 0.3170 0.9627 0.3586 0.0000 806.015 54.305 238.974
10974 1.000000 0 0.6434 0.6968 0.3170 0.9627 0.3586 0.0000 806.015 54.305 238.974
10975 1.000000 0 0.6434 0.6968 0.3170 0.9627 0.3586 0.0000 806.015 54.305 238.974
10976 1.000000 0 0.6433 0.6969 0.3170 0.9627 0.3586 0.0000 806.015 54.305 238.974
10977 1.000000 0 0.6433 0.6969 0.3170 0.9627 0.3586 0.0000 806.015 54.305 238.974
10978 1.000000 0 0.6433 0.6969 0.3170 0.9627 0.3586 0.0000 806.015 54.305 238.974
10979 1.000000 0 0.6433 0.6969 0.3170 0.9627 0.3586 0.0000 806.015 54.305 238.974
10980 1.000000 0 0.6433 0.6969 0.3170 0.9627 0.3586 0.0000 806.015 54.305 238.974
10981 1.000000 0 0.6432 0.6969 0.3170 0.9627 0.3586 0.0000 806.015 54.305 238.974
10982 1.000000 0 0.6432 0.6970 0.3170 0.9627 0.3586 0.0000 806.015 54.305 238.974
10983 1.000000 0 0.6432 0.6970 0.3170 0.9627 0.3586 0.0000 806.015 54.305 238.974
10984 1.000000 0 0.6432 0.6970 0.3170 0.9627 0.3586 0.0000 806.015 54.305 238.974
10985 1.000000 0 0.6432 0.6970 0.3170 0.9627 0.3586 0.0000 806.015 54.305 238.974
10986 1.000000 0 0.6432 0.6970 0.3170 0.9627 0.3586 0.0000 806.015 54.305 238.974
10987 1.000000 0 0.6432 0.6970 0.3170 0.9627 0.3586 0.0000 806.015 54.305 238.974
10988 1.000000 0 0.6432 0.6970 0.3170 0.9627 0.3586 0.0000 806.015 54.305 238.974
10989 1.000000 0 0.6431 0.6970 0.3170 0.9627 0.3586 0.0000 806.015 54.305 238.974
10990 1.000000 0 0.6431 0.6971 0.3170 0.9627 0.3586 0.0000 806.015 54.305 238.974
10991 1.000000 0 0.6431 0.6971 0.3170 0.9627 0.3586 0.0000 806.015 54.305 238.974
10992 1.000000 0 0.6431 0.6971 0.3170 0.9627 0.3586 0.0000 806.015 54.305 238.974
10993 1.000000 0 0.6431 0.6971 0.3170 0.9627 0.3586 0.0000 806.015 54.305 238.974
10994 1.000000 0 0.6431 0.6971 0.3170 0.9627 0.3586 0.0000 806.015 54.305 238.974
10995 1.000000 0 0.6431 0.6971 0.3170 0.9627 0.3586 0.0000 806.015 54.305 238.974
10996 1.000000 0 0.6431 0.6971 0.3170 0.9627 0.3586 0.0000 806.015 54.305 238.974
10997 1.000000 0 0.6430 0.6971 0.3170 0.9627 0.3586 0.0000 806.015 54.305 238.974
10998 1.000000 0 0.6430 0.6972 0.3170 0.9627 0.3586 0.0000 806.015 54.305 238.974
10999 1.000000 0 0.6430 0.6972 0.3170 0.9627 0.3586 0.0000 806.015 54.305 238.974
11000 1.000000 0 0.6430 0.6972 0.3170 0.9627 0.3586 0.0000 806.015 54.305 238.974
11001 1.000000 0 0.6430 0.6972 0.3170 0.9627 0.3586 0.0000 806.015 54.320 238.974
11002 1.000000 0 0.6430 0.6972 0.3170 0.9627 0.3586 0.0000 806.015 54.357 238.973
11003 1.000000 0 0.6430 0.6972 0.3170 0.9627 0.3586 0.0000 806.015 54.395 238.973
11004 1.000000 0 0.6430 0.6972 0.3170 0.9627 0.3586 0.0000 806.015 54.429 238.972
11005 1.000000 0 0.6430 0.6972 0.3170 0.9627 0.3586 0.0000 806.009 54.460 238.970
11006 1.000000 0 0.6429 0.6972 0.3170 0.9627 0.3586 0.0000 805.995 54.492 238.965
11007 1.000000 0 0.6429 0.6973 0.3170 0.9627 0.3586 0.0000 805.984 54.523 238.961
11008 1.000000 0 0.6429 0.6973 0.3170 0.9627 0.3586 0.0000 805.974 54.562 238.959
11009 1.000000 0 0.6429 0.6973 0.3170 0.9627 0.3586 0.0000 805.971 54.616 238.960
11010 1.000000 0 0.6429 0.6973 0.3170 0.9627 0.3586 0.0000 805.971 54.623 238.960
11011 1.000000 0 0.6429 0.6973 0.3170 0.9627 0.3586 0.0000 805.956 54.674 238.956
11012 1.000000 0 0.6429 0.6973 0.3170 0.9627 0.3586 0.0000 805.954 54.680 238.956
11013 1.000000 0 0.6428 0.6973 0.3170 0.9627 0.3586 0.0000 805.962 54.725 238.961
11014 1.000000 0 0.6428 0.6974 0.3170 0.9627 0.3586 0.0000 805.970 54.747 238.966
11015 1.000000 0 0.6428 0.6974 0.3170 0.9627 0.3586 0.0000 805.979 54.770 238.971
11016 1.000000 0 0.6428 0.6974 0.3170 0.9627 0.3586 0.0000 805.987 54.791 238.975
11017 1.000000 0 0.6428 0.6974 0.3170 0.9627 0.3586 0.0000 805.994 54.812 238.979
11018 1.000000 0 0.6428 0.6974 0.3170 0.9627 0.3586 0.0000 806.002 54.832 238.983
11019 1.000000 0 0.6428 0.6974 0.3170 0.9627 0.3586 0.0000 806.009 54.852 238.987
11020 1.000000 0 0.6428 0.6974 0.3170 0.9627 0.3586 0.0000 806.016 54.872 238.990
11021 1.000000 0 0.6427 0.6974 0.3170 0.9627 0.3586 0.0000 806.021 54.892 238.993
11022 1.000000 0 0.6427 0.6975 0.3170 0.9627 0.3586 0.0000 806.026 54.911 238.995
11023 1.000000 0 0.6427 0.6975 0.3169 0.9627 0.3586 0.0000 806.034 54.952 238.996
11024 1.000000 0 0.6427 0.6975 0.3169 0.9627 0.3586 0.0000 806.037 54.969 238.996
11025 1.000000 0 0.6427 0.6975 0.3169 0.9627 0.3586 0.0000 806.040 54.989 238.995
11026 1.000000 0 0.6427 0.6975 0.3169 0.9627 0.3586 0.0000 806.042 55.005 238.994
11027 1.000000 0 0.6427 0.6975 0.3169 0.9627 0.3586 0.0000 806.045 55.021 238.993
11028 1.000000 0 0.6426 0.6975 0.3169 0.9627 0.3586 0.0000 806.048 55.038 238.991
11029 1.000000 0 0.6426 0.6975 0.3169 0.9627 0.3586 0.0000 806.050 55.053 238.990
11030 1.000000 0 0.6426 0.6976 0.3169 0.9627 0.3586 0.0000 806.053 55.068 238.988
11031 1.000000 0 0.6426 0.6976 0.3169 0.9627 0.3586 0.0000 806.057 55.085 238.986
11032 1.000000 0 0.6426 0.6976 0.3169 0.9627 0.3586 0.0000 806.059 55.091 238.985
11033 1.000000 0 0.6426 0.6976 0.3169 0.9627 0.3586 0.0000 806.063 55.097 238.985
11034 1.000000 0 0.6426 0.6976 0.3169 0.9627 0.3586 0.0000 806.067 55.098 238.984
11035 1.000000 0 0.6426 0.6976 0.3169 0.9627 0.3586 0.0000 806.071 55.099 238.984
11036 1.000000 0 0.6425 0.6976 0.3169 0.9627 0.3586 0.0000 806.075 55.101 238.983
11037 1.000000 0 0.6425 0.6976 0.3169 0.9627 0.3586 0.0000 806.078 55.101 238.983
11038 1.000000 0 0.6425 0.6977 0.3169 0.9627 0.3586 0.0000 806.081 55.102 238.982
11039 1.000000 0 0.6425 0.6977 0.3169 0.9627 0.3586 0.0000 806.084 55.103 238.981
11040 1.000000 0 0.6425 0.6977 0.3169 0.9627 0.3586 0.0000 806.087 55.104 238.981
11041 1.000000 0 0.6425 0.6977 0.3169 0.9627 0.3586 0.0000 806.090 55.105 238.980
11042 1.000000 0 0.6425 0.6977 0.3169 0.9627 0.3586 0.0000 806.093 55.106 238.979
11043 1.000000 0 0.6425 0.6977 0.3169 0.9627 0.3586 0.0000 806.095 55.106 238.978
11044 1.000000 0 0.6424 0.6977 0.3169 0.9627 0.3586 0.0000 806.098 55.107 238.977
11045 1.000000 0 0.6424 0.6977 0.3169 0.9627 0.3586 0.0000 806.100 55.107 238.975
11046 1.000000 0 0.6424 0.6978 0.3169 0.9627 0.3586 0.0000 806.102 55.108 238.974
11047 1.000000 0 0.6424 0.6978 0.3169 0.9627 0.3586 0.0000 806.103 55.108 238.973
11048 1.000000 0 0.6424 0.6978 0.3169 0.9627 0.3586 0.0000 806.104 55.109 238.971
11049 1.000000 0 0.6424 0.6978 0.3169 0.9627 0.3586 0.0000 806.106 55.109 238.970
11050 1.000000 0 0.6424 0.6978 0.3169 0.9627 0.3586 0.0000 806.107 55.109 238.967
11051 1.000000 0 0.6424 0.6978 0.3169 0.9627 0.3586 0.0000 806.107 55.109 238.966
11052 1.000000 0 0.6423 0.6978 0.3169 0.9627 0.3586 0.0000 806.108 55.109 238.965
11053 1.000000 0 0.6423 0.6978 0.3169 0.9627 0.3586 0.0000 806.108 55.109 238.963
11054 1.000000 0 0.6423 0.6979 0.3169 0.9627 0.3586 0.0000 806.108 55.108 238.962
11055 1.000000 0 0.6423 0.6979 0.3169 0.9627 0.3586 0.0000 806.102 55.105 238.959
11056 1.000000 0 0.6422 0.6980 0.3169 0.9627 0.3586 0.0000 806.064 55.067 238.937
11057 1.000000 0 0.6422 0.6980 0.3169 0.9627 0.3586 0.0000 806.064 55.061 238.935
11058 1.000000 0 0.6422 0.6980 0.3169 0.9627 0.3586 0.0000 806.061 55.048 238.933
11059 1.000000 0 0.6422 0.6980 0.3169 0.9627 0.3586 0.0000 806.060 55.041 238.931
11060 1.000000 0 0.6422 0.6980 0.3169 0.9627 0.3586 0.0000 806.061 55.028 238.928
11061 1.000000 0 0.6422 0.6980 0.3169 0.9627 0.3586 0.0000 806.060 55.021 238.927
11062 1.000000 0 0.6422 0.6980 0.3169 0.9627 0.3586 0.0000 806.057 55.008 238.924
11063 1.000000 0 0.6421 0.6980 0.3169 0.9627 0.3586 0.0000 806.055 54.996 238.922
11064 1.000000 0 0.6421 0.6980 0.3169 0.9627 0.3586 0.0000 806.056 54.984 238.920
11065 1.000000 0 0.6421 0.6981 0.3169 0.9627 0.3586 0.0000 806.054 54.971 238.918
11066 1.000000 0 0.6421 0.6981 0.3169 0.9627 0.3586 0.0000 806.050 54.955 238.916
11067 1.000000 0 0.6421 0.6981 0.3169 0.9627 0.3586 0.0000 806.049 54.940 238.913
11068 1.000000 0 0.6421 0.6981 0.3169 0.9627 0.3586 0.0000 806.049 54.925 238.911
11069 1.000000 0 0.6421 0.6981 0.3169 0.9627 0.3586 0.0000 806.045 54.902 238.908
11070 1.000000 0 0.6420 0.6981 0.3169 0.9627 0.3586 0.0000 806.041 54.885 238.905
11071 1.000000 0 0.6420 0.6981 0.3169 0.9627 0.3586 0.0000 806.040 54.874 238.904
11072 1.000000 0 0.6420 0.6981 0.3169 0.9627 0.3586 0.0000 806.041 54.856 238.902
11073 1.000000 0 0.6420 0.6982 0.3169 0.9627 0.3586 0.0000 806.037 54.838 238.900
11074 1.000000 0 0.6420 0.6982 0.3169 0.9627 0.3586 0.0000 806.029 54.817 238.897
11075 1.000000 0 0.6420 0.6982 0.3169 0.9627 0.3586 0.0000 806.025 54.797 238.895
11076 1.000000 0 0.6420 0.6982 0.3168 0.9627 0.3586 0.0000 806.025 54.776 238.894
11077 1.000000 0 0.6420 0.6982 0.3168 0.9627 0.3586 0.0000 806.019 54.755 238.891
11078 1.000000 0 0.6420 0.6982 0.3168 0.9627 0.3586 0.0000 806.005 54.734 238.887
11079 1.000000 0 0.6419 0.6982 0.3168 0.9627 0.3586 0.0000 805.993 54.711 238.883
11080 1.000000 0 0.6419 0.6982 0.3168 0.9627 0.3586 0.0000 805.983 54.686 238.880
11081 1.000000 0 0.6419 0.6983 0.3168 0.9627 0.3586 0.0000 805.979 54.662 238.880
11082 1.000000 0 0.6419 0.6983 0.3168 0.9627 0.3586 0.0000 805.982 54.639 238.882
11083 1.000000 0 0.6419 0.6983 0.3168 0.9627 0.3586 0.0000 805.986 54.615 238.885
11084 1.000000 0 0.6419 0.6983 0.3168 0.9627 0.3586 0.0000 805.989 54.590 238.889
11085 1.000000 0 0.6419 0.6983 0.3168 0.9627 0.3586 0.0000 805.992 54.564 238.892
11086 1.000000 0 0.6419 0.6983 0.3168 0.9627 0.3586 0.0000 805.996 54.538 238.895
11087 1.000000 0 0.6418 0.6983 0.3168 0.9627 0.3586 0.0000 805.999 54.510 238.898
11088 1.000000 0 0.6418 0.6983 0.3168 0.9627 0.3586 0.0000 806.003 54.483 238.901
11089 1.000000 0 0.6418 0.6983 0.3168 0.9627 0.3586 0.0000 806.006 54.454 238.905
11090 1.000000 0 0.6418 0.6984 0.3168 0.9627 0.3586 0.0000 806.010 54.426 238.908
11091 1.000000 0 0.6418 0.6984 0.3168 0.9627 0.3586 0.0000 806.014 54.397 238.912
11092 1.000000 0 0.6418 0.6984 0.3168 0.9627 0.3586 0.0000 806.018 54.366 238.915
11093 1.000000 0 0.6418 0.6984 0.3168 0.9627 0.3586 0.0000 806.020 54.344 238.919
11094 1.000000 0 0.6418 0.6984 0.3168 0.9627 0.3586 0.0000 806.018 54.332 238.923
11095 1.000000 0 0.6417 0.6984 0.3168 0.9627 0.3586 0.0000 806.018 54.323 238.926
11096 1.000000 0 0.6417 0.6985 0.3168 0.9627 0.3586 0.0000 806.023 54.291 238.927
11097 1.000000 0 0.6417 0.6985 0.3168 0.9627 0.3586 0.0000 806.023 54.288 238.928
11098 1.000000 0 0.6417 0.6985 0.3168 0.9627 0.3586 0.0000 806.022 54.281 238.928
11099 1.000000 0 0.6417 0.6985 0.3168 0.9627 0.3586 0.0000 806.020 54.270 238.927
11100 1.000000 0 0.6416 0.6985 0.3168 0.9627 0.3586 0.0000 806.020 54.261 238.927
11101 1.000000 0 0.6416 0.6985 0.3168 0.9627 0.3586 0.0000 806.021 54.255 238.927
11102 1.000000 0 0.6416 0.6985 0.3168 0.9627 0.3586 0.0000 806.022 54.266 238.927
11103 1.000000 0 0.6416 0.6986 0.3168 0.9627 0.3586 0.0000 806.024 54.301 238.927
11104 1.000000 0 0.6416 0.6986 0.3168 0.9627 0.3586 0.0000 806.024 54.323 238.928
11105 1.000000 0 0.6416 0.6986 0.3168 0.9627 0.3586 0.0000 806.023 54.329 238.929
11106 1.000000 0 0.6416 0.6986 0.3168 0.9627 0.3586 0.0000 806.021 54.331 238.930
11107 1.000000 0 0.6416 0.6986 0.3168 0.9627 0.3586 0.0000 806.020 54.330 238.929
11108 1.000000 0 0.6415 0.6986 0.3168 0.9627 0.3586 0.0000 806.019 54.328 238.928
11109 1.000000 0 0.6415 0.6986 0.3168 0.9627 0.3586 0.0000 806.020 54.325 238.928
11110 1.000000 0 0.6415 0.6986 0.3168 0.9627 0.3586 0.0000 806.021 54.323 238.928
11111 1.000000 0 0.6415 0.6986 0.3168 0.9627 0.3586 0.0000 806.023 54.322 238.928
11112 1.000000 0 0.6415 0.6987 0.3168 0.9627 0.3586 0.0000 806.023 54.321 238.929
11113 1.000000 0 0.6415 0.6987 0.3168 0.9627 0.3586 0.0000 806.023 54.321 238.928
11114 1.000000 0 0.6415 0.6987 0.3168 0.9627 0.3586 0.0000 806.023 54.320 238.928
11115 1.000000 0 0.6415 0.6987 0.3168 0.9627 0.3586 0.0000 806.023 54.319 238.928
11116 1.000000 0 0.6414 0.6987 0.3168 0.9627 0.3586 0.0000 806.023 54.320 238.929
11117 1.000000 0 0.6414 0.6987 0.3168 0.9627 0.3586 0.0000 806.022 54.326 238.930
11118 1.000000 0 0.6414 0.6987 0.3168 0.9627 0.3586 0.0000 806.021 54.327 238.931
11119 1.000000 0 0.6414 0.6987 0.3168 0.9627 0.3586 0.0000 806.020 54.325 238.930
11120 1.000000 0 0.6414 0.6988 0.3168 0.9627 0.3586 0.0000 806.020 54.323 238.929
11121 1.000000 0 0.6414 0.6988 0.3168 0.9627 0.3586 0.0000 806.021 54.320 238.929
11122 1.000000 0 0.6414 0.6988 0.3168 0.9627 0.3586 0.0000 806.022 54.319 238.929
11123 1.000000 0 0.6414 0.6988 0.3168 0.9627 0.3586 0.0000 806.024 54.320 238.930
11124 1.000000 0 0.6414 0.6988 0.3168 0.9627 0.3586 0.0000 806.024 54.322 238.930
11125 1.000000 0 0.6413 0.6988 0.3168 0.9627 0.3586 0.0000 806.022 54.328 238.931
11126 1.000000 0 0.6413 0.6988 0.3168 0.9627 0.3586 0.0000 806.021 54.330 238.932
11127 1.000000 0 0.6413 0.6988 0.3168 0.9627 0.3586 0.0000 806.019 54.329 238.931
11128 1.000000 0 0.6413 0.6989 0.3168 0.9627 0.3586 0.0000 806.019 54.327 238.931
11129 1.000000 0 0.6413 0.6989 0.3168 0.9627 0.3586 0.0000 806.020 54.324 238.931
11130 1.000000 0 0.6413 0.6989 0.3168 0.9627 0.3586 0.0000 806.021 54.322 238.931
11131 1.000000 0 0.6413 0.6989 0.3168 0.9627 0.3586 0.0000 806.022 54.321 238.931
11132 1.000000 0 0.6413 0.6989 0.3168 0.9627 0.3586 0.0000 806.023 54.323 238.932
11133 1.000000 0 0.6412 0.6989 0.3167 0.9627 0.3586 0.0000 806.022 54.330 238.934
11134 1.000000 0 0.6412 0.6989 0.3167 0.9627 0.3586 0.0000 806.021 54.331 238.933
11135 1.000000 0 0.6412 0.6989 0.3167 0.9627 0.3586 0.0000 806.019 54.330 238.933
11136 1.000000 0 0.6412 0.6990 0.3167 0.9627 0.3586 0.0000 806.018 54.328 238.932
11137 1.000000 0 0.6412 0.6990 0.3167 0.9627 0.3586 0.0000 806.019 54.324 238.932
11138 1.000000 0 0.6412 0.6990 0.3167 0.9627 0.3586 0.0000 806.020 54.322 238.932
11139 1.000000 0 0.6412 0.6990 0.3167 0.9627 0.3586 0.0000 806.022 54.320 238.932
11140 1.000000 0 0.6412 0.6990 0.3167 0.9627 0.3586 0.0000 806.022 54.322 238.933
11141 1.000000 0 0.6411 0.6990 0.3167 0.9627 0.3586 0.0000 806.021 54.328 238.934
11142 1.000000 0 0.6411 0.6990 0.3167 0.9627 0.3586 0.0000 806.020 54.330 238.935
11143 1.000000 0 0.6411 0.6990 0.3167 0.9627 0.3586 0.0000 806.019 54.329 238.934
11144 1.000000 0 0.6411 0.6990 0.3167 0.9627 0.3586 0.0000 806.018 54.327 238.934
11145 1.000000 0 0.6411 0.6991 0.3167 0.9627 0.3586 0.0000 806.019 54.324 238.933
11146 1.000000 0 0.6411 0.6991 0.3167 0.9627 0.3586 0.0000 806.021 54.321 238.933
11147 1.000000 0 0.6411 0.6991 0.3167 0.9627 0.3586 0.0000 806.021 54.320 238.933
11148 1.000000 0 0.6411 0.6991 0.3167 0.9627 0.3586 0.0000 806.022 54.322 238.934
11149 1.000000 0 0.6410 0.6991 0.3167 0.9627 0.3586 0.0000 806.021 54.327 238.935
11150 1.000000 0 0.6410 0.6991 0.3167 0.9627 0.3586 0.0000 806.020 54.329 238.936
11151 1.000000 0 0.6410 0.6991 0.3167 0.9627 0.3586 0.0000 806.019 54.327 238.935
11152 1.000000 0 0.6410 0.6991 0.3167 0.9627 0.3586 0.0000 806.019 54.325 238.934
11153 1.000000 0 0.6410 0.6992 0.3167 0.9627 0.3586 0.0000 806.020 54.320 238.934
11154 1.000000 0 0.6410 0.6992 0.3167 0.9627 0.3586 0.0000 806.021 54.319 238.934
