# call qx qy qz carve_dist ground_y above_ground path_m path_measured darkness
0 797.419 26.300 298.941 -0.023834 22.934 1 0.000 0 0.000000
1 797.552 26.259 299.009 +0.025658 22.925 1 0.000 0 0.000000
2 797.699 26.150 299.040 +0.146454 22.930 1 0.000 0 0.000000
3 797.848 25.973 299.033 +0.337614 22.949 1 0.000 0 0.000000
4 797.990 25.728 298.987 +0.597919 22.983 1 0.000 0 0.000000
5 798.116 25.414 298.905 +0.925999 23.027 1 0.000 0 0.000000
6 798.230 25.033 298.808 +1.320854 23.076 1 0.000 0 0.000000
7 798.344 24.583 298.710 +1.782448 23.126 1 0.000 0 0.000000
8 798.457 24.066 298.612 +2.310780 23.176 1 0.000 0 0.000000
9 798.571 23.480 298.515 +2.905849 23.226 1 0.000 0 0.000000
10 798.676 23.299 298.448 +3.100657 23.263 1 0.000 0 0.000000
11 798.783 23.340 298.371 +3.078363 23.304 1 0.000 0 0.000000
12 798.890 23.382 298.294 +3.055986 23.346 1 0.000 0 0.000000
13 798.997 23.424 298.217 +3.033529 23.388 1 0.000 0 0.000000
14 799.103 23.467 298.140 +3.010437 23.430 1 0.000 0 0.000000
15 799.208 23.509 298.062 +2.987062 23.473 1 0.000 0 0.000000
16 799.314 23.552 297.985 +2.963594 23.515 1 0.000 0 0.000000
17 799.419 23.595 297.907 +2.940035 23.558 1 0.000 0 0.000000
18 799.524 23.638 297.828 +2.916607 23.601 1 0.000 0 0.000000
19 799.628 23.681 297.750 +2.893040 23.644 1 0.000 0 0.000000
20 799.732 23.724 297.671 +2.868908 23.687 1 0.000 0 0.000000
21 799.836 23.768 297.592 +2.844515 23.731 1 0.000 0 0.000000
22 799.918 23.803 297.529 +2.824724 23.765 1 0.000 0 0.000000
23 799.980 23.829 297.482 +2.809822 23.792 1 0.000 0 0.000000
24 800.082 23.874 297.403 +2.784458 23.835 1 0.000 0 0.000000
25 800.163 23.911 297.341 +2.762787 23.870 1 0.000 0 0.000000
26 800.245 23.946 297.277 +2.743286 23.905 1 0.000 0 0.000000
27 800.347 23.990 297.196 +2.718239 23.950 1 0.000 0 0.000000
28 800.427 24.025 297.132 +2.698122 23.986 1 0.000 0 0.000000
29 800.488 24.052 297.083 +2.682968 24.013 1 0.000 0 0.000000
30 800.508 24.061 297.067 +2.677902 24.022 1 0.000 0 0.000000
31 800.588 24.097 297.002 +2.657131 24.058 1 0.000 0 0.000000
32 800.648 24.124 296.953 +2.641380 24.085 1 0.000 0 0.000000
33 800.707 24.151 296.904 +2.625515 24.112 1 0.000 0 0.000000
34 800.766 24.179 296.855 +2.609478 24.139 1 0.000 0 0.000000
35 800.825 24.206 296.805 +2.593391 24.167 1 0.000 0 0.000000
36 800.903 24.243 296.739 +2.571825 24.204 1 0.000 0 0.000000
37 800.961 24.271 296.689 +2.555569 24.231 1 0.000 0 0.000000
38 801.019 24.299 296.639 +2.539026 24.259 1 0.000 0 0.000000
39 801.019 24.299 296.639 +2.539026 24.259 1 0.000 0 0.000000
40 801.039 24.308 296.623 +2.533506 24.268 1 0.000 0 0.000000
41 801.096 24.336 296.573 +2.516876 24.296 1 0.000 0 0.000000
42 801.173 24.373 296.505 +2.494566 24.333 1 0.000 0 0.000000
43 801.233 24.400 296.458 +2.478735 24.360 1 0.000 0 0.000000
44 801.322 24.435 296.403 +2.459616 24.394 1 0.000 0 0.000000
45 801.410 24.470 296.348 +2.440233 24.428 1 0.000 0 0.000000
46 801.476 24.496 296.306 +2.425901 24.453 1 0.000 0 0.000000
47 801.565 24.530 296.251 +2.407042 24.487 1 0.000 0 0.000000
48 801.653 24.564 296.195 +2.388136 24.521 1 0.000 0 0.000000
49 801.675 24.573 296.181 +2.383398 24.530 1 0.000 0 0.000000
50 801.741 24.598 296.139 +2.369183 24.556 1 0.000 0 0.000000
51 801.829 24.633 296.084 +2.350178 24.590 1 0.000 0 0.000000
52 801.895 24.659 296.042 +2.335901 24.616 1 0.000 0 0.000000
53 801.983 24.693 295.985 +2.317068 24.651 1 0.000 0 0.000000
54 802.049 24.719 295.943 +2.302866 24.677 1 0.000 0 0.000000
55 802.136 24.753 295.886 +2.283890 24.712 1 0.000 0 0.000000
56 802.224 24.787 295.830 +2.264851 24.747 1 0.000 0 0.000000
57 802.311 24.822 295.773 +2.245392 24.782 1 0.000 0 0.000000
58 802.311 24.822 295.773 +2.245392 24.782 1 0.000 0 0.000000
59 802.311 24.822 295.773 +2.245392 24.782 1 0.000 0 0.000000
60 802.333 24.831 295.759 +2.240648 24.790 1 0.000 0 0.000000
61 802.420 24.866 295.703 +2.220695 24.825 1 0.000 0 0.000000
62 802.463 24.884 295.675 +2.210697 24.842 1 0.000 0 0.000000
63 802.529 24.910 295.632 +2.195932 24.869 1 0.000 0 0.000000
64 802.594 24.936 295.590 +2.181105 24.895 1 0.000 0 0.000000
65 802.680 24.972 295.533 +2.161293 24.930 1 0.000 0 0.000000
66 802.745 24.998 295.491 +2.146389 24.957 1 0.000 0 0.000000
67 802.831 25.033 295.434 +2.126469 24.992 1 0.000 0 0.000000
68 802.896 25.060 295.391 +2.111500 25.019 1 0.000 0 0.000000
69 802.896 25.060 295.391 +2.111500 25.019 1 0.000 0 0.000000
70 802.918 25.069 295.377 +2.106068 25.028 1 0.000 0 0.000000
71 802.982 25.095 295.333 +2.091377 25.054 1 0.000 0 0.000000
72 803.046 25.122 295.291 +2.076212 25.081 1 0.000 0 0.000000
73 803.111 25.148 295.247 +2.061010 25.108 1 0.000 0 0.000000
74 803.196 25.184 295.190 +2.040524 25.144 1 0.000 0 0.000000
75 803.260 25.211 295.147 +2.024925 25.171 1 0.000 0 0.000000
76 803.324 25.238 295.104 +2.009293 25.197 1 0.000 0 0.000000
77 803.409 25.274 295.046 +1.988388 25.233 1 0.000 0 0.000000
78 803.493 25.310 294.988 +1.967489 25.270 1 0.000 0 0.000000
79 803.493 25.310 294.988 +1.967489 25.270 1 0.000 0 0.000000
80 803.493 25.310 294.988 +1.967489 25.270 1 0.000 0 0.000000
81 803.514 25.319 294.973 +1.962292 25.279 1 0.000 0 0.000000
82 803.578 25.346 294.930 +1.946661 25.306 1 0.000 0 0.000000
83 803.641 25.373 294.886 +1.930983 25.333 1 0.000 0 0.000000
84 803.725 25.410 294.828 +1.909702 25.369 1 0.000 0 0.000000
85 803.788 25.437 294.784 +1.893465 25.397 1 0.000 0 0.000000
86 803.850 25.465 294.740 +1.877171 25.424 1 0.000 0 0.000000
87 803.933 25.502 294.682 +1.855394 25.461 1 0.000 0 0.000000
88 804.016 25.539 294.623 +1.833405 25.497 1 0.000 0 0.000000
89 804.078 25.567 294.579 +1.816788 25.525 1 0.000 0 0.000000
90 804.099 25.576 294.564 +1.811226 25.534 1 0.000 0 0.000000
91 804.161 25.604 294.520 +1.794538 25.562 1 0.000 0 0.000000
92 804.223 25.632 294.476 +1.777798 25.589 1 0.000 0 0.000000
93 804.284 25.660 294.431 +1.761045 25.617 1 0.000 0 0.000000
94 804.366 25.698 294.372 +1.738640 25.654 1 0.000 0 0.000000
95 804.427 25.726 294.327 +1.721754 25.682 1 0.000 0 0.000000
96 804.488 25.754 294.282 +1.704935 25.710 1 0.000 0 0.000000
97 804.549 25.782 294.237 +1.688210 25.738 1 0.000 0 0.000000
98 804.610 25.810 294.191 +1.671410 25.767 1 0.000 0 0.000000
99 804.610 25.810 294.191 +1.671410 25.767 1 0.000 0 0.000000
100 804.630 25.820 294.176 +1.665804 25.776 1 0.000 0 0.000000
101 804.691 25.848 294.131 +1.648937 25.805 1 0.000 0 0.000000
102 804.751 25.876 294.085 +1.632011 25.833 1 0.000 0 0.000000
103 804.811 25.905 294.039 +1.614597 25.862 1 0.000 0 0.000000
104 804.871 25.933 293.994 +1.597424 25.890 1 0.000 0 0.000000
105 804.951 25.972 293.933 +1.573864 25.928 1 0.000 0 0.000000
106 805.010 26.000 293.887 +1.556116 25.956 1 0.000 0 0.000000
107 805.109 26.049 293.811 +1.526360 26.004 1 0.000 0 0.000000
108 805.187 26.088 293.749 +1.502407 26.042 1 0.000 0 0.000000
109 805.207 26.097 293.734 +1.496401 26.052 1 0.000 0 0.000000
110 805.246 26.117 293.703 +1.484354 26.071 1 0.000 0 0.000000
111 805.343 26.166 293.625 +1.453991 26.120 1 0.000 0 0.000000
112 805.420 26.205 293.563 +1.429396 26.158 1 0.000 0 0.000000
113 805.496 26.245 293.500 +1.404564 26.197 1 0.000 0 0.000000
114 805.591 26.294 293.421 +1.373604 26.246 1 0.000 0 0.000000
115 805.648 26.324 293.373 +1.354939 26.276 1 0.000 0 0.000000
116 805.704 26.354 293.325 +1.336189 26.305 1 0.000 0 0.000000
117 805.760 26.383 293.277 +1.317343 26.335 1 0.000 0 0.000000
118 805.779 26.393 293.261 +1.311043 26.345 1 0.000 0 0.000000
119 805.835 26.423 293.212 +1.292055 26.375 1 0.000 0 0.000000
120 805.890 26.453 293.163 +1.272959 26.405 1 0.000 0 0.000000
121 805.981 26.504 293.081 +1.240728 26.456 1 0.000 0 0.000000
122 806.075 26.554 293.002 +1.209209 26.505 1 0.000 0 0.000000
123 806.140 26.581 292.962 +1.193415 26.532 1 0.000 0 0.000000
124 806.206 26.608 292.922 +1.177809 26.559 1 0.000 0 0.000000
125 806.294 26.644 292.870 +1.156935 26.595 1 0.000 0 0.000000
126 806.359 26.671 292.830 +1.141247 26.622 1 0.000 0 0.000000
127 806.359 26.671 292.830 +1.141247 26.622 1 0.000 0 0.000000
128 806.381 26.680 292.817 +1.136000 26.631 1 0.000 0 0.000000
129 806.469 26.716 292.764 +1.115402 26.668 1 0.000 0 0.000000
130 806.534 26.743 292.724 +1.099598 26.695 1 0.000 0 0.000000
131 806.600 26.770 292.684 +1.084013 26.722 1 0.000 0 0.000000
132 806.687 26.806 292.631 +1.062824 26.758 1 0.000 0 0.000000
133 806.795 26.851 292.564 +1.036264 26.804 1 0.000 0 0.000000
134 806.904 26.897 292.497 +1.009588 26.850 1 0.000 0 0.000000
135 806.969 26.924 292.457 +0.993526 26.877 1 0.000 0 0.000000
136 807.033 26.952 292.416 +0.977449 26.905 1 0.000 0 0.000000
137 807.055 26.961 292.403 +0.972076 26.914 1 0.000 0 0.000000
138 807.055 26.961 292.403 +0.972076 26.914 1 0.000 0 0.000000
139 807.076 26.970 292.389 +0.966707 26.923 1 0.000 0 0.000000
140 807.076 26.970 292.389 +0.966707 26.923 1 0.000 0 0.000000
141 807.098 26.979 292.376 +0.961325 26.933 1 0.000 0 0.000000
142 807.098 26.979 292.376 +0.961325 26.933 1 0.000 0 0.000000
143 807.120 26.988 292.362 +0.955942 26.942 1 0.000 0 0.000000
144 807.120 26.988 292.362 +0.955942 26.942 1 0.000 0 0.000000
145 807.141 26.997 292.349 +0.950552 26.951 1 0.000 0 0.000000
146 807.141 26.997 292.349 +0.950552 26.951 1 0.000 0 0.000000
147 807.163 27.007 292.335 +0.945156 26.960 1 0.000 0 0.000000
148 807.163 27.007 292.335 +0.945156 26.960 1 0.000 0 0.000000
149 807.184 27.016 292.321 +0.939762 26.969 1 0.000 0 0.000000
150 807.184 27.016 292.321 +0.939762 26.969 1 0.000 0 0.000000
151 807.205 27.025 292.308 +0.934048 26.979 1 0.000 0 0.000000
152 807.205 27.025 292.308 +0.934048 26.979 1 0.000 0 0.000000
153 807.227 27.034 292.294 +0.928699 26.988 1 0.000 0 0.000000
154 807.227 27.034 292.294 +0.928699 26.988 1 0.000 0 0.000000
155 807.248 27.044 292.281 +0.923283 26.997 1 0.000 0 0.000000
156 807.248 27.044 292.281 +0.923283 26.997 1 0.000 0 0.000000
157 807.270 27.053 292.267 +0.917730 27.006 1 0.000 0 0.000000
158 807.270 27.053 292.267 +0.917730 27.006 1 0.000 0 0.000000
159 807.291 27.062 292.254 +0.912165 27.015 1 0.000 0 0.000000
160 807.291 27.062 292.254 +0.912165 27.015 1 0.000 0 0.000000
161 807.312 27.071 292.241 +0.906609 27.025 1 0.000 0 0.000000
162 807.312 27.071 292.241 +0.906609 27.025 1 0.000 0 0.000000
163 807.334 27.081 292.227 +0.900885 27.034 1 0.000 0 0.000000
164 807.355 27.090 292.214 +0.895222 27.043 1 0.000 0 0.000000
165 807.355 27.090 292.214 +0.895222 27.043 1 0.000 0 0.000000
166 807.376 27.100 292.201 +0.889563 27.052 1 0.000 0 0.000000
167 807.376 27.100 292.201 +0.889563 27.052 1 0.000 0 0.000000
168 807.398 27.109 292.187 +0.883890 27.061 1 0.000 0 0.000000
169 807.398 27.109 292.187 +0.883890 27.061 1 0.000 0 0.000000
170 807.419 27.118 292.174 +0.878210 27.070 1 0.000 0 0.000000
171 807.440 27.128 292.160 +0.872536 27.079 1 0.000 0 0.000000
172 807.461 27.137 292.147 +0.866852 27.089 1 0.000 0 0.000000
173 807.461 27.137 292.147 +0.866852 27.089 1 0.000 0 0.000000
174 807.483 27.147 292.134 +0.861237 27.098 1 0.000 0 0.000000
175 807.504 27.156 292.120 +0.855747 27.107 1 0.000 0 0.000000
176 807.525 27.165 292.107 +0.850185 27.116 1 0.000 0 0.000000
177 807.525 27.165 292.107 +0.850185 27.116 1 0.000 0 0.000000
178 807.547 27.175 292.093 +0.844612 27.126 1 0.000 0 0.000000
179 807.568 27.184 292.080 +0.839039 27.135 1 0.000 0 0.000000
180 807.589 27.193 292.066 +0.833469 27.144 1 0.000 0 0.000000
181 807.589 27.193 292.066 +0.833469 27.144 1 0.000 0 0.000000
182 807.611 27.202 292.052 +0.827877 27.153 1 0.000 0 0.000000
183 807.632 27.212 292.039 +0.822292 27.163 1 0.000 0 0.000000
184 807.632 27.212 292.039 +0.822292 27.163 1 0.000 0 0.000000
185 807.653 27.221 292.025 +0.816696 27.172 1 0.000 0 0.000000
186 807.653 27.221 292.025 +0.816696 27.172 1 0.000 0 0.000000
187 807.674 27.231 292.012 +0.811098 27.181 1 0.000 0 0.000000
188 807.674 27.231 292.012 +0.811098 27.181 1 0.000 0 0.000000
189 807.717 27.249 291.984 +0.799885 27.200 1 0.000 0 0.000000
190 807.717 27.249 291.984 +0.799885 27.200 1 0.000 0 0.000000
191 807.738 27.259 291.971 +0.794273 27.209 1 0.000 0 0.000000
192 807.738 27.259 291.971 +0.794273 27.209 1 0.000 0 0.000000
193 807.759 27.268 291.957 +0.788651 27.218 1 0.000 0 0.000000
194 807.780 27.277 291.944 +0.783024 27.228 1 0.000 0 0.000000
195 807.780 27.277 291.944 +0.783024 27.228 1 0.000 0 0.000000
196 807.801 27.287 291.930 +0.777388 27.237 1 0.000 0 0.000000
197 807.801 27.287 291.930 +0.777388 27.237 1 0.000 0 0.000000
198 807.843 27.306 291.903 +0.765993 27.256 1 0.000 0 0.000000
199 807.885 27.324 291.875 +0.754589 27.274 1 0.000 0 0.000000
200 807.906 27.334 291.862 +0.748878 27.283 1 0.000 0 0.000000
201 807.906 27.334 291.862 +0.748878 27.283 1 0.000 0 0.000000
202 807.927 27.343 291.848 +0.743164 27.293 1 0.000 0 0.000000
203 807.927 27.343 291.848 +0.743164 27.293 1 0.000 0 0.000000
204 807.948 27.353 291.834 +0.737440 27.302 1 0.000 0 0.000000
205 807.948 27.353 291.834 +0.737440 27.302 1 0.000 0 0.000000
206 807.969 27.362 291.820 +0.731718 27.312 1 0.000 0 0.000000
207 807.990 27.372 291.807 +0.725985 27.321 1 0.000 0 0.000000
208 807.990 27.372 291.807 +0.725985 27.321 1 0.000 0 0.000000
209 808.011 27.381 291.793 +0.720243 27.330 1 0.000 0 0.000000
210 808.011 27.381 291.793 +0.720243 27.330 1 0.000 0 0.000000
211 808.032 27.391 291.779 +0.714495 27.340 1 0.000 0 0.000000
212 808.053 27.400 291.765 +0.708748 27.349 1 0.000 0 0.000000
213 808.053 27.400 291.765 +0.708748 27.349 1 0.000 0 0.000000
214 808.074 27.410 291.752 +0.702990 27.358 1 0.000 0 0.000000
215 808.074 27.410 291.752 +0.702990 27.358 1 0.000 0 0.000000
216 808.095 27.419 291.738 +0.697220 27.368 1 0.000 0 0.000000
217 808.095 27.419 291.738 +0.697220 27.368 1 0.000 0 0.000000
218 808.116 27.429 291.724 +0.691460 27.377 1 0.000 0 0.000000
219 808.137 27.438 291.710 +0.685684 27.387 1 0.000 0 0.000000
220 808.137 27.438 291.710 +0.685684 27.387 1 0.000 0 0.000000
221 808.158 27.447 291.696 +0.679916 27.396 1 0.000 0 0.000000
222 808.158 27.447 291.696 +0.679916 27.396 1 0.000 0 0.000000
223 808.179 27.457 291.682 +0.674122 27.405 1 0.000 0 0.000000
224 808.179 27.457 291.682 +0.674122 27.405 1 0.000 0 0.000000
225 808.199 27.467 291.669 +0.668335 27.415 1 0.000 0 0.000000
226 808.220 27.476 291.655 +0.662506 27.424 1 0.000 0 0.000000
227 808.220 27.476 291.655 +0.662506 27.424 1 0.000 0 0.000000
228 808.241 27.486 291.641 +0.656662 27.434 1 0.000 0 0.000000
229 808.262 27.495 291.627 +0.650824 27.443 1 0.000 0 0.000000
230 808.262 27.495 291.627 +0.650824 27.443 1 0.000 0 0.000000
231 808.282 27.505 291.613 +0.644978 27.453 1 0.000 0 0.000000
232 808.282 27.505 291.613 +0.644978 27.453 1 0.000 0 0.000000
233 808.303 27.514 291.599 +0.639126 27.462 1 0.000 0 0.000000
234 808.324 27.524 291.585 +0.633259 27.471 1 0.000 0 0.000000
235 808.324 27.524 291.585 +0.633259 27.471 1 0.000 0 0.000000
236 808.345 27.533 291.572 +0.627394 27.481 1 0.000 0 0.000000
237 808.345 27.533 291.572 +0.627394 27.481 1 0.000 0 0.000000
238 808.365 27.543 291.558 +0.621424 27.490 1 0.000 0 0.000000
239 808.365 27.543 291.558 +0.621424 27.490 1 0.000 0 0.000000
240 808.386 27.553 291.544 +0.615465 27.500 1 0.000 0 0.000000
241 808.406 27.562 291.530 +0.609489 27.509 1 0.000 0 0.000000
242 808.406 27.562 291.530 +0.609489 27.509 1 0.000 0 0.000000
243 808.427 27.572 291.516 +0.603519 27.519 1 0.000 0 0.000000
244 808.427 27.572 291.516 +0.603519 27.519 1 0.000 0 0.000000
245 808.427 27.572 291.516 +0.603519 27.519 1 0.000 0 0.000000
246 808.448 27.582 291.502 +0.597538 27.528 1 0.000 0 0.000000
247 808.468 27.592 291.488 +0.591557 27.537 1 0.000 0 0.000000
248 808.468 27.592 291.488 +0.591557 27.537 1 0.000 0 0.000000
249 808.489 27.601 291.474 +0.585722 27.547 1 0.000 0 0.000000
250 808.489 27.601 291.474 +0.585722 27.547 1 0.000 0 0.000000
251 808.509 27.611 291.460 +0.579851 27.557 1 0.000 0 0.000000
252 808.509 27.611 291.460 +0.579851 27.557 1 0.000 0 0.000000
253 808.530 27.620 291.446 +0.573969 27.566 1 0.000 0 0.000000
254 808.551 27.630 291.432 +0.568081 27.576 1 0.000 0 0.000000
255 808.551 27.630 291.432 +0.568081 27.576 1 0.000 0 0.000000
256 808.551 27.630 291.432 +0.568081 27.576 1 0.000 0 0.000000
257 808.592 27.649 291.404 +0.556295 27.595 1 0.000 0 0.000000
258 808.592 27.649 291.404 +0.556295 27.595 1 0.000 0 0.000000
259 808.612 27.659 291.390 +0.550383 27.604 1 0.000 0 0.000000
260 808.612 27.659 291.390 +0.550383 27.604 1 0.000 0 0.000000
261 808.633 27.668 291.376 +0.544476 27.614 1 0.000 0 0.000000
262 808.633 27.668 291.376 +0.544476 27.614 1 0.000 0 0.000000
263 808.653 27.678 291.362 +0.538555 27.623 1 0.000 0 0.000000
264 808.653 27.678 291.362 +0.538555 27.623 1 0.000 0 0.000000
265 808.674 27.688 291.348 +0.532627 27.633 1 0.000 0 0.000000
266 808.674 27.688 291.348 +0.532627 27.633 1 0.000 0 0.000000
267 808.694 27.697 291.334 +0.526693 27.643 1 0.000 0 0.000000
268 808.694 27.697 291.334 +0.526693 27.643 1 0.000 0 0.000000
269 808.715 27.707 291.319 +0.520761 27.652 1 0.000 0 0.000000
270 808.735 27.716 291.305 +0.514809 27.662 1 0.000 0 0.000000
271 808.735 27.716 291.305 +0.514809 27.662 1 0.000 0 0.000000
272 808.776 27.736 291.277 +0.502903 27.681 1 0.000 0 0.000000
273 808.796 27.745 291.263 +0.496943 27.691 1 0.000 0 0.000000
274 808.796 27.745 291.263 +0.496943 27.691 1 0.000 0 0.000000
275 808.816 27.755 291.248 +0.490965 27.700 1 0.000 0 0.000000
276 808.816 27.755 291.248 +0.490965 27.700 1 0.000 0 0.000000
277 808.837 27.765 291.234 +0.484989 27.710 1 0.000 0 0.000000
278 808.837 27.765 291.234 +0.484989 27.710 1 0.000 0 0.000000
279 808.857 27.775 291.220 +0.478945 27.719 1 0.000 0 0.000000
280 808.877 27.784 291.206 +0.472895 27.729 1 0.000 0 0.000000
281 808.877 27.784 291.206 +0.472895 27.729 1 0.000 0 0.000000
282 808.897 27.794 291.191 +0.466837 27.739 1 0.000 0 0.000000
283 808.897 27.794 291.191 +0.466837 27.739 1 0.000 0 0.000000
284 808.918 27.804 291.177 +0.460772 27.748 1 0.000 0 0.000000
285 808.918 27.804 291.177 +0.460772 27.748 1 0.000 0 0.000000
286 808.938 27.814 291.163 +0.454708 27.758 1 0.000 0 0.000000
287 808.958 27.823 291.149 +0.448624 27.768 1 0.000 0 0.000000
288 808.958 27.823 291.149 +0.448624 27.768 1 0.000 0 0.000000
289 808.978 27.833 291.134 +0.442547 27.777 1 0.000 0 0.000000
290 808.978 27.833 291.134 +0.442547 27.777 1 0.000 0 0.000000
291 808.998 27.843 291.120 +0.436459 27.787 1 0.000 0 0.000000
292 808.998 27.843 291.120 +0.436459 27.787 1 0.000 0 0.000000
293 809.018 27.853 291.106 +0.430349 27.797 1 0.000 0 0.000000
294 809.038 27.862 291.091 +0.424246 27.806 1 0.000 0 0.000000
295 809.038 27.862 291.091 +0.424246 27.806 1 0.000 0 0.000000
296 809.059 27.872 291.077 +0.418129 27.816 1 0.000 0 0.000000
297 809.079 27.882 291.063 +0.412004 27.826 1 0.000 0 0.000000
298 809.079 27.882 291.063 +0.412004 27.826 1 0.000 0 0.000000
299 809.119 27.902 291.034 +0.399725 27.845 1 0.000 0 0.000000
300 809.119 27.902 291.034 +0.399725 27.845 1 0.000 0 0.000000
301 809.139 27.911 291.019 +0.393679 27.855 1 0.000 0 0.000000
302 809.139 27.911 291.019 +0.393679 27.855 1 0.000 0 0.000000
303 809.159 27.921 291.005 +0.387556 27.865 1 0.000 0 0.000000
304 809.178 27.931 290.990 +0.381420 27.875 1 0.000 0 0.000000
305 809.178 27.931 290.990 +0.381420 27.875 1 0.000 0 0.000000
306 809.198 27.941 290.976 +0.375277 27.884 1 0.000 0 0.000000
307 809.198 27.941 290.976 +0.375277 27.884 1 0.000 0 0.000000
308 809.198 27.941 290.976 +0.375277 27.884 1 0.000 0 0.000000
309 809.218 27.951 290.961 +0.369125 27.894 1 0.000 0 0.000000
310 809.218 27.951 290.961 +0.369125 27.894 1 0.000 0 0.000000
311 809.238 27.961 290.946 +0.362976 27.904 1 0.000 0 0.000000
312 809.238 27.961 290.946 +0.362976 27.904 1 0.000 0 0.000000
313 809.258 27.970 290.932 +0.356808 27.914 1 0.000 0 0.000000
314 809.278 27.980 290.917 +0.350645 27.924 1 0.000 0 0.000000
315 809.298 27.990 290.903 +0.344473 27.934 1 0.000 0 0.000000
316 809.298 27.990 290.903 +0.344473 27.934 1 0.000 0 0.000000
317 809.317 28.000 290.888 +0.338278 27.943 1 0.000 0 0.000000
318 809.317 28.000 290.888 +0.338278 27.943 1 0.000 0 0.000000
319 809.337 28.010 290.873 +0.332088 27.953 1 0.000 0 0.000000
320 809.337 28.010 290.873 +0.332088 27.953 1 0.000 0 0.000000
321 809.357 28.020 290.859 +0.325886 27.963 1 0.000 0 0.000000
322 809.377 28.030 290.844 +0.319677 27.973 1 0.000 0 0.000000
323 809.377 28.030 290.844 +0.319677 27.973 1 0.000 0 0.000000
324 809.396 28.039 290.829 +0.313465 27.983 1 0.000 0 0.000000
325 809.396 28.039 290.829 +0.313465 27.983 1 0.000 0 0.000000
326 809.416 28.049 290.814 +0.307228 27.993 1 0.000 0 0.000000
327 809.416 28.049 290.814 +0.307228 27.993 1 0.000 0 0.000000
328 809.436 28.059 290.800 +0.300999 28.003 1 0.000 0 0.000000
329 809.455 28.069 290.785 +0.294762 28.013 1 0.000 0 0.000000
330 809.475 28.079 290.770 +0.288502 28.023 1 0.000 0 0.000000
331 809.475 28.079 290.770 +0.288502 28.023 1 0.000 0 0.000000
332 809.495 28.089 290.755 +0.282417 28.033 1 0.000 0 0.000000
333 809.495 28.089 290.755 +0.282417 28.033 1 0.000 0 0.000000
334 809.514 28.099 290.740 +0.276264 28.043 1 0.000 0 0.000000
335 809.514 28.099 290.740 +0.276264 28.043 1 0.000 0 0.000000
336 809.534 28.109 290.725 +0.270105 28.053 1 0.000 0 0.000000
337 809.554 28.118 290.710 +0.263924 28.063 1 0.000 0 0.000000
338 809.554 28.118 290.710 +0.263924 28.063 1 0.000 0 0.000000
339 809.573 28.128 290.695 +0.257751 28.073 1 0.000 0 0.000000
340 809.593 28.138 290.680 +0.251558 28.083 1 0.000 0 0.000000
341 809.593 28.138 290.680 +0.251558 28.083 1 0.000 0 0.000000
342 809.612 28.148 290.665 +0.245358 28.093 1 0.000 0 0.000000
343 809.612 28.148 290.665 +0.245358 28.093 1 0.000 0 0.000000
344 809.651 28.168 290.636 +0.232807 28.113 1 0.000 0 0.000000
345 809.651 28.168 290.636 +0.232807 28.113 1 0.000 0 0.000000
346 809.671 28.178 290.621 +0.226215 28.123 1 0.000 0 0.000000
347 809.671 28.178 290.621 +0.226215 28.123 1 0.000 0 0.000000
348 809.690 28.188 290.606 +0.220312 28.133 1 0.000 0 0.000000
349 809.690 28.188 290.606 +0.220312 28.133 1 0.000 0 0.000000
350 809.709 28.198 290.591 +0.213928 28.143 1 0.000 0 0.000000
351 809.709 28.198 290.591 +0.213928 28.143 1 0.000 0 0.000000
352 809.729 28.208 290.576 +0.207544 28.153 1 0.000 0 0.000000
353 809.729 28.208 290.576 +0.207544 28.153 1 0.000 0 0.000000
354 809.748 28.218 290.561 +0.201145 28.163 1 0.000 0 0.000000
355 809.767 28.228 290.546 +0.194736 28.173 1 0.000 0 0.000000
356 809.787 28.238 290.531 +0.188318 28.183 1 0.000 0 0.000000
357 809.787 28.238 290.531 +0.188318 28.183 1 0.000 0 0.000000
358 809.806 28.248 290.516 +0.181898 28.193 1 0.000 0 0.000000
359 809.806 28.248 290.516 +0.181898 28.193 1 0.000 0 0.000000
360 809.825 28.258 290.501 +0.175453 28.203 1 0.000 0 0.000000
361 809.825 28.258 290.501 +0.175453 28.203 1 0.000 0 0.000000
362 809.844 28.268 290.486 +0.169014 28.213 1 0.000 0 0.000000
363 809.844 28.268 290.486 +0.169014 28.213 1 0.000 0 0.000000
364 809.863 28.278 290.471 +0.162560 28.223 1 0.000 0 0.000000
365 809.863 28.278 290.471 +0.162560 28.223 1 0.000 0 0.000000
366 809.882 28.288 290.456 +0.156096 28.233 1 0.000 0 0.000000
367 809.882 28.288 290.456 +0.156096 28.233 1 0.000 0 0.000000
368 809.901 28.299 290.441 +0.149620 28.243 1 0.000 0 0.000000
369 809.920 28.309 290.426 +0.143133 28.253 1 0.000 0 0.000000
370 809.920 28.309 290.426 +0.143133 28.253 1 0.000 0 0.000000
371 809.940 28.319 290.411 +0.136642 28.263 1 0.000 0 0.000000
372 809.940 28.319 290.411 +0.136642 28.263 1 0.000 0 0.000000
373 809.977 28.339 290.380 +0.123625 28.284 1 0.000 0 0.000000
374 809.977 28.339 290.380 +0.123625 28.284 1 0.000 0 0.000000
375 809.996 28.349 290.365 +0.117102 28.294 1 0.000 0 0.000000
376 809.996 28.349 290.365 +0.117102 28.294 1 0.000 0 0.000000
377 809.996 28.349 290.365 +0.117102 28.294 1 0.000 0 0.000000
378 810.015 28.359 290.350 +0.110569 28.304 1 0.000 0 0.000000
379 810.034 28.370 290.335 +0.104015 28.314 1 0.000 0 0.000000
380 810.034 28.370 290.335 +0.104015 28.314 1 0.000 0 0.000000
381 810.053 28.380 290.319 +0.097467 28.324 1 0.000 0 0.000000
382 810.053 28.380 290.319 +0.097467 28.324 1 0.000 0 0.000000
383 810.072 28.390 290.304 +0.090902 28.334 1 0.000 0 0.000000
384 810.072 28.390 290.304 +0.090902 28.334 1 0.000 0 0.000000
385 810.091 28.400 290.289 +0.084322 28.345 1 0.000 0 0.000000
386 810.091 28.400 290.289 +0.084322 28.345 1 0.000 0 0.000000
387 810.109 28.410 290.273 +0.077757 28.355 1 0.000 0 0.000000
388 810.109 28.410 290.273 +0.077757 28.355 1 0.000 0 0.000000
389 810.128 28.421 290.258 +0.071178 28.365 1 0.000 0 0.000000
390 810.128 28.421 290.258 +0.071178 28.365 1 0.000 0 0.000000
391 810.147 28.431 290.243 +0.064575 28.375 1 0.000 0 0.000000
392 810.165 28.441 290.227 +0.057970 28.386 1 0.000 0 0.000000
393 810.165 28.441 290.227 +0.057970 28.386 1 0.000 0 0.000000
394 810.184 28.451 290.212 +0.051359 28.396 1 0.000 0 0.000000
395 810.203 28.461 290.196 +0.044729 28.406 1 0.000 0 0.000000
396 810.203 28.461 290.196 +0.044729 28.406 1 0.000 0 0.000000
397 810.221 28.472 290.181 +0.038092 28.416 1 0.000 0 0.000000
398 810.221 28.472 290.181 +0.038092 28.416 1 0.000 0 0.000000
399 810.240 28.482 290.165 +0.031433 28.427 1 0.000 0 0.000000
400 810.240 28.482 290.165 +0.031433 28.427 1 0.000 0 0.000000
401 810.258 28.492 290.150 +0.024778 28.437 1 0.000 0 0.000000
402 810.276 28.503 290.134 +0.018106 28.447 1 0.000 0 0.000000
403 810.276 28.503 290.134 +0.018106 28.447 1 0.000 0 0.000000
404 810.295 28.513 290.119 +0.011419 28.458 1 0.000 0 0.000000
405 810.313 28.523 290.103 +0.004726 28.468 1 0.000 0 0.000000
406 810.332 28.533 290.087 -0.001987 28.478 1 0.000 0 0.000000
407 810.350 28.544 290.072 -0.008709 28.489 1 0.000 0 0.000000
408 810.350 28.544 290.072 -0.008709 28.489 1 0.000 0 0.000000
409 810.350 28.544 290.072 -0.008709 28.489 1 0.000 0 0.000000
410 810.368 28.554 290.056 -0.015440 28.499 1 0.000 0 0.000000
411 810.368 28.554 290.056 -0.015440 28.499 1 0.000 0 0.000000
412 810.386 28.564 290.040 -0.022181 28.510 1 0.000 0 0.000000
413 810.386 28.564 290.040 -0.022181 28.510 1 0.000 0 0.000000
414 810.404 28.575 290.025 -0.028931 28.520 1 0.000 0 0.000000
415 810.404 28.575 290.025 -0.028931 28.520 1 0.000 0 0.000000
416 810.423 28.585 290.009 -0.035698 28.530 1 0.000 0 0.000000
417 810.441 28.596 289.993 -0.042473 28.541 1 0.000 0 0.000000
418 810.459 28.606 289.977 -0.049269 28.551 1 0.000 0 0.000000
419 810.459 28.606 289.977 -0.049269 28.551 1 0.000 0 0.000000
420 810.477 28.616 289.961 -0.056023 28.562 1 0.000 0 0.000000
421 810.477 28.616 289.961 -0.056023 28.562 1 0.000 0 0.000000
422 810.495 28.627 289.945 -0.062744 28.572 1 0.000 0 0.000000
423 810.495 28.627 289.945 -0.062744 28.572 1 0.000 0 0.000000
424 810.513 28.637 289.929 -0.069504 28.583 1 0.000 0 0.000000
425 810.513 28.637 289.929 -0.069504 28.583 1 0.000 0 0.000000
426 810.531 28.647 289.913 -0.076263 28.593 1 0.000 0 0.000000
427 810.549 28.658 289.897 -0.083042 28.604 1 0.000 0 0.000000
428 810.549 28.658 289.897 -0.083042 28.604 1 0.000 0 0.000000
429 810.567 28.668 289.881 -0.089836 28.614 1 0.000 0 0.000000
430 810.567 28.668 289.881 -0.089836 28.614 1 0.000 0 0.000000
431 810.585 28.678 289.865 -0.096645 28.625 1 0.000 0 0.000000
432 810.602 28.689 289.849 -0.103668 28.636 1 0.000 0 0.000000
433 810.602 28.689 289.849 -0.103668 28.636 1 0.000 0 0.000000
434 810.620 28.699 289.833 -0.110418 28.646 1 0.000 0 0.000000
435 810.638 28.710 289.817 -0.117321 28.657 1 0.000 0 0.000000
436 810.638 28.710 289.817 -0.117321 28.657 1 0.000 0 0.000000
437 810.655 28.720 289.801 -0.124243 28.667 1 0.000 0 0.000000
438 810.655 28.720 289.801 -0.124243 28.667 1 0.000 0 0.000000
439 810.673 28.731 289.785 -0.131466 28.678 1 0.000 0 0.000000
440 810.691 28.742 289.769 -0.138546 28.688 1 0.000 0 0.000000
441 810.691 28.742 289.769 -0.138546 28.688 1 0.000 0 0.000000
442 810.691 28.742 289.769 -0.138546 28.688 1 0.000 0 0.000000
443 810.708 28.752 289.753 -0.145302 28.699 1 0.000 0 0.000000
444 810.708 28.752 289.753 -0.145302 28.699 1 0.000 0 0.000000
445 810.725 28.763 289.737 -0.152424 28.709 1 0.000 0 0.000000
446 810.743 28.773 289.721 -0.159552 28.720 1 0.000 0 0.000000
447 810.743 28.773 289.721 -0.159552 28.720 1 0.000 0 0.000000
448 810.760 28.784 289.705 -0.166700 28.731 1 0.000 0 0.000000
449 810.760 28.784 289.705 -0.166700 28.731 1 0.000 0 0.000000
450 810.777 28.795 289.689 -0.173864 28.741 1 0.000 0 0.000000
451 810.777 28.795 289.689 -0.173864 28.741 1 0.000 0 0.000000
452 810.795 28.805 289.673 -0.181042 28.752 1 0.000 0 0.000000
453 810.795 28.805 289.673 -0.181042 28.752 1 0.000 0 0.000000
454 810.812 28.816 289.656 -0.188236 28.762 1 0.000 0 0.000000
455 810.812 28.816 289.656 -0.188236 28.762 1 0.000 0 0.000000
456 810.829 28.827 289.640 -0.195442 28.773 1 0.000 0 0.000000
457 810.829 28.827 289.640 -0.195442 28.773 1 0.000 0 0.000000
458 810.846 28.838 289.624 -0.202656 28.783 1 0.000 0 0.000000
459 810.863 28.848 289.608 -0.209892 28.794 1 0.000 0 0.000000
460 810.863 28.848 289.608 -0.209892 28.794 1 0.000 0 0.000000
461 810.880 28.859 289.592 -0.217140 28.805 1 0.000 0 0.000000
462 810.880 28.859 289.592 -0.217140 28.805 1 0.000 0 0.000000
463 810.897 28.870 289.575 -0.224424 28.815 1 0.000 0 0.000000
464 810.897 28.870 289.575 -0.224424 28.815 1 0.000 0 0.000000
465 810.915 28.880 289.560 -0.231237 28.826 1 0.000 0 0.000000
466 810.915 28.880 289.560 -0.231237 28.826 1 0.000 0 0.000000
467 810.934 28.890 289.545 -0.237738 28.836 1 0.000 0 0.000000
468 810.934 28.890 289.545 -0.237738 28.836 1 0.000 0 0.000000
469 810.954 28.901 289.530 -0.244236 28.846 1 0.000 0 0.000000
470 810.954 28.901 289.530 -0.244236 28.846 1 0.000 0 0.000000
471 810.973 28.911 289.515 -0.250740 28.856 1 0.000 0 0.000000
472 810.973 28.911 289.515 -0.250740 28.856 1 0.000 0 0.000000
473 810.992 28.921 289.501 -0.257246 28.866 1 0.000 0 0.000000
474 811.011 28.931 289.486 -0.263750 28.876 1 0.000 0 0.000000
475 811.011 28.931 289.486 -0.263750 28.876 1 0.000 0 0.000000
476 811.050 28.951 289.456 -0.276794 28.897 1 0.000 0 0.000000
477 811.050 28.951 289.456 -0.276794 28.897 1 0.000 0 0.000000
478 811.069 28.961 289.441 -0.283314 28.907 1 0.000 0 0.000000
479 811.069 28.961 289.441 -0.283314 28.907 1 0.000 0 0.000000
480 811.088 28.972 289.427 -0.289846 28.917 1 0.000 0 0.000000
481 811.088 28.972 289.427 -0.289846 28.917 1 0.000 0 0.000000
482 811.107 28.982 289.412 -0.296379 28.927 1 0.000 0 0.000000
483 811.107 28.982 289.412 -0.296379 28.927 1 0.000 0 0.000000
484 811.126 28.992 289.397 -0.302914 28.937 1 0.000 0 0.000000
485 811.126 28.992 289.397 -0.302914 28.937 1 0.000 0 0.000000
486 811.126 28.992 289.397 -0.302914 28.937 1 0.000 0 0.000000
487 811.145 29.002 289.382 -0.309450 28.947 1 0.000 0 0.000000
488 811.145 29.002 289.382 -0.309450 28.947 1 0.000 0 0.000000
489 811.164 29.012 289.367 -0.315998 28.957 1 0.000 0 0.000000
490 811.184 29.022 289.352 -0.322546 28.967 1 0.000 0 0.000000
491 811.184 29.022 289.352 -0.322546 28.967 1 0.000 0 0.000000
492 811.203 29.033 289.338 -0.329405 28.978 1 0.000 0 0.000000
493 811.203 29.033 289.338 -0.329405 28.978 1 0.000 0 0.000000
494 811.222 29.043 289.323 -0.335976 28.988 1 0.000 0 0.000000
495 811.241 29.053 289.308 -0.342361 28.998 1 0.000 0 0.000000
496 811.241 29.053 289.308 -0.342361 28.998 1 0.000 0 0.000000
497 811.260 29.063 289.293 -0.349024 29.008 1 0.000 0 0.000000
498 811.260 29.063 289.293 -0.349024 29.008 1 0.000 0 0.000000
499 811.279 29.074 289.278 -0.355680 29.018 1 0.000 0 0.000000
500 811.279 29.074 289.278 -0.355680 29.018 1 0.000 0 0.000000
501 811.298 29.084 289.264 -0.362347 29.028 1 0.000 0 0.000000
502 811.298 29.084 289.264 -0.362347 29.028 1 0.000 0 0.000000
503 811.317 29.094 289.249 -0.369024 29.038 1 0.000 0 0.000000
504 811.317 29.094 289.249 -0.369024 29.038 1 0.000 0 0.000000
505 811.336 29.104 289.234 -0.375706 29.048 1 0.000 0 0.000000
506 811.336 29.104 289.234 -0.375706 29.048 1 0.000 0 0.000000
507 811.355 29.115 289.219 -0.382385 29.058 1 0.000 0 0.000000
508 811.355 29.115 289.219 -0.382385 29.058 1 0.000 0 0.000000
509 811.374 29.125 289.205 -0.389076 29.068 1 0.000 0 0.000000
510 811.374 29.125 289.205 -0.389076 29.068 1 0.000 0 0.000000
511 811.393 29.135 289.190 -0.395775 29.079 1 0.000 0 0.000000
512 811.393 29.135 289.190 -0.395775 29.079 1 0.000 0 0.000000
513 811.412 29.146 289.175 -0.402470 29.089 1 0.000 0 0.000000
514 811.431 29.156 289.160 -0.409176 29.099 1 0.000 0 0.000000
515 811.431 29.156 289.160 -0.409176 29.099 1 0.000 0 0.000000
516 811.450 29.166 289.146 -0.415884 29.109 1 0.000 0 0.000000
517 811.450 29.166 289.146 -0.415884 29.109 1 0.000 0 0.000000
518 811.469 29.177 289.131 -0.422592 29.119 1 0.000 0 0.000000
519 811.469 29.177 289.131 -0.422592 29.119 1 0.000 0 0.000000
520 811.487 29.187 289.116 -0.429192 29.129 1 0.000 0 0.000000
521 811.506 29.197 289.101 -0.435810 29.139 1 0.000 0 0.000000
522 811.506 29.197 289.101 -0.435810 29.139 1 0.000 0 0.000000
523 811.525 29.207 289.086 -0.442432 29.150 1 0.000 0 0.000000
524 811.525 29.207 289.086 -0.442432 29.150 1 0.000 0 0.000000
525 811.544 29.217 289.071 -0.449062 29.160 1 0.000 0 0.000000
526 811.544 29.217 289.071 -0.449062 29.160 1 0.000 0 0.000000
527 811.563 29.228 289.056 -0.455683 29.170 1 0.000 0 0.000000
528 811.563 29.228 289.056 -0.455683 29.170 1 0.000 0 0.000000
529 811.582 29.238 289.041 -0.462317 29.180 1 0.000 0 0.000000
530 811.582 29.238 289.041 -0.462317 29.180 1 0.000 0 0.000000
531 811.601 29.248 289.026 -0.468954 29.191 1 0.000 0 0.000000
532 811.601 29.248 289.026 -0.468954 29.191 1 0.000 0 0.000000
533 811.620 29.258 289.011 -0.475588 29.201 1 0.000 0 0.000000
534 811.620 29.258 289.011 -0.475588 29.201 1 0.000 0 0.000000
535 811.639 29.269 288.996 -0.482241 29.211 1 0.000 0 0.000000
536 811.639 29.269 288.996 -0.482241 29.211 1 0.000 0 0.000000
537 811.658 29.279 288.982 -0.488895 29.221 1 0.000 0 0.000000
538 811.658 29.279 288.982 -0.488895 29.221 1 0.000 0 0.000000
539 811.677 29.289 288.967 -0.495544 29.231 1 0.000 0 0.000000
540 811.677 29.289 288.967 -0.495544 29.231 1 0.000 0 0.000000
541 811.695 29.300 288.952 -0.502205 29.242 1 0.000 0 0.000000
542 811.714 29.310 288.937 -0.508877 29.252 1 0.000 0 0.000000
543 811.733 29.320 288.922 -0.515543 29.262 1 0.000 0 0.000000
544 811.733 29.320 288.922 -0.515543 29.262 1 0.000 0 0.000000
545 811.752 29.330 288.907 -0.522219 29.272 1 0.000 0 0.000000
546 811.752 29.330 288.907 -0.522219 29.272 1 0.000 0 0.000000
547 811.771 29.341 288.892 -0.528900 29.283 1 0.000 0 0.000000
548 811.771 29.341 288.892 -0.528900 29.283 1 0.000 0 0.000000
549 811.790 29.350 288.876 -0.534912 29.293 1 0.000 0 0.000000
550 811.809 29.360 288.860 -0.541222 29.304 1 0.000 0 0.000000
551 811.809 29.360 288.860 -0.541222 29.304 1 0.000 0 0.000000
552 811.828 29.370 288.845 -0.547527 29.314 1 0.000 0 0.000000
553 811.828 29.370 288.845 -0.547527 29.314 1 0.000 0 0.000000
554 811.847 29.380 288.829 -0.553831 29.325 1 0.000 0 0.000000
555 811.847 29.380 288.829 -0.553831 29.325 1 0.000 0 0.000000
556 811.866 29.390 288.814 -0.560156 29.336 1 0.000 0 0.000000
557 811.885 29.400 288.798 -0.566477 29.346 1 0.000 0 0.000000
558 811.885 29.400 288.798 -0.566477 29.346 1 0.000 0 0.000000
559 811.885 29.400 288.798 -0.566477 29.346 1 0.000 0 0.000000
560 811.903 29.410 288.783 -0.572794 29.357 1 0.000 0 0.000000
561 811.922 29.420 288.767 -0.579126 29.367 1 0.000 0 0.000000
562 811.922 29.420 288.767 -0.579126 29.367 1 0.000 0 0.000000
563 811.941 29.430 288.752 -0.585466 29.378 1 0.000 0 0.000000
564 811.941 29.430 288.752 -0.585466 29.378 1 0.000 0 0.000000
565 811.960 29.440 288.736 -0.593924 29.389 1 0.000 0 0.000000
566 811.960 29.440 288.736 -0.593924 29.389 1 0.000 0 0.000000
567 811.979 29.450 288.721 -0.603922 29.399 1 0.000 0 0.000000
568 811.979 29.450 288.721 -0.603922 29.399 1 0.000 0 0.000000
569 811.998 29.460 288.705 -0.613922 29.410 1 0.000 0 0.000000
570 812.017 29.470 288.690 -0.623922 29.420 1 0.000 0 0.000000
571 812.017 29.470 288.690 -0.623922 29.420 1 0.000 0 0.000000
572 812.035 29.480 288.674 -0.633938 29.431 1 0.000 0 0.000000
573 812.035 29.480 288.674 -0.633938 29.431 1 0.000 0 0.000000
574 812.073 29.499 288.642 -0.653107 29.453 1 0.000 0 0.000000
575 812.073 29.499 288.642 -0.653107 29.453 1 0.000 0 0.000000
576 812.092 29.508 288.624 -0.661644 29.465 1 0.000 0 0.000000
577 812.092 29.508 288.624 -0.661644 29.465 1 0.000 0 0.000000
578 812.111 29.516 288.605 -0.669445 29.477 1 0.000 0 0.000000
579 812.130 29.523 288.586 -0.676884 29.490 1 0.000 0 0.000000
580 812.130 29.523 288.586 -0.676884 29.490 1 0.000 0 0.000000
581 812.130 29.523 288.586 -0.676884 29.490 1 0.000 0 0.000000
582 812.149 29.531 288.567 -0.684713 29.502 1 0.000 0 0.000000
583 812.149 29.531 288.567 -0.684713 29.502 1 0.000 0 0.000000
584 812.168 29.539 288.548 -0.692547 29.515 1 0.000 0 0.000000
585 812.187 29.547 288.529 -0.700377 29.528 1 0.000 0 0.000000
586 812.187 29.547 288.529 -0.700377 29.528 1 0.000 0 0.000000
587 812.187 29.547 288.529 -0.700377 29.528 1 0.000 0 0.000000
588 812.206 29.554 288.510 -0.708214 29.540 1 0.000 0 0.000000
589 812.225 29.562 288.491 -0.716051 29.553 1 0.000 0 0.000000
590 812.225 29.562 288.491 -0.716051 29.553 1 0.000 0 0.000000
591 812.244 29.570 288.472 -0.723888 29.565 1 0.000 0 0.000000
592 812.263 29.578 288.452 -0.731728 29.578 1 0.000 0 0.000000
593 812.263 29.578 288.452 -0.731728 29.578 1 0.000 0 0.000000
594 812.281 29.586 288.433 -0.739565 29.591 1 0.000 0 0.000000
595 812.281 29.586 288.433 -0.739565 29.591 1 0.000 0 0.000000
596 812.300 29.594 288.414 -0.747404 29.603 1 0.000 0 0.000000
597 812.300 29.594 288.414 -0.747404 29.603 1 0.000 0 0.000000
598 812.320 29.599 288.394 -0.753115 29.617 1 0.000 0 0.000000
599 812.339 29.605 288.374 -0.759104 29.630 1 0.000 0 0.000000
600 812.359 29.611 288.354 -0.765280 29.643 1 0.000 0 0.000000
601 812.359 29.611 288.354 -0.765280 29.643 1 0.000 0 0.000000
602 812.378 29.618 288.334 -0.771460 29.656 1 0.000 0 0.000000
603 812.378 29.618 288.334 -0.771460 29.656 1 0.000 0 0.000000
604 812.398 29.624 288.314 -0.777639 29.670 1 0.000 0 0.000000
605 812.398 29.624 288.314 -0.777639 29.670 1 0.000 0 0.000000
606 812.417 29.630 288.294 -0.783821 29.683 1 0.000 0 0.000000
607 812.417 29.630 288.294 -0.783821 29.683 1 0.000 0 0.000000
608 812.456 29.642 288.253 -0.796183 29.710 1 0.000 0 0.000000
609 812.456 29.642 288.253 -0.796183 29.710 1 0.000 0 0.000000
610 812.476 29.649 288.233 -0.802362 29.723 1 0.000 0 0.000000
611 812.476 29.649 288.233 -0.802362 29.723 1 0.000 0 0.000000
612 812.495 29.656 288.213 -0.809645 29.736 1 0.000 0 0.000000
613 812.495 29.656 288.213 -0.809645 29.736 1 0.000 0 0.000000
614 812.514 29.663 288.193 -0.816895 29.749 1 0.000 0 0.000000
615 812.514 29.663 288.193 -0.816895 29.749 1 0.000 0 0.000000
616 812.533 29.670 288.174 -0.824144 29.762 1 0.000 0 0.000000
617 812.533 29.670 288.174 -0.824144 29.762 1 0.000 0 0.000000
618 812.533 29.670 288.174 -0.824144 29.762 1 0.000 0 0.000000
619 812.551 29.678 288.154 -0.831392 29.775 1 0.000 0 0.000000
620 812.570 29.685 288.134 -0.838648 29.789 1 0.000 0 0.000000
621 812.570 29.685 288.134 -0.838648 29.789 1 0.000 0 0.000000
622 812.589 29.692 288.114 -0.845903 29.802 1 0.000 0 0.000000
623 812.589 29.692 288.114 -0.845903 29.802 1 0.000 0 0.000000
624 812.608 29.699 288.094 -0.853161 29.815 1 0.000 0 0.000000
625 812.608 29.699 288.094 -0.853161 29.815 1 0.000 0 0.000000
626 812.627 29.707 288.074 -0.860416 29.828 1 0.000 0 0.000000
627 812.627 29.707 288.074 -0.860416 29.828 1 0.000 0 0.000000
628 812.645 29.714 288.054 -0.867668 29.841 1 0.000 0 0.000000
629 812.664 29.721 288.035 -0.874918 29.854 1 0.000 0 0.000000
630 812.664 29.721 288.035 -0.874918 29.854 1 0.000 0 0.000000
631 812.683 29.728 288.015 -0.882170 29.867 1 0.000 0 0.000000
632 812.701 29.736 287.995 -0.889420 29.880 1 0.000 0 0.000000
633 812.701 29.736 287.995 -0.889420 29.880 1 0.000 0 0.000000
634 812.720 29.743 287.975 -0.896677 29.894 1 0.000 0 0.000000
635 812.739 29.750 287.955 -0.903936 29.907 1 0.000 0 0.000000
636 812.758 29.757 287.935 -0.911196 29.920 1 0.000 0 0.000000
637 812.758 29.757 287.935 -0.911196 29.920 1 0.000 0 0.000000
638 812.776 29.765 287.915 -0.909844 29.933 1 0.000 0 0.000000
639 812.795 29.773 287.896 -0.885008 29.946 1 0.000 0 0.000000
640 812.795 29.773 287.896 -0.885008 29.946 1 0.000 0 0.000000
641 812.813 29.782 287.877 -0.860073 29.959 1 0.000 0 0.000000
642 812.831 29.790 287.858 -0.835071 29.971 1 0.000 0 0.000000
643 812.831 29.790 287.858 -0.835071 29.971 1 0.000 0 0.000000
644 812.849 29.798 287.839 -0.810007 29.984 1 0.000 0 0.000000
645 812.849 29.798 287.839 -0.810007 29.984 1 0.000 0 0.000000
646 812.867 29.807 287.819 -0.784885 29.997 1 0.000 0 0.000000
647 812.886 29.815 287.800 -0.772341 30.010 1 0.000 0 0.000000
648 812.904 29.824 287.781 -0.776667 30.022 1 0.000 0 0.000000
649 812.904 29.824 287.781 -0.776667 30.022 1 0.000 0 0.000000
650 812.922 29.832 287.762 -0.780989 30.035 1 0.000 0 0.000000
651 812.922 29.832 287.762 -0.780989 30.035 1 0.000 0 0.000000
652 812.940 29.840 287.742 -0.785326 30.048 1 0.000 0 0.000000
653 812.940 29.840 287.742 -0.785326 30.048 1 0.000 0 0.000000
654 812.958 29.849 287.723 -0.789656 30.061 1 0.000 0 0.000000
655 812.976 29.857 287.704 -0.793987 30.073 1 0.000 0 0.000000
656 812.976 29.857 287.704 -0.793987 30.073 1 0.000 0 0.000000
657 812.994 29.866 287.685 -0.798315 30.086 1 0.000 0 0.000000
658 813.013 29.874 287.666 -0.802647 30.099 1 0.000 0 0.000000
659 813.013 29.874 287.666 -0.802647 30.099 1 0.000 0 0.000000
660 813.031 29.882 287.646 -0.806976 30.112 1 0.000 0 0.000000
661 813.049 29.889 287.626 -0.809504 30.125 1 0.000 0 0.000000
662 813.049 29.889 287.626 -0.809504 30.125 1 0.000 0 0.000000
663 813.068 29.894 287.605 -0.810658 30.139 1 0.000 0 0.000000
664 813.068 29.894 287.605 -0.810658 30.139 1 0.000 0 0.000000
665 813.087 29.898 287.583 -0.810329 30.154 1 0.000 0 0.000000
666 813.105 29.903 287.561 -0.810728 30.168 1 0.000 0 0.000000
667 813.124 29.908 287.539 -0.811123 30.182 1 0.000 0 0.000000
668 813.124 29.908 287.539 -0.811123 30.182 1 0.000 0 0.000000
669 813.143 29.913 287.517 -0.811520 30.197 1 0.000 0 0.000000
670 813.143 29.913 287.517 -0.811520 30.197 1 0.000 0 0.000000
671 813.162 29.917 287.496 -0.811914 30.211 1 0.000 0 0.000000
672 813.162 29.917 287.496 -0.811914 30.211 1 0.000 0 0.000000
673 813.180 29.922 287.474 -0.812304 30.225 1 0.000 0 0.000000
674 813.199 29.927 287.452 -0.812698 30.240 1 0.000 0 0.000000
675 813.218 29.932 287.430 -0.813095 30.254 1 0.000 0 0.000000
676 813.218 29.932 287.430 -0.813095 30.254 1 0.000 0 0.000000
677 813.218 29.932 287.430 -0.813095 30.254 1 0.000 0 0.000000
678 813.237 29.935 287.408 -0.811863 30.269 1 0.000 0 0.000000
679 813.237 29.935 287.408 -0.811863 30.269 1 0.000 0 0.000000
680 813.257 29.935 287.385 -0.808083 30.284 1 0.000 0 0.000000
681 813.276 29.937 287.363 -0.805397 30.299 1 0.000 0 0.000000
682 813.295 29.941 287.341 -0.805351 30.313 1 0.000 0 0.000000
683 813.295 29.941 287.341 -0.805351 30.313 1 0.000 0 0.000000
684 813.311 29.949 287.320 -0.809443 30.327 1 0.000 0 0.000000
685 813.311 29.949 287.320 -0.809443 30.327 1 0.000 0 0.000000
686 813.327 29.958 287.299 -0.813524 30.341 1 0.000 0 0.000000
687 813.327 29.958 287.299 -0.813524 30.341 1 0.000 0 0.000000
688 813.344 29.966 287.278 -0.817604 30.354 1 0.000 0 0.000000
689 813.344 29.966 287.278 -0.817604 30.354 1 0.000 0 0.000000
690 813.344 29.966 287.278 -0.817604 30.354 1 0.000 0 0.000000
691 813.360 29.974 287.257 -0.821678 30.368 1 0.000 0 0.000000
692 813.360 29.974 287.257 -0.821678 30.368 1 0.000 0 0.000000
693 813.377 29.982 287.236 -0.825771 30.382 1 0.000 0 0.000000
694 813.377 29.982 287.236 -0.825771 30.382 1 0.000 0 0.000000
695 813.409 29.999 287.194 -0.834785 30.409 1 0.000 0 0.000000
696 813.409 29.999 287.194 -0.834785 30.409 1 0.000 0 0.000000
697 813.424 30.009 287.175 -0.841080 30.422 1 0.000 0 0.000000
698 813.424 30.009 287.175 -0.841080 30.422 1 0.000 0 0.000000
699 813.439 30.019 287.155 -0.847517 30.435 1 0.000 0 0.000000
700 813.439 30.019 287.155 -0.847517 30.435 1 0.000 0 0.000000
701 813.454 30.030 287.136 -0.853941 30.447 1 0.000 0 0.000000
702 813.454 30.030 287.136 -0.853941 30.447 1 0.000 0 0.000000
703 813.469 30.040 287.116 -0.860361 30.460 1 0.000 0 0.000000
704 813.469 30.040 287.116 -0.860361 30.460 1 0.000 0 0.000000
705 813.484 30.050 287.097 -0.866796 30.473 1 0.000 0 0.000000
706 813.484 30.050 287.097 -0.866796 30.473 1 0.000 0 0.000000
707 813.499 30.060 287.077 -0.873238 30.485 1 0.000 0 0.000000
708 813.499 30.060 287.077 -0.873238 30.485 1 0.000 0 0.000000
709 813.514 30.071 287.058 -0.879675 30.498 1 0.000 0 0.000000
710 813.514 30.071 287.058 -0.879675 30.498 1 0.000 0 0.000000
711 813.529 30.081 287.039 -0.886110 30.511 1 0.000 0 0.000000
712 813.544 30.091 287.019 -0.892548 30.524 1 0.000 0 0.000000
713 813.544 30.091 287.019 -0.892548 30.524 1 0.000 0 0.000000
714 813.560 30.100 286.999 -0.897522 30.537 1 0.000 0 0.000000
715 813.560 30.100 286.999 -0.897522 30.537 1 0.000 0 0.000000
716 813.578 30.108 286.979 -0.900885 30.550 1 0.000 0 0.000000
717 813.596 30.114 286.958 -0.902670 30.564 1 0.000 0 0.000000
718 813.614 30.120 286.937 -0.904963 30.578 1 0.000 0 0.000000
719 813.614 30.120 286.937 -0.904963 30.578 1 0.000 0 0.000000
720 813.632 30.127 286.916 -0.907394 30.592 1 0.000 0 0.000000
721 813.632 30.127 286.916 -0.907394 30.592 1 0.000 0 0.000000
722 813.650 30.133 286.895 -0.909828 30.606 1 0.000 0 0.000000
723 813.650 30.133 286.895 -0.909828 30.606 1 0.000 0 0.000000
724 813.669 30.140 286.874 -0.912264 30.620 1 0.000 0 0.000000
725 813.669 30.140 286.874 -0.912264 30.620 1 0.000 0 0.000000
726 813.687 30.147 286.853 -0.914700 30.634 1 0.000 0 0.000000
727 813.705 30.153 286.832 -0.917124 30.648 1 0.000 0 0.000000
728 813.705 30.153 286.832 -0.917124 30.648 1 0.000 0 0.000000
729 813.723 30.160 286.811 -0.919556 30.662 1 0.000 0 0.000000
730 813.741 30.167 286.790 -0.921984 30.676 1 0.000 0 0.000000
731 813.759 30.173 286.769 -0.924416 30.690 1 0.000 0 0.000000
732 813.759 30.173 286.769 -0.924416 30.690 1 0.000 0 0.000000
733 813.778 30.180 286.748 -0.926844 30.704 1 0.000 0 0.000000
734 813.796 30.187 286.727 -0.929276 30.718 1 0.000 0 0.000000
735 813.796 30.187 286.727 -0.929276 30.718 1 0.000 0 0.000000
736 813.814 30.193 286.706 -0.931705 30.732 1 0.000 0 0.000000
737 813.832 30.200 286.685 -0.934135 30.746 1 0.000 0 0.000000
738 813.850 30.206 286.664 -0.936565 30.760 1 0.000 0 0.000000
739 813.850 30.206 286.664 -0.936565 30.760 1 0.000 0 0.000000
740 813.869 30.213 286.643 -0.938995 30.774 1 0.000 0 0.000000
741 813.887 30.220 286.622 -0.941425 30.788 1 0.000 0 0.000000
742 813.887 30.220 286.622 -0.941425 30.788 1 0.000 0 0.000000
743 813.905 30.226 286.601 -0.943855 30.802 1 0.000 0 0.000000
744 813.905 30.226 286.601 -0.943855 30.802 1 0.000 0 0.000000
745 813.923 30.233 286.580 -0.946285 30.816 1 0.000 0 0.000000
746 813.923 30.233 286.580 -0.946285 30.816 1 0.000 0 0.000000
747 813.941 30.240 286.559 -0.949169 30.830 1 0.000 0 0.000000
748 813.941 30.240 286.559 -0.949169 30.830 1 0.000 0 0.000000
749 813.959 30.247 286.539 -0.951927 30.844 1 0.000 0 0.000000
750 813.959 30.247 286.539 -0.951927 30.844 1 0.000 0 0.000000
751 813.978 30.254 286.518 -0.954815 30.858 1 0.000 0 0.000000
752 813.978 30.254 286.518 -0.954815 30.858 1 0.000 0 0.000000
753 813.996 30.261 286.497 -0.957705 30.872 1 0.000 0 0.000000
754 813.996 30.261 286.497 -0.957705 30.872 1 0.000 0 0.000000
755 814.014 30.268 286.477 -0.960594 30.886 1 0.000 0 0.000000
756 814.014 30.268 286.477 -0.960594 30.886 1 0.000 0 0.000000
757 814.032 30.275 286.456 -0.963484 30.900 1 0.000 0 0.000000
758 814.032 30.275 286.456 -0.963484 30.900 1 0.000 0 0.000000
759 814.050 30.283 286.435 -0.966375 30.913 1 0.000 0 0.000000
760 814.068 30.290 286.415 -0.969265 30.927 1 0.000 0 0.000000
761 814.068 30.290 286.415 -0.969265 30.927 1 0.000 0 0.000000
762 814.086 30.297 286.394 -0.972155 30.941 1 0.000 0 0.000000
763 814.104 30.304 286.373 -0.975044 30.955 1 0.000 0 0.000000
764 814.104 30.304 286.373 -0.975044 30.955 1 0.000 0 0.000000
765 814.123 30.311 286.353 -0.977936 30.969 1 0.000 0 0.000000
766 814.123 30.311 286.353 -0.977936 30.969 1 0.000 0 0.000000
767 814.141 30.318 286.332 -0.980825 30.983 1 0.000 0 0.000000
768 814.159 30.325 286.311 -0.983715 30.997 1 0.000 0 0.000000
769 814.159 30.325 286.311 -0.983715 30.997 1 0.000 0 0.000000
770 814.177 30.332 286.291 -0.986607 31.011 1 0.000 0 0.000000
771 814.177 30.332 286.291 -0.986607 31.011 1 0.000 0 0.000000
772 814.195 30.338 286.270 -0.988415 31.025 1 0.000 0 0.000000
773 814.195 30.338 286.270 -0.988415 31.025 1 0.000 0 0.000000
774 814.215 30.341 286.248 -0.987133 31.040 1 0.000 0 0.000000
775 814.234 30.345 286.226 -0.986374 31.054 1 0.000 0 0.000000
776 814.234 30.345 286.226 -0.986374 31.054 1 0.000 0 0.000000
777 814.253 30.349 286.204 -0.985895 31.069 1 0.000 0 0.000000
778 814.253 30.349 286.204 -0.985895 31.069 1 0.000 0 0.000000
779 814.253 30.349 286.204 -0.985895 31.069 1 0.000 0 0.000000
780 814.272 30.353 286.182 -0.985415 31.084 1 0.000 0 0.000000
781 814.272 30.353 286.182 -0.985415 31.084 1 0.000 0 0.000000
782 814.292 30.356 286.160 -0.984930 31.099 1 0.000 0 0.000000
783 814.311 30.360 286.138 -0.984447 31.113 1 0.000 0 0.000000
784 814.311 30.360 286.138 -0.984447 31.113 1 0.000 0 0.000000
785 814.311 30.360 286.138 -0.984447 31.113 1 0.000 0 0.000000
786 814.330 30.364 286.117 -0.983967 31.128 1 0.000 0 0.000000
787 814.349 30.368 286.095 -0.983484 31.143 1 0.000 0 0.000000
788 814.349 30.368 286.095 -0.983484 31.143 1 0.000 0 0.000000
789 814.349 30.368 286.095 -0.983484 31.143 1 0.000 0 0.000000
790 814.369 30.372 286.073 -0.983004 31.158 1 0.000 0 0.000000
791 814.369 30.372 286.073 -0.983004 31.158 1 0.000 0 0.000000
792 814.388 30.376 286.051 -0.982521 31.173 1 0.000 0 0.000000
793 814.388 30.376 286.051 -0.982521 31.173 1 0.000 0 0.000000
794 814.407 30.380 286.029 -0.982040 31.187 1 0.000 0 0.000000
795 814.407 30.380 286.029 -0.982040 31.187 1 0.000 0 0.000000
796 814.426 30.384 286.007 -0.981558 31.202 1 0.000 0 0.000000
797 814.426 30.384 286.007 -0.981558 31.202 1 0.000 0 0.000000
798 814.445 30.387 285.985 -0.981075 31.217 1 0.000 0 0.000000
799 814.465 30.392 285.964 -0.981194 31.232 1 0.000 0 0.000000
800 814.465 30.392 285.964 -0.981194 31.232 1 0.000 0 0.000000
801 814.483 30.397 285.942 -0.982075 31.246 1 0.000 0 0.000000
802 814.483 30.397 285.942 -0.982075 31.246 1 0.000 0 0.000000
803 814.502 30.402 285.920 -0.982958 31.261 1 0.000 0 0.000000
804 814.502 30.402 285.920 -0.982958 31.261 1 0.000 0 0.000000
805 814.520 30.407 285.898 -0.983839 31.276 1 0.000 0 0.000000
806 814.520 30.407 285.898 -0.983839 31.276 1 0.000 0 0.000000
807 814.539 30.413 285.877 -0.984724 31.290 1 0.000 0 0.000000
808 814.539 30.413 285.877 -0.984724 31.290 1 0.000 0 0.000000
809 814.557 30.418 285.855 -0.985607 31.305 1 0.000 0 0.000000
810 814.576 30.423 285.833 -0.986488 31.320 1 0.000 0 0.000000
811 814.576 30.423 285.833 -0.986488 31.320 1 0.000 0 0.000000
812 814.595 30.428 285.812 -0.987370 31.334 1 0.000 0 0.000000
813 814.595 30.428 285.812 -0.987370 31.334 1 0.000 0 0.000000
814 814.613 30.433 285.790 -0.988253 31.349 1 0.000 0 0.000000
815 814.613 30.433 285.790 -0.988253 31.349 1 0.000 0 0.000000
816 814.632 30.439 285.768 -0.989134 31.364 1 0.000 0 0.000000
817 814.632 30.439 285.768 -0.989134 31.364 1 0.000 0 0.000000
818 814.650 30.444 285.747 -0.990017 31.378 1 0.000 0 0.000000
819 814.669 30.449 285.725 -0.990892 31.393 1 0.000 0 0.000000
820 814.669 30.449 285.725 -0.990892 31.393 1 0.000 0 0.000000
821 814.688 30.451 285.703 -0.988846 31.408 1 0.000 0 0.000000
822 814.688 30.451 285.703 -0.988846 31.408 1 0.000 0 0.000000
823 814.707 30.455 285.681 -0.987827 31.423 1 0.000 0 0.000000
824 814.726 30.458 285.658 -0.986805 31.438 1 0.000 0 0.000000
825 814.726 30.458 285.658 -0.986805 31.438 1 0.000 0 0.000000
826 814.746 30.461 285.636 -0.985785 31.453 1 0.000 0 0.000000
827 814.746 30.461 285.636 -0.985785 31.453 1 0.000 0 0.000000
828 814.765 30.465 285.614 -0.984764 31.468 0 43.596 1 1.000000
829 814.765 30.465 285.614 -0.984764 31.468 0 43.596 1 1.000000
830 814.784 30.468 285.592 -0.983746 31.483 0 43.567 1 1.000000
831 814.803 30.471 285.570 -0.982723 31.498 0 43.537 1 1.000000
832 814.803 30.471 285.570 -0.982723 31.498 0 43.537 1 1.000000
833 814.822 30.475 285.548 -0.981703 31.513 0 43.508 1 1.000000
834 814.822 30.475 285.548 -0.981703 31.513 0 43.508 1 1.000000
835 814.841 30.478 285.525 -0.980854 31.528 0 43.478 1 1.000000
836 814.841 30.478 285.525 -0.980854 31.528 0 43.478 1 1.000000
837 814.860 30.483 285.504 -0.981035 31.543 0 43.449 1 1.000000
838 814.880 30.487 285.482 -0.981133 31.558 0 43.420 1 1.000000
839 814.880 30.487 285.482 -0.981133 31.558 0 43.420 1 1.000000
840 814.899 30.492 285.460 -0.981234 31.573 0 43.391 1 1.000000
841 814.918 30.496 285.439 -0.981335 31.588 0 43.362 1 1.000000
842 814.918 30.496 285.439 -0.981335 31.588 0 43.362 1 1.000000
843 814.937 30.500 285.417 -0.981434 31.602 0 43.332 1 1.000000
844 814.937 30.500 285.417 -0.981434 31.602 0 43.332 1 1.000000
845 814.956 30.505 285.395 -0.981537 31.617 0 43.303 1 1.000000
846 814.975 30.509 285.374 -0.981638 31.632 0 43.274 1 1.000000
847 814.975 30.509 285.374 -0.981638 31.632 0 43.274 1 1.000000
848 814.994 30.514 285.352 -0.981737 31.647 0 43.245 1 1.000000
849 814.994 30.514 285.352 -0.981737 31.647 0 43.245 1 1.000000
850 815.013 30.518 285.330 -0.981840 31.662 0 43.216 1 1.000000
851 815.013 30.518 285.330 -0.981840 31.662 0 43.216 1 1.000000
852 815.032 30.523 285.309 -0.981941 31.677 0 43.186 1 1.000000
853 815.052 30.527 285.287 -0.982040 31.691 0 43.157 1 1.000000
854 815.052 30.527 285.287 -0.982040 31.691 0 43.157 1 1.000000
855 815.071 30.532 285.265 -0.982143 31.706 0 43.128 1 1.000000
856 815.071 30.532 285.265 -0.982143 31.706 0 43.128 1 1.000000
857 815.090 30.536 285.243 -0.982243 31.721 0 43.099 1 1.000000
858 815.109 30.540 285.222 -0.982344 31.736 0 43.070 1 1.000000
859 815.109 30.540 285.222 -0.982344 31.736 0 43.070 1 1.000000
860 815.127 30.545 285.199 -0.982447 31.751 0 43.041 1 1.000000
861 815.143 30.549 285.175 -0.982552 31.767 0 43.012 1 1.000000
862 815.143 30.549 285.175 -0.982552 31.767 0 43.012 1 1.000000
863 815.159 30.554 285.151 -0.982649 31.783 0 42.983 1 1.000000
864 815.159 30.554 285.151 -0.982649 31.783 0 42.983 1 1.000000
865 815.173 30.558 285.125 -0.982746 31.800 0 42.955 1 1.000000
866 815.185 30.562 285.099 -0.982841 31.817 0 42.928 1 1.000000
867 815.185 30.562 285.099 -0.982841 31.817 0 42.928 1 1.000000
868 815.196 30.566 285.073 -0.982941 31.834 0 42.900 1 1.000000
869 815.196 30.566 285.073 -0.982941 31.834 0 42.900 1 1.000000
870 815.206 30.570 285.045 -0.983027 31.851 0 42.874 1 1.000000
871 815.206 30.570 285.045 -0.983027 31.851 0 42.874 1 1.000000
872 815.214 30.574 285.017 -0.983118 31.869 0 42.848 1 1.000000
873 815.214 30.574 285.017 -0.983118 31.869 0 42.848 1 1.000000
874 815.221 30.578 284.989 -0.983208 31.887 0 42.823 1 1.000000
875 815.221 30.578 284.989 -0.983208 31.887 0 42.823 1 1.000000
876 815.227 30.582 284.960 -0.983294 31.905 0 42.798 1 1.000000
877 815.227 30.582 284.960 -0.983294 31.905 0 42.798 1 1.000000
878 815.230 30.585 284.931 -0.983376 31.923 0 42.775 1 1.000000
879 815.230 30.585 284.931 -0.983376 31.923 0 42.775 1 1.000000
880 815.232 30.589 284.902 -0.983452 31.941 0 42.753 1 1.000000
881 815.232 30.589 284.902 -0.983452 31.941 0 42.753 1 1.000000
882 815.233 30.592 284.873 -0.983530 31.958 0 42.731 1 1.000000
883 815.233 30.592 284.873 -0.983530 31.958 0 42.731 1 1.000000
884 815.232 30.595 284.843 -0.983601 31.976 0 42.711 1 1.000000
885 815.230 30.598 284.814 -0.983665 31.994 0 42.692 1 1.000000
886 815.230 30.598 284.814 -0.983665 31.994 0 42.692 1 1.000000
887 815.226 30.601 284.785 -0.983732 32.011 0 42.674 1 1.000000
888 815.226 30.601 284.785 -0.983732 32.011 0 42.674 1 1.000000
889 815.220 30.603 284.756 -0.983788 32.028 0 42.657 1 1.000000
890 815.220 30.603 284.756 -0.983788 32.028 0 42.657 1 1.000000
891 815.213 30.606 284.727 -0.983847 32.045 0 42.641 1 1.000000
892 815.213 30.606 284.727 -0.983847 32.045 0 42.641 1 1.000000
893 815.204 30.608 284.699 -0.983889 32.062 0 42.627 1 1.000000
894 815.204 30.608 284.699 -0.983889 32.062 0 42.627 1 1.000000
895 815.194 30.610 284.671 -0.983942 32.078 0 42.614 1 1.000000
896 815.194 30.610 284.671 -0.983942 32.078 0 42.614 1 1.000000
897 815.183 30.611 284.643 -0.983973 32.093 0 42.603 1 1.000000
898 815.183 30.611 284.643 -0.983973 32.093 0 42.603 1 1.000000
899 815.170 30.613 284.617 -0.984015 32.108 0 42.593 1 1.000000
900 815.156 30.614 284.590 -0.984041 32.123 0 42.585 1 1.000000
901 815.140 30.615 284.565 -0.984072 32.137 0 42.578 1 1.000000
902 815.140 30.615 284.565 -0.984072 32.137 0 42.578 1 1.000000
903 815.140 30.615 284.565 -0.984072 32.137 0 42.578 1 1.000000
904 815.123 30.619 284.541 -0.986862 32.150 0 42.572 1 1.000000
905 815.123 30.619 284.541 -0.986862 32.150 0 42.572 1 1.000000
906 815.105 30.623 284.518 -0.989849 32.163 0 42.568 1 1.000000
907 815.105 30.623 284.518 -0.989849 32.163 0 42.568 1 1.000000
908 815.088 30.626 284.494 -0.992842 32.175 0 42.563 1 1.000000
909 815.088 30.626 284.494 -0.992842 32.175 0 42.563 1 1.000000
910 815.071 30.630 284.471 -0.995829 32.188 0 42.558 1 1.000000
911 815.054 30.634 284.447 -0.998816 32.201 0 42.553 1 1.000000
912 815.054 30.634 284.447 -0.998816 32.201 0 42.553 1 1.000000
913 815.036 30.637 284.424 -1.001810 32.214 0 42.548 1 1.000000
914 815.036 30.637 284.424 -1.001810 32.214 0 42.548 1 1.000000
915 815.019 30.641 284.400 -1.004805 32.226 0 42.543 1 1.000000
916 815.002 30.645 284.377 -1.007801 32.239 0 42.538 1 1.000000
917 815.002 30.645 284.377 -1.007801 32.239 0 42.538 1 1.000000
918 815.002 30.645 284.377 -1.007801 32.239 0 42.538 1 1.000000
919 814.984 30.649 284.353 -1.010798 32.252 0 42.533 1 1.000000
920 814.984 30.649 284.353 -1.010798 32.252 0 42.533 1 1.000000
921 814.967 30.652 284.330 -1.013794 32.265 0 42.529 1 1.000000
922 814.967 30.652 284.330 -1.013794 32.265 0 42.529 1 1.000000
923 814.950 30.656 284.306 -1.016785 32.277 0 42.524 1 1.000000
924 814.933 30.660 284.283 -1.019777 32.290 0 42.519 1 1.000000
925 814.933 30.660 284.283 -1.019777 32.290 0 42.519 1 1.000000
926 814.915 30.664 284.259 -1.022778 32.303 0 42.514 1 1.000000
927 814.915 30.664 284.259 -1.022778 32.303 0 42.514 1 1.000000
928 814.898 30.667 284.236 -1.025778 32.316 0 42.509 1 1.000000
929 814.881 30.671 284.212 -1.028776 32.329 0 42.504 1 1.000000
930 814.864 30.675 284.189 -1.031775 32.341 0 42.499 1 1.000000
931 814.864 30.675 284.189 -1.031775 32.341 0 42.499 1 1.000000
932 814.847 30.679 284.165 -1.034779 32.354 0 42.494 1 1.000000
933 814.847 30.679 284.165 -1.034779 32.354 0 42.494 1 1.000000
934 814.829 30.682 284.142 -1.037781 32.367 0 42.489 1 1.000000
935 814.829 30.682 284.142 -1.037781 32.367 0 42.489 1 1.000000
936 814.812 30.686 284.118 -1.040779 32.380 0 42.484 1 1.000000
937 814.812 30.686 284.118 -1.040779 32.380 0 42.484 1 1.000000
938 814.795 30.690 284.095 -1.043783 32.393 0 42.479 1 1.000000
939 814.778 30.693 284.071 -1.031962 32.406 0 42.474 1 1.000000
940 814.778 30.693 284.071 -1.031962 32.406 0 42.474 1 1.000000
941 814.761 30.697 284.048 -1.003472 32.419 0 42.469 1 1.000000
942 814.761 30.697 284.048 -1.003472 32.419 0 42.469 1 1.000000
943 814.727 30.705 284.001 -0.946426 32.444 0 42.459 1 1.000000
944 814.727 30.705 284.001 -0.946426 32.444 0 42.459 1 1.000000
945 814.727 30.705 284.001 -0.946426 32.444 0 42.459 1 1.000000
946 814.709 30.709 283.977 -0.917938 32.457 0 42.454 1 1.000000
947 814.709 30.709 283.977 -0.917938 32.457 0 42.454 1 1.000000
948 814.692 30.712 283.953 -0.889438 32.470 0 42.449 1 1.000000
949 814.675 30.716 283.930 -0.860876 32.483 0 42.443 1 1.000000
950 814.675 30.716 283.930 -0.860876 32.483 0 42.443 1 1.000000
951 814.658 30.720 283.906 -0.832352 32.496 0 42.438 1 1.000000
952 814.641 30.724 283.883 -0.803768 32.509 0 42.433 1 1.000000
953 814.641 30.724 283.883 -0.803768 32.509 0 42.433 1 1.000000
954 814.624 30.727 283.859 -0.775223 32.522 0 42.428 1 1.000000
955 814.607 30.731 283.835 -0.746621 32.535 0 42.423 1 1.000000
956 814.607 30.731 283.835 -0.746621 32.535 0 42.423 1 1.000000
957 814.590 30.735 283.812 -0.718077 32.548 0 42.418 1 1.000000
958 814.590 30.735 283.812 -0.718077 32.548 0 42.418 1 1.000000
959 814.573 30.739 283.788 -0.689506 32.561 0 42.413 1 1.000000
960 814.573 30.739 283.788 -0.689506 32.561 0 42.413 1 1.000000
961 814.539 30.746 283.741 -0.632314 32.587 0 42.402 1 1.000000
962 814.539 30.746 283.741 -0.632314 32.587 0 42.402 1 1.000000
963 814.522 30.750 283.717 -0.603741 32.600 0 42.397 1 1.000000
964 814.522 30.750 283.717 -0.603741 32.600 0 42.397 1 1.000000
965 814.505 30.758 283.695 -0.576255 32.612 0 42.392 1 1.000000
966 814.505 30.758 283.695 -0.576255 32.612 0 42.392 1 1.000000
967 814.491 30.766 283.672 -0.550194 32.625 0 42.385 1 1.000000
968 814.491 30.766 283.672 -0.550194 32.625 0 42.385 1 1.000000
969 814.479 30.779 283.653 -0.527568 32.636 0 42.378 1 1.000000
970 814.479 30.779 283.653 -0.527568 32.636 0 42.378 1 1.000000
971 814.468 30.792 283.638 -0.509276 32.644 0 42.373 1 1.000000
972 814.458 30.805 283.622 -0.491032 32.653 0 42.367 1 1.000000
973 814.447 30.819 283.607 -0.472808 32.661 0 42.362 1 1.000000
974 814.447 30.819 283.607 -0.472808 32.661 0 42.362 1 1.000000
975 814.436 30.832 283.592 -0.454630 32.669 0 42.357 1 1.000000
976 814.436 30.832 283.592 -0.454630 32.669 0 42.357 1 1.000000
977 814.426 30.845 283.577 -0.436387 32.678 0 42.352 1 1.000000
978 814.426 30.845 283.577 -0.436387 32.678 0 42.352 1 1.000000
979 814.415 30.859 283.562 -0.418162 32.686 0 42.347 1 1.000000
980 814.405 30.872 283.547 -0.419891 32.694 0 42.341 1 1.000000
981 814.405 30.872 283.547 -0.419891 32.694 0 42.341 1 1.000000
982 814.394 30.885 283.532 -0.429033 32.703 0 38.197 1 1.000000
983 814.394 30.885 283.532 -0.429033 32.703 0 38.197 1 1.000000
984 814.373 30.912 283.501 -0.447321 32.720 0 38.159 1 1.000000
985 814.373 30.912 283.501 -0.447321 32.720 0 38.159 1 1.000000
986 814.373 30.912 283.501 -0.447321 32.720 0 38.159 1 1.000000
987 814.363 30.925 283.486 -0.456467 32.728 0 38.140 1 1.000000
988 814.352 30.938 283.471 -0.465611 32.736 0 38.121 1 1.000000
989 814.352 30.938 283.471 -0.465611 32.736 0 38.121 1 1.000000
990 814.342 30.952 283.456 -0.474756 32.745 0 38.102 1 1.000000
991 814.342 30.952 283.456 -0.474756 32.745 0 38.102 1 1.000000
992 814.321 30.978 283.426 -0.493046 32.762 0 38.064 1 1.000000
993 814.321 30.978 283.426 -0.493046 32.762 0 38.064 1 1.000000
994 814.304 31.002 283.398 -0.509703 32.778 0 38.031 1 1.000000
995 814.304 31.002 283.398 -0.509703 32.778 0 38.031 1 1.000000
996 814.295 31.042 283.371 -0.543547 32.794 0 38.003 1 1.000000
997 814.295 31.042 283.371 -0.543547 32.794 0 38.003 1 1.000000
998 814.286 31.073 283.341 -0.568262 32.811 0 37.974 1 1.000000
999 814.286 31.073 283.341 -0.568262 32.811 0 37.974 1 1.000000
1000 814.282 31.086 283.326 -0.578096 32.820 0 37.961 1 1.000000
1001 814.282 31.086 283.326 -0.578096 32.820 0 37.961 1 1.000000
1002 814.273 31.110 283.291 -0.595507 32.841 0 37.932 1 1.000000
1003 814.273 31.110 283.291 -0.595507 32.841 0 37.932 1 1.000000
1004 814.267 31.121 283.271 -0.603062 32.853 0 37.915 1 1.000000
1005 814.267 31.121 283.271 -0.603062 32.853 0 37.915 1 1.000000
1006 814.260 31.132 283.250 -0.609556 32.866 0 37.897 1 1.000000
1007 814.260 31.132 283.250 -0.609556 32.866 0 37.897 1 1.000000
1008 814.251 31.141 283.228 -0.614767 32.879 0 37.877 1 1.000000
1009 814.242 31.150 283.205 -0.619406 32.892 0 37.857 1 1.000000
1010 814.233 31.160 283.182 -0.624655 32.905 0 37.837 1 1.000000
1011 814.233 31.160 283.182 -0.624655 32.905 0 37.837 1 1.000000
1012 814.224 31.170 283.159 -0.629921 32.919 0 37.817 1 1.000000
1013 814.216 31.179 283.137 -0.635185 32.932 0 37.797 1 1.000000
1014 814.207 31.189 283.114 -0.640463 32.945 0 37.776 1 1.000000
1015 814.207 31.189 283.114 -0.640463 32.945 0 37.776 1 1.000000
1016 814.198 31.199 283.092 -0.646482 32.959 0 37.756 1 1.000000
1017 814.198 31.199 283.092 -0.646482 32.959 0 37.756 1 1.000000
1018 814.187 31.212 283.074 -0.654366 32.969 0 37.736 1 1.000000
1019 814.187 31.212 283.074 -0.654366 32.969 0 37.736 1 1.000000
1020 814.176 31.224 283.056 -0.662224 32.979 0 37.715 1 1.000000
1021 814.176 31.224 283.056 -0.662224 32.979 0 37.715 1 1.000000
1022 814.165 31.236 283.038 -0.670105 32.989 0 37.695 1 1.000000
1023 814.165 31.236 283.038 -0.670105 32.989 0 37.695 1 1.000000
1024 814.154 31.249 283.020 -0.677977 32.999 0 37.674 1 1.000000
1025 814.154 31.249 283.020 -0.677977 32.999 0 37.674 1 1.000000
1026 814.142 31.261 283.002 -0.685848 33.009 0 37.654 1 1.000000
1027 814.131 31.274 282.984 -0.693720 33.020 0 37.633 1 1.000000
1028 814.131 31.274 282.984 -0.693720 33.020 0 37.633 1 1.000000
1029 814.131 31.274 282.984 -0.693720 33.020 0 37.633 1 1.000000
1030 814.120 31.286 282.966 -0.701591 33.030 0 37.613 1 1.000000
1031 814.120 31.286 282.966 -0.701591 33.030 0 37.613 1 1.000000
1032 814.098 31.311 282.930 -0.717318 33.050 0 37.572 1 1.000000
1033 814.098 31.311 282.930 -0.717318 33.050 0 37.572 1 1.000000
1034 814.087 31.323 282.912 -0.725185 33.060 0 37.551 1 1.000000
1035 814.087 31.323 282.912 -0.725185 33.060 0 37.551 1 1.000000
1036 814.076 31.335 282.895 -0.733055 33.071 0 37.531 1 1.000000
1037 814.076 31.335 282.895 -0.733055 33.071 0 37.531 1 1.000000
1038 814.064 31.348 282.877 -0.740929 33.081 0 37.510 1 1.000000
1039 814.053 31.360 282.859 -0.748795 33.091 0 37.490 1 1.000000
1040 814.053 31.360 282.859 -0.748795 33.091 0 37.490 1 1.000000
1041 814.042 31.373 282.841 -0.756657 33.101 0 37.469 1 1.000000
1042 814.042 31.373 282.841 -0.756657 33.101 0 37.469 1 1.000000
1043 814.042 31.373 282.841 -0.756657 33.101 0 37.469 1 1.000000
1044 814.020 31.397 282.805 -0.772373 33.121 0 37.428 1 1.000000
1045 814.020 31.397 282.805 -0.772373 33.121 0 37.428 1 1.000000
1046 814.008 31.410 282.787 -0.780249 33.132 0 37.407 1 1.000000
1047 814.008 31.410 282.787 -0.780249 33.132 0 37.407 1 1.000000
1048 814.008 31.410 282.787 -0.780249 33.132 0 37.407 1 1.000000
1049 813.997 31.422 282.769 -0.788116 33.142 0 37.387 1 1.000000
1050 813.986 31.435 282.752 -0.795979 33.152 0 37.366 1 1.000000
1051 813.975 31.447 282.734 -0.803841 33.162 0 37.345 1 1.000000
1052 813.975 31.447 282.734 -0.803841 33.162 0 37.345 1 1.000000
1053 813.975 31.447 282.734 -0.803841 33.162 0 37.345 1 1.000000
1054 813.963 31.459 282.716 -0.811701 33.172 0 37.325 1 1.000000
1055 813.963 31.459 282.716 -0.811701 33.172 0 37.325 1 1.000000
1056 813.952 31.472 282.698 -0.819559 33.182 0 37.304 1 1.000000
1057 813.941 31.484 282.680 -0.827419 33.192 0 37.284 1 1.000000
1058 813.941 31.484 282.680 -0.827419 33.192 0 37.284 1 1.000000
1059 813.930 31.497 282.662 -0.835287 33.203 0 37.263 1 1.000000
1060 813.918 31.509 282.645 -0.843151 33.213 0 37.242 1 1.000000
1061 813.907 31.521 282.627 -0.850985 33.223 0 37.222 1 1.000000
1062 813.907 31.521 282.627 -0.850985 33.223 0 37.222 1 1.000000
1063 813.895 31.533 282.608 -0.857651 33.234 0 37.200 1 1.000000
1064 813.895 31.533 282.608 -0.857651 33.234 0 37.200 1 1.000000
1065 813.883 31.543 282.587 -0.863386 33.246 0 37.178 1 1.000000
1066 813.883 31.543 282.587 -0.863386 33.246 0 37.178 1 1.000000
1067 813.871 31.553 282.566 -0.868050 33.258 0 37.156 1 1.000000
1068 813.871 31.553 282.566 -0.868050 33.258 0 37.156 1 1.000000
1069 813.858 31.561 282.543 -0.871485 33.271 0 37.132 1 1.000000
1070 813.845 31.569 282.521 -0.874277 33.284 0 37.109 1 1.000000
1071 813.845 31.569 282.521 -0.874277 33.284 0 37.109 1 1.000000
1072 813.845 31.569 282.521 -0.874277 33.284 0 37.109 1 1.000000
1073 813.832 31.578 282.498 -0.877613 33.297 0 37.085 1 1.000000
1074 813.832 31.578 282.498 -0.877613 33.297 0 37.085 1 1.000000
1075 813.819 31.586 282.475 -0.880938 33.310 0 37.062 1 1.000000
1076 813.806 31.595 282.452 -0.884291 33.324 0 37.038 1 1.000000
1077 813.793 31.603 282.429 -0.887640 33.337 0 37.015 1 1.000000
1078 813.780 31.612 282.407 -0.890984 33.350 0 36.991 1 1.000000
1079 813.780 31.612 282.407 -0.890984 33.350 0 36.991 1 1.000000
1080 813.767 31.620 282.384 -0.894327 33.363 0 36.968 1 1.000000
1081 813.767 31.620 282.384 -0.894327 33.363 0 36.968 1 1.000000
1082 813.754 31.629 282.361 -0.897696 33.376 0 36.944 1 1.000000
1083 813.754 31.629 282.361 -0.897696 33.376 0 36.944 1 1.000000
1084 813.754 31.629 282.361 -0.897696 33.376 0 36.944 1 1.000000
1085 813.740 31.637 282.339 -0.901051 33.389 0 36.921 1 1.000000
1086 813.740 31.637 282.339 -0.901051 33.389 0 36.921 1 1.000000
1087 813.727 31.646 282.316 -0.904432 33.402 0 36.897 1 1.000000
1088 813.727 31.646 282.316 -0.904432 33.402 0 36.897 1 1.000000
1089 813.714 31.655 282.294 -0.907799 33.415 0 36.873 1 1.000000
1090 813.701 31.663 282.271 -0.911180 33.428 0 36.850 1 1.000000
1091 813.701 31.663 282.271 -0.911180 33.428 0 36.850 1 1.000000
1092 813.701 31.663 282.271 -0.911180 33.428 0 36.850 1 1.000000
1093 813.687 31.672 282.249 -0.914562 33.441 0 36.826 1 1.000000
1094 813.687 31.672 282.249 -0.914562 33.441 0 36.826 1 1.000000
1095 813.674 31.680 282.226 -0.917955 33.454 0 36.802 1 1.000000
1096 813.661 31.689 282.204 -0.921343 33.467 0 36.779 1 1.000000
1097 813.661 31.689 282.204 -0.921343 33.467 0 36.779 1 1.000000
1098 813.661 31.689 282.204 -0.921343 33.467 0 36.779 1 1.000000
1099 813.647 31.698 282.181 -0.924747 33.480 0 36.755 1 1.000000
1100 813.647 31.698 282.181 -0.924747 33.480 0 36.755 1 1.000000
1101 813.634 31.706 282.159 -0.928141 33.493 0 36.731 1 1.000000
1102 813.634 31.706 282.159 -0.928141 33.493 0 36.731 1 1.000000
1103 813.620 31.715 282.136 -0.931551 33.506 0 36.707 1 1.000000
1104 813.620 31.715 282.136 -0.931551 33.506 0 36.707 1 1.000000
1105 813.606 31.723 282.114 -0.934273 33.519 0 36.683 1 1.000000
1106 813.606 31.723 282.114 -0.934273 33.519 0 36.683 1 1.000000
1107 813.591 31.730 282.091 -0.936411 33.532 0 36.658 1 1.000000
1108 813.591 31.730 282.091 -0.936411 33.532 0 36.658 1 1.000000
1109 813.575 31.738 282.070 -0.937965 33.544 0 36.633 1 1.000000
1110 813.575 31.738 282.070 -0.937965 33.544 0 36.633 1 1.000000
1111 813.556 31.744 282.049 -0.938637 33.555 0 36.606 1 1.000000
1112 813.556 31.744 282.049 -0.938637 33.555 0 36.606 1 1.000000
1113 813.537 31.751 282.030 -0.939289 33.566 0 36.579 1 1.000000
1114 813.537 31.751 282.030 -0.939289 33.566 0 36.579 1 1.000000
1115 813.516 31.758 282.011 -0.940079 33.575 0 36.551 1 1.000000
1116 813.495 31.765 281.994 -0.940794 33.584 0 36.523 1 1.000000
1117 813.495 31.765 281.994 -0.940794 33.584 0 36.523 1 1.000000
1118 813.472 31.771 281.978 -0.941469 33.592 0 36.495 1 1.000000
1119 813.472 31.771 281.978 -0.941469 33.592 0 36.495 1 1.000000
1120 813.449 31.778 281.964 -0.942083 33.599 0 36.466 1 1.000000
1121 813.449 31.778 281.964 -0.942083 33.599 0 36.466 1 1.000000
1122 813.425 31.785 281.949 -0.942707 33.606 0 36.438 1 1.000000
1123 813.425 31.785 281.949 -0.942707 33.606 0 36.438 1 1.000000
1124 813.402 31.792 281.934 -0.943325 33.613 0 36.409 1 1.000000
1125 813.402 31.792 281.934 -0.943325 33.613 0 36.409 1 1.000000
1126 813.378 31.799 281.920 -0.943941 33.620 0 36.381 1 1.000000
1127 813.378 31.799 281.920 -0.943941 33.620 0 36.381 1 1.000000
1128 813.355 31.806 281.905 -0.944559 33.627 0 36.353 1 1.000000
1129 813.355 31.806 281.905 -0.944559 33.627 0 36.353 1 1.000000
1130 813.332 31.813 281.890 -0.945175 33.634 0 36.324 1 1.000000
1131 813.332 31.813 281.890 -0.945175 33.634 0 36.324 1 1.000000
1132 813.308 31.819 281.875 -0.945801 33.641 0 36.296 1 1.000000
1133 813.308 31.819 281.875 -0.945801 33.641 0 36.296 1 1.000000
1134 813.285 31.826 281.861 -0.946417 33.648 0 36.268 1 1.000000
1135 813.262 31.833 281.846 -0.947035 33.655 0 36.239 1 1.000000
1136 813.262 31.833 281.846 -0.947035 33.655 0 36.239 1 1.000000
1137 813.238 31.840 281.831 -0.947653 33.662 0 36.211 1 1.000000
1138 813.238 31.840 281.831 -0.947653 33.662 0 36.211 1 1.000000
1139 813.215 31.847 281.817 -0.948273 33.669 0 36.182 1 1.000000
1140 813.215 31.847 281.817 -0.948273 33.669 0 36.182 1 1.000000
1141 813.191 31.854 281.802 -0.948891 33.676 0 36.154 1 1.000000
1142 813.191 31.854 281.802 -0.948891 33.676 0 36.154 1 1.000000
1143 813.168 31.861 281.787 -0.949507 33.683 0 36.126 1 1.000000
1144 813.168 31.861 281.787 -0.949507 33.683 0 36.126 1 1.000000
1145 813.145 31.867 281.772 -0.950129 33.690 0 36.097 1 1.000000
1146 813.145 31.867 281.772 -0.950129 33.690 0 36.097 1 1.000000
1147 813.121 31.874 281.758 -0.950745 33.697 0 36.069 1 1.000000
1148 813.121 31.874 281.758 -0.950745 33.697 0 36.069 1 1.000000
1149 813.098 31.881 281.743 -0.951366 33.704 0 36.041 1 1.000000
1150 813.098 31.881 281.743 -0.951366 33.704 0 36.041 1 1.000000
1151 813.075 31.888 281.728 -0.951982 33.711 0 36.012 1 1.000000
1152 813.051 31.895 281.714 -0.952600 33.718 0 35.984 1 1.000000
1153 813.051 31.895 281.714 -0.952600 33.718 0 35.984 1 1.000000
1154 813.051 31.895 281.714 -0.952600 33.718 0 35.984 1 1.000000
1155 813.028 31.902 281.699 -0.953222 33.726 0 35.955 1 1.000000
1156 813.028 31.902 281.699 -0.953222 33.726 0 35.955 1 1.000000
1157 813.004 31.909 281.684 -0.953838 33.733 0 35.927 1 1.000000
1158 812.981 31.916 281.670 -0.954918 33.740 0 35.899 1 1.000000
1159 812.981 31.916 281.670 -0.954918 33.740 0 35.899 1 1.000000
1160 812.959 31.924 281.654 -0.956581 33.747 0 35.871 1 1.000000
1161 812.959 31.924 281.654 -0.956581 33.747 0 35.871 1 1.000000
1162 812.937 31.931 281.639 -0.958242 33.755 0 35.843 1 1.000000
1163 812.937 31.931 281.639 -0.958242 33.755 0 35.843 1 1.000000
1164 812.915 31.941 281.624 -0.962040 33.762 0 35.816 1 1.000000
1165 812.915 31.941 281.624 -0.962040 33.762 0 35.816 1 1.000000
1166 812.896 31.952 281.609 -0.966755 33.769 0 35.790 1 1.000000
1167 812.875 31.960 281.594 -0.969498 33.777 0 35.763 1 1.000000
1168 812.875 31.960 281.594 -0.969498 33.777 0 35.763 1 1.000000
1169 812.853 31.967 281.578 -0.970018 33.785 0 35.735 1 1.000000
1170 812.853 31.967 281.578 -0.970018 33.785 0 35.735 1 1.000000
1171 812.830 31.971 281.562 -0.968391 33.793 0 35.707 1 1.000000
1172 812.806 31.975 281.546 -0.965179 33.801 0 35.678 1 1.000000
1173 812.806 31.975 281.546 -0.965179 33.801 0 35.678 1 1.000000
1174 812.782 31.979 281.529 -0.962986 33.809 0 35.649 1 1.000000
1175 812.782 31.979 281.529 -0.962986 33.809 0 35.649 1 1.000000
1176 812.758 31.983 281.513 -0.960781 33.817 0 35.620 1 1.000000
1177 812.734 31.990 281.498 -0.961105 33.824 0 35.591 1 1.000000
1178 812.734 31.990 281.498 -0.961105 33.824 0 35.591 1 1.000000
1179 812.734 31.990 281.498 -0.961105 33.824 0 35.591 1 1.000000
1180 812.711 31.996 281.483 -0.961407 33.832 0 35.563 1 1.000000
1181 812.688 32.003 281.467 -0.961697 33.839 0 35.534 1 1.000000
1182 812.688 32.003 281.467 -0.961697 33.839 0 35.534 1 1.000000
1183 812.664 32.009 281.452 -0.961994 33.846 0 35.506 1 1.000000
1184 812.664 32.009 281.452 -0.961994 33.846 0 35.506 1 1.000000
1185 812.641 32.016 281.437 -0.962292 33.853 0 35.477 1 1.000000
1186 812.641 32.016 281.437 -0.962292 33.853 0 35.477 1 1.000000
1187 812.618 32.022 281.422 -0.962585 33.861 0 35.449 1 1.000000
1188 812.618 32.022 281.422 -0.962585 33.861 0 35.449 1 1.000000
1189 812.594 32.029 281.407 -0.962879 33.868 0 35.420 1 1.000000
1190 812.594 32.029 281.407 -0.962879 33.868 0 35.420 1 1.000000
1191 812.571 32.035 281.392 -0.963177 33.875 0 35.392 1 1.000000
1192 812.547 32.042 281.377 -0.963474 33.882 0 35.363 1 1.000000
1193 812.547 32.042 281.377 -0.963474 33.882 0 35.363 1 1.000000
1194 812.524 32.048 281.362 -0.963055 33.890 0 35.335 1 1.000000
1195 812.500 32.054 281.347 -0.962940 33.897 0 35.306 1 1.000000
1196 812.500 32.054 281.347 -0.962940 33.897 0 35.306 1 1.000000
1197 812.477 32.060 281.332 -0.962826 33.904 0 35.278 1 1.000000
1198 812.453 32.066 281.316 -0.962708 33.912 0 35.249 1 1.000000
1199 812.430 32.073 281.301 -0.962971 33.919 0 35.220 1 1.000000
1200 812.430 32.073 281.301 -0.962971 33.919 0 35.220 1 1.000000
1201 812.430 32.073 281.301 -0.962971 33.919 0 35.220 1 1.000000
1202 812.406 32.079 281.286 -0.962612 33.926 0 35.192 1 1.000000
1203 812.382 32.085 281.271 -0.962574 33.934 0 35.163 1 1.000000
1204 812.382 32.085 281.271 -0.962574 33.934 0 35.163 1 1.000000
1205 812.359 32.091 281.256 -0.962536 33.941 0 35.135 1 1.000000
1206 812.359 32.091 281.256 -0.962536 33.941 0 35.135 1 1.000000
1207 812.359 32.091 281.256 -0.962536 33.941 0 35.135 1 1.000000
1208 812.335 32.098 281.241 -0.962498 33.948 0 35.106 1 1.000000
1209 812.312 32.104 281.225 -0.962456 33.955 0 35.077 1 1.000000
1210 812.312 32.104 281.225 -0.962456 33.955 0 35.077 1 1.000000
1211 812.312 32.104 281.225 -0.962456 33.955 0 35.077 1 1.000000
1212 812.288 32.110 281.210 -0.962421 33.963 0 35.049 1 1.000000
1213 812.288 32.110 281.210 -0.962421 33.963 0 35.049 1 1.000000
1214 812.265 32.116 281.195 -0.962379 33.970 0 35.020 1 1.000000
1215 812.241 32.123 281.180 -0.962341 33.977 0 34.991 1 1.000000
1216 812.241 32.123 281.180 -0.962341 33.977 0 34.991 1 1.000000
1217 812.218 32.129 281.165 -0.962303 33.985 0 34.963 1 1.000000
1218 812.218 32.129 281.165 -0.962303 33.985 0 34.963 1 1.000000
1219 812.194 32.135 281.150 -0.962265 33.992 0 34.934 1 1.000000
1220 812.194 32.135 281.150 -0.962265 33.992 0 34.934 1 1.000000
1221 812.170 32.141 281.134 -0.962227 33.999 0 34.906 1 1.000000
1222 812.170 32.141 281.134 -0.962227 33.999 0 34.906 1 1.000000
1223 812.147 32.148 281.119 -0.962185 34.007 0 34.877 1 1.000000
1224 812.147 32.148 281.119 -0.962185 34.007 0 34.877 1 1.000000
1225 812.123 32.154 281.104 -0.962147 34.014 0 34.848 1 1.000000
1226 812.100 32.160 281.089 -0.962112 34.021 0 34.820 1 1.000000
1227 812.100 32.160 281.089 -0.962112 34.021 0 34.820 1 1.000000
1228 812.076 32.166 281.074 -0.962070 34.029 0 34.791 1 1.000000
1229 812.053 32.173 281.059 -0.962032 34.036 0 34.763 1 1.000000
1230 812.029 32.179 281.043 -0.961990 34.043 0 34.734 1 1.000000
1231 812.029 32.179 281.043 -0.961990 34.043 0 34.734 1 1.000000
1232 812.029 32.179 281.043 -0.961990 34.043 0 34.734 1 1.000000
1233 812.005 32.185 281.028 -0.961956 34.050 0 34.705 1 1.000000
1234 811.982 32.191 281.013 -0.961918 34.058 0 34.677 1 1.000000
1235 811.959 32.198 280.998 -0.962570 34.065 0 34.648 1 1.000000
1236 811.959 32.198 280.998 -0.962570 34.065 0 34.648 1 1.000000
1237 811.936 32.205 280.982 -0.963268 34.073 0 34.620 1 1.000000
1238 811.913 32.212 280.967 -0.963943 34.081 0 34.592 1 1.000000
1239 811.913 32.212 280.967 -0.963943 34.081 0 34.592 1 1.000000
1240 811.891 32.219 280.951 -0.964630 34.088 0 34.563 1 1.000000
1241 811.868 32.226 280.935 -0.965313 34.096 0 34.535 1 1.000000
1242 811.868 32.226 280.935 -0.965313 34.096 0 34.535 1 1.000000
1243 811.845 32.233 280.919 -0.966003 34.104 0 34.507 1 1.000000
1244 811.822 32.240 280.904 -0.966698 34.111 0 34.479 1 1.000000
1245 811.822 32.240 280.904 -0.966698 34.111 0 34.479 1 1.000000
1246 811.800 32.246 280.888 -0.967384 34.119 0 34.450 1 1.000000
1247 811.777 32.253 280.873 -0.968075 34.127 0 34.422 1 1.000000
1248 811.777 32.253 280.873 -0.968075 34.127 0 34.422 1 1.000000
1249 811.754 32.260 280.857 -0.968765 34.135 0 34.394 1 1.000000
1250 811.754 32.260 280.857 -0.968765 34.135 0 34.394 1 1.000000
1251 811.732 32.267 280.841 -0.969456 34.142 0 34.366 1 1.000000
1252 811.709 32.274 280.826 -0.970142 34.150 0 34.337 1 1.000000
1253 811.686 32.281 280.810 -0.970837 34.158 0 34.309 1 1.000000
1254 811.686 32.281 280.810 -0.970837 34.158 0 34.309 1 1.000000
1255 811.663 32.288 280.794 -0.971527 34.166 0 34.281 1 1.000000
1256 811.641 32.295 280.779 -0.972218 34.173 0 34.253 1 1.000000
1257 811.641 32.295 280.779 -0.972218 34.173 0 34.253 1 1.000000
1258 811.618 32.302 280.763 -0.972912 34.181 0 34.224 1 1.000000
1259 811.618 32.302 280.763 -0.972912 34.181 0 34.224 1 1.000000
1260 811.595 32.308 280.747 -0.973602 34.189 0 34.196 1 1.000000
1261 811.595 32.308 280.747 -0.973602 34.189 0 34.196 1 1.000000
1262 811.573 32.315 280.732 -0.974125 34.196 0 34.168 1 1.000000
1263 811.573 32.315 280.732 -0.974125 34.196 0 34.168 1 1.000000
1264 811.549 32.320 280.716 -0.972454 34.204 0 34.139 1 1.000000
1265 811.549 32.320 280.716 -0.972454 34.204 0 34.139 1 1.000000
1266 811.525 32.325 280.700 -0.971455 34.212 0 34.110 1 1.000000
1267 811.525 32.325 280.700 -0.971455 34.212 0 34.110 1 1.000000
1268 811.501 32.331 280.685 -0.970509 34.219 0 34.081 1 1.000000
1269 811.501 32.331 280.685 -0.970509 34.219 0 34.081 1 1.000000
1270 811.477 32.336 280.669 -0.969532 34.227 0 34.053 1 1.000000
1271 811.477 32.336 280.669 -0.969532 34.227 0 34.053 1 1.000000
1272 811.453 32.341 280.654 -0.968567 34.234 0 34.024 1 1.000000
1273 811.430 32.347 280.638 -0.967609 34.242 0 33.995 1 1.000000
1274 811.430 32.347 280.638 -0.967609 34.242 0 33.995 1 1.000000
1275 811.406 32.352 280.622 -0.966644 34.250 0 33.966 1 1.000000
1276 811.382 32.357 280.607 -0.965683 34.257 0 33.937 1 1.000000
1277 811.382 32.357 280.607 -0.965683 34.257 0 33.937 1 1.000000
1278 811.358 32.363 280.591 -0.964718 34.265 0 33.908 1 1.000000
1279 811.358 32.363 280.591 -0.964718 34.265 0 33.908 1 1.000000
1280 811.334 32.368 280.575 -0.963760 34.272 0 33.879 1 1.000000
1281 811.334 32.368 280.575 -0.963760 34.272 0 33.879 1 1.000000
1282 811.311 32.374 280.560 -0.962803 34.280 0 33.851 1 1.000000
1283 811.311 32.374 280.560 -0.962803 34.280 0 33.851 1 1.000000
1284 811.287 32.379 280.544 -0.961842 34.288 0 33.822 1 1.000000
1285 811.263 32.384 280.528 -0.960880 34.295 0 33.793 1 1.000000
1286 811.263 32.384 280.528 -0.960880 34.295 0 33.793 1 1.000000
1287 811.239 32.391 280.513 -0.960789 34.303 0 33.764 1 1.000000
1288 811.239 32.391 280.513 -0.960789 34.303 0 33.764 1 1.000000
1289 811.216 32.397 280.498 -0.960793 34.310 0 33.735 1 1.000000
1290 811.192 32.403 280.483 -0.960793 34.317 0 33.707 1 1.000000
1291 811.192 32.403 280.483 -0.960793 34.317 0 33.707 1 1.000000
1292 811.169 32.409 280.468 -0.960796 34.324 0 33.678 1 1.000000
1293 811.145 32.416 280.453 -0.960796 34.332 0 33.650 1 1.000000
1294 811.145 32.416 280.453 -0.960796 34.332 0 33.650 1 1.000000
1295 811.121 32.422 280.438 -0.960800 34.339 0 33.621 1 1.000000
1296 811.121 32.422 280.438 -0.960800 34.339 0 33.621 1 1.000000
1297 811.098 32.428 280.423 -0.960804 34.346 0 33.592 1 1.000000
1298 811.098 32.428 280.423 -0.960804 34.346 0 33.592 1 1.000000
1299 811.074 32.435 280.408 -0.960804 34.353 0 33.564 1 1.000000
1300 811.074 32.435 280.408 -0.960804 34.353 0 33.564 1 1.000000
1301 811.050 32.441 280.393 -0.960808 34.360 0 33.535 1 1.000000
1302 811.027 32.447 280.378 -0.960812 34.368 0 33.507 1 1.000000
1303 811.027 32.447 280.378 -0.960812 34.368 0 33.507 1 1.000000
1304 811.003 32.453 280.363 -0.960812 34.375 0 33.478 1 1.000000
1305 810.980 32.460 280.348 -0.960815 34.382 0 33.449 1 1.000000
1306 810.980 32.460 280.348 -0.960815 34.382 0 33.449 1 1.000000
1307 810.956 32.466 280.333 -0.960819 34.389 0 33.421 1 1.000000
1308 810.932 32.472 280.318 -0.960819 34.396 0 33.392 1 1.000000
1309 810.909 32.479 280.303 -0.960823 34.404 0 33.364 1 1.000000
1310 810.909 32.479 280.303 -0.960823 34.404 0 33.364 1 1.000000
1311 810.885 32.485 280.288 -0.960823 34.411 0 33.335 1 1.000000
1312 810.885 32.485 280.288 -0.960823 34.411 0 33.335 1 1.000000
1313 810.861 32.491 280.273 -0.960823 34.418 0 33.306 1 1.000000
1314 810.838 32.497 280.258 -0.960827 34.425 0 33.278 1 1.000000
1315 810.838 32.497 280.258 -0.960827 34.425 0 33.278 1 1.000000
1316 810.814 32.504 280.243 -0.960827 34.432 0 33.249 1 1.000000
1317 810.814 32.504 280.243 -0.960827 34.432 0 33.249 1 1.000000
1318 810.791 32.510 280.228 -0.960831 34.440 0 33.221 1 1.000000
1319 810.791 32.510 280.228 -0.960831 34.440 0 33.221 1 1.000000
1320 810.767 32.516 280.213 -0.960835 34.447 0 33.192 1 1.000000
1321 810.743 32.523 280.198 -0.960835 34.454 0 33.164 1 1.000000
1322 810.743 32.523 280.198 -0.960835 34.454 0 33.164 1 1.000000
1323 810.720 32.529 280.183 -0.960838 34.461 0 33.135 1 1.000000
1324 810.720 32.529 280.183 -0.960838 34.461 0 33.135 1 1.000000
1325 810.696 32.535 280.168 -0.960838 34.468 0 33.106 1 1.000000
1326 810.696 32.535 280.168 -0.960838 34.468 0 33.106 1 1.000000
1327 810.672 32.541 280.153 -0.960842 34.476 0 33.078 1 1.000000
1328 810.672 32.541 280.153 -0.960842 34.476 0 33.078 1 1.000000
1329 810.649 32.548 280.138 -0.960846 34.483 0 33.049 1 1.000000
1330 810.649 32.548 280.138 -0.960846 34.483 0 33.049 1 1.000000
1331 810.625 32.554 280.123 -0.960846 34.490 0 33.021 1 1.000000
1332 810.625 32.554 280.123 -0.960846 34.490 0 33.021 1 1.000000
1333 810.625 32.554 280.123 -0.960846 34.490 0 33.021 1 1.000000
1334 810.602 32.560 280.108 -0.960846 34.497 0 32.992 1 1.000000
1335 810.578 32.567 280.093 -0.960850 34.504 0 32.963 1 1.000000
1336 810.578 32.567 280.093 -0.960850 34.504 0 32.963 1 1.000000
1337 810.554 32.573 280.078 -0.960850 34.512 0 32.935 1 1.000000
1338 810.554 32.573 280.078 -0.960850 34.512 0 32.935 1 1.000000
1339 810.531 32.579 280.063 -0.960854 34.519 0 32.906 1 1.000000
1340 810.531 32.579 280.063 -0.960854 34.519 0 32.906 1 1.000000
1341 810.507 32.585 280.048 -0.960854 34.526 0 32.878 1 1.000000
1342 810.484 32.592 280.033 -0.960857 34.533 0 32.849 1 1.000000
1343 810.484 32.592 280.033 -0.960857 34.533 0 32.849 1 1.000000
1344 810.460 32.598 280.018 -0.960861 34.540 0 32.820 1 1.000000
1345 810.436 32.604 280.003 -0.960861 34.548 0 32.792 1 1.000000
1346 810.436 32.604 280.003 -0.960861 34.548 0 32.792 1 1.000000
1347 810.413 32.610 279.988 -0.960865 34.555 0 32.763 1 1.000000
1348 810.413 32.610 279.988 -0.960865 34.555 0 32.763 1 1.000000
1349 810.389 32.617 279.973 -0.960869 34.562 0 32.735 1 1.000000
1350 810.389 32.617 279.973 -0.960869 34.562 0 32.735 1 1.000000
1351 810.365 32.623 279.958 -0.960869 34.569 0 32.706 1 1.000000
1352 810.342 32.629 279.943 -0.960869 34.577 0 32.677 1 1.000000
1353 810.342 32.629 279.943 -0.960869 34.577 0 32.677 1 1.000000
1354 810.342 32.629 279.943 -0.960869 34.577 0 32.677 1 1.000000
1355 810.318 32.636 279.928 -0.960873 34.584 0 32.649 1 1.000000
1356 810.295 32.642 279.913 -0.960876 34.591 0 32.620 1 1.000000
1357 810.295 32.642 279.913 -0.960876 34.591 0 32.620 1 1.000000
1358 810.271 32.648 279.898 -0.960876 34.598 0 32.592 1 1.000000
1359 810.271 32.648 279.898 -0.960876 34.598 0 32.592 1 1.000000
1360 810.247 32.654 279.883 -0.960880 34.605 0 32.563 1 1.000000
1361 810.247 32.654 279.883 -0.960880 34.605 0 32.563 1 1.000000
1362 810.224 32.661 279.868 -0.960884 34.613 0 32.535 1 1.000000
1363 810.224 32.661 279.868 -0.960884 34.613 0 32.535 1 1.000000
1364 810.200 32.667 279.854 -0.960888 34.620 0 32.506 1 1.000000
1365 810.200 32.667 279.854 -0.960888 34.620 0 32.506 1 1.000000
1366 810.176 32.673 279.839 -0.960888 34.627 0 32.477 1 1.000000
1367 810.153 32.680 279.824 -0.960892 34.634 0 32.449 1 1.000000
1368 810.153 32.680 279.824 -0.960892 34.634 0 32.449 1 1.000000
1369 810.129 32.686 279.809 -0.960892 34.641 0 32.420 1 1.000000
1370 810.129 32.686 279.809 -0.960892 34.641 0 32.420 1 1.000000
1371 810.106 32.692 279.794 -0.960896 34.649 0 32.392 1 1.000000
1372 810.106 32.692 279.794 -0.960896 34.649 0 32.392 1 1.000000
1373 810.082 32.698 279.779 -0.960896 34.656 0 32.363 1 1.000000
1374 810.082 32.698 279.779 -0.960896 34.656 0 32.363 1 1.000000
1375 810.058 32.705 279.764 -0.960899 34.663 0 32.335 1 1.000000
1376 810.058 32.705 279.764 -0.960899 34.663 0 32.335 1 1.000000
1377 810.035 32.711 279.749 -0.960899 34.670 0 32.306 1 1.000000
1378 810.011 32.717 279.734 -0.960903 34.677 0 32.277 1 1.000000
1379 810.011 32.717 279.734 -0.960903 34.677 0 32.277 1 1.000000
1380 809.987 32.724 279.719 -0.960903 34.685 0 32.249 1 1.000000
1381 809.987 32.724 279.719 -0.960903 34.685 0 32.249 1 1.000000
1382 809.964 32.730 279.704 -0.960907 34.692 0 32.220 1 1.000000
1383 809.964 32.730 279.704 -0.960907 34.692 0 32.220 1 1.000000
1384 809.940 32.736 279.689 -0.960907 34.699 0 32.192 1 1.000000
1385 809.940 32.736 279.689 -0.960907 34.699 0 32.192 1 1.000000
1386 809.940 32.736 279.689 -0.960907 34.699 0 32.192 1 1.000000
1387 809.893 32.749 279.659 -0.960911 34.713 0 32.134 1 1.000000
1388 809.893 32.749 279.659 -0.960911 34.713 0 32.134 1 1.000000
1389 809.869 32.755 279.644 -0.960915 34.721 0 32.106 1 1.000000
1390 809.869 32.755 279.644 -0.960915 34.721 0 32.106 1 1.000000
1391 809.846 32.761 279.629 -0.960915 34.728 0 32.077 1 1.000000
1392 809.822 32.767 279.614 -0.960918 34.735 0 32.049 1 1.000000
1393 809.822 32.767 279.614 -0.960918 34.735 0 32.049 1 1.000000
1394 809.798 32.774 279.599 -0.960911 34.742 0 32.020 1 1.000000
1395 809.798 32.774 279.599 -0.960911 34.742 0 32.020 1 1.000000
1396 809.775 32.780 279.584 -0.960922 34.749 0 31.992 1 1.000000
1397 809.775 32.780 279.584 -0.960922 34.749 0 31.992 1 1.000000
1398 809.751 32.786 279.569 -0.960915 34.757 0 31.963 1 1.000000
1399 809.751 32.786 279.569 -0.960915 34.757 0 31.963 1 1.000000
1400 809.727 32.793 279.554 -0.960915 34.764 0 31.934 1 1.000000
1401 809.727 32.793 279.554 -0.960915 34.764 0 31.934 1 1.000000
1402 809.704 32.799 279.540 -0.960918 34.771 0 31.906 1 1.000000
1403 809.680 32.805 279.525 -0.960930 34.778 0 31.877 1 1.000000
1404 809.680 32.805 279.525 -0.960930 34.778 0 31.877 1 1.000000
1405 809.680 32.805 279.525 -0.960930 34.778 0 31.877 1 1.000000
1406 809.656 32.812 279.510 -0.960960 34.785 0 31.848 1 1.000000
1407 809.633 32.818 279.495 -0.960964 34.793 0 31.820 1 1.000000
1408 809.633 32.818 279.495 -0.960964 34.793 0 31.820 1 1.000000
1409 809.609 32.824 279.480 -0.960976 34.800 0 31.791 1 1.000000
1410 809.609 32.824 279.480 -0.960976 34.800 0 31.791 1 1.000000
1411 809.585 32.830 279.465 -0.960991 34.807 0 31.763 1 1.000000
1412 809.562 32.837 279.450 -0.961006 34.814 0 31.734 1 1.000000
1413 809.562 32.837 279.450 -0.961006 34.814 0 31.734 1 1.000000
1414 809.538 32.843 279.435 -0.960835 34.821 0 31.705 1 1.000000
1415 809.538 32.843 279.435 -0.960835 34.821 0 31.705 1 1.000000
1416 809.514 32.849 279.420 -0.960705 34.828 0 31.677 1 1.000000
1417 809.514 32.849 279.420 -0.960705 34.828 0 31.677 1 1.000000
1418 809.491 32.855 279.405 -0.960579 34.836 0 31.648 1 1.000000
1419 809.491 32.855 279.405 -0.960579 34.836 0 31.648 1 1.000000
1420 809.467 32.861 279.390 -0.960453 34.843 0 31.619 1 1.000000
1421 809.467 32.861 279.390 -0.960453 34.843 0 31.619 1 1.000000
1422 809.443 32.867 279.375 -0.960323 34.850 0 31.591 1 1.000000
1423 809.443 32.867 279.375 -0.960323 34.850 0 31.591 1 1.000000
1424 809.419 32.874 279.360 -0.960194 34.857 0 31.562 1 1.000000
1425 809.419 32.874 279.360 -0.960194 34.857 0 31.562 1 1.000000
1426 809.396 32.880 279.346 -0.960068 34.864 0 31.534 1 1.000000
1427 809.372 32.886 279.331 -0.959938 34.872 0 31.505 1 1.000000
1428 809.372 32.886 279.331 -0.959938 34.872 0 31.505 1 1.000000
1429 809.348 32.892 279.316 -0.959812 34.879 0 31.476 1 1.000000
1430 809.348 32.892 279.316 -0.959812 34.879 0 31.476 1 1.000000
1431 809.324 32.898 279.301 -0.959793 34.886 0 31.448 1 1.000000
1432 809.324 32.898 279.301 -0.959793 34.886 0 31.448 1 1.000000
1433 809.301 32.905 279.286 -0.959724 34.893 0 31.419 1 1.000000
1434 809.277 32.911 279.271 -0.959656 34.901 0 31.390 1 1.000000
1435 809.277 32.911 279.271 -0.959656 34.901 0 31.390 1 1.000000
1436 809.253 32.917 279.256 -0.959587 34.908 0 31.362 1 1.000000
1437 809.253 32.917 279.256 -0.959587 34.908 0 31.362 1 1.000000
1438 809.230 32.923 279.241 -0.959515 34.915 0 31.333 1 1.000000
1439 809.230 32.923 279.241 -0.959515 34.915 0 31.333 1 1.000000
1440 809.206 32.930 279.226 -0.959454 34.922 0 31.304 1 1.000000
1441 809.206 32.930 279.226 -0.959454 34.922 0 31.304 1 1.000000
1442 809.206 32.930 279.226 -0.959454 34.922 0 31.304 1 1.000000
1443 809.182 32.936 279.211 -0.959385 34.929 0 31.276 1 1.000000
1444 809.159 32.942 279.196 -0.959312 34.937 0 31.247 1 1.000000
1445 809.159 32.942 279.196 -0.959312 34.937 0 31.247 1 1.000000
1446 809.135 32.948 279.181 -0.959244 34.944 0 31.219 1 1.000000
1447 809.135 32.948 279.181 -0.959244 34.944 0 31.219 1 1.000000
1448 809.111 32.954 279.166 -0.959179 34.951 0 31.190 1 1.000000
1449 809.088 32.961 279.151 -0.959110 34.958 0 31.161 1 1.000000
1450 809.088 32.961 279.151 -0.959110 34.958 0 31.161 1 1.000000
1451 809.088 32.961 279.151 -0.959110 34.958 0 31.161 1 1.000000
1452 809.064 32.967 279.136 -0.959038 34.966 0 31.133 1 1.000000
1453 809.064 32.967 279.136 -0.959038 34.966 0 31.133 1 1.000000
1454 809.040 32.973 279.121 -0.958969 34.973 0 31.104 1 1.000000
1455 809.017 32.979 279.106 -0.958904 34.980 0 31.076 1 1.000000
1456 809.017 32.979 279.106 -0.958904 34.980 0 31.076 1 1.000000
1457 808.993 32.986 279.091 -0.959393 34.987 0 31.047 1 1.000000
1458 808.993 32.986 279.091 -0.959393 34.987 0 31.047 1 1.000000
1459 808.993 32.986 279.091 -0.959393 34.987 0 31.047 1 1.000000
1460 808.970 32.993 279.076 -0.959850 34.995 0 31.019 1 1.000000
1461 808.970 32.993 279.076 -0.959850 34.995 0 31.019 1 1.000000
1462 808.946 32.999 279.062 -0.960304 35.002 0 30.990 1 1.000000
1463 808.946 32.999 279.062 -0.960304 35.002 0 30.990 1 1.000000
1464 808.923 33.006 279.047 -0.960434 35.009 0 30.962 1 1.000000
1465 808.899 33.012 279.032 -0.960674 35.016 0 30.933 1 1.000000
1466 808.899 33.012 279.032 -0.960674 35.016 0 30.933 1 1.000000
1467 808.876 33.019 279.017 -0.960911 35.023 0 30.905 1 1.000000
1468 808.852 33.025 279.002 -0.961140 35.031 0 30.876 1 1.000000
1469 808.829 33.032 278.987 -0.961376 35.038 0 30.848 1 1.000000
1470 808.829 33.032 278.987 -0.961376 35.038 0 30.848 1 1.000000
1471 808.805 33.038 278.972 -0.961613 35.045 0 30.819 1 1.000000
1472 808.805 33.038 278.972 -0.961613 35.045 0 30.819 1 1.000000
1473 808.782 33.045 278.957 -0.961849 35.052 0 30.791 1 1.000000
1474 808.782 33.045 278.957 -0.961849 35.052 0 30.791 1 1.000000
1475 808.758 33.051 278.942 -0.962086 35.060 0 30.762 1 1.000000
1476 808.758 33.051 278.942 -0.962086 35.060 0 30.762 1 1.000000
1477 808.735 33.058 278.927 -0.962311 35.067 0 30.734 1 1.000000
1478 808.735 33.058 278.927 -0.962311 35.067 0 30.734 1 1.000000
1479 808.711 33.064 278.913 -0.962543 35.074 0 30.705 1 1.000000
1480 808.711 33.064 278.913 -0.962543 35.074 0 30.705 1 1.000000
1481 808.664 33.077 278.883 -0.963013 35.089 0 30.648 1 1.000000
1482 808.664 33.077 278.883 -0.963013 35.089 0 30.648 1 1.000000
1483 808.664 33.077 278.883 -0.963013 35.089 0 30.648 1 1.000000
1484 808.640 33.084 278.869 -0.963276 35.095 0 30.619 1 1.000000
1485 808.640 33.084 278.869 -0.963276 35.095 0 30.619 1 1.000000
1486 808.615 33.090 278.856 -0.963528 35.101 0 30.591 1 1.000000
1487 808.615 33.090 278.856 -0.963528 35.101 0 30.591 1 1.000000
1488 808.591 33.097 278.842 -0.963779 35.107 0 30.562 1 1.000000
1489 808.591 33.097 278.842 -0.963779 35.107 0 30.562 1 1.000000
1490 808.567 33.103 278.828 -0.963631 35.114 0 30.534 1 1.000000
1491 808.542 33.109 278.815 -0.963520 35.120 0 30.505 1 1.000000
1492 808.542 33.109 278.815 -0.963520 35.120 0 30.505 1 1.000000
1493 808.518 33.115 278.801 -0.963409 35.126 0 30.476 1 1.000000
1494 808.518 33.115 278.801 -0.963409 35.126 0 30.476 1 1.000000
1495 808.493 33.122 278.787 -0.963299 35.132 0 30.447 1 1.000000
1496 808.493 33.122 278.787 -0.963299 35.132 0 30.447 1 1.000000
1497 808.469 33.128 278.774 -0.963181 35.139 0 30.419 1 1.000000
1498 808.469 33.128 278.774 -0.963181 35.139 0 30.419 1 1.000000
1499 808.444 33.134 278.760 -0.963070 35.145 0 30.390 1 1.000000
1500 808.444 33.134 278.760 -0.963070 35.145 0 30.390 1 1.000000
1501 808.420 33.140 278.746 -0.962959 35.151 0 30.361 1 1.000000
1502 808.420 33.140 278.746 -0.962959 35.151 0 30.361 1 1.000000
1503 808.395 33.146 278.733 -0.962849 35.157 0 30.333 1 1.000000
1504 808.395 33.146 278.733 -0.962849 35.157 0 30.333 1 1.000000
1505 808.371 33.153 278.719 -0.962738 35.164 0 30.304 1 1.000000
1506 808.346 33.159 278.706 -0.962627 35.170 0 30.275 1 1.000000
1507 808.346 33.159 278.706 -0.962627 35.170 0 30.275 1 1.000000
1508 808.346 33.159 278.706 -0.962627 35.170 0 30.275 1 1.000000
1509 808.297 33.171 278.678 -0.962402 35.182 0 30.218 1 1.000000
1510 808.297 33.171 278.678 -0.962402 35.182 0 30.218 1 1.000000
1511 808.297 33.171 278.678 -0.962402 35.182 0 30.218 1 1.000000
1512 808.273 33.177 278.665 -0.962292 35.189 0 30.189 1 1.000000
1513 808.273 33.177 278.665 -0.962292 35.189 0 30.189 1 1.000000
1514 808.249 33.184 278.651 -0.962181 35.195 0 30.161 1 1.000000
1515 808.249 33.184 278.651 -0.962181 35.195 0 30.161 1 1.000000
1516 808.224 33.190 278.637 -0.962070 35.201 0 30.132 1 1.000000
1517 808.224 33.190 278.637 -0.962070 35.201 0 30.132 1 1.000000
1518 808.200 33.196 278.624 -0.961960 35.208 0 30.103 1 1.000000
1519 808.200 33.196 278.624 -0.961960 35.208 0 30.103 1 1.000000
1520 808.175 33.202 278.610 -0.961849 35.214 0 30.075 1 1.000000
1521 808.151 33.208 278.596 -0.961739 35.220 0 30.046 1 1.000000
1522 808.151 33.208 278.596 -0.961739 35.220 0 30.046 1 1.000000
1523 808.126 33.214 278.583 -0.961624 35.226 0 30.017 1 1.000000
1524 808.102 33.221 278.569 -0.961514 35.233 0 29.988 1 1.000000
1525 808.102 33.221 278.569 -0.961514 35.233 0 29.988 1 1.000000
1526 808.077 33.227 278.556 -0.961571 35.239 0 29.960 1 1.000000
1527 808.077 33.227 278.556 -0.961571 35.239 0 29.960 1 1.000000
1528 808.053 33.233 278.542 -0.961605 35.245 0 29.931 1 1.000000
1529 808.028 33.240 278.529 -0.961636 35.251 0 29.902 1 1.000000
1530 808.028 33.240 278.529 -0.961636 35.251 0 29.902 1 1.000000
1531 808.004 33.246 278.515 -0.961670 35.257 0 29.874 1 1.000000
1532 807.979 33.252 278.502 -0.961700 35.264 0 29.845 1 1.000000
1533 807.979 33.252 278.502 -0.961700 35.264 0 29.845 1 1.000000
1534 807.955 33.259 278.488 -0.961735 35.270 0 29.816 1 1.000000
1535 807.955 33.259 278.488 -0.961735 35.270 0 29.816 1 1.000000
1536 807.930 33.265 278.475 -0.961765 35.276 0 29.788 1 1.000000
1537 807.906 33.271 278.461 -0.961796 35.282 0 29.759 1 1.000000
1538 807.906 33.271 278.461 -0.961796 35.282 0 29.759 1 1.000000
1539 807.881 33.278 278.447 -0.961830 35.288 0 29.730 1 1.000000
1540 807.857 33.284 278.434 -0.961861 35.295 0 29.702 1 1.000000
1541 807.857 33.284 278.434 -0.961861 35.295 0 29.702 1 1.000000
1542 807.832 33.290 278.420 -0.961891 35.301 0 29.673 1 1.000000
1543 807.832 33.290 278.420 -0.961891 35.301 0 29.673 1 1.000000
1544 807.808 33.297 278.407 -0.961922 35.307 0 29.644 1 1.000000
1545 807.808 33.297 278.407 -0.961922 35.307 0 29.644 1 1.000000
1546 807.784 33.303 278.393 -0.961956 35.313 0 29.616 1 1.000000
1547 807.784 33.303 278.393 -0.961956 35.313 0 29.616 1 1.000000
1548 807.759 33.309 278.380 -0.961987 35.319 0 29.587 1 1.000000
1549 807.759 33.309 278.380 -0.961987 35.319 0 29.587 1 1.000000
1550 807.735 33.316 278.366 -0.962017 35.326 0 29.558 1 1.000000
1551 807.735 33.316 278.366 -0.962017 35.326 0 29.558 1 1.000000
1552 807.710 33.322 278.353 -0.962051 35.332 0 29.530 1 1.000000
1553 807.710 33.322 278.353 -0.962051 35.332 0 29.530 1 1.000000
1554 807.686 33.328 278.339 -0.962082 35.338 0 29.501 1 1.000000
1555 807.661 33.335 278.326 -0.962116 35.344 0 29.472 1 1.000000
1556 807.661 33.335 278.326 -0.962116 35.344 0 29.472 1 1.000000
1557 807.637 33.341 278.312 -0.962147 35.350 0 29.444 1 1.000000
1558 807.637 33.341 278.312 -0.962147 35.350 0 29.444 1 1.000000
1559 807.612 33.347 278.299 -0.962181 35.357 0 29.415 1 1.000000
1560 807.612 33.347 278.299 -0.962181 35.357 0 29.415 1 1.000000
1561 807.588 33.354 278.285 -0.962212 35.363 0 29.386 1 1.000000
1562 807.588 33.354 278.285 -0.962212 35.363 0 29.386 1 1.000000
1563 807.563 33.360 278.272 -0.962242 35.369 0 29.358 1 1.000000
1564 807.563 33.360 278.272 -0.962242 35.369 0 29.358 1 1.000000
1565 807.539 33.366 278.258 -0.962265 35.375 0 29.329 1 1.000000
1566 807.514 33.373 278.245 -0.962288 35.381 0 29.300 1 1.000000
1567 807.514 33.373 278.245 -0.962288 35.381 0 29.300 1 1.000000
1568 807.490 33.379 278.231 -0.962311 35.388 0 29.272 1 1.000000
1569 807.490 33.379 278.231 -0.962311 35.388 0 29.272 1 1.000000
1570 807.465 33.385 278.218 -0.962334 35.394 0 29.243 1 1.000000
1571 807.465 33.385 278.218 -0.962334 35.394 0 29.243 1 1.000000
1572 807.441 33.392 278.204 -0.962357 35.400 0 29.214 1 1.000000
1573 807.441 33.392 278.204 -0.962357 35.400 0 29.214 1 1.000000
1574 807.416 33.398 278.191 -0.962379 35.406 0 29.186 1 1.000000
1575 807.392 33.404 278.177 -0.962402 35.413 0 29.157 1 1.000000
1576 807.392 33.404 278.177 -0.962402 35.413 0 29.157 1 1.000000
1577 807.367 33.410 278.164 -0.962429 35.419 0 29.128 1 1.000000
1578 807.367 33.410 278.164 -0.962429 35.419 0 29.128 1 1.000000
1579 807.343 33.417 278.150 -0.962448 35.425 0 29.100 1 1.000000
1580 807.318 33.423 278.137 -0.962475 35.431 0 29.071 1 1.000000
1581 807.294 33.429 278.123 -0.962494 35.437 0 29.043 1 1.000000
1582 807.294 33.429 278.123 -0.962494 35.437 0 29.043 1 1.000000
1583 807.270 33.436 278.109 -0.962521 35.444 0 29.014 1 1.000000
1584 807.270 33.436 278.109 -0.962521 35.444 0 29.014 1 1.000000
1585 807.245 33.442 278.096 -0.962540 35.450 0 28.985 1 1.000000
1586 807.245 33.442 278.096 -0.962540 35.450 0 28.985 1 1.000000
1587 807.221 33.448 278.082 -0.962566 35.456 0 28.957 1 1.000000
1588 807.196 33.455 278.069 -0.962585 35.462 0 28.928 1 1.000000
1589 807.196 33.455 278.069 -0.962585 35.462 0 28.928 1 1.000000
1590 807.172 33.461 278.055 -0.962612 35.469 0 28.899 1 1.000000
1591 807.172 33.461 278.055 -0.962612 35.469 0 28.899 1 1.000000
1592 807.147 33.467 278.042 -0.962635 35.475 0 28.871 1 1.000000
1593 807.123 33.474 278.028 -0.962658 35.481 0 28.842 1 1.000000
1594 807.123 33.474 278.028 -0.962658 35.481 0 28.842 1 1.000000
1595 807.098 33.480 278.015 -0.962681 35.487 0 28.813 1 1.000000
1596 807.098 33.480 278.015 -0.962681 35.487 0 28.813 1 1.000000
1597 807.074 33.486 278.001 -0.962704 35.494 0 28.785 1 1.000000
1598 807.074 33.486 278.001 -0.962704 35.494 0 28.785 1 1.000000
1599 807.049 33.493 277.988 -0.962727 35.500 0 28.756 1 1.000000
1600 807.025 33.499 277.974 -0.962749 35.506 0 28.727 1 1.000000
1601 807.025 33.499 277.974 -0.962749 35.506 0 28.727 1 1.000000
1602 807.000 33.505 277.961 -0.962776 35.512 0 28.699 1 1.000000
1603 807.000 33.505 277.961 -0.962776 35.512 0 28.699 1 1.000000
1604 806.976 33.512 277.947 -0.962795 35.518 0 28.670 1 1.000000
1605 806.976 33.512 277.947 -0.962795 35.518 0 28.670 1 1.000000
1606 806.951 33.518 277.934 -0.962822 35.525 0 28.641 1 1.000000
1607 806.951 33.518 277.934 -0.962822 35.525 0 28.641 1 1.000000
1608 806.927 33.524 277.920 -0.962841 35.531 0 28.613 1 1.000000
1609 806.902 33.531 277.907 -0.962868 35.537 0 28.584 1 1.000000
1610 806.902 33.531 277.907 -0.962868 35.537 0 28.584 1 1.000000
1611 806.878 33.537 277.893 -0.962891 35.543 0 28.555 1 1.000000
1612 806.878 33.537 277.893 -0.962891 35.543 0 28.555 1 1.000000
1613 806.853 33.543 277.880 -0.962914 35.550 0 28.527 1 1.000000
1614 806.829 33.549 277.866 -0.962936 35.556 0 28.498 1 1.000000
1615 806.829 33.549 277.866 -0.962936 35.556 0 28.498 1 1.000000
1616 806.805 33.556 277.853 -0.962959 35.562 0 28.469 1 1.000000
1617 806.780 33.562 277.839 -0.962982 35.568 0 28.441 1 1.000000
1618 806.780 33.562 277.839 -0.962982 35.568 0 28.441 1 1.000000
1619 806.756 33.568 277.826 -0.963005 35.575 0 28.412 1 1.000000
1620 806.756 33.568 277.826 -0.963005 35.575 0 28.412 1 1.000000
1621 806.731 33.575 277.812 -0.963028 35.581 0 28.383 1 1.000000
1622 806.731 33.575 277.812 -0.963028 35.581 0 28.383 1 1.000000
1623 806.707 33.581 277.799 -0.963055 35.587 0 28.355 1 1.000000
1624 806.707 33.581 277.799 -0.963055 35.587 0 28.355 1 1.000000
1625 806.682 33.587 277.785 -0.963078 35.593 0 28.326 1 1.000000
1626 806.658 33.594 277.772 -0.963100 35.600 0 28.297 1 1.000000
1627 806.658 33.594 277.772 -0.963100 35.600 0 28.297 1 1.000000
1628 806.633 33.600 277.758 -0.963120 35.606 0 28.269 1 1.000000
1629 806.609 33.606 277.744 -0.963146 35.612 0 28.240 1 1.000000
1630 806.609 33.606 277.744 -0.963146 35.612 0 28.240 1 1.000000
1631 806.609 33.606 277.744 -0.963146 35.612 0 28.240 1 1.000000
1632 806.584 33.613 277.731 -0.963173 35.618 0 28.211 1 1.000000
1633 806.584 33.613 277.731 -0.963173 35.618 0 28.211 1 1.000000
1634 806.560 33.619 277.717 -0.963192 35.625 0 28.183 1 1.000000
1635 806.560 33.619 277.717 -0.963192 35.625 0 28.183 1 1.000000
1636 806.535 33.625 277.704 -0.963219 35.631 0 28.154 1 1.000000
1637 806.511 33.632 277.690 -0.963238 35.637 0 28.125 1 1.000000
1638 806.511 33.632 277.690 -0.963238 35.637 0 28.125 1 1.000000
1639 806.486 33.638 277.677 -0.963264 35.644 0 28.097 1 1.000000
1640 806.486 33.638 277.677 -0.963264 35.644 0 28.097 1 1.000000
1641 806.462 33.644 277.663 -0.963287 35.650 0 28.068 1 1.000000
1642 806.462 33.644 277.663 -0.963287 35.650 0 28.068 1 1.000000
1643 806.437 33.651 277.650 -0.963310 35.656 0 28.039 1 1.000000
1644 806.437 33.651 277.650 -0.963310 35.656 0 28.039 1 1.000000
1645 806.413 33.657 277.636 -0.963333 35.662 0 28.011 1 1.000000
1646 806.413 33.657 277.636 -0.963333 35.662 0 28.011 1 1.000000
1647 806.388 33.663 277.623 -0.963356 35.669 0 27.982 1 1.000000
1648 806.388 33.663 277.623 -0.963356 35.669 0 27.982 1 1.000000
1649 806.364 33.670 277.609 -0.963379 35.675 0 27.953 1 1.000000
1650 806.339 33.676 277.596 -0.963402 35.681 0 27.925 1 1.000000
1651 806.315 33.682 277.582 -0.963425 35.687 0 27.896 1 1.000000
1652 806.315 33.682 277.582 -0.963425 35.687 0 27.896 1 1.000000
1653 806.315 33.682 277.582 -0.963425 35.687 0 27.896 1 1.000000
1654 806.291 33.689 277.569 -0.963451 35.694 0 27.867 1 1.000000
1655 806.291 33.689 277.569 -0.963451 35.694 0 27.867 1 1.000000
1656 806.266 33.695 277.555 -0.963474 35.700 0 27.839 1 1.000000
1657 806.242 33.701 277.542 -0.963497 35.706 0 27.810 1 1.000000
1658 806.242 33.701 277.542 -0.963497 35.706 0 27.810 1 1.000000
1659 806.217 33.707 277.528 -0.963516 35.713 0 27.781 1 1.000000
1660 806.217 33.707 277.528 -0.963516 35.713 0 27.781 1 1.000000
1661 806.193 33.714 277.515 -0.963520 35.719 0 27.753 1 1.000000
1662 806.193 33.714 277.515 -0.963520 35.719 0 27.753 1 1.000000
1663 806.168 33.720 277.501 -0.963531 35.725 0 27.724 1 1.000000
1664 806.168 33.720 277.501 -0.963531 35.725 0 27.724 1 1.000000
1665 806.144 33.726 277.488 -0.963543 35.731 0 27.695 1 1.000000
1666 806.119 33.733 277.474 -0.963551 35.738 0 27.667 1 1.000000
1667 806.119 33.733 277.474 -0.963551 35.738 0 27.667 1 1.000000
1668 806.095 33.739 277.461 -0.963562 35.744 0 27.638 1 1.000000
1669 806.095 33.739 277.461 -0.963562 35.744 0 27.638 1 1.000000
1670 806.070 33.745 277.447 -0.963573 35.750 0 27.609 1 1.000000
1671 806.070 33.745 277.447 -0.963573 35.750 0 27.609 1 1.000000
1672 806.046 33.752 277.434 -0.963585 35.757 0 27.581 1 1.000000
1673 806.021 33.758 277.420 -0.963593 35.763 0 27.552 1 1.000000
1674 806.021 33.758 277.420 -0.963593 35.763 0 27.552 1 1.000000
1675 805.997 33.764 277.406 -0.963604 35.769 0 27.523 1 1.000000
1676 805.997 33.764 277.406 -0.963604 35.769 0 27.523 1 1.000000
1677 805.972 33.771 277.393 -0.963615 35.776 0 27.495 1 1.000000
1678 805.948 33.777 277.379 -0.963623 35.782 0 27.466 1 1.000000
1679 805.948 33.777 277.379 -0.963623 35.782 0 27.466 1 1.000000
1680 805.923 33.783 277.366 -0.963634 35.788 0 27.437 1 1.000000
1681 805.923 33.783 277.366 -0.963634 35.788 0 27.437 1 1.000000
1682 805.899 33.789 277.352 -0.963646 35.795 0 27.409 1 1.000000
1683 805.874 33.796 277.339 -0.963657 35.801 0 27.380 1 1.000000
1684 805.874 33.796 277.339 -0.963657 35.801 0 27.380 1 1.000000
1685 805.850 33.802 277.325 -0.963665 35.807 0 27.351 1 1.000000
1686 805.850 33.802 277.325 -0.963665 35.807 0 27.351 1 1.000000
1687 805.826 33.808 277.312 -0.963676 35.813 0 27.323 1 1.000000
1688 805.826 33.808 277.312 -0.963676 35.813 0 27.323 1 1.000000
1689 805.801 33.815 277.298 -0.963688 35.820 0 27.294 1 1.000000
1690 805.801 33.815 277.298 -0.963688 35.820 0 27.294 1 1.000000
1691 805.777 33.821 277.285 -0.963696 35.826 0 27.265 1 1.000000
1692 805.752 33.827 277.271 -0.963707 35.832 0 27.237 1 1.000000
1693 805.752 33.827 277.271 -0.963707 35.832 0 27.237 1 1.000000
1694 805.728 33.834 277.258 -0.963718 35.839 0 27.208 1 1.000000
1695 805.728 33.834 277.258 -0.963718 35.839 0 27.208 1 1.000000
1696 805.703 33.840 277.244 -0.963726 35.845 0 27.179 1 1.000000
1697 805.703 33.840 277.244 -0.963726 35.845 0 27.179 1 1.000000
1698 805.679 33.846 277.231 -0.963737 35.851 0 27.151 1 1.000000
1699 805.679 33.846 277.231 -0.963737 35.851 0 27.151 1 1.000000
1700 805.654 33.852 277.217 -0.963749 35.858 0 27.122 1 1.000000
1701 805.654 33.852 277.217 -0.963749 35.858 0 27.122 1 1.000000
1702 805.630 33.859 277.204 -0.963760 35.864 0 27.093 1 1.000000
1703 805.630 33.859 277.204 -0.963760 35.864 0 27.093 1 1.000000
1704 805.605 33.865 277.190 -0.963768 35.870 0 27.065 1 1.000000
1705 805.605 33.865 277.190 -0.963768 35.870 0 27.065 1 1.000000
1706 805.581 33.871 277.177 -0.963779 35.877 0 27.036 1 1.000000
1707 805.581 33.871 277.177 -0.963779 35.877 0 27.036 1 1.000000
1708 805.556 33.878 277.163 -0.963791 35.883 0 27.008 1 1.000000
1709 805.556 33.878 277.163 -0.963791 35.883 0 27.008 1 1.000000
1710 805.532 33.884 277.150 -0.964092 35.889 0 26.979 1 1.000000
1711 805.532 33.884 277.150 -0.964092 35.889 0 26.979 1 1.000000
1712 805.508 33.891 277.136 -0.964275 35.896 0 26.950 1 1.000000
1713 805.483 33.897 277.123 -0.964458 35.902 0 26.922 1 1.000000
1714 805.483 33.897 277.123 -0.964458 35.902 0 26.922 1 1.000000
1715 805.459 33.904 277.109 -0.964642 35.908 0 26.893 1 1.000000
1716 805.459 33.904 277.109 -0.964642 35.908 0 26.893 1 1.000000
1717 805.435 33.910 277.096 -0.964825 35.915 0 26.865 1 1.000000
1718 805.410 33.917 277.082 -0.965008 35.921 0 26.836 1 1.000000
1719 805.410 33.917 277.082 -0.965008 35.921 0 26.836 1 1.000000
1720 805.386 33.923 277.069 -0.965191 35.928 0 26.807 1 1.000000
1721 805.386 33.923 277.069 -0.965191 35.928 0 26.807 1 1.000000
1722 805.361 33.930 277.055 -0.965374 35.934 0 26.779 1 1.000000
1723 805.361 33.930 277.055 -0.965374 35.934 0 26.779 1 1.000000
1724 805.313 33.942 277.028 -0.965744 35.947 0 26.722 1 1.000000
1725 805.313 33.942 277.028 -0.965744 35.947 0 26.722 1 1.000000
1726 805.313 33.942 277.028 -0.965744 35.947 0 26.722 1 1.000000
1727 805.288 33.949 277.014 -0.965923 35.953 0 26.693 1 1.000000
1728 805.288 33.949 277.014 -0.965923 35.953 0 26.693 1 1.000000
1729 805.264 33.955 277.001 -0.966106 35.959 0 26.664 1 1.000000
1730 805.264 33.955 277.001 -0.966106 35.959 0 26.664 1 1.000000
1731 805.240 33.962 276.987 -0.966290 35.966 0 26.636 1 1.000000
1732 805.215 33.968 276.974 -0.966473 35.972 0 26.607 1 1.000000
1733 805.215 33.968 276.974 -0.966473 35.972 0 26.607 1 1.000000
1734 805.215 33.968 276.974 -0.966473 35.972 0 26.607 1 1.000000
1735 805.191 33.975 276.961 -0.967365 35.979 0 26.579 1 1.000000
1736 805.191 33.975 276.961 -0.967365 35.979 0 26.579 1 1.000000
1737 805.167 33.982 276.947 -0.967487 35.985 0 26.550 1 1.000000
1738 805.142 33.987 276.933 -0.966686 35.991 0 26.522 1 1.000000
1739 805.142 33.987 276.933 -0.966686 35.991 0 26.522 1 1.000000
1740 805.142 33.987 276.933 -0.966686 35.991 0 26.522 1 1.000000
1741 805.118 33.994 276.920 -0.966637 35.998 0 26.493 1 1.000000
1742 805.093 34.000 276.906 -0.966591 36.004 0 26.464 1 1.000000
1743 805.093 34.000 276.906 -0.966591 36.004 0 26.464 1 1.000000
1744 805.069 34.006 276.893 -0.966496 36.011 0 26.435 1 1.000000
1745 805.069 34.006 276.893 -0.966496 36.011 0 26.435 1 1.000000
1746 805.044 34.012 276.879 -0.966415 36.017 0 26.407 1 1.000000
1747 805.044 34.012 276.879 -0.966415 36.017 0 26.407 1 1.000000
1748 805.020 34.019 276.865 -0.966331 36.024 0 26.378 1 1.000000
1749 805.020 34.019 276.865 -0.966331 36.024 0 26.378 1 1.000000
1750 804.995 34.025 276.852 -0.966248 36.030 0 26.349 1 1.000000
1751 804.971 34.031 276.838 -0.966167 36.036 0 26.321 1 1.000000
1752 804.971 34.031 276.838 -0.966167 36.036 0 26.321 1 1.000000
1753 804.946 34.037 276.825 -0.966091 36.043 0 26.292 1 1.000000
1754 804.946 34.037 276.825 -0.966091 36.043 0 26.292 1 1.000000
1755 804.922 34.043 276.811 -0.966007 36.049 0 26.263 1 1.000000
1756 804.922 34.043 276.811 -0.966007 36.049 0 26.263 1 1.000000
1757 804.897 34.050 276.797 -0.965927 36.056 0 26.235 1 1.000000
1758 804.897 34.050 276.797 -0.965927 36.056 0 26.235 1 1.000000
1759 804.873 34.056 276.784 -0.965843 36.062 0 26.206 1 1.000000
1760 804.849 34.062 276.770 -0.965763 36.069 0 26.177 1 1.000000
1761 804.849 34.062 276.770 -0.965763 36.069 0 26.177 1 1.000000
1762 804.849 34.062 276.770 -0.965763 36.069 0 26.177 1 1.000000
1763 804.824 34.068 276.757 -0.965683 36.075 0 26.149 1 1.000000
1764 804.824 34.068 276.757 -0.965683 36.075 0 26.149 1 1.000000
1765 804.800 34.074 276.743 -0.965599 36.082 0 26.120 1 1.000000
1766 804.800 34.074 276.743 -0.965599 36.082 0 26.120 1 1.000000
1767 804.775 34.081 276.730 -0.965515 36.088 0 26.091 1 1.000000
1768 804.751 34.087 276.716 -0.965439 36.094 0 26.063 1 1.000000
1769 804.751 34.087 276.716 -0.965439 36.094 0 26.063 1 1.000000
1770 804.726 34.093 276.702 -0.965439 36.101 0 26.034 1 1.000000
1771 804.726 34.093 276.702 -0.965439 36.101 0 26.034 1 1.000000
1772 804.702 34.099 276.689 -0.965424 36.107 0 26.005 1 1.000000
1773 804.702 34.099 276.689 -0.965424 36.107 0 26.005 1 1.000000
1774 804.677 34.106 276.675 -0.965412 36.114 0 25.977 1 1.000000
1775 804.653 34.112 276.661 -0.965397 36.121 0 25.948 1 1.000000
1776 804.653 34.112 276.661 -0.965397 36.121 0 25.948 1 1.000000
1777 804.628 34.118 276.648 -0.965141 36.127 0 25.919 1 1.000000
1778 804.628 34.118 276.648 -0.965141 36.127 0 25.919 1 1.000000
1779 804.579 34.130 276.620 -0.964787 36.140 0 25.862 1 1.000000
1780 804.579 34.130 276.620 -0.964787 36.140 0 25.862 1 1.000000
1781 804.579 34.130 276.620 -0.964787 36.140 0 25.862 1 1.000000
1782 804.555 34.137 276.607 -0.964802 36.147 0 25.833 1 1.000000
1783 804.555 34.137 276.607 -0.964802 36.147 0 25.833 1 1.000000
1784 804.530 34.143 276.593 -0.964748 36.153 0 25.805 1 1.000000
1785 804.506 34.149 276.580 -0.964691 36.159 0 25.776 1 1.000000
1786 804.506 34.149 276.580 -0.964691 36.159 0 25.776 1 1.000000
1787 804.481 34.155 276.566 -0.964634 36.166 0 25.747 1 1.000000
1788 804.481 34.155 276.566 -0.964634 36.166 0 25.747 1 1.000000
1789 804.457 34.162 276.553 -0.964577 36.172 0 25.719 1 1.000000
1790 804.457 34.162 276.553 -0.964577 36.172 0 25.719 1 1.000000
1791 804.432 34.168 276.539 -0.964520 36.179 0 25.690 1 1.000000
1792 804.432 34.168 276.539 -0.964520 36.179 0 25.690 1 1.000000
1793 804.408 34.174 276.526 -0.964462 36.185 0 25.661 1 1.000000
1794 804.384 34.180 276.512 -0.964405 36.192 0 25.633 1 1.000000
1795 804.384 34.180 276.512 -0.964405 36.192 0 25.633 1 1.000000
1796 804.359 34.187 276.498 -0.964352 36.198 0 25.604 1 1.000000
1797 804.359 34.187 276.498 -0.964352 36.198 0 25.604 1 1.000000
1798 804.335 34.193 276.485 -0.964283 36.205 0 25.575 1 1.000000
1799 804.335 34.193 276.485 -0.964283 36.205 0 25.575 1 1.000000
1800 804.310 34.199 276.471 -0.964233 36.211 0 25.547 1 1.000000
1801 804.310 34.199 276.471 -0.964233 36.211 0 25.547 1 1.000000
1802 804.286 34.205 276.458 -0.964169 36.218 0 25.518 1 1.000000
1803 804.261 34.212 276.444 -0.964119 36.224 0 25.489 1 1.000000
1804 804.261 34.212 276.444 -0.964119 36.224 0 25.489 1 1.000000
1805 804.237 34.218 276.431 -0.964050 36.231 0 25.460 1 1.000000
1806 804.237 34.218 276.431 -0.964050 36.231 0 25.460 1 1.000000
1807 804.212 34.224 276.417 -0.964008 36.237 0 25.432 1 1.000000
1808 804.212 34.224 276.417 -0.964008 36.237 0 25.432 1 1.000000
1809 804.188 34.230 276.404 -0.963936 36.244 0 25.403 1 1.000000
1810 804.163 34.237 276.390 -0.963894 36.250 0 25.374 1 1.000000
1811 804.163 34.237 276.390 -0.963894 36.250 0 25.374 1 1.000000
1812 804.138 34.243 276.376 -0.963825 36.257 0 25.346 1 1.000000
1813 804.138 34.243 276.376 -0.963825 36.257 0 25.346 1 1.000000
1814 804.114 34.249 276.363 -0.963764 36.263 0 25.317 1 1.000000
1815 804.089 34.255 276.349 -0.963711 36.270 0 25.288 1 1.000000
1816 804.089 34.255 276.349 -0.963711 36.270 0 25.288 1 1.000000
1817 804.065 34.262 276.336 -0.963654 36.276 0 25.260 1 1.000000
1818 804.065 34.262 276.336 -0.963654 36.276 0 25.260 1 1.000000
1819 804.040 34.268 276.322 -0.963596 36.283 0 25.231 1 1.000000
1820 804.040 34.268 276.322 -0.963596 36.283 0 25.231 1 1.000000
1821 804.016 34.274 276.309 -0.963539 36.289 0 25.202 1 1.000000
1822 804.016 34.274 276.309 -0.963539 36.289 0 25.202 1 1.000000
1823 803.991 34.280 276.295 -0.963482 36.296 0 25.173 1 1.000000
1824 803.991 34.280 276.295 -0.963482 36.296 0 25.173 1 1.000000
1825 803.967 34.287 276.282 -0.963425 36.302 0 25.145 1 1.000000
1826 803.967 34.287 276.282 -0.963425 36.302 0 25.145 1 1.000000
1827 803.942 34.293 276.268 -0.963367 36.309 0 25.116 1 1.000000
1828 803.942 34.293 276.268 -0.963367 36.309 0 25.116 1 1.000000
1829 803.918 34.299 276.255 -0.963310 36.315 0 25.087 1 1.000000
1830 803.918 34.299 276.255 -0.963310 36.315 0 25.087 1 1.000000
1831 803.893 34.305 276.241 -0.963257 36.322 0 25.059 1 1.000000
1832 803.893 34.305 276.241 -0.963257 36.322 0 25.059 1 1.000000
1833 803.869 34.312 276.227 -0.963196 36.328 0 25.030 1 1.000000
1834 803.869 34.312 276.227 -0.963196 36.328 0 25.030 1 1.000000
1835 803.844 34.318 276.214 -0.963142 36.335 0 25.001 1 1.000000
1836 803.844 34.318 276.214 -0.963142 36.335 0 25.001 1 1.000000
1837 803.820 34.324 276.200 -0.963085 36.341 0 24.972 1 0.996559
1838 803.820 34.324 276.200 -0.963085 36.341 0 24.972 1 0.996559
1839 803.795 34.330 276.187 -0.963028 36.348 0 24.944 1 0.992971
1840 803.795 34.330 276.187 -0.963028 36.348 0 24.944 1 0.992971
1841 803.770 34.337 276.173 -0.962971 36.354 0 24.915 1 0.989384
1842 803.770 34.337 276.173 -0.962971 36.354 0 24.915 1 0.989384
1843 803.746 34.343 276.160 -0.962914 36.361 0 24.886 1 0.985797
1844 803.746 34.343 276.160 -0.962914 36.361 0 24.886 1 0.985797
1845 803.746 34.343 276.160 -0.962914 36.361 0 24.886 1 0.985797
1846 803.697 34.355 276.133 -0.962799 36.374 0 24.829 1 0.978621
1847 803.697 34.355 276.133 -0.962799 36.374 0 24.829 1 0.978621
1848 803.697 34.355 276.133 -0.962799 36.374 0 24.829 1 0.978621
1849 803.672 34.362 276.119 -0.962746 36.381 0 24.800 1 0.975034
1850 803.648 34.368 276.106 -0.962688 36.387 0 24.772 1 0.971447
1851 803.648 34.368 276.106 -0.962688 36.387 0 24.772 1 0.971447
1852 803.623 34.374 276.092 -0.962627 36.393 0 24.743 1 0.967859
1853 803.623 34.374 276.092 -0.962627 36.393 0 24.743 1 0.967859
1854 803.599 34.380 276.079 -0.962574 36.399 0 24.714 1 0.964272
1855 803.574 34.386 276.065 -0.962517 36.405 0 24.685 1 0.960684
1856 803.574 34.386 276.065 -0.962517 36.405 0 24.685 1 0.960684
1857 803.550 34.393 276.052 -0.962460 36.411 0 24.657 1 0.957097
1858 803.550 34.393 276.052 -0.962460 36.411 0 24.657 1 0.957097
1859 803.525 34.399 276.038 -0.962490 36.417 0 24.628 1 0.953514
1860 803.525 34.399 276.038 -0.962490 36.417 0 24.628 1 0.953514
1861 803.501 34.405 276.025 -0.962479 36.423 0 24.599 1 0.949932
1862 803.501 34.405 276.025 -0.962479 36.423 0 24.599 1 0.949932
1863 803.476 34.412 276.011 -0.962463 36.429 0 24.571 1 0.946350
1864 803.476 34.412 276.011 -0.962463 36.429 0 24.571 1 0.946350
1865 803.452 34.418 275.998 -0.962452 36.435 0 24.542 1 0.942768
1866 803.452 34.418 275.998 -0.962452 36.435 0 24.542 1 0.942768
1867 803.427 34.424 275.984 -0.962437 36.441 0 24.513 1 0.939186
1868 803.427 34.424 275.984 -0.962437 36.441 0 24.513 1 0.939186
1869 803.403 34.430 275.971 -0.962421 36.447 0 24.485 1 0.935605
1870 803.403 34.430 275.971 -0.962421 36.447 0 24.485 1 0.935605
1871 803.378 34.437 275.957 -0.962410 36.452 0 24.456 1 0.932023
1872 803.378 34.437 275.957 -0.962410 36.452 0 24.456 1 0.932023
1873 803.354 34.443 275.944 -0.962395 36.458 0 24.428 1 0.928441
1874 803.329 34.449 275.930 -0.962383 36.464 0 24.399 1 0.924859
1875 803.329 34.449 275.930 -0.962383 36.464 0 24.399 1 0.924859
1876 803.305 34.456 275.916 -0.962368 36.470 0 24.370 1 0.921278
1877 803.305 34.456 275.916 -0.962368 36.470 0 24.370 1 0.921278
1878 803.280 34.462 275.903 -0.962357 36.476 0 24.342 1 0.917695
1879 803.256 34.468 275.890 -0.962341 36.482 0 24.313 1 0.914112
1880 803.256 34.468 275.890 -0.962341 36.482 0 24.313 1 0.914112
1881 803.256 34.468 275.890 -0.962341 36.482 0 24.313 1 0.914112
1882 803.231 34.474 275.877 -0.962330 36.488 0 24.284 1 0.910529
1883 803.231 34.474 275.877 -0.962330 36.488 0 24.284 1 0.910529
1884 803.206 34.481 275.863 -0.962318 36.493 0 24.256 1 0.906947
1885 803.206 34.481 275.863 -0.962318 36.493 0 24.256 1 0.906947
1886 803.182 34.487 275.850 -0.962303 36.499 0 24.227 1 0.903363
1887 803.182 34.487 275.850 -0.962303 36.499 0 24.227 1 0.903363
1888 803.157 34.493 275.837 -0.962292 36.505 0 24.198 1 0.899781
1889 803.157 34.493 275.837 -0.962292 36.505 0 24.198 1 0.899781
1890 803.108 34.506 275.810 -0.962265 36.516 0 24.141 1 0.892615
1891 803.108 34.506 275.810 -0.962265 36.516 0 24.141 1 0.892615
1892 803.083 34.512 275.797 -0.962254 36.522 0 24.112 1 0.889032
1893 803.083 34.512 275.797 -0.962254 36.522 0 24.112 1 0.889032
1894 803.059 34.518 275.783 -0.962238 36.528 0 24.084 1 0.885450
1895 803.059 34.518 275.783 -0.962238 36.528 0 24.084 1 0.885450
1896 803.034 34.525 275.770 -0.962227 36.534 0 24.055 1 0.881867
1897 803.010 34.531 275.757 -0.962212 36.539 0 24.026 1 0.878284
1898 803.010 34.531 275.757 -0.962212 36.539 0 24.026 1 0.878284
1899 802.985 34.537 275.743 -0.962200 36.545 0 23.998 1 0.874701
1900 802.961 34.544 275.730 -0.962185 36.551 0 23.969 1 0.871119
1901 802.961 34.544 275.730 -0.962185 36.551 0 23.969 1 0.871119
1902 802.936 34.550 275.717 -0.962173 36.557 0 23.940 1 0.867537
1903 802.936 34.550 275.717 -0.962173 36.557 0 23.940 1 0.867537
1904 802.911 34.556 275.704 -0.962162 36.563 0 23.912 1 0.863954
1905 802.911 34.556 275.704 -0.962162 36.563 0 23.912 1 0.863954
1906 802.887 34.562 275.690 -0.962147 36.568 0 23.883 1 0.860371
1907 802.862 34.569 275.677 -0.962135 36.574 0 23.854 1 0.856789
1908 802.862 34.569 275.677 -0.962135 36.574 0 23.854 1 0.856789
1909 802.838 34.575 275.664 -0.962124 36.580 0 23.826 1 0.853206
1910 802.838 34.575 275.664 -0.962124 36.580 0 23.826 1 0.853206
1911 802.813 34.581 275.650 -0.962112 36.586 0 23.797 1 0.849623
1912 802.813 34.581 275.650 -0.962112 36.586 0 23.797 1 0.849623
1913 802.788 34.588 275.637 -0.962101 36.591 0 23.768 1 0.846040
1914 802.788 34.588 275.637 -0.962101 36.591 0 23.768 1 0.846040
1915 802.764 34.594 275.624 -0.962086 36.597 0 23.740 1 0.842457
1916 802.739 34.600 275.610 -0.962074 36.603 0 23.711 1 0.838875
1917 802.739 34.600 275.610 -0.962074 36.603 0 23.711 1 0.838875
1918 802.715 34.606 275.597 -0.962059 36.609 0 23.682 1 0.835292
1919 802.690 34.613 275.584 -0.962048 36.615 0 23.654 1 0.831709
1920 802.690 34.613 275.584 -0.962048 36.615 0 23.654 1 0.831709
1921 802.665 34.619 275.571 -0.962036 36.620 0 23.625 1 0.828126
1922 802.665 34.619 275.571 -0.962036 36.620 0 23.625 1 0.828126
1923 802.641 34.625 275.557 -0.962021 36.626 0 23.596 1 0.824543
1924 802.616 34.632 275.544 -0.962009 36.632 0 23.568 1 0.820961
1925 802.616 34.632 275.544 -0.962009 36.632 0 23.568 1 0.820961
1926 802.592 34.638 275.531 -0.961994 36.638 0 23.539 1 0.817378
1927 802.592 34.638 275.531 -0.961994 36.638 0 23.539 1 0.817378
1928 802.567 34.644 275.517 -0.961964 36.643 0 23.510 1 0.813794
1929 802.567 34.644 275.517 -0.961964 36.643 0 23.510 1 0.813794
1930 802.542 34.650 275.504 -0.961914 36.649 0 23.482 1 0.810210
1931 802.518 34.657 275.491 -0.961861 36.655 0 23.453 1 0.806626
1932 802.493 34.663 275.477 -0.961823 36.661 0 23.424 1 0.803043
1933 802.493 34.663 275.477 -0.961823 36.661 0 23.424 1 0.803043
1934 802.493 34.663 275.477 -0.961823 36.661 0 23.424 1 0.803043
1935 802.469 34.669 275.464 -0.961784 36.667 0 23.396 1 0.799459
1936 802.444 34.675 275.451 -0.961742 36.673 0 23.367 1 0.795876
1937 802.444 34.675 275.451 -0.961742 36.673 0 23.367 1 0.795876
1938 802.419 34.682 275.437 -0.961700 36.678 0 23.338 1 0.792292
1939 802.419 34.682 275.437 -0.961700 36.678 0 23.338 1 0.792292
1940 802.395 34.688 275.424 -0.961662 36.684 0 23.310 1 0.788708
1941 802.395 34.688 275.424 -0.961662 36.684 0 23.310 1 0.788708
1942 802.370 34.694 275.411 -0.961620 36.690 0 23.281 1 0.785124
1943 802.370 34.694 275.411 -0.961620 36.690 0 23.281 1 0.785124
1944 802.346 34.700 275.397 -0.961582 36.696 0 23.252 1 0.781540
1945 802.346 34.700 275.397 -0.961582 36.696 0 23.252 1 0.781540
1946 802.321 34.707 275.384 -0.961544 36.702 0 23.224 1 0.777956
1947 802.321 34.707 275.384 -0.961544 36.702 0 23.224 1 0.777956
1948 802.296 34.713 275.371 -0.961502 36.707 0 23.195 1 0.774372
1949 802.296 34.713 275.371 -0.961502 36.707 0 23.195 1 0.774372
1950 802.272 34.719 275.357 -0.961460 36.713 0 23.166 1 0.770789
1951 802.272 34.719 275.357 -0.961460 36.713 0 23.166 1 0.770789
1952 802.247 34.725 275.344 -0.961422 36.719 0 23.138 1 0.767205
1953 802.247 34.725 275.344 -0.961422 36.719 0 23.138 1 0.767205
1954 802.223 34.732 275.331 -0.961380 36.725 0 23.109 1 0.763621
1955 802.223 34.732 275.331 -0.961380 36.725 0 23.109 1 0.763621
1956 802.198 34.738 275.317 -0.961338 36.731 0 23.080 1 0.760037
1957 802.198 34.738 275.317 -0.961338 36.731 0 23.080 1 0.760037
1958 802.173 34.744 275.304 -0.961300 36.737 0 23.052 1 0.756454
1959 802.173 34.744 275.304 -0.961300 36.737 0 23.052 1 0.756454
1960 802.173 34.744 275.304 -0.961300 36.737 0 23.052 1 0.756454
1961 802.149 34.750 275.291 -0.961258 36.742 0 23.023 1 0.752870
1962 802.124 34.757 275.277 -0.961216 36.748 0 22.994 1 0.749286
1963 802.100 34.763 275.264 -0.961178 36.754 0 22.966 1 0.745702
1964 802.100 34.763 275.264 -0.961178 36.754 0 22.966 1 0.745702
1965 802.075 34.769 275.251 -0.961140 36.760 0 22.937 1 0.742119
1966 802.075 34.769 275.251 -0.961140 36.760 0 22.937 1 0.742119
1967 802.050 34.775 275.237 -0.961098 36.766 0 22.908 1 0.738535
1968 802.050 34.775 275.237 -0.961098 36.766 0 22.908 1 0.738535
1969 802.026 34.782 275.224 -0.961060 36.771 0 22.880 1 0.734951
1970 802.026 34.782 275.224 -0.961060 36.771 0 22.880 1 0.734951
1971 802.001 34.788 275.211 -0.961018 36.777 0 22.851 1 0.731367
1972 802.001 34.788 275.211 -0.961018 36.777 0 22.851 1 0.731367
1973 801.977 34.794 275.197 -0.960979 36.783 0 22.822 1 0.727783
1974 801.977 34.794 275.197 -0.960979 36.783 0 22.822 1 0.727783
1975 801.952 34.800 275.184 -0.960938 36.789 0 22.794 1 0.724199
1976 801.952 34.800 275.184 -0.960938 36.789 0 22.794 1 0.724199
1977 801.927 34.807 275.171 -0.960896 36.795 0 22.765 1 0.720615
1978 801.927 34.807 275.171 -0.960896 36.795 0 22.765 1 0.720615
1979 801.903 34.813 275.157 -0.960857 36.801 0 22.736 1 0.717031
1980 801.878 34.819 275.144 -0.960815 36.806 0 22.708 1 0.713448
1981 801.854 34.826 275.131 -0.960777 36.812 0 22.679 1 0.709865
1982 801.854 34.826 275.131 -0.960777 36.812 0 22.679 1 0.709865
1983 801.829 34.832 275.117 -0.960739 36.818 0 22.650 1 0.706281
1984 801.829 34.832 275.117 -0.960739 36.818 0 22.650 1 0.706281
1985 801.804 34.838 275.104 -0.960697 36.824 0 22.622 1 0.702697
1986 801.804 34.838 275.104 -0.960697 36.824 0 22.622 1 0.702697
1987 801.780 34.844 275.091 -0.960655 36.830 0 22.593 1 0.699113
1988 801.755 34.851 275.077 -0.960617 36.836 0 22.564 1 0.695529
1989 801.755 34.851 275.077 -0.960617 36.836 0 22.564 1 0.695529
1990 801.731 34.857 275.064 -0.960575 36.841 0 22.536 1 0.691945
1991 801.731 34.857 275.064 -0.960575 36.841 0 22.536 1 0.691945
1992 801.706 34.863 275.051 -0.960533 36.847 0 22.507 1 0.688361
1993 801.681 34.869 275.037 -0.960495 36.853 0 22.478 1 0.684778
1994 801.681 34.869 275.037 -0.960495 36.853 0 22.478 1 0.684778
1995 801.657 34.876 275.024 -0.960453 36.859 0 22.450 1 0.681194
1996 801.632 34.882 275.010 -0.960415 36.865 0 22.421 1 0.677610
1997 801.632 34.882 275.010 -0.960415 36.865 0 22.421 1 0.677610
1998 801.608 34.888 274.997 -0.960377 36.871 0 22.392 1 0.674026
1999 801.608 34.888 274.997 -0.960377 36.871 0 22.392 1 0.674026
2000 801.583 34.894 274.984 -0.960335 36.877 0 22.364 1 0.670443
2001 801.558 34.901 274.970 -0.960293 36.882 0 22.335 1 0.666859
2002 801.558 34.901 274.970 -0.960293 36.882 0 22.335 1 0.666859
2003 801.534 34.907 274.957 -0.960239 36.888 0 22.306 1 0.663275
2004 801.534 34.907 274.957 -0.960239 36.888 0 22.306 1 0.663275
2005 801.509 34.913 274.944 -0.960194 36.894 0 22.278 1 0.659692
2006 801.509 34.913 274.944 -0.960194 36.894 0 22.278 1 0.659692
2007 801.485 34.919 274.930 -0.960144 36.900 0 22.249 1 0.656108
2008 801.460 34.926 274.917 -0.960098 36.906 0 22.220 1 0.652524
2009 801.460 34.926 274.917 -0.960098 36.906 0 22.220 1 0.652524
2010 801.435 34.932 274.904 -0.960049 36.912 0 22.192 1 0.648941
2011 801.435 34.932 274.904 -0.960049 36.912 0 22.192 1 0.648941
2012 801.411 34.938 274.890 -0.959999 36.917 0 22.163 1 0.645357
2013 801.411 34.938 274.890 -0.959999 36.917 0 22.163 1 0.645357
2014 801.386 34.944 274.877 -0.959949 36.923 0 22.134 1 0.641774
2015 801.362 34.951 274.864 -0.959904 36.929 0 22.106 1 0.638190
2016 801.337 34.957 274.851 -0.960171 36.935 0 22.077 1 0.634610
2017 801.337 34.957 274.851 -0.960171 36.935 0 22.077 1 0.634610
2018 801.313 34.964 274.837 -0.960674 36.941 0 22.048 1 0.631032
2019 801.313 34.964 274.837 -0.960674 36.941 0 22.048 1 0.631032
2020 801.288 34.969 274.824 -0.959740 36.947 0 22.020 1 0.627447
2021 801.288 34.969 274.824 -0.959740 36.947 0 22.020 1 0.627447
2022 801.263 34.976 274.811 -0.959663 36.953 0 21.991 1 0.623857
2023 801.239 34.982 274.797 -0.959599 36.958 0 21.962 1 0.620268
2024 801.239 34.982 274.797 -0.959599 36.958 0 21.962 1 0.620268
2025 801.214 34.988 274.784 -0.959538 36.964 0 21.933 1 0.616677
2026 801.214 34.988 274.784 -0.959538 36.964 0 21.933 1 0.616677
2027 801.189 34.994 274.771 -0.959469 36.970 0 21.905 1 0.613088
2028 801.189 34.994 274.771 -0.959469 36.970 0 21.905 1 0.613088
2029 801.165 35.001 274.757 -0.959404 36.976 0 21.876 1 0.609498
2030 801.165 35.001 274.757 -0.959404 36.976 0 21.876 1 0.609498
2031 801.140 35.007 274.744 -0.959343 36.982 0 21.847 1 0.605907
2032 801.115 35.013 274.731 -0.959312 36.988 0 21.819 1 0.602325
2033 801.115 35.013 274.731 -0.959312 36.988 0 21.819 1 0.602325
2034 801.091 35.019 274.717 -0.959263 36.994 0 21.790 1 0.598742
2035 801.066 35.026 274.704 -0.959221 36.999 0 21.761 1 0.595159
2036 801.066 35.026 274.704 -0.959221 36.999 0 21.761 1 0.595159
2037 801.066 35.026 274.704 -0.959221 36.999 0 21.761 1 0.595159
2038 801.042 35.032 274.691 -0.959179 37.005 0 21.733 1 0.591577
2039 801.042 35.032 274.691 -0.959179 37.005 0 21.733 1 0.591577
2040 801.017 35.038 274.677 -0.959137 37.011 0 21.704 1 0.587995
2041 800.992 35.044 274.664 -0.959091 37.017 0 21.675 1 0.584413
2042 800.992 35.044 274.664 -0.959091 37.017 0 21.675 1 0.584413
2043 800.968 35.051 274.651 -0.959045 37.023 0 21.647 1 0.580831
2044 800.968 35.051 274.651 -0.959045 37.023 0 21.647 1 0.580831
2045 800.943 35.057 274.637 -0.959003 37.029 0 21.618 1 0.577249
2046 800.919 35.063 274.624 -0.958958 37.035 0 21.589 1 0.573668
2047 800.919 35.063 274.624 -0.958958 37.035 0 21.589 1 0.573668
2048 800.894 35.069 274.611 -0.958912 37.040 0 21.561 1 0.570086
2049 800.894 35.069 274.611 -0.958912 37.040 0 21.561 1 0.570086
2050 800.869 35.076 274.597 -0.958870 37.046 0 21.532 1 0.566504
2051 800.869 35.076 274.597 -0.958870 37.046 0 21.532 1 0.566504
2052 800.845 35.082 274.584 -0.958824 37.052 0 21.503 1 0.562922
2053 800.820 35.088 274.571 -0.958778 37.058 0 21.475 1 0.559340
2054 800.820 35.088 274.571 -0.958778 37.058 0 21.475 1 0.559340
2055 800.796 35.095 274.558 -0.959202 37.064 0 21.446 1 0.555753
2056 800.796 35.095 274.558 -0.959202 37.064 0 21.446 1 0.555753
2057 800.771 35.101 274.544 -0.959625 37.070 0 21.417 1 0.552185
2058 800.771 35.101 274.544 -0.959625 37.070 0 21.417 1 0.552185
2059 800.747 35.108 274.531 -0.960052 37.075 0 21.389 1 0.548615
2060 800.722 35.115 274.518 -0.960491 37.081 0 21.360 1 0.545053
2061 800.698 35.122 274.505 -0.960907 37.087 0 21.332 1 0.541485
2062 800.698 35.122 274.505 -0.960907 37.087 0 21.332 1 0.541485
2063 800.673 35.128 274.492 -0.961346 37.093 0 21.303 1 0.537923
2064 800.673 35.128 274.492 -0.961346 37.093 0 21.303 1 0.537923
2065 800.649 35.135 274.479 -0.961761 37.098 0 21.275 1 0.534354
2066 800.649 35.135 274.479 -0.961761 37.098 0 21.275 1 0.534354
2067 800.624 35.141 274.466 -0.961384 37.104 0 21.246 1 0.530764
2068 800.624 35.141 274.466 -0.961384 37.104 0 21.246 1 0.530764
2069 800.599 35.147 274.453 -0.961174 37.110 0 21.217 1 0.527170
2070 800.574 35.153 274.440 -0.960964 37.115 0 21.189 1 0.523577
2071 800.574 35.153 274.440 -0.960964 37.115 0 21.189 1 0.523577
2072 800.550 35.159 274.427 -0.960758 37.121 0 21.160 1 0.519983
2073 800.550 35.159 274.427 -0.960758 37.121 0 21.160 1 0.519983
2074 800.525 35.165 274.413 -0.960545 37.127 0 21.131 1 0.516388
2075 800.525 35.165 274.413 -0.960545 37.127 0 21.131 1 0.516388
2076 800.500 35.171 274.400 -0.960335 37.133 0 21.102 1 0.512793
2077 800.475 35.177 274.387 -0.960129 37.138 0 21.074 1 0.509196
2078 800.475 35.177 274.387 -0.960129 37.138 0 21.074 1 0.509196
2079 800.450 35.184 274.374 -0.959919 37.144 0 21.045 1 0.505601
2080 800.425 35.190 274.361 -0.959709 37.150 0 21.016 1 0.502006
2081 800.425 35.190 274.361 -0.959709 37.150 0 21.016 1 0.502006
2082 800.401 35.196 274.348 -0.959503 37.156 0 20.987 1 0.498410
2083 800.401 35.196 274.348 -0.959503 37.156 0 20.987 1 0.498410
2084 800.376 35.202 274.334 -0.959297 37.161 0 20.959 1 0.494814
2085 800.376 35.202 274.334 -0.959297 37.161 0 20.959 1 0.494814
2086 800.351 35.208 274.321 -0.959087 37.167 0 20.930 1 0.491219
2087 800.326 35.214 274.308 -0.959061 37.173 0 20.901 1 0.487627
2088 800.326 35.214 274.308 -0.959061 37.173 0 20.901 1 0.487627
2089 800.301 35.221 274.295 -0.959061 37.179 0 20.872 1 0.484044
2090 800.277 35.227 274.282 -0.959061 37.185 0 20.844 1 0.480460
2091 800.277 35.227 274.282 -0.959061 37.185 0 20.844 1 0.480460
2092 800.252 35.233 274.268 -0.959057 37.191 0 20.815 1 0.476877
2093 800.252 35.233 274.268 -0.959057 37.191 0 20.815 1 0.476877
2094 800.228 35.240 274.255 -0.959053 37.196 0 20.786 1 0.473294
2095 800.228 35.240 274.255 -0.959053 37.196 0 20.786 1 0.473294
2096 800.203 35.246 274.242 -0.959057 37.202 0 20.758 1 0.469711
2097 800.203 35.246 274.242 -0.959057 37.202 0 20.758 1 0.469711
2098 800.178 35.252 274.228 -0.959053 37.208 0 20.729 1 0.466128
2099 800.178 35.252 274.228 -0.959053 37.208 0 20.729 1 0.466128
2100 800.154 35.258 274.215 -0.959053 37.214 0 20.700 1 0.462545
2101 800.154 35.258 274.215 -0.959053 37.214 0 20.700 1 0.462545
2102 800.129 35.265 274.202 -0.959053 37.220 0 20.672 1 0.458962
2103 800.129 35.265 274.202 -0.959053 37.220 0 20.672 1 0.458962
2104 800.105 35.271 274.188 -0.959053 37.226 0 20.643 1 0.455379
2105 800.080 35.277 274.175 -0.959049 37.232 0 20.614 1 0.451796
2106 800.080 35.277 274.175 -0.959049 37.232 0 20.614 1 0.451796
2107 800.080 35.277 274.175 -0.959049 37.232 0 20.614 1 0.451796
2108 800.055 35.284 274.162 -0.959049 37.238 0 20.586 1 0.448213
2109 800.031 35.290 274.148 -0.959049 37.244 0 20.557 1 0.444630
2110 800.006 35.296 274.135 -0.959045 37.250 0 20.528 1 0.441047
2111 800.006 35.296 274.135 -0.959045 37.250 0 20.528 1 0.441047
2112 799.982 35.302 274.122 -0.959049 37.256 0 20.500 1 0.437466
2113 799.957 35.309 274.109 -0.959045 37.262 0 20.471 1 0.433883
2114 799.957 35.309 274.109 -0.959045 37.262 0 20.471 1 0.433883
2115 799.932 35.315 274.095 -0.959045 37.267 0 20.442 1 0.430301
2116 799.932 35.315 274.095 -0.959045 37.267 0 20.442 1 0.430301
2117 799.908 35.321 274.082 -0.959045 37.273 0 20.414 1 0.426720
2118 799.908 35.321 274.082 -0.959045 37.273 0 20.414 1 0.426720
2119 799.883 35.328 274.069 -0.959045 37.279 0 20.385 1 0.423139
2120 799.859 35.334 274.056 -0.959042 37.285 0 20.356 1 0.419558
2121 799.859 35.334 274.056 -0.959042 37.285 0 20.356 1 0.419558
2122 799.834 35.340 274.042 -0.959042 37.291 0 20.328 1 0.415977
2123 799.834 35.340 274.042 -0.959042 37.291 0 20.328 1 0.415977
2124 799.810 35.347 274.029 -0.959042 37.297 0 20.299 1 0.412395
2125 799.810 35.347 274.029 -0.959042 37.297 0 20.299 1 0.412395
2126 799.785 35.353 274.016 -0.959042 37.303 0 20.271 1 0.408813
2127 799.785 35.353 274.016 -0.959042 37.303 0 20.271 1 0.408813
2128 799.760 35.359 274.002 -0.959038 37.309 0 20.242 1 0.405232
2129 799.760 35.359 274.002 -0.959038 37.309 0 20.242 1 0.405232
2130 799.736 35.365 273.989 -0.959038 37.315 0 20.213 1 0.401651
2131 799.736 35.365 273.989 -0.959038 37.315 0 20.213 1 0.401651
2132 799.711 35.372 273.976 -0.959038 37.321 0 20.185 1 0.398069
2133 799.711 35.372 273.976 -0.959038 37.321 0 20.185 1 0.398069
2134 799.687 35.378 273.963 -0.959034 37.327 0 20.156 1 0.394488
2135 799.662 35.384 273.949 -0.959034 37.333 0 20.127 1 0.390907
2136 799.637 35.391 273.936 -0.959034 37.339 0 20.099 1 0.387326
2137 799.637 35.391 273.936 -0.959034 37.339 0 20.099 1 0.387326
2138 799.613 35.397 273.923 -0.959034 37.345 0 20.070 1 0.383745
2139 799.613 35.397 273.923 -0.959034 37.345 0 20.070 1 0.383745
2140 799.588 35.403 273.909 -0.959030 37.350 0 20.041 1 0.380163
2141 799.588 35.403 273.909 -0.959030 37.350 0 20.041 1 0.380163
2142 799.564 35.409 273.896 -0.959030 37.356 0 20.013 1 0.376582
2143 799.564 35.409 273.896 -0.959030 37.356 0 20.013 1 0.376582
2144 799.539 35.416 273.883 -0.958977 37.362 0 19.984 1 0.372993
2145 799.539 35.416 273.883 -0.958977 37.362 0 19.984 1 0.372993
2146 799.514 35.422 273.870 -0.958961 37.368 0 19.955 1 0.369413
2147 799.490 35.428 273.856 -0.958916 37.374 0 19.927 1 0.365826
2148 799.490 35.428 273.856 -0.958916 37.374 0 19.927 1 0.365826
2149 799.465 35.434 273.843 -0.958900 37.380 0 19.898 1 0.362246
2150 799.465 35.434 273.843 -0.958900 37.380 0 19.898 1 0.362246
2151 799.440 35.441 273.830 -0.958858 37.386 0 19.869 1 0.358659
2152 799.440 35.441 273.830 -0.958858 37.386 0 19.869 1 0.358659
2153 799.416 35.447 273.817 -0.958824 37.392 0 19.841 1 0.355071
2154 799.391 35.453 273.803 -0.958809 37.398 0 19.812 1 0.351490
2155 799.391 35.453 273.803 -0.958809 37.398 0 19.812 1 0.351490
2156 799.366 35.460 273.790 -0.958763 37.404 0 19.783 1 0.347903
2157 799.366 35.460 273.790 -0.958763 37.404 0 19.783 1 0.347903
2158 799.342 35.466 273.777 -0.958736 37.410 0 19.755 1 0.344316
2159 799.342 35.466 273.777 -0.958736 37.410 0 19.755 1 0.344316
2160 799.317 35.472 273.763 -0.958702 37.416 0 19.726 1 0.340729
2161 799.317 35.472 273.763 -0.958702 37.416 0 19.726 1 0.340729
2162 799.292 35.478 273.750 -0.958672 37.422 0 19.697 1 0.337142
2163 799.268 35.485 273.737 -0.958652 37.428 0 19.668 1 0.333561
2164 799.268 35.485 273.737 -0.958652 37.428 0 19.668 1 0.333561
2165 799.268 35.485 273.737 -0.958652 37.428 0 19.668 1 0.333561
2166 799.243 35.491 273.724 -0.958611 37.434 0 19.640 1 0.329974
2167 799.243 35.491 273.724 -0.958611 37.434 0 19.640 1 0.329974
2168 799.219 35.497 273.710 -0.958580 37.440 0 19.611 1 0.326386
2169 799.219 35.497 273.710 -0.958580 37.440 0 19.611 1 0.326386
2170 799.194 35.503 273.697 -0.958561 37.446 0 19.582 1 0.322805
2171 799.194 35.503 273.697 -0.958561 37.446 0 19.582 1 0.322805
2172 799.169 35.510 273.684 -0.958519 37.452 0 19.554 1 0.319219
2173 799.145 35.516 273.671 -0.958488 37.458 0 19.525 1 0.315632
2174 799.145 35.516 273.671 -0.958488 37.458 0 19.525 1 0.315632
2175 799.120 35.522 273.657 -0.958458 37.464 0 19.496 1 0.312044
2176 799.120 35.522 273.657 -0.958458 37.464 0 19.496 1 0.312044
2177 799.095 35.529 273.644 -0.958424 37.470 0 19.468 1 0.308457
2178 799.071 35.535 273.631 -0.958408 37.476 0 19.439 1 0.304876
2179 799.071 35.535 273.631 -0.958408 37.476 0 19.439 1 0.304876
2180 799.046 35.541 273.617 -0.958363 37.482 0 19.410 1 0.301290
2181 799.021 35.547 273.604 -0.958336 37.488 0 19.382 1 0.297702
2182 798.997 35.554 273.591 -0.958302 37.494 0 19.353 1 0.294115
2183 798.997 35.554 273.591 -0.958302 37.494 0 19.353 1 0.294115
2184 798.972 35.560 273.578 -0.958271 37.500 0 19.324 1 0.290527
2185 798.947 35.566 273.564 -0.958241 37.506 0 19.296 1 0.286941
2186 798.947 35.566 273.564 -0.958241 37.506 0 19.296 1 0.286941
2187 798.923 35.572 273.551 -0.958210 37.512 0 19.267 1 0.283353
2188 798.923 35.572 273.551 -0.958210 37.512 0 19.267 1 0.283353
2189 798.923 35.572 273.551 -0.958210 37.512 0 19.267 1 0.283353
2190 798.874 35.585 273.525 -0.958214 37.524 0 19.209 1 0.276185
2191 798.874 35.585 273.525 -0.958214 37.524 0 19.209 1 0.276185
2192 798.849 35.591 273.511 -0.958237 37.530 0 19.181 1 0.272605
2193 798.849 35.591 273.511 -0.958237 37.530 0 19.181 1 0.272605
2194 798.849 35.591 273.511 -0.958237 37.530 0 19.181 1 0.272605
2195 798.824 35.598 273.498 -0.958260 37.535 0 19.152 1 0.269025
2196 798.824 35.598 273.498 -0.958260 37.535 0 19.152 1 0.269025
2197 798.800 35.604 273.485 -0.958279 37.541 0 19.124 1 0.265445
2198 798.775 35.610 273.472 -0.958305 37.547 0 19.095 1 0.261865
2199 798.775 35.610 273.472 -0.958305 37.547 0 19.095 1 0.261865
2200 798.751 35.617 273.458 -0.958328 37.553 0 19.066 1 0.258285
2201 798.726 35.623 273.445 -0.958351 37.559 0 19.038 1 0.254704
2202 798.726 35.623 273.445 -0.958351 37.559 0 19.038 1 0.254704
2203 798.701 35.629 273.432 -0.958374 37.566 0 19.009 1 0.251124
2204 798.701 35.629 273.432 -0.958374 37.566 0 19.009 1 0.251124
2205 798.677 35.636 273.419 -0.958397 37.572 0 18.980 1 0.247544
2206 798.677 35.636 273.419 -0.958397 37.572 0 18.980 1 0.247544
2207 798.652 35.642 273.405 -0.958420 37.578 0 18.952 1 0.243964
2208 798.652 35.642 273.405 -0.958420 37.578 0 18.952 1 0.243964
2209 798.628 35.648 273.392 -0.958443 37.584 0 18.923 1 0.240384
2210 798.628 35.648 273.392 -0.958443 37.584 0 18.923 1 0.240384
2211 798.603 35.654 273.379 -0.958466 37.590 0 18.894 1 0.236804
2212 798.603 35.654 273.379 -0.958466 37.590 0 18.894 1 0.236804
2213 798.578 35.661 273.366 -0.958488 37.596 0 18.866 1 0.233224
2214 798.578 35.661 273.366 -0.958488 37.596 0 18.866 1 0.233224
2215 798.554 35.667 273.352 -0.958511 37.602 0 18.837 1 0.229644
2216 798.529 35.673 273.339 -0.958485 37.608 0 18.808 1 0.226058
2217 798.529 35.673 273.339 -0.958485 37.608 0 18.808 1 0.226058
2218 798.504 35.680 273.326 -0.958485 37.614 0 18.780 1 0.222472
2219 798.504 35.680 273.326 -0.958485 37.614 0 18.780 1 0.222472
2220 798.480 35.686 273.313 -0.958485 37.620 0 18.751 1 0.218885
2221 798.480 35.686 273.313 -0.958485 37.620 0 18.751 1 0.218885
2222 798.455 35.692 273.299 -0.958481 37.626 0 18.722 1 0.215300
2223 798.430 35.699 273.286 -0.958481 37.632 0 18.694 1 0.211713
2224 798.430 35.699 273.286 -0.958481 37.632 0 18.694 1 0.211713
2225 798.406 35.705 273.273 -0.958481 37.638 0 18.665 1 0.208127
2226 798.406 35.705 273.273 -0.958481 37.638 0 18.665 1 0.208127
2227 798.381 35.711 273.260 -0.958481 37.644 0 18.636 1 0.204540
2228 798.357 35.717 273.246 -0.958477 37.650 0 18.608 1 0.200954
2229 798.357 35.717 273.246 -0.958477 37.650 0 18.608 1 0.200954
2230 798.332 35.724 273.233 -0.958473 37.656 0 18.579 1 0.197368
2231 798.332 35.724 273.233 -0.958473 37.656 0 18.579 1 0.197368
2232 798.307 35.730 273.220 -0.958473 37.662 0 18.550 1 0.193782
2233 798.307 35.730 273.220 -0.958473 37.662 0 18.550 1 0.193782
2234 798.283 35.736 273.207 -0.958473 37.668 0 18.522 1 0.190195
2235 798.283 35.736 273.207 -0.958473 37.668 0 18.522 1 0.190195
2236 798.258 35.743 273.193 -0.958473 37.674 0 18.493 1 0.186609
2237 798.233 35.749 273.180 -0.958473 37.680 0 18.464 1 0.183022
2238 798.233 35.749 273.180 -0.958473 37.680 0 18.464 1 0.183022
2239 798.209 35.755 273.167 -0.958469 37.686 0 18.435 1 0.179437
2240 798.209 35.755 273.167 -0.958469 37.686 0 18.435 1 0.179437
2241 798.209 35.755 273.167 -0.958469 37.686 0 18.435 1 0.179437
2242 798.184 35.762 273.154 -0.958481 37.692 0 18.407 1 0.175857
2243 798.159 35.768 273.140 -0.958469 37.698 0 18.378 1 0.172271
2244 798.159 35.768 273.140 -0.958469 37.698 0 18.378 1 0.172271
2245 798.135 35.774 273.127 -0.958481 37.704 0 18.350 1 0.168691
2246 798.135 35.774 273.127 -0.958481 37.704 0 18.350 1 0.168691
2247 798.110 35.780 273.114 -0.958466 37.710 0 18.321 1 0.165105
2248 798.085 35.787 273.101 -0.958477 37.716 0 18.292 1 0.161525
2249 798.085 35.787 273.101 -0.958477 37.716 0 18.292 1 0.161525
2250 798.085 35.787 273.101 -0.958477 37.716 0 18.292 1 0.161525
2251 798.061 35.793 273.087 -0.958488 37.722 0 18.264 1 0.157944
2252 798.036 35.799 273.074 -0.958496 37.729 0 18.235 1 0.154362
2253 798.036 35.799 273.074 -0.958496 37.729 0 18.235 1 0.154362
2254 798.012 35.806 273.061 -0.958508 37.735 0 18.206 1 0.150781
2255 798.012 35.806 273.061 -0.958508 37.735 0 18.206 1 0.150781
2256 797.987 35.812 273.048 -0.958519 37.741 0 18.178 1 0.147199
2257 797.987 35.812 273.048 -0.958519 37.741 0 18.178 1 0.147199
2258 797.962 35.818 273.034 -0.958527 37.747 0 18.149 1 0.143618
2259 797.962 35.818 273.034 -0.958527 37.747 0 18.149 1 0.143618
2260 797.938 35.825 273.021 -0.958534 37.753 0 18.120 1 0.140036
2261 797.938 35.825 273.021 -0.958534 37.753 0 18.120 1 0.140036
2262 797.913 35.831 273.008 -0.958546 37.759 0 18.092 1 0.136455
2263 797.913 35.831 273.008 -0.958546 37.759 0 18.092 1 0.136455
2264 797.889 35.837 272.995 -0.958549 37.765 0 18.063 1 0.132870
2265 797.864 35.844 272.982 -0.958557 37.771 0 18.034 1 0.129286
2266 797.839 35.850 272.968 -0.958569 37.777 0 18.006 1 0.125702
2267 797.839 35.850 272.968 -0.958569 37.777 0 18.006 1 0.125702
2268 797.839 35.850 272.968 -0.958569 37.777 0 18.006 1 0.125702
2269 797.814 35.856 272.955 -0.958576 37.783 0 17.977 1 0.122117
2270 797.790 35.862 272.942 -0.958584 37.789 0 17.948 1 0.118533
2271 797.790 35.862 272.942 -0.958584 37.789 0 17.948 1 0.118533
2272 797.790 35.862 272.942 -0.958584 37.789 0 17.948 1 0.118533
2273 797.765 35.869 272.929 -0.958591 37.795 0 17.920 1 0.114948
2274 797.740 35.875 272.916 -0.958599 37.801 0 17.891 1 0.111364
2275 797.740 35.875 272.916 -0.958599 37.801 0 17.891 1 0.111364
2276 797.716 35.881 272.903 -0.958611 37.807 0 17.862 1 0.107780
2277 797.716 35.881 272.903 -0.958611 37.807 0 17.862 1 0.107780
2278 797.691 35.888 272.890 -0.958618 37.813 0 17.834 1 0.104196
2279 797.691 35.888 272.890 -0.958618 37.813 0 17.834 1 0.104196
2280 797.666 35.894 272.877 -0.958630 37.819 0 17.805 1 0.100612
2281 797.641 35.900 272.864 -0.958637 37.825 0 17.776 1 0.097027
2282 797.641 35.900 272.864 -0.958637 37.825 0 17.776 1 0.097027
2283 797.617 35.907 272.851 -0.958649 37.831 0 17.748 1 0.093443
2284 797.592 35.913 272.838 -0.958656 37.837 0 17.719 1 0.089858
2285 797.592 35.913 272.838 -0.958656 37.837 0 17.719 1 0.089858
2286 797.567 35.919 272.824 -0.958664 37.843 0 17.690 1 0.086274
2287 797.542 35.925 272.811 -0.958393 37.849 0 17.661 1 0.082683
2288 797.542 35.925 272.811 -0.958393 37.849 0 17.661 1 0.082683
2289 797.518 35.931 272.798 -0.958237 37.855 0 17.633 1 0.079094
2290 797.493 35.938 272.785 -0.958076 37.861 0 17.604 1 0.075506
2291 797.468 35.944 272.772 -0.957916 37.867 0 17.575 1 0.071918
2292 797.443 35.951 272.759 -0.958561 37.873 0 17.547 1 0.068336
2293 797.443 35.951 272.759 -0.958561 37.873 0 17.547 1 0.068336
2294 797.419 35.956 272.746 -0.958057 37.879 0 17.518 1 0.064750
2295 797.419 35.956 272.746 -0.958057 37.879 0 17.518 1 0.064750
2296 797.394 35.963 272.733 -0.957855 37.885 0 17.489 1 0.061168
2297 797.394 35.963 272.733 -0.957855 37.885 0 17.489 1 0.061168
2298 797.369 35.969 272.720 -0.957935 37.891 0 17.461 1 0.057587
2299 797.344 35.975 272.707 -0.958015 37.897 0 17.432 1 0.054007
2300 797.344 35.975 272.707 -0.958015 37.897 0 17.432 1 0.054007
2301 797.320 35.982 272.694 -0.958099 37.903 0 17.403 1 0.050426
2302 797.295 35.988 272.681 -0.958176 37.909 0 17.375 1 0.046844
2303 797.295 35.988 272.681 -0.958176 37.909 0 17.375 1 0.046844
2304 797.270 35.994 272.668 -0.958252 37.915 0 17.346 1 0.043263
2305 797.270 35.994 272.668 -0.958252 37.915 0 17.346 1 0.043263
2306 797.245 36.001 272.655 -0.958332 37.921 0 17.317 1 0.039681
2307 797.221 36.007 272.642 -0.958412 37.927 0 17.289 1 0.036098
2308 797.196 36.014 272.629 -0.958488 37.933 0 17.260 1 0.032516
2309 797.196 36.014 272.629 -0.958488 37.933 0 17.260 1 0.032516
2310 797.171 36.020 272.616 -0.958874 37.939 0 17.231 1 0.028934
2311 797.171 36.020 272.616 -0.958874 37.939 0 17.231 1 0.028934
2312 797.147 36.026 272.603 -0.958679 37.945 0 17.203 1 0.025352
2313 797.122 36.033 272.590 -0.958782 37.951 0 17.174 1 0.021770
2314 797.122 36.033 272.590 -0.958782 37.951 0 17.174 1 0.021770
2315 797.097 36.039 272.577 -0.958881 37.957 0 17.146 1 0.018188
2316 797.097 36.039 272.577 -0.958881 37.957 0 17.146 1 0.018188
2317 797.072 36.045 272.564 -0.958981 37.963 0 17.117 1 0.014607
2318 797.048 36.052 272.551 -0.959076 37.969 0 17.088 1 0.011026
2319 797.023 36.058 272.538 -0.959175 37.975 0 17.060 1 0.007444
2320 797.023 36.058 272.538 -0.959175 37.975 0 17.060 1 0.007444
2321 796.998 36.065 272.525 -0.959270 37.981 0 17.031 1 0.003861
2322 796.998 36.065 272.525 -0.959270 37.981 0 17.031 1 0.003861
2323 796.974 36.072 272.512 -0.959995 37.987 0 17.002 1 0.000288
2324 796.974 36.072 272.512 -0.959995 37.987 0 17.002 1 0.000288
2325 796.949 36.078 272.499 -0.959743 37.993 0 16.974 1 0.000000
2326 796.949 36.078 272.499 -0.959743 37.993 0 16.974 1 0.000000
2327 796.924 36.084 272.486 -0.959587 37.999 0 16.945 1 0.000000
2328 796.924 36.084 272.486 -0.959587 37.999 0 16.945 1 0.000000
2329 796.900 36.090 272.473 -0.959686 38.005 0 16.916 1 0.000000
2330 796.900 36.090 272.473 -0.959686 38.005 0 16.916 1 0.000000
2331 796.875 36.097 272.460 -0.959793 38.011 0 16.888 1 0.000000
2332 796.875 36.097 272.460 -0.959793 38.011 0 16.888 1 0.000000
2333 796.850 36.103 272.447 -0.959896 38.017 0 16.859 1 0.000000
2334 796.850 36.103 272.447 -0.959896 38.017 0 16.859 1 0.000000
2335 796.825 36.109 272.434 -0.960014 38.023 0 16.830 1 0.000000
2336 796.825 36.109 272.434 -0.960014 38.023 0 16.830 1 0.000000
2337 796.801 36.116 272.421 -0.960110 38.029 0 16.802 1 0.000000
2338 796.776 36.122 272.408 -0.960228 38.035 0 16.773 1 0.000000
2339 796.776 36.122 272.408 -0.960228 38.035 0 16.773 1 0.000000
2340 796.751 36.129 272.395 -0.960320 38.041 0 16.745 1 0.000000
2341 796.751 36.129 272.395 -0.960320 38.041 0 16.745 1 0.000000
2342 796.702 36.141 272.369 -0.960533 38.054 0 16.687 1 0.000000
2343 796.702 36.141 272.369 -0.960533 38.054 0 16.687 1 0.000000
2344 796.702 36.141 272.369 -0.960533 38.054 0 16.687 1 0.000000
2345 796.677 36.148 272.356 -0.960648 38.060 0 16.659 1 0.000000
2346 796.677 36.148 272.356 -0.960648 38.060 0 16.659 1 0.000000
2347 796.653 36.154 272.342 -0.960739 38.066 0 16.630 1 0.000000
2348 796.653 36.154 272.342 -0.960739 38.066 0 16.630 1 0.000000
2349 796.628 36.161 272.329 -0.960861 38.072 0 16.601 1 0.000000
2350 796.603 36.167 272.316 -0.960716 38.078 0 16.573 1 0.000000
2351 796.578 36.173 272.303 -0.960659 38.084 0 16.544 1 0.000000
2352 796.578 36.173 272.303 -0.960659 38.084 0 16.544 1 0.000000
2353 796.554 36.179 272.290 -0.960606 38.090 0 16.515 1 0.000000
2354 796.554 36.179 272.290 -0.960606 38.090 0 16.515 1 0.000000
2355 796.554 36.179 272.290 -0.960606 38.090 0 16.515 1 0.000000
2356 796.529 36.185 272.277 -0.960560 38.096 0 16.487 1 0.000000
2357 796.529 36.185 272.277 -0.960560 38.096 0 16.487 1 0.000000
2358 796.504 36.192 272.264 -0.960506 38.102 0 16.458 1 0.000000
2359 796.479 36.198 272.251 -0.960457 38.108 0 16.429 1 0.000000
2360 796.479 36.198 272.251 -0.960457 38.108 0 16.429 1 0.000000
2361 796.430 36.210 272.225 -0.960358 38.121 0 16.372 1 0.000000
2362 796.430 36.210 272.225 -0.960358 38.121 0 16.372 1 0.000000
2363 796.430 36.210 272.225 -0.960358 38.121 0 16.372 1 0.000000
2364 796.405 36.217 272.212 -0.960304 38.127 0 16.343 1 0.000000
2365 796.405 36.217 272.212 -0.960304 38.127 0 16.343 1 0.000000
2366 796.380 36.223 272.199 -0.960255 38.133 0 16.315 1 0.000000
2367 796.380 36.223 272.199 -0.960255 38.133 0 16.315 1 0.000000
2368 796.355 36.229 272.186 -0.960201 38.139 0 16.286 1 0.000000
2369 796.355 36.229 272.186 -0.960201 38.139 0 16.286 1 0.000000
2370 796.331 36.235 272.173 -0.960148 38.145 0 16.257 1 0.000000
2371 796.306 36.242 272.160 -0.960098 38.151 0 16.229 1 0.000000
2372 796.306 36.242 272.160 -0.960098 38.151 0 16.229 1 0.000000
2373 796.306 36.242 272.160 -0.960098 38.151 0 16.229 1 0.000000
2374 796.281 36.248 272.147 -0.960049 38.157 0 16.200 1 0.000000
2375 796.281 36.248 272.147 -0.960049 38.157 0 16.200 1 0.000000
2376 796.256 36.254 272.134 -0.959999 38.164 0 16.171 1 0.000000
2377 796.231 36.260 272.121 -0.959946 38.170 0 16.142 1 0.000000
2378 796.231 36.260 272.121 -0.959946 38.170 0 16.142 1 0.000000
2379 796.231 36.260 272.121 -0.959946 38.170 0 16.142 1 0.000000
2380 796.182 36.273 272.095 -0.959846 38.182 0 16.085 1 0.000000
2381 796.182 36.273 272.095 -0.959846 38.182 0 16.085 1 0.000000
2382 796.182 36.273 272.095 -0.959846 38.182 0 16.085 1 0.000000
2383 796.157 36.279 272.082 -0.959793 38.188 0 16.056 1 0.000000
2384 796.157 36.279 272.082 -0.959793 38.188 0 16.056 1 0.000000
2385 796.132 36.285 272.069 -0.959743 38.194 0 16.028 1 0.000000
2386 796.132 36.285 272.069 -0.959743 38.194 0 16.028 1 0.000000
2387 796.108 36.292 272.056 -0.959690 38.201 0 15.999 1 0.000000
2388 796.083 36.298 272.043 -0.959641 38.207 0 15.970 1 0.000000
2389 796.083 36.298 272.043 -0.959641 38.207 0 15.970 1 0.000000
2390 796.083 36.298 272.043 -0.959641 38.207 0 15.970 1 0.000000
2391 796.058 36.304 272.030 -0.959587 38.213 0 15.942 1 0.000000
2392 796.033 36.311 272.017 -0.959644 38.219 0 15.913 1 0.000000
2393 796.033 36.311 272.017 -0.959644 38.219 0 15.913 1 0.000000
2394 796.033 36.311 272.017 -0.959644 38.219 0 15.913 1 0.000000
2395 796.009 36.317 272.004 -0.959682 38.225 0 15.884 1 0.000000
2396 795.984 36.323 271.990 -0.959717 38.232 0 15.856 1 0.000000
2397 795.984 36.323 271.990 -0.959717 38.232 0 15.856 1 0.000000
2398 795.984 36.323 271.990 -0.959717 38.232 0 15.856 1 0.000000
2399 795.959 36.330 271.977 -0.959755 38.238 0 15.827 1 0.000000
2400 795.959 36.330 271.977 -0.959755 38.238 0 15.827 1 0.000000
2401 795.935 36.336 271.964 -0.959785 38.244 0 15.799 1 0.000000
2402 795.935 36.336 271.964 -0.959785 38.244 0 15.799 1 0.000000
2403 795.910 36.342 271.951 -0.959824 38.251 0 15.770 1 0.000000
2404 795.910 36.342 271.951 -0.959824 38.251 0 15.770 1 0.000000
2405 795.861 36.355 271.925 -0.959896 38.263 0 15.713 1 0.000000
2406 795.861 36.355 271.925 -0.959896 38.263 0 15.713 1 0.000000
2407 795.861 36.355 271.925 -0.959896 38.263 0 15.713 1 0.000000
2408 795.836 36.361 271.912 -0.959930 38.269 0 15.684 1 0.000000
2409 795.811 36.367 271.899 -0.959969 38.276 0 15.655 1 0.000000
2410 795.811 36.367 271.899 -0.959969 38.276 0 15.655 1 0.000000
2411 795.811 36.367 271.899 -0.959969 38.276 0 15.655 1 0.000000
2412 795.787 36.374 271.886 -0.960007 38.282 0 15.627 1 0.000000
2413 795.762 36.380 271.873 -0.960037 38.288 0 15.598 1 0.000000
2414 795.762 36.380 271.873 -0.960037 38.288 0 15.598 1 0.000000
2415 795.737 36.386 271.860 -0.960075 38.295 0 15.570 1 0.000000
2416 795.737 36.386 271.860 -0.960075 38.295 0 15.570 1 0.000000
2417 795.713 36.393 271.846 -0.960114 38.301 0 15.541 1 0.000000
2418 795.713 36.393 271.846 -0.960114 38.301 0 15.541 1 0.000000
2419 795.688 36.399 271.833 -0.960144 38.307 0 15.512 1 0.000000
2420 795.688 36.399 271.833 -0.960144 38.307 0 15.512 1 0.000000
2421 795.663 36.405 271.820 -0.960182 38.314 0 15.484 1 0.000000
2422 795.663 36.405 271.820 -0.960182 38.314 0 15.484 1 0.000000
2423 795.639 36.412 271.807 -0.960220 38.320 0 15.455 1 0.000000
2424 795.639 36.412 271.807 -0.960220 38.320 0 15.455 1 0.000000
2425 795.614 36.418 271.794 -0.960255 38.326 0 15.426 1 0.000000
2426 795.614 36.418 271.794 -0.960255 38.326 0 15.426 1 0.000000
2427 795.589 36.424 271.781 -0.960289 38.333 0 15.398 1 0.000000
2428 795.565 36.431 271.768 -0.960327 38.339 0 15.369 1 0.000000
2429 795.565 36.431 271.768 -0.960327 38.339 0 15.369 1 0.000000
2430 795.540 36.437 271.755 -0.960335 38.345 0 15.340 1 0.000000
2431 795.540 36.437 271.755 -0.960335 38.345 0 15.340 1 0.000000
2432 795.515 36.443 271.742 -0.960358 38.352 0 15.312 1 0.000000
2433 795.515 36.443 271.742 -0.960358 38.352 0 15.312 1 0.000000
2434 795.491 36.450 271.729 -0.960381 38.358 0 15.283 1 0.000000
2435 795.491 36.450 271.729 -0.960381 38.358 0 15.283 1 0.000000
2436 795.466 36.456 271.716 -0.960403 38.364 0 15.254 1 0.000000
2437 795.441 36.462 271.702 -0.960426 38.371 0 15.226 1 0.000000
2438 795.441 36.462 271.702 -0.960426 38.371 0 15.226 1 0.000000
2439 795.417 36.469 271.689 -0.960445 38.377 0 15.197 1 0.000000
2440 795.417 36.469 271.689 -0.960445 38.377 0 15.197 1 0.000000
2441 795.392 36.475 271.676 -0.960468 38.383 0 15.168 1 0.000000
2442 795.392 36.475 271.676 -0.960468 38.383 0 15.168 1 0.000000
2443 795.367 36.481 271.663 -0.960495 38.390 0 15.140 1 0.000000
2444 795.367 36.481 271.663 -0.960495 38.390 0 15.140 1 0.000000
2445 795.342 36.488 271.650 -0.960514 38.396 0 15.111 1 0.000000
2446 795.342 36.488 271.650 -0.960514 38.396 0 15.111 1 0.000000
2447 795.318 36.494 271.637 -0.960533 38.402 0 15.082 1 0.000000
2448 795.318 36.494 271.637 -0.960533 38.402 0 15.082 1 0.000000
2449 795.293 36.500 271.624 -0.960556 38.409 0 15.054 1 0.000000
2450 795.293 36.500 271.624 -0.960556 38.409 0 15.054 1 0.000000
2451 795.268 36.507 271.611 -0.960579 38.415 0 15.025 1 0.000000
2452 795.268 36.507 271.611 -0.960579 38.415 0 15.025 1 0.000000
2453 795.243 36.513 271.598 -0.960602 38.422 0 14.996 1 0.000000
2454 795.243 36.513 271.598 -0.960602 38.422 0 14.996 1 0.000000
2455 795.219 36.519 271.584 -0.960625 38.428 0 14.968 1 0.000000
2456 795.219 36.519 271.584 -0.960625 38.428 0 14.968 1 0.000000
2457 795.194 36.526 271.571 -0.960648 38.435 0 14.939 1 0.000000
2458 795.194 36.526 271.571 -0.960648 38.435 0 14.939 1 0.000000
2459 795.169 36.532 271.558 -0.960667 38.441 0 14.910 1 0.000000
2460 795.169 36.532 271.558 -0.960667 38.441 0 14.910 1 0.000000
2461 795.145 36.538 271.545 -0.960690 38.447 0 14.881 1 0.000000
2462 795.145 36.538 271.545 -0.960690 38.447 0 14.881 1 0.000000
2463 795.120 36.545 271.532 -0.960712 38.454 0 14.853 1 0.000000
2464 795.120 36.545 271.532 -0.960712 38.454 0 14.853 1 0.000000
2465 795.095 36.551 271.519 -0.960705 38.460 0 14.824 1 0.000000
2466 795.095 36.551 271.519 -0.960705 38.460 0 14.824 1 0.000000
2467 795.070 36.557 271.506 -0.960709 38.467 0 14.795 1 0.000000
2468 795.070 36.557 271.506 -0.960709 38.467 0 14.795 1 0.000000
2469 795.046 36.563 271.493 -0.960709 38.473 0 14.767 1 0.000000
2470 795.046 36.563 271.493 -0.960709 38.473 0 14.767 1 0.000000
2471 795.021 36.570 271.479 -0.960709 38.480 0 14.738 1 0.000000
2472 795.021 36.570 271.479 -0.960709 38.480 0 14.738 1 0.000000
2473 794.996 36.576 271.466 -0.960709 38.486 0 14.709 1 0.000000
2474 794.972 36.582 271.453 -0.960709 38.493 0 14.681 1 0.000000
2475 794.972 36.582 271.453 -0.960709 38.493 0 14.681 1 0.000000
2476 794.947 36.589 271.440 -0.960709 38.499 0 14.652 1 0.000000
2477 794.922 36.595 271.427 -0.960709 38.506 0 14.623 1 0.000000
2478 794.922 36.595 271.427 -0.960709 38.506 0 14.623 1 0.000000
2479 794.897 36.601 271.414 -0.960712 38.512 0 14.595 1 0.000000
2480 794.897 36.601 271.414 -0.960712 38.512 0 14.595 1 0.000000
2481 794.873 36.608 271.401 -0.960712 38.519 0 14.566 1 0.000000
2482 794.848 36.614 271.388 -0.960712 38.525 0 14.537 1 0.000000
2483 794.848 36.614 271.388 -0.960712 38.525 0 14.537 1 0.000000
2484 794.823 36.620 271.374 -0.960712 38.532 0 14.509 1 0.000000
2485 794.823 36.620 271.374 -0.960712 38.532 0 14.509 1 0.000000
2486 794.799 36.626 271.361 -0.960712 38.538 0 14.480 1 0.000000
2487 794.799 36.626 271.361 -0.960712 38.538 0 14.480 1 0.000000
2488 794.774 36.633 271.348 -0.960709 38.545 0 14.451 1 0.000000
2489 794.774 36.633 271.348 -0.960709 38.545 0 14.451 1 0.000000
2490 794.749 36.639 271.335 -0.960709 38.551 0 14.422 1 0.000000
2491 794.749 36.639 271.335 -0.960709 38.551 0 14.422 1 0.000000
2492 794.724 36.645 271.322 -0.960709 38.558 0 14.394 1 0.000000
2493 794.700 36.652 271.309 -0.960712 38.564 0 14.365 1 0.000000
2494 794.700 36.652 271.309 -0.960712 38.564 0 14.365 1 0.000000
2495 794.675 36.658 271.296 -0.960712 38.571 0 14.336 1 0.000000
2496 794.675 36.658 271.296 -0.960712 38.571 0 14.336 1 0.000000
2497 794.650 36.664 271.283 -0.960712 38.577 0 14.308 1 0.000000
2498 794.650 36.664 271.283 -0.960712 38.577 0 14.308 1 0.000000
2499 794.625 36.671 271.270 -0.960712 38.584 0 14.279 1 0.000000
2500 794.625 36.671 271.270 -0.960712 38.584 0 14.279 1 0.000000
2501 794.601 36.677 271.256 -0.960712 38.590 0 14.250 1 0.000000
2502 794.601 36.677 271.256 -0.960712 38.590 0 14.250 1 0.000000
2503 794.576 36.683 271.243 -0.960716 38.597 0 14.222 1 0.000000
2504 794.576 36.683 271.243 -0.960716 38.597 0 14.222 1 0.000000
2505 794.551 36.689 271.230 -0.960712 38.604 0 14.193 1 0.000000
2506 794.551 36.689 271.230 -0.960712 38.604 0 14.193 1 0.000000
2507 794.527 36.696 271.217 -0.960724 38.610 0 14.164 1 0.000000
2508 794.527 36.696 271.217 -0.960724 38.610 0 14.164 1 0.000000
2509 794.502 36.702 271.204 -0.960732 38.617 0 14.136 1 0.000000
2510 794.502 36.702 271.204 -0.960732 38.617 0 14.136 1 0.000000
2511 794.477 36.708 271.191 -0.960735 38.623 0 14.107 1 0.000000
2512 794.477 36.708 271.191 -0.960735 38.623 0 14.107 1 0.000000
2513 794.452 36.715 271.178 -0.960743 38.630 0 14.078 1 0.000000
2514 794.452 36.715 271.178 -0.960743 38.630 0 14.078 1 0.000000
2515 794.428 36.721 271.165 -0.960747 38.636 0 14.050 1 0.000000
2516 794.403 36.727 271.151 -0.960754 38.643 0 14.021 1 0.000000
2517 794.403 36.727 271.151 -0.960754 38.643 0 14.021 1 0.000000
2518 794.378 36.734 271.138 -0.960758 38.650 0 13.992 1 0.000000
2519 794.354 36.740 271.125 -0.960762 38.656 0 13.963 1 0.000000
2520 794.354 36.740 271.125 -0.960762 38.656 0 13.963 1 0.000000
2521 794.354 36.740 271.125 -0.960762 38.656 0 13.963 1 0.000000
2522 794.329 36.746 271.112 -0.960770 38.663 0 13.935 1 0.000000
2523 794.304 36.753 271.099 -0.960773 38.669 0 13.906 1 0.000000
2524 794.304 36.753 271.099 -0.960773 38.669 0 13.906 1 0.000000
2525 794.304 36.753 271.099 -0.960773 38.669 0 13.906 1 0.000000
2526 794.279 36.759 271.086 -0.960781 38.676 0 13.877 1 0.000000
2527 794.279 36.759 271.086 -0.960781 38.676 0 13.877 1 0.000000
2528 794.255 36.765 271.073 -0.960785 38.683 0 13.849 1 0.000000
2529 794.230 36.771 271.060 -0.960804 38.689 0 13.820 1 0.000000
2530 794.230 36.771 271.060 -0.960804 38.689 0 13.820 1 0.000000
2531 794.230 36.771 271.060 -0.960804 38.689 0 13.820 1 0.000000
2532 794.205 36.778 271.046 -0.960800 38.696 0 13.791 1 0.000000
2533 794.205 36.778 271.046 -0.960800 38.696 0 13.791 1 0.000000
2534 794.181 36.784 271.033 -0.960815 38.703 0 13.763 1 0.000000
2535 794.181 36.784 271.033 -0.960815 38.703 0 13.763 1 0.000000
2536 794.156 36.790 271.020 -0.960812 38.709 0 13.734 1 0.000000
2537 794.131 36.797 271.007 -0.960815 38.716 0 13.705 1 0.000000
2538 794.107 36.803 270.994 -0.960831 38.723 0 13.677 1 0.000000
2539 794.107 36.803 270.994 -0.960831 38.723 0 13.677 1 0.000000
2540 794.107 36.803 270.994 -0.960831 38.723 0 13.677 1 0.000000
2541 794.082 36.809 270.981 -0.960842 38.729 0 13.648 1 0.000000
2542 794.082 36.809 270.981 -0.960842 38.729 0 13.648 1 0.000000
2543 794.057 36.816 270.968 -0.960854 38.736 0 13.619 1 0.000000
2544 794.057 36.816 270.968 -0.960854 38.736 0 13.619 1 0.000000
2545 794.033 36.822 270.955 -0.960865 38.743 0 13.591 1 0.000000
2546 794.008 36.828 270.941 -0.960873 38.749 0 13.562 1 0.000000
2547 794.008 36.828 270.941 -0.960873 38.749 0 13.562 1 0.000000
2548 794.008 36.828 270.941 -0.960873 38.749 0 13.562 1 0.000000
2549 793.983 36.834 270.928 -0.960880 38.756 0 13.534 1 0.000000
2550 793.983 36.834 270.928 -0.960880 38.756 0 13.534 1 0.000000
2551 793.959 36.841 270.915 -0.960892 38.763 0 13.505 1 0.000000
2552 793.959 36.841 270.915 -0.960892 38.763 0 13.505 1 0.000000
2553 793.934 36.847 270.902 -0.960899 38.770 0 13.476 1 0.000000
2554 793.934 36.847 270.902 -0.960899 38.770 0 13.476 1 0.000000
2555 793.909 36.853 270.889 -0.960911 38.776 0 13.448 1 0.000000
2556 793.909 36.853 270.889 -0.960911 38.776 0 13.448 1 0.000000
2557 793.885 36.860 270.876 -0.960918 38.783 0 13.419 1 0.000000
2558 793.885 36.860 270.876 -0.960918 38.783 0 13.419 1 0.000000
2559 793.860 36.866 270.863 -0.960926 38.790 0 13.390 1 0.000000
2560 793.860 36.866 270.863 -0.960926 38.790 0 13.390 1 0.000000
2561 793.835 36.872 270.850 -0.960934 38.797 0 13.362 1 0.000000
2562 793.835 36.872 270.850 -0.960934 38.797 0 13.362 1 0.000000
2563 793.811 36.879 270.836 -0.960945 38.803 0 13.333 1 0.000000
2564 793.811 36.879 270.836 -0.960945 38.803 0 13.333 1 0.000000
2565 793.786 36.885 270.823 -0.960957 38.810 0 13.305 1 0.000000
2566 793.761 36.891 270.810 -0.960964 38.817 0 13.276 1 0.000000
2567 793.761 36.891 270.810 -0.960964 38.817 0 13.276 1 0.000000
2568 793.737 36.897 270.797 -0.960972 38.824 0 13.247 1 0.000000
2569 793.712 36.904 270.784 -0.960979 38.830 0 13.219 1 0.000000
2570 793.712 36.904 270.784 -0.960979 38.830 0 13.219 1 0.000000
2571 793.687 36.910 270.771 -0.960991 38.837 0 13.190 1 0.000000
2572 793.687 36.910 270.771 -0.960991 38.837 0 13.190 1 0.000000
2573 793.663 36.916 270.758 -0.961002 38.844 0 13.161 1 0.000000
2574 793.663 36.916 270.758 -0.961002 38.844 0 13.161 1 0.000000
2575 793.663 36.916 270.758 -0.961002 38.844 0 13.161 1 0.000000
2576 793.638 36.923 270.745 -0.961266 38.851 0 13.133 1 0.000000
2577 793.614 36.929 270.732 -0.961441 38.858 0 13.104 1 0.000000
2578 793.589 36.936 270.718 -0.961613 38.864 0 13.076 1 0.000000
2579 793.589 36.936 270.718 -0.961613 38.864 0 13.076 1 0.000000
2580 793.564 36.942 270.705 -0.961784 38.871 0 13.047 1 0.000000
2581 793.540 36.949 270.692 -0.961956 38.878 0 13.018 1 0.000000
2582 793.540 36.949 270.692 -0.961956 38.878 0 13.018 1 0.000000
2583 793.515 36.955 270.679 -0.961800 38.885 0 12.990 1 0.000000
2584 793.490 36.961 270.666 -0.961750 38.892 0 12.961 1 0.000000
2585 793.490 36.961 270.666 -0.961750 38.892 0 12.961 1 0.000000
2586 793.466 36.967 270.653 -0.961700 38.899 0 12.932 1 0.000000
2587 793.466 36.967 270.653 -0.961700 38.899 0 12.932 1 0.000000
2588 793.441 36.974 270.640 -0.961658 38.905 0 12.904 1 0.000000
2589 793.441 36.974 270.640 -0.961658 38.905 0 12.904 1 0.000000
2590 793.416 36.980 270.626 -0.961613 38.912 0 12.875 1 0.000000
2591 793.416 36.980 270.626 -0.961613 38.912 0 12.875 1 0.000000
2592 793.391 36.986 270.613 -0.961567 38.919 0 12.846 1 0.000000
2593 793.391 36.986 270.613 -0.961567 38.919 0 12.846 1 0.000000
2594 793.367 36.992 270.600 -0.961521 38.926 0 12.817 1 0.000000
2595 793.342 36.999 270.587 -0.961475 38.933 0 12.789 1 0.000000
2596 793.342 36.999 270.587 -0.961475 38.933 0 12.789 1 0.000000
2597 793.342 36.999 270.587 -0.961475 38.933 0 12.789 1 0.000000
2598 793.317 37.005 270.574 -0.961426 38.940 0 12.760 1 0.000000
2599 793.293 37.011 270.560 -0.961380 38.947 0 12.731 1 0.000000
2600 793.293 37.011 270.560 -0.961380 38.947 0 12.731 1 0.000000
2601 793.268 37.017 270.547 -0.961334 38.954 0 12.703 1 0.000000
2602 793.268 37.017 270.547 -0.961334 38.954 0 12.703 1 0.000000
2603 793.268 37.017 270.547 -0.961334 38.954 0 12.703 1 0.000000
2604 793.243 37.024 270.534 -0.961288 38.961 0 12.674 1 0.000000
2605 793.243 37.024 270.534 -0.961288 38.961 0 12.674 1 0.000000
2606 793.219 37.030 270.521 -0.961697 38.968 0 12.645 1 0.000000
2607 793.219 37.030 270.521 -0.961697 38.968 0 12.645 1 0.000000
2608 793.194 37.036 270.508 -0.961323 38.975 0 12.617 1 0.000000
2609 793.194 37.036 270.508 -0.961323 38.975 0 12.617 1 0.000000
2610 793.169 37.043 270.495 -0.961342 38.981 0 12.588 1 0.000000
2611 793.169 37.043 270.495 -0.961342 38.981 0 12.588 1 0.000000
2612 793.144 37.049 270.482 -0.961338 38.988 0 12.559 1 0.000000
2613 793.144 37.049 270.482 -0.961338 38.988 0 12.559 1 0.000000
2614 793.120 37.055 270.469 -0.961357 38.995 0 12.531 1 0.000000
2615 793.120 37.055 270.469 -0.961357 38.995 0 12.531 1 0.000000
2616 793.095 37.062 270.455 -0.961353 39.002 0 12.502 1 0.000000
2617 793.070 37.068 270.442 -0.961369 39.009 0 12.473 1 0.000000
2618 793.070 37.068 270.442 -0.961369 39.009 0 12.473 1 0.000000
2619 793.070 37.068 270.442 -0.961369 39.009 0 12.473 1 0.000000
2620 793.046 37.074 270.429 -0.961365 39.016 0 12.445 1 0.000000
2621 793.021 37.080 270.416 -0.961384 39.023 0 12.416 1 0.000000
2622 792.996 37.087 270.403 -0.961384 39.030 0 12.387 1 0.000000
2623 792.996 37.087 270.403 -0.961384 39.030 0 12.387 1 0.000000
2624 792.972 37.093 270.390 -0.961399 39.037 0 12.359 1 0.000000
2625 792.972 37.093 270.390 -0.961399 39.037 0 12.359 1 0.000000
2626 792.947 37.099 270.377 -0.961395 39.044 0 12.330 1 0.000000
2627 792.947 37.099 270.377 -0.961395 39.044 0 12.330 1 0.000000
2628 792.922 37.106 270.364 -0.961414 39.051 0 12.301 1 0.000000
2629 792.922 37.106 270.364 -0.961414 39.051 0 12.301 1 0.000000
2630 792.897 37.112 270.350 -0.961411 39.058 0 12.273 1 0.000000
2631 792.873 37.118 270.337 -0.961430 39.065 0 12.244 1 0.000000
2632 792.873 37.118 270.337 -0.961430 39.065 0 12.244 1 0.000000
2633 792.848 37.125 270.324 -0.961422 39.072 0 12.215 1 0.000000
2634 792.848 37.125 270.324 -0.961422 39.072 0 12.215 1 0.000000
2635 792.848 37.125 270.324 -0.961422 39.072 0 12.215 1 0.000000
2636 792.823 37.131 270.311 -0.961441 39.079 0 12.187 1 0.000000
2637 792.799 37.137 270.298 -0.961452 39.086 0 12.158 1 0.000000
2638 792.799 37.137 270.298 -0.961452 39.086 0 12.158 1 0.000000
2639 792.799 37.137 270.298 -0.961452 39.086 0 12.158 1 0.000000
2640 792.774 37.143 270.285 -0.961460 39.093 0 12.129 1 0.000000
2641 792.749 37.150 270.272 -0.961464 39.100 0 12.101 1 0.000000
2642 792.749 37.150 270.272 -0.961464 39.100 0 12.101 1 0.000000
2643 792.725 37.156 270.259 -0.961475 39.107 0 12.072 1 0.000000
2644 792.725 37.156 270.259 -0.961475 39.107 0 12.072 1 0.000000
2645 792.700 37.162 270.245 -0.961483 39.114 0 12.044 1 0.000000
2646 792.700 37.162 270.245 -0.961483 39.114 0 12.044 1 0.000000
2647 792.675 37.169 270.232 -0.961483 39.121 0 12.015 1 0.000000
2648 792.651 37.175 270.219 -0.961494 39.128 0 11.986 1 0.000000
2649 792.651 37.175 270.219 -0.961494 39.128 0 11.986 1 0.000000
2650 792.651 37.175 270.219 -0.961494 39.128 0 11.986 1 0.000000
2651 792.626 37.181 270.206 -0.961502 39.135 0 11.958 1 0.000000
2652 792.626 37.181 270.206 -0.961502 39.135 0 11.958 1 0.000000
2653 792.602 37.188 270.193 -0.961510 39.142 0 11.929 1 0.000000
2654 792.602 37.188 270.193 -0.961510 39.142 0 11.929 1 0.000000
2655 792.577 37.194 270.180 -0.961510 39.150 0 11.900 1 0.000000
2656 792.577 37.194 270.180 -0.961510 39.150 0 11.900 1 0.000000
2657 792.552 37.200 270.167 -0.961514 39.157 0 11.872 1 0.000000
2658 792.528 37.206 270.153 -0.961510 39.164 0 11.843 1 0.000000
2659 792.528 37.206 270.153 -0.961510 39.164 0 11.843 1 0.000000
2660 792.503 37.213 270.140 -0.961514 39.171 0 11.814 1 0.000000
2661 792.503 37.213 270.140 -0.961514 39.171 0 11.814 1 0.000000
2662 792.478 37.219 270.127 -0.961510 39.178 0 11.786 1 0.000000
2663 792.454 37.225 270.114 -0.961510 39.186 0 11.757 1 0.000000
2664 792.454 37.225 270.114 -0.961510 39.186 0 11.757 1 0.000000
2665 792.429 37.232 270.100 -0.961514 39.193 0 11.728 1 0.000000
2666 792.429 37.232 270.100 -0.961514 39.193 0 11.728 1 0.000000
2667 792.404 37.238 270.087 -0.961514 39.200 0 11.700 1 0.000000
2668 792.404 37.238 270.087 -0.961514 39.200 0 11.700 1 0.000000
2669 792.380 37.244 270.074 -0.961514 39.207 0 11.671 1 0.000000
2670 792.355 37.251 270.061 -0.961514 39.214 0 11.642 1 0.000000
2671 792.355 37.251 270.061 -0.961514 39.214 0 11.642 1 0.000000
2672 792.355 37.251 270.061 -0.961514 39.214 0 11.642 1 0.000000
2673 792.330 37.257 270.048 -0.961514 39.222 0 11.614 1 0.000000
2674 792.330 37.257 270.048 -0.961514 39.222 0 11.614 1 0.000000
2675 792.281 37.269 270.021 -0.961517 39.236 0 11.556 1 0.000000
2676 792.281 37.269 270.021 -0.961517 39.236 0 11.556 1 0.000000
2677 792.256 37.276 270.008 -0.961517 39.243 0 11.528 1 0.000000
2678 792.256 37.276 270.008 -0.961517 39.243 0 11.528 1 0.000000
2679 792.232 37.282 269.995 -0.961514 39.251 0 11.499 1 0.000000
2680 792.232 37.282 269.995 -0.961514 39.251 0 11.499 1 0.000000
2681 792.207 37.288 269.982 -0.961517 39.258 0 11.470 1 0.000000
2682 792.182 37.295 269.968 -0.961517 39.265 0 11.442 1 0.000000
2683 792.182 37.295 269.968 -0.961517 39.265 0 11.442 1 0.000000
2684 792.158 37.301 269.955 -0.961521 39.273 0 11.413 1 0.000000
2685 792.133 37.307 269.942 -0.961517 39.280 0 11.384 1 0.000000
2686 792.133 37.307 269.942 -0.961517 39.280 0 11.384 1 0.000000
2687 792.133 37.307 269.942 -0.961517 39.280 0 11.384 1 0.000000
2688 792.108 37.314 269.929 -0.961517 39.287 0 11.355 1 0.000000
2689 792.084 37.320 269.915 -0.961521 39.295 0 11.327 1 0.000000
2690 792.084 37.320 269.915 -0.961521 39.295 0 11.327 1 0.000000
2691 792.084 37.320 269.915 -0.961521 39.295 0 11.327 1 0.000000
2692 792.059 37.326 269.902 -0.961521 39.302 0 11.298 1 0.000000
2693 792.059 37.326 269.902 -0.961521 39.302 0 11.298 1 0.000000
2694 792.034 37.332 269.889 -0.961517 39.309 0 11.269 1 0.000000
2695 792.010 37.339 269.876 -0.961521 39.317 0 11.241 1 0.000000
2696 792.010 37.339 269.876 -0.961521 39.317 0 11.241 1 0.000000
2697 791.985 37.345 269.863 -0.961521 39.324 0 11.212 1 0.000000
2698 791.960 37.351 269.849 -0.961521 39.331 0 11.183 1 0.000000
2699 791.960 37.351 269.849 -0.961521 39.331 0 11.183 1 0.000000
2700 791.960 37.351 269.849 -0.961521 39.331 0 11.183 1 0.000000
2701 791.936 37.358 269.836 -0.961525 39.339 0 11.155 1 0.000000
2702 791.911 37.364 269.823 -0.961521 39.346 0 11.126 1 0.000000
2703 791.911 37.364 269.823 -0.961521 39.346 0 11.126 1 0.000000
2704 791.886 37.370 269.810 -0.961521 39.353 0 11.097 1 0.000000
2705 791.886 37.370 269.810 -0.961521 39.353 0 11.097 1 0.000000
2706 791.862 37.377 269.797 -0.961525 39.361 0 11.069 1 0.000000
2707 791.837 37.383 269.783 -0.961525 39.368 0 11.040 1 0.000000
2708 791.837 37.383 269.783 -0.961525 39.368 0 11.040 1 0.000000
2709 791.837 37.383 269.783 -0.961525 39.368 0 11.040 1 0.000000
2710 791.812 37.389 269.770 -0.961521 39.376 0 11.011 1 0.000000
2711 791.788 37.395 269.757 -0.961525 39.383 0 10.983 1 0.000000
2712 791.788 37.395 269.757 -0.961525 39.383 0 10.983 1 0.000000
2713 791.788 37.395 269.757 -0.961525 39.383 0 10.983 1 0.000000
2714 791.763 37.402 269.744 -0.961605 39.391 0 10.954 1 0.000000
2715 791.739 37.408 269.730 -0.961666 39.398 0 10.925 1 0.000000
2716 791.739 37.408 269.730 -0.961666 39.398 0 10.925 1 0.000000
2717 791.714 37.414 269.717 -0.961720 39.405 0 10.897 1 0.000000
2718 791.689 37.421 269.704 -0.961777 39.413 0 10.868 1 0.000000
2719 791.689 37.421 269.704 -0.961777 39.413 0 10.868 1 0.000000
2720 791.665 37.427 269.691 -0.961838 39.420 0 10.839 1 0.000000
2721 791.640 37.434 269.677 -0.961895 39.428 0 10.811 1 0.000000
2722 791.640 37.434 269.677 -0.961895 39.428 0 10.811 1 0.000000
2723 791.640 37.434 269.677 -0.961895 39.428 0 10.811 1 0.000000
2724 791.616 37.440 269.664 -0.961948 39.435 0 10.782 1 0.000000
2725 791.616 37.440 269.664 -0.961948 39.435 0 10.782 1 0.000000
2726 791.591 37.446 269.651 -0.962009 39.443 0 10.753 1 0.000000
2727 791.591 37.446 269.651 -0.962009 39.443 0 10.753 1 0.000000
2728 791.542 37.459 269.624 -0.961971 39.458 0 10.696 1 0.000000
2729 791.542 37.459 269.624 -0.961971 39.458 0 10.696 1 0.000000
2730 791.517 37.465 269.611 -0.961903 39.466 0 10.667 1 0.000000
2731 791.517 37.465 269.611 -0.961903 39.466 0 10.667 1 0.000000
2732 791.492 37.471 269.598 -0.961838 39.473 0 10.639 1 0.000000
2733 791.492 37.471 269.598 -0.961838 39.473 0 10.639 1 0.000000
2734 791.468 37.478 269.585 -0.961769 39.481 0 10.610 1 0.000000
2735 791.443 37.484 269.571 -0.961704 39.488 0 10.581 1 0.000000
2736 791.443 37.484 269.571 -0.961704 39.488 0 10.581 1 0.000000
2737 791.418 37.490 269.558 -0.961639 39.496 0 10.553 1 0.000000
2738 791.418 37.490 269.558 -0.961639 39.496 0 10.553 1 0.000000
2739 791.394 37.496 269.545 -0.961571 39.504 0 10.524 1 0.000000
2740 791.369 37.502 269.531 -0.961506 39.511 0 10.495 1 0.000000
2741 791.369 37.502 269.531 -0.961506 39.511 0 10.495 1 0.000000
2742 791.369 37.502 269.531 -0.961506 39.511 0 10.495 1 0.000000
2743 791.344 37.509 269.518 -0.961567 39.519 0 10.467 1 0.000000
2744 791.320 37.515 269.505 -0.961594 39.526 0 10.438 1 0.000000
2745 791.320 37.515 269.505 -0.961594 39.526 0 10.438 1 0.000000
2746 791.295 37.521 269.492 -0.961617 39.534 0 10.409 1 0.000000
2747 791.271 37.528 269.479 -0.961639 39.541 0 10.381 1 0.000000
2748 791.271 37.528 269.479 -0.961639 39.541 0 10.381 1 0.000000
2749 791.271 37.528 269.479 -0.961639 39.541 0 10.381 1 0.000000
2750 791.246 37.534 269.466 -0.961662 39.549 0 10.352 1 0.000000
2751 791.246 37.534 269.466 -0.961662 39.549 0 10.352 1 0.000000
2752 791.221 37.540 269.452 -0.961685 39.557 0 10.323 1 0.000000
2753 791.221 37.540 269.452 -0.961685 39.557 0 10.323 1 0.000000
2754 791.197 37.547 269.439 -0.961708 39.564 0 10.295 1 0.000000
2755 791.172 37.553 269.426 -0.961731 39.572 0 10.266 1 0.000000
2756 791.172 37.553 269.426 -0.961731 39.572 0 10.266 1 0.000000
2757 791.172 37.553 269.426 -0.961731 39.572 0 10.266 1 0.000000
2758 791.147 37.559 269.413 -0.961754 39.579 0 10.237 1 0.000000
2759 791.123 37.566 269.400 -0.961777 39.587 0 10.209 1 0.000000
2760 791.123 37.566 269.400 -0.961777 39.587 0 10.209 1 0.000000
2761 791.098 37.572 269.386 -0.961800 39.595 0 10.180 1 0.000000
2762 791.073 37.578 269.373 -0.961826 39.602 0 10.151 1 0.000000
2763 791.073 37.578 269.373 -0.961826 39.602 0 10.151 1 0.000000
2764 791.049 37.585 269.360 -0.961849 39.610 0 10.123 1 0.000000
2765 791.049 37.585 269.360 -0.961849 39.610 0 10.123 1 0.000000
2766 791.024 37.591 269.347 -0.961868 39.618 0 10.094 1 0.000000
2767 791.024 37.591 269.347 -0.961868 39.618 0 10.094 1 0.000000
2768 791.024 37.591 269.347 -0.961868 39.618 0 10.094 1 0.000000
2769 790.999 37.597 269.334 -0.961891 39.625 0 10.065 1 0.000000
2770 790.999 37.597 269.334 -0.961891 39.625 0 10.065 1 0.000000
2771 790.975 37.604 269.321 -0.961918 39.633 0 10.037 1 0.000000
2772 790.950 37.610 269.307 -0.961937 39.641 0 10.008 1 0.000000
2773 790.950 37.610 269.307 -0.961937 39.641 0 10.008 1 0.000000
2774 790.925 37.616 269.294 -0.961960 39.648 0 9.979 1 0.000000
2775 790.925 37.616 269.294 -0.961960 39.648 0 9.979 1 0.000000
2776 790.925 37.616 269.294 -0.961960 39.648 0 9.979 1 0.000000
2777 790.901 37.623 269.281 -0.961987 39.656 0 9.951 1 0.000000
2778 790.901 37.623 269.281 -0.961987 39.656 0 9.951 1 0.000000
2779 790.876 37.629 269.268 -0.962009 39.664 0 9.922 1 0.000000
2780 790.851 37.635 269.255 -0.962029 39.671 0 9.893 1 0.000000
2781 790.827 37.642 269.241 -0.962055 39.679 0 9.865 1 0.000000
2782 790.827 37.642 269.241 -0.962055 39.679 0 9.865 1 0.000000
2783 790.827 37.642 269.241 -0.962055 39.679 0 9.865 1 0.000000
2784 790.802 37.648 269.228 -0.962078 39.687 0 9.836 1 0.000000
2785 790.777 37.654 269.215 -0.962097 39.695 0 9.807 1 0.000000
2786 790.777 37.654 269.215 -0.962097 39.695 0 9.807 1 0.000000
2787 790.777 37.654 269.215 -0.962097 39.695 0 9.807 1 0.000000
2788 790.753 37.660 269.202 -0.962124 39.702 0 9.779 1 0.000000
2789 790.753 37.660 269.202 -0.962124 39.702 0 9.779 1 0.000000
2790 790.728 37.667 269.189 -0.962147 39.710 0 9.750 1 0.000000
2791 790.728 37.667 269.189 -0.962147 39.710 0 9.750 1 0.000000
2792 790.703 37.673 269.176 -0.962170 39.718 0 9.721 1 0.000000
2793 790.703 37.673 269.176 -0.962170 39.718 0 9.721 1 0.000000
2794 790.679 37.679 269.162 -0.962193 39.726 0 9.693 1 0.000000
2795 790.679 37.679 269.162 -0.962193 39.726 0 9.693 1 0.000000
2796 790.654 37.686 269.149 -0.962215 39.733 0 9.664 1 0.000000
2797 790.654 37.686 269.149 -0.962215 39.733 0 9.664 1 0.000000
2798 790.629 37.692 269.136 -0.962238 39.741 0 9.635 1 0.000000
2799 790.629 37.692 269.136 -0.962238 39.741 0 9.635 1 0.000000
2800 790.605 37.698 269.123 -0.962261 39.749 0 9.607 1 0.000000
2801 790.580 37.705 269.110 -0.962284 39.757 0 9.578 1 0.000000
2802 790.580 37.705 269.110 -0.962284 39.757 0 9.578 1 0.000000
2803 790.555 37.711 269.096 -0.962307 39.765 0 9.549 1 0.000000
2804 790.555 37.711 269.096 -0.962307 39.765 0 9.549 1 0.000000
2805 790.531 37.717 269.083 -0.962315 39.773 0 9.521 1 0.000000
2806 790.531 37.717 269.083 -0.962315 39.773 0 9.521 1 0.000000
2807 790.506 37.724 269.070 -0.962334 39.780 0 9.492 1 0.000000
2808 790.506 37.724 269.070 -0.962334 39.780 0 9.492 1 0.000000
2809 790.481 37.730 269.057 -0.962353 39.788 0 9.463 1 0.000000
2810 790.457 37.736 269.044 -0.962360 39.796 0 9.435 1 0.000000
2811 790.457 37.736 269.044 -0.962360 39.796 0 9.435 1 0.000000
2812 790.457 37.736 269.044 -0.962360 39.796 0 9.435 1 0.000000
2813 790.432 37.743 269.030 -0.962383 39.804 0 9.406 1 0.000000
2814 790.432 37.743 269.030 -0.962383 39.804 0 9.406 1 0.000000
2815 790.407 37.749 269.017 -0.962395 39.812 0 9.377 1 0.000000
2816 790.383 37.755 269.004 -0.962410 39.820 0 9.349 1 0.000000
2817 790.358 37.762 268.991 -0.962429 39.828 0 9.320 1 0.000000
2818 790.358 37.762 268.991 -0.962429 39.828 0 9.320 1 0.000000
2819 790.358 37.762 268.991 -0.962429 39.828 0 9.320 1 0.000000
2820 790.333 37.768 268.978 -0.962444 39.836 0 9.291 1 0.000000
2821 790.333 37.768 268.978 -0.962444 39.836 0 9.291 1 0.000000
2822 790.309 37.774 268.964 -0.962460 39.844 0 9.263 1 0.000000
2823 790.309 37.774 268.964 -0.962460 39.844 0 9.263 1 0.000000
2824 790.284 37.781 268.951 -0.962475 39.852 0 9.234 1 0.000000
2825 790.235 37.793 268.925 -0.962505 39.868 0 9.177 1 0.000000
2826 790.235 37.793 268.925 -0.962505 39.868 0 9.177 1 0.000000
2827 790.210 37.799 268.912 -0.962521 39.876 0 9.148 1 0.000000
2828 790.210 37.799 268.912 -0.962521 39.876 0 9.148 1 0.000000
2829 790.186 37.806 268.898 -0.962536 39.884 0 9.119 1 0.000000
2830 790.186 37.806 268.898 -0.962536 39.884 0 9.119 1 0.000000
2831 790.161 37.812 268.885 -0.962555 39.892 0 9.091 1 0.000000
2832 790.161 37.812 268.885 -0.962555 39.892 0 9.091 1 0.000000
2833 790.136 37.818 268.872 -0.962570 39.900 0 9.062 1 0.000000
2834 790.136 37.818 268.872 -0.962570 39.900 0 9.062 1 0.000000
2835 790.112 37.825 268.859 -0.962585 39.908 0 9.033 1 0.000000
2836 790.112 37.825 268.859 -0.962585 39.908 0 9.033 1 0.000000
2837 790.087 37.831 268.845 -0.962601 39.916 0 9.004 1 0.000000
2838 790.062 37.837 268.832 -0.962616 39.924 0 8.976 1 0.000000
2839 790.062 37.837 268.832 -0.962616 39.924 0 8.976 1 0.000000
2840 790.062 37.837 268.832 -0.962616 39.924 0 8.976 1 0.000000
2841 790.013 37.850 268.806 -0.962646 39.940 0 8.918 1 0.000000
2842 790.013 37.850 268.806 -0.962646 39.940 0 8.918 1 0.000000
2843 790.013 37.850 268.806 -0.962646 39.940 0 8.918 1 0.000000
2844 789.988 37.856 268.793 -0.962666 39.948 0 8.890 1 0.000000
2845 789.964 37.863 268.779 -0.962681 39.956 0 8.861 1 0.000000
2846 789.939 37.869 268.766 -0.962696 39.964 0 8.832 1 0.000000
2847 789.914 37.875 268.753 -0.962711 39.972 0 8.804 1 0.000000
2848 789.914 37.875 268.753 -0.962711 39.972 0 8.804 1 0.000000
2849 789.914 37.875 268.753 -0.962711 39.972 0 8.804 1 0.000000
2850 789.890 37.882 268.740 -0.962723 39.981 0 8.775 1 0.000000
2851 789.865 37.888 268.727 -0.962734 39.989 0 8.746 1 0.000000
2852 789.840 37.894 268.713 -0.962749 39.997 0 8.718 1 0.000000
2853 789.840 37.894 268.713 -0.962749 39.997 0 8.718 1 0.000000
2854 789.840 37.894 268.713 -0.962749 39.997 0 8.718 1 0.000000
2855 789.816 37.900 268.700 -0.962765 40.005 0 8.689 1 0.000000
2856 789.816 37.900 268.700 -0.962765 40.005 0 8.689 1 0.000000
2857 789.791 37.907 268.687 -0.962780 40.013 0 8.660 1 0.000000
2858 789.791 37.907 268.687 -0.962780 40.013 0 8.660 1 0.000000
2859 789.766 37.913 268.674 -0.962791 40.021 0 8.632 1 0.000000
2860 789.766 37.913 268.674 -0.962791 40.021 0 8.632 1 0.000000
2861 789.742 37.919 268.661 -0.962803 40.029 0 8.603 1 0.000000
2862 789.742 37.919 268.661 -0.962803 40.029 0 8.603 1 0.000000
2863 789.717 37.926 268.647 -0.962814 40.038 0 8.574 1 0.000000
2864 789.717 37.926 268.647 -0.962814 40.038 0 8.574 1 0.000000
2865 789.692 37.932 268.634 -0.962620 40.046 0 8.546 1 0.000000
2866 789.692 37.932 268.634 -0.962620 40.046 0 8.546 1 0.000000
2867 789.668 37.938 268.621 -0.962463 40.054 0 8.517 1 0.000000
2868 789.668 37.938 268.621 -0.962463 40.054 0 8.517 1 0.000000
2869 789.643 37.944 268.608 -0.962482 40.062 0 8.488 1 0.000000
2870 789.618 37.951 268.594 -0.962559 40.071 0 8.459 1 0.000000
2871 789.618 37.951 268.594 -0.962559 40.071 0 8.459 1 0.000000
2872 789.594 37.957 268.581 -0.962616 40.079 0 8.431 1 0.000000
2873 789.594 37.957 268.581 -0.962616 40.079 0 8.431 1 0.000000
2874 789.569 37.963 268.568 -0.962681 40.087 0 8.402 1 0.000000
2875 789.569 37.963 268.568 -0.962681 40.087 0 8.402 1 0.000000
2876 789.544 37.970 268.555 -0.962742 40.095 0 8.373 1 0.000000
2877 789.544 37.970 268.555 -0.962742 40.095 0 8.373 1 0.000000
2878 789.520 37.976 268.542 -0.962807 40.103 0 8.345 1 0.000000
2879 789.520 37.976 268.542 -0.962807 40.103 0 8.345 1 0.000000
2880 789.495 37.982 268.529 -0.962868 40.112 0 8.316 1 0.000000
2881 789.495 37.982 268.529 -0.962868 40.112 0 8.316 1 0.000000
2882 789.470 37.989 268.516 -0.962849 40.120 0 8.288 1 0.000000
2883 789.470 37.989 268.516 -0.962849 40.120 0 8.288 1 0.000000
2884 789.446 37.995 268.502 -0.962868 40.128 0 8.259 1 0.000000
2885 789.446 37.995 268.502 -0.962868 40.128 0 8.259 1 0.000000
2886 789.421 38.001 268.489 -0.962883 40.137 0 8.230 1 0.000000
2887 789.421 38.001 268.489 -0.962883 40.137 0 8.230 1 0.000000
2888 789.396 38.008 268.476 -0.962906 40.145 0 8.202 1 0.000000
2889 789.372 38.014 268.463 -0.962921 40.153 0 8.173 1 0.000000
2890 789.347 38.020 268.450 -0.962940 40.161 0 8.144 1 0.000000
2891 789.347 38.020 268.450 -0.962940 40.161 0 8.144 1 0.000000
2892 789.347 38.020 268.450 -0.962940 40.161 0 8.144 1 0.000000
2893 789.322 38.027 268.436 -0.963272 40.170 0 8.116 1 0.000000
2894 789.322 38.027 268.436 -0.963272 40.170 0 8.116 1 0.000000
2895 789.298 38.034 268.423 -0.963593 40.178 0 8.087 1 0.000000
2896 789.273 38.040 268.410 -0.963634 40.186 0 8.058 1 0.000000
2897 789.273 38.040 268.410 -0.963634 40.186 0 8.058 1 0.000000
2898 789.273 38.040 268.410 -0.963634 40.186 0 8.058 1 0.000000
2899 789.248 38.046 268.397 -0.963402 40.195 0 8.030 1 0.000000
2900 789.224 38.052 268.384 -0.963322 40.203 0 8.001 1 0.000000
2901 789.224 38.052 268.384 -0.963322 40.203 0 8.001 1 0.000000
2902 789.199 38.058 268.371 -0.963230 40.212 0 7.972 1 0.000000
2903 789.199 38.058 268.371 -0.963230 40.212 0 7.972 1 0.000000
2904 789.174 38.065 268.358 -0.963142 40.220 0 7.944 1 0.000000
2905 789.174 38.065 268.358 -0.963142 40.220 0 7.944 1 0.000000
2906 789.150 38.071 268.344 -0.963055 40.228 0 7.915 1 0.000000
2907 789.150 38.071 268.344 -0.963055 40.228 0 7.915 1 0.000000
2908 789.125 38.077 268.331 -0.962963 40.237 0 7.886 1 0.000000
2909 789.100 38.083 268.318 -0.962875 40.245 0 7.857 1 0.000000
2910 789.100 38.083 268.318 -0.962875 40.245 0 7.857 1 0.000000
2911 789.100 38.083 268.318 -0.962875 40.245 0 7.857 1 0.000000
2912 789.076 38.090 268.305 -0.962917 40.254 0 7.829 1 0.000000
2913 789.051 38.096 268.292 -0.962936 40.262 0 7.800 1 0.000000
2914 789.051 38.096 268.292 -0.962936 40.262 0 7.800 1 0.000000
2915 789.026 38.102 268.278 -0.962948 40.271 0 7.771 1 0.000000
2916 789.026 38.102 268.278 -0.962948 40.271 0 7.771 1 0.000000
2917 789.002 38.109 268.265 -0.962963 40.279 0 7.743 1 0.000000
2918 789.002 38.109 268.265 -0.962963 40.279 0 7.743 1 0.000000
2919 788.977 38.115 268.252 -0.962978 40.288 0 7.714 1 0.000000
2920 788.952 38.121 268.239 -0.962994 40.296 0 7.685 1 0.000000
2921 788.952 38.121 268.239 -0.962994 40.296 0 7.685 1 0.000000
2922 788.952 38.121 268.239 -0.962994 40.296 0 7.685 1 0.000000
2923 788.928 38.127 268.225 -0.963005 40.305 0 7.657 1 0.000000
2924 788.928 38.127 268.225 -0.963005 40.305 0 7.657 1 0.000000
2925 788.903 38.134 268.212 -0.963020 40.313 0 7.628 1 0.000000
2926 788.878 38.140 268.199 -0.963036 40.322 0 7.599 1 0.000000
2927 788.878 38.140 268.199 -0.963036 40.322 0 7.599 1 0.000000
2928 788.854 38.146 268.186 -0.963047 40.331 0 7.571 1 0.000000
2929 788.854 38.146 268.186 -0.963047 40.331 0 7.571 1 0.000000
2930 788.829 38.153 268.173 -0.963066 40.339 0 7.542 1 0.000000
2931 788.829 38.153 268.173 -0.963066 40.339 0 7.542 1 0.000000
2932 788.804 38.159 268.159 -0.963078 40.348 0 7.513 1 0.000000
2933 788.780 38.165 268.146 -0.963093 40.356 0 7.485 1 0.000000
2934 788.780 38.165 268.146 -0.963093 40.356 0 7.485 1 0.000000
2935 788.755 38.172 268.133 -0.963108 40.365 0 7.456 1 0.000000
2936 788.755 38.172 268.133 -0.963108 40.365 0 7.456 1 0.000000
2937 788.730 38.178 268.120 -0.963120 40.374 0 7.427 1 0.000000
2938 788.706 38.184 268.107 -0.963135 40.382 0 7.399 1 0.000000
2939 788.706 38.184 268.107 -0.963135 40.382 0 7.399 1 0.000000
2940 788.681 38.191 268.093 -0.963154 40.391 0 7.370 1 0.000000
2941 788.681 38.191 268.093 -0.963154 40.391 0 7.370 1 0.000000
2942 788.656 38.197 268.080 -0.963165 40.400 0 7.341 1 0.000000
2943 788.656 38.197 268.080 -0.963165 40.400 0 7.341 1 0.000000
2944 788.632 38.203 268.067 -0.963181 40.408 0 7.313 1 0.000000
2945 788.632 38.203 268.067 -0.963181 40.408 0 7.313 1 0.000000
2946 788.607 38.210 268.054 -0.963192 40.417 0 7.284 1 0.000000
2947 788.607 38.210 268.054 -0.963192 40.417 0 7.284 1 0.000000
2948 788.582 38.216 268.040 -0.963207 40.426 0 7.255 1 0.000000
2949 788.582 38.216 268.040 -0.963207 40.426 0 7.255 1 0.000000
2950 788.582 38.216 268.040 -0.963207 40.426 0 7.255 1 0.000000
2951 788.558 38.222 268.027 -0.963226 40.434 0 7.227 1 0.000000
2952 788.533 38.229 268.014 -0.963249 40.443 0 7.198 1 0.000000
2953 788.533 38.229 268.014 -0.963249 40.443 0 7.198 1 0.000000
2954 788.508 38.235 268.001 -0.963272 40.452 0 7.169 1 0.000000
2955 788.508 38.235 268.001 -0.963272 40.452 0 7.169 1 0.000000
2956 788.484 38.241 267.988 -0.963295 40.461 0 7.140 1 0.000000
2957 788.484 38.241 267.988 -0.963295 40.461 0 7.140 1 0.000000
2958 788.459 38.247 267.974 -0.963318 40.469 0 7.112 1 0.000000
2959 788.459 38.247 267.974 -0.963318 40.469 0 7.112 1 0.000000
2960 788.434 38.254 267.961 -0.963341 40.478 0 7.083 1 0.000000
2961 788.434 38.254 267.961 -0.963341 40.478 0 7.083 1 0.000000
2962 788.410 38.260 267.948 -0.963364 40.487 0 7.054 1 0.000000
2963 788.385 38.266 267.935 -0.963387 40.496 0 7.026 1 0.000000
2964 788.385 38.266 267.935 -0.963387 40.496 0 7.026 1 0.000000
2965 788.360 38.273 267.922 -0.963409 40.505 0 6.997 1 0.000000
2966 788.336 38.279 267.908 -0.963432 40.514 0 6.968 1 0.000000
2967 788.336 38.279 267.908 -0.963432 40.514 0 6.968 1 0.000000
2968 788.311 38.285 267.895 -0.963455 40.522 0 6.940 1 0.000000
2969 788.311 38.285 267.895 -0.963455 40.522 0 6.940 1 0.000000
2970 788.286 38.292 267.882 -0.963474 40.531 0 6.911 1 0.000000
2971 788.262 38.298 267.869 -0.963501 40.540 0 6.882 1 0.000000
2972 788.262 38.298 267.869 -0.963501 40.540 0 6.882 1 0.000000
2973 788.262 38.298 267.869 -0.963501 40.540 0 6.882 1 0.000000
2974 788.237 38.304 267.855 -0.963524 40.549 0 6.854 1 0.000000
2975 788.237 38.304 267.855 -0.963524 40.549 0 6.854 1 0.000000
2976 788.212 38.311 267.842 -0.963547 40.558 0 6.825 1 0.000000
2977 788.212 38.311 267.842 -0.963547 40.558 0 6.825 1 0.000000
2978 788.188 38.317 267.829 -0.963570 40.567 0 6.796 1 0.000000
2979 788.163 38.323 267.816 -0.963593 40.576 0 6.768 1 0.000000
2980 788.163 38.323 267.816 -0.963593 40.576 0 6.768 1 0.000000
2981 788.138 38.330 267.803 -0.963615 40.585 0 6.739 1 0.000000
2982 788.138 38.330 267.803 -0.963615 40.585 0 6.739 1 0.000000
2983 788.114 38.336 267.789 -0.963638 40.594 0 6.710 1 0.000000
2984 788.114 38.336 267.789 -0.963638 40.594 0 6.710 1 0.000000
2985 788.089 38.342 267.776 -0.963661 40.603 0 6.682 1 0.000000
2986 788.089 38.342 267.776 -0.963661 40.603 0 6.682 1 0.000000
2987 788.065 38.349 267.763 -0.963684 40.612 0 6.653 1 0.000000
2988 788.065 38.349 267.763 -0.963684 40.612 0 6.653 1 0.000000
2989 788.040 38.355 267.750 -0.963707 40.621 0 6.624 1 0.000000
2990 788.040 38.355 267.750 -0.963707 40.621 0 6.624 1 0.000000
2991 788.015 38.361 267.737 -0.963730 40.630 0 6.596 1 0.000000
2992 788.015 38.361 267.737 -0.963730 40.630 0 6.596 1 0.000000
2993 787.991 38.368 267.723 -0.963749 40.639 0 6.567 1 0.000000
2994 787.991 38.368 267.723 -0.963749 40.639 0 6.567 1 0.000000
2995 787.966 38.374 267.710 -0.963776 40.648 0 6.538 1 0.000000
2996 787.966 38.374 267.710 -0.963776 40.648 0 6.538 1 0.000000
2997 787.941 38.380 267.697 -0.963795 40.657 0 6.509 1 0.000000
2998 787.917 38.387 267.684 -0.963821 40.666 0 6.481 1 0.000000
2999 787.917 38.387 267.684 -0.963821 40.666 0 6.481 1 0.000000
3000 787.892 38.393 267.670 -0.963840 40.675 0 6.452 1 0.000000
3001 787.892 38.393 267.670 -0.963840 40.675 0 6.452 1 0.000000
3002 787.867 38.399 267.657 -0.963867 40.684 0 6.423 1 0.000000
3003 787.867 38.399 267.657 -0.963867 40.684 0 6.423 1 0.000000
3004 787.843 38.406 267.644 -0.963886 40.693 0 6.395 1 0.000000
3005 787.843 38.406 267.644 -0.963886 40.693 0 6.395 1 0.000000
3006 787.818 38.412 267.631 -0.963913 40.702 0 6.366 1 0.000000
3007 787.793 38.418 267.618 -0.963932 40.711 0 6.337 1 0.000000
3008 787.793 38.418 267.618 -0.963932 40.711 0 6.337 1 0.000000
3009 787.769 38.425 267.604 -0.963955 40.720 0 6.309 1 0.000000
3010 787.769 38.425 267.604 -0.963955 40.720 0 6.309 1 0.000000
3011 787.744 38.431 267.591 -0.963978 40.729 0 6.280 1 0.000000
3012 787.719 38.437 267.578 -0.964005 40.739 0 6.251 1 0.000000
3013 787.719 38.437 267.578 -0.964005 40.739 0 6.251 1 0.000000
3014 787.719 38.437 267.578 -0.964005 40.739 0 6.251 1 0.000000
3015 787.695 38.443 267.565 -0.964024 40.748 0 6.223 1 0.000000
3016 787.695 38.443 267.565 -0.964024 40.748 0 6.223 1 0.000000
3017 787.670 38.450 267.552 -0.964046 40.757 0 6.194 1 0.000000
3018 787.645 38.456 267.538 -0.964069 40.766 0 6.165 1 0.000000
3019 787.645 38.456 267.538 -0.964069 40.766 0 6.165 1 0.000000
3020 787.645 38.456 267.538 -0.964069 40.766 0 6.165 1 0.000000
3021 787.596 38.469 267.512 -0.963997 40.785 0 6.108 1 0.000000
3022 787.596 38.469 267.512 -0.963997 40.785 0 6.108 1 0.000000
3023 787.596 38.469 267.512 -0.963997 40.785 0 6.108 1 0.000000
3024 787.571 38.475 267.499 -0.963963 40.794 0 6.079 1 0.000000
3025 787.571 38.475 267.499 -0.963963 40.794 0 6.079 1 0.000000
3026 787.547 38.481 267.485 -0.963970 40.803 0 6.051 1 0.000000
3027 787.522 38.488 267.472 -0.963970 40.812 0 6.022 1 0.000000
3028 787.522 38.488 267.472 -0.963970 40.812 0 6.022 1 0.000000
3029 787.498 38.494 267.459 -0.963970 40.822 0 5.993 1 0.000000
3030 787.498 38.494 267.459 -0.963970 40.822 0 5.993 1 0.000000
3031 787.473 38.500 267.445 -0.963974 40.831 0 5.965 1 0.000000
3032 787.473 38.500 267.445 -0.963974 40.831 0 5.965 1 0.000000
3033 787.448 38.506 267.432 -0.963936 40.841 0 5.936 1 0.000000
3034 787.424 38.513 267.419 -0.963917 40.850 0 5.907 1 0.000000
3035 787.424 38.513 267.419 -0.963917 40.850 0 5.907 1 0.000000
3036 787.399 38.519 267.406 -0.963902 40.859 0 5.879 1 0.000000
3037 787.399 38.519 267.406 -0.963902 40.859 0 5.879 1 0.000000
3038 787.399 38.519 267.406 -0.963902 40.859 0 5.879 1 0.000000
3039 787.374 38.525 267.392 -0.963882 40.869 0 5.850 1 0.000000
3040 787.350 38.532 267.379 -0.963867 40.878 0 5.821 1 0.000000
3041 787.350 38.532 267.379 -0.963867 40.878 0 5.821 1 0.000000
3042 787.325 38.538 267.366 -0.963852 40.887 0 5.793 1 0.000000
3043 787.325 38.538 267.366 -0.963852 40.887 0 5.793 1 0.000000
3044 787.300 38.544 267.353 -0.963833 40.897 0 5.764 1 0.000000
3045 787.300 38.544 267.353 -0.963833 40.897 0 5.764 1 0.000000
3046 787.276 38.550 267.339 -0.963818 40.906 0 5.735 1 0.000000
3047 787.251 38.557 267.326 -0.963799 40.916 0 5.706 1 0.000000
3048 787.251 38.557 267.326 -0.963799 40.916 0 5.706 1 0.000000
3049 787.251 38.557 267.326 -0.963799 40.916 0 5.706 1 0.000000
3050 787.226 38.563 267.313 -0.963783 40.925 0 5.678 1 0.000000
3051 787.226 38.563 267.313 -0.963783 40.925 0 5.678 1 0.000000
3052 787.202 38.569 267.300 -0.963768 40.935 0 5.649 1 0.000000
3053 787.202 38.569 267.300 -0.963768 40.935 0 5.649 1 0.000000
3054 787.177 38.576 267.287 -0.963753 40.944 0 5.620 1 0.000000
3055 787.177 38.576 267.287 -0.963753 40.944 0 5.620 1 0.000000
3056 787.152 38.582 267.274 -0.963734 40.953 0 5.592 1 0.000000
3057 787.152 38.582 267.274 -0.963734 40.953 0 5.592 1 0.000000
3058 787.128 38.588 267.260 -0.963718 40.963 0 5.563 1 0.000000
3059 787.103 38.594 267.247 -0.963699 40.972 0 5.534 1 0.000000
3060 787.078 38.601 267.234 -0.963684 40.981 0 5.506 1 0.000000
3061 787.078 38.601 267.234 -0.963684 40.981 0 5.506 1 0.000000
3062 787.053 38.607 267.221 -0.963669 40.991 0 5.477 1 0.000000
3063 787.053 38.607 267.221 -0.963669 40.991 0 5.477 1 0.000000
3064 787.029 38.613 267.208 -0.963650 41.000 0 5.448 1 0.000000
3065 787.004 38.619 267.195 -0.963631 41.010 0 5.420 1 0.000000
3066 787.004 38.619 267.195 -0.963631 41.010 0 5.420 1 0.000000
3067 787.004 38.619 267.195 -0.963631 41.010 0 5.420 1 0.000000
3068 786.979 38.626 267.182 -0.963615 41.019 0 5.391 1 0.000000
3069 786.979 38.626 267.182 -0.963615 41.019 0 5.391 1 0.000000
3070 786.955 38.632 267.169 -0.963600 41.028 0 5.362 1 0.000000
3071 786.930 38.638 267.156 -0.963581 41.038 0 5.334 1 0.000000
3072 786.930 38.638 267.156 -0.963581 41.038 0 5.334 1 0.000000
3073 786.930 38.638 267.156 -0.963581 41.038 0 5.334 1 0.000000
3074 786.880 38.651 267.130 -0.963547 41.057 0 5.276 1 0.000000
3075 786.880 38.651 267.130 -0.963547 41.057 0 5.276 1 0.000000
3076 786.880 38.651 267.130 -0.963547 41.057 0 5.276 1 0.000000
3077 786.856 38.657 267.116 -0.963528 41.066 0 5.248 1 0.000000
3078 786.831 38.663 267.103 -0.963512 41.076 0 5.219 1 0.000000
3079 786.831 38.663 267.103 -0.963512 41.076 0 5.219 1 0.000000
3080 786.806 38.670 267.090 -0.963497 41.085 0 5.190 1 0.000000
3081 786.806 38.670 267.090 -0.963497 41.085 0 5.190 1 0.000000
3082 786.781 38.676 267.077 -0.963478 41.095 0 5.162 1 0.000000
3083 786.781 38.676 267.077 -0.963478 41.095 0 5.162 1 0.000000
3084 786.757 38.682 267.064 -0.963459 41.105 0 5.133 1 0.000000
3085 786.757 38.682 267.064 -0.963459 41.105 0 5.133 1 0.000000
3086 786.732 38.689 267.051 -0.963448 41.114 0 5.104 1 0.000000
3087 786.732 38.689 267.051 -0.963448 41.114 0 5.104 1 0.000000
3088 786.707 38.695 267.038 -0.963428 41.124 0 5.076 1 0.000000
3089 786.683 38.701 267.025 -0.963409 41.133 0 5.047 1 0.000000
3090 786.683 38.701 267.025 -0.963409 41.133 0 5.047 1 0.000000
3091 786.658 38.707 267.012 -0.963394 41.143 0 5.018 1 0.000000
3092 786.658 38.707 267.012 -0.963394 41.143 0 5.018 1 0.000000
3093 786.633 38.714 266.999 -0.963379 41.153 0 4.990 1 0.000000
3094 786.633 38.714 266.999 -0.963379 41.153 0 4.990 1 0.000000
3095 786.608 38.720 266.986 -0.963360 41.162 0 4.961 1 0.000000
3096 786.608 38.720 266.986 -0.963360 41.162 0 4.961 1 0.000000
3097 786.584 38.726 266.972 -0.963345 41.172 0 4.932 1 0.000000
3098 786.584 38.726 266.972 -0.963345 41.172 0 4.932 1 0.000000
3099 786.559 38.733 266.959 -0.963326 41.182 0 4.904 1 0.000000
3100 786.559 38.733 266.959 -0.963326 41.182 0 4.904 1 0.000000
3101 786.534 38.739 266.946 -0.963364 41.191 0 4.875 1 0.000000
3102 786.534 38.739 266.946 -0.963364 41.191 0 4.875 1 0.000000
3103 786.510 38.745 266.933 -0.963383 41.201 0 4.846 1 0.000000
3104 786.485 38.751 266.920 -0.963406 41.211 0 4.818 1 0.000000
3105 786.485 38.751 266.920 -0.963406 41.211 0 4.818 1 0.000000
3106 786.460 38.758 266.907 -0.963428 41.220 0 4.789 1 0.000000
3107 786.460 38.758 266.907 -0.963428 41.220 0 4.789 1 0.000000
3108 786.435 38.764 266.894 -0.963448 41.230 0 4.760 1 0.000000
3109 786.435 38.764 266.894 -0.963448 41.230 0 4.760 1 0.000000
3110 786.411 38.770 266.881 -0.963470 41.240 0 4.732 1 0.000000
3111 786.411 38.770 266.881 -0.963470 41.240 0 4.732 1 0.000000
3112 786.386 38.777 266.868 -0.963493 41.250 0 4.703 1 0.000000
3113 786.361 38.783 266.855 -0.963512 41.260 0 4.674 1 0.000000
3114 786.361 38.783 266.855 -0.963512 41.260 0 4.674 1 0.000000
3115 786.337 38.789 266.842 -0.963535 41.269 0 4.646 1 0.000000
3116 786.337 38.789 266.842 -0.963535 41.269 0 4.646 1 0.000000
3117 786.312 38.796 266.828 -0.963558 41.279 0 4.617 1 0.000000
3118 786.287 38.802 266.815 -0.963581 41.289 0 4.588 1 0.000000
3119 786.262 38.808 266.802 -0.963596 41.299 0 4.560 1 0.000000
3120 786.262 38.808 266.802 -0.963596 41.299 0 4.560 1 0.000000
3121 786.238 38.815 266.789 -0.963619 41.309 0 4.531 1 0.000000
3122 786.238 38.815 266.789 -0.963619 41.309 0 4.531 1 0.000000
3123 786.188 38.827 266.763 -0.963665 41.329 0 4.474 1 0.000000
3124 786.188 38.827 266.763 -0.963665 41.329 0 4.474 1 0.000000
3125 786.164 38.834 266.750 -0.963684 41.338 0 4.445 1 0.000000
3126 786.164 38.834 266.750 -0.963684 41.338 0 4.445 1 0.000000
3127 786.139 38.840 266.737 -0.963707 41.348 0 4.416 1 0.000000
3128 786.139 38.840 266.737 -0.963707 41.348 0 4.416 1 0.000000
3129 786.114 38.846 266.724 -0.963730 41.358 0 4.388 1 0.000000
3130 786.114 38.846 266.724 -0.963730 41.358 0 4.388 1 0.000000
3131 786.089 38.853 266.711 -0.963749 41.368 0 4.359 1 0.000000
3132 786.089 38.853 266.711 -0.963749 41.368 0 4.359 1 0.000000
3133 786.065 38.859 266.698 -0.963772 41.378 0 4.330 1 0.000000
3134 786.065 38.859 266.698 -0.963772 41.378 0 4.330 1 0.000000
3135 786.040 38.865 266.684 -0.963795 41.388 0 4.301 1 0.000000
3136 786.040 38.865 266.684 -0.963795 41.388 0 4.301 1 0.000000
3137 786.015 38.872 266.671 -0.963818 41.398 0 4.273 1 0.000000
3138 785.990 38.878 266.658 -0.963837 41.408 0 4.244 1 0.000000
3139 785.990 38.878 266.658 -0.963837 41.408 0 4.244 1 0.000000
3140 785.966 38.884 266.645 -0.963860 41.418 0 4.215 1 0.000000
3141 785.966 38.884 266.645 -0.963860 41.418 0 4.215 1 0.000000
3142 785.941 38.891 266.632 -0.963882 41.428 0 4.187 1 0.000000
3143 785.941 38.891 266.632 -0.963882 41.428 0 4.187 1 0.000000
3144 785.916 38.897 266.619 -0.963905 41.439 0 4.158 1 0.000000
3145 785.916 38.897 266.619 -0.963905 41.439 0 4.158 1 0.000000
3146 785.892 38.903 266.606 -0.963924 41.449 0 4.129 1 0.000000
3147 785.892 38.903 266.606 -0.963924 41.449 0 4.129 1 0.000000
3148 785.867 38.910 266.593 -0.963943 41.459 0 4.101 1 0.000000
3149 785.867 38.910 266.593 -0.963943 41.459 0 4.101 1 0.000000
3150 785.842 38.916 266.580 -0.963970 41.469 0 4.072 1 0.000000
3151 785.817 38.922 266.567 -0.963989 41.479 0 4.043 1 0.000000
3152 785.817 38.922 266.567 -0.963989 41.479 0 4.043 1 0.000000
3153 785.793 38.928 266.553 -0.964008 41.489 0 4.015 1 0.000000
3154 785.793 38.928 266.553 -0.964008 41.489 0 4.015 1 0.000000
3155 785.768 38.935 266.540 -0.964031 41.499 0 3.986 1 0.000000
3156 785.768 38.935 266.540 -0.964031 41.499 0 3.986 1 0.000000
3157 785.743 38.941 266.527 -0.964020 41.510 0 3.957 1 0.000000
3158 785.669 38.960 266.488 -0.963844 41.540 0 3.871 1 0.000000
3159 785.669 38.960 266.488 -0.963844 41.540 0 3.871 1 0.000000
3160 785.644 38.966 266.475 -0.963791 41.551 0 3.843 1 0.000000
3161 785.620 38.972 266.462 -0.963741 41.561 0 3.814 1 0.000000
3162 785.620 38.972 266.462 -0.963741 41.561 0 3.814 1 0.000000
3163 785.595 38.979 266.448 -0.963692 41.571 0 3.785 1 0.000000
3164 785.595 38.979 266.448 -0.963692 41.571 0 3.785 1 0.000000
3165 785.595 38.979 266.448 -0.963692 41.571 0 3.785 1 0.000000
3166 785.570 38.985 266.435 -0.963638 41.582 0 3.757 1 0.000000
3167 785.546 38.991 266.422 -0.963589 41.592 0 3.728 1 0.000000
3168 785.521 38.997 266.409 -0.963539 41.602 0 3.699 1 0.000000
3169 785.521 38.997 266.409 -0.963539 41.602 0 3.699 1 0.000000
3170 785.496 39.004 266.396 -0.963490 41.613 0 3.670 1 0.000000
3171 785.496 39.004 266.396 -0.963490 41.613 0 3.670 1 0.000000
3172 785.496 39.004 266.396 -0.963490 41.613 0 3.670 1 0.000000
3173 785.471 39.010 266.383 -0.963436 41.623 0 3.642 1 0.000000
3174 785.447 39.016 266.369 -0.963387 41.634 0 3.613 1 0.000000
3175 785.447 39.016 266.369 -0.963387 41.634 0 3.613 1 0.000000
3176 785.422 39.023 266.356 -0.963779 41.644 0 3.584 1 0.000000
3177 785.422 39.023 266.356 -0.963779 41.644 0 3.584 1 0.000000
3178 785.397 39.029 266.343 -0.963760 41.655 0 3.556 1 0.000000
3179 785.397 39.029 266.343 -0.963760 41.655 0 3.556 1 0.000000
3180 785.373 39.036 266.330 -0.963982 41.665 0 3.527 1 0.000000
3181 785.348 39.042 266.317 -0.964191 41.675 0 3.499 1 0.000000
3182 785.348 39.042 266.317 -0.964191 41.675 0 3.499 1 0.000000
3183 785.323 39.048 266.304 -0.964062 41.686 0 3.470 1 0.000000
3184 785.323 39.048 266.304 -0.964062 41.686 0 3.470 1 0.000000
3185 785.299 39.054 266.291 -0.963951 41.696 0 3.441 1 0.000000
3186 785.299 39.054 266.291 -0.963951 41.696 0 3.441 1 0.000000
3187 785.274 39.061 266.278 -0.963840 41.707 0 3.412 1 0.000000
3188 785.274 39.061 266.278 -0.963840 41.707 0 3.412 1 0.000000
3189 785.249 39.067 266.265 -0.963737 41.717 0 3.384 1 0.000000
3190 785.249 39.067 266.265 -0.963737 41.717 0 3.384 1 0.000000
3191 785.224 39.073 266.252 -0.963634 41.728 0 3.355 1 0.000000
3192 785.224 39.073 266.252 -0.963634 41.728 0 3.355 1 0.000000
3193 785.200 39.079 266.238 -0.963524 41.739 0 3.326 1 0.000000
3194 785.200 39.079 266.238 -0.963524 41.739 0 3.326 1 0.000000
3195 785.175 39.085 266.225 -0.963417 41.749 0 3.298 1 0.000000
3196 785.175 39.085 266.225 -0.963417 41.749 0 3.298 1 0.000000
3197 785.150 39.092 266.212 -0.963310 41.760 0 3.269 1 0.000000
3198 785.076 39.110 266.173 -0.962990 41.792 0 3.183 1 0.000000
3199 785.076 39.110 266.173 -0.962990 41.792 0 3.183 1 0.000000
3200 785.051 39.116 266.160 -0.962883 41.802 0 3.154 1 0.000000
3201 785.026 39.123 266.147 -0.962772 41.813 0 3.125 1 0.000000
3202 785.026 39.123 266.147 -0.962772 41.813 0 3.125 1 0.000000
3203 785.001 39.129 266.133 -0.962669 41.824 0 3.097 1 0.000000
3204 785.001 39.129 266.133 -0.962669 41.824 0 3.097 1 0.000000
3205 784.977 39.135 266.120 -0.962559 41.834 0 3.068 1 0.000000
3206 784.977 39.135 266.120 -0.962559 41.834 0 3.068 1 0.000000
3207 784.952 39.141 266.107 -0.962528 41.845 0 3.039 1 0.000000
3208 784.952 39.141 266.107 -0.962528 41.845 0 3.039 1 0.000000
3209 784.927 39.148 266.094 -0.962467 41.856 0 3.010 1 0.000000
3210 784.902 39.154 266.081 -0.962406 41.867 0 2.982 1 0.000000
3211 784.902 39.154 266.081 -0.962406 41.867 0 2.982 1 0.000000
3212 784.878 39.160 266.068 -0.962345 41.878 0 2.953 1 0.000000
3213 784.878 39.160 266.068 -0.962345 41.878 0 2.953 1 0.000000
3214 784.853 39.166 266.055 -0.962288 41.889 0 2.924 1 0.000000
3215 784.853 39.166 266.055 -0.962288 41.889 0 2.924 1 0.000000
3216 784.828 39.172 266.041 -0.962231 41.899 0 2.896 1 0.000000
3217 784.828 39.172 266.041 -0.962231 41.899 0 2.896 1 0.000000
3218 784.803 39.179 266.028 -0.962170 41.910 0 2.867 1 0.000000
3219 784.803 39.179 266.028 -0.962170 41.910 0 2.867 1 0.000000
3220 784.779 39.185 266.015 -0.962109 41.921 0 2.838 1 0.000000
3221 784.779 39.185 266.015 -0.962109 41.921 0 2.838 1 0.000000
3222 784.754 39.191 266.002 -0.962048 41.932 0 2.810 1 0.000000
3223 784.754 39.191 266.002 -0.962048 41.932 0 2.810 1 0.000000
3224 784.754 39.191 266.002 -0.962048 41.932 0 2.810 1 0.000000
3225 784.705 39.204 265.976 -0.961926 41.954 0 2.752 1 0.000000
3226 784.705 39.204 265.976 -0.961926 41.954 0 2.752 1 0.000000
3227 784.705 39.204 265.976 -0.961926 41.954 0 2.752 1 0.000000
3228 784.680 39.210 265.962 -0.961864 41.965 0 2.724 1 0.000000
3229 784.680 39.210 265.962 -0.961864 41.965 0 2.724 1 0.000000
3230 784.655 39.216 265.949 -0.961803 41.976 0 2.695 1 0.000000
3231 784.630 39.222 265.936 -0.961746 41.987 0 2.666 1 0.000000
3232 784.630 39.222 265.936 -0.961746 41.987 0 2.666 1 0.000000
3233 784.630 39.222 265.936 -0.961746 41.987 0 2.666 1 0.000000
3234 784.606 39.229 265.923 -0.961685 41.998 0 2.638 1 0.000000
3235 784.606 39.229 265.923 -0.961685 41.998 0 2.638 1 0.000000
3236 784.581 39.235 265.910 -0.961624 42.009 0 2.609 1 0.000000
3237 784.532 39.247 265.884 -0.961555 42.031 0 2.551 1 0.000000
3238 784.532 39.247 265.884 -0.961555 42.031 0 2.551 1 0.000000
3239 784.507 39.254 265.870 -0.961521 42.042 0 2.523 1 0.000000
3240 784.507 39.254 265.870 -0.961521 42.042 0 2.523 1 0.000000
3241 784.482 39.260 265.857 -0.961491 42.053 0 2.494 1 0.000000
3242 784.457 39.266 265.844 -0.961468 42.064 0 2.465 1 0.000000
3243 784.457 39.266 265.844 -0.961468 42.064 0 2.465 1 0.000000
3244 784.457 39.266 265.844 -0.961468 42.064 0 2.465 1 0.000000
3245 784.433 39.273 265.831 -0.961433 42.076 0 2.437 1 0.000000
3246 784.433 39.273 265.831 -0.961433 42.076 0 2.437 1 0.000000
3247 784.383 39.285 265.805 -0.961376 42.098 0 2.379 1 0.000000
3248 784.383 39.285 265.805 -0.961376 42.098 0 2.379 1 0.000000
3249 784.359 39.291 265.792 -0.961346 42.109 0 2.351 1 0.000000
3250 784.359 39.291 265.792 -0.961346 42.109 0 2.351 1 0.000000
3251 784.334 39.298 265.779 -0.961319 42.120 0 2.322 1 0.000000
3252 784.334 39.298 265.779 -0.961319 42.120 0 2.322 1 0.000000
3253 784.309 39.304 265.765 -0.961288 42.132 0 2.293 1 0.000000
3254 784.309 39.304 265.765 -0.961288 42.132 0 2.293 1 0.000000
3255 784.284 39.310 265.752 -0.961262 42.143 0 2.265 1 0.000000
3256 784.284 39.310 265.752 -0.961262 42.143 0 2.265 1 0.000000
3257 784.260 39.316 265.739 -0.961227 42.154 0 2.236 1 0.000000
3258 784.260 39.316 265.739 -0.961227 42.154 0 2.236 1 0.000000
3259 784.235 39.323 265.726 -0.961201 42.165 0 2.207 1 0.000000
3260 784.235 39.323 265.726 -0.961201 42.165 0 2.207 1 0.000000
3261 784.210 39.329 265.713 -0.961170 42.177 0 2.179 1 0.000000
3262 784.210 39.329 265.713 -0.961170 42.177 0 2.179 1 0.000000
3263 784.185 39.335 265.700 -0.961140 42.188 0 2.150 1 0.000000
3264 784.185 39.335 265.700 -0.961140 42.188 0 2.150 1 0.000000
3265 784.161 39.341 265.687 -0.961109 42.199 0 2.121 1 0.000000
3266 784.161 39.341 265.687 -0.961109 42.199 0 2.121 1 0.000000
3267 784.136 39.348 265.674 -0.961082 42.211 0 2.093 1 0.000000
3268 784.111 39.354 265.660 -0.961052 42.222 0 2.064 1 0.000000
3269 784.111 39.354 265.660 -0.961052 42.222 0 2.064 1 0.000000
3270 784.087 39.360 265.647 -0.961021 42.233 0 2.035 1 0.000000
3271 784.062 39.367 265.634 -0.960991 42.245 0 2.007 1 0.000000
3272 784.062 39.367 265.634 -0.960991 42.245 0 2.007 1 0.000000
3273 784.037 39.373 265.621 -0.960964 42.256 0 1.978 1 0.000000
3274 784.037 39.373 265.621 -0.960964 42.256 0 1.978 1 0.000000
3275 784.012 39.379 265.608 -0.960934 42.267 0 1.949 1 0.000000
3276 783.988 39.385 265.595 -0.960903 42.279 0 1.920 1 0.000000
3277 783.963 39.392 265.582 -0.960876 42.290 0 1.892 1 0.000000
3278 783.963 39.392 265.582 -0.960876 42.290 0 1.892 1 0.000000
3279 783.938 39.398 265.569 -0.960846 42.302 0 1.863 1 0.000000
3280 783.938 39.398 265.569 -0.960846 42.302 0 1.863 1 0.000000
3281 783.914 39.404 265.555 -0.960815 42.313 0 1.834 1 0.000000
3282 783.914 39.404 265.555 -0.960815 42.313 0 1.834 1 0.000000
3283 783.889 39.410 265.542 -0.960785 42.325 0 1.806 1 0.000000
3284 783.889 39.410 265.542 -0.960785 42.325 0 1.806 1 0.000000
3285 783.864 39.417 265.529 -0.960918 42.337 0 1.777 1 0.000000
3286 783.864 39.417 265.529 -0.960918 42.337 0 1.777 1 0.000000
3287 783.839 39.423 265.516 -0.960770 42.348 0 1.748 1 0.000000
3288 783.839 39.423 265.516 -0.960770 42.348 0 1.748 1 0.000000
3289 783.815 39.429 265.503 -0.960754 42.360 0 1.720 1 0.000000
3290 783.815 39.429 265.503 -0.960754 42.360 0 1.720 1 0.000000
3291 783.790 39.436 265.490 -0.960747 42.371 0 1.691 1 0.000000
3292 783.790 39.436 265.490 -0.960747 42.371 0 1.691 1 0.000000
3293 783.765 39.442 265.477 -0.960743 42.383 0 1.662 1 0.000000
3294 783.765 39.442 265.477 -0.960743 42.383 0 1.662 1 0.000000
3295 783.741 39.448 265.464 -0.960739 42.395 0 1.634 1 0.000000
3296 783.741 39.448 265.464 -0.960739 42.395 0 1.634 1 0.000000
3297 783.716 39.455 265.450 -0.960732 42.406 0 1.605 1 0.000000
3298 783.716 39.455 265.450 -0.960732 42.406 0 1.605 1 0.000000
3299 783.691 39.461 265.437 -0.960728 42.418 0 1.576 1 0.000000
3300 783.691 39.461 265.437 -0.960728 42.418 0 1.576 1 0.000000
3301 783.691 39.461 265.437 -0.960728 42.418 0 1.576 1 0.000000
3302 783.666 39.467 265.424 -0.960724 42.430 0 1.548 1 0.000000
3303 783.642 39.473 265.411 -0.960716 42.441 0 1.519 1 0.000000
3304 783.617 39.480 265.398 -0.960712 42.453 0 1.490 1 0.000000
3305 783.617 39.480 265.398 -0.960712 42.453 0 1.490 1 0.000000
3306 783.617 39.480 265.398 -0.960712 42.453 0 1.490 1 0.000000
3307 783.592 39.486 265.385 -0.960705 42.465 0 1.462 1 0.000000
3308 783.592 39.486 265.385 -0.960705 42.465 0 1.462 1 0.000000
3309 783.568 39.492 265.372 -0.960697 42.477 0 1.433 1 0.000000
3310 783.568 39.492 265.372 -0.960697 42.477 0 1.433 1 0.000000
3311 783.543 39.499 265.359 -0.960651 42.488 0 1.404 1 0.000000
3312 783.543 39.499 265.359 -0.960651 42.488 0 1.404 1 0.000000
3313 783.518 39.505 265.345 -0.960609 42.500 0 1.376 1 0.000000
3314 783.493 39.511 265.332 -0.960564 42.512 0 1.347 1 0.000000
3315 783.493 39.511 265.332 -0.960564 42.512 0 1.347 1 0.000000
3316 783.493 39.511 265.332 -0.960564 42.512 0 1.347 1 0.000000
3317 783.469 39.517 265.319 -0.960522 42.524 0 1.318 1 0.000000
3318 783.469 39.517 265.319 -0.960522 42.524 0 1.318 1 0.000000
3319 783.444 39.524 265.306 -0.960476 42.536 0 1.290 1 0.000000
3320 783.444 39.524 265.306 -0.960476 42.536 0 1.290 1 0.000000
3321 783.419 39.530 265.293 -0.960434 42.548 0 1.261 1 0.000000
3322 783.419 39.530 265.293 -0.960434 42.548 0 1.261 1 0.000000
3323 783.395 39.536 265.280 -0.960392 42.560 0 1.232 1 0.000000
3324 783.370 39.542 265.267 -0.960346 42.572 0 1.203 1 0.000000
3325 783.370 39.542 265.267 -0.960346 42.572 0 1.203 1 0.000000
3326 783.370 39.542 265.267 -0.960346 42.572 0 1.203 1 0.000000
3327 783.345 39.549 265.254 -0.960300 42.584 0 1.175 1 0.000000
3328 783.320 39.555 265.240 -0.960258 42.596 0 1.146 1 0.000000
3329 783.296 39.561 265.227 -0.960217 42.608 0 1.117 1 0.000000
3330 783.296 39.561 265.227 -0.960217 42.608 0 1.117 1 0.000000
3331 783.296 39.561 265.227 -0.960217 42.608 0 1.117 1 0.000000
3332 783.271 39.567 265.214 -0.960167 42.620 0 1.089 1 0.000000
3333 783.271 39.567 265.214 -0.960167 42.620 0 1.089 1 0.000000
3334 783.246 39.574 265.201 -0.960125 42.632 0 1.060 1 0.000000
3335 783.246 39.574 265.201 -0.960125 42.632 0 1.060 1 0.000000
3336 783.221 39.580 265.188 -0.960083 42.644 0 1.031 1 0.000000
3337 783.221 39.580 265.188 -0.960083 42.644 0 1.031 1 0.000000
3338 783.197 39.586 265.175 -0.960056 42.656 0 1.003 1 0.000000
3339 783.197 39.586 265.175 -0.960056 42.656 0 1.003 1 0.000000
3340 783.172 39.592 265.162 -0.960033 42.668 0 0.974 1 0.000000
3341 783.172 39.592 265.162 -0.960033 42.668 0 0.974 1 0.000000
3342 783.147 39.599 265.149 -0.960003 42.680 0 0.945 1 0.000000
3343 783.147 39.599 265.149 -0.960003 42.680 0 0.945 1 0.000000
3344 783.123 39.605 265.135 -0.959980 42.692 0 0.917 1 0.000000
3345 783.123 39.605 265.135 -0.959980 42.692 0 0.917 1 0.000000
3346 783.098 39.611 265.122 -0.959953 42.704 0 0.888 1 0.000000
3347 783.098 39.611 265.122 -0.959953 42.704 0 0.888 1 0.000000
3348 783.073 39.618 265.109 -0.959930 42.716 0 0.859 1 0.000000
3349 783.073 39.618 265.109 -0.959930 42.716 0 0.859 1 0.000000
3350 783.048 39.624 265.096 -0.959900 42.729 0 0.831 1 0.000000
3351 783.048 39.624 265.096 -0.959900 42.729 0 0.831 1 0.000000
3352 783.024 39.630 265.083 -0.959877 42.741 0 0.802 1 0.000000
3353 782.999 39.636 265.070 -0.959850 42.753 0 0.773 1 0.000000
3354 782.999 39.636 265.070 -0.959850 42.753 0 0.773 1 0.000000
3355 782.974 39.643 265.057 -0.959824 42.765 0 0.745 1 0.000000
3356 782.974 39.643 265.057 -0.959824 42.765 0 0.745 1 0.000000
3357 782.950 39.649 265.044 -0.959797 42.778 0 0.716 1 0.000000
3358 782.950 39.649 265.044 -0.959797 42.778 0 0.716 1 0.000000
3359 782.925 39.655 265.031 -0.959774 42.790 0 0.687 1 0.000000
3360 782.925 39.655 265.031 -0.959774 42.790 0 0.687 1 0.000000
3361 782.900 39.661 265.017 -0.959747 42.802 0 0.659 1 0.000000
3362 782.900 39.661 265.017 -0.959747 42.802 0 0.659 1 0.000000
3363 782.875 39.668 265.004 -0.959721 42.815 0 0.630 1 0.000000
3364 782.875 39.668 265.004 -0.959721 42.815 0 0.630 1 0.000000
3365 782.851 39.674 264.991 -0.959694 42.827 0 0.601 1 0.000000
3366 782.851 39.674 264.991 -0.959694 42.827 0 0.601 1 0.000000
3367 782.826 39.680 264.978 -0.959671 42.839 0 0.573 1 0.000000
3368 782.801 39.687 264.965 -0.959644 42.852 0 0.544 1 0.000000
3369 782.801 39.687 264.965 -0.959644 42.852 0 0.544 1 0.000000
3370 782.777 39.693 264.952 -0.959618 42.864 0 0.515 1 0.000000
3371 782.777 39.693 264.952 -0.959618 42.864 0 0.515 1 0.000000
3372 782.752 39.699 264.939 -0.959591 42.877 0 0.486 1 0.000000
3373 782.752 39.699 264.939 -0.959591 42.877 0 0.486 1 0.000000
3374 782.727 39.705 264.926 -0.959568 42.889 0 0.458 1 0.000000
3375 782.727 39.705 264.926 -0.959568 42.889 0 0.458 1 0.000000
3376 782.702 39.712 264.912 -0.959541 42.902 0 0.429 1 0.000000
3377 782.678 39.718 264.899 -0.959515 42.914 0 0.400 1 0.000000
3378 782.678 39.718 264.899 -0.959515 42.914 0 0.400 1 0.000000
3379 782.653 39.724 264.886 -0.959488 42.927 0 0.372 1 0.000000
3380 782.628 39.730 264.873 -0.959461 42.939 0 0.343 1 0.000000
3381 782.628 39.730 264.873 -0.959461 42.939 0 0.343 1 0.000000
3382 782.628 39.730 264.873 -0.959461 42.939 0 0.343 1 0.000000
3383 782.604 39.737 264.860 -0.959438 42.952 0 0.314 1 0.000000
3384 782.604 39.737 264.860 -0.959438 42.952 0 0.314 1 0.000000
3385 782.579 39.743 264.847 -0.959412 42.965 0 0.286 1 0.000000
3386 782.579 39.743 264.847 -0.959412 42.965 0 0.286 1 0.000000
3387 782.554 39.749 264.834 -0.959385 42.977 0 0.257 1 0.000000
3388 782.554 39.749 264.834 -0.959385 42.977 0 0.257 1 0.000000
3389 782.529 39.755 264.821 -0.959309 42.990 0 0.228 1 0.000000
3390 782.505 39.762 264.807 -0.959248 43.003 0 0.200 1 0.000000
3391 782.480 39.768 264.794 -0.959190 43.015 0 0.171 1 0.000000
3392 782.480 39.768 264.794 -0.959190 43.015 0 0.171 1 0.000000
3393 782.480 39.768 264.794 -0.959190 43.015 0 0.171 1 0.000000
3394 782.480 39.768 264.794 -0.959190 43.015 0 0.171 1 0.000000
3395 782.455 39.774 264.781 -0.959133 43.028 0 0.142 1 0.000000
3396 782.430 39.780 264.768 -0.959072 43.041 0 0.114 1 0.000000
3397 782.430 39.780 264.768 -0.959072 43.041 0 0.114 1 0.000000
3398 782.406 39.787 264.755 -0.959015 43.053 0 0.085 1 0.000000
3399 782.406 39.787 264.755 -0.959015 43.053 0 0.085 1 0.000000
3400 782.381 39.793 264.742 -0.958958 43.066 0 0.056 1 0.000000
3401 782.381 39.793 264.742 -0.958958 43.066 0 0.056 1 0.000000
3402 782.356 39.799 264.729 -0.958897 43.079 0 0.028 1 0.000000
3403 782.356 39.799 264.729 -0.958897 43.079 0 0.028 1 0.000000
3404 782.332 39.805 264.716 -0.958836 43.092 0 0.001 1 0.000000
3405 782.332 39.805 264.716 -0.958836 43.092 0 0.001 1 0.000000
3406 782.307 39.812 264.702 -0.958782 43.105 0 0.030 1 0.000000
3407 782.307 39.812 264.702 -0.958782 43.105 0 0.030 1 0.000000
3408 782.282 39.818 264.689 -0.958721 43.118 0 0.058 1 0.000000
3409 782.282 39.818 264.689 -0.958721 43.118 0 0.058 1 0.000000
3410 782.257 39.824 264.676 -0.958660 43.130 0 0.087 1 0.000000
3411 782.257 39.824 264.676 -0.958660 43.130 0 0.087 1 0.000000
3412 782.233 39.830 264.663 -0.958603 43.143 0 0.116 1 0.000000
3413 782.233 39.830 264.663 -0.958603 43.143 0 0.116 1 0.000000
3414 782.233 39.830 264.663 -0.958603 43.143 0 0.116 1 0.000000
3415 782.183 39.843 264.637 -0.958488 43.169 0 0.173 1 0.000000
3416 782.183 39.843 264.637 -0.958488 43.169 0 0.173 1 0.000000
3417 782.183 39.843 264.637 -0.958488 43.169 0 0.173 1 0.000000
3418 782.159 39.849 264.624 -0.958427 43.182 0 0.202 1 0.000000
3419 782.159 39.849 264.624 -0.958427 43.182 0 0.202 1 0.000000
3420 782.134 39.855 264.611 -0.958370 43.195 0 0.230 1 0.000000
3421 782.134 39.855 264.611 -0.958370 43.195 0 0.230 1 0.000000
3422 782.109 39.862 264.597 -0.958313 43.208 0 0.259 1 0.000000
3423 782.109 39.862 264.597 -0.958313 43.208 0 0.259 1 0.000000
3424 782.084 39.868 264.584 -0.958252 43.221 0 0.288 1 0.000000
3425 782.084 39.868 264.584 -0.958252 43.221 0 0.288 1 0.000000
3426 782.060 39.874 264.571 -0.958199 43.234 0 0.316 1 0.000000
3427 782.060 39.874 264.571 -0.958199 43.234 0 0.316 1 0.000000
3428 782.035 39.880 264.558 -0.958138 43.247 0 0.345 1 0.000000
3429 782.010 39.887 264.545 -0.958080 43.260 0 0.374 1 0.000000
3430 782.010 39.887 264.545 -0.958080 43.260 0 0.374 1 0.000000
3431 781.986 39.893 264.532 -0.958023 43.274 0 0.402 1 0.000000
3432 781.986 39.893 264.532 -0.958023 43.274 0 0.402 1 0.000000
3433 781.961 39.899 264.519 -0.958015 43.287 0 0.431 1 0.000000
3434 781.936 39.905 264.506 -0.957993 43.300 0 0.460 1 0.000000
3435 781.936 39.905 264.506 -0.957993 43.300 0 0.460 1 0.000000
3436 781.911 39.912 264.493 -0.957973 43.313 0 0.488 1 0.000000
3437 781.911 39.912 264.493 -0.957973 43.313 0 0.488 1 0.000000
3438 781.887 39.918 264.478 -0.957943 43.328 0 0.517 1 0.000000
3439 781.887 39.918 264.478 -0.957943 43.328 0 0.517 1 0.000000
3440 781.864 39.924 264.463 -0.957920 43.344 0 0.546 1 0.000000
3441 781.864 39.924 264.463 -0.957920 43.344 0 0.546 1 0.000000
3442 781.842 39.930 264.446 -0.957893 43.361 0 0.574 1 0.000000
3443 781.842 39.930 264.446 -0.957893 43.361 0 0.574 1 0.000000
3444 781.819 39.937 264.429 -0.957867 43.379 0 0.602 1 0.000000
3445 781.819 39.937 264.429 -0.957867 43.379 0 0.602 1 0.000000
3446 781.797 39.943 264.413 -0.957840 43.396 0 0.631 1 0.000000
3447 781.774 39.949 264.396 -0.957848 43.413 0 0.659 1 0.000000
3448 781.774 39.949 264.396 -0.957848 43.413 0 0.659 1 0.000000
3449 781.774 39.949 264.396 -0.957848 43.413 0 0.659 1 0.000000
3450 781.751 39.955 264.380 -0.957844 43.431 0 0.688 1 0.000000
3451 781.751 39.955 264.380 -0.957844 43.431 0 0.688 1 0.000000
3452 781.729 39.961 264.363 -0.957836 43.448 0 0.716 1 0.000000
3453 781.706 39.968 264.347 -0.957832 43.465 0 0.744 1 0.000000
3454 781.684 39.974 264.330 -0.957829 43.483 0 0.773 1 0.000000
3455 781.684 39.974 264.330 -0.957829 43.483 0 0.773 1 0.000000
3456 781.684 39.974 264.330 -0.957829 43.483 0 0.773 1 0.000000
3457 781.661 39.980 264.313 -0.957821 43.500 0 0.801 1 0.000000
3458 781.661 39.980 264.313 -0.957821 43.500 0 0.801 1 0.000000
3459 781.638 39.986 264.297 -0.957817 43.518 0 0.830 1 0.000000
3460 781.616 39.993 264.280 -0.957813 43.535 0 0.858 1 0.000000
3461 781.616 39.993 264.280 -0.957813 43.535 0 0.858 1 0.000000
3462 781.616 39.993 264.280 -0.957813 43.535 0 0.858 1 0.000000
3463 781.593 39.999 264.264 -0.957806 43.553 0 0.887 1 0.000000
3464 781.571 40.005 264.247 -0.957802 43.571 0 0.915 1 0.000000
3465 781.571 40.005 264.247 -0.957802 43.571 0 0.915 1 0.000000
3466 781.548 40.012 264.231 -0.958164 43.588 0 0.943 1 0.000000
3467 781.548 40.012 264.231 -0.958164 43.588 0 0.943 1 0.000000
3468 781.526 40.018 264.214 -0.958538 43.606 0 0.972 1 0.000000
3469 781.526 40.018 264.214 -0.958538 43.606 0 0.972 1 0.000000
3470 781.503 40.025 264.198 -0.958904 43.623 0 1.000 1 0.000000
3471 781.503 40.025 264.198 -0.958904 43.623 0 1.000 1 0.000000
3472 781.481 40.031 264.181 -0.959274 43.641 0 1.028 1 0.000000
3473 781.481 40.031 264.181 -0.959274 43.641 0 1.028 1 0.000000
3474 781.459 40.038 264.165 -0.959641 43.658 0 1.057 1 0.000000
3475 781.459 40.038 264.165 -0.959641 43.658 0 1.057 1 0.000000
3476 781.436 40.045 264.148 -0.960011 43.676 0 1.085 1 0.000000
3477 781.436 40.045 264.148 -0.960011 43.676 0 1.085 1 0.000000
3478 781.414 40.051 264.132 -0.960381 43.694 0 1.113 1 0.000000
3479 781.414 40.051 264.132 -0.960381 43.694 0 1.113 1 0.000000
3480 781.391 40.058 264.115 -0.960663 43.711 0 1.141 1 0.000000
3481 781.391 40.058 264.115 -0.960663 43.711 0 1.141 1 0.000000
3482 781.369 40.064 264.099 -0.960323 43.729 0 1.170 1 0.000000
3483 781.369 40.064 264.099 -0.960323 43.729 0 1.170 1 0.000000
3484 781.346 40.070 264.082 -0.960281 43.747 0 1.198 1 0.000000
3485 781.346 40.070 264.082 -0.960281 43.747 0 1.198 1 0.000000
3486 781.323 40.076 264.066 -0.960243 43.765 0 1.227 1 0.000000
3487 781.323 40.076 264.066 -0.960243 43.765 0 1.227 1 0.000000
3488 781.301 40.082 264.049 -0.960205 43.783 0 1.255 1 0.000000
3489 781.301 40.082 264.049 -0.960205 43.783 0 1.255 1 0.000000
3490 781.278 40.088 264.033 -0.960159 43.801 0 1.284 1 0.000000
3491 781.278 40.088 264.033 -0.960159 43.801 0 1.284 1 0.000000
3492 781.255 40.095 264.016 -0.960121 43.818 0 1.312 1 0.000000
3493 781.255 40.095 264.016 -0.960121 43.818 0 1.312 1 0.000000
3494 781.233 40.101 264.000 -0.960083 43.836 0 1.340 1 0.000000
3495 781.233 40.101 264.000 -0.960083 43.836 0 1.340 1 0.000000
3496 781.210 40.107 263.983 -0.960041 43.854 0 1.369 1 0.000000
3497 781.210 40.107 263.983 -0.960041 43.854 0 1.369 1 0.000000
3498 781.187 40.113 263.967 -0.960003 43.872 0 1.397 1 0.000000
3499 781.187 40.113 263.967 -0.960003 43.872 0 1.397 1 0.000000
3500 781.165 40.119 263.950 -0.959965 43.890 0 1.426 1 0.000000
3501 781.165 40.119 263.950 -0.959965 43.890 0 1.426 1 0.000000
3502 781.142 40.126 263.934 -0.959923 43.908 0 1.454 1 0.000000
3503 781.142 40.126 263.934 -0.959923 43.908 0 1.454 1 0.000000
3504 781.120 40.132 263.917 -0.959881 43.927 0 1.483 1 0.000000
3505 781.120 40.132 263.917 -0.959881 43.927 0 1.483 1 0.000000
3506 781.097 40.138 263.901 -0.959843 43.945 0 1.511 1 0.000000
3507 781.097 40.138 263.901 -0.959843 43.945 0 1.511 1 0.000000
3508 781.074 40.144 263.884 -0.959805 43.963 0 1.539 1 0.000000
3509 781.074 40.144 263.884 -0.959805 43.963 0 1.539 1 0.000000
3510 781.052 40.150 263.868 -0.959766 43.981 0 1.568 1 0.000000
3511 781.052 40.150 263.868 -0.959766 43.981 0 1.568 1 0.000000
3512 781.029 40.157 263.851 -0.959724 43.999 0 1.596 1 0.000000
3513 781.029 40.157 263.851 -0.959724 43.999 0 1.596 1 0.000000
3514 781.006 40.163 263.835 -0.959682 44.017 0 1.625 1 0.000000
3515 781.006 40.163 263.835 -0.959682 44.017 0 1.625 1 0.000000
3516 780.984 40.169 263.818 -0.959641 44.036 0 1.653 1 0.000000
3517 780.984 40.169 263.818 -0.959641 44.036 0 1.653 1 0.000000
3518 780.961 40.175 263.802 -0.959602 44.054 0 1.682 1 0.000000
3519 780.938 40.182 263.785 -0.959560 44.072 0 1.710 1 0.000000
3520 780.938 40.182 263.785 -0.959560 44.072 0 1.710 1 0.000000
3521 780.938 40.182 263.785 -0.959560 44.072 0 1.710 1 0.000000
3522 780.916 40.188 263.769 -0.959522 44.091 0 1.739 1 0.000000
3523 780.893 40.194 263.752 -0.959484 44.109 0 1.767 1 0.000000
3524 780.870 40.200 263.736 -0.959442 44.128 0 1.795 1 0.000000
3525 780.870 40.200 263.736 -0.959442 44.128 0 1.795 1 0.000000
3526 780.870 40.200 263.736 -0.959442 44.128 0 1.795 1 0.000000
3527 780.848 40.206 263.719 -0.959400 44.146 0 1.824 1 0.000000
3528 780.825 40.213 263.703 -0.959362 44.164 0 1.852 1 0.000000
3529 780.825 40.213 263.703 -0.959362 44.164 0 1.852 1 0.000000
3530 780.802 40.219 263.686 -0.959320 44.183 0 1.881 1 0.000000
3531 780.802 40.219 263.686 -0.959320 44.183 0 1.881 1 0.000000
3532 780.802 40.219 263.686 -0.959320 44.183 0 1.881 1 0.000000
3533 780.757 40.231 263.653 -0.959244 44.220 0 1.938 1 0.000000
3534 780.735 40.237 263.637 -0.959202 44.239 0 1.966 1 0.000000
3535 780.735 40.237 263.637 -0.959202 44.239 0 1.966 1 0.000000
3536 780.712 40.244 263.620 -0.959160 44.257 0 1.994 1 0.000000
3537 780.712 40.244 263.620 -0.959160 44.257 0 1.994 1 0.000000
3538 780.689 40.250 263.604 -0.959122 44.276 0 2.023 1 0.000000
3539 780.689 40.250 263.604 -0.959122 44.276 0 2.023 1 0.000000
3540 780.667 40.256 263.587 -0.959080 44.295 0 2.051 1 0.000000
3541 780.667 40.256 263.587 -0.959080 44.295 0 2.051 1 0.000000
3542 780.667 40.256 263.587 -0.959080 44.295 0 2.051 1 0.000000
3543 780.644 40.262 263.571 -0.959045 44.313 0 2.080 1 0.000000
3544 780.621 40.268 263.554 -0.959007 44.332 0 2.108 1 0.000000
3545 780.621 40.268 263.554 -0.959007 44.332 0 2.108 1 0.000000
3546 780.599 40.275 263.538 -0.959591 44.351 0 2.137 1 0.000000
3547 780.599 40.275 263.538 -0.959591 44.351 0 2.137 1 0.000000
3548 780.576 40.282 263.522 -0.960430 44.369 0 2.165 1 0.000000
3549 780.576 40.282 263.522 -0.960430 44.369 0 2.165 1 0.000000
3550 780.554 40.289 263.506 -0.961266 44.387 0 2.193 1 0.000000
3551 780.554 40.289 263.506 -0.961266 44.387 0 2.193 1 0.000000
3552 780.531 40.295 263.490 -0.960747 44.405 0 2.221 1 0.000000
3553 780.531 40.295 263.490 -0.960747 44.405 0 2.221 1 0.000000
3554 780.508 40.301 263.474 -0.960197 44.424 0 2.250 1 0.000000
3555 780.508 40.301 263.474 -0.960197 44.424 0 2.250 1 0.000000
3556 780.484 40.307 263.458 -0.959824 44.442 0 2.279 1 0.000000
3557 780.484 40.307 263.458 -0.959824 44.442 0 2.279 1 0.000000
3558 780.484 40.307 263.458 -0.959824 44.442 0 2.279 1 0.000000
3559 780.461 40.313 263.442 -0.959454 44.460 0 2.307 1 0.000000
3560 780.438 40.319 263.426 -0.959084 44.479 0 2.336 1 0.000000
3561 780.438 40.319 263.426 -0.959084 44.479 0 2.336 1 0.000000
3562 780.415 40.325 263.410 -0.959084 44.497 0 2.364 1 0.000000
3563 780.415 40.325 263.410 -0.959084 44.497 0 2.364 1 0.000000
3564 780.392 40.331 263.393 -0.959110 44.516 0 2.393 1 0.000000
3565 780.370 40.337 263.377 -0.959141 44.535 0 2.421 1 0.000000
3566 780.370 40.337 263.377 -0.959141 44.535 0 2.421 1 0.000000
3567 780.370 40.337 263.377 -0.959141 44.535 0 2.421 1 0.000000
3568 780.347 40.344 263.360 -0.959171 44.554 0 2.450 1 0.000000
3569 780.347 40.344 263.360 -0.959171 44.554 0 2.450 1 0.000000
3570 780.325 40.350 263.344 -0.959202 44.574 0 2.478 1 0.000000
3571 780.325 40.350 263.344 -0.959202 44.574 0 2.478 1 0.000000
3572 780.302 40.356 263.327 -0.959236 44.593 0 2.506 1 0.000000
3573 780.302 40.356 263.327 -0.959236 44.593 0 2.506 1 0.000000
3574 780.279 40.362 263.311 -0.959267 44.612 0 2.535 1 0.000000
3575 780.279 40.362 263.311 -0.959267 44.612 0 2.535 1 0.000000
3576 780.257 40.369 263.294 -0.959297 44.631 0 2.563 1 0.000000
3577 780.257 40.369 263.294 -0.959297 44.631 0 2.563 1 0.000000
3578 780.234 40.375 263.278 -0.959328 44.651 0 2.592 1 0.000000
3579 780.212 40.381 263.261 -0.959354 44.670 0 2.620 1 0.000000
3580 780.212 40.381 263.261 -0.959354 44.670 0 2.620 1 0.000000
3581 780.212 40.381 263.261 -0.959354 44.670 0 2.620 1 0.000000
3582 780.189 40.387 263.245 -0.959389 44.689 0 2.648 1 0.000000
3583 780.189 40.387 263.245 -0.959389 44.689 0 2.648 1 0.000000
3584 780.167 40.394 263.228 -0.959415 44.709 0 2.677 1 0.000000
3585 780.167 40.394 263.228 -0.959415 44.709 0 2.677 1 0.000000
3586 780.144 40.400 263.212 -0.959450 44.728 0 2.705 1 0.000000
3587 780.121 40.406 263.195 -0.959476 44.748 0 2.734 1 0.000000
3588 780.121 40.406 263.195 -0.959476 44.748 0 2.734 1 0.000000
3589 780.099 40.413 263.179 -0.959507 44.767 0 2.762 1 0.000000
3590 780.099 40.413 263.179 -0.959507 44.767 0 2.762 1 0.000000
3591 780.076 40.419 263.162 -0.959541 44.786 0 2.790 1 0.000000
3592 780.076 40.419 263.162 -0.959541 44.786 0 2.790 1 0.000000
3593 780.054 40.425 263.146 -0.959568 44.806 0 2.819 1 0.000000
3594 780.054 40.425 263.146 -0.959568 44.806 0 2.819 1 0.000000
3595 780.031 40.431 263.129 -0.959602 44.826 0 2.847 1 0.000000
3596 780.031 40.431 263.129 -0.959602 44.826 0 2.847 1 0.000000
3597 780.008 40.438 263.113 -0.959633 44.845 0 2.876 1 0.000000
3598 780.008 40.438 263.113 -0.959633 44.845 0 2.876 1 0.000000
3599 779.986 40.444 263.096 -0.959663 44.865 0 2.904 1 0.000000
3600 779.986 40.444 263.096 -0.959663 44.865 0 2.904 1 0.000000
3601 779.963 40.450 263.080 -0.959694 44.884 0 2.932 1 0.000000
3602 779.963 40.450 263.080 -0.959694 44.884 0 2.932 1 0.000000
3603 779.941 40.456 263.063 -0.959724 44.904 0 2.961 1 0.000000
3604 779.918 40.463 263.047 -0.959755 44.924 0 2.989 1 0.000000
3605 779.918 40.463 263.047 -0.959755 44.924 0 2.989 1 0.000000
3606 779.918 40.463 263.047 -0.959755 44.924 0 2.989 1 0.000000
3607 779.895 40.469 263.030 -0.959774 44.943 0 3.017 1 0.000000
3608 779.895 40.469 263.030 -0.959774 44.943 0 3.017 1 0.000000
3609 779.873 40.475 263.014 -0.959816 44.963 0 3.046 1 0.000000
3610 779.873 40.475 263.014 -0.959816 44.963 0 3.046 1 0.000000
3611 779.850 40.481 262.997 -0.959831 44.983 0 3.074 1 0.000000
3612 779.850 40.481 262.997 -0.959831 44.983 0 3.074 1 0.000000
3613 779.828 40.488 262.981 -0.959862 45.003 0 3.103 1 0.000000
3614 779.828 40.488 262.981 -0.959862 45.003 0 3.103 1 0.000000
3615 779.805 40.494 262.965 -0.959892 45.023 0 3.131 1 0.000000
3616 779.782 40.500 262.948 -0.959923 45.043 0 3.160 1 0.000000
3617 779.782 40.500 262.948 -0.959923 45.043 0 3.160 1 0.000000
3618 779.782 40.500 262.948 -0.959923 45.043 0 3.160 1 0.000000
3619 779.760 40.507 262.932 -0.959953 45.063 0 3.188 1 0.000000
3620 779.760 40.507 262.932 -0.959953 45.063 0 3.188 1 0.000000
3621 779.737 40.513 262.915 -0.959984 45.083 0 3.216 1 0.000000
3622 779.737 40.513 262.915 -0.959984 45.083 0 3.216 1 0.000000
3623 779.714 40.519 262.899 -0.960014 45.103 0 3.245 1 0.000000
3624 779.714 40.519 262.899 -0.960014 45.103 0 3.245 1 0.000000
3625 779.692 40.525 262.882 -0.960045 45.123 0 3.273 1 0.000000
3626 779.692 40.525 262.882 -0.960045 45.123 0 3.273 1 0.000000
3627 779.669 40.532 262.866 -0.960075 45.143 0 3.302 1 0.000000
3628 779.669 40.532 262.866 -0.960075 45.143 0 3.302 1 0.000000
3629 779.646 40.538 262.849 -0.960106 45.163 0 3.330 1 0.000000
3630 779.646 40.538 262.849 -0.960106 45.163 0 3.330 1 0.000000
3631 779.624 40.544 262.833 -0.960136 45.183 0 3.359 1 0.000000
3632 779.624 40.544 262.833 -0.960136 45.183 0 3.359 1 0.000000
3633 779.601 40.550 262.816 -0.960167 45.203 0 3.387 1 0.000000
3634 779.601 40.550 262.816 -0.960167 45.203 0 3.387 1 0.000000
3635 779.578 40.557 262.800 -0.960197 45.223 0 3.416 1 0.000000
3636 779.578 40.557 262.800 -0.960197 45.223 0 3.416 1 0.000000
3637 779.556 40.563 262.783 -0.960228 45.244 0 3.444 1 0.000000
3638 779.556 40.563 262.783 -0.960228 45.244 0 3.444 1 0.000000
3639 779.533 40.569 262.767 -0.959877 45.264 0 3.472 1 0.000000
3640 779.533 40.569 262.767 -0.959877 45.264 0 3.472 1 0.000000
3641 779.533 40.569 262.767 -0.959877 45.264 0 3.472 1 0.000000
3642 779.510 40.575 262.750 -0.959663 45.284 0 3.501 1 0.000000
3643 779.488 40.581 262.734 -0.959446 45.304 0 3.529 1 0.000000
3644 779.488 40.581 262.734 -0.959446 45.304 0 3.529 1 0.000000
3645 779.465 40.587 262.717 -0.959232 45.325 0 3.558 1 0.000000
3646 779.465 40.587 262.717 -0.959232 45.325 0 3.558 1 0.000000
3647 779.442 40.593 262.701 -0.959019 45.345 0 3.586 1 0.000000
3648 779.442 40.593 262.701 -0.959019 45.345 0 3.586 1 0.000000
3649 779.419 40.599 262.684 -0.958809 45.366 0 3.615 1 0.000000
3650 779.419 40.599 262.684 -0.958809 45.366 0 3.615 1 0.000000
3651 779.396 40.605 262.668 -0.958591 45.386 0 3.643 1 0.000000
3652 779.396 40.605 262.668 -0.958591 45.386 0 3.643 1 0.000000
3653 779.374 40.611 262.651 -0.958378 45.407 0 3.672 1 0.000000
3654 779.374 40.611 262.651 -0.958378 45.407 0 3.672 1 0.000000
3655 779.351 40.617 262.635 -0.958164 45.427 0 3.700 1 0.000000
3656 779.351 40.617 262.635 -0.958164 45.427 0 3.700 1 0.000000
3657 779.328 40.623 262.618 -0.957951 45.448 0 3.729 1 0.000000
3658 779.328 40.623 262.618 -0.957951 45.448 0 3.729 1 0.000000
3659 779.305 40.629 262.602 -0.957737 45.468 0 3.757 1 0.000000
3660 779.305 40.629 262.602 -0.957737 45.468 0 3.757 1 0.000000
3661 779.283 40.635 262.585 -0.957523 45.489 0 3.786 1 0.000000
3662 779.283 40.635 262.585 -0.957523 45.489 0 3.786 1 0.000000
3663 779.283 40.635 262.585 -0.957523 45.489 0 3.786 1 0.000000
3664 779.260 40.641 262.569 -0.957310 45.510 0 3.814 1 0.000000
3665 779.260 40.641 262.569 -0.957310 45.510 0 3.814 1 0.000000
3666 779.237 40.648 262.552 -0.957096 45.531 0 3.843 1 0.000000
3667 779.237 40.648 262.552 -0.957096 45.531 0 3.843 1 0.000000
3668 779.214 40.654 262.536 -0.956882 45.551 0 3.871 1 0.000000
3669 779.192 40.659 262.519 -0.956505 45.572 0 3.900 1 0.000000
3670 779.192 40.659 262.519 -0.956505 45.572 0 3.900 1 0.000000
3671 779.169 40.665 262.503 -0.955376 45.593 0 3.928 1 0.000000
3672 779.169 40.665 262.503 -0.955376 45.593 0 3.928 1 0.000000
3673 779.146 40.670 262.486 -0.954552 45.615 0 3.957 1 0.000000
3674 779.146 40.670 262.486 -0.954552 45.615 0 3.957 1 0.000000
3675 779.146 40.670 262.486 -0.954552 45.615 0 3.957 1 0.000000
3676 779.100 40.681 262.452 -0.952911 45.658 0 4.014 1 0.000000
3677 779.100 40.681 262.452 -0.952911 45.658 0 4.014 1 0.000000
3678 779.100 40.681 262.452 -0.952911 45.658 0 4.014 1 0.000000
3679 779.077 40.687 262.435 -0.952087 45.679 0 4.043 1 0.000000
3680 779.077 40.687 262.435 -0.952087 45.679 0 4.043 1 0.000000
3681 779.054 40.692 262.418 -0.951263 45.700 0 4.072 1 0.000000
3682 779.054 40.692 262.418 -0.951263 45.700 0 4.072 1 0.000000
3683 779.031 40.697 262.402 -0.950447 45.722 0 4.100 1 0.000000
3684 779.031 40.697 262.402 -0.950447 45.722 0 4.100 1 0.000000
3685 779.008 40.703 262.385 -0.949627 45.743 0 4.129 1 0.000000
3686 779.008 40.703 262.385 -0.949627 45.743 0 4.129 1 0.000000
3687 778.985 40.708 262.368 -0.948807 45.765 0 4.158 1 0.000000
3688 778.985 40.708 262.368 -0.948807 45.765 0 4.158 1 0.000000
3689 778.963 40.714 262.351 -0.947987 45.787 0 4.186 1 0.000000
3690 778.963 40.714 262.351 -0.947987 45.787 0 4.186 1 0.000000
3691 778.940 40.719 262.334 -0.947166 45.808 0 4.215 1 0.000000
3692 778.940 40.719 262.334 -0.947166 45.808 0 4.215 1 0.000000
3693 778.917 40.725 262.317 -0.946346 45.830 0 4.243 1 0.000000
3694 778.917 40.725 262.317 -0.946346 45.830 0 4.243 1 0.000000
3695 778.894 40.730 262.301 -0.945526 45.852 0 4.272 1 0.000000
3696 778.894 40.730 262.301 -0.945526 45.852 0 4.272 1 0.000000
3697 778.871 40.736 262.284 -0.944702 45.873 0 4.301 1 0.000000
3698 778.871 40.736 262.284 -0.944702 45.873 0 4.301 1 0.000000
3699 778.848 40.741 262.267 -0.943882 45.895 0 4.329 1 0.000000
3700 778.848 40.741 262.267 -0.943882 45.895 0 4.329 1 0.000000
3701 778.825 40.747 262.250 -0.943062 45.917 0 4.358 1 0.000000
3702 778.825 40.747 262.250 -0.943062 45.917 0 4.358 1 0.000000
3703 778.802 40.752 262.233 -0.942230 45.939 0 4.387 1 0.000000
3704 778.802 40.752 262.233 -0.942230 45.939 0 4.387 1 0.000000
3705 778.779 40.758 262.217 -0.941414 45.960 0 4.415 1 0.000000
3706 778.779 40.758 262.217 -0.941414 45.960 0 4.415 1 0.000000
3707 778.756 40.763 262.200 -0.940590 45.982 0 4.444 1 0.000000
3708 778.711 40.774 262.166 -0.938950 46.026 0 4.501 1 0.000000
3709 778.711 40.774 262.166 -0.938950 46.026 0 4.501 1 0.000000
3710 778.711 40.774 262.166 -0.938950 46.026 0 4.501 1 0.000000
3711 778.688 40.779 262.149 -0.938129 46.048 0 4.530 1 0.000000
3712 778.665 40.785 262.133 -0.937309 46.070 0 4.559 1 0.000000
3713 778.665 40.785 262.133 -0.937309 46.070 0 4.559 1 0.000000
3714 778.642 40.790 262.116 -0.936489 46.092 0 4.587 1 0.000000
3715 778.642 40.790 262.116 -0.936489 46.092 0 4.587 1 0.000000
3716 778.619 40.796 262.099 -0.935669 46.114 0 4.616 1 0.000000
3717 778.619 40.796 262.099 -0.935669 46.114 0 4.616 1 0.000000
3718 778.596 40.801 262.082 -0.934849 46.137 0 4.645 1 0.000000
3719 778.596 40.801 262.082 -0.934849 46.137 0 4.645 1 0.000000
3720 778.573 40.807 262.066 -0.934025 46.159 0 4.673 1 0.000000
3721 778.573 40.807 262.066 -0.934025 46.159 0 4.673 1 0.000000
3722 778.550 40.812 262.049 -0.933208 46.181 0 4.702 1 0.000000
3723 778.550 40.812 262.049 -0.933208 46.181 0 4.702 1 0.000000
3724 778.526 40.816 262.032 -0.930798 46.203 0 4.731 1 0.000000
3725 778.526 40.816 262.032 -0.930798 46.203 0 4.731 1 0.000000
3726 778.502 40.818 262.015 -0.926567 46.226 0 4.760 1 0.000000
3727 778.502 40.818 262.015 -0.926567 46.226 0 4.760 1 0.000000
3728 778.478 40.820 261.998 -0.922230 46.249 0 4.789 1 0.000000
3729 778.478 40.820 261.998 -0.922230 46.249 0 4.789 1 0.000000
3730 778.454 40.823 261.981 -0.919083 46.271 0 4.818 1 0.000000
3731 778.454 40.823 261.981 -0.919083 46.271 0 4.818 1 0.000000
3732 778.454 40.823 261.981 -0.919083 46.271 0 4.818 1 0.000000
3733 778.405 40.828 261.947 -0.923985 46.317 0 4.877 1 0.000000
3734 778.405 40.828 261.947 -0.923985 46.317 0 4.877 1 0.000000
3735 778.405 40.828 261.947 -0.923985 46.317 0 4.877 1 0.000000
3736 778.381 40.830 261.930 -0.926434 46.340 0 4.906 1 0.000000
3737 778.381 40.830 261.930 -0.926434 46.340 0 4.906 1 0.000000
3738 778.357 40.833 261.913 -0.928886 46.362 0 4.935 1 0.000000
3739 778.357 40.833 261.913 -0.928886 46.362 0 4.935 1 0.000000
3740 778.333 40.835 261.896 -0.931339 46.385 0 5.144 1 0.000000
3741 778.333 40.835 261.896 -0.931339 46.385 0 5.144 1 0.000000
3742 778.308 40.838 261.879 -0.933792 46.408 0 5.173 1 0.000000
3743 778.308 40.838 261.879 -0.933792 46.408 0 5.173 1 0.000000
3744 778.284 40.840 261.862 -0.936245 46.431 0 5.202 1 0.000000
3745 778.284 40.840 261.862 -0.936245 46.431 0 5.202 1 0.000000
3746 778.260 40.843 261.845 -0.938694 46.454 0 5.231 1 0.000000
3747 778.260 40.843 261.845 -0.938694 46.454 0 5.231 1 0.000000
3748 778.236 40.845 261.828 -0.941147 46.477 0 5.261 1 0.000000
3749 778.236 40.845 261.828 -0.941147 46.477 0 5.261 1 0.000000
3750 778.211 40.847 261.811 -0.943600 46.500 0 5.290 1 0.000000
3751 778.211 40.847 261.811 -0.943600 46.500 0 5.290 1 0.000000
3752 778.187 40.850 261.794 -0.946049 46.524 0 5.319 1 0.000000
3753 778.187 40.850 261.794 -0.946049 46.524 0 5.319 1 0.000000
3754 778.163 40.852 261.777 -0.948498 46.547 0 5.348 1 0.000000
3755 778.163 40.852 261.777 -0.948498 46.547 0 5.348 1 0.000000
3756 778.139 40.855 261.760 -0.950947 46.570 0 5.377 1 0.000000
3757 778.139 40.855 261.760 -0.950947 46.570 0 5.377 1 0.000000
3758 778.115 40.857 261.743 -0.953396 46.593 0 5.406 1 0.000000
3759 778.115 40.857 261.743 -0.953396 46.593 0 5.406 1 0.000000
3760 778.091 40.860 261.726 -0.955845 46.617 0 5.435 1 0.000000
3761 778.091 40.860 261.726 -0.955845 46.617 0 5.435 1 0.000000
3762 778.066 40.862 261.709 -0.958294 46.640 0 5.465 1 0.000000
3763 778.066 40.862 261.709 -0.958294 46.640 0 5.465 1 0.000000
3764 778.042 40.865 261.692 -0.960743 46.663 0 5.494 1 0.000000
3765 778.042 40.865 261.692 -0.960743 46.663 0 5.494 1 0.000000
3766 778.018 40.867 261.675 -0.963192 46.687 0 5.523 1 0.000000
3767 778.018 40.867 261.675 -0.963192 46.687 0 5.523 1 0.000000
3768 777.994 40.869 261.658 -0.965641 46.710 0 5.552 1 0.000000
3769 777.994 40.869 261.658 -0.965641 46.710 0 5.552 1 0.000000
3770 777.970 40.872 261.641 -0.968090 46.734 0 5.581 1 0.000000
3771 777.970 40.872 261.641 -0.968090 46.734 0 5.581 1 0.000000
3772 777.946 40.874 261.624 -0.970539 46.757 0 5.610 1 0.000000
3773 777.946 40.874 261.624 -0.970539 46.757 0 5.610 1 0.000000
3774 777.921 40.877 261.607 -0.972988 46.781 0 5.640 1 0.000000
3775 777.921 40.877 261.607 -0.972988 46.781 0 5.640 1 0.000000
3776 777.897 40.879 261.590 -0.975437 46.805 0 5.669 1 0.000000
3777 777.897 40.879 261.590 -0.975437 46.805 0 5.669 1 0.000000
3778 777.873 40.882 261.573 -0.977886 46.828 0 5.698 1 0.000000
3779 777.873 40.882 261.573 -0.977886 46.828 0 5.698 1 0.000000
3780 777.849 40.884 261.556 -0.980335 46.852 0 5.727 1 0.000000
3781 777.825 40.887 261.539 -0.982784 46.876 0 5.756 1 0.000000
3782 777.825 40.887 261.539 -0.982784 46.876 0 5.756 1 0.000000
3783 777.825 40.887 261.539 -0.982784 46.876 0 5.756 1 0.000000
3784 777.801 40.889 261.522 -0.985233 46.900 0 5.785 1 0.000000
3785 777.801 40.889 261.522 -0.985233 46.900 0 5.785 1 0.000000
3786 777.776 40.892 261.505 -0.987713 46.924 0 5.814 1 0.000000
3787 777.776 40.892 261.505 -0.987713 46.924 0 5.814 1 0.000000
3788 777.752 40.894 261.488 -0.990189 46.947 0 5.844 1 0.000000
3789 777.752 40.894 261.488 -0.990189 46.947 0 5.844 1 0.000000
3790 777.728 40.897 261.471 -0.992661 46.971 0 5.873 1 0.000000
3791 777.728 40.897 261.471 -0.992661 46.971 0 5.873 1 0.000000
3792 777.704 40.899 261.454 -0.995136 46.995 0 5.902 1 0.000000
3793 777.704 40.899 261.454 -0.995136 46.995 0 5.902 1 0.000000
3794 777.680 40.901 261.437 -0.985075 47.019 0 5.931 1 0.000000
3795 777.680 40.901 261.437 -0.985075 47.019 0 5.931 1 0.000000
3796 777.656 40.904 261.420 -0.961141 47.044 0 5.960 1 0.000000
3797 777.656 40.904 261.420 -0.961141 47.044 0 5.960 1 0.000000
3798 777.631 40.906 261.403 -0.936924 47.068 0 5.989 1 0.000000
3799 777.607 40.909 261.386 -0.912442 47.092 0 6.019 1 0.000000
3800 777.607 40.909 261.386 -0.912442 47.092 0 6.019 1 0.000000
3801 777.583 40.911 261.369 -0.887713 47.116 0 6.048 1 0.000000
3802 777.583 40.911 261.369 -0.887713 47.116 0 6.048 1 0.000000
3803 777.559 40.914 261.352 -0.862753 47.141 0 6.077 1 0.000000
3804 777.535 40.916 261.335 -0.837577 47.165 0 6.106 1 0.000000
3805 777.535 40.916 261.335 -0.837577 47.165 0 6.106 1 0.000000
3806 777.511 40.919 261.318 -0.829086 47.189 0 6.135 1 0.000000
3807 777.486 40.921 261.301 -0.826740 47.214 0 6.164 1 0.000000
3808 777.462 40.923 261.284 -0.824482 47.238 0 6.194 1 0.000000
3809 777.462 40.923 261.284 -0.824482 47.238 0 6.194 1 0.000000
3810 777.438 40.925 261.267 -0.822227 47.263 0 6.223 1 0.000000
3811 777.438 40.925 261.267 -0.822227 47.263 0 6.223 1 0.000000
3812 777.389 40.929 261.232 -0.817715 47.312 0 6.281 1 0.000000
3813 777.365 40.931 261.215 -0.815468 47.337 0 6.311 1 0.000000
3814 777.365 40.931 261.215 -0.815468 47.337 0 6.311 1 0.000000
3815 777.341 40.933 261.198 -0.813213 47.362 0 6.340 1 0.000000
3816 777.341 40.933 261.198 -0.813213 47.362 0 6.340 1 0.000000
3817 777.341 40.933 261.198 -0.813213 47.362 0 6.340 1 0.000000
3818 777.316 40.935 261.181 -0.810963 47.386 0 6.369 1 0.000000
3819 777.316 40.935 261.181 -0.810963 47.386 0 6.369 1 0.000000
3820 777.292 40.937 261.164 -0.808708 47.411 0 6.398 1 0.000000
3821 777.268 40.940 261.147 -0.806458 47.436 0 6.427 1 0.000000
3822 777.268 40.940 261.147 -0.806458 47.436 0 6.427 1 0.000000
3823 777.268 40.940 261.147 -0.806458 47.436 0 6.427 1 0.000000
3824 777.244 40.942 261.130 -0.804207 47.461 0 6.457 1 0.000000
3825 777.219 40.944 261.113 -0.801949 47.486 0 6.486 1 0.000000
3826 777.219 40.944 261.113 -0.801949 47.486 0 6.486 1 0.000000
3827 777.195 40.946 261.096 -0.799698 47.511 0 6.515 1 0.000000
3828 777.195 40.946 261.096 -0.799698 47.511 0 6.515 1 0.000000
3829 777.171 40.948 261.079 -0.797447 47.536 0 6.544 1 0.000000
3830 777.171 40.948 261.079 -0.797447 47.536 0 6.544 1 0.000000
3831 777.171 40.948 261.079 -0.797447 47.536 0 6.544 1 0.000000
3832 777.147 40.950 261.062 -0.795193 47.561 0 6.573 1 0.000000
3833 777.147 40.950 261.062 -0.795193 47.561 0 6.573 1 0.000000
3834 777.123 40.952 261.045 -0.792938 47.587 0 6.603 1 0.000000
3835 777.098 40.954 261.027 -0.790684 47.612 0 6.632 1 0.000000
3836 777.098 40.954 261.027 -0.790684 47.612 0 6.632 1 0.000000
3837 777.074 40.956 261.010 -0.788433 47.637 0 6.661 1 0.000000
3838 777.074 40.956 261.010 -0.788433 47.637 0 6.661 1 0.000000
3839 777.050 40.958 260.993 -0.786182 47.663 0 6.690 1 0.000000
3840 777.050 40.958 260.993 -0.786182 47.663 0 6.690 1 0.000000
3841 777.050 40.958 260.993 -0.786182 47.663 0 6.690 1 0.000000
3842 777.026 40.962 260.977 -0.785206 47.687 0 6.719 1 0.000000
3843 777.026 40.962 260.977 -0.785206 47.687 0 6.719 1 0.000000
3844 777.002 40.970 260.964 -0.789776 47.707 0 6.746 1 0.000000
3845 777.002 40.970 260.964 -0.789776 47.707 0 6.746 1 0.000000
3846 776.980 40.979 260.950 -0.794731 47.727 0 6.772 1 0.000000
3847 776.959 40.988 260.936 -0.800014 47.749 0 6.798 1 0.000000
3848 776.959 40.988 260.936 -0.800014 47.749 0 6.798 1 0.000000
3849 776.939 40.998 260.920 -0.805611 47.772 0 6.824 1 0.000000
3850 776.939 40.998 260.920 -0.805611 47.772 0 6.824 1 0.000000
3851 776.921 41.008 260.904 -0.811512 47.796 0 6.850 1 0.000000
3852 776.921 41.008 260.904 -0.811512 47.796 0 6.850 1 0.000000
3853 776.903 41.018 260.886 -0.817692 47.822 0 6.876 1 0.000000
3854 776.903 41.018 260.886 -0.817692 47.822 0 6.876 1 0.000000
3855 776.887 41.028 260.868 -0.824135 47.849 0 6.902 1 0.000000
3856 776.872 41.038 260.849 -0.830830 47.876 0 6.927 1 0.000000
3857 776.859 41.049 260.829 -0.837757 47.905 0 6.952 1 0.000000
3858 776.859 41.049 260.829 -0.837757 47.905 0 6.952 1 0.000000
3859 776.846 41.060 260.809 -0.844849 47.934 0 6.977 1 0.000000
3860 776.846 41.060 260.809 -0.844849 47.934 0 6.977 1 0.000000
3861 776.834 41.070 260.788 -0.851940 47.964 0 7.001 1 0.000000
3862 776.834 41.070 260.788 -0.851940 47.964 0 7.001 1 0.000000
3863 776.822 41.081 260.768 -0.859020 47.993 0 7.026 1 0.000000
3864 776.822 41.081 260.768 -0.859020 47.993 0 7.026 1 0.000000
3865 776.809 41.092 260.747 -0.866119 48.023 0 7.050 1 0.000000
3866 776.809 41.092 260.747 -0.866119 48.023 0 7.050 1 0.000000
3867 776.797 41.103 260.727 -0.873219 48.052 0 7.075 1 0.000000
3868 776.797 41.103 260.727 -0.873219 48.052 0 7.075 1 0.000000
3869 776.784 41.113 260.706 -0.880314 48.082 0 7.099 1 0.000000
3870 776.772 41.124 260.686 -0.887413 48.112 0 7.124 1 0.000000
3871 776.772 41.124 260.686 -0.887413 48.112 0 7.124 1 0.000000
3872 776.760 41.136 260.666 -0.895210 48.141 0 7.148 1 0.000000
3873 776.760 41.136 260.666 -0.895210 48.141 0 7.148 1 0.000000
3874 776.760 41.136 260.666 -0.895210 48.141 0 7.148 1 0.000000
3875 776.747 41.146 260.645 -0.901981 48.171 0 7.173 1 0.000000
3876 776.747 41.146 260.645 -0.901981 48.171 0 7.173 1 0.000000
3877 776.735 41.155 260.623 -0.907330 48.202 0 7.198 1 0.000000
3878 776.722 41.163 260.600 -0.911087 48.236 0 7.225 1 0.000000
3879 776.722 41.163 260.600 -0.911087 48.236 0 7.225 1 0.000000
3880 776.708 41.169 260.576 -0.913013 48.272 0 7.252 1 0.000000
3881 776.708 41.169 260.576 -0.913013 48.272 0 7.252 1 0.000000
3882 776.695 41.175 260.551 -0.915047 48.307 0 7.280 1 0.000000
3883 776.695 41.175 260.551 -0.915047 48.307 0 7.280 1 0.000000
3884 776.682 41.181 260.527 -0.917477 48.343 0 7.307 1 0.000000
3885 776.668 41.188 260.502 -0.919907 48.379 0 7.334 1 0.000000
3886 776.668 41.188 260.502 -0.919907 48.379 0 7.334 1 0.000000
3887 776.655 41.194 260.478 -0.922333 48.414 0 7.362 1 0.000000
3888 776.655 41.194 260.478 -0.922333 48.414 0 7.362 1 0.000000
3889 776.642 41.201 260.453 -0.924763 48.450 0 7.389 1 0.000000
3890 776.642 41.201 260.453 -0.924763 48.450 0 7.389 1 0.000000
3891 776.628 41.207 260.429 -0.927189 48.486 0 7.416 1 0.000000
3892 776.628 41.207 260.429 -0.927189 48.486 0 7.416 1 0.000000
3893 776.615 41.214 260.405 -0.929615 48.522 0 7.444 1 0.000000
3894 776.602 41.220 260.380 -0.932041 48.558 0 7.471 1 0.000000
3895 776.602 41.220 260.380 -0.932041 48.558 0 7.471 1 0.000000
3896 776.589 41.227 260.356 -0.934475 48.594 0 7.499 1 0.000000
3897 776.522 41.259 260.233 -0.946259 48.775 0 7.636 1 0.000000
3898 776.522 41.259 260.233 -0.946259 48.775 0 7.636 1 0.000000
3899 776.522 41.259 260.233 -0.946259 48.775 0 7.636 1 0.000000
3900 776.508 41.265 260.209 -0.948544 48.811 0 7.663 1 0.000000
3901 776.508 41.265 260.209 -0.948544 48.811 0 7.663 1 0.000000
3902 776.495 41.272 260.184 -0.950829 48.848 0 7.691 1 0.000000
3903 776.495 41.272 260.184 -0.950829 48.848 0 7.691 1 0.000000
3904 776.482 41.278 260.160 -0.953121 48.884 0 7.718 1 0.000000
3905 776.482 41.278 260.160 -0.953121 48.884 0 7.718 1 0.000000
3906 776.468 41.285 260.135 -0.955406 48.921 0 7.746 1 0.000000
3907 776.468 41.285 260.135 -0.955406 48.921 0 7.746 1 0.000000
3908 776.455 41.291 260.111 -0.957703 48.958 0 7.773 1 0.000000
3909 776.441 41.297 260.086 -0.959988 48.994 0 7.800 1 0.000000
3910 776.441 41.297 260.086 -0.959988 48.994 0 7.800 1 0.000000
3911 776.428 41.304 260.062 -0.962280 49.031 0 7.828 1 0.000000
3912 776.428 41.304 260.062 -0.962280 49.031 0 7.828 1 0.000000
3913 776.415 41.310 260.037 -0.964569 49.068 0 7.855 1 0.000000
3914 776.401 41.316 260.013 -0.966862 49.105 0 7.883 1 0.000000
3915 776.401 41.316 260.013 -0.966862 49.105 0 7.883 1 0.000000
3916 776.401 41.316 260.013 -0.966862 49.105 0 7.883 1 0.000000
3917 776.388 41.323 259.988 -0.969151 49.141 0 7.910 1 0.000000
3918 776.388 41.323 259.988 -0.969151 49.141 0 7.910 1 0.000000
3919 776.388 41.323 259.988 -0.969151 49.141 0 7.910 1 0.000000
3920 776.375 41.329 259.964 -0.971443 49.178 0 7.938 1 0.000000
3921 776.361 41.335 259.939 -0.973728 49.215 0 7.965 1 0.000000
3922 776.361 41.335 259.939 -0.973728 49.215 0 7.965 1 0.000000
3923 776.361 41.335 259.939 -0.973728 49.215 0 7.965 1 0.000000
3924 776.348 41.342 259.915 -0.976017 49.252 0 7.992 1 0.000000
3925 776.348 41.342 259.915 -0.976017 49.252 0 7.992 1 0.000000
3926 776.334 41.348 259.890 -0.978310 49.290 0 8.020 1 0.000000
3927 776.334 41.348 259.890 -0.978310 49.290 0 8.020 1 0.000000
3928 776.321 41.355 259.866 -0.980598 49.327 0 8.047 1 0.000000
3929 776.308 41.361 259.841 -0.982891 49.364 0 8.075 1 0.000000
3930 776.308 41.361 259.841 -0.982891 49.364 0 8.075 1 0.000000
3931 776.294 41.367 259.817 -0.985180 49.401 0 8.102 1 0.000000
3932 776.281 41.374 259.792 -0.987469 49.439 0 8.130 1 0.000000
3933 776.281 41.374 259.792 -0.987469 49.439 0 8.130 1 0.000000
3934 776.281 41.374 259.792 -0.987469 49.439 0 8.130 1 0.000000
3935 776.268 41.380 259.768 -0.989758 49.476 0 8.157 1 0.000000
3936 776.227 41.399 259.694 -0.996632 49.589 0 8.239 1 0.000000
3937 776.227 41.399 259.694 -0.996632 49.589 0 8.239 1 0.000000
3938 776.214 41.406 259.669 -0.998924 49.626 0 8.267 1 0.000000
3939 776.214 41.406 259.669 -0.998924 49.626 0 8.267 1 0.000000
3940 776.201 41.412 259.645 -1.001217 49.664 0 8.294 1 0.000000
3941 776.201 41.412 259.645 -1.001217 49.664 0 8.294 1 0.000000
3942 776.187 41.418 259.620 -1.003513 49.702 0 8.322 1 0.000000
3943 776.187 41.418 259.620 -1.003513 49.702 0 8.322 1 0.000000
3944 776.174 41.425 259.596 -1.005814 49.739 0 8.349 1 0.000000
3945 776.174 41.425 259.596 -1.005814 49.739 0 8.349 1 0.000000
3946 776.174 41.425 259.596 -1.005814 49.739 0 8.349 1 0.000000
3947 776.161 41.431 259.571 -1.008110 49.777 0 8.377 1 0.000000
3948 776.147 41.437 259.546 -1.009624 49.816 0 8.404 1 0.000000
3949 776.147 41.437 259.546 -1.009624 49.816 0 8.404 1 0.000000
3950 776.147 41.437 259.546 -1.009624 49.816 0 8.404 1 0.000000
3951 776.134 41.440 259.520 -1.008709 49.856 0 8.432 1 0.000000
3952 776.120 41.444 259.495 -1.008522 49.895 0 8.460 1 0.000000
3953 776.120 41.444 259.495 -1.008522 49.895 0 8.460 1 0.000000
3954 776.107 41.448 259.469 -1.008400 49.935 0 8.488 1 0.000000
3955 776.107 41.448 259.469 -1.008400 49.935 0 8.488 1 0.000000
3956 776.107 41.448 259.469 -1.008400 49.935 0 8.488 1 0.000000
3957 776.093 41.452 259.443 -1.008278 49.975 0 8.516 1 0.000000
3958 776.093 41.452 259.443 -1.008278 49.975 0 8.516 1 0.000000
3959 776.080 41.456 259.417 -1.008156 50.015 0 8.544 1 0.000000
3960 776.066 41.460 259.392 -1.008038 50.055 0 8.572 1 0.000000
3961 776.066 41.460 259.392 -1.008038 50.055 0 8.572 1 0.000000
3962 776.053 41.464 259.366 -1.007915 50.096 0 8.600 1 0.000000
3963 776.039 41.468 259.340 -1.007797 50.136 0 8.628 1 0.000000
3964 776.039 41.468 259.340 -1.007797 50.136 0 8.628 1 0.000000
3965 776.039 41.468 259.340 -1.007797 50.136 0 8.628 1 0.000000
3966 776.026 41.472 259.314 -1.007671 50.176 0 8.656 1 0.000000
3967 776.026 41.472 259.314 -1.007671 50.176 0 8.656 1 0.000000
3968 776.012 41.476 259.289 -1.007549 50.216 0 8.685 1 0.000000
3969 776.012 41.476 259.289 -1.007549 50.216 0 8.685 1 0.000000
3970 775.999 41.480 259.263 -1.007431 50.257 0 8.713 1 0.000000
3971 775.999 41.480 259.263 -1.007431 50.257 0 8.713 1 0.000000
3972 775.985 41.484 259.237 -1.007309 50.297 0 8.741 1 0.000000
3973 775.985 41.484 259.237 -1.007309 50.297 0 8.741 1 0.000000
3974 775.972 41.488 259.211 -1.007191 50.338 0 8.769 1 0.000000
3975 775.958 41.493 259.186 -1.007069 50.378 0 8.797 1 0.000000
3976 775.958 41.493 259.186 -1.007069 50.378 0 8.797 1 0.000000
3977 775.958 41.493 259.186 -1.007069 50.378 0 8.797 1 0.000000
3978 775.945 41.497 259.160 -1.006947 50.419 0 8.825 1 0.000000
3979 775.932 41.501 259.134 -1.006824 50.460 0 8.853 1 0.000000
3980 775.932 41.501 259.134 -1.006824 50.460 0 8.853 1 0.000000
3981 775.918 41.505 259.108 -1.006702 50.500 0 8.881 1 0.000000
3982 775.918 41.505 259.108 -1.006702 50.500 0 8.881 1 0.000000
3983 775.905 41.509 259.083 -1.006584 50.541 0 8.909 1 0.000000
3984 775.905 41.509 259.083 -1.006584 50.541 0 8.909 1 0.000000
3985 775.891 41.513 259.057 -1.006462 50.582 0 8.937 1 0.000000
3986 775.891 41.513 259.057 -1.006462 50.582 0 8.937 1 0.000000
3987 775.878 41.517 259.031 -1.006340 50.623 0 8.965 1 0.000000
3988 775.878 41.517 259.031 -1.006340 50.623 0 8.965 1 0.000000
3989 775.864 41.521 259.005 -1.006222 50.664 0 8.993 1 0.000000
3990 775.864 41.521 259.005 -1.006222 50.664 0 8.993 1 0.000000
3991 775.851 41.525 258.980 -1.006100 50.705 0 9.021 1 0.000000
3992 775.851 41.525 258.980 -1.006100 50.705 0 9.021 1 0.000000
3993 775.837 41.529 258.954 -1.005974 50.746 0 9.049 1 0.000000
3994 775.837 41.529 258.954 -1.005974 50.746 0 9.049 1 0.000000
3995 775.824 41.533 258.928 -1.005856 50.788 0 9.077 1 0.000000
3996 775.810 41.537 258.902 -1.006172 50.829 0 9.105 1 0.000000
3997 775.810 41.537 258.902 -1.006172 50.829 0 9.105 1 0.000000
3998 775.795 41.543 258.879 -1.007706 50.867 0 9.133 1 0.000000
3999 775.795 41.543 258.879 -1.007706 50.867 0 9.133 1 0.000000
4000 775.780 41.549 258.855 -1.009254 50.906 0 9.161 1 0.000000
4001 775.780 41.549 258.855 -1.009254 50.906 0 9.161 1 0.000000
4002 775.765 41.555 258.831 -1.010799 50.945 0 9.189 1 0.000000
4003 775.750 41.560 258.807 -1.012360 50.984 0 9.217 1 0.000000
4004 775.750 41.560 258.807 -1.012360 50.984 0 9.217 1 0.000000
4005 775.735 41.566 258.783 -1.013927 51.022 0 9.245 1 0.000000
4006 775.735 41.566 258.783 -1.013927 51.022 0 9.245 1 0.000000
4007 775.720 41.572 258.759 -1.015491 51.061 0 9.273 1 0.000000
4008 775.720 41.572 258.759 -1.015491 51.061 0 9.273 1 0.000000
4009 775.705 41.578 258.736 -1.017071 51.100 0 9.301 1 0.000000
4010 775.705 41.578 258.736 -1.017071 51.100 0 9.301 1 0.000000
4011 775.690 41.583 258.712 -1.013563 51.140 0 9.329 1 0.000000
4012 775.690 41.583 258.712 -1.013563 51.140 0 9.329 1 0.000000
4013 775.675 41.589 258.688 -1.007280 51.179 0 9.357 1 0.000000
4014 775.675 41.589 258.688 -1.007280 51.179 0 9.357 1 0.000000
4015 775.660 41.595 258.664 -1.000929 51.218 0 9.385 1 0.000000
4016 775.660 41.595 258.664 -1.000929 51.218 0 9.385 1 0.000000
4017 775.645 41.601 258.640 -0.994626 51.257 0 9.413 1 0.000000
4018 775.645 41.601 258.640 -0.994626 51.257 0 9.413 1 0.000000
4019 775.630 41.606 258.616 -0.988207 51.297 0 9.441 1 0.000000
4020 775.630 41.606 258.616 -0.988207 51.297 0 9.441 1 0.000000
4021 775.615 41.612 258.592 -0.981800 51.336 0 9.469 1 0.000000
4022 775.615 41.612 258.592 -0.981800 51.336 0 9.469 1 0.000000
4023 775.601 41.615 258.567 -0.974287 51.378 0 9.498 1 0.000000
4024 775.601 41.615 258.567 -0.974287 51.378 0 9.498 1 0.000000
4025 775.587 41.619 258.542 -0.966753 51.419 0 9.526 1 0.000000
4026 775.587 41.619 258.542 -0.966753 51.419 0 9.526 1 0.000000
4027 775.572 41.623 258.516 -0.959205 51.461 0 9.554 1 0.000000
4028 775.572 41.623 258.516 -0.959205 51.461 0 9.554 1 0.000000
4029 775.558 41.627 258.491 -0.951674 51.503 0 9.583 1 0.000000
4030 775.558 41.627 258.491 -0.951674 51.503 0 9.583 1 0.000000
4031 775.543 41.631 258.466 -0.944173 51.544 0 9.611 1 0.000000
4032 775.543 41.631 258.466 -0.944173 51.544 0 9.611 1 0.000000
4033 775.529 41.634 258.441 -0.936621 51.586 0 9.639 1 0.000000
4034 775.529 41.634 258.441 -0.936621 51.586 0 9.639 1 0.000000
4035 775.514 41.638 258.415 -0.929050 51.628 0 9.668 1 0.000000
4036 775.514 41.638 258.415 -0.929050 51.628 0 9.668 1 0.000000
4037 775.500 41.642 258.390 -0.921429 51.670 0 9.696 1 0.000000
4038 775.500 41.642 258.390 -0.921429 51.670 0 9.696 1 0.000000
4039 775.485 41.646 258.365 -0.913837 51.712 0 9.724 1 0.000000
4040 775.485 41.646 258.365 -0.913837 51.712 0 9.724 1 0.000000
4041 775.485 41.646 258.365 -0.913837 51.712 0 9.724 1 0.000000
4042 775.471 41.650 258.340 -0.906195 51.754 0 9.752 1 0.000000
4043 775.457 41.654 258.314 -0.898570 51.796 0 9.781 1 0.000000
4044 775.457 41.654 258.314 -0.898570 51.796 0 9.781 1 0.000000
4045 775.443 41.659 258.289 -0.890664 51.838 0 9.809 1 0.000000
4046 775.429 41.664 258.264 -0.882689 51.880 0 9.836 1 0.000000
4047 775.429 41.664 258.264 -0.882689 51.880 0 9.836 1 0.000000
4048 775.416 41.670 258.239 -0.874714 51.922 0 9.864 1 0.000000
4049 775.416 41.670 258.239 -0.874714 51.922 0 9.864 1 0.000000
4050 775.402 41.675 258.214 -0.866720 51.964 0 9.892 1 0.000000
4051 775.402 41.675 258.214 -0.866720 51.964 0 9.892 1 0.000000
4052 775.388 41.680 258.189 -0.858743 52.006 0 9.920 1 0.000000
4053 775.388 41.680 258.189 -0.858743 52.006 0 9.920 1 0.000000
4054 775.375 41.685 258.164 -0.850748 52.048 0 9.948 1 0.000000
4055 775.375 41.685 258.164 -0.850748 52.048 0 9.948 1 0.000000
4056 775.361 41.691 258.139 -0.842684 52.090 0 9.976 1 0.000000
4057 775.361 41.691 258.139 -0.842684 52.090 0 9.976 1 0.000000
4058 775.347 41.696 258.114 -0.834638 52.132 0 10.003 1 0.000000
4059 775.347 41.696 258.114 -0.834638 52.132 0 10.003 1 0.000000
4060 775.334 41.701 258.089 -0.826622 52.174 0 10.031 1 0.000000
4061 775.334 41.701 258.089 -0.826622 52.174 0 10.031 1 0.000000
4062 775.320 41.706 258.064 -0.818556 52.217 0 10.059 1 0.000000
4063 775.320 41.706 258.064 -0.818556 52.217 0 10.059 1 0.000000
4064 775.307 41.711 258.039 -0.810423 52.259 0 10.087 1 0.000000
4065 775.307 41.711 258.039 -0.810423 52.259 0 10.087 1 0.000000
4066 775.293 41.717 258.014 -0.802319 52.302 0 10.115 1 0.000000
4067 775.293 41.717 258.014 -0.802319 52.302 0 10.115 1 0.000000
4068 775.280 41.722 257.989 -0.794232 52.344 0 10.143 1 0.000000
4069 775.280 41.722 257.989 -0.794232 52.344 0 10.143 1 0.000000
4070 775.266 41.727 257.964 -0.786097 52.387 0 10.170 1 0.000000
4071 775.266 41.727 257.964 -0.786097 52.387 0 10.170 1 0.000000
4072 775.253 41.732 257.938 -0.777924 52.429 0 10.198 1 0.000000
4073 775.253 41.732 257.938 -0.777924 52.429 0 10.198 1 0.000000
4074 775.239 41.738 257.913 -0.769701 52.472 0 10.226 1 0.000000
4075 775.226 41.743 257.888 -0.761546 52.515 0 10.254 1 0.000000
4076 775.226 41.743 257.888 -0.761546 52.515 0 10.254 1 0.000000
4077 775.212 41.748 257.863 -0.753303 52.558 0 10.281 1 0.000000
4078 775.212 41.748 257.863 -0.753303 52.558 0 10.281 1 0.000000
4079 775.199 41.753 257.838 -0.745061 52.601 0 10.309 1 0.000000
4080 775.185 41.759 257.813 -0.736817 52.644 0 10.337 1 0.000000
4081 775.185 41.759 257.813 -0.736817 52.644 0 10.337 1 0.000000
4082 775.172 41.764 257.788 -0.728574 52.687 0 10.365 1 0.000000
4083 775.172 41.764 257.788 -0.728574 52.687 0 10.365 1 0.000000
4084 775.159 41.769 257.762 -0.720292 52.730 0 10.392 1 0.000000
4085 775.159 41.769 257.762 -0.720292 52.730 0 10.392 1 0.000000
4086 775.145 41.774 257.737 -0.711961 52.774 0 10.420 1 0.000000
4087 775.145 41.774 257.737 -0.711961 52.774 0 10.420 1 0.000000
4088 775.133 41.780 257.711 -0.702229 52.818 0 10.447 1 0.000000
4089 775.133 41.780 257.711 -0.702229 52.818 0 10.447 1 0.000000
4090 775.123 41.786 257.685 -0.691126 52.862 0 10.474 1 0.000000
4091 775.123 41.786 257.685 -0.691126 52.862 0 10.474 1 0.000000
4092 775.114 41.791 257.658 -0.678603 52.907 0 10.500 1 0.000000
4093 775.114 41.791 257.658 -0.678603 52.907 0 10.500 1 0.000000
4094 775.106 41.797 257.631 -0.664764 52.953 0 10.525 1 0.000000
4095 775.106 41.797 257.631 -0.664764 52.953 0 10.525 1 0.000000
4096 775.100 41.803 257.604 -0.649590 52.998 0 10.549 1 0.000000
4097 775.100 41.803 257.604 -0.649590 52.998 0 10.549 1 0.000000
4098 775.096 41.810 257.576 -0.633215 53.044 0 10.573 1 0.000000
4099 775.096 41.810 257.576 -0.633215 53.044 0 10.573 1 0.000000
4100 775.093 41.814 257.548 -0.615124 53.091 0 10.595 1 0.000000
4101 775.092 41.818 257.519 -0.595687 53.138 0 10.617 1 0.000000
4102 775.092 41.818 257.519 -0.595687 53.138 0 10.617 1 0.000000
4103 775.092 41.818 257.519 -0.595687 53.138 0 10.617 1 0.000000
4104 775.092 41.823 257.490 -0.575160 53.185 0 14.316 1 0.000000
4105 775.092 41.823 257.490 -0.575160 53.185 0 14.316 1 0.000000
4106 775.094 41.828 257.461 -0.553601 53.231 0 14.330 1 0.000000
4107 775.098 41.832 257.433 -0.531047 53.276 0 14.346 1 0.000000
4108 775.098 41.832 257.433 -0.531047 53.276 0 14.346 1 0.000000
4109 775.098 41.832 257.433 -0.531047 53.276 0 14.346 1 0.000000
4110 775.103 41.837 257.404 -0.507517 53.321 0 14.363 1 0.000000
4111 775.109 41.842 257.376 -0.483193 53.365 0 14.382 1 0.000000
4112 775.109 41.842 257.376 -0.483193 53.365 0 14.382 1 0.000000
4113 775.117 41.847 257.349 -0.458045 53.408 0 14.401 1 0.000000
4114 775.117 41.847 257.349 -0.458045 53.408 0 14.401 1 0.000000
4115 775.127 41.852 257.322 -0.432160 53.450 0 14.422 1 0.000000
4116 775.127 41.852 257.322 -0.432160 53.450 0 14.422 1 0.000000
4117 775.138 41.857 257.295 -0.405844 53.491 0 14.443 1 0.000000
4118 775.138 41.857 257.295 -0.405844 53.491 0 14.443 1 0.000000
4119 775.147 41.868 257.273 -0.383807 53.526 0 14.463 1 0.000000
4120 775.147 41.868 257.273 -0.383807 53.526 0 14.463 1 0.000000
4121 775.150 41.881 257.255 -0.368785 53.554 0 14.476 1 0.000000
4122 775.154 41.894 257.238 -0.353630 53.580 0 14.490 1 0.000000
4123 775.154 41.894 257.238 -0.353630 53.580 0 14.490 1 0.000000
4124 775.160 41.907 257.222 -0.338361 53.605 0 14.505 1 0.000000
4125 775.160 41.907 257.222 -0.338361 53.605 0 14.505 1 0.000000
4126 775.167 41.920 257.207 -0.323063 53.628 0 14.520 1 0.000000
4127 775.174 41.933 257.194 -0.323498 53.648 0 14.536 1 0.000000
4128 775.174 41.933 257.194 -0.323498 53.648 0 14.536 1 0.000000
4129 775.183 41.947 257.181 -0.332806 53.667 0 14.553 1 0.000000
4130 775.183 41.947 257.181 -0.332806 53.667 0 14.553 1 0.000000
4131 775.193 41.961 257.170 -0.342754 53.683 0 14.569 1 0.000000
4132 775.193 41.961 257.170 -0.342754 53.683 0 14.569 1 0.000000
4133 775.203 41.975 257.161 -0.352234 53.694 0 14.585 1 0.000000
4134 775.214 41.988 257.154 -0.361572 53.704 0 14.602 1 0.000000
4135 775.214 41.988 257.154 -0.361572 53.704 0 14.602 1 0.000000
4136 775.227 42.002 257.148 -0.370754 53.711 0 14.618 1 0.000000
4137 775.239 42.015 257.142 -0.379902 53.718 0 14.635 1 0.000000
4138 775.239 42.015 257.142 -0.379902 53.718 0 14.635 1 0.000000
4139 775.252 42.029 257.136 -0.389061 53.725 0 14.652 1 0.000000
4140 775.252 42.029 257.136 -0.389061 53.725 0 14.652 1 0.000000
4141 775.264 42.042 257.130 -0.398220 53.732 0 14.669 1 0.000000
4142 775.276 42.056 257.124 -0.407398 53.739 0 14.686 1 0.000000
4143 775.276 42.056 257.124 -0.407398 53.739 0 14.686 1 0.000000
4144 775.289 42.069 257.118 -0.416538 53.746 0 14.703 1 0.000000
4145 775.301 42.083 257.112 -0.425709 53.753 0 14.719 1 0.000000
4146 775.301 42.083 257.112 -0.425709 53.753 0 14.719 1 0.000000
4147 775.314 42.096 257.106 -0.434868 53.760 0 14.736 1 0.000000
4148 775.326 42.110 257.099 -0.444023 53.767 0 14.753 1 0.000000
4149 775.326 42.110 257.099 -0.444023 53.767 0 14.753 1 0.000000
4150 775.338 42.123 257.093 -0.453182 53.774 0 14.770 1 0.000000
4151 775.338 42.123 257.093 -0.453182 53.774 0 14.770 1 0.000000
4152 775.351 42.137 257.087 -0.462349 53.781 0 14.787 1 0.000000
4153 775.363 42.150 257.081 -0.471512 53.788 0 14.803 1 0.000000
4154 775.363 42.150 257.081 -0.471512 53.788 0 14.803 1 0.000000
4155 775.376 42.164 257.075 -0.480679 53.795 0 14.820 1 0.000000
4156 775.376 42.164 257.075 -0.480679 53.795 0 14.820 1 0.000000
4157 775.388 42.177 257.069 -0.489845 53.802 0 14.837 1 0.000000
4158 775.388 42.177 257.069 -0.489845 53.802 0 14.837 1 0.000000
4159 775.415 42.209 257.053 -0.511627 53.822 0 14.876 1 0.000000
4160 775.415 42.209 257.053 -0.511627 53.822 0 14.876 1 0.000000
4161 775.415 42.208 257.055 -0.510532 53.818 0 14.874 1 0.000000
4162 775.415 42.208 257.055 -0.510532 53.818 0 14.874 1 0.000000
4163 775.415 42.208 257.055 -0.510532 53.818 0 14.874 1 0.000000
4164 775.415 42.208 257.055 -0.510532 53.818 0 14.874 1 0.000000
4165 775.415 42.208 257.055 -0.510532 53.818 0 14.874 1 0.000000
4166 775.415 42.208 257.055 -0.510532 53.818 0 14.874 1 0.000000
4167 775.415 42.208 257.055 -0.510532 53.818 0 14.874 1 0.000000
4168 775.415 42.208 257.055 -0.510532 53.818 0 14.874 1 0.000000
4169 775.415 42.208 257.055 -0.510532 53.818 0 14.874 1 0.000000
4170 775.415 42.208 257.055 -0.510532 53.818 0 14.874 1 0.000000
4171 775.415 42.208 257.055 -0.510532 53.818 0 14.874 1 0.000000
4172 775.415 42.208 257.055 -0.510532 53.818 0 14.874 1 0.000000
4173 775.415 42.208 257.055 -0.510532 53.818 0 14.874 1 0.000000
4174 775.415 42.208 257.055 -0.510532 53.818 0 14.874 1 0.000000
4175 775.415 42.208 257.055 -0.510532 53.818 0 14.874 1 0.000000
4176 775.415 42.208 257.055 -0.510532 53.818 0 14.874 1 0.000000
4177 775.415 42.208 257.055 -0.510532 53.818 0 14.874 1 0.000000
4178 775.415 42.208 257.055 -0.510532 53.818 0 14.874 1 0.000000
4179 775.415 42.208 257.055 -0.510532 53.818 0 14.874 1 0.000000
4180 775.415 42.208 257.055 -0.510532 53.818 0 14.874 1 0.000000
4181 775.415 42.208 257.055 -0.510532 53.818 0 14.874 1 0.000000
4182 775.415 42.208 257.055 -0.510532 53.818 0 14.874 1 0.000000
4183 775.415 42.208 257.055 -0.510532 53.818 0 14.874 1 0.000000
4184 775.415 42.208 257.055 -0.510532 53.818 0 14.874 1 0.000000
4185 775.415 42.208 257.055 -0.510532 53.818 0 14.874 1 0.000000
4186 775.415 42.208 257.055 -0.510532 53.818 0 14.874 1 0.000000
4187 775.415 42.208 257.055 -0.510532 53.818 0 14.874 1 0.000000
4188 775.415 42.208 257.055 -0.510532 53.818 0 14.874 1 0.000000
4189 775.415 42.208 257.055 -0.510532 53.818 0 14.874 1 0.000000
4190 775.415 42.208 257.055 -0.510532 53.818 0 14.874 1 0.000000
4191 775.415 42.208 257.055 -0.510532 53.818 0 14.874 1 0.000000
4192 775.415 42.208 257.055 -0.510532 53.818 0 14.874 1 0.000000
4193 775.415 42.208 257.055 -0.510532 53.818 0 14.874 1 0.000000
4194 775.415 42.208 257.055 -0.510532 53.818 0 14.874 1 0.000000
4195 775.415 42.208 257.055 -0.510532 53.818 0 14.874 1 0.000000
4196 775.415 42.208 257.055 -0.510532 53.818 0 14.874 1 0.000000
4197 775.415 42.208 257.055 -0.510532 53.818 0 14.874 1 0.000000
4198 775.415 42.208 257.055 -0.510532 53.818 0 14.874 1 0.000000
4199 775.415 42.208 257.055 -0.510532 53.818 0 14.874 1 0.000000
4200 775.415 42.208 257.055 -0.510532 53.818 0 14.874 1 0.000000
4201 775.415 42.208 257.055 -0.510532 53.818 0 14.874 1 0.000000
4202 775.415 42.208 257.055 -0.510532 53.818 0 14.874 1 0.000000
4203 775.415 42.208 257.055 -0.510532 53.818 0 14.874 1 0.000000
4204 775.415 42.208 257.055 -0.510532 53.818 0 14.874 1 0.000000
4205 775.415 42.208 257.055 -0.510532 53.818 0 14.874 1 0.000000
4206 775.415 42.208 257.055 -0.510532 53.818 0 14.874 1 0.000000
4207 775.415 42.208 257.055 -0.510532 53.818 0 14.874 1 0.000000
4208 775.415 42.208 257.055 -0.510532 53.818 0 14.874 1 0.000000
4209 775.415 42.208 257.055 -0.510532 53.818 0 14.874 1 0.000000
4210 775.415 42.208 257.055 -0.510532 53.818 0 14.874 1 0.000000
4211 775.415 42.208 257.055 -0.510532 53.818 0 14.874 1 0.000000
4212 775.415 42.208 257.055 -0.510532 53.818 0 14.874 1 0.000000
4213 775.415 42.208 257.055 -0.510532 53.818 0 14.874 1 0.000000
4214 775.415 42.208 257.055 -0.510532 53.818 0 14.874 1 0.000000
4215 775.415 42.208 257.055 -0.510532 53.818 0 14.874 1 0.000000
4216 775.415 42.208 257.055 -0.510532 53.818 0 14.874 1 0.000000
4217 775.415 42.208 257.055 -0.510532 53.818 0 14.874 1 0.000000
4218 775.415 42.208 257.055 -0.510532 53.818 0 14.874 1 0.000000
4219 775.415 42.208 257.055 -0.510532 53.818 0 14.874 1 0.000000
4220 775.415 42.208 257.055 -0.510532 53.818 0 14.874 1 0.000000
4221 775.415 42.208 257.055 -0.510532 53.818 0 14.874 1 0.000000
4222 775.415 42.208 257.055 -0.510532 53.818 0 14.874 1 0.000000
4223 775.415 42.208 257.055 -0.510532 53.818 0 14.874 1 0.000000
4224 775.415 42.208 257.055 -0.510532 53.818 0 14.874 1 0.000000
4225 775.415 42.208 257.055 -0.510532 53.818 0 14.874 1 0.000000
4226 775.415 42.208 257.055 -0.510532 53.818 0 14.874 1 0.000000
4227 775.415 42.208 257.055 -0.510532 53.818 0 14.874 1 0.000000
4228 775.415 42.208 257.055 -0.510532 53.818 0 14.874 1 0.000000
4229 775.415 42.208 257.055 -0.510532 53.818 0 14.874 1 0.000000
4230 775.415 42.208 257.055 -0.510532 53.818 0 14.874 1 0.000000
4231 775.415 42.208 257.055 -0.510532 53.818 0 14.874 1 0.000000
4232 775.415 42.208 257.055 -0.510532 53.818 0 14.874 1 0.000000
4233 775.415 42.208 257.055 -0.510532 53.818 0 14.874 1 0.000000
4234 775.415 42.208 257.055 -0.510532 53.818 0 14.874 1 0.000000
4235 775.415 42.208 257.055 -0.510532 53.818 0 14.874 1 0.000000
4236 775.415 42.208 257.055 -0.510532 53.818 0 14.874 1 0.000000
4237 775.415 42.208 257.055 -0.510532 53.818 0 14.874 1 0.000000
4238 775.415 42.208 257.055 -0.510532 53.818 0 14.874 1 0.000000
4239 775.415 42.208 257.055 -0.510532 53.818 0 14.874 1 0.000000
4240 775.415 42.208 257.055 -0.510532 53.818 0 14.874 1 0.000000
4241 775.415 42.208 257.055 -0.510532 53.818 0 14.874 1 0.000000
4242 775.415 42.208 257.055 -0.510532 53.818 0 14.874 1 0.000000
4243 775.415 42.208 257.055 -0.510532 53.818 0 14.874 1 0.000000
4244 775.415 42.208 257.055 -0.510532 53.818 0 14.874 1 0.000000
4245 775.415 42.208 257.055 -0.510532 53.818 0 14.874 1 0.000000
4246 775.415 42.208 257.055 -0.510532 53.818 0 14.874 1 0.000000
4247 775.415 42.208 257.055 -0.510532 53.818 0 14.874 1 0.000000
4248 775.415 42.208 257.055 -0.510532 53.818 0 14.874 1 0.000000
4249 775.415 42.208 257.055 -0.510532 53.818 0 14.874 1 0.000000
4250 775.415 42.208 257.055 -0.510532 53.818 0 14.874 1 0.000000
4251 775.415 42.208 257.055 -0.510532 53.818 0 14.874 1 0.000000
4252 775.415 42.208 257.055 -0.510532 53.818 0 14.874 1 0.000000
4253 775.415 42.208 257.055 -0.510532 53.818 0 14.874 1 0.000000
4254 775.415 42.208 257.055 -0.510532 53.818 0 14.874 1 0.000000
4255 775.415 42.208 257.055 -0.510532 53.818 0 14.874 1 0.000000
4256 775.415 42.208 257.055 -0.510532 53.818 0 14.874 1 0.000000
4257 775.415 42.208 257.055 -0.510532 53.818 0 14.874 1 0.000000
4258 775.415 42.208 257.055 -0.510532 53.818 0 14.874 1 0.000000
4259 775.415 42.208 257.055 -0.510532 53.818 0 14.874 1 0.000000
4260 775.415 42.208 257.055 -0.510532 53.818 0 14.874 1 0.000000
4261 775.415 42.208 257.055 -0.510532 53.818 0 14.874 1 0.000000
4262 775.415 42.208 257.055 -0.510532 53.818 0 14.874 1 0.000000
4263 775.415 42.208 257.055 -0.510532 53.818 0 14.874 1 0.000000
4264 775.415 42.208 257.055 -0.510532 53.818 0 14.874 1 0.000000
4265 775.415 42.208 257.055 -0.510532 53.818 0 14.874 1 0.000000
4266 775.415 42.208 257.055 -0.510532 53.818 0 14.874 1 0.000000
4267 775.415 42.208 257.055 -0.510532 53.818 0 14.874 1 0.000000
4268 775.415 42.208 257.055 -0.510532 53.818 0 14.874 1 0.000000
4269 775.415 42.208 257.055 -0.510532 53.818 0 14.874 1 0.000000
4270 775.415 42.208 257.055 -0.510532 53.818 0 14.874 1 0.000000
4271 775.415 42.208 257.055 -0.510532 53.818 0 14.874 1 0.000000
4272 775.415 42.208 257.055 -0.510532 53.818 0 14.874 1 0.000000
4273 775.415 42.208 257.055 -0.510532 53.818 0 14.874 1 0.000000
4274 775.415 42.208 257.055 -0.510532 53.818 0 14.874 1 0.000000
4275 775.415 42.208 257.055 -0.510532 53.818 0 14.874 1 0.000000
4276 775.415 42.208 257.055 -0.510532 53.818 0 14.874 1 0.000000
4277 775.415 42.208 257.055 -0.510532 53.818 0 14.874 1 0.000000
4278 775.415 42.208 257.055 -0.510532 53.818 0 14.874 1 0.000000
4279 775.415 42.208 257.055 -0.510532 53.818 0 14.874 1 0.000000
4280 775.415 42.208 257.055 -0.510532 53.818 0 14.874 1 0.000000
4281 775.415 42.208 257.055 -0.510532 53.818 0 14.874 1 0.000000
4282 775.415 42.208 257.055 -0.510532 53.818 0 14.874 1 0.000000
4283 775.415 42.208 257.055 -0.510532 53.818 0 14.874 1 0.000000
4284 775.415 42.208 257.055 -0.510532 53.818 0 14.874 1 0.000000
4285 775.415 42.208 257.055 -0.510532 53.818 0 14.874 1 0.000000
4286 775.415 42.208 257.055 -0.510532 53.818 0 14.874 1 0.000000
4287 775.415 42.208 257.055 -0.510532 53.818 0 14.874 1 0.000000
4288 775.415 42.208 257.055 -0.510532 53.818 0 14.874 1 0.000000
4289 775.415 42.208 257.055 -0.510532 53.818 0 14.874 1 0.000000
4290 775.415 42.208 257.055 -0.510532 53.818 0 14.874 1 0.000000
4291 775.415 42.208 257.055 -0.510532 53.818 0 14.874 1 0.000000
4292 775.415 42.208 257.055 -0.510532 53.818 0 14.874 1 0.000000
4293 775.415 42.208 257.055 -0.510532 53.818 0 14.874 1 0.000000
4294 775.415 42.208 257.055 -0.510532 53.818 0 14.874 1 0.000000
4295 775.415 42.208 257.055 -0.510532 53.818 0 14.874 1 0.000000
4296 775.415 42.208 257.055 -0.510532 53.818 0 14.874 1 0.000000
4297 775.415 42.208 257.055 -0.510532 53.818 0 14.874 1 0.000000
4298 775.415 42.208 257.055 -0.510532 53.818 0 14.874 1 0.000000
4299 775.415 42.208 257.055 -0.510532 53.818 0 14.874 1 0.000000
4300 775.415 42.208 257.055 -0.510532 53.818 0 14.874 1 0.000000
4301 775.415 42.208 257.055 -0.510532 53.818 0 14.874 1 0.000000
4302 775.415 42.208 257.055 -0.510532 53.818 0 14.874 1 0.000000
4303 775.415 42.208 257.055 -0.510532 53.818 0 14.874 1 0.000000
4304 775.415 42.208 257.055 -0.510532 53.818 0 14.874 1 0.000000
4305 775.415 42.208 257.055 -0.510532 53.818 0 14.874 1 0.000000
4306 775.415 42.208 257.055 -0.510532 53.818 0 14.874 1 0.000000
4307 775.415 42.208 257.055 -0.510532 53.818 0 14.874 1 0.000000
4308 775.415 42.208 257.055 -0.510532 53.818 0 14.874 1 0.000000
4309 775.415 42.208 257.055 -0.510532 53.818 0 14.874 1 0.000000
4310 775.415 42.208 257.055 -0.510532 53.818 0 14.874 1 0.000000
4311 775.415 42.208 257.055 -0.510532 53.818 0 14.874 1 0.000000
4312 775.415 42.208 257.055 -0.510532 53.818 0 14.874 1 0.000000
4313 775.415 42.208 257.055 -0.510532 53.818 0 14.874 1 0.000000
4314 775.415 42.208 257.055 -0.510532 53.818 0 14.874 1 0.000000
4315 775.415 42.208 257.055 -0.510532 53.818 0 14.874 1 0.000000
4316 775.415 42.208 257.055 -0.510532 53.818 0 14.874 1 0.000000
4317 775.416 42.279 257.057 -0.576790 53.816 0 14.893 1 0.000000
4318 775.416 42.279 257.057 -0.576790 53.816 0 14.893 1 0.000000
4319 775.417 42.347 257.058 -0.640518 53.814 0 14.911 1 0.000000
4320 775.417 42.347 257.058 -0.640518 53.814 0 14.911 1 0.000000
4321 775.442 42.413 257.041 -0.694412 53.836 0 14.956 1 0.000000
4322 775.466 42.476 257.024 -0.745758 53.858 0 15.001 1 0.000000
4323 775.466 42.476 257.024 -0.745758 53.858 0 15.001 1 0.000000
4324 775.466 42.476 257.024 -0.745758 53.858 0 15.001 1 0.000000
4325 775.491 42.536 257.007 -0.794559 53.880 0 15.045 1 0.000000
4326 775.516 42.593 256.990 -0.840820 53.902 0 15.089 1 0.000000
4327 775.516 42.593 256.990 -0.840820 53.902 0 15.089 1 0.000000
4328 775.540 42.648 256.973 -0.884537 53.924 0 15.131 1 0.000000
4329 775.540 42.648 256.973 -0.884537 53.924 0 15.131 1 0.000000
4330 775.565 42.700 256.956 -0.925709 53.946 0 15.173 1 0.000000
4331 775.565 42.700 256.956 -0.925709 53.946 0 15.173 1 0.000000
4332 775.590 42.749 256.939 -0.964340 53.968 0 15.215 1 0.000000
4333 775.590 42.749 256.939 -0.964340 53.968 0 15.215 1 0.000000
4334 775.615 42.796 256.922 -1.000427 53.990 0 15.255 1 0.000000
4335 775.639 42.840 256.905 -1.033970 54.012 0 15.295 1 0.000000
4336 775.639 42.840 256.905 -1.033970 54.012 0 15.295 1 0.000000
4337 775.664 42.881 256.888 -1.040291 54.034 0 15.334 1 0.000000
4338 775.689 42.919 256.871 -1.042869 54.057 0 15.373 1 0.000000
4339 775.689 42.919 256.871 -1.042869 54.057 0 15.373 1 0.000000
4340 775.713 42.955 256.854 -1.045571 54.079 0 15.411 1 0.000000
4341 775.713 42.955 256.854 -1.045571 54.079 0 15.411 1 0.000000
4342 775.738 42.988 256.836 -1.048427 54.101 0 15.448 1 0.000000
4343 775.763 43.018 256.819 -1.051452 54.123 0 15.484 1 0.000000
4344 775.763 43.018 256.819 -1.051452 54.123 0 15.484 1 0.000000
4345 775.788 43.046 256.802 -1.054645 54.145 0 15.520 1 0.000000
4346 775.788 43.046 256.802 -1.054645 54.145 0 15.520 1 0.000000
4347 775.812 43.070 256.785 -1.058026 54.167 0 15.555 1 0.000000
4348 775.812 43.070 256.785 -1.058026 54.167 0 15.555 1 0.000000
4349 775.837 43.092 256.768 -1.061619 54.189 0 15.589 1 0.000000
4350 775.837 43.092 256.768 -1.061619 54.189 0 15.589 1 0.000000
4351 775.862 43.112 256.751 -1.065422 54.211 0 15.623 1 0.000000
4352 775.886 43.128 256.734 -1.069435 54.233 0 15.655 1 0.000000
4353 775.886 43.128 256.734 -1.069435 54.233 0 15.655 1 0.000000
4354 775.911 43.142 256.717 -1.073670 54.255 0 15.688 1 0.000000
4355 775.911 43.142 256.717 -1.073670 54.255 0 15.688 1 0.000000
4356 775.936 43.153 256.700 -1.078154 54.277 0 15.719 1 0.000000
4357 775.936 43.153 256.700 -1.078154 54.277 0 15.719 1 0.000000
4358 775.961 43.162 256.683 -1.082867 54.299 0 15.750 1 0.000000
4359 775.961 43.162 256.683 -1.082867 54.299 0 15.750 1 0.000000
4360 775.985 43.168 256.666 -1.087824 54.321 0 15.780 1 0.000000
4361 775.985 43.168 256.666 -1.087824 54.321 0 15.780 1 0.000000
4362 776.010 43.170 256.649 -1.093020 54.344 0 15.809 1 0.000000
4363 776.010 43.170 256.649 -1.093020 54.344 0 15.809 1 0.000000
4364 776.035 43.171 256.632 -1.098468 54.366 0 15.838 1 0.000000
4365 776.035 43.171 256.632 -1.098468 54.366 0 15.838 1 0.000000
4366 776.060 43.168 256.615 -1.104164 54.388 0 15.866 1 0.000000
4367 776.084 43.163 256.598 -1.110101 54.410 0 15.893 1 0.000000
4368 776.084 43.163 256.598 -1.110101 54.410 0 15.893 1 0.000000
4369 776.109 43.155 256.581 -1.116296 54.432 0 15.920 1 0.000000
4370 776.109 43.155 256.581 -1.116296 54.432 0 15.920 1 0.000000
4371 776.134 43.144 256.564 -1.122706 54.454 0 15.945 1 0.000000
4372 776.134 43.144 256.564 -1.122706 54.454 0 15.945 1 0.000000
4373 776.158 43.131 256.547 -1.129370 54.476 0 15.970 1 0.000000
4374 776.158 43.131 256.547 -1.129370 54.476 0 15.970 1 0.000000
4375 776.183 43.115 256.530 -1.128498 54.498 0 15.995 1 0.000000
4376 776.183 43.115 256.530 -1.128498 54.498 0 15.995 1 0.000000
4377 776.208 43.096 256.513 -1.103546 54.520 0 16.019 1 0.000000
4378 776.208 43.096 256.513 -1.103546 54.520 0 16.019 1 0.000000
4379 776.233 43.075 256.496 -1.076054 54.542 0 16.042 1 0.000000
4380 776.233 43.075 256.496 -1.076054 54.542 0 16.042 1 0.000000
4381 776.257 43.050 256.479 -1.046017 54.564 0 16.064 1 0.000000
4382 776.282 43.023 256.462 -1.013435 54.587 0 16.086 1 0.000000
4383 776.282 43.023 256.462 -1.013435 54.587 0 16.086 1 0.000000
4384 776.307 42.994 256.445 -0.978313 54.609 0 16.106 1 0.000000
4385 776.307 42.994 256.445 -0.978313 54.609 0 16.106 1 0.000000
4386 776.331 42.961 256.428 -0.940647 54.631 0 16.127 1 0.000000
4387 776.331 42.961 256.428 -0.940647 54.631 0 16.127 1 0.000000
4388 776.344 42.963 256.417 -0.938751 54.646 0 16.143 1 0.000000
4389 776.344 42.963 256.417 -0.938751 54.646 0 16.143 1 0.000000
4390 776.365 42.973 256.402 -0.941109 54.665 0 16.169 1 0.000000
4391 776.365 42.973 256.402 -0.941109 54.665 0 16.169 1 0.000000
4392 776.386 42.982 256.387 -0.943462 54.685 0 16.196 1 0.000000
4393 776.386 42.982 256.387 -0.943462 54.685 0 16.196 1 0.000000
4394 776.406 42.991 256.372 -0.945820 54.705 0 16.223 1 0.000000
4395 776.406 42.991 256.372 -0.945820 54.705 0 16.223 1 0.000000
4396 776.427 43.000 256.357 -0.948177 54.724 0 16.249 1 0.000000
4397 776.427 43.000 256.357 -0.948177 54.724 0 16.249 1 0.000000
4398 776.448 43.010 256.342 -0.950535 54.744 0 16.276 1 0.000000
4399 776.448 43.010 256.342 -0.950535 54.744 0 16.276 1 0.000000
4400 776.469 43.019 256.327 -0.952892 54.764 0 16.303 1 0.000000
4401 776.469 43.019 256.327 -0.952892 54.764 0 16.303 1 0.000000
4402 776.490 43.028 256.312 -0.954544 54.784 0 16.330 1 0.000000
4403 776.490 43.028 256.312 -0.954544 54.784 0 16.330 1 0.000000
4404 776.512 43.034 256.296 -0.953724 54.805 0 16.358 1 0.000000
4405 776.512 43.034 256.296 -0.953724 54.805 0 16.358 1 0.000000
4406 776.535 43.041 256.280 -0.953850 54.826 0 16.386 1 0.000000
4407 776.535 43.041 256.280 -0.953850 54.826 0 16.386 1 0.000000
4408 776.557 43.049 256.264 -0.953976 54.847 0 16.413 1 0.000000
4409 776.557 43.049 256.264 -0.953976 54.847 0 16.413 1 0.000000
4410 776.577 43.059 256.248 -0.957283 54.867 0 16.440 1 0.000000
4411 776.595 43.070 256.234 -0.962196 54.887 0 16.465 1 0.000000
4412 776.595 43.070 256.234 -0.962196 54.887 0 16.465 1 0.000000
4413 776.613 43.081 256.219 -0.967121 54.907 0 16.489 1 0.000000
4414 776.613 43.081 256.219 -0.967121 54.907 0 16.489 1 0.000000
4415 776.631 43.093 256.204 -0.972054 54.926 0 16.514 1 0.000000
4416 776.649 43.104 256.190 -0.976986 54.946 0 16.539 1 0.000000
4417 776.649 43.104 256.190 -0.976986 54.946 0 16.539 1 0.000000
4418 776.667 43.115 256.175 -0.981915 54.965 0 16.563 1 0.000000
4419 776.667 43.115 256.175 -0.981915 54.965 0 16.563 1 0.000000
4420 776.685 43.126 256.161 -0.986847 54.985 0 16.588 1 0.000000
4421 776.685 43.126 256.161 -0.986847 54.985 0 16.588 1 0.000000
4422 776.703 43.138 256.146 -0.991776 55.005 0 16.612 1 0.000000
4423 776.721 43.149 256.132 -0.996704 55.024 0 16.637 1 0.000000
4424 776.721 43.149 256.132 -0.996704 55.024 0 16.637 1 0.000000
4425 776.739 43.160 256.117 -1.001633 55.044 0 16.661 1 0.000000
4426 776.739 43.160 256.117 -1.001633 55.044 0 16.661 1 0.000000
4427 776.757 43.171 256.103 -1.006550 55.063 0 16.686 1 0.000000
4428 776.775 43.183 256.089 -1.011482 55.083 0 16.710 1 0.000000
4429 776.775 43.183 256.089 -1.011482 55.083 0 16.710 1 0.000000
4430 776.793 43.194 256.074 -1.016422 55.102 0 16.735 1 0.000000
4431 776.793 43.194 256.074 -1.016422 55.102 0 16.735 1 0.000000
4432 776.811 43.205 256.060 -1.021362 55.121 0 16.759 1 0.000000
4433 776.811 43.205 256.060 -1.021362 55.121 0 16.759 1 0.000000
4434 776.829 43.217 256.045 -1.026302 55.141 0 16.784 1 0.000000
4435 776.829 43.217 256.045 -1.026302 55.141 0 16.784 1 0.000000
4436 776.847 43.228 256.031 -1.031242 55.160 0 16.808 1 0.000000
4437 776.847 43.228 256.031 -1.031242 55.160 0 16.808 1 0.000000
4438 776.866 43.237 256.016 -1.034222 55.181 0 16.834 1 0.000000
4439 776.887 43.245 256.000 -1.035252 55.202 0 16.861 1 0.000000
4440 776.909 43.252 255.983 -1.034306 55.224 0 16.889 1 0.000000
4441 776.956 43.259 255.948 -1.027142 55.270 0 16.945 1 0.000000
4442 777.049 43.276 255.879 -1.014133 55.361 0 17.059 1 0.007408
4443 777.142 43.292 255.810 -1.001156 55.452 0 17.173 1 0.021655
4444 777.212 43.304 255.759 -0.991425 55.521 0 17.259 1 0.032341
4445 777.282 43.317 255.707 -0.981724 55.589 0 17.344 1 0.043038
4446 777.376 43.333 255.639 -0.968811 55.679 0 17.458 1 0.057294
4447 777.439 43.355 255.587 -0.969540 55.750 0 17.541 1 0.067575
4448 777.504 43.373 255.534 -0.965939 55.820 0 17.623 1 0.077910
4449 777.504 43.373 255.534 -0.965939 55.820 0 17.623 1 0.077910
4450 777.528 43.375 255.517 -0.960247 55.843 0 17.652 1 0.081460
4451 777.600 43.381 255.465 -0.944702 55.911 0 17.737 1 0.092163
4452 777.668 43.403 255.419 -0.944626 55.971 0 17.821 1 0.102649
4453 777.736 43.424 255.374 -0.944534 56.030 0 17.905 1 0.113139
4454 777.827 43.453 255.313 -0.944431 56.108 0 18.017 1 0.127144
4455 777.918 43.482 255.252 -0.944332 56.187 0 18.129 1 0.141145
4456 777.986 43.504 255.206 -0.944256 56.246 0 18.213 1 0.151643
4457 778.078 43.532 255.145 -0.944145 56.324 0 18.325 1 0.165637
4458 778.146 43.554 255.099 -0.944054 56.383 0 18.409 1 0.176131
4459 778.146 43.554 255.099 -0.944054 56.383 0 18.409 1 0.176131
4460 778.146 43.554 255.099 -0.944054 56.383 0 18.409 1 0.176131
4461 778.169 43.561 255.084 -0.944019 56.403 0 18.437 1 0.179629
4462 778.169 43.561 255.084 -0.944019 56.403 0 18.437 1 0.179629
4463 778.191 43.568 255.069 -0.943989 56.422 0 18.465 1 0.183125
4464 778.191 43.568 255.069 -0.943989 56.422 0 18.465 1 0.183125
4465 778.214 43.576 255.054 -0.943958 56.442 0 18.493 1 0.186624
4466 778.214 43.576 255.054 -0.943958 56.442 0 18.493 1 0.186624
4467 778.237 43.583 255.039 -0.943909 56.461 0 18.521 1 0.190125
4468 778.237 43.583 255.039 -0.943909 56.461 0 18.521 1 0.190125
4469 778.260 43.590 255.023 -0.943878 56.481 0 18.549 1 0.193629
4470 778.260 43.590 255.023 -0.943878 56.481 0 18.549 1 0.193629
4471 778.283 43.597 255.008 -0.943848 56.500 0 18.577 1 0.197133
4472 778.283 43.597 255.008 -0.943848 56.500 0 18.577 1 0.197133
4473 778.305 43.604 254.993 -0.943817 56.520 0 18.605 1 0.200637
4474 778.328 43.612 254.978 -0.943787 56.539 0 18.633 1 0.204139
4475 778.328 43.612 254.978 -0.943787 56.539 0 18.633 1 0.204139
4476 778.351 43.619 254.963 -0.943756 56.559 0 18.661 1 0.207641
4477 778.351 43.619 254.963 -0.943756 56.559 0 18.661 1 0.207641
4478 778.374 43.626 254.948 -0.943722 56.578 0 18.689 1 0.211144
4479 778.374 43.626 254.948 -0.943722 56.578 0 18.689 1 0.211144
4480 778.397 43.633 254.932 -0.943691 56.598 0 18.717 1 0.214646
4481 778.397 43.633 254.932 -0.943691 56.598 0 18.717 1 0.214646
4482 778.420 43.640 254.917 -0.943657 56.617 0 18.745 1 0.218146
4483 778.442 43.648 254.902 -0.943787 56.637 0 18.773 1 0.221639
4484 778.465 43.655 254.887 -0.943859 56.656 0 18.801 1 0.225137
4485 778.465 43.655 254.887 -0.943859 56.656 0 18.801 1 0.225137
4486 778.488 43.662 254.872 -0.943943 56.676 0 18.829 1 0.228633
4487 778.511 43.670 254.857 -0.944031 56.695 0 18.857 1 0.232131
4488 778.511 43.670 254.857 -0.944031 56.695 0 18.857 1 0.232131
4489 778.556 43.684 254.827 -0.944202 56.734 0 18.913 1 0.239123
4490 778.556 43.684 254.827 -0.944202 56.734 0 18.913 1 0.239123
4491 778.579 43.692 254.812 -0.944286 56.753 0 18.941 1 0.242618
4492 778.602 43.699 254.796 -0.944370 56.773 0 18.969 1 0.246114
4493 778.602 43.699 254.796 -0.944370 56.773 0 18.969 1 0.246114
4494 778.624 43.706 254.781 -0.944458 56.792 0 18.997 1 0.249610
4495 778.624 43.706 254.781 -0.944458 56.792 0 18.997 1 0.249610
4496 778.647 43.714 254.766 -0.944542 56.812 0 19.025 1 0.253104
4497 778.647 43.714 254.766 -0.944542 56.812 0 19.025 1 0.253104
4498 778.670 43.721 254.751 -0.944370 56.831 0 19.053 1 0.256608
4499 778.693 43.728 254.736 -0.944237 56.851 0 19.081 1 0.260114
4500 778.693 43.728 254.736 -0.944237 56.851 0 19.081 1 0.260114
4501 778.716 43.735 254.721 -0.944103 56.870 0 19.109 1 0.263619
4502 778.739 43.742 254.706 -0.943970 56.889 0 19.137 1 0.267123
4503 778.739 43.742 254.706 -0.943970 56.889 0 19.137 1 0.267123
4504 778.762 43.749 254.692 -0.943848 56.906 0 19.165 1 0.270648
4505 778.787 43.756 254.680 -0.943726 56.921 0 19.193 1 0.274184
4506 778.787 43.756 254.680 -0.943726 56.921 0 19.193 1 0.274184
4507 778.811 43.764 254.667 -0.943615 56.935 0 19.222 1 0.277720
4508 778.836 43.771 254.655 -0.943501 56.949 0 19.250 1 0.281257
4509 778.836 43.771 254.655 -0.943501 56.949 0 19.250 1 0.281257
4510 778.860 43.778 254.643 -0.943382 56.963 0 19.278 1 0.284793
4511 778.860 43.778 254.643 -0.943382 56.963 0 19.278 1 0.284793
4512 778.885 43.785 254.631 -0.943268 56.977 0 19.307 1 0.288329
4513 778.909 43.792 254.619 -0.943157 56.991 0 19.335 1 0.291865
4514 778.909 43.792 254.619 -0.943157 56.991 0 19.335 1 0.291865
4515 778.934 43.799 254.607 -0.943039 57.006 0 19.363 1 0.295402
4516 778.959 43.807 254.595 -0.942924 57.020 0 19.392 1 0.298938
4517 778.959 43.807 254.595 -0.942924 57.020 0 19.392 1 0.298938
4518 778.983 43.814 254.583 -0.942909 57.034 0 19.420 1 0.302478
4519 778.983 43.814 254.583 -0.942909 57.034 0 19.420 1 0.302478
4520 779.008 43.821 254.571 -0.942890 57.048 0 19.448 1 0.306012
4521 779.032 43.829 254.559 -0.942879 57.062 0 19.476 1 0.309546
4522 779.032 43.829 254.559 -0.942879 57.062 0 19.476 1 0.309546
4523 779.057 43.836 254.546 -0.942871 57.076 0 19.505 1 0.313083
4524 779.081 43.843 254.534 -0.942863 57.089 0 19.533 1 0.316617
4525 779.081 43.843 254.534 -0.942863 57.089 0 19.533 1 0.316617
4526 779.106 43.850 254.522 -0.942852 57.103 0 19.561 1 0.320151
4527 779.106 43.850 254.522 -0.942852 57.103 0 19.561 1 0.320151
4528 779.130 43.858 254.510 -0.942844 57.117 0 19.590 1 0.323688
4529 779.155 43.865 254.498 -0.942837 57.131 0 19.618 1 0.327222
4530 779.155 43.865 254.498 -0.942837 57.131 0 19.618 1 0.327222
4531 779.179 43.872 254.486 -0.942825 57.145 0 19.646 1 0.330756
4532 779.179 43.872 254.486 -0.942825 57.145 0 19.646 1 0.330756
4533 779.204 43.880 254.474 -0.942822 57.159 0 19.674 1 0.334292
4534 779.204 43.880 254.474 -0.942822 57.159 0 19.674 1 0.334292
4535 779.228 43.887 254.462 -0.942810 57.173 0 19.703 1 0.337827
4536 779.228 43.887 254.462 -0.942810 57.173 0 19.703 1 0.337827
4537 779.253 43.894 254.450 -0.942802 57.187 0 19.731 1 0.341363
4538 779.278 43.901 254.438 -0.942757 57.201 0 19.759 1 0.344897
4539 779.278 43.901 254.438 -0.942757 57.201 0 19.759 1 0.344897
4540 779.302 43.909 254.426 -0.942719 57.215 0 19.787 1 0.348432
4541 779.302 43.909 254.426 -0.942719 57.215 0 19.787 1 0.348432
4542 779.327 43.916 254.414 -0.942673 57.229 0 19.816 1 0.351966
4543 779.327 43.916 254.414 -0.942673 57.229 0 19.816 1 0.351966
4544 779.351 43.923 254.402 -0.942635 57.243 0 19.844 1 0.355500
4545 779.376 43.931 254.390 -0.942802 57.257 0 19.872 1 0.359027
4546 779.376 43.931 254.390 -0.942802 57.257 0 19.872 1 0.359027
4547 779.400 43.938 254.378 -0.942909 57.271 0 19.900 1 0.362556
4548 779.400 43.938 254.378 -0.942909 57.271 0 19.900 1 0.362556
4549 779.424 43.946 254.366 -0.943024 57.285 0 19.929 1 0.366086
4550 779.449 43.953 254.354 -0.943142 57.280 0 19.957 1 0.369617
4551 779.449 43.953 254.354 -0.943142 57.280 0 19.957 1 0.369617
4552 779.473 43.960 254.342 -0.943256 57.284 0 19.985 1 0.373147
4553 779.498 43.968 254.330 -0.943375 57.288 0 20.013 1 0.376678
4554 779.498 43.968 254.330 -0.943375 57.288 0 20.013 1 0.376678
4555 779.522 43.975 254.318 -0.943489 57.291 0 20.042 1 0.380208
4556 779.522 43.975 254.318 -0.943489 57.291 0 20.042 1 0.380208
4557 779.547 43.983 254.306 -0.943604 57.295 0 20.070 1 0.383739
4558 779.547 43.983 254.306 -0.943604 57.295 0 20.070 1 0.383739
4559 779.571 43.990 254.294 -0.943722 57.298 0 20.098 1 0.387269
4560 779.571 43.990 254.294 -0.943722 57.298 0 20.098 1 0.387269
4561 779.596 43.997 254.282 -0.943840 57.302 0 20.126 1 0.390800
4562 779.620 44.005 254.270 -0.943954 57.306 0 20.155 1 0.394330
4563 779.620 44.005 254.270 -0.943954 57.306 0 20.155 1 0.394330
4564 779.645 44.012 254.258 -0.944069 57.309 0 20.183 1 0.397861
4565 779.645 44.012 254.258 -0.944069 57.309 0 20.183 1 0.397861
4566 779.669 44.020 254.246 -0.944187 57.313 0 20.211 1 0.401391
4567 779.669 44.020 254.246 -0.944187 57.313 0 20.211 1 0.401391
4568 779.694 44.027 254.234 -0.944519 57.316 0 20.239 1 0.404912
4569 779.694 44.027 254.234 -0.944519 57.316 0 20.239 1 0.404912
4570 779.718 44.035 254.222 -0.944756 57.320 0 20.267 1 0.408437
4571 779.718 44.035 254.222 -0.944756 57.320 0 20.267 1 0.408437
4572 779.742 44.043 254.210 -0.945374 57.324 0 20.296 1 0.411942
4573 779.766 44.050 254.198 -0.945969 57.327 0 20.324 1 0.415446
4574 779.766 44.050 254.198 -0.945969 57.327 0 20.324 1 0.415446
4575 779.766 44.050 254.198 -0.945969 57.327 0 20.324 1 0.415446
4576 779.791 44.058 254.186 -0.946568 57.331 0 20.352 1 0.418952
4577 779.815 44.066 254.174 -0.947163 57.334 0 20.380 1 0.422456
4578 779.839 44.074 254.162 -0.947762 57.338 0 20.408 1 0.425961
4579 779.839 44.074 254.162 -0.947762 57.338 0 20.408 1 0.425961
4580 779.863 44.082 254.151 -0.948360 57.341 0 20.436 1 0.429465
4581 779.863 44.082 254.151 -0.948360 57.341 0 20.436 1 0.429465
4582 779.887 44.090 254.139 -0.948952 57.345 0 20.464 1 0.432971
4583 779.911 44.097 254.127 -0.949551 57.349 0 20.492 1 0.436475
4584 779.911 44.097 254.127 -0.949551 57.349 0 20.492 1 0.436475
4585 779.960 44.113 254.103 -0.950745 57.356 0 20.548 1 0.443484
4586 779.960 44.113 254.103 -0.950745 57.356 0 20.548 1 0.443484
4587 779.960 44.113 254.103 -0.950745 57.356 0 20.548 1 0.443484
4588 779.984 44.120 254.091 -0.950382 57.359 0 20.576 1 0.447019
4589 779.984 44.120 254.091 -0.950382 57.359 0 20.576 1 0.447019
4590 780.009 44.127 254.079 -0.950336 57.363 0 20.604 1 0.450557
4591 780.009 44.127 254.079 -0.950336 57.363 0 20.604 1 0.450557
4592 780.033 44.135 254.067 -0.950302 57.367 0 20.633 1 0.454093
4593 780.058 44.142 254.055 -0.950264 57.370 0 20.661 1 0.457631
4594 780.082 44.149 254.043 -0.950226 57.374 0 20.689 1 0.461167
4595 780.082 44.149 254.043 -0.950226 57.374 0 20.689 1 0.461167
4596 780.082 44.149 254.043 -0.950226 57.374 0 20.689 1 0.461167
4597 780.107 44.156 254.030 -0.950188 57.377 0 20.718 1 0.464705
4598 780.132 44.164 254.018 -0.950150 57.381 0 20.746 1 0.468244
4599 780.132 44.164 254.018 -0.950150 57.381 0 20.746 1 0.468244
4600 780.156 44.171 254.006 -0.950111 57.384 0 20.774 1 0.471780
4601 780.181 44.178 253.994 -0.950073 57.388 0 20.803 1 0.475318
4602 780.181 44.178 253.994 -0.950073 57.388 0 20.803 1 0.475318
4603 780.205 44.186 253.982 -0.950035 57.392 0 20.831 1 0.478854
4604 780.205 44.186 253.982 -0.950035 57.392 0 20.831 1 0.478854
4605 780.230 44.193 253.970 -0.950001 57.395 0 20.859 1 0.482390
4606 780.230 44.193 253.970 -0.950001 57.395 0 20.859 1 0.482390
4607 780.254 44.200 253.958 -0.949963 57.399 0 20.887 1 0.485929
4608 780.254 44.200 253.958 -0.949963 57.399 0 20.887 1 0.485929
4609 780.279 44.207 253.946 -0.949928 57.402 0 20.916 1 0.489465
4610 780.279 44.207 253.946 -0.949928 57.402 0 20.916 1 0.489465
4611 780.303 44.215 253.934 -0.949890 57.406 0 20.944 1 0.493001
4612 780.328 44.222 253.922 -0.949852 57.410 0 20.972 1 0.496537
4613 780.328 44.222 253.922 -0.949852 57.410 0 20.972 1 0.496537
4614 780.352 44.229 253.910 -0.949818 57.413 0 21.001 1 0.500073
4615 780.352 44.229 253.910 -0.949818 57.413 0 21.001 1 0.500073
4616 780.377 44.237 253.897 -0.950508 57.417 0 21.029 1 0.503604
4617 780.377 44.237 253.897 -0.950508 57.417 0 21.029 1 0.503604
4618 780.400 44.245 253.885 -0.951565 57.420 0 21.056 1 0.507062
4619 780.400 44.245 253.885 -0.951565 57.420 0 21.056 1 0.507062
4620 780.424 44.254 253.873 -0.952877 57.424 0 21.084 1 0.510520
4621 780.424 44.254 253.873 -0.952877 57.424 0 21.084 1 0.510520
4622 780.447 44.262 253.861 -0.954193 57.427 0 21.112 1 0.513978
4623 780.471 44.271 253.849 -0.955509 57.431 0 21.139 1 0.517436
4624 780.471 44.271 253.849 -0.955509 57.431 0 21.139 1 0.517436
4625 780.494 44.279 253.837 -0.956825 57.435 0 21.167 1 0.520894
4626 780.494 44.279 253.837 -0.956825 57.435 0 21.167 1 0.520894
4627 780.518 44.288 253.825 -0.958145 57.438 0 21.195 1 0.524352
4628 780.518 44.288 253.825 -0.958145 57.438 0 21.195 1 0.524352
4629 780.541 44.296 253.813 -0.959461 57.442 0 21.222 1 0.527810
4630 780.565 44.305 253.801 -0.960781 57.445 0 21.250 1 0.531266
4631 780.565 44.305 253.801 -0.960781 57.445 0 21.250 1 0.531266
4632 780.588 44.313 253.789 -0.962093 57.449 0 21.278 1 0.534724
4633 780.588 44.313 253.789 -0.962093 57.449 0 21.278 1 0.534724
4634 780.612 44.321 253.777 -0.963413 57.452 0 21.305 1 0.538180
4635 780.612 44.321 253.777 -0.963413 57.452 0 21.305 1 0.538180
4636 780.635 44.330 253.765 -0.964729 57.456 0 21.333 1 0.541638
4637 780.635 44.330 253.765 -0.964729 57.456 0 21.333 1 0.541638
4638 780.659 44.338 253.753 -0.965214 57.460 0 21.361 1 0.545140
4639 780.659 44.338 253.753 -0.965214 57.460 0 21.361 1 0.545140
4640 780.684 44.343 253.740 -0.963280 57.463 0 21.390 1 0.548711
4641 780.684 44.343 253.740 -0.963280 57.463 0 21.390 1 0.548711
4642 780.709 44.349 253.727 -0.962250 57.467 0 21.418 1 0.552281
4643 780.709 44.349 253.727 -0.962250 57.467 0 21.418 1 0.552281
4644 780.734 44.356 253.714 -0.961212 57.471 0 21.447 1 0.555854
4645 780.734 44.356 253.714 -0.961212 57.471 0 21.447 1 0.555854
4646 780.759 44.362 253.702 -0.960163 57.475 0 21.475 1 0.559430
4647 780.759 44.362 253.702 -0.960163 57.475 0 21.475 1 0.559430
4648 780.783 44.368 253.689 -0.959141 57.479 0 21.504 1 0.563003
4649 780.783 44.368 253.689 -0.959141 57.479 0 21.504 1 0.563003
4650 780.808 44.375 253.676 -0.958092 57.482 0 21.533 1 0.566579
4651 780.808 44.375 253.676 -0.958092 57.482 0 21.533 1 0.566579
4652 780.833 44.381 253.663 -0.957054 57.486 0 21.561 1 0.570157
4653 780.833 44.381 253.663 -0.957054 57.486 0 21.561 1 0.570157
4654 780.858 44.388 253.650 -0.956020 57.490 0 21.590 1 0.573733
4655 780.883 44.394 253.638 -0.954983 57.494 0 21.618 1 0.577312
4656 780.883 44.394 253.638 -0.954983 57.494 0 21.618 1 0.577312
4657 780.908 44.400 253.625 -0.953949 57.497 0 21.647 1 0.580888
4658 780.908 44.400 253.625 -0.953949 57.497 0 21.647 1 0.580888
4659 780.932 44.407 253.612 -0.952919 57.501 0 21.676 1 0.584464
4660 780.932 44.407 253.612 -0.952919 57.501 0 21.676 1 0.584464
4661 780.957 44.413 253.599 -0.951885 57.505 0 21.704 1 0.588040
4662 780.957 44.413 253.599 -0.951885 57.505 0 21.704 1 0.588040
4663 780.982 44.419 253.586 -0.950851 57.509 0 21.733 1 0.591617
4664 780.982 44.419 253.586 -0.950851 57.509 0 21.733 1 0.591617
4665 781.007 44.426 253.574 -0.949818 57.512 0 21.762 1 0.595193
4666 781.007 44.426 253.574 -0.949818 57.512 0 21.762 1 0.595193
4667 781.032 44.432 253.561 -0.948784 57.516 0 21.790 1 0.598769
4668 781.057 44.438 253.548 -0.947750 57.520 0 21.819 1 0.602345
4669 781.057 44.438 253.548 -0.947750 57.520 0 21.819 1 0.602345
4670 781.081 44.445 253.535 -0.946716 57.524 0 21.847 1 0.605920
4671 781.081 44.445 253.535 -0.946716 57.524 0 21.847 1 0.605920
4672 781.106 44.452 253.523 -0.947041 57.527 0 21.876 1 0.609494
4673 781.131 44.460 253.511 -0.947475 57.530 0 21.904 1 0.613009
4674 781.131 44.460 253.511 -0.947475 57.530 0 21.904 1 0.613009
4675 781.155 44.468 253.500 -0.947910 57.533 0 21.932 1 0.616527
4676 781.180 44.476 253.488 -0.948345 57.537 0 21.960 1 0.620042
4677 781.180 44.476 253.488 -0.948345 57.537 0 21.960 1 0.620042
4678 781.204 44.483 253.477 -0.948776 57.540 0 21.988 1 0.623557
4679 781.204 44.483 253.477 -0.948776 57.540 0 21.988 1 0.623557
4680 781.229 44.491 253.466 -0.949211 57.543 0 22.017 1 0.627072
4681 781.229 44.491 253.466 -0.949211 57.543 0 22.017 1 0.627072
4682 781.253 44.499 253.454 -0.949646 57.546 0 22.045 1 0.630589
4683 781.278 44.506 253.443 -0.950096 57.549 0 22.073 1 0.634099
4684 781.302 44.514 253.431 -0.950516 57.552 0 22.101 1 0.637614
4685 781.302 44.514 253.431 -0.950516 57.552 0 22.101 1 0.637614
4686 781.327 44.521 253.420 -0.950214 57.556 0 22.129 1 0.641156
4687 781.327 44.521 253.420 -0.950214 57.556 0 22.129 1 0.641156
4688 781.352 44.527 253.408 -0.948460 57.559 0 22.158 1 0.644736
4689 781.378 44.533 253.396 -0.947392 57.562 0 22.187 1 0.648313
4690 781.378 44.533 253.396 -0.947392 57.562 0 22.187 1 0.648313
4691 781.403 44.539 253.384 -0.946308 57.566 0 22.215 1 0.651891
4692 781.403 44.539 253.384 -0.946308 57.566 0 22.215 1 0.651891
4693 781.428 44.546 253.371 -0.945358 57.569 0 22.244 1 0.655471
4694 781.428 44.546 253.371 -0.945358 57.569 0 22.244 1 0.655471
4695 781.453 44.553 253.360 -0.945518 57.572 0 22.272 1 0.659003
4696 781.453 44.553 253.360 -0.945518 57.572 0 22.272 1 0.659003
4697 781.477 44.561 253.348 -0.945518 57.576 0 22.300 1 0.662541
4698 781.502 44.568 253.336 -0.945526 57.579 0 22.329 1 0.666078
4699 781.502 44.568 253.336 -0.945526 57.579 0 22.329 1 0.666078
4700 781.526 44.575 253.324 -0.945526 57.582 0 22.357 1 0.669612
4701 781.526 44.575 253.324 -0.945526 57.582 0 22.357 1 0.669612
4702 781.551 44.582 253.312 -0.945534 57.586 0 22.385 1 0.673148
4703 781.576 44.590 253.300 -0.945538 57.589 0 22.413 1 0.676684
4704 781.576 44.590 253.300 -0.945538 57.589 0 22.413 1 0.676684
4705 781.600 44.597 253.288 -0.945545 57.592 0 22.442 1 0.680221
4706 781.625 44.604 253.276 -0.945553 57.596 0 22.470 1 0.683757
4707 781.625 44.604 253.276 -0.945553 57.596 0 22.470 1 0.683757
4708 781.649 44.612 253.264 -0.945553 57.599 0 22.498 1 0.687293
4709 781.674 44.619 253.252 -0.945560 57.602 0 22.527 1 0.690829
4710 781.699 44.626 253.240 -0.945564 57.606 0 22.555 1 0.694366
4711 781.699 44.626 253.240 -0.945564 57.606 0 22.555 1 0.694366
4712 781.723 44.634 253.228 -0.945572 57.609 0 22.583 1 0.697902
4713 781.748 44.641 253.217 -0.945576 57.612 0 22.612 1 0.701438
4714 781.748 44.641 253.217 -0.945576 57.612 0 22.612 1 0.701438
4715 781.772 44.648 253.205 -0.945580 57.615 0 22.640 1 0.704972
4716 781.772 44.648 253.205 -0.945580 57.615 0 22.640 1 0.704972
4717 781.797 44.656 253.193 -0.945583 57.619 0 22.668 1 0.708508
4718 781.822 44.663 253.181 -0.945591 57.622 0 22.696 1 0.712045
4719 781.822 44.663 253.181 -0.945591 57.622 0 22.696 1 0.712045
4720 781.846 44.670 253.169 -0.945595 57.625 0 22.725 1 0.715581
4721 781.846 44.670 253.169 -0.945595 57.625 0 22.725 1 0.715581
4722 781.871 44.677 253.157 -0.945602 57.629 0 22.753 1 0.719117
4723 781.871 44.677 253.157 -0.945602 57.629 0 22.753 1 0.719117
4724 781.895 44.685 253.145 -0.945602 57.632 0 22.781 1 0.722653
4725 781.895 44.685 253.145 -0.945602 57.632 0 22.781 1 0.722653
4726 781.920 44.692 253.133 -0.945610 57.635 0 22.810 1 0.726190
4727 781.920 44.692 253.133 -0.945610 57.635 0 22.810 1 0.726190
4728 781.945 44.699 253.121 -0.945614 57.638 0 22.838 1 0.729726
4729 781.945 44.699 253.121 -0.945614 57.638 0 22.838 1 0.729726
4730 781.969 44.707 253.109 -0.945621 57.642 0 22.866 1 0.733262
4731 781.994 44.714 253.097 -0.945625 57.645 0 22.894 1 0.736796
4732 781.994 44.714 253.097 -0.945625 57.645 0 22.894 1 0.736796
4733 782.018 44.721 253.085 -0.945530 57.648 0 22.923 1 0.740331
4734 782.018 44.721 253.085 -0.945530 57.648 0 22.923 1 0.740331
4735 782.043 44.728 253.074 -0.945465 57.651 0 22.951 1 0.743867
4736 782.068 44.736 253.062 -0.945400 57.655 0 22.979 1 0.747401
4737 782.092 44.743 253.050 -0.945335 57.658 0 23.007 1 0.750937
4738 782.092 44.743 253.050 -0.945335 57.658 0 23.007 1 0.750937
4739 782.117 44.750 253.038 -0.945274 57.661 0 23.036 1 0.754474
4740 782.141 44.757 253.026 -0.945210 57.664 0 23.064 1 0.758008
4741 782.166 44.765 253.014 -0.945148 57.668 0 23.092 1 0.761544
4742 782.166 44.765 253.014 -0.945148 57.668 0 23.092 1 0.761544
4743 782.215 44.779 252.990 -0.945023 57.674 0 23.149 1 0.768615
4744 782.215 44.779 252.990 -0.945023 57.674 0 23.149 1 0.768615
4745 782.240 44.786 252.978 -0.944958 57.677 0 23.177 1 0.772149
4746 782.264 44.794 252.966 -0.944893 57.681 0 23.205 1 0.775685
4747 782.264 44.794 252.966 -0.944893 57.681 0 23.205 1 0.775685
4748 782.289 44.801 252.954 -0.944836 57.684 0 23.234 1 0.779220
4749 782.314 44.808 252.942 -0.944771 57.687 0 23.262 1 0.782756
4750 782.314 44.808 252.942 -0.944771 57.687 0 23.262 1 0.782756
4751 782.338 44.815 252.930 -0.944706 57.690 0 23.290 1 0.786290
4752 782.363 44.823 252.918 -0.944641 57.694 0 23.319 1 0.789826
4753 782.363 44.823 252.918 -0.944641 57.694 0 23.319 1 0.789826
4754 782.387 44.830 252.906 -0.944580 57.697 0 23.347 1 0.793361
4755 782.412 44.837 252.894 -0.944515 57.700 0 23.375 1 0.796897
4756 782.437 44.844 252.882 -0.944454 57.703 0 23.403 1 0.800431
4757 782.461 44.852 252.870 -0.944748 57.706 0 23.432 1 0.803969
4758 782.461 44.852 252.870 -0.944748 57.706 0 23.432 1 0.803969
4759 782.486 44.859 252.858 -0.944416 57.710 0 23.460 1 0.807506
4760 782.486 44.859 252.858 -0.944416 57.710 0 23.460 1 0.807506
4761 782.510 44.866 252.847 -0.944401 57.713 0 23.488 1 0.811042
4762 782.535 44.874 252.835 -0.944393 57.716 0 23.517 1 0.814578
4763 782.535 44.874 252.835 -0.944393 57.716 0 23.517 1 0.814578
4764 782.560 44.881 252.823 -0.944378 57.719 0 23.545 1 0.818114
4765 782.560 44.881 252.823 -0.944378 57.719 0 23.545 1 0.818114
4766 782.584 44.888 252.811 -0.944370 57.722 0 23.573 1 0.821651
4767 782.609 44.895 252.799 -0.944363 57.726 0 23.601 1 0.825187
4768 782.609 44.895 252.799 -0.944363 57.726 0 23.601 1 0.825187
4769 782.633 44.903 252.787 -0.944347 57.729 0 23.630 1 0.828723
4770 782.633 44.903 252.787 -0.944347 57.729 0 23.630 1 0.828723
4771 782.658 44.909 252.775 -0.943794 57.732 0 23.658 1 0.832276
4772 782.658 44.909 252.775 -0.943794 57.732 0 23.658 1 0.832276
4773 782.683 44.916 252.763 -0.943428 57.735 0 23.687 1 0.835830
4774 782.708 44.923 252.751 -0.943058 57.739 0 23.715 1 0.839381
4775 782.708 44.923 252.751 -0.943058 57.739 0 23.715 1 0.839381
4776 782.732 44.931 252.739 -0.943371 57.742 0 23.743 1 0.842929
4777 782.757 44.938 252.727 -0.942719 57.745 0 23.772 1 0.846478
4778 782.757 44.938 252.727 -0.942719 57.745 0 23.772 1 0.846478
4779 782.782 44.945 252.715 -0.942776 57.748 0 23.800 1 0.850013
4780 782.782 44.945 252.715 -0.942776 57.748 0 23.800 1 0.850013
4781 782.806 44.952 252.703 -0.942867 57.751 0 23.828 1 0.853541
4782 782.806 44.952 252.703 -0.942867 57.751 0 23.828 1 0.853541
4783 782.831 44.960 252.691 -0.942936 57.754 0 23.857 1 0.857074
4784 782.831 44.960 252.691 -0.942936 57.754 0 23.857 1 0.857074
4785 782.855 44.967 252.679 -0.943031 57.757 0 23.885 1 0.860602
4786 782.855 44.967 252.679 -0.943031 57.757 0 23.885 1 0.860602
4787 782.880 44.975 252.667 -0.943100 57.761 0 23.913 1 0.864137
4788 782.880 44.975 252.667 -0.943100 57.761 0 23.913 1 0.864137
4789 782.905 44.982 252.656 -0.943192 57.764 0 23.941 1 0.867663
4790 782.905 44.982 252.656 -0.943192 57.764 0 23.941 1 0.867663
4791 782.929 44.989 252.644 -0.943275 57.767 0 23.970 1 0.871192
4792 782.929 44.989 252.644 -0.943275 57.767 0 23.970 1 0.871192
4793 782.954 44.997 252.632 -0.943356 57.770 0 23.998 1 0.874719
4794 782.954 44.997 252.632 -0.943356 57.770 0 23.998 1 0.874719
4795 782.978 45.004 252.620 -0.943439 57.773 0 24.026 1 0.878247
4796 782.978 45.004 252.620 -0.943439 57.773 0 24.026 1 0.878247
4797 783.003 45.011 252.608 -0.943516 57.776 0 24.054 1 0.881774
4798 783.003 45.011 252.608 -0.943516 57.776 0 24.054 1 0.881774
4799 783.027 45.019 252.596 -0.943600 57.779 0 24.082 1 0.885301
4800 783.027 45.019 252.596 -0.943600 57.779 0 24.082 1 0.885301
4801 783.052 45.026 252.585 -0.943680 57.782 0 24.111 1 0.888829
4802 783.076 45.034 252.573 -0.943764 57.786 0 24.139 1 0.892356
4803 783.076 45.034 252.573 -0.943764 57.786 0 24.139 1 0.892356
4804 783.101 45.041 252.561 -0.943840 57.789 0 24.167 1 0.895883
4805 783.101 45.041 252.561 -0.943840 57.789 0 24.167 1 0.895883
4806 783.125 45.048 252.549 -0.943924 57.792 0 24.195 1 0.899411
4807 783.150 45.056 252.537 -0.943848 57.795 0 24.224 1 0.902946
4808 783.150 45.056 252.537 -0.943848 57.795 0 24.224 1 0.902946
4809 783.175 45.063 252.525 -0.943832 57.798 0 24.252 1 0.906482
4810 783.199 45.070 252.513 -0.943821 57.801 0 24.280 1 0.910018
4811 783.199 45.070 252.513 -0.943821 57.801 0 24.280 1 0.910018
4812 783.224 45.077 252.501 -0.943806 57.804 0 24.308 1 0.913554
4813 783.224 45.077 252.501 -0.943806 57.804 0 24.308 1 0.913554
4814 783.248 45.085 252.490 -0.944508 57.807 0 24.337 1 0.917087
4815 783.273 45.092 252.478 -0.944210 57.811 0 24.365 1 0.920608
4816 783.273 45.092 252.478 -0.944210 57.811 0 24.365 1 0.920608
4817 783.297 45.100 252.466 -0.944565 57.814 0 24.393 1 0.924125
4818 783.297 45.100 252.466 -0.944565 57.814 0 24.393 1 0.924125
4819 783.322 45.107 252.454 -0.944565 57.817 0 24.421 1 0.927657
4820 783.322 45.107 252.454 -0.944565 57.817 0 24.421 1 0.927657
4821 783.346 45.115 252.442 -0.944649 57.820 0 24.449 1 0.931186
4822 783.346 45.115 252.442 -0.944649 57.820 0 24.449 1 0.931186
4823 783.371 45.122 252.430 -0.944710 57.823 0 24.478 1 0.934718
4824 783.395 45.130 252.419 -0.944923 57.826 0 24.506 1 0.938243
4825 783.395 45.130 252.419 -0.944923 57.826 0 24.506 1 0.938243
4826 783.420 45.137 252.407 -0.945072 57.829 0 24.534 1 0.941772
4827 783.420 45.137 252.407 -0.945072 57.829 0 24.534 1 0.941772
4828 783.444 45.144 252.395 -0.945251 57.832 0 24.562 1 0.945296
4829 783.444 45.144 252.395 -0.945251 57.832 0 24.562 1 0.945296
4830 783.469 45.152 252.383 -0.945400 57.835 0 24.591 1 0.948825
4831 783.469 45.152 252.383 -0.945400 57.835 0 24.591 1 0.948825
4832 783.493 45.159 252.371 -0.945576 57.838 0 24.619 1 0.952350
4833 783.518 45.167 252.359 -0.945724 57.842 0 24.647 1 0.955878
4834 783.518 45.167 252.359 -0.945724 57.842 0 24.647 1 0.955878
4835 783.542 45.174 252.348 -0.945904 57.845 0 24.675 1 0.959403
4836 783.567 45.182 252.336 -0.946053 57.848 0 24.703 1 0.962932
4837 783.567 45.182 252.336 -0.946053 57.848 0 24.703 1 0.962932
4838 783.591 45.189 252.324 -0.946228 57.851 0 24.732 1 0.966456
4839 783.591 45.189 252.324 -0.946228 57.851 0 24.732 1 0.966456
4840 783.616 45.197 252.312 -0.946381 57.854 0 24.760 1 0.969985
4841 783.640 45.204 252.300 -0.946552 57.857 0 24.788 1 0.973508
4842 783.640 45.204 252.300 -0.946552 57.857 0 24.788 1 0.973508
4843 783.665 45.211 252.288 -0.946705 57.860 0 24.816 1 0.977038
4844 783.665 45.211 252.288 -0.946705 57.860 0 24.816 1 0.977038
4845 783.689 45.219 252.276 -0.946880 57.863 0 24.844 1 0.980561
4846 783.714 45.226 252.265 -0.947029 57.866 0 24.873 1 0.984092
4847 783.714 45.226 252.265 -0.947029 57.866 0 24.873 1 0.984092
4848 783.738 45.234 252.253 -0.947208 57.869 0 24.901 1 0.987615
4849 783.738 45.234 252.253 -0.947208 57.869 0 24.901 1 0.987615
4850 783.763 45.241 252.241 -0.947357 57.872 0 24.929 1 0.991145
4851 783.787 45.249 252.229 -0.947533 57.876 0 24.957 1 0.994668
4852 783.787 45.249 252.229 -0.947533 57.876 0 24.957 1 0.994668
4853 783.812 45.256 252.217 -0.947681 57.879 0 24.986 1 0.998199
4854 783.812 45.256 252.217 -0.947681 57.879 0 24.986 1 0.998199
4855 783.836 45.264 252.205 -0.947861 57.882 0 25.014 1 1.000000
4856 783.861 45.271 252.194 -0.948009 57.885 0 25.042 1 1.000000
4857 783.861 45.271 252.194 -0.948009 57.885 0 25.042 1 1.000000
4858 783.885 45.279 252.182 -0.948181 57.888 0 25.070 1 1.000000
4859 783.910 45.286 252.170 -0.948338 57.891 0 25.098 1 1.000000
4860 783.910 45.286 252.170 -0.948338 57.891 0 25.098 1 1.000000
4861 783.935 45.293 252.158 -0.948509 57.894 0 25.127 1 1.000000
4862 783.935 45.293 252.158 -0.948509 57.894 0 25.127 1 1.000000
4863 783.959 45.301 252.146 -0.948658 57.897 0 25.155 1 1.000000
4864 783.959 45.301 252.146 -0.948658 57.897 0 25.155 1 1.000000
4865 783.984 45.308 252.134 -0.948837 57.900 0 25.183 1 1.000000
4866 784.008 45.316 252.123 -0.948986 57.903 0 25.211 1 1.000000
4867 784.008 45.316 252.123 -0.948986 57.903 0 25.211 1 1.000000
4868 784.033 45.323 252.111 -0.948647 57.906 0 25.240 1 1.000000
4869 784.057 45.330 252.099 -0.948425 57.910 0 25.268 1 1.000000
4870 784.057 45.330 252.099 -0.948425 57.910 0 25.268 1 1.000000
4871 784.082 45.337 252.087 -0.948208 57.913 0 25.296 1 1.000000
4872 784.082 45.337 252.087 -0.948208 57.913 0 25.296 1 1.000000
4873 784.107 45.344 252.075 -0.947990 57.916 0 25.325 1 1.000000
4874 784.107 45.344 252.075 -0.947990 57.916 0 25.325 1 1.000000
4875 784.132 45.351 252.063 -0.947773 57.919 0 25.353 1 1.000000
4876 784.132 45.351 252.063 -0.947773 57.919 0 25.353 1 1.000000
4877 784.156 45.358 252.051 -0.947559 57.922 0 25.382 1 1.000000
4878 784.156 45.358 252.051 -0.947559 57.922 0 25.382 1 1.000000
4879 784.181 45.365 252.039 -0.947346 57.925 0 25.410 1 1.000000
4880 784.206 45.373 252.027 -0.947128 57.928 0 25.438 1 1.000000
4881 784.206 45.373 252.027 -0.947128 57.928 0 25.438 1 1.000000
4882 784.231 45.380 252.015 -0.946915 57.931 0 25.467 1 1.000000
4883 784.231 45.380 252.015 -0.946915 57.931 0 25.467 1 1.000000
4884 784.255 45.387 252.003 -0.946697 57.934 0 25.495 1 1.000000
4885 784.255 45.387 252.003 -0.946697 57.934 0 25.495 1 1.000000
4886 784.280 45.394 251.991 -0.946480 57.937 0 25.523 1 1.000000
4887 784.280 45.394 251.991 -0.946480 57.937 0 25.523 1 1.000000
4888 784.305 45.401 251.979 -0.946266 57.941 0 25.552 1 1.000000
4889 784.305 45.401 251.979 -0.946266 57.941 0 25.552 1 1.000000
4890 784.329 45.408 251.967 -0.946049 57.944 0 25.580 1 1.000000
4891 784.329 45.408 251.967 -0.946049 57.944 0 25.580 1 1.000000
4892 784.354 45.415 251.955 -0.945831 57.947 0 25.608 1 1.000000
4893 784.379 45.422 251.943 -0.945614 57.950 0 25.637 1 1.000000
4894 784.379 45.422 251.943 -0.945614 57.950 0 25.637 1 1.000000
4895 784.404 45.429 251.931 -0.945396 57.953 0 25.665 1 1.000000
4896 784.404 45.429 251.931 -0.945396 57.953 0 25.665 1 1.000000
4897 784.428 45.436 251.919 -0.945179 57.956 0 25.693 1 1.000000
4898 784.428 45.436 251.919 -0.945179 57.956 0 25.693 1 1.000000
4899 784.453 45.444 251.907 -0.945377 57.959 0 25.722 1 1.000000
4900 784.477 45.451 251.895 -0.945435 57.962 0 25.750 1 1.000000
4901 784.477 45.451 251.895 -0.945435 57.962 0 25.750 1 1.000000
4902 784.502 45.459 251.883 -0.945484 57.965 0 25.778 1 1.000000
4903 784.502 45.459 251.883 -0.945484 57.965 0 25.778 1 1.000000
4904 784.526 45.466 251.871 -0.945534 57.968 0 25.806 1 1.000000
4905 784.526 45.466 251.871 -0.945534 57.968 0 25.806 1 1.000000
4906 784.551 45.473 251.860 -0.945587 57.971 0 25.835 1 1.000000
4907 784.551 45.473 251.860 -0.945587 57.971 0 25.835 1 1.000000
4908 784.576 45.481 251.848 -0.945637 57.974 0 25.863 1 1.000000
4909 784.576 45.481 251.848 -0.945637 57.974 0 25.863 1 1.000000
4910 784.600 45.488 251.836 -0.945686 57.978 0 25.891 1 1.000000
4911 784.600 45.488 251.836 -0.945686 57.978 0 25.891 1 1.000000
4912 784.625 45.495 251.824 -0.945732 57.981 0 25.919 1 1.000000
4913 784.625 45.495 251.824 -0.945732 57.981 0 25.919 1 1.000000
4914 784.649 45.503 251.812 -0.945782 57.984 0 25.948 1 1.000000
4915 784.649 45.503 251.812 -0.945782 57.984 0 25.948 1 1.000000
4916 784.674 45.510 251.800 -0.945835 57.987 0 25.976 1 1.000000
4917 784.674 45.510 251.800 -0.945835 57.987 0 25.976 1 1.000000
4918 784.698 45.517 251.788 -0.945885 57.990 0 26.004 1 1.000000
4919 784.698 45.517 251.788 -0.945885 57.990 0 26.004 1 1.000000
4920 784.723 45.525 251.776 -0.945934 57.993 0 26.032 1 1.000000
4921 784.723 45.525 251.776 -0.945934 57.993 0 26.032 1 1.000000
4922 784.747 45.532 251.764 -0.945984 57.996 0 26.061 1 1.000000
4923 784.772 45.539 251.752 -0.946033 57.999 0 26.089 1 1.000000
4924 784.772 45.539 251.752 -0.946033 57.999 0 26.089 1 1.000000
4925 784.796 45.547 251.740 -0.946083 58.002 0 26.117 1 1.000000
4926 784.796 45.547 251.740 -0.946083 58.002 0 26.117 1 1.000000
4927 784.821 45.554 251.728 -0.946133 58.005 0 26.145 1 1.000000
4928 784.821 45.554 251.728 -0.946133 58.005 0 26.145 1 1.000000
4929 784.845 45.562 251.717 -0.946182 58.008 0 26.174 1 1.000000
4930 784.845 45.562 251.717 -0.946182 58.008 0 26.174 1 1.000000
4931 784.870 45.569 251.705 -0.946232 58.011 0 26.202 1 1.000000
4932 784.870 45.569 251.705 -0.946232 58.011 0 26.202 1 1.000000
4933 784.894 45.576 251.693 -0.946285 58.014 0 26.230 1 1.000000
4934 784.894 45.576 251.693 -0.946285 58.014 0 26.230 1 1.000000
4935 784.919 45.584 251.681 -0.946331 58.017 0 26.258 1 1.000000
4936 784.919 45.584 251.681 -0.946331 58.017 0 26.258 1 1.000000
4937 784.944 45.591 251.669 -0.946384 58.020 0 26.287 1 1.000000
4938 784.968 45.598 251.657 -0.946438 58.023 0 26.315 1 1.000000
4939 784.968 45.598 251.657 -0.946438 58.023 0 26.315 1 1.000000
4940 784.993 45.606 251.645 -0.946484 58.026 0 26.343 1 1.000000
4941 784.993 45.606 251.645 -0.946484 58.026 0 26.343 1 1.000000
4942 785.017 45.613 251.633 -0.946533 58.029 0 26.371 1 1.000000
4943 785.042 45.620 251.621 -0.946587 58.033 0 26.399 1 1.000000
4944 785.042 45.620 251.621 -0.946587 58.033 0 26.399 1 1.000000
4945 785.066 45.628 251.609 -0.946636 58.036 0 26.428 1 1.000000
4946 785.066 45.628 251.609 -0.946636 58.036 0 26.428 1 1.000000
4947 785.091 45.635 251.598 -0.946682 58.039 0 26.456 1 1.000000
4948 785.091 45.635 251.598 -0.946682 58.039 0 26.456 1 1.000000
4949 785.115 45.642 251.586 -0.946732 58.042 0 26.484 1 1.000000
4950 785.115 45.642 251.586 -0.946732 58.042 0 26.484 1 1.000000
4951 785.140 45.650 251.574 -0.946785 58.045 0 26.512 1 1.000000
4952 785.164 45.657 251.562 -0.946835 58.048 0 26.541 1 1.000000
4953 785.164 45.657 251.562 -0.946835 58.048 0 26.541 1 1.000000
4954 785.189 45.664 251.550 -0.946884 58.051 0 26.569 1 1.000000
4955 785.189 45.664 251.550 -0.946884 58.051 0 26.569 1 1.000000
4956 785.213 45.672 251.538 -0.947567 58.054 0 26.597 1 1.000000
4957 785.213 45.672 251.538 -0.947567 58.054 0 26.597 1 1.000000
4958 785.238 45.680 251.527 -0.948235 58.057 0 26.625 1 1.000000
4959 785.238 45.680 251.527 -0.948235 58.057 0 26.625 1 1.000000
4960 785.262 45.688 251.516 -0.948906 58.059 0 26.653 1 1.000000
4961 785.262 45.688 251.516 -0.948906 58.059 0 26.653 1 1.000000
4962 785.287 45.696 251.504 -0.949574 58.062 0 26.681 1 1.000000
4963 785.287 45.696 251.504 -0.949574 58.062 0 26.681 1 1.000000
4964 785.311 45.704 251.493 -0.950245 58.065 0 26.709 1 1.000000
4965 785.311 45.704 251.493 -0.950245 58.065 0 26.709 1 1.000000
4966 785.335 45.712 251.482 -0.950912 58.068 0 26.737 1 1.000000
4967 785.335 45.712 251.482 -0.950912 58.068 0 26.737 1 1.000000
4968 785.360 45.720 251.471 -0.951557 58.071 0 26.765 1 1.000000
4969 785.385 45.725 251.459 -0.949478 58.074 0 26.794 1 1.000000
4970 785.385 45.725 251.459 -0.949478 58.074 0 26.794 1 1.000000
4971 785.411 45.731 251.447 -0.948242 58.077 0 26.822 1 1.000000
4972 785.411 45.731 251.447 -0.948242 58.077 0 26.822 1 1.000000
4973 785.436 45.737 251.435 -0.947170 58.080 0 26.851 1 1.000000
4974 785.436 45.737 251.435 -0.947170 58.080 0 26.851 1 1.000000
4975 785.461 45.745 251.423 -0.947262 58.083 0 26.879 1 1.000000
4976 785.461 45.745 251.423 -0.947262 58.083 0 26.879 1 1.000000
4977 785.485 45.752 251.411 -0.947239 58.086 0 26.908 1 1.000000
4978 785.485 45.752 251.411 -0.947239 58.086 0 26.908 1 1.000000
4979 785.510 45.759 251.399 -0.947212 58.089 0 26.936 1 1.000000
4980 785.510 45.759 251.399 -0.947212 58.089 0 26.936 1 1.000000
4981 785.534 45.767 251.387 -0.947186 58.092 0 26.964 1 1.000000
4982 785.534 45.767 251.387 -0.947186 58.092 0 26.964 1 1.000000
4983 785.559 45.774 251.375 -0.947155 58.095 0 26.993 1 1.000000
4984 785.559 45.774 251.375 -0.947155 58.095 0 26.993 1 1.000000
4985 785.583 45.781 251.363 -0.947128 58.098 0 27.021 1 1.000000
4986 785.583 45.781 251.363 -0.947128 58.098 0 27.021 1 1.000000
4987 785.608 45.789 251.351 -0.947102 58.101 0 27.049 1 1.000000
4988 785.608 45.789 251.351 -0.947102 58.101 0 27.049 1 1.000000
4989 785.633 45.796 251.339 -0.947071 58.104 0 27.077 1 1.000000
4990 785.657 45.803 251.327 -0.947044 58.107 0 27.106 1 1.000000
4991 785.657 45.803 251.327 -0.947044 58.107 0 27.106 1 1.000000
4992 785.682 45.810 251.315 -0.947018 58.110 0 27.134 1 1.000000
4993 785.682 45.810 251.315 -0.947018 58.110 0 27.134 1 1.000000
4994 785.706 45.818 251.303 -0.946991 58.113 0 27.162 1 1.000000
4995 785.706 45.818 251.303 -0.946991 58.113 0 27.162 1 1.000000
4996 785.731 45.825 251.292 -0.946960 58.116 0 27.191 1 1.000000
4997 785.731 45.825 251.292 -0.946960 58.116 0 27.191 1 1.000000
4998 785.756 45.832 251.280 -0.946934 58.119 0 27.219 1 1.000000
4999 785.756 45.832 251.280 -0.946934 58.119 0 27.219 1 1.000000
5000 785.780 45.840 251.268 -0.946907 58.122 0 27.247 1 1.000000
5001 785.780 45.840 251.268 -0.946907 58.122 0 27.247 1 1.000000
5002 785.805 45.847 251.256 -0.946880 58.125 0 27.275 1 1.000000
5003 785.805 45.847 251.256 -0.946880 58.125 0 27.275 1 1.000000
5004 785.829 45.854 251.244 -0.946850 58.128 0 27.304 1 1.000000
5005 785.854 45.861 251.232 -0.946827 58.131 0 27.332 1 1.000000
5006 785.854 45.861 251.232 -0.946827 58.131 0 27.332 1 1.000000
5007 785.879 45.869 251.220 -0.946796 58.134 0 27.360 1 1.000000
5008 785.879 45.869 251.220 -0.946796 58.134 0 27.360 1 1.000000
5009 785.903 45.876 251.208 -0.946770 58.137 0 27.389 1 1.000000
5010 785.903 45.876 251.208 -0.946770 58.137 0 27.389 1 1.000000
5011 785.928 45.883 251.196 -0.946743 58.140 0 27.417 1 1.000000
5012 785.952 45.890 251.184 -0.946712 58.144 0 27.445 1 1.000000
5013 785.952 45.890 251.184 -0.946712 58.144 0 27.445 1 1.000000
5014 785.977 45.898 251.172 -0.946686 58.147 0 27.473 1 1.000000
5015 786.001 45.905 251.160 -0.947010 58.150 0 27.502 1 1.000000
5016 786.001 45.905 251.160 -0.947010 58.150 0 27.502 1 1.000000
5017 786.026 45.913 251.149 -0.947239 58.153 0 27.530 1 1.000000
5018 786.050 45.920 251.137 -0.947483 58.156 0 27.558 1 1.000000
5019 786.050 45.920 251.137 -0.947483 58.156 0 27.558 1 1.000000
5020 786.075 45.928 251.125 -0.947731 58.159 0 27.586 1 1.000000
5021 786.075 45.928 251.125 -0.947731 58.159 0 27.586 1 1.000000
5022 786.099 45.935 251.113 -0.947971 58.162 0 27.614 1 1.000000
5023 786.124 45.943 251.101 -0.948215 58.165 0 27.643 1 1.000000
5024 786.124 45.943 251.101 -0.948215 58.165 0 27.643 1 1.000000
5025 786.148 45.950 251.089 -0.948063 58.168 0 27.671 1 1.000000
5026 786.173 45.957 251.077 -0.948040 58.171 0 27.699 1 1.000000
5027 786.173 45.957 251.077 -0.948040 58.171 0 27.699 1 1.000000
5028 786.198 45.965 251.066 -0.948013 58.174 0 27.727 1 1.000000
5029 786.222 45.972 251.054 -0.947983 58.177 0 27.756 1 1.000000
5030 786.222 45.972 251.054 -0.947983 58.177 0 27.756 1 1.000000
5031 786.247 45.979 251.042 -0.947952 58.180 0 27.784 1 1.000000
5032 786.271 45.986 251.030 -0.947922 58.183 0 27.812 1 1.000000
5033 786.271 45.986 251.030 -0.947922 58.183 0 27.812 1 1.000000
5034 786.296 45.994 251.018 -0.947769 58.186 0 27.841 1 1.000000
5035 786.296 45.994 251.018 -0.947769 58.186 0 27.841 1 1.000000
5036 786.321 46.001 251.006 -0.947624 58.189 0 27.869 1 1.000000
5037 786.321 46.001 251.006 -0.947624 58.189 0 27.869 1 1.000000
5038 786.345 46.008 250.994 -0.947479 58.192 0 27.897 1 1.000000
5039 786.345 46.008 250.994 -0.947479 58.192 0 27.897 1 1.000000
5040 786.370 46.015 250.982 -0.947338 58.195 0 27.925 1 1.000000
5041 786.370 46.015 250.982 -0.947338 58.195 0 27.925 1 1.000000
5042 786.395 46.022 250.970 -0.947189 58.198 0 27.954 1 1.000000
5043 786.395 46.022 250.970 -0.947189 58.198 0 27.954 1 1.000000
5044 786.419 46.029 250.958 -0.947044 58.201 0 27.982 1 1.000000
5045 786.419 46.029 250.958 -0.947044 58.201 0 27.982 1 1.000000
5046 786.444 46.037 250.946 -0.946903 58.204 0 28.010 1 1.000000
5047 786.444 46.037 250.946 -0.946903 58.204 0 28.010 1 1.000000
5048 786.469 46.044 250.934 -0.946758 58.207 0 28.039 1 1.000000
5049 786.469 46.044 250.934 -0.946758 58.207 0 28.039 1 1.000000
5050 786.493 46.051 250.923 -0.946613 58.210 0 28.067 1 1.000000
5051 786.493 46.051 250.923 -0.946613 58.210 0 28.067 1 1.000000
5052 786.518 46.058 250.911 -0.946613 58.213 0 28.095 1 1.000000
5053 786.518 46.058 250.911 -0.946613 58.213 0 28.095 1 1.000000
5054 786.542 46.067 250.899 -0.948162 58.216 0 28.123 1 1.000000
5055 786.542 46.067 250.899 -0.948162 58.216 0 28.123 1 1.000000
5056 786.565 46.075 250.888 -0.949528 58.219 0 28.151 1 1.000000
5057 786.589 46.084 250.876 -0.950893 58.222 0 28.178 1 1.000000
5058 786.589 46.084 250.876 -0.950893 58.222 0 28.178 1 1.000000
5059 786.613 46.092 250.864 -0.952263 58.225 0 28.206 1 1.000000
5060 786.613 46.092 250.864 -0.952263 58.225 0 28.206 1 1.000000
5061 786.636 46.101 250.853 -0.953629 58.228 0 28.234 1 1.000000
5062 786.660 46.109 250.841 -0.954998 58.231 0 28.261 1 1.000000
5063 786.660 46.109 250.841 -0.954998 58.231 0 28.261 1 1.000000
5064 786.684 46.118 250.830 -0.956367 58.234 0 28.289 1 1.000000
5065 786.707 46.127 250.818 -0.957733 58.237 0 28.317 1 1.000000
5066 786.707 46.127 250.818 -0.957733 58.237 0 28.317 1 1.000000
5067 786.732 46.134 250.806 -0.958309 58.240 0 28.345 1 1.000000
5068 786.756 46.140 250.794 -0.957020 58.243 0 28.373 1 1.000000
5069 786.756 46.140 250.794 -0.957020 58.243 0 28.373 1 1.000000
5070 786.781 46.147 250.782 -0.956532 58.246 0 28.401 1 1.000000
5071 786.781 46.147 250.782 -0.956532 58.246 0 28.401 1 1.000000
5072 786.806 46.154 250.769 -0.956043 58.249 0 28.430 1 1.000000
5073 786.806 46.154 250.769 -0.956043 58.249 0 28.430 1 1.000000
5074 786.831 46.161 250.757 -0.955555 58.252 0 28.458 1 1.000000
5075 786.831 46.161 250.757 -0.955555 58.252 0 28.458 1 1.000000
5076 786.855 46.168 250.745 -0.955070 58.256 0 28.487 1 1.000000
5077 786.880 46.175 250.732 -0.954582 58.259 0 28.515 1 1.000000
5078 786.905 46.181 250.720 -0.954094 58.262 0 28.543 1 1.000000
5079 786.905 46.181 250.720 -0.954094 58.262 0 28.543 1 1.000000
5080 786.930 46.188 250.708 -0.953606 58.265 0 28.572 1 1.000000
5081 786.930 46.188 250.708 -0.953606 58.265 0 28.572 1 1.000000
5082 786.954 46.195 250.696 -0.953121 58.268 0 28.600 1 1.000000
5083 786.979 46.202 250.683 -0.952633 58.271 0 28.629 1 1.000000
5084 786.979 46.202 250.683 -0.952633 58.271 0 28.629 1 1.000000
5085 787.004 46.209 250.671 -0.952148 58.275 0 28.657 1 1.000000
5086 787.004 46.209 250.671 -0.952148 58.275 0 28.657 1 1.000000
5087 787.028 46.216 250.659 -0.951660 58.278 0 28.686 1 1.000000
5088 787.053 46.223 250.647 -0.951172 58.281 0 28.714 1 1.000000
5089 787.053 46.223 250.647 -0.951172 58.281 0 28.714 1 1.000000
5090 787.078 46.229 250.634 -0.950687 58.284 0 28.742 1 1.000000
5091 787.103 46.236 250.622 -0.950199 58.287 0 28.771 1 1.000000
5092 787.103 46.236 250.622 -0.950199 58.287 0 28.771 1 1.000000
5093 787.127 46.243 250.610 -0.949715 58.290 0 28.799 1 1.000000
5094 787.152 46.250 250.597 -0.949226 58.293 0 28.828 1 1.000000
5095 787.152 46.250 250.597 -0.949226 58.293 0 28.828 1 1.000000
5096 787.177 46.257 250.585 -0.948746 58.297 0 28.856 1 1.000000
5097 787.177 46.257 250.585 -0.948746 58.297 0 28.856 1 1.000000
5098 787.201 46.264 250.573 -0.948242 58.300 0 28.885 1 1.000000
5099 787.226 46.271 250.561 -0.947769 58.303 0 28.913 1 1.000000
5100 787.226 46.271 250.561 -0.947769 58.303 0 28.913 1 1.000000
5101 787.251 46.277 250.548 -0.947269 58.306 0 28.941 1 1.000000
5102 787.251 46.277 250.548 -0.947269 58.306 0 28.941 1 1.000000
5103 787.275 46.286 250.537 -0.948700 58.309 0 28.970 1 1.000000
5104 787.275 46.286 250.537 -0.948700 58.309 0 28.970 1 1.000000
5105 787.299 46.295 250.527 -0.950188 58.311 0 28.997 1 1.000000
5106 787.299 46.295 250.527 -0.950188 58.311 0 28.997 1 1.000000
5107 787.324 46.303 250.516 -0.951694 58.314 0 29.025 1 1.000000
5108 787.324 46.303 250.516 -0.951694 58.314 0 29.025 1 1.000000
5109 787.348 46.312 250.506 -0.953186 58.316 0 29.052 1 1.000000
5110 787.348 46.312 250.506 -0.953186 58.316 0 29.052 1 1.000000
5111 787.372 46.320 250.496 -0.953701 58.319 0 29.080 1 1.000000
5112 787.372 46.320 250.496 -0.953701 58.319 0 29.080 1 1.000000
5113 787.398 46.325 250.484 -0.951740 58.322 0 29.109 1 1.000000
5114 787.424 46.329 250.472 -0.947990 58.325 0 29.138 1 1.000000
5115 787.424 46.329 250.472 -0.947990 58.325 0 29.138 1 1.000000
5116 787.450 46.335 250.460 -0.946922 58.328 0 29.167 1 1.000000
5117 787.475 46.343 250.448 -0.946957 58.331 0 29.195 1 1.000000
5118 787.475 46.343 250.448 -0.946957 58.331 0 29.195 1 1.000000
5119 787.499 46.350 250.436 -0.946987 58.334 0 29.223 1 1.000000
5120 787.524 46.357 250.424 -0.947014 58.337 0 29.252 1 1.000000
5121 787.524 46.357 250.424 -0.947014 58.337 0 29.252 1 1.000000
5122 787.548 46.365 250.413 -0.947044 58.340 0 29.280 1 1.000000
5123 787.548 46.365 250.413 -0.947044 58.340 0 29.280 1 1.000000
5124 787.573 46.372 250.401 -0.947075 58.343 0 29.308 1 1.000000
5125 787.573 46.372 250.401 -0.947075 58.343 0 29.308 1 1.000000
5126 787.598 46.379 250.389 -0.947105 58.346 0 29.336 1 1.000000
5127 787.598 46.379 250.389 -0.947105 58.346 0 29.336 1 1.000000
5128 787.622 46.387 250.377 -0.947136 58.349 0 29.365 1 1.000000
5129 787.622 46.387 250.377 -0.947136 58.349 0 29.365 1 1.000000
5130 787.647 46.394 250.365 -0.947166 58.352 0 29.393 1 1.000000
5131 787.647 46.394 250.365 -0.947166 58.352 0 29.393 1 1.000000
5132 787.671 46.401 250.354 -0.947193 58.355 0 29.421 1 1.000000
5133 787.671 46.401 250.354 -0.947193 58.355 0 29.421 1 1.000000
5134 787.696 46.409 250.342 -0.947224 58.358 0 29.449 1 1.000000
5135 787.696 46.409 250.342 -0.947224 58.358 0 29.449 1 1.000000
5136 787.721 46.416 250.330 -0.947254 58.361 0 29.478 1 1.000000
5137 787.745 46.423 250.318 -0.947281 58.364 0 29.506 1 1.000000
5138 787.770 46.431 250.306 -0.947311 58.367 0 29.534 1 1.000000
5139 787.770 46.431 250.306 -0.947311 58.367 0 29.534 1 1.000000
5140 787.794 46.438 250.295 -0.947342 58.370 0 29.562 1 1.000000
5141 787.819 46.445 250.283 -0.947369 58.373 0 29.591 1 1.000000
5142 787.819 46.445 250.283 -0.947369 58.373 0 29.591 1 1.000000
5143 787.844 46.453 250.271 -0.947399 58.376 0 29.619 1 1.000000
5144 787.868 46.460 250.259 -0.947430 58.379 0 29.647 1 1.000000
5145 787.868 46.460 250.259 -0.947430 58.379 0 29.647 1 1.000000
5146 787.893 46.467 250.248 -0.947460 58.381 0 29.675 1 1.000000
5147 787.917 46.474 250.236 -0.947491 58.384 0 29.704 1 1.000000
5148 787.917 46.474 250.236 -0.947491 58.384 0 29.704 1 1.000000
5149 787.942 46.482 250.224 -0.947521 58.387 0 29.732 1 1.000000
5150 787.967 46.489 250.212 -0.947552 58.390 0 29.760 1 1.000000
5151 787.967 46.489 250.212 -0.947552 58.390 0 29.760 1 1.000000
5152 787.991 46.496 250.200 -0.947578 58.393 0 29.788 1 1.000000
5153 788.016 46.504 250.189 -0.947609 58.396 0 29.816 1 1.000000
5154 788.016 46.504 250.189 -0.947609 58.396 0 29.816 1 1.000000
5155 788.040 46.511 250.177 -0.947639 58.399 0 29.845 1 1.000000
5156 788.065 46.518 250.165 -0.947666 58.402 0 29.873 1 1.000000
5157 788.090 46.525 250.153 -0.947330 58.405 0 29.901 1 1.000000
5158 788.090 46.525 250.153 -0.947330 58.405 0 29.901 1 1.000000
5159 788.115 46.533 250.141 -0.947163 58.408 0 29.930 1 1.000000
5160 788.115 46.533 250.141 -0.947163 58.408 0 29.930 1 1.000000
5161 788.139 46.540 250.129 -0.946991 58.411 0 29.958 1 1.000000
5162 788.164 46.547 250.117 -0.946815 58.414 0 29.986 1 1.000000
5163 788.164 46.547 250.117 -0.946815 58.414 0 29.986 1 1.000000
5164 788.189 46.554 250.105 -0.946640 58.417 0 30.015 1 1.000000
5165 788.213 46.561 250.094 -0.946465 58.420 0 30.043 1 1.000000
5166 788.213 46.561 250.094 -0.946465 58.420 0 30.043 1 1.000000
5167 788.238 46.568 250.082 -0.946293 58.423 0 30.071 1 1.000000
5168 788.238 46.568 250.082 -0.946293 58.423 0 30.071 1 1.000000
5169 788.263 46.575 250.070 -0.946117 58.426 0 30.100 1 1.000000
5170 788.263 46.575 250.070 -0.946117 58.426 0 30.100 1 1.000000
5171 788.288 46.583 250.058 -0.945946 58.429 0 30.128 1 1.000000
5172 788.288 46.583 250.058 -0.945946 58.429 0 30.128 1 1.000000
5173 788.312 46.590 250.046 -0.945774 58.432 0 30.156 1 1.000000
5174 788.337 46.597 250.034 -0.945599 58.435 0 30.185 1 1.000000
5175 788.337 46.597 250.034 -0.945599 58.435 0 30.185 1 1.000000
5176 788.362 46.604 250.022 -0.945423 58.438 0 30.213 1 1.000000
5177 788.362 46.604 250.022 -0.945423 58.438 0 30.213 1 1.000000
5178 788.386 46.611 250.010 -0.945248 58.441 0 30.241 1 1.000000
5179 788.386 46.611 250.010 -0.945248 58.441 0 30.241 1 1.000000
5180 788.411 46.618 249.999 -0.945076 58.444 0 30.270 1 1.000000
5181 788.436 46.626 249.987 -0.945206 58.447 0 30.298 1 1.000000
5182 788.436 46.626 249.987 -0.945206 58.447 0 30.298 1 1.000000
5183 788.460 46.633 249.975 -0.945049 58.450 0 30.326 1 1.000000
5184 788.460 46.633 249.975 -0.945049 58.450 0 30.326 1 1.000000
5185 788.485 46.640 249.963 -0.945057 58.453 0 30.355 1 1.000000
5186 788.485 46.640 249.963 -0.945057 58.453 0 30.355 1 1.000000
5187 788.510 46.648 249.951 -0.945057 58.456 0 30.383 1 1.000000
5188 788.534 46.655 249.939 -0.945061 58.459 0 30.411 1 1.000000
5189 788.534 46.655 249.939 -0.945061 58.459 0 30.411 1 1.000000
5190 788.559 46.662 249.927 -0.945065 58.462 0 30.439 1 1.000000
5191 788.559 46.662 249.927 -0.945065 58.462 0 30.439 1 1.000000
5192 788.583 46.669 249.915 -0.945065 58.465 0 30.468 1 1.000000
5193 788.608 46.677 249.904 -0.945068 58.468 0 30.496 1 1.000000
5194 788.608 46.677 249.904 -0.945068 58.468 0 30.496 1 1.000000
5195 788.633 46.684 249.892 -0.945068 58.471 0 30.524 1 1.000000
5196 788.633 46.684 249.892 -0.945068 58.471 0 30.524 1 1.000000
5197 788.657 46.691 249.880 -0.945072 58.474 0 30.553 1 1.000000
5198 788.657 46.691 249.880 -0.945072 58.474 0 30.553 1 1.000000
5199 788.682 46.699 249.868 -0.945076 58.477 0 30.581 1 1.000000
5200 788.706 46.706 249.856 -0.945076 58.480 0 30.609 1 1.000000
5201 788.706 46.706 249.856 -0.945076 58.480 0 30.609 1 1.000000
5202 788.731 46.713 249.844 -0.945080 58.483 0 30.637 1 1.000000
5203 788.731 46.713 249.844 -0.945080 58.483 0 30.637 1 1.000000
5204 788.756 46.720 249.832 -0.944977 58.486 0 30.666 1 1.000000
5205 788.756 46.720 249.832 -0.944977 58.486 0 30.666 1 1.000000
5206 788.780 46.728 249.820 -0.944908 58.489 0 30.694 1 1.000000
5207 788.780 46.728 249.820 -0.944908 58.489 0 30.694 1 1.000000
5208 788.805 46.735 249.809 -0.944836 58.492 0 30.722 1 1.000000
5209 788.830 46.742 249.797 -0.944763 58.495 0 30.751 1 1.000000
5210 788.830 46.742 249.797 -0.944763 58.495 0 30.751 1 1.000000
5211 788.854 46.749 249.785 -0.944691 58.498 0 30.779 1 1.000000
5212 788.854 46.749 249.785 -0.944691 58.498 0 30.779 1 1.000000
5213 788.879 46.757 249.773 -0.944622 58.501 0 30.807 1 1.000000
5214 788.879 46.757 249.773 -0.944622 58.501 0 30.807 1 1.000000
5215 788.904 46.764 249.761 -0.944550 58.504 0 30.836 1 1.000000
5216 788.904 46.764 249.761 -0.944550 58.504 0 30.836 1 1.000000
5217 788.928 46.771 249.749 -0.944477 58.520 0 30.864 1 1.000000
5218 788.953 46.778 249.737 -0.944408 58.540 0 30.892 1 1.000000
5219 788.953 46.778 249.737 -0.944408 58.540 0 30.892 1 1.000000
5220 788.978 46.786 249.725 -0.944336 58.561 0 30.920 1 1.000000
5221 788.978 46.786 249.725 -0.944336 58.561 0 30.920 1 1.000000
5222 789.002 46.793 249.713 -0.944267 58.582 0 30.949 1 1.000000
5223 789.027 46.800 249.702 -0.944195 58.602 0 30.977 1 1.000000
5224 789.027 46.800 249.702 -0.944195 58.602 0 30.977 1 1.000000
5225 789.052 46.807 249.690 -0.944122 58.623 0 31.005 1 1.000000
5226 789.076 46.815 249.678 -0.944054 58.644 0 31.034 1 1.000000
5227 789.076 46.815 249.678 -0.944054 58.644 0 31.034 1 1.000000
5228 789.101 46.822 249.666 -0.943981 58.664 0 31.062 1 1.000000
5229 789.101 46.822 249.666 -0.943981 58.664 0 31.062 1 1.000000
5230 789.126 46.829 249.654 -0.943909 58.685 0 31.090 1 1.000000
5231 789.126 46.829 249.654 -0.943909 58.685 0 31.090 1 1.000000
5232 789.150 46.836 249.642 -0.943836 58.706 0 31.119 1 1.000000
5233 789.150 46.836 249.642 -0.943836 58.706 0 31.119 1 1.000000
5234 789.175 46.844 249.630 -0.943768 58.727 0 31.147 1 1.000000
5235 789.200 46.851 249.618 -0.943699 58.747 0 31.175 1 1.000000
5236 789.200 46.851 249.618 -0.943699 58.747 0 31.175 1 1.000000
5237 789.224 46.858 249.606 -0.943768 58.768 0 31.204 1 1.000000
5238 789.224 46.858 249.606 -0.943768 58.768 0 31.204 1 1.000000
5239 789.249 46.866 249.595 -0.944359 58.787 0 31.232 1 1.000000
5240 789.273 46.874 249.584 -0.945023 58.806 0 31.260 1 1.000000
5241 789.273 46.874 249.584 -0.945023 58.806 0 31.260 1 1.000000
5242 789.297 46.882 249.573 -0.945671 58.825 0 31.288 1 1.000000
5243 789.297 46.882 249.573 -0.945671 58.825 0 31.288 1 1.000000
5244 789.322 46.890 249.562 -0.946323 58.845 0 31.316 1 1.000000
5245 789.322 46.890 249.562 -0.946323 58.845 0 31.316 1 1.000000
5246 789.346 46.898 249.550 -0.946980 58.864 0 31.344 1 1.000000
5247 789.371 46.905 249.539 -0.947636 58.883 0 31.371 1 1.000000
5248 789.371 46.905 249.539 -0.947636 58.883 0 31.371 1 1.000000
5249 789.396 46.911 249.527 -0.945900 58.904 0 31.400 1 1.000000
5250 789.396 46.911 249.527 -0.945900 58.904 0 31.400 1 1.000000
5251 789.422 46.916 249.515 -0.943371 58.925 0 31.429 1 1.000000
5252 789.446 46.923 249.503 -0.943073 58.946 0 31.457 1 1.000000
5253 789.471 46.930 249.491 -0.943066 58.967 0 31.486 1 1.000000
5254 789.471 46.930 249.491 -0.943066 58.967 0 31.486 1 1.000000
5255 789.496 46.938 249.479 -0.943050 58.988 0 31.514 1 1.000000
5256 789.496 46.938 249.479 -0.943050 58.988 0 31.514 1 1.000000
5257 789.520 46.945 249.467 -0.943043 59.009 0 31.542 1 1.000000
5258 789.545 46.952 249.455 -0.943035 59.030 0 31.570 1 1.000000
5259 789.569 46.959 249.443 -0.943024 59.051 0 31.599 1 1.000000
5260 789.569 46.959 249.443 -0.943024 59.051 0 31.599 1 1.000000
5261 789.594 46.967 249.432 -0.943016 59.071 0 31.627 1 1.000000
5262 789.594 46.967 249.432 -0.943016 59.071 0 31.627 1 1.000000
5263 789.619 46.974 249.420 -0.943005 59.091 0 31.655 1 1.000000
5264 789.644 46.981 249.409 -0.942993 59.110 0 31.684 1 1.000000
5265 789.644 46.981 249.409 -0.942993 59.110 0 31.684 1 1.000000
5266 789.669 46.989 249.398 -0.942986 59.130 0 31.712 1 1.000000
5267 789.669 46.989 249.398 -0.942986 59.130 0 31.712 1 1.000000
5268 789.694 46.996 249.386 -0.942974 59.150 0 31.740 1 1.000000
5269 789.719 47.003 249.375 -0.942963 59.169 0 31.768 1 1.000000
5270 789.719 47.003 249.375 -0.942963 59.169 0 31.768 1 1.000000
5271 789.743 47.011 249.363 -0.942989 59.189 0 31.797 1 1.000000
5272 789.743 47.011 249.363 -0.942989 59.189 0 31.797 1 1.000000
5273 789.768 47.018 249.352 -0.943005 59.209 0 31.825 1 1.000000
5274 789.768 47.018 249.352 -0.943005 59.209 0 31.825 1 1.000000
5275 789.793 47.026 249.341 -0.943615 59.228 0 31.853 1 1.000000
5276 789.818 47.033 249.329 -0.943188 59.248 0 31.882 1 1.000000
5277 789.818 47.033 249.329 -0.943188 59.248 0 31.882 1 1.000000
5278 789.842 47.040 249.318 -0.943199 59.268 0 31.910 1 1.000000
5279 789.842 47.040 249.318 -0.943199 59.268 0 31.910 1 1.000000
5280 789.867 47.047 249.306 -0.943295 59.287 0 31.938 1 1.000000
5281 789.867 47.047 249.306 -0.943295 59.287 0 31.938 1 1.000000
5282 789.892 47.055 249.295 -0.943394 59.307 0 31.966 1 1.000000
5283 789.917 47.062 249.284 -0.943497 59.327 0 31.994 1 1.000000
5284 789.917 47.062 249.284 -0.943497 59.327 0 31.994 1 1.000000
5285 789.942 47.070 249.272 -0.943596 59.346 0 32.023 1 1.000000
5286 789.942 47.070 249.272 -0.943596 59.346 0 32.023 1 1.000000
5287 789.966 47.077 249.261 -0.943699 59.366 0 32.051 1 1.000000
5288 789.991 47.084 249.249 -0.943798 59.386 0 32.079 1 1.000000
5289 789.991 47.084 249.249 -0.943798 59.386 0 32.079 1 1.000000
5290 790.016 47.092 249.238 -0.943901 59.405 0 32.108 1 1.000000
5291 790.016 47.092 249.238 -0.943901 59.405 0 32.108 1 1.000000
5292 790.041 47.099 249.227 -0.944000 59.425 0 32.136 1 1.000000
5293 790.065 47.107 249.215 -0.944103 59.445 0 32.164 1 1.000000
5294 790.065 47.107 249.215 -0.944103 59.445 0 32.164 1 1.000000
5295 790.090 47.114 249.204 -0.944176 59.464 0 32.192 1 1.000000
5296 790.090 47.114 249.204 -0.944176 59.464 0 32.192 1 1.000000
5297 790.115 47.121 249.192 -0.944252 59.484 0 32.221 1 1.000000
5298 790.115 47.121 249.192 -0.944252 59.484 0 32.221 1 1.000000
5299 790.140 47.129 249.181 -0.944328 59.504 0 32.249 1 1.000000
5300 790.140 47.129 249.181 -0.944328 59.504 0 32.249 1 1.000000
5301 790.165 47.136 249.170 -0.944408 59.523 0 32.277 1 1.000000
5302 790.165 47.136 249.170 -0.944408 59.523 0 32.277 1 1.000000
5303 790.189 47.143 249.158 -0.944485 59.543 0 32.305 1 1.000000
5304 790.214 47.151 249.147 -0.944561 59.563 0 32.334 1 1.000000
5305 790.214 47.151 249.147 -0.944561 59.563 0 32.334 1 1.000000
5306 790.239 47.158 249.136 -0.944641 59.583 0 32.362 1 1.000000
5307 790.239 47.158 249.136 -0.944641 59.583 0 32.362 1 1.000000
5308 790.264 47.166 249.124 -0.944717 59.602 0 32.390 1 1.000000
5309 790.288 47.173 249.113 -0.944794 59.622 0 32.418 1 1.000000
5310 790.288 47.173 249.113 -0.944794 59.622 0 32.418 1 1.000000
5311 790.313 47.180 249.101 -0.944870 59.642 0 32.447 1 1.000000
5312 790.338 47.188 249.090 -0.944950 59.661 0 32.475 1 1.000000
5313 790.338 47.188 249.090 -0.944950 59.661 0 32.475 1 1.000000
5314 790.363 47.195 249.079 -0.945026 59.681 0 32.503 1 1.000000
5315 790.363 47.195 249.079 -0.945026 59.681 0 32.503 1 1.000000
5316 790.387 47.203 249.067 -0.945461 59.701 0 32.531 1 1.000000
5317 790.412 47.210 249.056 -0.945236 59.721 0 32.559 1 1.000000
5318 790.412 47.210 249.056 -0.945236 59.721 0 32.559 1 1.000000
5319 790.437 47.217 249.044 -0.945339 59.740 0 32.588 1 1.000000
5320 790.437 47.217 249.044 -0.945339 59.740 0 32.588 1 1.000000
5321 790.462 47.225 249.033 -0.945450 59.760 0 32.616 1 1.000000
5322 790.487 47.232 249.022 -0.945557 59.780 0 32.644 1 1.000000
5323 790.487 47.232 249.022 -0.945557 59.780 0 32.644 1 1.000000
5324 790.511 47.239 249.010 -0.945663 59.799 0 32.673 1 1.000000
5325 790.511 47.239 249.010 -0.945663 59.799 0 32.673 1 1.000000
5326 790.536 47.247 248.999 -0.945774 59.819 0 32.701 1 1.000000
5327 790.561 47.254 248.988 -0.945881 59.839 0 32.729 1 1.000000
5328 790.561 47.254 248.988 -0.945881 59.839 0 32.729 1 1.000000
5329 790.586 47.262 248.976 -0.945992 59.859 0 32.757 1 1.000000
5330 790.586 47.262 248.976 -0.945992 59.859 0 32.757 1 1.000000
5331 790.611 47.269 248.965 -0.946098 59.878 0 32.786 1 1.000000
5332 790.635 47.276 248.953 -0.946209 59.898 0 32.814 1 1.000000
5333 790.635 47.276 248.953 -0.946209 59.898 0 32.814 1 1.000000
5334 790.660 47.284 248.942 -0.946316 59.918 0 32.842 1 1.000000
5335 790.660 47.284 248.942 -0.946316 59.918 0 32.842 1 1.000000
5336 790.685 47.291 248.931 -0.946426 59.937 0 32.870 1 1.000000
5337 790.710 47.299 248.919 -0.946537 59.957 0 32.899 1 1.000000
5338 790.710 47.299 248.919 -0.946537 59.957 0 32.899 1 1.000000
5339 790.734 47.306 248.908 -0.946640 59.977 0 32.927 1 1.000000
5340 790.734 47.306 248.908 -0.946640 59.977 0 32.927 1 1.000000
5341 790.759 47.314 248.897 -0.946751 59.997 0 32.955 1 1.000000
5342 790.759 47.314 248.897 -0.946751 59.997 0 32.955 1 1.000000
5343 790.784 47.321 248.885 -0.946857 60.016 0 32.983 1 1.000000
5344 790.784 47.321 248.885 -0.946857 60.016 0 32.983 1 1.000000
5345 790.809 47.328 248.874 -0.946808 60.036 0 33.012 1 1.000000
5346 790.809 47.328 248.874 -0.946808 60.036 0 33.012 1 1.000000
5347 790.834 47.335 248.862 -0.946835 60.056 0 33.040 1 1.000000
5348 790.834 47.335 248.862 -0.946835 60.056 0 33.040 1 1.000000
5349 790.858 47.343 248.851 -0.946850 60.076 0 33.068 1 1.000000
5350 790.858 47.343 248.851 -0.946850 60.076 0 33.068 1 1.000000
5351 790.883 47.350 248.839 -0.946869 60.096 0 33.096 1 1.000000
5352 790.883 47.350 248.839 -0.946869 60.096 0 33.096 1 1.000000
5353 790.908 47.357 248.828 -0.946884 60.115 0 33.125 1 1.000000
5354 790.908 47.357 248.828 -0.946884 60.115 0 33.125 1 1.000000
5355 790.933 47.365 248.817 -0.946899 60.135 0 33.153 1 1.000000
5356 790.933 47.365 248.817 -0.946899 60.135 0 33.153 1 1.000000
5357 790.958 47.372 248.805 -0.946915 60.155 0 33.181 1 1.000000
5358 790.958 47.372 248.805 -0.946915 60.155 0 33.181 1 1.000000
5359 790.982 47.379 248.794 -0.946938 60.175 0 33.209 1 1.000000
5360 791.007 47.387 248.782 -0.946953 60.195 0 33.238 1 1.000000
5361 791.007 47.387 248.782 -0.946953 60.195 0 33.238 1 1.000000
5362 791.032 47.394 248.771 -0.946968 60.214 0 33.266 1 1.000000
5363 791.032 47.394 248.771 -0.946968 60.214 0 33.266 1 1.000000
5364 791.057 47.401 248.759 -0.946987 60.234 0 33.294 1 1.000000
5365 791.057 47.401 248.759 -0.946987 60.234 0 33.294 1 1.000000
5366 791.081 47.409 248.748 -0.947002 60.254 0 33.322 1 1.000000
5367 791.106 47.416 248.737 -0.947018 60.274 0 33.351 1 1.000000
5368 791.131 47.423 248.725 -0.947033 60.294 0 33.379 1 1.000000
5369 791.131 47.423 248.725 -0.947033 60.294 0 33.379 1 1.000000
5370 791.156 47.431 248.714 -0.947052 60.313 0 33.407 1 1.000000
5371 791.156 47.431 248.714 -0.947052 60.313 0 33.407 1 1.000000
5372 791.181 47.438 248.702 -0.947067 60.333 0 33.435 1 1.000000
5373 791.181 47.438 248.702 -0.947067 60.333 0 33.435 1 1.000000
5374 791.205 47.445 248.691 -0.947083 60.353 0 33.464 1 1.000000
5375 791.230 47.452 248.679 -0.947098 60.373 0 33.492 1 1.000000
5376 791.230 47.452 248.679 -0.947098 60.373 0 33.492 1 1.000000
5377 791.255 47.460 248.668 -0.947117 60.392 0 33.520 1 1.000000
5378 791.280 47.467 248.657 -0.947132 60.412 0 33.548 1 1.000000
5379 791.280 47.467 248.657 -0.947132 60.412 0 33.548 1 1.000000
5380 791.304 47.474 248.645 -0.947147 60.432 0 33.577 1 1.000000
5381 791.329 47.482 248.634 -0.947166 60.452 0 33.605 1 1.000000
5382 791.329 47.482 248.634 -0.947166 60.452 0 33.605 1 1.000000
5383 791.354 47.489 248.622 -0.947182 60.471 0 33.633 1 1.000000
5384 791.354 47.489 248.622 -0.947182 60.471 0 33.633 1 1.000000
5385 791.379 47.496 248.611 -0.947197 60.491 0 33.661 1 1.000000
5386 791.404 47.504 248.599 -0.947216 60.511 0 33.690 1 1.000000
5387 791.404 47.504 248.599 -0.947216 60.511 0 33.690 1 1.000000
5388 791.428 47.512 248.588 -0.948071 60.530 0 33.718 1 1.000000
5389 791.428 47.512 248.588 -0.948071 60.530 0 33.718 1 1.000000
5390 791.452 47.520 248.577 -0.949013 60.550 0 33.746 1 1.000000
5391 791.452 47.520 248.577 -0.949013 60.550 0 33.746 1 1.000000
5392 791.477 47.527 248.565 -0.948990 60.570 0 33.774 1 1.000000
5393 791.477 47.527 248.565 -0.948990 60.570 0 33.774 1 1.000000
5394 791.502 47.534 248.553 -0.948029 60.591 0 33.802 1 1.000000
5395 791.502 47.534 248.553 -0.948029 60.591 0 33.802 1 1.000000
5396 791.527 47.541 248.541 -0.947563 60.612 0 33.831 1 1.000000
5397 791.552 47.548 248.529 -0.947266 60.632 0 33.859 1 1.000000
5398 791.552 47.548 248.529 -0.947266 60.632 0 33.859 1 1.000000
5399 791.577 47.555 248.518 -0.947334 60.652 0 33.888 1 1.000000
5400 791.577 47.555 248.518 -0.947334 60.652 0 33.888 1 1.000000
5401 791.601 47.562 248.507 -0.947392 60.671 0 33.916 1 1.000000
5402 791.601 47.562 248.507 -0.947392 60.671 0 33.916 1 1.000000
5403 791.626 47.570 248.495 -0.947445 60.691 0 33.944 1 1.000000
5404 791.626 47.570 248.495 -0.947445 60.691 0 33.944 1 1.000000
5405 791.651 47.577 248.484 -0.947502 60.710 0 33.972 1 1.000000
5406 791.651 47.577 248.484 -0.947502 60.710 0 33.972 1 1.000000
5407 791.676 47.584 248.473 -0.947559 60.730 0 34.001 1 1.000000
5408 791.676 47.584 248.473 -0.947559 60.730 0 34.001 1 1.000000
5409 791.701 47.592 248.461 -0.947617 60.749 0 34.029 1 1.000000
5410 791.701 47.592 248.461 -0.947617 60.749 0 34.029 1 1.000000
5411 791.725 47.599 248.450 -0.947674 60.769 0 34.057 1 1.000000
5412 791.725 47.599 248.450 -0.947674 60.769 0 34.057 1 1.000000
5413 791.750 47.606 248.439 -0.947731 60.788 0 34.085 1 1.000000
5414 791.775 47.614 248.427 -0.947788 60.807 0 34.113 1 1.000000
5415 791.775 47.614 248.427 -0.947788 60.807 0 34.113 1 1.000000
5416 791.800 47.621 248.416 -0.947845 60.827 0 34.142 1 1.000000
5417 791.824 47.628 248.405 -0.947899 60.846 0 34.170 1 1.000000
5418 791.824 47.628 248.405 -0.947899 60.846 0 34.170 1 1.000000
5419 791.849 47.636 248.393 -0.947956 60.866 0 34.198 1 1.000000
5420 791.849 47.636 248.393 -0.947956 60.866 0 34.198 1 1.000000
5421 791.874 47.643 248.382 -0.948009 60.885 0 34.226 1 1.000000
5422 791.899 47.650 248.370 -0.948071 60.904 0 34.255 1 1.000000
5423 791.924 47.658 248.359 -0.948124 60.924 0 34.283 1 1.000000
5424 791.924 47.658 248.359 -0.948124 60.924 0 34.283 1 1.000000
5425 791.948 47.665 248.348 -0.948181 60.943 0 34.311 1 1.000000
5426 791.973 47.672 248.336 -0.948238 60.963 0 34.339 1 1.000000
5427 791.973 47.672 248.336 -0.948238 60.963 0 34.339 1 1.000000
5428 791.998 47.680 248.325 -0.948296 60.982 0 34.368 1 1.000000
5429 791.998 47.680 248.325 -0.948296 60.982 0 34.368 1 1.000000
5430 792.023 47.687 248.314 -0.948349 61.001 0 34.396 1 1.000000
5431 792.023 47.687 248.314 -0.948349 61.001 0 34.396 1 1.000000
5432 792.047 47.695 248.302 -0.948410 61.021 0 34.424 1 1.000000
5433 792.047 47.695 248.302 -0.948410 61.021 0 34.424 1 1.000000
5434 792.072 47.702 248.291 -0.948463 61.040 0 34.452 1 1.000000
5435 792.072 47.702 248.291 -0.948463 61.040 0 34.452 1 1.000000
5436 792.097 47.709 248.280 -0.948521 61.059 0 34.480 1 1.000000
5437 792.122 47.717 248.268 -0.948574 61.079 0 34.509 1 1.000000
5438 792.122 47.717 248.268 -0.948574 61.079 0 34.509 1 1.000000
5439 792.147 47.724 248.257 -0.948635 61.098 0 34.537 1 1.000000
5440 792.147 47.724 248.257 -0.948635 61.098 0 34.537 1 1.000000
5441 792.171 47.731 248.245 -0.948395 61.118 0 34.565 1 1.000000
5442 792.171 47.731 248.245 -0.948395 61.118 0 34.565 1 1.000000
5443 792.196 47.738 248.234 -0.948246 61.137 0 34.594 1 1.000000
5444 792.196 47.738 248.234 -0.948246 61.137 0 34.594 1 1.000000
5445 792.221 47.745 248.222 -0.948101 61.156 0 34.622 1 1.000000
5446 792.221 47.745 248.222 -0.948101 61.156 0 34.622 1 1.000000
5447 792.246 47.753 248.211 -0.947952 61.176 0 34.650 1 1.000000
5448 792.246 47.753 248.211 -0.947952 61.176 0 34.650 1 1.000000
5449 792.271 47.760 248.200 -0.947811 61.195 0 34.679 1 1.000000
5450 792.271 47.760 248.200 -0.947811 61.195 0 34.679 1 1.000000
5451 792.296 47.767 248.188 -0.947666 61.215 0 34.707 1 1.000000
5452 792.296 47.767 248.188 -0.947666 61.215 0 34.707 1 1.000000
5453 792.321 47.774 248.177 -0.947517 61.234 0 34.735 1 1.000000
5454 792.321 47.774 248.177 -0.947517 61.234 0 34.735 1 1.000000
5455 792.346 47.781 248.165 -0.947372 61.254 0 34.764 1 1.000000
5456 792.371 47.788 248.154 -0.947227 61.273 0 34.792 1 1.000000
5457 792.371 47.788 248.154 -0.947227 61.273 0 34.792 1 1.000000
5458 792.396 47.796 248.142 -0.947079 61.292 0 34.820 1 1.000000
5459 792.396 47.796 248.142 -0.947079 61.292 0 34.820 1 1.000000
5460 792.420 47.803 248.131 -0.946934 61.312 0 34.849 1 1.000000
5461 792.420 47.803 248.131 -0.946934 61.312 0 34.849 1 1.000000
5462 792.445 47.810 248.119 -0.946789 61.331 0 34.877 1 1.000000
5463 792.470 47.817 248.108 -0.946770 61.350 0 34.905 1 1.000000
5464 792.470 47.817 248.108 -0.946770 61.350 0 34.905 1 1.000000
5465 792.495 47.824 248.097 -0.946720 61.370 0 34.933 1 1.000000
5466 792.495 47.824 248.097 -0.946720 61.370 0 34.933 1 1.000000
5467 792.520 47.832 248.085 -0.946671 61.389 0 34.962 1 1.000000
5468 792.545 47.839 248.074 -0.946621 61.409 0 34.990 1 1.000000
5469 792.545 47.839 248.074 -0.946621 61.409 0 34.990 1 1.000000
5470 792.570 47.846 248.062 -0.946571 61.428 0 35.018 1 1.000000
5471 792.570 47.846 248.062 -0.946571 61.428 0 35.018 1 1.000000
5472 792.594 47.853 248.051 -0.946526 61.447 0 35.047 1 1.000000
5473 792.619 47.861 248.039 -0.946476 61.467 0 35.075 1 1.000000
5474 792.644 47.868 248.028 -0.946426 61.486 0 35.103 1 1.000000
5475 792.644 47.868 248.028 -0.946426 61.486 0 35.103 1 1.000000
5476 792.669 47.875 248.017 -0.946377 61.505 0 35.132 1 1.000000
5477 792.669 47.875 248.017 -0.946377 61.505 0 35.132 1 1.000000
5478 792.694 47.882 248.005 -0.946327 61.524 0 35.160 1 1.000000
5479 792.694 47.882 248.005 -0.946327 61.524 0 35.160 1 1.000000
5480 792.719 47.890 247.994 -0.946281 61.544 0 35.188 1 1.000000
5481 792.743 47.897 247.982 -0.946228 61.563 0 35.216 1 1.000000
5482 792.743 47.897 247.982 -0.946228 61.563 0 35.216 1 1.000000
5483 792.768 47.904 247.971 -0.946182 61.582 0 35.245 1 1.000000
5484 792.768 47.904 247.971 -0.946182 61.582 0 35.245 1 1.000000
5485 792.793 47.912 247.960 -0.946560 61.601 0 35.273 1 1.000000
5486 792.818 47.919 247.948 -0.946854 61.621 0 35.301 1 1.000000
5487 792.818 47.919 247.948 -0.946854 61.621 0 35.301 1 1.000000
5488 792.842 47.927 247.937 -0.947144 61.640 0 35.329 1 1.000000
5489 792.842 47.927 247.937 -0.947144 61.640 0 35.329 1 1.000000
5490 792.867 47.935 247.926 -0.947433 61.659 0 35.357 1 1.000000
5491 792.867 47.935 247.926 -0.947433 61.659 0 35.357 1 1.000000
5492 792.892 47.942 247.914 -0.947720 61.678 0 35.386 1 1.000000
5493 792.892 47.942 247.914 -0.947720 61.678 0 35.386 1 1.000000
5494 792.916 47.950 247.903 -0.948009 61.697 0 35.414 1 1.000000
5495 792.916 47.950 247.903 -0.948009 61.697 0 35.414 1 1.000000
5496 792.941 47.957 247.892 -0.948299 61.716 0 35.442 1 1.000000
5497 792.941 47.957 247.892 -0.948299 61.716 0 35.442 1 1.000000
5498 792.965 47.965 247.880 -0.949219 61.735 0 35.470 1 1.000000
5499 792.965 47.965 247.880 -0.949219 61.735 0 35.470 1 1.000000
5500 792.990 47.973 247.869 -0.949738 61.754 0 35.498 1 1.000000
5501 792.990 47.973 247.869 -0.949738 61.754 0 35.498 1 1.000000
5502 793.015 47.979 247.858 -0.948639 61.773 0 35.526 1 1.000000
5503 793.015 47.979 247.858 -0.948639 61.773 0 35.526 1 1.000000
5504 793.040 47.987 247.846 -0.948524 61.793 0 35.555 1 1.000000
5505 793.040 47.987 247.846 -0.948524 61.793 0 35.555 1 1.000000
5506 793.065 47.994 247.835 -0.948410 61.812 0 35.583 1 1.000000
5507 793.065 47.994 247.835 -0.948410 61.812 0 35.583 1 1.000000
5508 793.090 48.001 247.823 -0.948299 61.832 0 35.611 1 1.000000
5509 793.090 48.001 247.823 -0.948299 61.832 0 35.611 1 1.000000
5510 793.114 48.008 247.812 -0.948181 61.851 0 35.640 1 1.000000
5511 793.114 48.008 247.812 -0.948181 61.851 0 35.640 1 1.000000
5512 793.139 48.015 247.800 -0.948067 61.871 0 35.668 1 1.000000
5513 793.139 48.015 247.800 -0.948067 61.871 0 35.668 1 1.000000
5514 793.164 48.023 247.789 -0.947952 61.890 0 35.696 1 1.000000
5515 793.189 48.030 247.777 -0.947838 61.909 0 35.725 1 1.000000
5516 793.189 48.030 247.777 -0.947838 61.909 0 35.725 1 1.000000
5517 793.214 48.037 247.766 -0.947723 61.929 0 35.753 1 1.000000
5518 793.214 48.037 247.766 -0.947723 61.929 0 35.753 1 1.000000
5519 793.239 48.044 247.754 -0.947609 61.948 0 35.781 1 1.000000
5520 793.263 48.051 247.742 -0.947495 61.968 0 35.810 1 1.000000
5521 793.263 48.051 247.742 -0.947495 61.968 0 35.810 1 1.000000
5522 793.288 48.059 247.731 -0.947380 61.987 0 35.838 1 1.000000
5523 793.313 48.066 247.719 -0.947262 62.007 0 35.866 1 1.000000
5524 793.313 48.066 247.719 -0.947262 62.007 0 35.866 1 1.000000
5525 793.338 48.073 247.708 -0.947151 62.026 0 35.894 1 1.000000
5526 793.338 48.073 247.708 -0.947151 62.026 0 35.894 1 1.000000
5527 793.363 48.080 247.696 -0.947037 62.045 0 35.923 1 1.000000
5528 793.387 48.088 247.685 -0.947880 62.065 0 35.951 1 1.000000
5529 793.410 48.098 247.674 -0.950611 62.083 0 35.978 1 1.000000
5530 793.410 48.098 247.674 -0.950611 62.083 0 35.978 1 1.000000
5531 793.433 48.108 247.663 -0.953354 62.102 0 36.005 1 1.000000
5532 793.456 48.117 247.653 -0.956097 62.120 0 36.032 1 1.000000
5533 793.456 48.117 247.653 -0.956097 62.120 0 36.032 1 1.000000
5534 793.480 48.126 247.641 -0.957180 62.140 0 36.059 1 1.000000
5535 793.504 48.132 247.629 -0.956150 62.161 0 36.088 1 1.000000
5536 793.530 48.137 247.617 -0.954304 62.182 0 36.116 1 1.000000
5537 793.530 48.137 247.617 -0.954304 62.182 0 36.116 1 1.000000
5538 793.555 48.144 247.604 -0.953163 62.204 0 36.145 1 1.000000
5539 793.580 48.150 247.592 -0.952019 62.225 0 36.173 1 1.000000
5540 793.580 48.150 247.592 -0.952019 62.225 0 36.173 1 1.000000
5541 793.605 48.156 247.580 -0.950871 62.246 0 36.202 1 1.000000
5542 793.605 48.156 247.580 -0.950871 62.246 0 36.202 1 1.000000
5543 793.630 48.162 247.567 -0.949726 62.268 0 36.231 1 1.000000
5544 793.655 48.169 247.555 -0.948586 62.289 0 36.259 1 1.000000
5545 793.655 48.169 247.555 -0.948586 62.289 0 36.259 1 1.000000
5546 793.680 48.175 247.543 -0.947445 62.311 0 36.288 1 1.000000
5547 793.680 48.175 247.543 -0.947445 62.311 0 36.288 1 1.000000
5548 793.705 48.181 247.530 -0.946285 62.332 0 36.317 1 1.000000
5549 793.730 48.189 247.519 -0.946800 62.350 0 36.345 1 1.000000
5550 793.730 48.189 247.519 -0.946800 62.350 0 36.345 1 1.000000
5551 793.755 48.197 247.509 -0.947239 62.368 0 36.373 1 1.000000
5552 793.755 48.197 247.509 -0.947239 62.368 0 36.373 1 1.000000
5553 793.780 48.204 247.498 -0.947678 62.385 0 36.401 1 1.000000
5554 793.805 48.212 247.487 -0.948116 62.403 0 36.429 1 1.000000
5555 793.805 48.212 247.487 -0.948116 62.403 0 36.429 1 1.000000
5556 793.829 48.220 247.476 -0.948555 62.421 0 36.457 1 1.000000
5557 793.854 48.227 247.465 -0.948990 62.439 0 36.485 1 1.000000
5558 793.879 48.235 247.454 -0.949429 62.457 0 36.513 1 1.000000
5559 793.879 48.235 247.454 -0.949429 62.457 0 36.513 1 1.000000
5560 793.904 48.243 247.444 -0.949867 62.474 0 36.541 1 1.000000
5561 793.928 48.251 247.433 -0.950306 62.492 0 36.570 1 1.000000
5562 793.928 48.251 247.433 -0.950306 62.492 0 36.570 1 1.000000
5563 793.953 48.258 247.422 -0.950745 62.510 0 36.598 1 1.000000
5564 793.978 48.266 247.411 -0.951195 62.528 0 36.626 1 1.000000
5565 793.978 48.266 247.411 -0.951195 62.528 0 36.626 1 1.000000
5566 794.003 48.274 247.400 -0.951637 62.546 0 36.654 1 1.000000
5567 794.027 48.281 247.389 -0.952076 62.564 0 36.682 1 1.000000
5568 794.052 48.289 247.378 -0.952518 62.582 0 36.710 1 1.000000
5569 794.052 48.289 247.378 -0.952518 62.582 0 36.710 1 1.000000
5570 794.077 48.297 247.367 -0.952957 62.600 0 36.738 1 1.000000
5571 794.102 48.304 247.357 -0.953396 62.618 0 36.766 1 1.000000
5572 794.102 48.304 247.357 -0.953396 62.618 0 36.766 1 1.000000
5573 794.126 48.312 247.346 -0.953835 62.636 0 36.794 1 1.000000
5574 794.151 48.320 247.335 -0.954277 62.654 0 36.822 1 1.000000
5575 794.176 48.327 247.324 -0.954716 62.672 0 36.850 1 1.000000
5576 794.176 48.327 247.324 -0.954716 62.672 0 36.850 1 1.000000
5577 794.200 48.335 247.313 -0.955158 62.690 0 36.878 1 1.000000
5578 794.226 48.341 247.301 -0.953506 62.709 0 36.907 1 1.000000
5579 794.226 48.341 247.301 -0.953506 62.709 0 36.907 1 1.000000
5580 794.251 48.347 247.290 -0.952320 62.729 0 36.936 1 1.000000
5581 794.277 48.353 247.278 -0.951221 62.748 0 36.964 1 1.000000
5582 794.277 48.353 247.278 -0.951221 62.748 0 36.964 1 1.000000
5583 794.302 48.360 247.267 -0.950108 62.768 0 36.993 1 1.000000
5584 794.302 48.360 247.267 -0.950108 62.768 0 36.993 1 1.000000
5585 794.328 48.366 247.255 -0.948997 62.787 0 37.022 1 1.000000
5586 794.353 48.372 247.244 -0.947887 62.806 0 37.050 1 1.000000
5587 794.353 48.372 247.244 -0.947887 62.806 0 37.050 1 1.000000
5588 794.379 48.379 247.232 -0.946774 62.826 0 37.079 1 1.000000
5589 794.379 48.379 247.232 -0.946774 62.826 0 37.079 1 1.000000
5590 794.404 48.385 247.221 -0.945663 62.845 0 37.107 1 1.000000
5591 794.430 48.391 247.209 -0.944809 62.865 0 37.136 1 1.000000
5592 794.430 48.391 247.209 -0.944809 62.865 0 37.136 1 1.000000
5593 794.454 48.399 247.198 -0.944912 62.884 0 37.164 1 1.000000
5594 794.454 48.399 247.198 -0.944912 62.884 0 37.164 1 1.000000
5595 794.479 48.406 247.186 -0.944920 62.904 0 37.193 1 1.000000
5596 794.479 48.406 247.186 -0.944920 62.904 0 37.193 1 1.000000
5597 794.504 48.413 247.175 -0.944920 62.923 0 37.221 1 1.000000
5598 794.504 48.413 247.175 -0.944920 62.923 0 37.221 1 1.000000
5599 794.529 48.421 247.163 -0.944920 62.942 0 37.249 1 1.000000
5600 794.553 48.428 247.152 -0.944916 62.962 0 37.277 1 1.000000
5601 794.553 48.428 247.152 -0.944916 62.962 0 37.277 1 1.000000
5602 794.578 48.435 247.140 -0.944916 62.981 0 37.306 1 1.000000
5603 794.603 48.443 247.129 -0.944912 63.001 0 37.334 1 1.000000
5604 794.603 48.443 247.129 -0.944912 63.001 0 37.334 1 1.000000
5605 794.628 48.450 247.117 -0.944912 63.020 0 37.362 1 1.000000
5606 794.628 48.450 247.117 -0.944912 63.020 0 37.362 1 1.000000
5607 794.653 48.457 247.106 -0.944912 63.040 0 37.390 1 1.000000
5608 794.653 48.457 247.106 -0.944912 63.040 0 37.390 1 1.000000
5609 794.677 48.464 247.095 -0.944912 63.059 0 37.419 1 1.000000
5610 794.702 48.472 247.083 -0.944912 63.079 0 37.447 1 1.000000
5611 794.702 48.472 247.083 -0.944912 63.079 0 37.447 1 1.000000
5612 794.727 48.479 247.072 -0.944908 63.098 0 37.475 1 1.000000
5613 794.727 48.479 247.072 -0.944908 63.098 0 37.475 1 1.000000
5614 794.752 48.486 247.060 -0.944908 63.118 0 37.503 1 1.000000
5615 794.776 48.494 247.049 -0.944904 63.137 0 37.532 1 1.000000
5616 794.776 48.494 247.049 -0.944904 63.137 0 37.532 1 1.000000
5617 794.801 48.501 247.037 -0.944904 63.157 0 37.560 1 1.000000
5618 794.801 48.501 247.037 -0.944904 63.157 0 37.560 1 1.000000
5619 794.826 48.508 247.026 -0.944904 63.177 0 37.588 1 1.000000
5620 794.851 48.516 247.014 -0.944904 63.196 0 37.616 1 1.000000
5621 794.851 48.516 247.014 -0.944904 63.196 0 37.616 1 1.000000
5622 794.876 48.523 247.003 -0.944904 63.216 0 37.645 1 1.000000
5623 794.876 48.523 247.003 -0.944904 63.216 0 37.645 1 1.000000
5624 794.900 48.530 246.992 -0.944901 63.235 0 37.673 1 1.000000
5625 794.925 48.537 246.980 -0.944897 63.255 0 37.701 1 1.000000
5626 794.925 48.537 246.980 -0.944897 63.255 0 37.701 1 1.000000
5627 794.950 48.545 246.969 -0.944893 63.275 0 37.729 1 1.000000
5628 794.950 48.545 246.969 -0.944893 63.275 0 37.729 1 1.000000
5629 794.975 48.552 246.957 -0.944893 63.294 0 37.758 1 1.000000
5630 795.000 48.559 246.946 -0.944889 63.314 0 37.786 1 1.000000
5631 795.000 48.559 246.946 -0.944889 63.314 0 37.786 1 1.000000
5632 795.024 48.567 246.934 -0.944885 63.333 0 37.814 1 1.000000
5633 795.024 48.567 246.934 -0.944885 63.333 0 37.814 1 1.000000
5634 795.049 48.574 246.923 -0.944866 63.353 0 37.843 1 1.000000
5635 795.049 48.574 246.923 -0.944866 63.353 0 37.843 1 1.000000
5636 795.074 48.581 246.911 -0.944878 63.373 0 37.871 1 1.000000
5637 795.074 48.581 246.911 -0.944878 63.373 0 37.871 1 1.000000
5638 795.099 48.588 246.900 -0.944874 63.393 0 37.899 1 1.000000
5639 795.123 48.596 246.889 -0.944870 63.412 0 37.927 1 1.000000
5640 795.123 48.596 246.889 -0.944870 63.412 0 37.927 1 1.000000
5641 795.148 48.603 246.877 -0.944870 63.432 0 37.956 1 1.000000
5642 795.173 48.610 246.866 -0.944866 63.452 0 37.984 1 1.000000
5643 795.173 48.610 246.866 -0.944866 63.452 0 37.984 1 1.000000
5644 795.198 48.618 246.854 -0.944859 63.472 0 38.012 1 1.000000
5645 795.198 48.618 246.854 -0.944859 63.472 0 38.012 1 1.000000
5646 795.223 48.625 246.843 -0.944855 63.492 0 38.040 1 1.000000
5647 795.247 48.632 246.831 -0.944855 63.512 0 38.069 1 1.000000
5648 795.247 48.632 246.831 -0.944855 63.512 0 38.069 1 1.000000
5649 795.272 48.640 246.820 -0.944851 63.531 0 38.097 1 1.000000
5650 795.297 48.647 246.808 -0.944851 63.551 0 38.125 1 1.000000
5651 795.322 48.654 246.797 -0.944847 63.571 0 38.153 1 1.000000
5652 795.322 48.654 246.797 -0.944847 63.571 0 38.153 1 1.000000
5653 795.346 48.661 246.785 -0.944843 63.591 0 38.182 1 1.000000
5654 795.346 48.661 246.785 -0.944843 63.591 0 38.182 1 1.000000
5655 795.371 48.669 246.774 -0.944839 63.611 0 38.210 1 1.000000
5656 795.371 48.669 246.774 -0.944839 63.611 0 38.210 1 1.000000
5657 795.396 48.676 246.762 -0.944836 63.631 0 38.238 1 1.000000
5658 795.396 48.676 246.762 -0.944836 63.631 0 38.238 1 1.000000
5659 795.421 48.683 246.751 -0.944836 63.651 0 38.267 1 1.000000
5660 795.421 48.683 246.751 -0.944836 63.651 0 38.267 1 1.000000
5661 795.446 48.691 246.739 -0.944927 63.671 0 38.295 1 1.000000
5662 795.446 48.691 246.739 -0.944927 63.671 0 38.295 1 1.000000
5663 795.470 48.698 246.728 -0.944981 63.691 0 38.323 1 1.000000
5664 795.470 48.698 246.728 -0.944981 63.691 0 38.323 1 1.000000
5665 795.495 48.705 246.716 -0.945061 63.711 0 38.351 1 1.000000
5666 795.520 48.713 246.705 -0.945126 63.731 0 38.379 1 1.000000
5667 795.520 48.713 246.705 -0.945126 63.731 0 38.379 1 1.000000
5668 795.545 48.720 246.693 -0.945183 63.751 0 38.408 1 1.000000
5669 795.545 48.720 246.693 -0.945183 63.751 0 38.408 1 1.000000
5670 795.569 48.728 246.682 -0.945259 63.771 0 38.436 1 1.000000
5671 795.569 48.728 246.682 -0.945259 63.771 0 38.436 1 1.000000
5672 795.594 48.735 246.671 -0.945316 63.791 0 38.464 1 1.000000
5673 795.594 48.735 246.671 -0.945316 63.791 0 38.464 1 1.000000
5674 795.619 48.742 246.659 -0.945335 63.811 0 38.493 1 1.000000
5675 795.619 48.742 246.659 -0.945335 63.811 0 38.493 1 1.000000
5676 795.644 48.750 246.648 -0.945374 63.831 0 38.521 1 1.000000
5677 795.644 48.750 246.648 -0.945374 63.831 0 38.521 1 1.000000
5678 795.668 48.757 246.636 -0.945415 63.851 0 38.549 1 1.000000
5679 795.668 48.757 246.636 -0.945415 63.851 0 38.549 1 1.000000
5680 795.693 48.764 246.625 -0.945457 63.871 0 38.577 1 1.000000
5681 795.693 48.764 246.625 -0.945457 63.871 0 38.577 1 1.000000
5682 795.718 48.772 246.613 -0.945496 63.892 0 38.606 1 1.000000
5683 795.743 48.779 246.602 -0.945538 63.912 0 38.634 1 1.000000
5684 795.743 48.779 246.602 -0.945538 63.912 0 38.634 1 1.000000
5685 795.768 48.786 246.590 -0.945580 63.932 0 38.662 1 1.000000
5686 795.768 48.786 246.590 -0.945580 63.932 0 38.662 1 1.000000
5687 795.792 48.794 246.579 -0.945621 63.952 0 38.690 1 1.000000
5688 795.817 48.801 246.567 -0.945660 63.972 0 38.719 1 1.000000
5689 795.817 48.801 246.567 -0.945660 63.972 0 38.719 1 1.000000
5690 795.842 48.808 246.556 -0.945702 63.993 0 38.747 1 1.000000
5691 795.867 48.816 246.544 -0.945744 64.013 0 38.775 1 1.000000
5692 795.867 48.816 246.544 -0.945744 64.013 0 38.775 1 1.000000
5693 795.891 48.823 246.533 -0.945904 64.033 0 38.804 1 1.000000
5694 795.891 48.823 246.533 -0.945904 64.033 0 38.804 1 1.000000
5695 795.916 48.830 246.521 -0.945820 64.053 0 38.832 1 1.000000
5696 795.916 48.830 246.521 -0.945820 64.053 0 38.832 1 1.000000
5697 795.941 48.838 246.510 -0.945847 64.074 0 38.860 1 1.000000
5698 795.941 48.838 246.510 -0.945847 64.074 0 38.860 1 1.000000
5699 795.966 48.845 246.498 -0.945881 64.094 0 38.888 1 1.000000
5700 795.966 48.845 246.498 -0.945881 64.094 0 38.888 1 1.000000
5701 795.990 48.852 246.487 -0.945915 64.115 0 38.917 1 1.000000
5702 795.990 48.852 246.487 -0.945915 64.115 0 38.917 1 1.000000
5703 796.015 48.860 246.475 -0.945950 64.135 0 38.945 1 1.000000
5704 796.015 48.860 246.475 -0.945950 64.135 0 38.945 1 1.000000
5705 796.040 48.867 246.464 -0.945988 64.155 0 38.973 1 1.000000
5706 796.040 48.867 246.464 -0.945988 64.155 0 38.973 1 1.000000
5707 796.065 48.874 246.452 -0.946022 64.176 0 39.002 1 1.000000
5708 796.065 48.874 246.452 -0.946022 64.176 0 39.002 1 1.000000
5709 796.090 48.882 246.441 -0.946056 64.196 0 39.030 1 1.000000
5710 796.090 48.882 246.441 -0.946056 64.196 0 39.030 1 1.000000
5711 796.114 48.889 246.429 -0.946087 64.217 0 39.058 1 1.000000
5712 796.114 48.889 246.429 -0.946087 64.217 0 39.058 1 1.000000
5713 796.139 48.896 246.418 -0.946121 64.237 0 39.086 1 1.000000
5714 796.139 48.896 246.418 -0.946121 64.237 0 39.086 1 1.000000
5715 796.164 48.904 246.406 -0.946045 64.258 0 39.115 1 1.000000
5716 796.189 48.911 246.395 -0.945972 64.278 0 39.143 1 1.000000
5717 796.214 48.918 246.383 -0.945896 64.299 0 39.171 1 1.000000
5718 796.214 48.918 246.383 -0.945896 64.299 0 39.171 1 1.000000
5719 796.214 48.918 246.383 -0.945896 64.299 0 39.171 1 1.000000
5720 796.238 48.925 246.372 -0.945961 64.320 0 39.200 1 1.000000
5721 796.263 48.933 246.360 -0.945988 64.340 0 39.228 1 1.000000
5722 796.263 48.933 246.360 -0.945988 64.340 0 39.228 1 1.000000
5723 796.288 48.940 246.349 -0.946011 64.361 0 39.256 1 1.000000
5724 796.313 48.947 246.337 -0.946037 64.382 0 39.285 1 1.000000
5725 796.313 48.947 246.337 -0.946037 64.382 0 39.285 1 1.000000
5726 796.338 48.955 246.326 -0.946064 64.402 0 39.313 1 1.000000
5727 796.362 48.962 246.314 -0.946091 64.423 0 39.341 1 1.000000
5728 796.362 48.962 246.314 -0.946091 64.423 0 39.341 1 1.000000
5729 796.387 48.969 246.303 -0.946114 64.444 0 39.369 1 1.000000
5730 796.387 48.969 246.303 -0.946114 64.444 0 39.369 1 1.000000
5731 796.412 48.977 246.291 -0.946140 64.465 0 39.398 1 1.000000
5732 796.412 48.977 246.291 -0.946140 64.465 0 39.398 1 1.000000
5733 796.437 48.984 246.280 -0.946167 64.485 0 39.426 1 1.000000
5734 796.437 48.984 246.280 -0.946167 64.485 0 39.426 1 1.000000
5735 796.461 48.991 246.268 -0.946190 64.506 0 39.454 1 1.000000
5736 796.461 48.991 246.268 -0.946190 64.506 0 39.454 1 1.000000
5737 796.486 48.999 246.257 -0.946213 64.527 0 39.483 1 1.000000
5738 796.486 48.999 246.257 -0.946213 64.527 0 39.483 1 1.000000
5739 796.511 49.006 246.245 -0.946239 64.548 0 39.511 1 1.000000
5740 796.511 49.006 246.245 -0.946239 64.548 0 39.511 1 1.000000
5741 796.536 49.013 246.234 -0.946266 64.569 0 39.539 1 1.000000
5742 796.536 49.013 246.234 -0.946266 64.569 0 39.539 1 1.000000
5743 796.561 49.021 246.222 -0.946301 64.590 0 39.567 1 1.000000
5744 796.561 49.021 246.222 -0.946301 64.590 0 39.567 1 1.000000
5745 796.585 49.028 246.211 -0.946335 64.611 0 39.596 1 1.000000
5746 796.610 49.035 246.199 -0.946365 64.632 0 39.624 1 1.000000
5747 796.610 49.035 246.199 -0.946365 64.632 0 39.624 1 1.000000
5748 796.635 49.043 246.188 -0.946400 64.653 0 39.652 1 1.000000
5749 796.635 49.043 246.188 -0.946400 64.653 0 39.652 1 1.000000
5750 796.660 49.050 246.176 -0.946430 64.674 0 39.681 1 1.000000
5751 796.685 49.057 246.165 -0.946362 64.695 0 39.709 1 1.000000
5752 796.709 49.065 246.153 -0.946293 64.716 0 39.737 1 1.000000
5753 796.709 49.065 246.153 -0.946293 64.716 0 39.737 1 1.000000
5754 796.734 49.072 246.142 -0.946224 64.737 0 39.765 1 1.000000
5755 796.734 49.072 246.142 -0.946224 64.737 0 39.765 1 1.000000
5756 796.759 49.079 246.130 -0.946159 64.758 0 39.794 1 1.000000
5757 796.759 49.079 246.130 -0.946159 64.758 0 39.794 1 1.000000
5758 796.784 49.086 246.119 -0.946091 64.779 0 39.822 1 1.000000
5759 796.809 49.094 246.107 -0.946026 64.800 0 39.850 1 1.000000
5760 796.834 49.101 246.096 -0.945961 64.821 0 39.879 1 1.000000
5761 796.834 49.101 246.096 -0.945961 64.821 0 39.879 1 1.000000
5762 796.858 49.108 246.084 -0.945892 64.842 0 39.907 1 1.000000
5763 796.858 49.108 246.084 -0.945892 64.842 0 39.907 1 1.000000
5764 796.883 49.115 246.073 -0.945827 64.864 0 39.935 1 1.000000
5765 796.883 49.115 246.073 -0.945827 64.864 0 39.935 1 1.000000
5766 796.908 49.123 246.061 -0.945763 64.885 0 39.964 1 1.000000
5767 796.908 49.123 246.061 -0.945763 64.885 0 39.964 1 1.000000
5768 796.933 49.130 246.050 -0.945694 64.906 0 39.992 1 1.000000
5769 796.933 49.130 246.050 -0.945694 64.906 0 39.992 1 1.000000
5770 796.958 49.137 246.038 -0.945625 64.928 0 40.020 1 1.000000
5771 796.958 49.137 246.038 -0.945625 64.928 0 40.020 1 1.000000
5772 796.983 49.145 246.027 -0.945984 64.949 0 40.049 1 1.000000
5773 796.983 49.145 246.027 -0.945984 64.949 0 40.049 1 1.000000
5774 797.007 49.152 246.015 -0.945679 64.970 0 40.077 1 1.000000
5775 797.007 49.152 246.015 -0.945679 64.970 0 40.077 1 1.000000
5776 797.032 49.159 246.004 -0.945709 64.991 0 40.105 1 1.000000
5777 797.032 49.159 246.004 -0.945709 64.991 0 40.105 1 1.000000
5778 797.057 49.166 245.992 -0.945740 65.013 0 40.134 1 1.000000
5779 797.057 49.166 245.992 -0.945740 65.013 0 40.134 1 1.000000
5780 797.082 49.174 245.981 -0.945774 65.034 0 40.162 1 1.000000
5781 797.082 49.174 245.981 -0.945774 65.034 0 40.162 1 1.000000
5782 797.107 49.181 245.969 -0.945808 65.055 0 40.190 1 1.000000
5783 797.107 49.181 245.969 -0.945808 65.055 0 40.190 1 1.000000
5784 797.131 49.188 245.958 -0.945839 65.077 0 40.218 1 1.000000
5785 797.156 49.196 245.946 -0.945873 65.098 0 40.247 1 1.000000
5786 797.156 49.196 245.946 -0.945873 65.098 0 40.247 1 1.000000
5787 797.181 49.203 245.935 -0.945904 65.119 0 40.275 1 1.000000
5788 797.181 49.203 245.935 -0.945904 65.119 0 40.275 1 1.000000
5789 797.206 49.210 245.923 -0.945938 65.141 0 40.303 1 1.000000
5790 797.206 49.210 245.923 -0.945938 65.141 0 40.303 1 1.000000
5791 797.230 49.218 245.912 -0.945972 65.162 0 40.331 1 1.000000
5792 797.230 49.218 245.912 -0.945972 65.162 0 40.331 1 1.000000
5793 797.255 49.225 245.900 -0.946003 65.184 0 40.360 1 1.000000
5794 797.255 49.225 245.900 -0.946003 65.184 0 40.360 1 1.000000
5795 797.280 49.232 245.889 -0.946037 65.205 0 40.388 1 1.000000
5796 797.280 49.232 245.889 -0.946037 65.205 0 40.388 1 1.000000
5797 797.305 49.240 245.877 -0.946068 65.227 0 40.416 1 1.000000
5798 797.305 49.240 245.877 -0.946068 65.227 0 40.416 1 1.000000
5799 797.330 49.247 245.866 -0.946102 65.248 0 40.445 1 1.000000
5800 797.354 49.254 245.854 -0.946136 65.270 0 40.473 1 1.000000
5801 797.354 49.254 245.854 -0.946136 65.270 0 40.473 1 1.000000
5802 797.379 49.262 245.843 -0.946167 65.292 0 40.501 1 1.000000
5803 797.379 49.262 245.843 -0.946167 65.292 0 40.501 1 1.000000
5804 797.404 49.269 245.831 -0.946201 65.313 0 40.529 1 1.000000
5805 797.429 49.277 245.820 -0.946720 65.335 0 40.558 1 1.000000
5806 797.429 49.277 245.820 -0.946720 65.335 0 40.558 1 1.000000
5807 797.453 49.285 245.809 -0.947353 65.356 0 40.586 1 1.000000
5808 797.477 49.293 245.797 -0.947971 65.378 0 40.614 1 1.000000
5809 797.477 49.293 245.797 -0.947971 65.378 0 40.614 1 1.000000
5810 797.502 49.301 245.786 -0.948593 65.400 0 40.642 1 1.000000
5811 797.502 49.301 245.786 -0.948593 65.400 0 40.642 1 1.000000
5812 797.526 49.308 245.774 -0.949211 65.422 0 40.670 1 1.000000
5813 797.526 49.308 245.774 -0.949211 65.422 0 40.670 1 1.000000
5814 797.550 49.316 245.763 -0.949833 65.443 0 40.698 1 1.000000
5815 797.550 49.316 245.763 -0.949833 65.443 0 40.698 1 1.000000
5816 797.575 49.324 245.752 -0.950455 65.465 0 40.726 1 1.000000
5817 797.575 49.324 245.752 -0.950455 65.465 0 40.726 1 1.000000
5818 797.599 49.332 245.740 -0.951073 65.487 0 40.754 1 1.000000
5819 797.599 49.332 245.740 -0.951073 65.487 0 40.754 1 1.000000
5820 797.623 49.340 245.729 -0.951698 65.509 0 40.782 1 1.000000
5821 797.623 49.340 245.729 -0.951698 65.509 0 40.782 1 1.000000
5822 797.648 49.346 245.717 -0.950817 65.531 0 40.810 1 1.000000
5823 797.648 49.346 245.717 -0.950817 65.531 0 40.810 1 1.000000
5824 797.673 49.353 245.705 -0.950485 65.554 0 40.839 1 1.000000
5825 797.673 49.353 245.705 -0.950485 65.554 0 40.839 1 1.000000
5826 797.698 49.360 245.693 -0.950157 65.577 0 40.867 1 1.000000
5827 797.698 49.360 245.693 -0.950157 65.577 0 40.867 1 1.000000
5828 797.723 49.367 245.682 -0.949829 65.599 0 40.895 1 1.000000
5829 797.723 49.367 245.682 -0.949829 65.599 0 40.895 1 1.000000
5830 797.723 49.367 245.682 -0.949829 65.599 0 40.895 1 1.000000
5831 797.748 49.374 245.670 -0.949501 65.622 0 40.924 1 1.000000
5832 797.773 49.381 245.658 -0.949173 65.645 0 40.952 1 1.000000
5833 797.773 49.381 245.658 -0.949173 65.645 0 40.952 1 1.000000
5834 797.798 49.388 245.646 -0.948845 65.668 0 40.981 1 1.000000
5835 797.798 49.388 245.646 -0.948845 65.668 0 40.981 1 1.000000
5836 797.823 49.395 245.635 -0.948517 65.690 0 41.009 1 1.000000
5837 797.823 49.395 245.635 -0.948517 65.690 0 41.009 1 1.000000
5838 797.848 49.402 245.623 -0.948189 65.713 0 41.038 1 1.000000
5839 797.872 49.409 245.611 -0.947857 65.736 0 41.066 1 1.000000
5840 797.872 49.409 245.611 -0.947857 65.736 0 41.066 1 1.000000
5841 797.897 49.416 245.599 -0.947529 65.759 0 41.094 1 1.000000
5842 797.897 49.416 245.599 -0.947529 65.759 0 41.094 1 1.000000
5843 797.922 49.423 245.587 -0.947205 65.782 0 41.123 1 1.000000
5844 797.922 49.423 245.587 -0.947205 65.782 0 41.123 1 1.000000
5845 797.947 49.430 245.576 -0.946877 65.805 0 41.151 1 1.000000
5846 797.947 49.430 245.576 -0.946877 65.805 0 41.151 1 1.000000
5847 797.972 49.437 245.564 -0.946545 65.828 0 41.180 1 1.000000
5848 797.972 49.437 245.564 -0.946545 65.828 0 41.180 1 1.000000
5849 797.997 49.444 245.552 -0.946217 65.850 0 41.208 1 1.000000
5850 798.022 49.452 245.541 -0.946884 65.873 0 41.236 1 1.000000
5851 798.022 49.452 245.541 -0.946884 65.873 0 41.236 1 1.000000
5852 798.046 49.460 245.530 -0.947720 65.893 0 41.264 1 1.000000
5853 798.046 49.460 245.530 -0.947720 65.893 0 41.264 1 1.000000
5854 798.071 49.469 245.520 -0.948551 65.912 0 41.292 1 1.000000
5855 798.071 49.469 245.520 -0.948551 65.912 0 41.292 1 1.000000
5856 798.096 49.477 245.509 -0.949387 65.932 0 41.320 1 1.000000
5857 798.120 49.485 245.499 -0.950233 65.952 0 41.348 1 1.000000
5858 798.120 49.485 245.499 -0.950233 65.952 0 41.348 1 1.000000
5859 798.145 49.493 245.488 -0.951069 65.971 0 41.376 1 1.000000
5860 798.145 49.493 245.488 -0.951069 65.971 0 41.376 1 1.000000
5861 798.169 49.501 245.478 -0.951908 65.991 0 41.404 1 1.000000
5862 798.169 49.501 245.478 -0.951908 65.991 0 41.404 1 1.000000
5863 798.194 49.509 245.468 -0.952744 66.011 0 41.432 1 1.000000
5864 798.194 49.509 245.468 -0.952744 66.011 0 41.432 1 1.000000
5865 798.219 49.517 245.457 -0.953579 66.031 0 41.460 1 1.000000
5866 798.219 49.517 245.457 -0.953579 66.031 0 41.460 1 1.000000
5867 798.243 49.525 245.447 -0.954414 66.051 0 41.487 1 1.000000
5868 798.268 49.533 245.436 -0.955254 66.071 0 41.515 1 1.000000
5869 798.268 49.533 245.436 -0.955254 66.071 0 41.515 1 1.000000
5870 798.292 49.541 245.426 -0.956093 66.091 0 41.543 1 1.000000
5871 798.318 49.548 245.415 -0.955452 66.112 0 41.572 1 1.000000
5872 798.318 49.548 245.415 -0.955452 66.112 0 41.572 1 1.000000
5873 798.344 49.552 245.403 -0.952454 66.135 0 41.601 1 1.000000
5874 798.344 49.552 245.403 -0.952454 66.135 0 41.601 1 1.000000
5875 798.370 49.557 245.391 -0.950371 66.158 0 41.629 1 1.000000
5876 798.370 49.557 245.391 -0.950371 66.158 0 41.629 1 1.000000
5877 798.396 49.563 245.379 -0.948284 66.181 0 41.658 1 1.000000
5878 798.396 49.563 245.379 -0.948284 66.181 0 41.658 1 1.000000
5879 798.422 49.568 245.368 -0.946198 66.204 0 41.687 1 1.000000
5880 798.422 49.568 245.368 -0.946198 66.204 0 41.687 1 1.000000
5881 798.447 49.575 245.356 -0.945698 66.227 0 41.716 1 1.000000
5882 798.447 49.575 245.356 -0.945698 66.227 0 41.716 1 1.000000
5883 798.472 49.582 245.345 -0.945702 66.249 0 41.744 1 1.000000
5884 798.472 49.582 245.345 -0.945702 66.249 0 41.744 1 1.000000
5885 798.497 49.590 245.333 -0.945709 66.272 0 41.773 1 1.000000
5886 798.497 49.590 245.333 -0.945709 66.272 0 41.773 1 1.000000
5887 798.522 49.597 245.322 -0.945717 66.295 0 41.801 1 1.000000
5888 798.546 49.604 245.310 -0.945721 66.318 0 41.829 1 1.000000
5889 798.546 49.604 245.310 -0.945721 66.318 0 41.829 1 1.000000
5890 798.571 49.612 245.299 -0.945732 66.341 0 41.857 1 1.000000
5891 798.571 49.612 245.299 -0.945732 66.341 0 41.857 1 1.000000
5892 798.596 49.619 245.287 -0.945736 66.364 0 41.886 1 1.000000
5893 798.596 49.619 245.287 -0.945736 66.364 0 41.886 1 1.000000
5894 798.621 49.626 245.276 -0.945744 66.386 0 41.914 1 1.000000
5895 798.621 49.626 245.276 -0.945744 66.386 0 41.914 1 1.000000
5896 798.645 49.634 245.264 -0.945747 66.409 0 41.942 1 1.000000
5897 798.645 49.634 245.264 -0.945747 66.409 0 41.942 1 1.000000
5898 798.670 49.641 245.253 -0.945755 66.432 0 41.971 1 1.000000
5899 798.670 49.641 245.253 -0.945755 66.432 0 41.971 1 1.000000
5900 798.695 49.648 245.241 -0.945763 66.455 0 41.999 1 1.000000
5901 798.695 49.648 245.241 -0.945763 66.455 0 41.999 1 1.000000
5902 798.720 49.656 245.229 -0.945770 66.478 0 42.027 1 1.000000
5903 798.745 49.663 245.218 -0.945774 66.501 0 42.055 1 1.000000
5904 798.745 49.663 245.218 -0.945774 66.501 0 42.055 1 1.000000
5905 798.769 49.670 245.206 -0.945782 66.524 0 42.084 1 1.000000
5906 798.769 49.670 245.206 -0.945782 66.524 0 42.084 1 1.000000
5907 798.794 49.677 245.195 -0.945789 66.547 0 42.112 1 1.000000
5908 798.819 49.685 245.183 -0.945797 66.571 0 42.140 1 1.000000
5909 798.819 49.685 245.183 -0.945797 66.571 0 42.140 1 1.000000
5910 798.844 49.692 245.172 -0.945801 66.594 0 42.169 1 1.000000
5911 798.844 49.692 245.172 -0.945801 66.594 0 42.169 1 1.000000
5912 798.868 49.699 245.160 -0.945808 66.617 0 42.197 1 1.000000
5913 798.893 49.707 245.149 -0.945816 66.640 0 42.225 1 1.000000
5914 798.893 49.707 245.149 -0.945816 66.640 0 42.225 1 1.000000
5915 798.918 49.714 245.137 -0.945824 66.663 0 42.253 1 1.000000
5916 798.918 49.714 245.137 -0.945824 66.663 0 42.253 1 1.000000
5917 798.943 49.721 245.126 -0.945827 66.686 0 42.282 1 1.000000
5918 798.943 49.721 245.126 -0.945827 66.686 0 42.282 1 1.000000
5919 798.968 49.729 245.114 -0.945835 66.710 0 42.310 1 1.000000
5920 798.992 49.736 245.103 -0.945839 66.733 0 42.338 1 1.000000
5921 798.992 49.736 245.103 -0.945839 66.733 0 42.338 1 1.000000
5922 799.017 49.743 245.091 -0.945827 66.756 0 42.367 1 1.000000
5923 799.017 49.743 245.091 -0.945827 66.756 0 42.367 1 1.000000
5924 799.042 49.751 245.080 -0.945816 66.779 0 42.395 1 1.000000
5925 799.042 49.751 245.080 -0.945816 66.779 0 42.395 1 1.000000
5926 799.067 49.758 245.068 -0.945805 66.803 0 42.423 1 1.000000
5927 799.067 49.758 245.068 -0.945805 66.803 0 42.423 1 1.000000
5928 799.091 49.765 245.057 -0.945793 66.826 0 42.451 1 1.000000
5929 799.091 49.765 245.057 -0.945793 66.826 0 42.451 1 1.000000
5930 799.116 49.772 245.045 -0.945782 66.849 0 42.480 1 1.000000
5931 799.141 49.780 245.034 -0.945774 66.873 0 42.508 1 1.000000
5932 799.141 49.780 245.034 -0.945774 66.873 0 42.508 1 1.000000
5933 799.166 49.787 245.022 -0.945763 66.896 0 42.536 1 1.000000
5934 799.166 49.787 245.022 -0.945763 66.896 0 42.536 1 1.000000
5935 799.191 49.794 245.011 -0.945747 66.920 0 42.565 1 1.000000
5936 799.191 49.794 245.011 -0.945747 66.920 0 42.565 1 1.000000
5937 799.215 49.802 244.999 -0.945740 66.943 0 42.593 1 1.000000
5938 799.215 49.802 244.999 -0.945740 66.943 0 42.593 1 1.000000
5939 799.240 49.809 244.988 -0.945728 66.967 0 42.621 1 1.000000
5940 799.240 49.809 244.988 -0.945728 66.967 0 42.621 1 1.000000
5941 799.265 49.816 244.976 -0.945717 66.990 0 42.649 1 1.000000
5942 799.265 49.816 244.976 -0.945717 66.990 0 42.649 1 1.000000
5943 799.290 49.823 244.965 -0.945705 67.013 0 42.678 1 1.000000
5944 799.315 49.831 244.953 -0.945698 67.037 0 42.706 1 1.000000
5945 799.315 49.831 244.953 -0.945698 67.037 0 42.706 1 1.000000
5946 799.339 49.838 244.942 -0.945683 67.060 0 42.734 1 1.000000
5947 799.364 49.845 244.930 -0.945675 67.084 0 42.762 1 1.000000
5948 799.364 49.845 244.930 -0.945675 67.084 0 42.762 1 1.000000
5949 799.389 49.853 244.919 -0.945663 67.108 0 42.791 1 1.000000
5950 799.389 49.853 244.919 -0.945663 67.108 0 42.791 1 1.000000
5951 799.414 49.860 244.907 -0.945652 67.131 0 42.819 1 1.000000
5952 799.414 49.860 244.907 -0.945652 67.131 0 42.819 1 1.000000
5953 799.438 49.867 244.896 -0.945644 67.155 0 42.847 1 1.000000
5954 799.463 49.875 244.884 -0.945618 67.178 0 42.876 1 1.000000
5955 799.463 49.875 244.884 -0.945618 67.178 0 42.876 1 1.000000
5956 799.488 49.882 244.873 -0.945591 67.202 0 42.904 1 1.000000
5957 799.513 49.889 244.861 -0.945572 67.226 0 42.932 1 1.000000
5958 799.538 49.896 244.850 -0.945549 67.249 0 42.960 1 1.000000
5959 799.538 49.896 244.850 -0.945549 67.249 0 42.960 1 1.000000
5960 799.562 49.904 244.838 -0.945526 67.273 0 42.989 1 1.000000
5961 799.587 49.911 244.827 -0.945499 67.297 0 43.017 1 1.000000
5962 799.587 49.911 244.827 -0.945499 67.297 0 43.017 1 1.000000
5963 799.612 49.919 244.815 -0.945950 67.320 0 43.045 1 1.000000
5964 799.612 49.919 244.815 -0.945950 67.320 0 43.045 1 1.000000
5965 799.636 49.926 244.804 -0.946392 67.344 0 43.073 1 1.000000
5966 799.661 49.934 244.793 -0.946838 67.367 0 43.101 1 1.000000
5967 799.661 49.934 244.793 -0.946838 67.367 0 43.101 1 1.000000
5968 799.685 49.942 244.781 -0.947281 67.391 0 43.130 1 1.000000
5969 799.685 49.942 244.781 -0.947281 67.391 0 43.130 1 1.000000
5970 799.710 49.949 244.770 -0.946938 67.415 0 43.158 1 1.000000
5971 799.710 49.949 244.770 -0.946938 67.415 0 43.158 1 1.000000
5972 799.735 49.956 244.758 -0.946827 67.439 0 43.186 1 1.000000
5973 799.735 49.956 244.758 -0.946827 67.439 0 43.186 1 1.000000
5974 799.760 49.963 244.746 -0.946716 67.463 0 43.214 1 1.000000
5975 799.785 49.970 244.735 -0.946609 67.487 0 43.243 1 1.000000
5976 799.785 49.970 244.735 -0.946609 67.487 0 43.243 1 1.000000
5977 799.809 49.978 244.723 -0.946499 67.511 0 43.271 1 1.000000
5978 799.809 49.978 244.723 -0.946499 67.511 0 43.271 1 1.000000
5979 799.834 49.985 244.711 -0.946388 67.535 0 43.299 1 1.000000
5980 799.859 49.992 244.700 -0.946274 67.559 0 43.328 1 1.000000
5981 799.859 49.992 244.700 -0.946274 67.559 0 43.328 1 1.000000
5982 799.884 49.999 244.688 -0.946167 67.583 0 43.356 1 1.000000
5983 799.884 49.999 244.688 -0.946167 67.583 0 43.356 1 1.000000
5984 799.909 50.006 244.677 -0.946045 67.608 0 43.384 1 1.000000
5985 799.909 50.006 244.677 -0.946045 67.608 0 43.384 1 1.000000
5986 799.933 50.014 244.665 -0.945946 67.632 0 43.413 1 1.000000
5987 799.933 50.014 244.665 -0.945946 67.632 0 43.413 1 1.000000
5988 799.958 50.021 244.653 -0.945824 67.656 0 43.441 1 1.000000
5989 799.983 50.028 244.642 -0.945724 67.680 0 43.469 1 1.000000
5990 799.983 50.028 244.642 -0.945724 67.680 0 43.469 1 1.000000
5991 800.008 50.035 244.630 -0.945602 67.704 0 43.498 1 1.000000
5992 800.008 50.035 244.630 -0.945602 67.704 0 43.498 1 1.000000
5993 800.033 50.042 244.619 -0.945492 67.728 0 43.526 1 1.000000
5994 800.033 50.042 244.619 -0.945492 67.728 0 43.526 1 1.000000
5995 800.057 50.050 244.607 -0.945381 67.752 0 43.554 1 1.000000
5996 800.057 50.050 244.607 -0.945381 67.752 0 43.554 1 1.000000
5997 800.082 50.057 244.596 -0.945377 67.777 0 43.583 1 1.000000
5998 800.107 50.064 244.584 -0.945194 67.801 0 43.611 1 1.000000
5999 800.107 50.064 244.584 -0.945194 67.801 0 43.611 1 1.000000
6000 800.132 50.071 244.572 -0.945114 67.825 0 43.639 1 1.000000
6001 800.132 50.071 244.572 -0.945114 67.825 0 43.639 1 1.000000
6002 800.157 50.078 244.561 -0.945007 67.849 0 43.667 1 1.000000
6003 800.181 50.086 244.549 -0.944931 67.873 0 43.696 1 1.000000
6004 800.181 50.086 244.549 -0.944931 67.873 0 43.696 1 1.000000
6005 800.206 50.093 244.538 -0.945114 67.897 0 43.724 1 1.000000
6006 800.206 50.093 244.538 -0.945114 67.897 0 43.724 1 1.000000
6007 800.231 50.101 244.527 -0.945976 67.920 0 43.752 1 1.000000
6008 800.231 50.101 244.527 -0.945976 67.920 0 43.752 1 1.000000
6009 800.255 50.109 244.516 -0.946774 67.943 0 43.780 1 1.000000
6010 800.255 50.109 244.516 -0.946774 67.943 0 43.780 1 1.000000
6011 800.279 50.117 244.504 -0.947414 67.966 0 43.808 1 1.000000
6012 800.304 50.124 244.493 -0.947079 67.990 0 43.836 1 1.000000
6013 800.304 50.124 244.493 -0.947079 67.990 0 43.836 1 1.000000
6014 800.329 50.131 244.482 -0.947197 68.013 0 43.864 1 1.000000
6015 800.329 50.131 244.482 -0.947197 68.013 0 43.864 1 1.000000
6016 800.354 50.139 244.470 -0.947319 68.037 0 43.893 1 1.000000
6017 800.354 50.139 244.470 -0.947319 68.037 0 43.893 1 1.000000
6018 800.379 50.146 244.459 -0.947498 68.060 0 43.921 1 1.000000
6019 800.379 50.146 244.459 -0.947498 68.060 0 43.921 1 1.000000
6020 800.403 50.154 244.448 -0.947639 68.084 0 43.949 1 1.000000
6021 800.403 50.154 244.448 -0.947639 68.084 0 43.949 1 1.000000
6022 800.428 50.161 244.436 -0.947796 68.107 0 43.977 1 1.000000
6023 800.453 50.169 244.425 -0.947960 68.131 0 44.006 1 1.000000
6024 800.453 50.169 244.425 -0.947960 68.131 0 44.006 1 1.000000
6025 800.477 50.176 244.412 -0.948128 68.158 0 44.034 1 1.000000
6026 800.477 50.176 244.412 -0.948128 68.158 0 44.034 1 1.000000
6027 800.501 50.184 244.399 -0.948307 68.187 0 44.062 1 1.000000
6028 800.501 50.184 244.399 -0.948307 68.187 0 44.062 1 1.000000
6029 800.525 50.191 244.386 -0.948486 68.215 0 44.090 1 1.000000
6030 800.525 50.191 244.386 -0.948486 68.215 0 44.090 1 1.000000
6031 800.549 50.198 244.373 -0.948666 68.244 0 44.118 1 1.000000
6032 800.572 50.206 244.360 -0.948841 68.272 0 44.146 1 1.000000
6033 800.572 50.206 244.360 -0.948841 68.272 0 44.146 1 1.000000
6034 800.596 50.213 244.347 -0.949024 68.300 0 44.174 1 1.000000
6035 800.596 50.213 244.347 -0.949024 68.300 0 44.174 1 1.000000
6036 800.620 50.221 244.334 -0.949203 68.329 0 44.203 1 1.000000
6037 800.620 50.221 244.334 -0.949203 68.329 0 44.203 1 1.000000
6038 800.644 50.228 244.321 -0.949383 68.357 0 44.231 1 1.000000
6039 800.668 50.236 244.308 -0.949562 68.386 0 44.259 1 1.000000
6040 800.668 50.236 244.308 -0.949562 68.386 0 44.259 1 1.000000
6041 800.692 50.243 244.295 -0.949741 68.414 0 44.287 1 1.000000
6042 800.692 50.243 244.295 -0.949741 68.414 0 44.287 1 1.000000
6043 800.716 50.251 244.281 -0.949921 68.443 0 44.315 1 1.000000
6044 800.716 50.251 244.281 -0.949921 68.443 0 44.315 1 1.000000
6045 800.739 50.258 244.268 -0.950100 68.471 0 44.343 1 1.000000
6046 800.739 50.258 244.268 -0.950100 68.471 0 44.343 1 1.000000
6047 800.763 50.266 244.255 -0.950279 68.500 0 44.372 1 1.000000
6048 800.763 50.266 244.255 -0.950279 68.500 0 44.372 1 1.000000
6049 800.787 50.273 244.242 -0.950459 68.528 0 44.400 1 1.000000
6050 800.787 50.273 244.242 -0.950459 68.528 0 44.400 1 1.000000
6051 800.811 50.280 244.229 -0.950638 68.556 0 44.428 1 1.000000
6052 800.811 50.280 244.229 -0.950638 68.556 0 44.428 1 1.000000
6053 800.835 50.288 244.216 -0.950817 68.585 0 44.456 1 1.000000
6054 800.835 50.288 244.216 -0.950817 68.585 0 44.456 1 1.000000
6055 800.859 50.295 244.203 -0.951000 68.613 0 44.484 1 1.000000
6056 800.859 50.295 244.203 -0.951000 68.613 0 44.484 1 1.000000
6057 800.883 50.303 244.190 -0.951180 68.642 0 44.512 1 1.000000
6058 800.883 50.303 244.190 -0.951180 68.642 0 44.512 1 1.000000
6059 800.906 50.310 244.177 -0.951355 68.670 0 44.541 1 1.000000
6060 800.906 50.310 244.177 -0.951355 68.670 0 44.541 1 1.000000
6061 800.906 50.310 244.177 -0.951355 68.670 0 44.541 1 1.000000
6062 800.930 50.318 244.164 -0.951538 68.698 0 44.569 1 1.000000
6063 800.954 50.325 244.151 -0.951714 68.727 0 44.597 1 1.000000
6064 800.954 50.325 244.151 -0.951714 68.727 0 44.597 1 1.000000
6065 800.978 50.333 244.137 -0.951897 68.755 0 44.625 1 1.000000
6066 800.978 50.333 244.137 -0.951897 68.755 0 44.625 1 1.000000
6067 801.002 50.340 244.124 -0.952076 68.784 0 44.653 1 1.000000
6068 801.002 50.340 244.124 -0.952076 68.784 0 44.653 1 1.000000
6069 801.026 50.347 244.111 -0.951698 68.813 0 44.681 1 1.000000
6070 801.026 50.347 244.111 -0.951698 68.813 0 44.681 1 1.000000
6071 801.050 50.354 244.098 -0.951305 68.841 0 44.710 1 1.000000
6072 801.050 50.354 244.098 -0.951305 68.841 0 44.710 1 1.000000
6073 801.074 50.361 244.084 -0.950947 68.870 0 44.738 1 1.000000
6074 801.074 50.361 244.084 -0.950947 68.870 0 44.738 1 1.000000
6075 801.098 50.368 244.071 -0.950592 68.899 0 44.766 1 1.000000
6076 801.098 50.368 244.071 -0.950592 68.899 0 44.766 1 1.000000
6077 801.122 50.375 244.058 -0.950237 68.928 0 44.795 1 1.000000
6078 801.122 50.375 244.058 -0.950237 68.928 0 44.795 1 1.000000
6079 801.147 50.382 244.045 -0.949875 68.957 0 44.823 1 1.000000
6080 801.147 50.382 244.045 -0.949875 68.957 0 44.823 1 1.000000
6081 801.171 50.389 244.031 -0.949520 68.986 0 44.851 1 1.000000
6082 801.171 50.389 244.031 -0.949520 68.986 0 44.851 1 1.000000
6083 801.195 50.396 244.018 -0.949165 69.015 0 44.880 1 1.000000
6084 801.195 50.396 244.018 -0.949165 69.015 0 44.880 1 1.000000
6085 801.219 50.403 244.005 -0.948807 69.044 0 44.908 1 1.000000
6086 801.219 50.403 244.005 -0.948807 69.044 0 44.908 1 1.000000
6087 801.243 50.410 243.991 -0.948452 69.072 0 44.936 1 1.000000
6088 801.243 50.410 243.991 -0.948452 69.072 0 44.936 1 1.000000
6089 801.267 50.417 243.978 -0.948097 69.101 0 44.965 1 1.000000
6090 801.267 50.417 243.978 -0.948097 69.101 0 44.965 1 1.000000
6091 801.291 50.424 243.965 -0.947739 69.130 0 44.993 1 1.000000
6092 801.291 50.424 243.965 -0.947739 69.130 0 44.993 1 1.000000
6093 801.315 50.430 243.951 -0.947384 69.159 0 45.021 1 1.000000
6094 801.315 50.430 243.951 -0.947384 69.159 0 45.021 1 1.000000
6095 801.339 50.437 243.938 -0.947029 69.188 0 45.050 1 1.000000
6096 801.339 50.437 243.938 -0.947029 69.188 0 45.050 1 1.000000
6097 801.364 50.444 243.925 -0.946667 69.217 0 45.078 1 1.000000
6098 801.364 50.444 243.925 -0.946667 69.217 0 45.078 1 1.000000
6099 801.388 50.451 243.912 -0.946316 69.245 0 45.106 1 1.000000
6100 801.388 50.451 243.912 -0.946316 69.245 0 45.106 1 1.000000
6101 801.412 50.458 243.898 -0.945957 69.274 0 45.135 1 1.000000
6102 801.412 50.458 243.898 -0.945957 69.274 0 45.135 1 1.000000
6103 801.436 50.466 243.885 -0.945980 69.303 0 45.163 1 1.000000
6104 801.436 50.466 243.885 -0.945980 69.303 0 45.163 1 1.000000
6105 801.460 50.473 243.872 -0.945930 69.331 0 45.191 1 1.000000
6106 801.460 50.473 243.872 -0.945930 69.331 0 45.191 1 1.000000
6107 801.484 50.480 243.858 -0.945961 69.360 0 45.220 1 1.000000
6108 801.484 50.480 243.858 -0.945961 69.360 0 45.220 1 1.000000
6109 801.508 50.488 243.845 -0.945984 69.389 0 45.248 1 1.000000
6110 801.508 50.488 243.845 -0.945984 69.389 0 45.248 1 1.000000
6111 801.531 50.495 243.832 -0.946011 69.418 0 45.276 1 1.000000
6112 801.555 50.502 243.819 -0.946030 69.446 0 45.304 1 1.000000
6113 801.555 50.502 243.819 -0.946030 69.446 0 45.304 1 1.000000
6114 801.579 50.509 243.805 -0.946056 69.475 0 45.332 1 1.000000
6115 801.579 50.509 243.805 -0.946056 69.475 0 45.332 1 1.000000
6116 801.603 50.517 243.792 -0.946079 69.504 0 45.360 1 1.000000
6117 801.603 50.517 243.792 -0.946079 69.504 0 45.360 1 1.000000
6118 801.627 50.524 243.779 -0.946102 69.532 0 45.389 1 1.000000
6119 801.627 50.524 243.779 -0.946102 69.532 0 45.389 1 1.000000
6120 801.651 50.531 243.766 -0.946125 69.561 0 45.417 1 1.000000
6121 801.675 50.539 243.752 -0.946148 69.589 0 45.445 1 1.000000
6122 801.675 50.539 243.752 -0.946148 69.589 0 45.445 1 1.000000
6123 801.698 50.546 243.739 -0.946171 69.618 0 45.473 1 1.000000
6124 801.698 50.546 243.739 -0.946171 69.618 0 45.473 1 1.000000
6125 801.722 50.553 243.726 -0.946194 69.647 0 45.501 1 1.000000
6126 801.746 50.561 243.713 -0.946217 69.675 0 45.530 1 1.000000
6127 801.746 50.561 243.713 -0.946217 69.675 0 45.530 1 1.000000
6128 801.770 50.568 243.699 -0.946239 69.704 0 45.558 1 1.000000
6129 801.794 50.575 243.686 -0.946266 69.732 0 45.586 1 1.000000
6130 801.794 50.575 243.686 -0.946266 69.732 0 45.586 1 1.000000
6131 801.818 50.582 243.673 -0.946285 69.761 0 45.614 1 1.000000
6132 801.842 50.590 243.660 -0.946308 69.789 0 45.642 1 1.000000
6133 801.865 50.597 243.646 -0.946331 69.818 0 45.670 1 1.000000
6134 801.889 50.604 243.633 -0.946354 69.846 0 45.699 1 1.000000
6135 801.913 50.612 243.620 -0.946377 69.875 0 45.727 1 1.000000
6136 801.937 50.619 243.607 -0.946400 69.903 0 45.755 1 1.000000
6137 801.937 50.619 243.607 -0.946400 69.903 0 45.755 1 1.000000
6138 801.961 50.626 243.593 -0.946423 69.932 0 45.783 1 1.000000
6139 801.985 50.634 243.580 -0.946445 69.960 0 45.811 1 1.000000
6140 801.985 50.634 243.580 -0.946445 69.960 0 45.811 1 1.000000
6141 802.009 50.641 243.567 -0.946453 69.966 0 45.840 1 1.000000
6142 802.033 50.649 243.554 -0.946877 69.967 0 45.868 1 1.000000
6143 802.033 50.649 243.554 -0.946877 69.967 0 45.868 1 1.000000
6144 802.056 50.657 243.542 -0.948048 69.968 0 45.896 1 1.000000
6145 802.080 50.665 243.530 -0.949219 69.969 0 45.923 1 1.000000
6146 802.080 50.665 243.530 -0.949219 69.969 0 45.923 1 1.000000
6147 802.103 50.674 243.518 -0.950382 69.970 0 45.951 1 1.000000
6148 802.127 50.682 243.506 -0.951550 69.971 0 45.979 1 1.000000
6149 802.127 50.682 243.506 -0.951550 69.971 0 45.979 1 1.000000
6150 802.151 50.690 243.494 -0.952721 69.972 0 46.006 1 1.000000
6151 802.151 50.690 243.494 -0.952721 69.972 0 46.006 1 1.000000
6152 802.174 50.699 243.482 -0.953888 69.973 0 46.034 1 1.000000
6153 802.174 50.699 243.482 -0.953888 69.973 0 46.034 1 1.000000
6154 802.198 50.707 243.470 -0.955055 69.974 0 46.062 1 1.000000
6155 802.221 50.715 243.458 -0.956223 69.975 0 46.090 1 1.000000
6156 802.221 50.715 243.458 -0.956223 69.975 0 46.090 1 1.000000
6157 802.245 50.724 243.446 -0.957394 69.976 0 46.117 1 1.000000
6158 802.269 50.732 243.434 -0.958565 69.977 0 46.145 1 1.000000
6159 802.269 50.732 243.434 -0.958565 69.977 0 46.145 1 1.000000
6160 802.292 50.740 243.422 -0.959736 69.978 0 46.173 1 1.000000
6161 802.292 50.740 243.422 -0.959736 69.978 0 46.173 1 1.000000
6162 802.317 50.746 243.409 -0.958546 69.979 0 46.201 1 1.000000
6163 802.317 50.746 243.409 -0.958546 69.979 0 46.201 1 1.000000
6164 802.342 50.751 243.395 -0.955482 69.980 0 46.230 1 1.000000
6165 802.342 50.751 243.395 -0.955482 69.980 0 46.230 1 1.000000
6166 802.367 50.756 243.382 -0.953358 69.981 0 46.259 1 1.000000
6167 802.367 50.756 243.382 -0.953358 69.981 0 46.259 1 1.000000
6168 802.393 50.761 243.368 -0.951233 69.982 0 46.288 1 1.000000
6169 802.393 50.761 243.368 -0.951233 69.982 0 46.288 1 1.000000
6170 802.418 50.767 243.355 -0.949108 69.983 0 46.317 1 1.000000
6171 802.418 50.767 243.355 -0.949108 69.983 0 46.317 1 1.000000
6172 802.443 50.773 243.342 -0.947453 69.984 0 46.346 1 1.000000
6173 802.443 50.773 243.342 -0.947453 69.984 0 46.346 1 1.000000
6174 802.467 50.779 243.328 -0.947075 69.985 0 46.374 1 1.000000
6175 802.467 50.779 243.328 -0.947075 69.985 0 46.374 1 1.000000
6176 802.491 50.787 243.315 -0.947060 69.986 0 46.402 1 1.000000
6177 802.491 50.787 243.315 -0.947060 69.986 0 46.402 1 1.000000
6178 802.515 50.794 243.302 -0.947052 69.987 0 46.430 1 1.000000
6179 802.515 50.794 243.302 -0.947052 69.987 0 46.430 1 1.000000
6180 802.538 50.801 243.288 -0.947044 69.988 0 46.458 1 1.000000
6181 802.538 50.801 243.288 -0.947044 69.988 0 46.458 1 1.000000
6182 802.562 50.809 243.275 -0.947033 69.990 0 46.487 1 1.000000
6183 802.562 50.809 243.275 -0.947033 69.990 0 46.487 1 1.000000
6184 802.586 50.816 243.262 -0.947025 69.991 0 46.515 1 1.000000
6185 802.586 50.816 243.262 -0.947025 69.991 0 46.515 1 1.000000
6186 802.610 50.823 243.249 -0.947014 69.992 0 46.543 1 1.000000
6187 802.610 50.823 243.249 -0.947014 69.992 0 46.543 1 1.000000
6188 802.634 50.830 243.235 -0.947006 69.993 0 46.571 1 1.000000
6189 802.634 50.830 243.235 -0.947006 69.993 0 46.571 1 1.000000
6190 802.658 50.838 243.222 -0.946995 69.994 0 46.600 1 1.000000
6191 802.658 50.838 243.222 -0.946995 69.994 0 46.600 1 1.000000
6192 802.682 50.845 243.209 -0.946987 69.995 0 46.628 1 1.000000
6193 802.682 50.845 243.209 -0.946987 69.995 0 46.628 1 1.000000
6194 802.706 50.852 243.195 -0.946980 69.996 0 46.656 1 1.000000
6195 802.706 50.852 243.195 -0.946980 69.996 0 46.656 1 1.000000
6196 802.730 50.860 243.182 -0.946968 69.997 0 46.684 1 1.000000
6197 802.730 50.860 243.182 -0.946968 69.997 0 46.684 1 1.000000
6198 802.754 50.867 243.169 -0.946957 69.998 0 46.713 1 1.000000
6199 802.754 50.867 243.169 -0.946957 69.998 0 46.713 1 1.000000
6200 802.754 50.867 243.169 -0.946957 69.998 0 46.713 1 1.000000
6201 802.778 50.874 243.156 -0.946949 69.999 0 46.741 1 1.000000
6202 802.802 50.881 243.142 -0.946938 70.000 0 46.769 1 1.000000
6203 802.802 50.881 243.142 -0.946938 70.000 0 46.769 1 1.000000
6204 802.826 50.889 243.129 -0.946934 70.001 0 46.797 1 1.000000
6205 802.826 50.889 243.129 -0.946934 70.001 0 46.797 1 1.000000
6206 802.849 50.896 243.116 -0.946922 70.002 0 46.826 1 1.000000
6207 802.849 50.896 243.116 -0.946922 70.002 0 46.826 1 1.000000
6208 802.873 50.903 243.103 -0.946911 70.003 0 46.854 1 1.000000
6209 802.873 50.903 243.103 -0.946911 70.003 0 46.854 1 1.000000
6210 802.897 50.911 243.089 -0.946945 70.004 0 46.882 1 1.000000
6211 802.897 50.911 243.089 -0.946945 70.004 0 46.882 1 1.000000
6212 802.921 50.918 243.076 -0.946960 70.005 0 46.910 1 1.000000
6213 802.921 50.918 243.076 -0.946960 70.005 0 46.910 1 1.000000
6214 802.945 50.925 243.063 -0.946983 70.006 0 46.938 1 1.000000
6215 802.945 50.925 243.063 -0.946983 70.006 0 46.938 1 1.000000
6216 802.969 50.932 243.050 -0.946999 70.007 0 46.967 1 1.000000
6217 802.969 50.932 243.050 -0.946999 70.007 0 46.967 1 1.000000
6218 802.993 50.940 243.036 -0.947018 70.009 0 46.995 1 1.000000
6219 803.017 50.947 243.023 -0.947033 70.010 0 47.023 1 1.000000
6220 803.017 50.947 243.023 -0.947033 70.010 0 47.023 1 1.000000
6221 803.040 50.954 243.010 -0.947052 70.011 0 47.051 1 1.000000
6222 803.040 50.954 243.010 -0.947052 70.011 0 47.051 1 1.000000
6223 803.064 50.962 242.997 -0.947384 70.012 0 47.079 1 1.000000
6224 803.064 50.962 242.997 -0.947384 70.012 0 47.079 1 1.000000
6225 803.088 50.969 242.983 -0.947144 70.013 0 47.107 1 1.000000
6226 803.088 50.969 242.983 -0.947144 70.013 0 47.107 1 1.000000
6227 803.112 50.976 242.970 -0.947197 70.014 0 47.136 1 1.000000
6228 803.112 50.976 242.970 -0.947197 70.014 0 47.136 1 1.000000
6229 803.136 50.984 242.957 -0.947250 70.015 0 47.164 1 1.000000
6230 803.136 50.984 242.957 -0.947250 70.015 0 47.164 1 1.000000
6231 803.160 50.991 242.944 -0.947269 70.016 0 47.192 1 1.000000
6232 803.160 50.991 242.944 -0.947269 70.016 0 47.192 1 1.000000
6233 803.184 50.998 242.930 -0.947296 70.017 0 47.220 1 1.000000
6234 803.184 50.998 242.930 -0.947296 70.017 0 47.220 1 1.000000
6235 803.208 51.006 242.917 -0.947327 70.018 0 47.248 1 1.000000
6236 803.208 51.006 242.917 -0.947327 70.018 0 47.248 1 1.000000
6237 803.231 51.013 242.904 -0.947350 70.019 0 47.277 1 1.000000
6238 803.231 51.013 242.904 -0.947350 70.019 0 47.277 1 1.000000
6239 803.255 51.020 242.891 -0.947380 70.020 0 47.305 1 1.000000
6240 803.255 51.020 242.891 -0.947380 70.020 0 47.305 1 1.000000
6241 803.279 51.027 242.878 -0.947414 70.021 0 47.333 1 1.000000
6242 803.279 51.027 242.878 -0.947414 70.021 0 47.333 1 1.000000
6243 803.303 51.035 242.864 -0.947441 70.022 0 47.361 1 1.000000
6244 803.303 51.035 242.864 -0.947441 70.022 0 47.361 1 1.000000
6245 803.327 51.042 242.851 -0.947472 70.023 0 47.389 1 1.000000
6246 803.351 51.049 242.838 -0.947502 70.024 0 47.417 1 1.000000
6247 803.351 51.049 242.838 -0.947502 70.024 0 47.417 1 1.000000
6248 803.375 51.057 242.825 -0.947529 70.025 0 47.446 1 1.000000
6249 803.398 51.064 242.811 -0.947559 70.026 0 47.474 1 1.000000
6250 803.422 51.071 242.798 -0.947590 70.027 0 47.502 1 1.000000
6251 803.422 51.071 242.798 -0.947590 70.027 0 47.502 1 1.000000
6252 803.446 51.079 242.785 -0.947605 70.028 0 47.530 1 1.000000
6253 803.470 51.086 242.772 -0.948219 70.029 0 47.558 1 1.000000
6254 803.470 51.086 242.772 -0.948219 70.029 0 47.558 1 1.000000
6255 803.493 51.094 242.759 -0.948765 70.030 0 47.586 1 1.000000
6256 803.493 51.094 242.759 -0.948765 70.030 0 47.586 1 1.000000
6257 803.517 51.102 242.746 -0.949306 70.031 0 47.614 1 1.000000
6258 803.540 51.110 242.732 -0.949848 70.032 0 47.642 1 1.000000
6259 803.540 51.110 242.732 -0.949848 70.032 0 47.642 1 1.000000
6260 803.564 51.118 242.719 -0.950390 70.033 0 47.670 1 1.000000
6261 803.588 51.125 242.706 -0.950718 70.034 0 47.698 1 1.000000
6262 803.588 51.125 242.706 -0.950718 70.034 0 47.698 1 1.000000
6263 803.612 51.132 242.693 -0.949875 70.035 0 47.727 1 1.000000
6264 803.636 51.139 242.679 -0.949581 70.036 0 47.755 1 1.000000
6265 803.660 51.146 242.666 -0.949265 70.037 0 47.783 1 1.000000
6266 803.660 51.146 242.666 -0.949265 70.037 0 47.783 1 1.000000
6267 803.684 51.153 242.652 -0.948975 70.038 0 47.811 1 1.000000
6268 803.684 51.153 242.652 -0.948975 70.038 0 47.811 1 1.000000
6269 803.708 51.160 242.639 -0.948662 70.038 0 47.840 1 1.000000
6270 803.708 51.160 242.639 -0.948662 70.038 0 47.840 1 1.000000
6271 803.732 51.167 242.626 -0.948357 70.039 0 47.868 1 1.000000
6272 803.732 51.167 242.626 -0.948357 70.039 0 47.868 1 1.000000
6273 803.756 51.174 242.612 -0.948051 70.040 0 47.896 1 1.000000
6274 803.756 51.174 242.612 -0.948051 70.040 0 47.896 1 1.000000
6275 803.780 51.181 242.599 -0.947750 70.041 0 47.925 1 1.000000
6276 803.780 51.181 242.599 -0.947750 70.041 0 47.925 1 1.000000
6277 803.804 51.188 242.585 -0.947445 70.042 0 47.953 1 1.000000
6278 803.827 51.198 242.573 -0.950756 70.043 0 47.981 1 1.000000
6279 803.827 51.198 242.573 -0.950756 70.043 0 47.981 1 1.000000
6280 803.851 51.208 242.564 -0.953529 70.044 0 48.008 1 1.000000
6281 803.851 51.208 242.564 -0.953529 70.044 0 48.008 1 1.000000
6282 803.874 51.217 242.556 -0.956295 70.044 0 48.034 1 1.000000
6283 803.874 51.217 242.556 -0.956295 70.044 0 48.034 1 1.000000
6284 803.897 51.227 242.547 -0.959064 70.045 0 48.061 1 1.000000
6285 803.897 51.227 242.547 -0.959064 70.045 0 48.061 1 1.000000
6286 803.921 51.237 242.538 -0.961845 70.045 0 48.087 1 1.000000
6287 803.944 51.246 242.529 -0.964642 70.046 0 48.114 1 1.000000
6288 803.944 51.246 242.529 -0.964642 70.046 0 48.114 1 1.000000
6289 803.967 51.256 242.520 -0.967438 70.046 0 48.140 1 1.000000
6290 803.967 51.256 242.520 -0.967438 70.046 0 48.140 1 1.000000
6291 803.990 51.266 242.511 -0.970242 70.047 0 48.167 1 1.000000
6292 803.990 51.266 242.511 -0.970242 70.047 0 48.167 1 1.000000
6293 804.014 51.275 242.502 -0.973049 70.048 0 48.193 1 1.000000
6294 804.014 51.275 242.502 -0.973049 70.048 0 48.193 1 1.000000
6295 804.037 51.285 242.493 -0.975876 70.048 0 48.220 1 1.000000
6296 804.037 51.285 242.493 -0.975876 70.048 0 48.220 1 1.000000
6297 804.060 51.295 242.484 -0.978699 70.049 0 48.246 1 1.000000
6298 804.060 51.295 242.484 -0.978699 70.049 0 48.246 1 1.000000
6299 804.083 51.304 242.474 -0.981529 70.049 0 48.273 1 1.000000
6300 804.083 51.304 242.474 -0.981529 70.049 0 48.273 1 1.000000
6301 804.106 51.314 242.465 -0.984379 70.050 0 48.299 1 1.000000
6302 804.106 51.314 242.465 -0.984379 70.050 0 48.299 1 1.000000
6303 804.129 51.324 242.456 -0.987228 70.050 0 48.326 1 1.000000
6304 804.129 51.324 242.456 -0.987228 70.050 0 48.326 1 1.000000
6305 804.153 51.333 242.447 -0.990078 70.051 0 48.352 1 1.000000
6306 804.153 51.333 242.447 -0.990078 70.051 0 48.352 1 1.000000
6307 804.176 51.343 242.438 -0.992939 70.051 0 48.379 1 1.000000
6308 804.176 51.343 242.438 -0.992939 70.051 0 48.379 1 1.000000
6309 804.199 51.353 242.429 -0.995819 70.052 0 48.405 1 1.000000
6310 804.199 51.353 242.429 -0.995819 70.052 0 48.405 1 1.000000
6311 804.222 51.363 242.419 -0.998692 70.052 0 48.432 1 1.000000
6312 804.246 51.371 242.409 -0.999813 70.053 0 48.459 1 1.000000
6313 804.246 51.371 242.409 -0.999813 70.053 0 48.459 1 1.000000
6314 804.271 51.377 242.397 -0.998940 70.054 0 48.488 1 1.000000
6315 804.271 51.377 242.397 -0.998940 70.054 0 48.488 1 1.000000
6316 804.296 51.382 242.384 -0.996159 70.055 0 48.516 1 1.000000
6317 804.296 51.382 242.384 -0.996159 70.055 0 48.516 1 1.000000
6318 804.322 51.384 242.371 -0.991344 70.056 0 48.545 1 1.000000
6319 804.322 51.384 242.371 -0.991344 70.056 0 48.545 1 1.000000
6320 804.348 51.385 242.356 -0.984417 70.057 0 48.574 1 1.000000
6321 804.348 51.385 242.356 -0.984417 70.057 0 48.574 1 1.000000
6322 804.374 51.385 242.342 -0.976559 70.058 0 48.603 1 1.000000
6323 804.374 51.385 242.342 -0.976559 70.058 0 48.603 1 1.000000
6324 804.401 51.385 242.327 -0.969501 70.059 0 48.632 1 1.000000
6325 804.401 51.385 242.327 -0.969501 70.059 0 48.632 1 1.000000
6326 804.427 51.385 242.313 -0.962444 70.060 0 48.661 1 1.000000
6327 804.453 51.386 242.299 -0.955395 70.061 0 48.690 1 1.000000
6328 804.453 51.386 242.299 -0.955395 70.061 0 48.690 1 1.000000
6329 804.479 51.390 242.285 -0.951775 70.062 0 48.719 1 1.000000
6330 804.479 51.390 242.285 -0.951775 70.062 0 48.719 1 1.000000
6331 804.502 51.397 242.271 -0.952133 70.063 0 48.747 1 1.000000
6332 804.502 51.397 242.271 -0.952133 70.063 0 48.747 1 1.000000
6333 804.526 51.405 242.258 -0.952507 70.063 0 48.775 1 1.000000
6334 804.526 51.405 242.258 -0.952507 70.063 0 48.775 1 1.000000
6335 804.549 51.413 242.244 -0.952877 70.064 0 48.803 1 1.000000
6336 804.549 51.413 242.244 -0.952877 70.064 0 48.803 1 1.000000
6337 804.573 51.420 242.231 -0.953255 70.065 0 48.831 1 1.000000
6338 804.596 51.428 242.217 -0.953629 70.066 0 48.859 1 1.000000
6339 804.596 51.428 242.217 -0.953629 70.066 0 48.859 1 1.000000
6340 804.620 51.435 242.204 -0.953999 70.067 0 48.887 1 1.000000
6341 804.620 51.435 242.204 -0.953999 70.067 0 48.887 1 1.000000
6342 804.643 51.443 242.191 -0.954376 70.068 0 48.915 1 1.000000
6343 804.643 51.443 242.191 -0.954376 70.068 0 48.915 1 1.000000
6344 804.667 51.451 242.177 -0.954746 70.069 0 48.943 1 1.000000
6345 804.667 51.451 242.177 -0.954746 70.069 0 48.943 1 1.000000
6346 804.691 51.458 242.164 -0.955124 70.070 0 48.971 1 1.000000
6347 804.691 51.458 242.164 -0.955124 70.070 0 48.971 1 1.000000
6348 804.714 51.466 242.150 -0.955494 70.071 0 48.999 1 1.000000
6349 804.714 51.466 242.150 -0.955494 70.071 0 48.999 1 1.000000
6350 804.738 51.474 242.137 -0.955868 70.072 0 49.027 1 1.000000
6351 804.738 51.474 242.137 -0.955868 70.072 0 49.027 1 1.000000
6352 804.761 51.481 242.123 -0.956242 70.073 0 49.055 1 1.000000
6353 804.761 51.481 242.123 -0.956242 70.073 0 49.055 1 1.000000
6354 804.785 51.489 242.110 -0.956615 70.074 0 49.084 1 1.000000
6355 804.785 51.489 242.110 -0.956615 70.074 0 49.084 1 1.000000
6356 804.808 51.496 242.097 -0.956989 70.074 0 49.112 1 1.000000
6357 804.808 51.496 242.097 -0.956989 70.074 0 49.112 1 1.000000
6358 804.832 51.504 242.083 -0.957363 70.075 0 49.140 1 1.000000
6359 804.832 51.504 242.083 -0.957363 70.075 0 49.140 1 1.000000
6360 804.856 51.512 242.070 -0.957737 70.076 0 49.168 1 1.000000
6361 804.856 51.512 242.070 -0.957737 70.076 0 49.168 1 1.000000
6362 804.879 51.519 242.056 -0.958111 70.077 0 49.196 1 1.000000
6363 804.879 51.519 242.056 -0.958111 70.077 0 49.196 1 1.000000
6364 804.903 51.527 242.043 -0.958485 70.078 0 49.224 1 1.000000
6365 804.926 51.535 242.029 -0.958870 70.079 0 49.252 1 1.000000
6366 804.926 51.535 242.029 -0.958870 70.079 0 49.252 1 1.000000
6367 804.950 51.541 242.016 -0.957512 70.080 0 49.280 1 1.000000
6368 804.950 51.541 242.016 -0.957512 70.080 0 49.280 1 1.000000
6369 804.974 51.547 242.002 -0.956821 70.081 0 49.309 1 1.000000
6370 804.974 51.547 242.002 -0.956821 70.081 0 49.309 1 1.000000
6371 804.998 51.554 241.988 -0.956142 70.082 0 49.337 1 1.000000
6372 804.998 51.554 241.988 -0.956142 70.082 0 49.337 1 1.000000
6373 805.022 51.560 241.974 -0.955456 70.083 0 49.366 1 1.000000
6374 805.022 51.560 241.974 -0.955456 70.083 0 49.366 1 1.000000
6375 805.047 51.567 241.960 -0.954769 70.084 0 49.394 1 1.000000
6376 805.047 51.567 241.960 -0.954769 70.084 0 49.394 1 1.000000
6377 805.071 51.574 241.946 -0.954086 70.085 0 49.422 1 1.000000
6378 805.095 51.580 241.932 -0.953400 70.085 0 49.451 1 1.000000
6379 805.095 51.580 241.932 -0.953400 70.085 0 49.451 1 1.000000
6380 805.119 51.587 241.919 -0.952713 70.086 0 49.479 1 1.000000
6381 805.119 51.587 241.919 -0.952713 70.086 0 49.479 1 1.000000
6382 805.143 51.594 241.905 -0.952030 70.087 0 49.508 1 1.000000
6383 805.167 51.600 241.891 -0.951347 70.088 0 49.536 1 1.000000
6384 805.167 51.600 241.891 -0.951347 70.088 0 49.536 1 1.000000
6385 805.191 51.607 241.877 -0.950661 70.089 0 49.564 1 1.000000
6386 805.191 51.607 241.877 -0.950661 70.089 0 49.564 1 1.000000
6387 805.215 51.614 241.863 -0.949978 70.090 0 49.593 1 1.000000
6388 805.215 51.614 241.863 -0.949978 70.090 0 49.593 1 1.000000
6389 805.239 51.620 241.849 -0.949291 70.091 0 49.621 1 1.000000
6390 805.239 51.620 241.849 -0.949291 70.091 0 49.621 1 1.000000
6391 805.263 51.627 241.836 -0.948608 70.092 0 49.650 1 1.000000
6392 805.263 51.627 241.836 -0.948608 70.092 0 49.650 1 1.000000
6393 805.287 51.634 241.822 -0.947922 70.093 0 49.678 1 1.000000
6394 805.287 51.634 241.822 -0.947922 70.093 0 49.678 1 1.000000
6395 805.311 51.640 241.808 -0.947235 70.094 0 49.707 1 1.000000
6396 805.311 51.640 241.808 -0.947235 70.094 0 49.707 1 1.000000
6397 805.335 51.647 241.794 -0.946552 70.095 0 49.735 1 1.000000
6398 805.359 51.654 241.780 -0.945869 70.096 0 49.763 1 1.000000
6399 805.359 51.654 241.780 -0.945869 70.096 0 49.763 1 1.000000
6400 805.383 51.660 241.766 -0.945187 70.096 0 49.792 1 1.000000
6401 805.383 51.660 241.766 -0.945187 70.096 0 49.792 1 1.000000
6402 805.407 51.667 241.753 -0.944500 70.097 0 49.820 1 1.000000
6403 805.431 51.674 241.739 -0.943813 70.098 0 49.849 1 1.000000
6404 805.431 51.674 241.739 -0.943813 70.098 0 49.849 1 1.000000
6405 805.455 51.681 241.725 -0.943741 70.099 0 49.877 1 1.000000
6406 805.455 51.681 241.725 -0.943741 70.099 0 49.877 1 1.000000
6407 805.479 51.688 241.711 -0.943478 70.100 0 49.905 1 1.000000
6408 805.503 51.695 241.697 -0.943211 70.101 0 49.933 1 1.000000
6409 805.503 51.695 241.697 -0.943211 70.101 0 49.933 1 1.000000
6410 805.526 51.702 241.684 -0.942947 70.102 0 49.962 1 1.000000
6411 805.526 51.702 241.684 -0.942947 70.102 0 49.962 1 1.000000
6412 805.550 51.709 241.670 -0.942688 70.103 0 49.990 1 1.000000
6413 805.574 51.716 241.656 -0.942249 70.104 0 50.018 1 1.000000
6414 805.574 51.716 241.656 -0.942249 70.104 0 50.018 1 1.000000
6415 805.599 51.721 241.642 -0.939716 70.105 0 50.047 1 1.000000
6416 805.599 51.721 241.642 -0.939716 70.105 0 50.047 1 1.000000
6417 805.622 51.726 241.626 -0.938019 70.106 0 50.075 1 1.000000
6418 805.622 51.726 241.626 -0.938019 70.106 0 50.075 1 1.000000
6419 805.645 51.732 241.609 -0.936306 70.107 0 50.104 1 1.000000
6420 805.645 51.732 241.609 -0.936306 70.107 0 50.104 1 1.000000
6421 805.667 51.737 241.591 -0.934589 70.108 0 50.132 1 1.000000
6422 805.667 51.737 241.591 -0.934589 70.108 0 50.132 1 1.000000
6423 805.688 51.743 241.572 -0.932877 70.110 0 50.159 1 1.000000
6424 805.688 51.743 241.572 -0.932877 70.110 0 50.159 1 1.000000
6425 805.708 51.748 241.551 -0.931187 70.111 0 50.186 1 1.000000
6426 805.708 51.748 241.551 -0.931187 70.111 0 50.186 1 1.000000
6427 805.726 51.755 241.530 -0.930927 70.113 0 50.213 1 1.000000
6428 805.726 51.755 241.530 -0.930927 70.113 0 50.213 1 1.000000
6429 805.743 51.762 241.508 -0.931370 70.115 0 50.238 1 1.000000
6430 805.743 51.762 241.508 -0.931370 70.115 0 50.238 1 1.000000
6431 805.759 51.769 241.486 -0.931927 70.116 0 50.263 1 1.000000
6432 805.774 51.776 241.462 -0.932598 70.118 0 50.287 1 1.000000
6433 805.774 51.776 241.462 -0.932598 70.118 0 50.287 1 1.000000
6434 805.787 51.782 241.438 -0.933361 70.120 0 50.311 1 1.000000
6435 805.787 51.782 241.438 -0.933361 70.120 0 50.311 1 1.000000
6436 805.801 51.789 241.414 -0.934113 70.122 0 50.334 1 1.000000
6437 805.801 51.789 241.414 -0.934113 70.122 0 50.334 1 1.000000
6438 805.815 51.796 241.390 -0.934868 70.124 0 50.358 1 1.000000
6439 805.815 51.796 241.390 -0.934868 70.124 0 50.358 1 1.000000
6440 805.828 51.803 241.366 -0.935608 70.126 0 50.381 1 1.000000
6441 805.828 51.803 241.366 -0.935608 70.126 0 50.381 1 1.000000
6442 805.842 51.810 241.342 -0.936359 70.128 0 50.405 1 1.000000
6443 805.842 51.810 241.342 -0.936359 70.128 0 50.405 1 1.000000
6444 805.856 51.817 241.318 -0.937111 70.130 0 50.428 1 1.000000
6445 805.870 51.823 241.294 -0.937862 70.132 0 50.452 1 1.000000
6446 805.870 51.823 241.294 -0.937862 70.132 0 50.452 1 1.000000
6447 805.883 51.830 241.270 -0.938614 70.134 0 50.475 1 1.000000
6448 805.883 51.830 241.270 -0.938614 70.134 0 50.475 1 1.000000
6449 805.897 51.837 241.246 -0.939362 70.136 0 50.499 1 1.000000
6450 805.897 51.837 241.246 -0.939362 70.136 0 50.499 1 1.000000
6451 805.911 51.844 241.222 -0.940113 70.138 0 50.522 1 1.000000
6452 805.925 51.851 241.199 -0.940865 70.140 0 50.546 1 1.000000
6453 805.925 51.851 241.199 -0.940865 70.140 0 50.546 1 1.000000
6454 805.938 51.858 241.175 -0.941616 70.142 0 50.569 1 1.000000
6455 805.938 51.858 241.175 -0.941616 70.142 0 50.569 1 1.000000
6456 805.952 51.864 241.151 -0.942368 70.144 0 50.593 1 1.000000
6457 805.952 51.864 241.151 -0.942368 70.144 0 50.593 1 1.000000
6458 805.966 51.871 241.127 -0.943119 70.146 0 50.616 1 1.000000
6459 805.966 51.871 241.127 -0.943119 70.146 0 50.616 1 1.000000
6460 805.980 51.878 241.103 -0.943867 70.148 0 50.640 1 1.000000
6461 805.980 51.878 241.103 -0.943867 70.148 0 50.640 1 1.000000
6462 805.993 51.885 241.079 -0.944618 70.150 0 50.663 1 1.000000
6463 805.993 51.885 241.079 -0.944618 70.150 0 50.663 1 1.000000
6464 806.007 51.892 241.055 -0.945370 70.152 0 50.687 1 1.000000
6465 806.007 51.892 241.055 -0.945370 70.152 0 50.687 1 1.000000
6466 806.022 51.896 241.030 -0.943497 70.154 0 50.711 1 1.000000
6467 806.022 51.896 241.030 -0.943497 70.154 0 50.711 1 1.000000
6468 806.022 51.896 241.030 -0.943497 70.154 0 50.711 1 1.000000
6469 806.037 51.898 241.005 -0.939388 70.156 0 51.304 1 1.000000
6470 806.052 51.899 240.979 -0.937817 70.158 0 51.334 1 1.000000
6471 806.052 51.899 240.979 -0.937817 70.158 0 51.334 1 1.000000
6472 806.068 51.901 240.954 -0.939907 70.160 0 51.363 1 1.000000
6473 806.068 51.901 240.954 -0.939907 70.160 0 51.363 1 1.000000
6474 806.083 51.904 240.928 -0.941998 70.162 0 51.393 1 1.000000
6475 806.083 51.904 240.928 -0.941998 70.162 0 51.393 1 1.000000
6476 806.098 51.906 240.903 -0.944092 70.165 0 51.422 1 1.000000
6477 806.098 51.906 240.903 -0.944092 70.165 0 51.422 1 1.000000
6478 806.113 51.908 240.878 -0.946182 70.167 0 51.452 1 1.000000
6479 806.113 51.908 240.878 -0.946182 70.167 0 51.452 1 1.000000
6480 806.129 51.910 240.852 -0.948273 70.169 0 51.481 1 1.000000
6481 806.144 51.912 240.827 -0.950363 70.171 0 51.511 1 1.000000
6482 806.144 51.912 240.827 -0.950363 70.171 0 51.511 1 1.000000
6483 806.159 51.914 240.801 -0.952454 70.173 0 51.540 1 1.000000
6484 806.159 51.914 240.801 -0.952454 70.173 0 51.540 1 1.000000
6485 806.175 51.916 240.776 -0.954544 70.175 0 51.570 1 1.000000
6486 806.175 51.916 240.776 -0.954544 70.175 0 51.570 1 1.000000
6487 806.190 51.918 240.750 -0.956635 70.177 0 51.599 1 1.000000
6488 806.190 51.918 240.750 -0.956635 70.177 0 51.599 1 1.000000
6489 806.205 51.920 240.725 -0.958729 70.179 0 51.629 1 1.000000
6490 806.221 51.922 240.700 -0.960819 70.181 0 51.658 1 1.000000
6491 806.221 51.922 240.700 -0.960819 70.181 0 51.658 1 1.000000
6492 806.236 51.924 240.674 -0.962910 70.183 0 51.688 1 1.000000
6493 806.236 51.924 240.674 -0.962910 70.183 0 51.688 1 1.000000
6494 806.251 51.927 240.649 -0.965000 70.185 0 51.717 1 1.000000
6495 806.251 51.927 240.649 -0.965000 70.185 0 51.717 1 1.000000
6496 806.267 51.929 240.623 -0.967091 70.188 0 51.747 1 1.000000
6497 806.267 51.929 240.623 -0.967091 70.188 0 51.747 1 1.000000
6498 806.282 51.931 240.598 -0.948796 70.190 0 51.776 1 1.000000
6499 806.282 51.931 240.598 -0.948796 70.190 0 51.776 1 1.000000
6500 806.297 51.933 240.573 -0.928983 70.192 0 51.806 1 1.000000
6501 806.297 51.933 240.573 -0.928983 70.192 0 51.806 1 1.000000
6502 806.313 51.935 240.547 -0.908723 70.194 0 51.835 1 1.000000
6503 806.313 51.935 240.547 -0.908723 70.194 0 51.835 1 1.000000
6504 806.328 51.938 240.522 -0.888144 70.196 0 51.865 1 1.000000
6505 806.328 51.938 240.522 -0.888144 70.196 0 51.865 1 1.000000
6506 806.343 51.942 240.497 -0.867719 70.198 0 51.894 1 1.000000
6507 806.358 51.946 240.473 -0.859718 70.200 0 51.923 1 1.000000
6508 806.373 51.950 240.448 -0.860531 70.202 0 51.952 1 1.000000
6509 806.373 51.950 240.448 -0.860531 70.202 0 51.952 1 1.000000
6510 806.389 51.955 240.423 -0.861225 70.204 0 51.981 1 1.000000
6511 806.404 51.956 240.398 -0.858612 70.206 0 52.010 1 1.000000
6512 806.404 51.956 240.398 -0.858612 70.206 0 52.010 1 1.000000
6513 806.420 51.957 240.372 -0.856167 70.208 0 52.040 1 1.000000
6514 806.435 51.958 240.347 -0.854156 70.210 0 52.069 1 1.000000
6515 806.435 51.958 240.347 -0.854156 70.210 0 52.069 1 1.000000
6516 806.451 51.960 240.322 -0.852146 70.212 0 52.099 1 1.000000
6517 806.467 51.961 240.296 -0.850136 70.214 0 52.128 1 1.000000
6518 806.467 51.961 240.296 -0.850136 70.214 0 52.128 1 1.000000
6519 806.482 51.963 240.271 -0.848125 70.217 0 52.158 1 1.000000
6520 806.498 51.964 240.246 -0.846291 70.219 0 52.187 1 1.000000
6521 806.498 51.964 240.246 -0.846291 70.219 0 52.187 1 1.000000
6522 806.513 51.967 240.220 -0.845100 70.221 0 52.217 1 1.000000
6523 806.529 51.969 240.195 -0.843895 70.223 0 52.246 1 1.000000
6524 806.544 51.971 240.170 -0.842697 70.225 0 52.276 1 1.000000
6525 806.560 51.974 240.145 -0.841496 70.227 0 52.305 1 1.000000
6526 806.560 51.974 240.145 -0.841496 70.227 0 52.305 1 1.000000
6527 806.575 51.976 240.119 -0.840298 70.229 0 52.335 1 1.000000
6528 806.575 51.976 240.119 -0.840298 70.229 0 52.335 1 1.000000
6529 806.590 51.979 240.094 -0.839096 70.231 0 52.364 1 1.000000
6530 806.606 51.981 240.069 -0.837894 70.233 0 52.394 1 1.000000
6531 806.621 51.983 240.043 -0.836697 70.235 0 52.423 1 1.000000
6532 806.636 51.984 240.018 -0.834419 70.237 0 52.453 1 1.000000
6533 806.636 51.984 240.018 -0.834419 70.237 0 52.453 1 1.000000
6534 806.652 51.993 239.996 -0.839714 70.239 0 52.479 1 1.000000
6535 806.652 51.993 239.996 -0.839714 70.239 0 52.479 1 1.000000
6536 806.667 52.001 239.975 -0.844429 70.241 0 52.506 1 1.000000
6537 806.682 52.009 239.953 -0.849400 70.243 0 52.533 1 1.000000
6538 806.682 52.009 239.953 -0.849400 70.243 0 52.533 1 1.000000
6539 806.697 52.017 239.931 -0.854374 70.244 0 52.560 1 1.000000
6540 806.697 52.017 239.931 -0.854374 70.244 0 52.560 1 1.000000
6541 806.712 52.026 239.909 -0.859348 70.246 0 52.587 1 1.000000
6542 806.712 52.026 239.909 -0.859348 70.246 0 52.587 1 1.000000
6543 806.727 52.034 239.887 -0.864323 70.248 0 52.614 1 1.000000
6544 806.727 52.034 239.887 -0.864323 70.248 0 52.614 1 1.000000
6545 806.743 52.042 239.865 -0.869293 70.250 0 52.641 1 1.000000
6546 806.758 52.050 239.844 -0.874271 70.251 0 52.668 1 1.000000
6547 806.758 52.050 239.844 -0.874271 70.251 0 52.668 1 1.000000
6548 806.773 52.058 239.822 -0.879250 70.253 0 52.695 1 1.000000
6549 806.788 52.067 239.800 -0.884228 70.255 0 52.722 1 1.000000
6550 806.788 52.067 239.800 -0.884228 70.255 0 52.722 1 1.000000
6551 806.803 52.075 239.778 -0.889210 70.257 0 52.749 1 1.000000
6552 806.803 52.075 239.778 -0.889210 70.257 0 52.749 1 1.000000
6553 806.818 52.083 239.756 -0.894196 70.259 0 52.775 1 1.000000
6554 806.833 52.091 239.734 -0.899174 70.260 0 52.802 1 1.000000
6555 806.833 52.091 239.734 -0.899174 70.260 0 52.802 1 1.000000
6556 806.848 52.099 239.712 -0.904156 70.262 0 52.829 1 1.000000
6557 806.863 52.108 239.691 -0.909145 70.264 0 52.856 1 1.000000
6558 806.863 52.108 239.691 -0.909145 70.264 0 52.856 1 1.000000
6559 806.878 52.116 239.669 -0.914131 70.266 0 52.883 1 1.000000
6560 806.878 52.116 239.669 -0.914131 70.266 0 52.883 1 1.000000
6561 806.893 52.124 239.647 -0.919113 70.267 0 52.910 1 1.000000
6562 806.909 52.133 239.625 -0.925171 70.269 0 52.937 1 1.000000
6563 806.909 52.133 239.625 -0.925171 70.269 0 52.937 1 1.000000
6564 806.923 52.143 239.605 -0.931686 70.271 0 52.962 1 1.000000
6565 806.923 52.143 239.605 -0.931686 70.271 0 52.962 1 1.000000
6566 806.938 52.153 239.585 -0.938210 70.273 0 52.988 1 1.000000
6567 806.938 52.153 239.585 -0.938210 70.273 0 52.988 1 1.000000
6568 806.953 52.162 239.564 -0.944736 70.274 0 53.014 1 1.000000
6569 806.953 52.162 239.564 -0.944736 70.274 0 53.014 1 1.000000
6570 806.968 52.172 239.544 -0.951260 70.276 0 53.039 1 1.000000
6571 806.968 52.172 239.544 -0.951260 70.276 0 53.039 1 1.000000
6572 806.983 52.181 239.524 -0.957790 70.277 0 53.065 1 1.000000
6573 806.983 52.181 239.524 -0.957790 70.277 0 53.065 1 1.000000
6574 806.997 52.191 239.503 -0.964317 70.279 0 53.091 1 1.000000
6575 806.997 52.191 239.503 -0.964317 70.279 0 53.091 1 1.000000
6576 807.012 52.201 239.483 -0.970848 70.281 0 53.116 1 1.000000
6577 807.012 52.201 239.483 -0.970848 70.281 0 53.116 1 1.000000
6578 807.027 52.210 239.462 -0.977386 70.282 0 53.142 1 1.000000
6579 807.042 52.220 239.442 -0.983921 70.284 0 53.168 1 1.000000
6580 807.042 52.220 239.442 -0.983921 70.284 0 53.168 1 1.000000
6581 807.056 52.230 239.422 -0.990459 70.286 0 53.193 1 1.000000
6582 807.056 52.230 239.422 -0.990459 70.286 0 53.193 1 1.000000
6583 807.071 52.239 239.401 -0.996998 70.287 0 53.219 1 1.000000
6584 807.071 52.239 239.401 -0.996998 70.287 0 53.219 1 1.000000
6585 807.086 52.249 239.381 -1.003540 70.289 0 53.244 1 1.000000
6586 807.086 52.249 239.381 -1.003540 70.289 0 53.244 1 1.000000
6587 807.100 52.258 239.360 -1.010082 70.291 0 53.270 1 1.000000
6588 807.115 52.268 239.340 -1.016575 70.292 0 53.296 1 1.000000
6589 807.115 52.268 239.340 -1.016575 70.292 0 53.296 1 1.000000
6590 807.130 52.275 239.318 -1.020607 70.294 0 53.323 1 1.000000
6591 807.146 52.281 239.295 -1.022778 70.296 0 53.351 1 1.000000
6592 807.146 52.281 239.295 -1.022778 70.296 0 53.351 1 1.000000
6593 807.162 52.284 239.271 -1.022930 70.298 0 53.380 1 1.000000
6594 807.162 52.284 239.271 -1.022930 70.298 0 53.380 1 1.000000
6595 807.178 52.286 239.246 -1.020958 70.300 0 53.409 1 1.000000
6596 807.178 52.286 239.246 -1.020958 70.300 0 53.409 1 1.000000
6597 807.194 52.287 239.221 -1.018158 70.302 0 53.438 1 1.000000
6598 807.194 52.287 239.221 -1.018158 70.302 0 53.438 1 1.000000
6599 807.211 52.288 239.196 -1.016136 70.304 0 53.468 1 1.000000
6600 807.211 52.288 239.196 -1.016136 70.304 0 53.468 1 1.000000
6601 807.227 52.290 239.171 -1.014126 70.306 0 53.497 1 1.000000
6602 807.227 52.290 239.171 -1.014126 70.306 0 53.497 1 1.000000
6603 807.243 52.291 239.146 -1.012119 70.308 0 53.527 1 1.000000
6604 807.243 52.291 239.146 -1.012119 70.308 0 53.527 1 1.000000
6605 807.259 52.293 239.121 -1.010109 70.310 0 53.556 1 1.000000
6606 807.275 52.294 239.096 -1.008102 70.312 0 53.585 1 1.000000
6607 807.275 52.294 239.096 -1.008102 70.312 0 53.585 1 1.000000
6608 807.291 52.296 239.071 -1.006096 70.315 0 53.615 1 1.000000
6609 807.291 52.296 239.071 -1.006096 70.315 0 53.615 1 1.000000
6610 807.307 52.297 239.046 -1.004089 70.317 0 53.644 1 1.000000
6611 807.323 52.299 239.021 -1.002079 70.319 0 53.674 1 1.000000
6612 807.323 52.299 239.021 -1.002079 70.319 0 53.674 1 1.000000
6613 807.339 52.300 238.995 -1.000076 70.321 0 53.703 1 1.000000
6614 807.339 52.300 238.995 -1.000076 70.321 0 53.703 1 1.000000
6615 807.355 52.302 238.970 -0.998089 70.323 0 53.732 1 1.000000
6616 807.371 52.303 238.945 -0.996098 70.325 0 53.762 1 1.000000
6617 807.371 52.303 238.945 -0.996098 70.325 0 53.762 1 1.000000
6618 807.388 52.305 238.920 -0.994110 70.327 0 53.791 1 1.000000
6619 807.388 52.305 238.920 -0.994110 70.327 0 53.791 1 1.000000
6620 807.404 52.307 238.895 -0.992123 70.329 0 53.821 1 1.000000
6621 807.420 52.308 238.870 -0.990131 70.331 0 53.850 1 1.000000
6622 807.420 52.308 238.870 -0.990131 70.331 0 53.850 1 1.000000
6623 807.436 52.310 238.845 -0.988144 70.333 0 53.880 1 1.000000
6624 807.436 52.310 238.845 -0.988144 70.333 0 53.880 1 1.000000
6625 807.452 52.311 238.820 -0.986156 70.335 0 53.909 1 1.000000
6626 807.452 52.311 238.820 -0.986156 70.335 0 53.909 1 1.000000
6627 807.468 52.313 238.795 -0.984169 70.338 0 53.938 1 1.000000
6628 807.484 52.314 238.770 -0.982201 70.340 0 53.968 1 1.000000
6629 807.484 52.314 238.770 -0.982201 70.340 0 53.968 1 1.000000
6630 807.500 52.316 238.745 -0.980228 70.342 0 53.997 1 1.000000
6631 807.500 52.316 238.745 -0.980228 70.342 0 53.997 1 1.000000
6632 807.515 52.320 238.720 -0.980732 70.344 0 54.026 1 1.000000
6633 807.529 52.326 238.696 -0.983490 70.346 0 54.055 1 1.000000
6634 807.529 52.326 238.696 -0.983490 70.346 0 54.055 1 1.000000
6635 807.543 52.332 238.672 -0.986244 70.348 0 54.083 1 1.000000
6636 807.543 52.332 238.672 -0.986244 70.348 0 54.083 1 1.000000
6637 807.557 52.338 238.647 -0.989002 70.350 0 54.112 1 1.000000
6638 807.557 52.338 238.647 -0.989002 70.350 0 54.112 1 1.000000
6639 807.571 52.343 238.623 -0.990349 70.352 0 54.141 1 1.000000
6640 807.571 52.343 238.623 -0.990349 70.352 0 54.141 1 1.000000
6641 807.571 52.343 238.623 -0.990349 70.352 0 54.141 1 1.000000
6642 807.586 52.346 238.597 -0.989143 70.354 0 54.170 1 1.000000
6643 807.586 52.346 238.597 -0.989143 70.354 0 54.170 1 1.000000
6644 807.601 52.349 238.572 -0.988979 70.356 0 54.199 1 1.000000
6645 807.616 52.352 238.546 -0.988808 70.359 0 54.229 1 1.000000
6646 807.616 52.352 238.546 -0.988808 70.359 0 54.229 1 1.000000
6647 807.631 52.356 238.521 -0.989090 70.361 0 54.258 1 1.000000
6648 807.631 52.356 238.521 -0.989090 70.361 0 54.258 1 1.000000
6649 807.645 52.359 238.496 -0.988922 70.363 0 54.287 1 1.000000
6650 807.645 52.359 238.496 -0.988922 70.363 0 54.287 1 1.000000
6651 807.660 52.363 238.471 -0.989006 70.365 0 54.317 1 1.000000
6652 807.660 52.363 238.471 -0.989006 70.365 0 54.317 1 1.000000
6653 807.675 52.367 238.446 -0.989094 70.367 0 54.346 1 1.000000
6654 807.675 52.367 238.446 -0.989094 70.367 0 54.346 1 1.000000
6655 807.690 52.370 238.420 -0.989182 70.369 0 54.375 1 1.000000
6656 807.690 52.370 238.420 -0.989182 70.369 0 54.375 1 1.000000
6657 807.704 52.374 238.395 -0.989269 70.371 0 54.404 1 1.000000
6658 807.704 52.374 238.395 -0.989269 70.371 0 54.404 1 1.000000
6659 807.719 52.377 238.370 -0.989357 70.374 0 54.434 1 1.000000
6660 807.719 52.377 238.370 -0.989357 70.374 0 54.434 1 1.000000
6661 807.734 52.381 238.345 -0.989445 70.376 0 54.463 1 1.000000
6662 807.734 52.381 238.345 -0.989445 70.376 0 54.463 1 1.000000
6663 807.749 52.385 238.319 -0.989532 70.378 0 54.492 1 1.000000
6664 807.749 52.385 238.319 -0.989532 70.378 0 54.492 1 1.000000
6665 807.764 52.388 238.294 -0.989620 70.380 0 54.522 1 1.000000
6666 807.778 52.392 238.269 -0.989708 70.382 0 54.551 1 1.000000
6667 807.778 52.392 238.269 -0.989708 70.382 0 54.551 1 1.000000
6668 807.793 52.396 238.244 -0.989796 70.384 0 54.580 1 1.000000
6669 807.793 52.396 238.244 -0.989796 70.384 0 54.580 1 1.000000
6670 807.808 52.399 238.219 -0.989883 70.387 0 54.609 1 1.000000
6671 807.808 52.399 238.219 -0.989883 70.387 0 54.609 1 1.000000
6672 807.823 52.403 238.193 -0.989967 70.389 0 54.639 1 1.000000
6673 807.823 52.403 238.193 -0.989967 70.389 0 54.639 1 1.000000
6674 807.837 52.406 238.168 -0.990055 70.391 0 54.668 1 1.000000
6675 807.852 52.410 238.143 -0.990147 70.393 0 54.697 1 1.000000
6676 807.852 52.410 238.143 -0.990147 70.393 0 54.697 1 1.000000
6677 807.867 52.414 238.118 -0.990234 70.395 0 54.727 1 1.000000
6678 807.867 52.414 238.118 -0.990234 70.395 0 54.727 1 1.000000
6679 807.882 52.417 238.092 -0.990322 70.397 0 54.756 1 1.000000
6680 807.882 52.417 238.092 -0.990322 70.397 0 54.756 1 1.000000
6681 807.896 52.421 238.067 -0.990406 70.400 0 54.785 1 1.000000
6682 807.896 52.421 238.067 -0.990406 70.400 0 54.785 1 1.000000
6683 807.911 52.424 238.042 -0.990498 70.402 0 54.814 1 1.000000
6684 807.911 52.424 238.042 -0.990498 70.402 0 54.814 1 1.000000
6685 807.926 52.428 238.017 -0.990585 70.404 0 54.844 1 1.000000
6686 807.926 52.428 238.017 -0.990585 70.404 0 54.844 1 1.000000
6687 807.941 52.432 237.992 -0.990673 70.406 0 54.873 1 1.000000
6688 807.941 52.432 237.992 -0.990673 70.406 0 54.873 1 1.000000
6689 807.955 52.435 237.966 -0.990570 70.408 0 54.902 1 1.000000
6690 807.955 52.435 237.966 -0.990570 70.408 0 54.902 1 1.000000
6691 807.970 52.438 237.941 -0.990501 70.410 0 54.932 1 1.000000
6692 807.970 52.438 237.941 -0.990501 70.410 0 54.932 1 1.000000
6693 807.985 52.442 237.916 -0.990429 70.413 0 54.961 1 1.000000
6694 807.985 52.442 237.916 -0.990429 70.413 0 54.961 1 1.000000
6695 808.000 52.445 237.890 -0.990360 70.415 0 54.990 1 1.000000
6696 808.000 52.445 237.890 -0.990360 70.415 0 54.990 1 1.000000
6697 808.014 52.449 237.865 -0.990288 70.423 0 55.020 1 1.000000
6698 808.029 52.452 237.840 -0.990215 70.503 0 55.049 1 1.000000
6699 808.029 52.452 237.840 -0.990215 70.503 0 55.049 1 1.000000
6700 808.044 52.456 237.815 -0.990147 70.583 0 55.078 1 1.000000
6701 808.044 52.456 237.815 -0.990147 70.583 0 55.078 1 1.000000
6702 808.059 52.459 237.789 -0.990074 70.664 0 55.108 1 1.000000
6703 808.059 52.459 237.789 -0.990074 70.664 0 55.108 1 1.000000
6704 808.074 52.463 237.764 -0.990002 70.744 0 55.137 1 1.000000
6705 808.074 52.463 237.764 -0.990002 70.744 0 55.137 1 1.000000
6706 808.088 52.466 237.739 -0.989929 70.824 0 55.166 1 1.000000
6707 808.103 52.470 237.714 -0.989861 70.904 0 55.196 1 1.000000
6708 808.103 52.470 237.714 -0.989861 70.904 0 55.196 1 1.000000
6709 808.118 52.473 237.688 -0.989788 70.985 0 55.225 1 1.000000
6710 808.118 52.473 237.688 -0.989788 70.985 0 55.225 1 1.000000
6711 808.133 52.476 237.663 -0.989719 71.065 0 55.254 1 1.000000
6712 808.147 52.480 237.638 -0.989647 71.145 0 55.284 1 1.000000
6713 808.147 52.480 237.638 -0.989647 71.145 0 55.284 1 1.000000
6714 808.162 52.483 237.612 -0.989574 71.225 0 55.313 1 1.000000
6715 808.162 52.483 237.612 -0.989574 71.225 0 55.313 1 1.000000
6716 808.177 52.487 237.587 -0.989506 71.306 0 55.342 1 1.000000
6717 808.177 52.487 237.587 -0.989506 71.306 0 55.342 1 1.000000
6718 808.192 52.490 237.562 -0.989433 71.386 0 55.372 1 1.000000
6719 808.192 52.490 237.562 -0.989433 71.386 0 55.372 1 1.000000
6720 808.206 52.495 237.537 -0.990833 71.465 0 55.401 1 1.000000
6721 808.206 52.495 237.537 -0.990833 71.465 0 55.401 1 1.000000
6722 808.221 52.501 237.512 -0.992702 71.543 0 55.429 1 1.000000
6723 808.221 52.501 237.512 -0.992702 71.543 0 55.429 1 1.000000
6724 808.236 52.506 237.488 -0.994572 71.621 0 55.458 1 1.000000
6725 808.236 52.506 237.488 -0.994572 71.621 0 55.458 1 1.000000
6726 808.250 52.511 237.464 -0.996441 71.698 0 55.487 1 1.000000
6727 808.250 52.511 237.464 -0.996441 71.698 0 55.487 1 1.000000
6728 808.265 52.516 237.439 -0.998306 71.776 0 55.516 1 1.000000
6729 808.280 52.522 237.415 -1.000172 71.853 0 55.544 1 1.000000
6730 808.280 52.522 237.415 -1.000172 71.853 0 55.544 1 1.000000
6731 808.294 52.527 237.390 -1.002041 71.931 0 55.573 1 1.000000
6732 808.294 52.527 237.390 -1.002041 71.931 0 55.573 1 1.000000
6733 808.309 52.532 237.366 -1.003910 72.008 0 55.602 1 1.000000
6734 808.309 52.532 237.366 -1.003910 72.008 0 55.602 1 1.000000
6735 808.324 52.536 237.341 -1.003674 72.088 0 55.631 1 1.000000
6736 808.324 52.536 237.341 -1.003674 72.088 0 55.631 1 1.000000
6737 808.339 52.537 237.315 -1.001392 72.169 0 55.661 1 1.000000
6738 808.339 52.537 237.315 -1.001392 72.169 0 55.661 1 1.000000
6739 808.354 52.539 237.290 -1.000114 72.250 0 55.690 1 1.000000
6740 808.354 52.539 237.290 -1.000114 72.250 0 55.690 1 1.000000
6741 808.369 52.542 237.264 -0.998840 72.331 0 55.720 1 1.000000
6742 808.384 52.544 237.239 -0.997562 72.411 0 55.749 1 1.000000
6743 808.384 52.544 237.239 -0.997562 72.411 0 55.749 1 1.000000
6744 808.400 52.546 237.213 -0.996284 72.492 0 55.779 1 1.000000
6745 808.400 52.546 237.213 -0.996284 72.492 0 55.779 1 1.000000
6746 808.415 52.548 237.188 -0.995007 72.573 0 55.808 1 1.000000
6747 808.415 52.548 237.188 -0.995007 72.573 0 55.808 1 1.000000
6748 808.430 52.551 237.162 -0.993732 72.654 0 55.837 1 1.000000
6749 808.430 52.551 237.162 -0.993732 72.654 0 55.837 1 1.000000
6750 808.445 52.553 237.137 -0.992458 72.734 0 55.867 1 1.000000
6751 808.445 52.553 237.137 -0.992458 72.734 0 55.867 1 1.000000
6752 808.460 52.555 237.112 -0.991180 72.815 0 55.896 1 1.000000
6753 808.460 52.555 237.112 -0.991180 72.815 0 55.896 1 1.000000
6754 808.475 52.557 237.086 -0.989902 72.896 0 55.926 1 1.000000
6755 808.475 52.557 237.086 -0.989902 72.896 0 55.926 1 1.000000
6756 808.490 52.560 237.061 -0.988628 72.977 0 55.955 1 1.000000
6757 808.505 52.563 237.035 -0.988251 73.057 0 55.985 1 1.000000
6758 808.505 52.563 237.035 -0.988251 73.057 0 55.985 1 1.000000
6759 808.520 52.566 237.010 -0.988403 73.137 0 56.014 1 1.000000
6760 808.520 52.566 237.010 -0.988403 73.137 0 56.014 1 1.000000
6761 808.535 52.570 236.985 -0.988548 73.218 0 56.044 1 1.000000
6762 808.549 52.574 236.959 -0.988701 73.298 0 56.073 1 1.000000
6763 808.549 52.574 236.959 -0.988701 73.298 0 56.073 1 1.000000
6764 808.564 52.577 236.934 -0.988846 73.378 0 56.102 1 1.000000
6765 808.564 52.577 236.934 -0.988846 73.378 0 56.102 1 1.000000
6766 808.578 52.581 236.909 -0.988995 73.458 0 56.131 1 1.000000
6767 808.578 52.581 236.909 -0.988995 73.458 0 56.131 1 1.000000
6768 808.593 52.585 236.883 -0.989140 73.539 0 56.161 1 1.000000
6769 808.593 52.585 236.883 -0.989140 73.539 0 56.161 1 1.000000
6770 808.607 52.588 236.858 -0.989288 73.619 0 56.190 1 1.000000
6771 808.607 52.588 236.858 -0.989288 73.619 0 56.190 1 1.000000
6772 808.622 52.592 236.833 -0.989433 73.699 0 56.219 1 1.000000
6773 808.622 52.592 236.833 -0.989433 73.699 0 56.219 1 1.000000
6774 808.636 52.596 236.807 -0.989578 73.779 0 56.249 1 1.000000
6775 808.636 52.596 236.807 -0.989578 73.779 0 56.249 1 1.000000
6776 808.651 52.599 236.782 -0.989727 73.859 0 56.278 1 1.000000
6777 808.651 52.599 236.782 -0.989727 73.859 0 56.278 1 1.000000
6778 808.665 52.603 236.757 -0.989872 73.940 0 56.307 1 1.000000
6779 808.665 52.603 236.757 -0.989872 73.940 0 56.307 1 1.000000
6780 808.680 52.607 236.731 -0.990021 74.020 0 56.336 1 1.000000
6781 808.680 52.607 236.731 -0.990021 74.020 0 56.336 1 1.000000
6782 808.694 52.610 236.706 -0.989651 74.100 0 56.366 1 1.000000
6783 808.709 52.613 236.681 -0.989357 74.181 0 56.395 1 1.000000
6784 808.709 52.613 236.681 -0.989357 74.181 0 56.395 1 1.000000
6785 808.724 52.616 236.655 -0.989059 74.261 0 56.425 1 1.000000
6786 808.724 52.616 236.655 -0.989059 74.261 0 56.425 1 1.000000
6787 808.738 52.620 236.630 -0.988766 74.342 0 56.454 1 1.000000
6788 808.753 52.623 236.604 -0.988472 74.422 0 56.483 1 1.000000
6789 808.753 52.623 236.604 -0.988472 74.422 0 56.483 1 1.000000
6790 808.768 52.626 236.579 -0.988178 74.503 0 56.513 1 1.000000
6791 808.768 52.626 236.579 -0.988178 74.503 0 56.513 1 1.000000
6792 808.781 52.629 236.553 -0.987881 74.586 0 56.542 1 1.000000
6793 808.781 52.629 236.553 -0.987881 74.586 0 56.542 1 1.000000
6794 808.793 52.633 236.526 -0.987579 74.671 0 56.572 1 1.000000
6795 808.793 52.633 236.526 -0.987579 74.671 0 56.572 1 1.000000
6796 808.803 52.636 236.498 -0.987724 74.758 0 56.601 1 1.000000
6797 808.812 52.640 236.471 -0.987728 74.847 0 56.630 1 1.000000
6798 808.812 52.640 236.471 -0.987728 74.847 0 56.630 1 1.000000
6799 808.812 52.640 236.471 -0.987728 74.847 0 56.630 1 1.000000
6800 808.819 52.643 236.442 -0.987732 74.937 0 56.659 1 1.000000
6801 808.819 52.643 236.442 -0.987732 74.937 0 56.659 1 1.000000
6802 808.825 52.647 236.414 -0.987743 75.029 0 56.688 1 1.000000
6803 808.825 52.647 236.414 -0.987743 75.029 0 56.688 1 1.000000
6804 808.830 52.650 236.385 -0.987759 75.122 0 56.717 1 1.000000
6805 808.830 52.650 236.385 -0.987759 75.122 0 56.717 1 1.000000
6806 808.832 52.654 236.355 -0.987774 75.216 0 56.744 1 1.000000
6807 808.832 52.654 236.355 -0.987774 75.216 0 56.744 1 1.000000
6808 808.833 52.657 236.326 -0.987801 75.310 0 56.772 1 1.000000
6809 808.833 52.657 236.326 -0.987801 75.310 0 56.772 1 1.000000
6810 808.833 52.660 236.297 -0.987820 75.405 0 56.799 1 1.000000
6811 808.833 52.660 236.297 -0.987820 75.405 0 56.799 1 1.000000
6812 808.831 52.663 236.268 -0.987854 75.500 0 56.825 1 1.000000
6813 808.831 52.663 236.268 -0.987854 75.500 0 56.825 1 1.000000
6814 808.828 52.666 236.238 -0.987888 75.596 0 56.850 1 1.000000
6815 808.828 52.666 236.238 -0.987888 75.596 0 56.850 1 1.000000
6816 808.823 52.669 236.209 -0.987923 75.691 0 56.874 1 1.000000
6817 808.823 52.669 236.209 -0.987923 75.691 0 56.874 1 1.000000
6818 808.816 52.672 236.181 -0.987957 75.785 0 56.898 1 1.000000
6819 808.816 52.672 236.181 -0.987957 75.785 0 56.898 1 1.000000
6820 808.808 52.675 236.152 -0.987999 75.879 0 56.921 1 1.000000
6821 808.808 52.675 236.152 -0.987999 75.879 0 56.921 1 1.000000
6822 808.798 52.678 236.124 -0.988049 75.971 0 56.942 1 1.000000
6823 808.798 52.678 236.124 -0.988049 75.971 0 56.942 1 1.000000
6824 808.787 52.680 236.097 -0.988094 76.063 0 56.963 1 1.000000
6825 808.787 52.680 236.097 -0.988094 76.063 0 56.963 1 1.000000
6826 808.775 52.683 236.070 -0.988144 76.153 0 56.982 1 1.000000
6827 808.775 52.683 236.070 -0.988144 76.153 0 56.982 1 1.000000
6828 808.761 52.685 236.044 -0.988201 76.241 0 57.000 1 1.000000
6829 808.761 52.685 236.044 -0.988201 76.241 0 57.000 1 1.000000
6830 808.745 52.687 236.019 -0.988255 76.327 0 57.017 1 1.000000
6831 808.745 52.687 236.019 -0.988255 76.327 0 57.017 1 1.000000
6832 808.745 52.687 236.019 -0.988255 76.327 0 57.017 1 1.000000
6833 808.729 52.689 235.994 -0.988316 76.412 0 57.033 1 1.000000
6834 808.729 52.689 235.994 -0.988316 76.412 0 57.033 1 1.000000
6835 808.711 52.691 235.970 -0.988373 76.493 0 57.047 1 1.000000
6836 808.691 52.692 235.948 -0.988438 76.572 0 57.060 1 1.000000
6837 808.691 52.692 235.948 -0.988438 76.572 0 57.060 1 1.000000
6838 808.671 52.694 235.926 -0.988503 76.649 0 57.072 1 1.000000
6839 808.671 52.694 235.926 -0.988503 76.649 0 57.072 1 1.000000
6840 808.650 52.695 235.905 -0.988567 76.722 0 57.082 1 1.000000
6841 808.650 52.695 235.905 -0.988567 76.722 0 57.082 1 1.000000
6842 808.627 52.696 235.886 -0.988632 76.792 0 57.090 1 1.000000
6843 808.627 52.696 235.886 -0.988632 76.792 0 57.090 1 1.000000
6844 808.604 52.697 235.867 -0.988705 76.858 0 57.097 1 1.000000
6845 808.604 52.697 235.867 -0.988705 76.858 0 57.097 1 1.000000
6846 808.579 52.698 235.850 -0.988773 76.921 0 57.103 1 1.000000
6847 808.579 52.698 235.850 -0.988773 76.921 0 57.103 1 1.000000
6848 808.554 52.698 235.834 -0.988846 76.980 0 57.107 1 1.000000
6849 808.501 52.702 235.806 -0.992310 77.086 0 57.111 1 1.000000
6850 808.501 52.702 235.806 -0.992310 77.086 0 57.111 1 1.000000
6851 808.501 52.702 235.806 -0.992310 77.086 0 57.111 1 1.000000
6852 808.476 52.707 235.793 -0.997284 77.137 0 57.114 1 1.000000
6853 808.476 52.707 235.793 -0.997284 77.137 0 57.114 1 1.000000
6854 808.451 52.713 235.780 -1.002251 77.187 0 57.116 1 1.000000
6855 808.451 52.713 235.780 -1.002251 77.187 0 57.116 1 1.000000
6856 808.426 52.718 235.767 -1.007217 77.238 0 57.118 1 1.000000
6857 808.299 52.744 235.700 -1.032059 77.496 0 57.129 1 1.000000
6858 808.299 52.744 235.700 -1.032059 77.496 0 57.129 1 1.000000
6859 808.299 52.744 235.700 -1.032059 77.496 0 57.129 1 1.000000
6860 808.274 52.749 235.687 -1.037029 77.549 0 57.132 1 1.000000
6861 808.274 52.749 235.687 -1.037029 77.549 0 57.132 1 1.000000
6862 808.249 52.755 235.674 -1.041996 77.601 0 57.134 1 1.000000
6863 808.249 52.755 235.674 -1.041996 77.601 0 57.134 1 1.000000
6864 808.223 52.760 235.661 -1.019142 77.654 0 57.136 1 1.000000
6865 808.096 52.786 235.596 -0.877279 77.916 0 57.146 1 1.000000
6866 808.096 52.786 235.596 -0.877279 77.916 0 57.146 1 1.000000
6867 808.096 52.786 235.596 -0.877279 77.916 0 57.146 1 1.000000
6868 808.070 52.791 235.585 -0.848866 77.960 0 57.145 1 1.000000
6869 808.070 52.791 235.585 -0.848866 77.960 0 57.145 1 1.000000
6870 808.043 52.796 235.576 -0.820520 78.000 0 57.143 1 1.000000
6871 808.043 52.796 235.576 -0.820520 78.000 0 57.143 1 1.000000
6872 808.015 52.801 235.569 -0.792235 78.035 0 57.139 1 1.000000
6873 808.015 52.801 235.569 -0.792235 78.035 0 57.139 1 1.000000
6874 807.987 52.806 235.563 -0.764139 78.066 0 57.133 1 1.000000
6875 807.987 52.806 235.563 -0.764139 78.066 0 57.133 1 1.000000
6876 807.958 52.810 235.558 -0.736380 78.091 0 57.126 1 1.000000
6877 807.958 52.810 235.558 -0.736380 78.091 0 57.126 1 1.000000
6878 807.930 52.815 235.555 -0.709081 78.111 0 57.118 1 1.000000
6879 807.930 52.815 235.555 -0.709081 78.111 0 57.118 1 1.000000
6880 807.901 52.819 235.553 -0.682193 78.126 0 57.108 1 1.000000
6881 807.872 52.823 235.553 -0.655833 78.136 0 57.097 1 1.000000
6882 807.872 52.823 235.553 -0.655833 78.136 0 57.097 1 1.000000
6883 807.843 52.827 235.555 -0.630136 78.140 0 57.084 1 1.000000
6884 807.843 52.827 235.555 -0.630136 78.140 0 57.084 1 1.000000
6885 807.843 52.827 235.555 -0.630136 78.140 0 57.084 1 1.000000
6886 807.814 52.831 235.558 -0.605165 78.138 0 63.344 1 1.000000
6887 807.785 52.835 235.562 -0.580936 78.132 0 63.373 1 1.000000
6888 807.757 52.839 235.569 -0.557569 78.119 0 63.401 1 1.000000
6889 807.757 52.839 235.569 -0.557569 78.119 0 63.401 1 1.000000
6890 807.728 52.842 235.576 -0.535070 78.101 0 63.430 1 1.000000
6891 807.728 52.842 235.576 -0.535070 78.101 0 63.430 1 1.000000
6892 807.705 52.850 235.587 -0.517670 78.072 0 63.457 1 1.000000
6893 807.705 52.850 235.587 -0.517670 78.072 0 63.457 1 1.000000
6894 807.689 52.861 235.600 -0.509025 78.031 0 63.478 1 1.000000
6895 807.689 52.861 235.600 -0.509025 78.031 0 63.478 1 1.000000
6896 807.673 52.871 235.613 -0.499543 77.989 0 63.500 1 1.000000
6897 807.655 52.880 235.627 -0.489037 77.947 0 63.524 1 1.000000
6898 807.655 52.880 235.627 -0.489037 77.947 0 63.524 1 1.000000
6899 807.636 52.889 235.641 -0.477303 77.903 0 63.548 1 1.000000
6900 807.636 52.889 235.641 -0.477303 77.903 0 63.548 1 1.000000
6901 807.616 52.896 235.655 -0.464322 77.860 0 63.574 1 1.000000
6902 807.616 52.896 235.655 -0.464322 77.860 0 63.574 1 1.000000
6903 807.616 52.896 235.655 -0.464322 77.860 0 63.574 1 1.000000
6904 807.594 52.903 235.669 -0.449964 77.817 0 63.601 1 1.000000
6905 807.570 52.908 235.683 -0.434499 77.776 0 63.628 1 1.000000
6906 807.570 52.908 235.683 -0.434499 77.776 0 63.628 1 1.000000
6907 807.570 52.908 235.683 -0.434499 77.776 0 63.628 1 1.000000
6908 807.548 52.914 235.697 -0.419528 77.733 0 63.655 1 1.000000
6909 807.548 52.914 235.697 -0.419528 77.733 0 63.655 1 1.000000
6910 807.525 52.920 235.711 -0.404561 77.690 0 63.683 1 1.000000
6911 807.525 52.920 235.711 -0.404561 77.690 0 63.683 1 1.000000
6912 807.502 52.926 235.725 -0.389589 77.647 0 63.710 1 1.000000
6913 807.502 52.926 235.725 -0.389589 77.647 0 63.710 1 1.000000
6914 807.479 52.932 235.739 -0.374611 77.604 0 63.737 1 1.000000
6915 807.479 52.932 235.739 -0.374611 77.604 0 63.737 1 1.000000
6916 807.456 52.938 235.753 -0.359582 77.561 0 63.765 1 1.000000
6917 807.456 52.938 235.753 -0.359582 77.561 0 63.765 1 1.000000
6918 807.433 52.944 235.768 -0.344604 77.518 0 63.792 1 1.000000
6919 807.433 52.944 235.768 -0.344604 77.518 0 63.792 1 1.000000
6920 807.411 52.951 235.782 -0.329574 77.476 0 63.819 1 1.000000
6921 807.411 52.951 235.782 -0.329574 77.476 0 63.819 1 1.000000
6922 807.388 52.957 235.796 -0.314539 77.433 0 63.847 1 1.000000
6923 807.365 52.963 235.810 -0.299567 77.390 0 63.874 1 1.000000
6924 807.365 52.963 235.810 -0.299567 77.390 0 63.874 1 1.000000
6925 807.323 52.978 235.829 -0.269711 77.334 0 63.922 1 1.000000
6926 807.323 52.978 235.829 -0.269711 77.334 0 63.922 1 1.000000
6927 807.320 52.976 235.852 -0.275948 77.255 0 63.934 1 1.000000
6928 807.320 52.976 235.852 -0.275948 77.255 0 63.934 1 1.000000
6929 807.311 52.974 235.870 -0.275031 77.191 0 63.949 1 1.000000
6930 807.311 52.974 235.870 -0.275031 77.191 0 63.949 1 1.000000
6931 807.302 52.969 235.890 -0.275212 77.125 0 63.963 1 1.000000
6932 807.302 52.969 235.890 -0.275212 77.125 0 63.963 1 1.000000
6933 807.294 52.963 235.909 -0.276366 77.057 0 63.977 1 1.000000
6934 807.294 52.963 235.909 -0.276366 77.057 0 63.977 1 1.000000
6935 807.288 52.954 235.929 -0.278623 76.987 0 63.989 1 1.000000
6936 807.282 52.942 235.950 -0.281915 76.915 0 64.000 1 1.000000
6937 807.277 52.929 235.971 -0.286512 76.841 0 64.010 1 1.000000
6938 807.277 52.911 235.992 -0.295200 76.767 0 64.014 1 1.000000
6939 807.277 52.911 235.992 -0.295200 76.767 0 64.014 1 1.000000
6940 807.278 52.891 236.013 -0.304657 76.692 0 64.017 1 1.000000
6941 807.278 52.891 236.013 -0.304657 76.692 0 64.017 1 1.000000
6942 807.285 52.881 236.031 -0.319016 76.624 0 64.016 1 1.000000
6943 807.285 52.881 236.031 -0.319016 76.624 0 64.016 1 1.000000
6944 807.273 52.888 236.044 -0.312943 76.582 0 64.034 1 1.000000
6945 807.268 52.886 236.057 -0.313778 76.536 0 64.043 1 1.000000
6946 807.268 52.886 236.057 -0.313778 76.536 0 64.043 1 1.000000
6947 807.266 52.881 236.071 -0.317638 76.487 0 64.050 1 1.000000
6948 807.265 52.875 236.086 -0.323092 76.434 0 64.055 1 1.000000
6949 807.265 52.875 236.086 -0.323092 76.434 0 64.055 1 1.000000
6950 807.265 52.875 236.086 -0.323092 76.434 0 64.055 1 1.000000
6951 807.260 52.883 236.101 -0.323888 76.384 0 64.068 1 1.000000
6952 807.260 52.883 236.101 -0.323888 76.384 0 64.068 1 1.000000
6953 807.254 52.880 236.114 -0.324718 76.339 0 64.077 1 1.000000
6954 807.252 52.875 236.128 -0.328515 76.291 0 64.084 1 1.000000
6955 807.252 52.875 236.128 -0.328515 76.291 0 64.084 1 1.000000
6956 807.251 52.868 236.142 -0.333067 76.241 0 56.316 1 1.000000
6957 807.251 52.868 236.142 -0.333067 76.241 0 56.316 1 1.000000
6958 807.252 52.863 236.157 -0.340749 76.186 0 56.302 1 1.000000
6959 807.245 52.870 236.171 -0.339081 76.140 0 56.287 1 1.000000
6960 807.245 52.870 236.171 -0.339081 76.140 0 56.287 1 1.000000
6961 807.240 52.868 236.183 -0.339843 76.096 0 56.273 1 1.000000
6962 807.237 52.863 236.197 -0.343631 76.048 0 56.259 1 1.000000
6963 807.237 52.863 236.197 -0.343631 76.048 0 56.259 1 1.000000
6964 807.236 52.856 236.211 -0.348255 75.998 0 56.245 1 1.000000
6965 807.234 52.851 236.227 -0.353228 75.943 0 56.230 1 1.000000
6966 807.234 52.851 236.227 -0.353228 75.943 0 56.230 1 1.000000
6967 807.228 52.857 236.242 -0.353495 75.894 0 56.215 1 1.000000
6968 807.228 52.857 236.242 -0.353495 75.894 0 56.215 1 1.000000
6969 807.223 52.855 236.255 -0.354522 75.848 0 56.200 1 1.000000
6970 807.221 52.850 236.269 -0.357846 75.800 0 56.186 1 1.000000
6971 807.221 52.850 236.269 -0.357846 75.800 0 56.186 1 1.000000
6972 807.219 52.842 236.283 -0.361929 75.751 0 56.172 1 1.000000
6973 807.212 52.842 236.312 -0.367745 75.650 0 56.143 1 1.000000
6974 807.212 52.842 236.312 -0.367745 75.650 0 56.143 1 1.000000
6975 807.207 52.839 236.325 -0.368705 75.605 0 56.129 1 1.000000
6976 807.207 52.839 236.325 -0.368705 75.605 0 56.129 1 1.000000
6977 807.205 52.834 236.338 -0.371961 75.558 0 56.115 1 1.000000
6978 807.205 52.834 236.338 -0.371961 75.558 0 56.115 1 1.000000
6979 807.203 52.827 236.352 -0.376045 75.511 0 56.101 1 1.000000
6980 807.203 52.821 236.367 -0.382459 75.458 0 56.087 1 1.000000
6981 807.203 52.821 236.367 -0.382459 75.458 0 56.087 1 1.000000
6982 807.196 52.827 236.381 -0.381672 75.411 0 56.072 1 1.000000
6983 807.196 52.827 236.381 -0.381672 75.411 0 56.072 1 1.000000
6984 807.191 52.824 236.393 -0.382502 75.368 0 56.058 1 1.000000
6985 807.189 52.819 236.407 -0.385758 75.322 0 56.045 1 1.000000
6986 807.189 52.819 236.407 -0.385758 75.322 0 56.045 1 1.000000
6987 807.189 52.819 236.407 -0.385758 75.322 0 56.045 1 1.000000
6988 807.187 52.812 236.420 -0.389832 75.276 0 56.031 1 1.000000
6989 807.187 52.806 236.435 -0.396265 75.223 0 56.017 1 1.000000
6990 807.187 52.806 236.435 -0.396265 75.223 0 56.017 1 1.000000
6991 807.180 52.812 236.448 -0.395344 75.178 0 56.003 1 1.000000
6992 807.176 52.810 236.461 -0.396101 75.136 0 55.989 1 1.000000
6993 807.176 52.810 236.461 -0.396101 75.136 0 55.989 1 1.000000
6994 807.173 52.804 236.474 -0.399357 75.091 0 55.976 1 1.000000
6995 807.173 52.804 236.474 -0.399357 75.091 0 55.976 1 1.000000
6996 807.173 52.804 236.474 -0.399357 75.091 0 55.976 1 1.000000
6997 807.172 52.797 236.487 -0.403300 75.046 0 55.963 1 1.000000
6998 807.172 52.791 236.501 -0.409801 74.994 0 55.949 1 1.000000
6999 807.172 52.791 236.501 -0.409801 74.994 0 55.949 1 1.000000
7000 807.165 52.798 236.514 -0.408681 74.950 0 55.935 1 1.000000
7001 807.165 52.798 236.514 -0.408681 74.950 0 55.935 1 1.000000
7002 807.160 52.795 236.526 -0.409376 74.909 0 55.922 1 1.000000
7003 807.160 52.795 236.526 -0.409376 74.909 0 55.922 1 1.000000
7004 807.158 52.790 236.539 -0.412622 74.865 0 55.909 1 1.000000
7005 807.158 52.790 236.539 -0.412622 74.865 0 55.909 1 1.000000
7006 807.156 52.783 236.552 -0.416503 74.821 0 55.896 1 1.000000
7007 807.156 52.783 236.552 -0.416503 74.821 0 55.896 1 1.000000
7008 807.156 52.783 236.552 -0.416503 74.821 0 55.896 1 1.000000
7009 807.157 52.777 236.566 -0.423077 74.771 0 55.882 1 1.000000
7010 807.150 52.784 236.579 -0.421763 74.728 0 55.869 1 1.000000
7011 807.150 52.784 236.579 -0.421763 74.728 0 55.869 1 1.000000
7012 807.145 52.781 236.591 -0.422385 74.688 0 55.856 1 1.000000
7013 807.145 52.781 236.591 -0.422385 74.688 0 55.856 1 1.000000
7014 807.143 52.776 236.603 -0.425564 74.645 0 55.843 1 1.000000
7015 807.143 52.776 236.603 -0.425564 74.645 0 55.843 1 1.000000
7016 807.141 52.770 236.619 -0.430476 74.591 0 55.827 1 1.000000
7017 807.141 52.770 236.619 -0.430476 74.591 0 55.827 1 1.000000
7018 807.135 52.778 236.632 -0.429931 74.547 0 55.814 1 1.000000
7019 807.135 52.778 236.632 -0.429931 74.547 0 55.814 1 1.000000
7020 807.135 52.778 236.632 -0.429931 74.547 0 55.814 1 1.000000
7021 807.128 52.775 236.645 -0.429157 74.502 0 55.799 1 1.000000
7022 807.124 52.770 236.659 -0.430753 74.455 0 55.784 1 1.000000
7023 807.124 52.770 236.659 -0.430753 74.455 0 55.784 1 1.000000
7024 807.121 52.766 236.675 -0.434672 74.402 0 55.768 1 1.000000
7025 807.121 52.766 236.675 -0.434672 74.402 0 55.768 1 1.000000
7026 807.113 52.774 236.688 -0.432470 74.357 0 55.753 1 1.000000
7027 807.113 52.774 236.688 -0.432470 74.357 0 55.753 1 1.000000
7028 807.106 52.771 236.701 -0.431629 74.312 0 55.738 1 1.000000
7029 807.106 52.771 236.701 -0.431629 74.312 0 55.738 1 1.000000
7030 807.101 52.766 236.716 -0.433432 74.263 0 55.723 1 1.000000
7031 807.099 52.763 236.731 -0.437497 74.210 0 55.707 1 1.000000
7032 807.099 52.763 236.731 -0.437497 74.210 0 55.707 1 1.000000
7033 807.099 52.763 236.731 -0.437497 74.210 0 55.707 1 1.000000
7034 807.090 52.770 236.744 -0.435154 74.167 0 55.693 1 1.000000
7035 807.083 52.767 236.757 -0.434250 74.123 0 55.678 1 1.000000
7036 807.083 52.767 236.757 -0.434250 74.123 0 55.678 1 1.000000
7037 807.079 52.762 236.771 -0.436111 74.075 0 55.663 1 1.000000
7038 807.054 52.754 236.841 -0.442670 73.838 0 55.589 1 1.000000
7039 807.054 52.754 236.841 -0.442670 73.838 0 55.589 1 1.000000
7040 807.050 52.761 236.853 -0.443368 73.799 0 55.577 1 1.000000
7041 807.050 52.761 236.853 -0.443368 73.799 0 55.577 1 1.000000
7042 807.045 52.759 236.863 -0.442730 73.765 0 55.566 1 1.000000
7043 807.044 52.754 236.874 -0.446402 73.726 0 55.554 1 1.000000
7044 807.044 52.754 236.874 -0.446402 73.726 0 55.554 1 1.000000
7045 807.044 52.754 236.874 -0.446402 73.726 0 55.554 1 1.000000
7046 807.044 52.748 236.886 -0.451323 73.686 0 55.543 1 1.000000
7047 807.040 52.755 236.897 -0.452547 73.647 0 55.532 1 1.000000
7048 807.040 52.755 236.897 -0.452547 73.647 0 55.532 1 1.000000
7049 807.035 52.753 236.907 -0.451846 73.614 0 55.521 1 1.000000
7050 807.035 52.753 236.907 -0.451846 73.614 0 55.521 1 1.000000
7051 807.035 52.753 236.907 -0.451846 73.614 0 55.521 1 1.000000
7052 807.034 52.748 236.918 -0.455514 73.576 0 55.510 1 1.000000
7053 807.034 52.748 236.918 -0.455514 73.576 0 55.510 1 1.000000
7054 807.034 52.742 236.930 -0.460367 73.536 0 55.499 1 1.000000
7055 807.034 52.742 236.930 -0.460367 73.536 0 55.499 1 1.000000
7056 807.030 52.749 236.941 -0.461596 73.498 0 55.488 1 1.000000
7057 807.025 52.747 236.951 -0.460827 73.465 0 55.477 1 1.000000
7058 807.025 52.747 236.951 -0.460827 73.465 0 55.477 1 1.000000
7059 807.024 52.742 236.962 -0.464427 73.428 0 55.466 1 1.000000
7060 807.024 52.742 236.962 -0.464427 73.428 0 55.466 1 1.000000
7061 807.024 52.736 236.973 -0.469280 73.390 0 55.455 1 1.000000
7062 807.024 52.736 236.973 -0.469280 73.390 0 55.455 1 1.000000
7063 807.020 52.743 236.984 -0.470508 73.352 0 55.444 1 1.000000
7064 807.020 52.743 236.984 -0.470508 73.352 0 55.444 1 1.000000
7065 807.015 52.741 236.994 -0.469672 73.320 0 55.433 1 1.000000
7066 807.015 52.741 236.994 -0.469672 73.320 0 55.433 1 1.000000
7067 807.014 52.737 237.004 -0.473272 73.284 0 55.423 1 1.000000
7068 807.014 52.737 237.004 -0.473272 73.284 0 55.423 1 1.000000
7069 807.015 52.730 237.015 -0.478120 73.246 0 55.412 1 1.000000
7070 807.015 52.730 237.015 -0.478120 73.246 0 55.412 1 1.000000
7071 807.015 52.730 237.015 -0.478120 73.246 0 55.412 1 1.000000
7072 807.011 52.738 237.026 -0.479222 73.209 0 55.402 1 1.000000
7073 807.006 52.735 237.036 -0.478382 73.178 0 55.391 1 1.000000
7074 807.006 52.735 237.036 -0.478382 73.178 0 55.391 1 1.000000
7075 807.005 52.731 237.046 -0.481976 73.142 0 55.381 1 1.000000
7076 807.005 52.731 237.046 -0.481976 73.142 0 55.381 1 1.000000
7077 807.005 52.725 237.057 -0.486767 73.105 0 55.370 1 1.000000
7078 807.005 52.725 237.057 -0.486767 73.105 0 55.370 1 1.000000
7079 807.002 52.732 237.068 -0.487796 73.069 0 55.360 1 1.000000
7080 806.997 52.730 237.077 -0.486951 73.039 0 55.349 1 1.000000
7081 806.997 52.730 237.077 -0.486951 73.039 0 55.349 1 1.000000
7082 806.996 52.725 237.087 -0.490482 73.004 0 55.339 1 1.000000
7083 806.996 52.725 237.087 -0.490482 73.004 0 55.339 1 1.000000
7084 806.996 52.719 237.098 -0.495273 72.968 0 55.329 1 1.000000
7085 806.993 52.726 237.108 -0.496176 72.932 0 55.319 1 1.000000
7086 806.993 52.726 237.108 -0.496176 72.932 0 55.319 1 1.000000
7087 806.987 52.724 237.117 -0.495263 72.903 0 55.308 1 1.000000
7088 806.987 52.724 237.117 -0.495263 72.903 0 55.308 1 1.000000
7089 806.987 52.720 237.127 -0.498790 72.868 0 55.298 1 1.000000
7090 806.987 52.714 237.138 -0.503586 72.833 0 55.289 1 1.000000
7091 806.987 52.714 237.138 -0.503586 72.833 0 55.289 1 1.000000
7092 806.984 52.721 237.148 -0.504421 72.798 0 55.279 1 1.000000
7093 806.984 52.721 237.148 -0.504421 72.798 0 55.279 1 1.000000
7094 806.979 52.719 237.157 -0.503503 72.769 0 55.268 1 1.000000
7095 806.979 52.719 237.157 -0.503503 72.769 0 55.268 1 1.000000
7096 806.978 52.714 237.166 -0.506968 72.736 0 55.259 1 1.000000
7097 806.978 52.714 237.166 -0.506968 72.736 0 55.259 1 1.000000
7098 806.979 52.708 237.177 -0.511764 72.700 0 55.249 1 1.000000
7099 806.979 52.708 237.177 -0.511764 72.700 0 55.249 1 1.000000
7100 806.975 52.716 237.187 -0.512530 72.667 0 55.239 1 1.000000
7101 806.970 52.713 237.195 -0.511482 72.638 0 55.229 1 1.000000
7102 806.970 52.713 237.195 -0.511482 72.638 0 55.229 1 1.000000
7103 806.969 52.709 237.205 -0.514942 72.606 0 55.220 1 1.000000
7104 806.970 52.703 237.215 -0.519738 72.571 0 55.210 1 1.000000
7105 806.970 52.703 237.215 -0.519738 72.571 0 55.210 1 1.000000
7106 806.966 52.710 237.225 -0.520504 72.538 0 55.200 1 1.000000
7107 806.966 52.710 237.225 -0.520504 72.538 0 55.200 1 1.000000
7108 806.961 52.708 237.233 -0.519393 72.510 0 55.191 1 1.000000
7109 806.961 52.708 237.233 -0.519393 72.510 0 55.191 1 1.000000
7110 806.961 52.704 237.243 -0.522785 72.478 0 55.181 1 1.000000
7111 806.961 52.704 237.243 -0.522785 72.478 0 55.181 1 1.000000
7112 806.962 52.698 237.253 -0.527586 72.444 0 55.172 1 1.000000
7113 806.958 52.705 237.262 -0.528216 72.412 0 55.163 1 1.000000
7114 806.953 52.699 237.280 -0.530493 72.354 0 55.144 1 1.000000
7115 806.953 52.699 237.280 -0.530493 72.354 0 55.144 1 1.000000
7116 806.953 52.693 237.290 -0.535294 72.320 0 55.135 1 1.000000
7117 806.953 52.693 237.290 -0.535294 72.320 0 55.135 1 1.000000
7118 806.950 52.700 237.299 -0.535852 72.289 0 55.125 1 1.000000
7119 806.950 52.700 237.299 -0.535852 72.289 0 55.125 1 1.000000
7120 806.945 52.698 237.307 -0.534741 72.263 0 55.116 1 1.000000
7121 806.945 52.698 237.307 -0.534741 72.263 0 55.116 1 1.000000
7122 806.944 52.694 237.316 -0.538066 72.232 0 55.107 1 1.000000
7123 806.945 52.688 237.326 -0.542867 72.199 0 55.098 1 1.000000
7124 806.945 52.688 237.326 -0.542867 72.199 0 55.098 1 1.000000
7125 806.942 52.695 237.335 -0.543303 72.168 0 55.089 1 1.000000
7126 806.942 52.695 237.335 -0.543303 72.168 0 55.089 1 1.000000
7127 806.937 52.693 237.343 -0.542120 72.142 0 55.080 1 1.000000
7128 806.936 52.689 237.352 -0.545445 72.112 0 55.071 1 1.000000
7129 806.936 52.689 237.352 -0.545445 72.112 0 55.071 1 1.000000
7130 806.936 52.689 237.352 -0.545445 72.112 0 55.071 1 1.000000
7131 806.937 52.683 237.361 -0.550188 72.080 0 55.062 1 1.000000
7132 806.934 52.691 237.370 -0.550677 72.050 0 55.053 1 1.000000
7133 806.934 52.691 237.370 -0.550677 72.050 0 55.053 1 1.000000
7134 806.929 52.688 237.378 -0.549364 72.025 0 55.044 1 1.000000
7135 806.929 52.688 237.378 -0.549364 72.025 0 55.044 1 1.000000
7136 806.929 52.684 237.387 -0.552689 71.995 0 55.036 1 1.000000
7137 806.930 52.678 237.396 -0.557427 71.964 0 55.027 1 1.000000
7138 806.930 52.678 237.396 -0.557427 71.964 0 55.027 1 1.000000
7139 806.926 52.686 237.405 -0.557790 71.934 0 55.018 1 1.000000
7140 806.926 52.686 237.405 -0.557790 71.934 0 55.018 1 1.000000
7141 806.921 52.684 237.412 -0.556535 71.910 0 55.010 1 1.000000
7142 806.921 52.684 237.412 -0.556535 71.910 0 55.010 1 1.000000
7143 806.921 52.679 237.421 -0.559797 71.881 0 55.001 1 1.000000
7144 806.921 52.679 237.421 -0.559797 71.881 0 55.001 1 1.000000
7145 806.922 52.674 237.430 -0.564540 71.850 0 54.993 1 1.000000
7146 806.922 52.674 237.430 -0.564540 71.850 0 54.993 1 1.000000
7147 806.918 52.681 237.439 -0.564835 71.821 0 54.984 1 1.000000
7148 806.918 52.681 237.439 -0.564835 71.821 0 54.984 1 1.000000
7149 806.918 52.681 237.439 -0.564835 71.821 0 54.984 1 1.000000
7150 806.914 52.679 237.446 -0.563455 71.798 0 54.975 1 1.000000
7151 806.913 52.675 237.454 -0.566770 71.769 0 54.967 1 1.000000
7152 806.913 52.675 237.454 -0.566770 71.769 0 54.967 1 1.000000
7153 806.915 52.669 237.463 -0.571513 71.739 0 54.959 1 1.000000
7154 806.915 52.669 237.463 -0.571513 71.739 0 54.959 1 1.000000
7155 806.911 52.677 237.472 -0.571682 71.711 0 54.951 1 1.000000
7156 806.906 52.675 237.479 -0.570297 71.688 0 54.942 1 1.000000
7157 806.906 52.675 237.479 -0.570297 71.688 0 54.942 1 1.000000
7158 806.906 52.670 237.487 -0.573544 71.660 0 54.934 1 1.000000
7159 806.906 52.670 237.487 -0.573544 71.660 0 54.934 1 1.000000
7160 806.907 52.665 237.496 -0.578297 71.630 0 54.926 1 1.000000
7161 806.907 52.665 237.496 -0.578297 71.630 0 54.926 1 1.000000
7162 806.907 52.665 237.496 -0.578297 71.630 0 54.926 1 1.000000
7163 806.904 52.672 237.504 -0.578456 71.602 0 54.918 1 1.000000
7164 806.899 52.670 237.511 -0.577004 71.580 0 54.909 1 1.000000
7165 806.899 52.670 237.511 -0.577004 71.580 0 54.909 1 1.000000
7166 806.899 52.666 237.519 -0.580256 71.553 0 54.901 1 1.000000
7167 806.899 52.666 237.519 -0.580256 71.553 0 54.901 1 1.000000
7168 806.900 52.660 237.528 -0.584941 71.524 0 54.894 1 1.000000
7169 806.897 52.668 237.536 -0.585032 71.496 0 54.886 1 1.000000
7170 806.897 52.668 237.536 -0.585032 71.496 0 54.886 1 1.000000
7171 806.892 52.666 237.543 -0.583580 71.475 0 54.877 1 1.000000
7172 806.892 52.666 237.543 -0.583580 71.475 0 54.877 1 1.000000
7173 806.892 52.661 237.551 -0.586765 71.448 0 54.870 1 1.000000
7174 806.892 52.661 237.551 -0.586765 71.448 0 54.870 1 1.000000
7175 806.892 52.661 237.551 -0.586765 71.448 0 54.870 1 1.000000
7176 806.893 52.656 237.559 -0.591527 71.420 0 54.862 1 1.000000
7177 806.890 52.664 237.566 -0.591227 71.396 0 54.855 1 1.000000
7178 806.890 52.664 237.566 -0.591227 71.396 0 54.855 1 1.000000
7179 806.885 52.662 237.573 -0.589635 71.375 0 54.847 1 1.000000
7180 806.885 52.662 237.573 -0.589635 71.375 0 54.847 1 1.000000
7181 806.885 52.658 237.580 -0.592820 71.349 0 54.839 1 1.000000
7182 806.885 52.658 237.580 -0.592820 71.349 0 54.839 1 1.000000
7183 806.886 52.655 237.592 -0.598614 71.311 0 54.829 1 1.000000
7184 806.886 52.655 237.592 -0.598614 71.311 0 54.829 1 1.000000
7185 806.881 52.663 237.598 -0.596586 71.290 0 54.822 1 1.000000
7186 806.881 52.663 237.598 -0.596586 71.290 0 54.822 1 1.000000
7187 806.876 52.660 237.605 -0.594927 71.268 0 54.814 1 1.000000
7188 806.876 52.660 237.605 -0.594927 71.268 0 54.814 1 1.000000
7189 806.876 52.656 237.613 -0.597783 71.242 0 54.806 1 1.000000
7190 806.876 52.656 237.613 -0.597783 71.242 0 54.806 1 1.000000
7191 806.877 52.654 237.624 -0.603278 71.205 0 54.796 1 1.000000
7192 806.877 52.654 237.624 -0.603278 71.205 0 54.796 1 1.000000
7193 806.870 52.662 237.631 -0.599720 71.180 0 54.788 1 1.000000
7194 806.870 52.662 237.631 -0.599720 71.180 0 54.788 1 1.000000
7195 806.863 52.659 237.640 -0.597473 71.152 0 54.777 1 1.000000
7196 806.863 52.659 237.640 -0.597473 71.152 0 54.777 1 1.000000
7197 806.862 52.655 237.650 -0.600093 71.119 0 54.767 1 1.000000
7198 806.862 52.655 237.650 -0.600093 71.119 0 54.767 1 1.000000
7199 806.858 52.663 237.659 -0.600065 71.089 0 54.758 1 1.000000
7200 806.858 52.663 237.659 -0.600065 71.089 0 54.758 1 1.000000
7201 806.852 52.661 237.667 -0.597886 71.062 0 54.748 1 1.000000
7202 806.850 52.656 237.677 -0.600352 71.029 0 54.737 1 1.000000
7203 806.850 52.656 237.677 -0.600352 71.029 0 54.737 1 1.000000
7204 806.850 52.654 237.688 -0.605239 70.993 0 54.727 1 1.000000
7205 806.836 52.655 237.714 -0.602888 70.907 0 54.698 1 1.000000
7206 806.836 52.655 237.714 -0.602888 70.907 0 54.698 1 1.000000
7207 806.838 52.652 237.722 -0.607968 70.879 0 54.691 1 1.000000
7208 806.838 52.652 237.722 -0.607968 70.879 0 54.691 1 1.000000
7209 806.833 52.658 237.730 -0.606537 70.855 0 54.683 1 1.000000
7210 806.833 52.658 237.730 -0.606537 70.855 0 54.683 1 1.000000
7211 806.829 52.655 237.736 -0.605346 70.834 0 54.675 1 1.000000
7212 806.829 52.655 237.736 -0.605346 70.834 0 54.675 1 1.000000
7213 806.829 52.651 237.743 -0.608410 70.809 0 54.668 1 1.000000
7214 806.829 52.651 237.743 -0.608410 70.809 0 54.668 1 1.000000
7215 806.830 52.648 237.752 -0.613428 70.781 0 54.661 1 1.000000
7216 806.830 52.648 237.752 -0.613428 70.781 0 54.661 1 1.000000
7217 806.826 52.654 237.759 -0.612122 70.758 0 54.653 1 1.000000
7218 806.826 52.654 237.759 -0.612122 70.758 0 54.653 1 1.000000
7219 806.821 52.652 237.765 -0.610806 70.738 0 54.646 1 1.000000
7220 806.821 52.652 237.765 -0.610806 70.738 0 54.646 1 1.000000
7221 806.822 52.647 237.772 -0.613933 70.713 0 54.639 1 1.000000
7222 806.822 52.647 237.772 -0.613933 70.713 0 54.639 1 1.000000
7223 806.823 52.644 237.781 -0.618888 70.686 0 54.631 1 1.000000
7224 806.823 52.644 237.781 -0.618888 70.686 0 54.631 1 1.000000
7225 806.819 52.650 237.788 -0.617509 70.663 0 54.624 1 1.000000
7226 806.819 52.650 237.788 -0.617509 70.663 0 54.624 1 1.000000
7227 806.815 52.648 237.794 -0.616193 70.644 0 54.617 1 1.000000
7228 806.815 52.648 237.794 -0.616193 70.644 0 54.617 1 1.000000
7229 806.815 52.644 237.801 -0.619378 70.620 0 54.610 1 1.000000
7230 806.815 52.644 237.801 -0.619378 70.620 0 54.610 1 1.000000
7231 806.816 52.640 237.809 -0.624333 70.593 0 54.603 1 1.000000
7232 806.816 52.640 237.809 -0.624333 70.593 0 54.603 1 1.000000
7233 806.812 52.647 237.816 -0.622833 70.571 0 54.595 1 1.000000
7234 806.808 52.644 237.822 -0.621518 70.552 0 54.588 1 1.000000
7235 806.808 52.644 237.822 -0.621518 70.552 0 54.588 1 1.000000
7236 806.808 52.640 237.829 -0.624630 70.528 0 54.581 1 1.000000
7237 806.808 52.640 237.829 -0.624630 70.528 0 54.581 1 1.000000
7238 806.810 52.637 237.837 -0.629590 70.502 0 54.574 1 1.000000
7239 806.810 52.637 237.837 -0.629590 70.502 0 54.574 1 1.000000
7240 806.805 52.643 237.843 -0.628085 70.480 0 54.567 1 1.000000
7241 806.805 52.643 237.843 -0.628085 70.480 0 54.567 1 1.000000
7242 806.801 52.641 237.849 -0.626702 70.462 0 54.560 1 1.000000
7243 806.801 52.641 237.849 -0.626702 70.462 0 54.560 1 1.000000
7244 806.801 52.637 237.856 -0.629820 70.453 0 54.554 1 1.000000
7245 806.803 52.633 237.864 -0.634774 70.452 0 54.547 1 1.000000
7246 806.803 52.633 237.864 -0.634774 70.452 0 54.547 1 1.000000
7247 806.799 52.640 237.870 -0.633206 70.452 0 54.540 1 1.000000
7248 806.799 52.640 237.870 -0.633206 70.452 0 54.540 1 1.000000
7249 806.795 52.637 237.876 -0.631814 70.451 0 54.533 1 1.000000
7250 806.795 52.637 237.876 -0.631814 70.451 0 54.533 1 1.000000
7251 806.795 52.633 237.882 -0.634873 70.451 0 54.526 1 1.000000
7252 806.795 52.633 237.882 -0.634873 70.451 0 54.526 1 1.000000
7253 806.797 52.630 237.890 -0.639828 70.450 0 54.520 1 1.000000
7254 806.797 52.630 237.890 -0.639828 70.450 0 54.520 1 1.000000
7255 806.792 52.636 237.896 -0.638197 70.449 0 54.513 1 1.000000
7256 806.788 52.634 237.902 -0.636805 70.449 0 54.506 1 1.000000
7257 806.788 52.630 237.908 -0.639792 70.448 0 54.500 1 1.000000
7258 806.788 52.630 237.908 -0.639792 70.448 0 54.500 1 1.000000
7259 806.791 52.626 237.916 -0.644819 70.447 0 54.494 1 1.000000
7260 806.791 52.626 237.916 -0.644819 70.447 0 54.494 1 1.000000
7261 806.786 52.633 237.922 -0.643053 70.447 0 54.487 1 1.000000
7262 806.786 52.633 237.922 -0.643053 70.447 0 54.487 1 1.000000
7263 806.782 52.631 237.927 -0.641660 70.446 0 54.480 1 1.000000
7264 806.782 52.631 237.927 -0.641660 70.446 0 54.480 1 1.000000
7265 806.782 52.626 237.934 -0.644648 70.445 0 54.474 1 1.000000
7266 806.782 52.626 237.934 -0.644648 70.445 0 54.474 1 1.000000
7267 806.784 52.623 237.941 -0.649611 70.445 0 54.468 1 1.000000
7268 806.784 52.623 237.941 -0.649611 70.445 0 54.468 1 1.000000
7269 806.780 52.630 237.947 -0.647903 70.444 0 54.461 1 1.000000
7270 806.780 52.630 237.947 -0.647903 70.444 0 54.461 1 1.000000
7271 806.776 52.627 237.952 -0.646444 70.444 0 54.455 1 1.000000
7272 806.776 52.627 237.952 -0.646444 70.444 0 54.455 1 1.000000
7273 806.776 52.623 237.959 -0.649431 70.443 0 54.449 1 1.000000
7274 806.776 52.623 237.959 -0.649431 70.443 0 54.449 1 1.000000
7275 806.778 52.620 237.966 -0.654395 70.442 0 54.442 1 1.000000
7276 806.774 52.626 237.972 -0.652619 70.442 0 54.436 1 1.000000
7277 806.774 52.626 237.972 -0.652619 70.442 0 54.436 1 1.000000
7278 806.770 52.624 237.977 -0.651101 70.441 0 54.430 1 1.000000
7279 806.770 52.624 237.977 -0.651101 70.441 0 54.430 1 1.000000
7280 806.770 52.620 237.983 -0.654084 70.440 0 54.424 1 1.000000
7281 806.770 52.620 237.983 -0.654084 70.440 0 54.424 1 1.000000
7282 806.773 52.617 237.990 -0.659048 70.440 0 54.418 1 1.000000
7283 806.773 52.617 237.990 -0.659048 70.440 0 54.418 1 1.000000
7284 806.768 52.623 237.996 -0.657209 70.439 0 54.411 1 1.000000
7285 806.768 52.623 237.996 -0.657209 70.439 0 54.411 1 1.000000
7286 806.764 52.621 238.001 -0.655624 70.439 0 54.405 1 1.000000
7287 806.765 52.617 238.007 -0.658607 70.438 0 54.399 1 1.000000
7288 806.765 52.617 238.007 -0.658607 70.438 0 54.399 1 1.000000
7289 806.767 52.614 238.014 -0.663570 70.437 0 54.394 1 1.000000
7290 806.767 52.614 238.014 -0.663570 70.437 0 54.394 1 1.000000
7291 806.762 52.620 238.020 -0.661668 70.437 0 54.387 1 1.000000
7292 806.762 52.620 238.020 -0.661668 70.437 0 54.387 1 1.000000
7293 806.758 52.618 238.024 -0.660141 70.436 0 54.381 1 1.000000
7294 806.758 52.618 238.024 -0.660141 70.436 0 54.381 1 1.000000
7295 806.759 52.614 238.030 -0.663057 70.436 0 54.376 1 1.000000
7296 806.759 52.614 238.030 -0.663057 70.436 0 54.376 1 1.000000
7297 806.761 52.611 238.037 -0.668025 70.435 0 54.370 1 1.000000
7298 806.761 52.611 238.037 -0.668025 70.435 0 54.370 1 1.000000
7299 806.757 52.617 238.043 -0.666055 70.434 0 54.364 1 1.000000
7300 806.753 52.615 238.047 -0.664461 70.434 0 54.358 1 1.000000
7301 806.753 52.615 238.047 -0.664461 70.434 0 54.358 1 1.000000
7302 806.753 52.611 238.053 -0.667381 70.433 0 54.352 1 1.000000
7303 806.756 52.608 238.060 -0.672349 70.433 0 54.347 1 1.000000
7304 806.756 52.608 238.060 -0.672349 70.433 0 54.347 1 1.000000
7305 806.751 52.614 238.065 -0.670370 70.432 0 54.341 1 1.000000
7306 806.751 52.614 238.065 -0.670370 70.432 0 54.341 1 1.000000
7307 806.747 52.612 238.070 -0.668781 70.432 0 54.335 1 1.000000
7308 806.747 52.612 238.070 -0.668781 70.432 0 54.335 1 1.000000
7309 806.748 52.608 238.076 -0.671696 70.431 0 54.330 1 1.000000
7310 806.748 52.608 238.076 -0.671696 70.431 0 54.330 1 1.000000
7311 806.750 52.605 238.082 -0.676601 70.430 0 54.324 1 1.000000
7312 806.746 52.611 238.087 -0.674559 70.430 0 54.318 1 1.000000
7313 806.746 52.611 238.087 -0.674559 70.430 0 54.318 1 1.000000
7314 806.746 52.611 238.087 -0.674559 70.430 0 54.318 1 1.000000
7315 806.742 52.609 238.092 -0.672907 70.430 0 54.313 1 1.000000
7316 806.742 52.609 238.092 -0.672907 70.430 0 54.313 1 1.000000
7317 806.743 52.605 238.097 -0.675823 70.429 0 54.307 1 1.000000
7318 806.745 52.602 238.104 -0.680790 70.428 0 54.302 1 1.000000
7319 806.745 52.602 238.104 -0.680790 70.428 0 54.302 1 1.000000
7320 806.741 52.609 238.109 -0.678680 70.428 0 54.296 1 1.000000
7321 806.741 52.609 238.109 -0.678680 70.428 0 54.296 1 1.000000
7322 806.737 52.606 238.113 -0.676961 70.428 0 54.291 1 1.000000
7323 806.737 52.606 238.113 -0.676961 70.428 0 54.291 1 1.000000
7324 806.737 52.602 238.119 -0.679877 70.427 0 54.285 1 1.000000
7325 806.737 52.602 238.119 -0.679877 70.427 0 54.285 1 1.000000
7326 806.740 52.599 238.125 -0.684781 70.426 0 54.280 1 1.000000
7327 806.740 52.599 238.125 -0.684781 70.426 0 54.280 1 1.000000
7328 806.735 52.606 238.130 -0.682609 70.426 0 54.275 1 1.000000
7329 806.732 52.605 238.130 -0.679471 70.426 0 54.274 1 1.000000
7330 806.732 52.605 238.130 -0.679471 70.426 0 54.274 1 1.000000
7331 806.733 52.601 238.135 -0.682315 70.425 0 54.269 1 1.000000
7332 806.735 52.597 238.141 -0.686984 70.425 0 54.263 1 1.000000
7333 806.735 52.597 238.141 -0.686984 70.425 0 54.263 1 1.000000
7334 806.731 52.604 238.146 -0.685606 70.424 0 54.258 1 1.000000
7335 806.731 52.604 238.146 -0.685606 70.424 0 54.258 1 1.000000
7336 806.728 52.604 238.146 -0.682411 70.424 0 54.257 1 1.000000
7337 806.728 52.604 238.146 -0.682411 70.424 0 54.257 1 1.000000
7338 806.729 52.599 238.151 -0.685317 70.424 0 54.252 1 1.000000
7339 806.729 52.599 238.151 -0.685317 70.424 0 54.252 1 1.000000
7340 806.731 52.595 238.157 -0.689905 70.423 0 54.247 1 1.000000
7341 806.727 52.602 238.162 -0.688662 70.423 0 54.242 1 1.000000
7342 806.724 52.600 238.166 -0.686939 70.422 0 54.237 1 1.000000
7343 806.724 52.600 238.166 -0.686939 70.422 0 54.237 1 1.000000
7344 806.724 52.600 238.166 -0.686939 70.422 0 54.237 1 1.000000
7345 806.724 52.595 238.172 -0.689792 70.422 0 54.232 1 1.000000
7346 806.727 52.593 238.178 -0.694619 70.421 0 54.227 1 1.000000
7347 806.727 52.593 238.178 -0.694619 70.421 0 54.227 1 1.000000
7348 806.727 52.593 238.178 -0.694619 70.421 0 54.227 1 1.000000
7349 806.723 52.599 238.182 -0.692581 70.421 0 54.221 1 1.000000
7350 806.719 52.599 238.182 -0.689314 70.421 0 54.221 1 1.000000
7351 806.719 52.599 238.182 -0.689314 70.421 0 54.221 1 1.000000
7352 806.720 52.595 238.187 -0.692157 70.420 0 54.216 1 1.000000
7353 806.720 52.595 238.187 -0.692157 70.420 0 54.216 1 1.000000
7354 806.722 52.591 238.193 -0.696817 70.419 0 54.211 1 1.000000
7355 806.722 52.591 238.193 -0.696817 70.419 0 54.211 1 1.000000
7356 806.719 52.597 238.198 -0.695376 70.419 0 54.206 1 1.000000
7357 806.719 52.597 238.198 -0.695376 70.419 0 54.206 1 1.000000
7358 806.715 52.597 238.197 -0.692176 70.419 0 54.205 1 1.000000
7359 806.715 52.597 238.197 -0.692176 70.419 0 54.205 1 1.000000
7360 806.716 52.593 238.202 -0.694957 70.419 0 54.200 1 1.000000
7361 806.716 52.593 238.202 -0.694957 70.419 0 54.200 1 1.000000
7362 806.719 52.589 238.208 -0.699550 70.418 0 54.195 1 1.000000
7363 806.719 52.589 238.208 -0.699550 70.418 0 54.195 1 1.000000
7364 806.715 52.595 238.213 -0.698243 70.417 0 54.190 1 1.000000
7365 806.715 52.595 238.213 -0.698243 70.417 0 54.190 1 1.000000
7366 806.712 52.595 238.212 -0.695034 70.418 0 54.189 1 1.000000
7367 806.712 52.595 238.212 -0.695034 70.418 0 54.189 1 1.000000
7368 806.713 52.591 238.217 -0.697815 70.417 0 54.185 1 1.000000
7369 806.713 52.591 238.217 -0.697815 70.417 0 54.185 1 1.000000
7370 806.715 52.587 238.223 -0.702403 70.416 0 54.180 1 1.000000
7371 806.715 52.587 238.223 -0.702403 70.416 0 54.180 1 1.000000
7372 806.711 52.593 238.228 -0.701034 70.416 0 54.175 1 1.000000
7373 806.711 52.593 238.228 -0.701034 70.416 0 54.175 1 1.000000
7374 806.708 52.591 238.231 -0.699239 70.416 0 54.170 1 1.000000
7375 806.709 52.587 238.236 -0.702082 70.415 0 54.166 1 1.000000
7376 806.709 52.587 238.236 -0.702082 70.415 0 54.166 1 1.000000
7377 806.711 52.584 238.242 -0.706977 70.414 0 54.161 1 1.000000
7378 806.711 52.584 238.242 -0.706977 70.414 0 54.161 1 1.000000
7379 806.707 52.591 238.246 -0.704740 70.414 0 54.156 1 1.000000
7380 806.707 52.591 238.246 -0.704740 70.414 0 54.156 1 1.000000
7381 806.704 52.590 238.246 -0.701473 70.414 0 54.155 1 1.000000
7382 806.704 52.590 238.246 -0.701473 70.414 0 54.155 1 1.000000
7383 806.705 52.586 238.251 -0.704254 70.414 0 54.151 1 1.000000
7384 806.705 52.586 238.251 -0.704254 70.414 0 54.151 1 1.000000
7385 806.707 52.583 238.256 -0.708910 70.413 0 54.146 1 1.000000
7386 806.700 52.589 238.260 -0.704071 70.413 0 54.141 1 1.000000
7387 806.700 52.589 238.260 -0.704071 70.413 0 54.141 1 1.000000
7388 806.701 52.585 238.265 -0.706847 70.412 0 54.136 1 1.000000
7389 806.701 52.585 238.265 -0.706847 70.412 0 54.136 1 1.000000
7390 806.703 52.581 238.270 -0.711381 70.412 0 54.132 1 1.000000
7391 806.703 52.581 238.270 -0.711381 70.412 0 54.132 1 1.000000
7392 806.700 52.587 238.275 -0.709939 70.411 0 54.127 1 1.000000
7393 806.700 52.587 238.275 -0.709939 70.411 0 54.127 1 1.000000
7394 806.697 52.585 238.278 -0.708145 70.411 0 54.123 1 1.000000
7395 806.697 52.585 238.278 -0.708145 70.411 0 54.123 1 1.000000
7396 806.697 52.581 238.283 -0.710921 70.411 0 54.118 1 1.000000
7397 806.697 52.581 238.283 -0.710921 70.411 0 54.118 1 1.000000
7398 806.700 52.578 238.288 -0.715753 70.410 0 54.114 1 1.000000
7399 806.696 52.585 238.292 -0.713448 70.410 0 54.109 1 1.000000
7400 806.696 52.585 238.292 -0.713448 70.410 0 54.109 1 1.000000
7401 806.693 52.585 238.292 -0.710177 70.410 0 54.109 1 1.000000
7402 806.693 52.585 238.292 -0.710177 70.410 0 54.109 1 1.000000
7403 806.693 52.580 238.296 -0.712953 70.409 0 54.104 1 1.000000
7404 806.693 52.580 238.296 -0.712953 70.409 0 54.104 1 1.000000
7405 806.696 52.577 238.302 -0.717555 70.409 0 54.100 1 1.000000
7406 806.693 52.583 238.306 -0.715910 70.408 0 54.096 1 1.000000
7407 806.693 52.583 238.306 -0.715910 70.408 0 54.096 1 1.000000
7408 806.689 52.583 238.305 -0.712644 70.408 0 54.095 1 1.000000
7409 806.689 52.583 238.305 -0.712644 70.408 0 54.095 1 1.000000
7410 806.690 52.579 238.310 -0.715420 70.408 0 54.091 1 1.000000
7411 806.693 52.575 238.315 -0.719945 70.407 0 54.086 1 1.000000
7412 806.693 52.575 238.315 -0.719945 70.407 0 54.086 1 1.000000
7413 806.693 52.575 238.315 -0.719945 70.407 0 54.086 1 1.000000
7414 806.689 52.582 238.319 -0.718440 70.407 0 54.082 1 1.000000
7415 806.689 52.582 238.319 -0.718440 70.407 0 54.082 1 1.000000
7416 806.686 52.581 238.318 -0.715110 70.407 0 54.081 1 1.000000
7417 806.686 52.581 238.318 -0.715110 70.407 0 54.081 1 1.000000
7418 806.687 52.577 238.323 -0.717882 70.407 0 54.077 1 1.000000
7419 806.687 52.577 238.323 -0.717882 70.407 0 54.077 1 1.000000
7420 806.690 52.573 238.328 -0.722412 70.406 0 54.073 1 1.000000
7421 806.690 52.573 238.328 -0.722412 70.406 0 54.073 1 1.000000
7422 806.686 52.580 238.332 -0.720902 70.406 0 54.069 1 1.000000
7423 806.686 52.580 238.332 -0.720902 70.406 0 54.069 1 1.000000
7424 806.683 52.578 238.335 -0.718972 70.405 0 54.064 1 1.000000
7425 806.682 52.578 238.348 -0.724082 70.404 0 54.052 1 1.000000
7426 806.682 52.578 238.348 -0.724082 70.404 0 54.052 1 1.000000
7427 806.682 52.578 238.348 -0.724082 70.404 0 54.052 1 1.000000
7428 806.679 52.577 238.348 -0.720811 70.404 0 54.051 1 1.000000
7429 806.679 52.577 238.348 -0.720811 70.404 0 54.051 1 1.000000
7430 806.680 52.573 238.352 -0.723525 70.404 0 54.047 1 1.000000
7431 806.683 52.569 238.357 -0.728185 70.403 0 54.044 1 1.000000
7432 806.683 52.569 238.357 -0.728185 70.403 0 54.044 1 1.000000
7433 806.680 52.570 238.357 -0.725620 70.403 0 54.043 1 1.000000
7434 806.680 52.570 238.357 -0.725620 70.403 0 54.043 1 1.000000
7435 806.680 52.570 238.357 -0.725620 70.403 0 54.043 1 1.000000
7436 806.680 52.570 238.357 -0.725620 70.403 0 54.043 1 1.000000
7437 806.680 52.570 238.357 -0.725620 70.403 0 54.043 1 1.000000
7438 806.680 52.570 238.357 -0.725620 70.403 0 54.043 1 1.000000
7439 806.680 52.570 238.357 -0.725620 70.403 0 54.043 1 1.000000
7440 806.680 52.570 238.357 -0.725620 70.403 0 54.043 1 1.000000
7441 806.680 52.570 238.357 -0.725620 70.403 0 54.043 1 1.000000
7442 806.680 52.570 238.357 -0.725620 70.403 0 54.043 1 1.000000
7443 806.680 52.570 238.357 -0.725620 70.403 0 54.043 1 1.000000
7444 806.680 52.570 238.357 -0.725620 70.403 0 54.043 1 1.000000
7445 806.680 52.570 238.357 -0.725620 70.403 0 54.043 1 1.000000
7446 806.680 52.570 238.357 -0.725620 70.403 0 54.043 1 1.000000
7447 806.680 52.570 238.357 -0.725620 70.403 0 54.043 1 1.000000
7448 806.680 52.570 238.357 -0.725620 70.403 0 54.043 1 1.000000
7449 806.680 52.570 238.357 -0.725620 70.403 0 54.043 1 1.000000
7450 806.680 52.570 238.357 -0.725620 70.403 0 54.043 1 1.000000
7451 806.680 52.570 238.357 -0.725620 70.403 0 54.043 1 1.000000
7452 806.680 52.570 238.357 -0.725620 70.403 0 54.043 1 1.000000
7453 806.680 52.570 238.357 -0.725620 70.403 0 54.043 1 1.000000
7454 806.680 52.570 238.357 -0.725620 70.403 0 54.043 1 1.000000
7455 806.680 52.570 238.357 -0.725620 70.403 0 54.043 1 1.000000
7456 806.680 52.570 238.357 -0.725620 70.403 0 54.043 1 1.000000
7457 806.680 52.570 238.357 -0.725620 70.403 0 54.043 1 1.000000
7458 806.680 52.570 238.357 -0.725620 70.403 0 54.043 1 1.000000
7459 806.680 52.570 238.357 -0.725620 70.403 0 54.043 1 1.000000
7460 806.680 52.570 238.357 -0.725620 70.403 0 54.043 1 1.000000
7461 806.680 52.570 238.357 -0.725620 70.403 0 54.043 1 1.000000
7462 806.680 52.570 238.357 -0.725620 70.403 0 54.043 1 1.000000
7463 806.680 52.570 238.357 -0.725620 70.403 0 54.043 1 1.000000
7464 806.680 52.570 238.357 -0.725620 70.403 0 54.043 1 1.000000
7465 806.680 52.570 238.357 -0.725620 70.403 0 54.043 1 1.000000
7466 806.680 52.570 238.357 -0.725620 70.403 0 54.043 1 1.000000
7467 806.680 52.570 238.357 -0.725620 70.403 0 54.043 1 1.000000
7468 806.680 52.570 238.357 -0.725620 70.403 0 54.043 1 1.000000
7469 806.680 52.570 238.357 -0.725620 70.403 0 54.043 1 1.000000
7470 806.680 52.570 238.357 -0.725620 70.403 0 54.043 1 1.000000
7471 806.680 52.570 238.357 -0.725620 70.403 0 54.043 1 1.000000
7472 806.680 52.570 238.357 -0.725620 70.403 0 54.043 1 1.000000
7473 806.680 52.570 238.357 -0.725620 70.403 0 54.043 1 1.000000
7474 806.680 52.570 238.357 -0.725620 70.403 0 54.043 1 1.000000
7475 806.680 52.570 238.357 -0.725620 70.403 0 54.043 1 1.000000
7476 806.680 52.570 238.357 -0.725620 70.403 0 54.043 1 1.000000
7477 806.680 52.570 238.357 -0.725620 70.403 0 54.043 1 1.000000
7478 806.680 52.570 238.357 -0.725620 70.403 0 54.043 1 1.000000
7479 806.680 52.570 238.357 -0.725620 70.403 0 54.043 1 1.000000
7480 806.680 52.570 238.357 -0.725620 70.403 0 54.043 1 1.000000
7481 806.680 52.570 238.357 -0.725620 70.403 0 54.043 1 1.000000
7482 806.680 52.570 238.357 -0.725620 70.403 0 54.043 1 1.000000
7483 806.680 52.570 238.357 -0.725620 70.403 0 54.043 1 1.000000
7484 806.680 52.570 238.357 -0.725620 70.403 0 54.043 1 1.000000
7485 806.680 52.570 238.357 -0.725620 70.403 0 54.043 1 1.000000
7486 806.680 52.570 238.357 -0.725620 70.403 0 54.043 1 1.000000
7487 806.680 52.570 238.357 -0.725620 70.403 0 54.043 1 1.000000
7488 806.680 52.570 238.357 -0.725620 70.403 0 54.043 1 1.000000
7489 806.680 52.570 238.357 -0.725620 70.403 0 54.043 1 1.000000
7490 806.680 52.570 238.357 -0.725620 70.403 0 54.043 1 1.000000
7491 806.680 52.570 238.357 -0.725620 70.403 0 54.043 1 1.000000
7492 806.680 52.570 238.357 -0.725620 70.403 0 54.043 1 1.000000
7493 806.680 52.570 238.357 -0.725620 70.403 0 54.043 1 1.000000
7494 806.680 52.570 238.357 -0.725620 70.403 0 54.043 1 1.000000
7495 806.680 52.570 238.357 -0.725620 70.403 0 54.043 1 1.000000
7496 806.680 52.570 238.357 -0.725620 70.403 0 54.043 1 1.000000
7497 806.680 52.570 238.357 -0.725620 70.403 0 54.043 1 1.000000
7498 806.680 52.570 238.357 -0.725620 70.403 0 54.043 1 1.000000
7499 806.680 52.570 238.357 -0.725620 70.403 0 54.043 1 1.000000
7500 806.680 52.570 238.357 -0.725620 70.403 0 54.043 1 1.000000
7501 806.680 52.570 238.357 -0.725620 70.403 0 54.043 1 1.000000
7502 806.680 52.570 238.357 -0.725620 70.403 0 54.043 1 1.000000
7503 806.680 52.570 238.357 -0.725620 70.403 0 54.043 1 1.000000
7504 806.680 52.570 238.357 -0.725620 70.403 0 54.043 1 1.000000
7505 806.680 52.570 238.357 -0.725620 70.403 0 54.043 1 1.000000
7506 806.680 52.570 238.357 -0.725620 70.403 0 54.043 1 1.000000
7507 806.680 52.570 238.357 -0.725620 70.403 0 54.043 1 1.000000
7508 806.680 52.570 238.357 -0.725620 70.403 0 54.043 1 1.000000
7509 806.680 52.570 238.357 -0.725620 70.403 0 54.043 1 1.000000
7510 806.680 52.570 238.357 -0.725620 70.403 0 54.043 1 1.000000
7511 806.680 52.570 238.357 -0.725620 70.403 0 54.043 1 1.000000
7512 806.680 52.570 238.357 -0.725620 70.403 0 54.043 1 1.000000
7513 806.680 52.570 238.357 -0.725620 70.403 0 54.043 1 1.000000
7514 806.680 52.570 238.357 -0.725620 70.403 0 54.043 1 1.000000
7515 806.680 52.570 238.357 -0.725620 70.403 0 54.043 1 1.000000
7516 806.680 52.570 238.357 -0.725620 70.403 0 54.043 1 1.000000
7517 806.680 52.570 238.357 -0.725620 70.403 0 54.043 1 1.000000
7518 806.680 52.570 238.357 -0.725620 70.403 0 54.043 1 1.000000
7519 806.680 52.570 238.357 -0.725620 70.403 0 54.043 1 1.000000
7520 806.680 52.570 238.357 -0.725620 70.403 0 54.043 1 1.000000
7521 806.680 52.570 238.357 -0.725620 70.403 0 54.043 1 1.000000
7522 806.680 52.570 238.357 -0.725620 70.403 0 54.043 1 1.000000
7523 806.680 52.570 238.357 -0.725620 70.403 0 54.043 1 1.000000
7524 806.680 52.570 238.357 -0.725620 70.403 0 54.043 1 1.000000
7525 806.680 52.570 238.357 -0.725620 70.403 0 54.043 1 1.000000
7526 806.680 52.570 238.357 -0.725620 70.403 0 54.043 1 1.000000
7527 806.680 52.570 238.357 -0.725620 70.403 0 54.043 1 1.000000
7528 806.680 52.570 238.357 -0.725620 70.403 0 54.043 1 1.000000
7529 806.680 52.570 238.357 -0.725620 70.403 0 54.043 1 1.000000
7530 806.680 52.570 238.357 -0.725620 70.403 0 54.043 1 1.000000
7531 806.680 52.570 238.357 -0.725620 70.403 0 54.043 1 1.000000
7532 806.680 52.570 238.357 -0.725620 70.403 0 54.043 1 1.000000
7533 806.680 52.570 238.357 -0.725620 70.403 0 54.043 1 1.000000
7534 806.680 52.570 238.357 -0.725620 70.403 0 54.043 1 1.000000
7535 806.680 52.570 238.357 -0.725620 70.403 0 54.043 1 1.000000
7536 806.680 52.570 238.357 -0.725620 70.403 0 54.043 1 1.000000
7537 806.680 52.570 238.357 -0.725620 70.403 0 54.043 1 1.000000
7538 806.680 52.570 238.357 -0.725620 70.403 0 54.043 1 1.000000
7539 806.680 52.570 238.357 -0.725620 70.403 0 54.043 1 1.000000
7540 806.680 52.570 238.357 -0.725620 70.403 0 54.043 1 1.000000
7541 806.680 52.570 238.357 -0.725620 70.403 0 54.043 1 1.000000
7542 806.680 52.570 238.357 -0.725620 70.403 0 54.043 1 1.000000
7543 806.680 52.570 238.357 -0.725620 70.403 0 54.043 1 1.000000
7544 806.680 52.570 238.357 -0.725620 70.403 0 54.043 1 1.000000
7545 806.680 52.570 238.357 -0.725620 70.403 0 54.043 1 1.000000
7546 806.680 52.570 238.357 -0.725620 70.403 0 54.043 1 1.000000
7547 806.680 52.570 238.357 -0.725620 70.403 0 54.043 1 1.000000
7548 806.680 52.570 238.357 -0.725620 70.403 0 54.043 1 1.000000
7549 806.680 52.570 238.357 -0.725620 70.403 0 54.043 1 1.000000
7550 806.680 52.570 238.357 -0.725620 70.403 0 54.043 1 1.000000
7551 806.680 52.570 238.357 -0.725620 70.403 0 54.043 1 1.000000
7552 806.680 52.570 238.357 -0.725620 70.403 0 54.043 1 1.000000
7553 806.680 52.570 238.357 -0.725620 70.403 0 54.043 1 1.000000
7554 806.680 52.570 238.357 -0.725620 70.403 0 54.043 1 1.000000
7555 806.680 52.570 238.357 -0.725620 70.403 0 54.043 1 1.000000
7556 806.680 52.570 238.357 -0.725620 70.403 0 54.043 1 1.000000
7557 806.680 52.570 238.357 -0.725620 70.403 0 54.043 1 1.000000
7558 806.680 52.570 238.357 -0.725620 70.403 0 54.043 1 1.000000
7559 806.680 52.570 238.357 -0.725620 70.403 0 54.043 1 1.000000
7560 806.680 52.570 238.357 -0.725620 70.403 0 54.043 1 1.000000
7561 806.680 52.570 238.357 -0.725620 70.403 0 54.043 1 1.000000
7562 806.680 52.570 238.357 -0.725620 70.403 0 54.043 1 1.000000
7563 806.680 52.570 238.357 -0.725620 70.403 0 54.043 1 1.000000
7564 806.680 52.570 238.357 -0.725620 70.403 0 54.043 1 1.000000
7565 806.680 52.570 238.357 -0.725620 70.403 0 54.043 1 1.000000
7566 806.680 52.570 238.357 -0.725620 70.403 0 54.043 1 1.000000
7567 806.680 52.570 238.357 -0.725620 70.403 0 54.043 1 1.000000
7568 806.680 52.570 238.357 -0.725620 70.403 0 54.043 1 1.000000
7569 806.680 52.570 238.357 -0.725620 70.403 0 54.043 1 1.000000
7570 806.680 52.570 238.357 -0.725620 70.403 0 54.043 1 1.000000
7571 806.680 52.570 238.357 -0.725620 70.403 0 54.043 1 1.000000
7572 806.680 52.570 238.357 -0.725620 70.403 0 54.043 1 1.000000
7573 806.680 52.570 238.357 -0.725620 70.403 0 54.043 1 1.000000
7574 806.680 52.570 238.357 -0.725620 70.403 0 54.043 1 1.000000
7575 806.680 52.570 238.357 -0.725620 70.403 0 54.043 1 1.000000
7576 806.680 52.570 238.357 -0.725620 70.403 0 54.043 1 1.000000
7577 806.680 52.570 238.357 -0.725620 70.403 0 54.043 1 1.000000
7578 806.680 52.570 238.357 -0.725620 70.403 0 54.043 1 1.000000
7579 806.680 52.570 238.357 -0.725620 70.403 0 54.043 1 1.000000
7580 806.680 52.570 238.357 -0.725620 70.403 0 54.043 1 1.000000
7581 806.680 52.570 238.357 -0.725620 70.403 0 54.043 1 1.000000
7582 806.680 52.570 238.357 -0.725620 70.403 0 54.043 1 1.000000
7583 806.680 52.570 238.357 -0.725620 70.403 0 54.043 1 1.000000
7584 806.680 52.570 238.357 -0.725620 70.403 0 54.043 1 1.000000
7585 806.680 52.570 238.357 -0.725620 70.403 0 54.043 1 1.000000
7586 806.680 52.570 238.357 -0.725620 70.403 0 54.043 1 1.000000
7587 806.680 52.570 238.357 -0.725620 70.403 0 54.043 1 1.000000
7588 806.680 52.570 238.357 -0.725620 70.403 0 54.043 1 1.000000
7589 806.680 52.570 238.357 -0.725620 70.403 0 54.043 1 1.000000
7590 806.680 52.570 238.357 -0.725620 70.403 0 54.043 1 1.000000
7591 806.680 52.570 238.357 -0.725620 70.403 0 54.043 1 1.000000
7592 806.680 52.570 238.357 -0.725620 70.403 0 54.043 1 1.000000
7593 806.680 52.570 238.357 -0.725620 70.403 0 54.043 1 1.000000
7594 806.680 52.570 238.357 -0.725620 70.403 0 54.043 1 1.000000
7595 806.680 52.570 238.357 -0.725620 70.403 0 54.043 1 1.000000
7596 806.680 52.570 238.357 -0.725620 70.403 0 54.043 1 1.000000
7597 806.680 52.570 238.357 -0.725620 70.403 0 54.043 1 1.000000
7598 806.680 52.570 238.357 -0.725620 70.403 0 54.043 1 1.000000
7599 806.680 52.570 238.357 -0.725620 70.403 0 54.043 1 1.000000
7600 806.680 52.570 238.357 -0.725620 70.403 0 54.043 1 1.000000
7601 806.680 52.570 238.357 -0.725620 70.403 0 54.043 1 1.000000
7602 806.680 52.570 238.357 -0.725620 70.403 0 54.043 1 1.000000
7603 806.680 52.570 238.357 -0.725620 70.403 0 54.043 1 1.000000
7604 806.680 52.570 238.357 -0.725620 70.403 0 54.043 1 1.000000
7605 806.680 52.570 238.357 -0.725620 70.403 0 54.043 1 1.000000
7606 806.680 52.570 238.357 -0.725620 70.403 0 54.043 1 1.000000
7607 806.680 52.570 238.357 -0.725620 70.403 0 54.043 1 1.000000
7608 806.680 52.570 238.357 -0.725620 70.403 0 54.043 1 1.000000
7609 806.680 52.570 238.357 -0.725620 70.403 0 54.043 1 1.000000
7610 806.679 52.641 238.360 -0.725044 70.403 0 54.048 1 1.000000
7611 806.679 52.641 238.360 -0.725044 70.403 0 54.048 1 1.000000
7612 806.678 52.710 238.364 -0.724438 70.403 0 54.052 1 1.000000
7613 806.678 52.710 238.364 -0.724438 70.403 0 54.052 1 1.000000
7614 806.648 52.775 238.358 -0.694542 70.404 0 54.053 1 1.000000
7615 806.648 52.775 238.358 -0.694542 70.404 0 54.053 1 1.000000
7616 806.619 52.838 238.353 -0.664667 70.406 0 54.054 1 1.000000
7617 806.589 52.898 238.347 -0.634814 70.407 0 54.054 1 1.000000
7618 806.589 52.898 238.347 -0.634814 70.407 0 54.054 1 1.000000
7619 806.560 52.956 238.342 -0.605047 70.408 0 54.054 1 1.000000
7620 806.560 52.956 238.342 -0.605047 70.408 0 54.054 1 1.000000
7621 806.530 53.011 238.336 -0.575248 70.410 0 54.053 1 1.000000
7622 806.501 53.063 238.331 -0.545540 70.411 0 54.052 1 1.000000
7623 806.471 53.112 238.325 -0.515867 70.413 0 54.051 1 1.000000
7624 806.471 53.112 238.325 -0.515867 70.413 0 54.051 1 1.000000
7625 806.469 53.141 238.331 -0.515087 70.412 0 54.048 1 1.000000
7626 806.469 53.141 238.331 -0.515087 70.412 0 54.048 1 1.000000
7627 806.484 53.173 238.345 -0.533939 70.410 0 54.045 1 1.000000
7628 806.484 53.173 238.345 -0.533939 70.410 0 54.045 1 1.000000
7629 806.511 53.230 238.372 -0.567984 70.407 0 54.039 1 1.000000
7630 806.511 53.230 238.372 -0.567984 70.407 0 54.039 1 1.000000
7631 806.523 53.256 238.384 -0.583241 70.405 0 54.036 1 1.000000
7632 806.523 53.256 238.384 -0.583241 70.405 0 54.036 1 1.000000
7633 806.533 53.280 238.397 -0.597288 70.403 0 54.032 1 1.000000
7634 806.533 53.280 238.397 -0.597288 70.403 0 54.032 1 1.000000
7635 806.543 53.302 238.408 -0.610123 70.402 0 54.028 1 1.000000
7636 806.543 53.302 238.408 -0.610123 70.402 0 54.028 1 1.000000
7637 806.551 53.322 238.419 -0.621761 70.400 0 54.024 1 1.000000
7638 806.551 53.322 238.419 -0.621761 70.400 0 54.024 1 1.000000
7639 806.558 53.340 238.430 -0.632199 70.399 0 54.019 1 1.000000
7640 806.558 53.340 238.430 -0.632199 70.399 0 54.019 1 1.000000
7641 806.564 53.356 238.441 -0.641503 70.398 0 54.014 1 1.000000
7642 806.564 53.356 238.441 -0.641503 70.398 0 54.014 1 1.000000
7643 806.569 53.370 238.451 -0.649614 70.397 0 54.008 1 1.000000
7644 806.569 53.370 238.451 -0.649614 70.397 0 54.008 1 1.000000
7645 806.573 53.382 238.461 -0.656542 70.395 0 54.002 1 1.000000
7646 806.575 53.392 238.471 -0.662282 70.394 0 53.995 1 1.000000
7647 806.575 53.392 238.471 -0.662282 70.394 0 53.995 1 1.000000
7648 806.576 53.400 238.481 -0.666909 70.393 0 53.988 1 1.000000
7649 806.576 53.406 238.490 -0.670352 70.392 0 53.980 1 1.000000
7650 806.576 53.406 238.490 -0.670352 70.392 0 53.980 1 1.000000
7651 806.575 53.410 238.497 -0.672670 70.391 0 53.974 1 1.000000
7652 806.575 53.410 238.497 -0.672670 70.391 0 53.974 1 1.000000
7653 806.573 53.412 238.504 -0.673818 70.391 0 53.967 1 1.000000
7654 806.573 53.412 238.504 -0.673818 70.391 0 53.967 1 1.000000
7655 806.571 53.413 238.510 -0.673846 70.390 0 53.961 1 1.000000
7656 806.571 53.413 238.510 -0.673846 70.390 0 53.961 1 1.000000
7657 806.568 53.410 238.516 -0.673797 70.390 0 53.954 1 1.000000
7658 806.568 53.410 238.516 -0.673797 70.390 0 53.954 1 1.000000
7659 806.555 53.394 238.517 -0.662730 70.390 0 53.946 1 1.000000
7660 806.555 53.394 238.517 -0.662730 70.390 0 53.946 1 1.000000
7661 806.552 53.386 238.523 -0.662836 70.389 0 53.938 1 1.000000
7662 806.552 53.386 238.523 -0.662836 70.389 0 53.938 1 1.000000
7663 806.534 53.367 238.522 -0.647003 70.390 0 53.930 1 1.000000
7664 806.534 53.367 238.522 -0.647003 70.390 0 53.930 1 1.000000
7665 806.532 53.354 238.528 -0.647200 70.390 0 53.922 1 1.000000
7666 806.532 53.354 238.528 -0.647200 70.390 0 53.922 1 1.000000
7667 806.510 53.333 238.524 -0.626580 70.391 0 53.913 1 1.000000
7668 806.510 53.333 238.524 -0.626580 70.391 0 53.913 1 1.000000
7669 806.507 53.314 238.530 -0.626917 70.390 0 53.904 1 1.000000
7670 806.507 53.314 238.530 -0.626917 70.390 0 53.904 1 1.000000
7671 806.480 53.291 238.525 -0.601558 70.391 0 53.896 1 1.000000
7672 806.480 53.291 238.525 -0.601558 70.391 0 53.896 1 1.000000
7673 806.478 53.266 238.531 -0.601974 70.391 0 53.886 1 1.000000
7674 806.478 53.266 238.531 -0.601974 70.391 0 53.886 1 1.000000
7675 806.478 53.266 238.531 -0.601974 70.391 0 53.886 1 1.000000
7676 806.449 53.239 238.524 -0.573532 70.392 0 53.877 1 1.000000
7677 806.449 53.239 238.524 -0.573532 70.392 0 53.877 1 1.000000
7678 806.425 53.206 238.520 -0.551241 70.394 0 53.867 1 1.000000
7679 806.425 53.206 238.520 -0.551241 70.394 0 53.867 1 1.000000
7680 806.422 53.173 238.526 -0.551730 70.393 0 53.857 1 1.000000
7681 806.422 53.173 238.526 -0.551730 70.393 0 53.857 1 1.000000
7682 806.393 53.138 238.519 -0.523297 70.395 0 53.847 1 1.000000
7683 806.364 53.100 238.513 -0.494907 70.396 0 53.836 1 1.000000
7684 806.364 53.100 238.513 -0.494907 70.396 0 53.836 1 1.000000
7685 806.334 53.060 238.506 -0.466444 70.398 0 53.825 1 1.000000
7686 806.334 53.060 238.506 -0.466444 70.398 0 53.825 1 1.000000
7687 806.334 53.060 238.506 -0.466444 70.398 0 53.825 1 1.000000
7688 806.305 53.016 238.499 -0.438023 70.399 0 53.814 1 1.000000
7689 806.285 52.974 238.504 -0.422236 70.400 0 53.797 1 1.000000
7690 806.285 52.974 238.504 -0.422236 70.400 0 53.797 1 1.000000
7691 806.287 52.934 238.532 -0.435968 70.397 0 53.768 1 1.000000
7692 806.287 52.934 238.532 -0.435968 70.397 0 53.768 1 1.000000
7693 806.287 52.934 238.532 -0.435968 70.397 0 53.768 1 1.000000
7694 806.285 52.896 238.561 -0.446917 70.393 0 53.736 1 1.000000
7695 806.285 52.896 238.561 -0.446917 70.393 0 53.736 1 1.000000
7696 806.284 52.855 238.591 -0.459103 70.390 0 53.703 1 1.000000
7697 806.284 52.813 238.623 -0.472338 70.387 0 53.669 1 1.000000
7698 806.284 52.813 238.623 -0.472338 70.387 0 53.669 1 1.000000
7699 806.285 52.768 238.655 -0.486691 70.383 0 53.635 1 1.000000
7700 806.285 52.768 238.655 -0.486691 70.383 0 53.635 1 1.000000
7701 806.285 52.768 238.655 -0.486691 70.383 0 53.635 1 1.000000
7702 806.286 52.722 238.688 -0.502159 70.380 0 53.601 1 1.000000
7703 806.289 52.673 238.721 -0.518799 70.376 0 53.565 1 1.000000
7704 806.289 52.673 238.721 -0.518799 70.376 0 53.565 1 1.000000
7705 806.292 52.623 238.756 -0.536555 70.372 0 53.529 1 1.000000
7706 806.292 52.623 238.756 -0.536555 70.372 0 53.529 1 1.000000
7707 806.276 52.604 238.789 -0.535520 70.369 0 53.490 1 1.000000
7708 806.276 52.604 238.789 -0.535520 70.369 0 53.490 1 1.000000
7709 806.241 52.623 238.788 -0.503187 70.371 0 53.479 1 1.000000
7710 806.241 52.623 238.788 -0.503187 70.371 0 53.479 1 1.000000
7711 806.230 52.623 238.804 -0.500264 70.369 0 53.461 1 1.000000
7712 806.230 52.623 238.804 -0.500264 70.369 0 53.461 1 1.000000
7713 806.198 52.639 238.806 -0.472026 70.370 0 53.447 1 1.000000
7714 806.198 52.639 238.806 -0.472026 70.370 0 53.447 1 1.000000
7715 806.189 52.638 238.823 -0.470135 70.368 0 53.428 1 1.000000
7716 806.189 52.638 238.823 -0.470135 70.368 0 53.428 1 1.000000
7717 806.155 52.653 238.829 -0.442350 70.369 0 53.411 1 1.000000
7718 806.155 52.653 238.829 -0.442350 70.369 0 53.411 1 1.000000
7719 806.165 52.650 238.838 -0.454847 70.368 0 53.407 1 1.000000
7720 806.165 52.650 238.838 -0.454847 70.368 0 53.407 1 1.000000
7721 806.165 52.650 238.838 -0.454847 70.368 0 53.407 1 1.000000
7722 806.164 52.648 238.841 -0.455292 70.367 0 53.403 1 1.000000
7723 806.163 52.643 238.845 -0.456226 70.367 0 53.398 1 1.000000
7724 806.163 52.643 238.845 -0.456226 70.367 0 53.398 1 1.000000
7725 806.165 52.640 238.851 -0.459733 70.366 0 53.394 1 1.000000
7726 806.165 52.640 238.851 -0.459733 70.366 0 53.394 1 1.000000
7727 806.160 52.652 238.855 -0.456596 70.366 0 53.389 1 1.000000
7728 806.160 52.652 238.855 -0.456596 70.366 0 53.389 1 1.000000
7729 806.157 52.649 238.857 -0.454977 70.366 0 53.385 1 1.000000
7730 806.157 52.649 238.857 -0.454977 70.366 0 53.385 1 1.000000
7731 806.156 52.644 238.861 -0.455973 70.365 0 53.381 1 1.000000
7732 806.156 52.644 238.861 -0.455973 70.365 0 53.381 1 1.000000
7733 806.157 52.638 238.865 -0.458691 70.365 0 53.377 1 1.000000
7734 806.157 52.638 238.865 -0.458691 70.365 0 53.377 1 1.000000
7735 806.153 52.651 238.870 -0.456822 70.365 0 53.373 1 1.000000
7736 806.153 52.651 238.870 -0.456822 70.365 0 53.373 1 1.000000
7737 806.150 52.648 238.872 -0.455261 70.364 0 53.369 1 1.000000
7738 806.150 52.648 238.872 -0.455261 70.364 0 53.369 1 1.000000
7739 806.149 52.643 238.876 -0.456195 70.364 0 53.365 1 1.000000
7740 806.149 52.643 238.876 -0.456195 70.364 0 53.365 1 1.000000
7741 806.150 52.636 238.880 -0.458619 70.363 0 53.360 1 1.000000
7742 806.150 52.636 238.880 -0.458619 70.363 0 53.360 1 1.000000
7743 806.147 52.648 238.885 -0.457208 70.363 0 53.356 1 1.000000
7744 806.147 52.648 238.885 -0.457208 70.363 0 53.356 1 1.000000
7745 806.144 52.646 238.887 -0.455652 70.363 0 53.353 1 1.000000
7746 806.144 52.646 238.887 -0.455652 70.363 0 53.353 1 1.000000
7747 806.143 52.641 238.891 -0.456590 70.363 0 53.348 1 1.000000
7748 806.144 52.634 238.895 -0.458870 70.362 0 53.344 1 1.000000
7749 806.144 52.634 238.895 -0.458870 70.362 0 53.344 1 1.000000
7750 806.144 52.634 238.895 -0.458870 70.362 0 53.344 1 1.000000
7751 806.140 52.646 238.899 -0.457599 70.362 0 53.340 1 1.000000
7752 806.140 52.646 238.899 -0.457599 70.362 0 53.340 1 1.000000
7753 806.138 52.644 238.902 -0.456038 70.362 0 53.337 1 1.000000
7754 806.137 52.638 238.905 -0.456976 70.361 0 53.333 1 1.000000
7755 806.137 52.638 238.905 -0.456976 70.361 0 53.333 1 1.000000
7756 806.138 52.632 238.909 -0.459251 70.361 0 53.328 1 1.000000
7757 806.138 52.632 238.909 -0.459251 70.361 0 53.328 1 1.000000
7758 806.134 52.644 238.914 -0.457985 70.360 0 53.325 1 1.000000
7759 806.134 52.644 238.914 -0.457985 70.360 0 53.325 1 1.000000
7760 806.132 52.641 238.916 -0.456424 70.360 0 53.321 1 1.000000
7761 806.132 52.641 238.916 -0.456424 70.360 0 53.321 1 1.000000
7762 806.131 52.636 238.919 -0.457357 70.360 0 53.317 1 1.000000
7763 806.131 52.636 238.919 -0.457357 70.360 0 53.317 1 1.000000
7764 806.132 52.629 238.923 -0.459637 70.359 0 53.313 1 1.000000
7765 806.132 52.629 238.923 -0.459637 70.359 0 53.313 1 1.000000
7766 806.129 52.642 238.928 -0.458371 70.359 0 53.309 1 1.000000
7767 806.129 52.642 238.928 -0.458371 70.359 0 53.309 1 1.000000
7768 806.126 52.639 238.930 -0.456805 70.359 0 53.306 1 1.000000
7769 806.126 52.639 238.930 -0.456805 70.359 0 53.306 1 1.000000
7770 806.125 52.634 238.933 -0.457743 70.359 0 53.302 1 1.000000
7771 806.125 52.634 238.933 -0.457743 70.359 0 53.302 1 1.000000
7772 806.126 52.627 238.937 -0.460023 70.358 0 53.298 1 1.000000
7773 806.126 52.627 238.937 -0.460023 70.358 0 53.298 1 1.000000
7774 806.125 52.628 238.937 -0.458851 70.358 0 53.298 1 1.000000
7775 806.125 52.628 238.937 -0.458851 70.358 0 53.298 1 1.000000
7776 806.125 52.628 238.937 -0.458851 70.358 0 53.298 1 1.000000
7777 806.125 52.628 238.937 -0.458851 70.358 0 53.298 1 1.000000
7778 806.125 52.628 238.937 -0.458851 70.358 0 53.298 1 1.000000
7779 806.125 52.628 238.937 -0.458851 70.358 0 53.298 1 1.000000
7780 806.125 52.628 238.937 -0.458851 70.358 0 53.298 1 1.000000
7781 806.125 52.628 238.937 -0.458851 70.358 0 53.298 1 1.000000
7782 806.125 52.628 238.937 -0.458851 70.358 0 53.298 1 1.000000
7783 806.125 52.628 238.937 -0.458851 70.358 0 53.298 1 1.000000
7784 806.125 52.628 238.937 -0.458851 70.358 0 53.298 1 1.000000
7785 806.125 52.628 238.937 -0.458851 70.358 0 53.298 1 1.000000
7786 806.125 52.628 238.937 -0.458851 70.358 0 53.298 1 1.000000
7787 806.125 52.628 238.937 -0.458851 70.358 0 53.298 1 1.000000
7788 806.125 52.628 238.937 -0.458851 70.358 0 53.298 1 1.000000
7789 806.125 52.628 238.937 -0.458851 70.358 0 53.298 1 1.000000
7790 806.125 52.628 238.937 -0.458851 70.358 0 53.298 1 1.000000
7791 806.125 52.628 238.937 -0.458851 70.358 0 53.298 1 1.000000
7792 806.125 52.628 238.937 -0.458851 70.358 0 53.298 1 1.000000
7793 806.125 52.628 238.937 -0.458851 70.358 0 53.298 1 1.000000
7794 806.125 52.628 238.937 -0.458851 70.358 0 53.298 1 1.000000
7795 806.125 52.628 238.937 -0.458851 70.358 0 53.298 1 1.000000
7796 806.125 52.628 238.937 -0.458851 70.358 0 53.298 1 1.000000
7797 806.125 52.628 238.937 -0.458851 70.358 0 53.298 1 1.000000
7798 806.125 52.628 238.937 -0.458851 70.358 0 53.298 1 1.000000
7799 806.125 52.628 238.937 -0.458851 70.358 0 53.298 1 1.000000
7800 806.125 52.628 238.937 -0.458851 70.358 0 53.298 1 1.000000
7801 806.125 52.628 238.937 -0.458851 70.358 0 53.298 1 1.000000
7802 806.125 52.628 238.937 -0.458851 70.358 0 53.298 1 1.000000
7803 806.125 52.628 238.937 -0.458851 70.358 0 53.298 1 1.000000
7804 806.125 52.628 238.937 -0.458851 70.358 0 53.298 1 1.000000
7805 806.125 52.628 238.937 -0.458851 70.358 0 53.298 1 1.000000
7806 806.125 52.628 238.937 -0.458851 70.358 0 53.298 1 1.000000
7807 806.125 52.628 238.937 -0.458851 70.358 0 53.298 1 1.000000
7808 806.125 52.628 238.937 -0.458851 70.358 0 53.298 1 1.000000
7809 806.125 52.628 238.937 -0.458851 70.358 0 53.298 1 1.000000
7810 806.125 52.628 238.937 -0.458851 70.358 0 53.298 1 1.000000
7811 806.125 52.628 238.937 -0.458851 70.358 0 53.298 1 1.000000
7812 806.125 52.628 238.937 -0.458851 70.358 0 53.298 1 1.000000
7813 806.125 52.628 238.937 -0.458851 70.358 0 53.298 1 1.000000
7814 806.125 52.628 238.937 -0.458851 70.358 0 53.298 1 1.000000
7815 806.125 52.628 238.937 -0.458851 70.358 0 53.298 1 1.000000
7816 806.125 52.628 238.937 -0.458851 70.358 0 53.298 1 1.000000
7817 806.125 52.628 238.937 -0.458851 70.358 0 53.298 1 1.000000
7818 806.125 52.628 238.937 -0.458851 70.358 0 53.298 1 1.000000
7819 806.125 52.628 238.937 -0.458851 70.358 0 53.298 1 1.000000
7820 806.125 52.628 238.937 -0.458851 70.358 0 53.298 1 1.000000
7821 806.125 52.628 238.937 -0.458851 70.358 0 53.298 1 1.000000
7822 806.125 52.628 238.937 -0.458851 70.358 0 53.298 1 1.000000
7823 806.125 52.628 238.937 -0.458851 70.358 0 53.298 1 1.000000
7824 806.125 52.628 238.937 -0.458851 70.358 0 53.298 1 1.000000
7825 806.125 52.628 238.937 -0.458851 70.358 0 53.298 1 1.000000
7826 806.125 52.628 238.937 -0.458851 70.358 0 53.298 1 1.000000
7827 806.125 52.628 238.937 -0.458851 70.358 0 53.298 1 1.000000
7828 806.125 52.628 238.937 -0.458851 70.358 0 53.298 1 1.000000
7829 806.125 52.628 238.937 -0.458851 70.358 0 53.298 1 1.000000
7830 806.125 52.628 238.937 -0.458851 70.358 0 53.298 1 1.000000
7831 806.125 52.628 238.937 -0.458851 70.358 0 53.298 1 1.000000
7832 806.125 52.628 238.937 -0.458851 70.358 0 53.298 1 1.000000
7833 806.125 52.628 238.937 -0.458851 70.358 0 53.298 1 1.000000
7834 806.125 52.628 238.937 -0.458851 70.358 0 53.298 1 1.000000
7835 806.125 52.628 238.937 -0.458851 70.358 0 53.298 1 1.000000
7836 806.125 52.628 238.937 -0.458851 70.358 0 53.298 1 1.000000
7837 806.125 52.628 238.937 -0.458851 70.358 0 53.298 1 1.000000
7838 806.125 52.628 238.937 -0.458851 70.358 0 53.298 1 1.000000
7839 806.125 52.628 238.937 -0.458851 70.358 0 53.298 1 1.000000
7840 806.125 52.628 238.937 -0.458851 70.358 0 53.298 1 1.000000
7841 806.125 52.628 238.937 -0.458851 70.358 0 53.298 1 1.000000
7842 806.125 52.628 238.937 -0.458851 70.358 0 53.298 1 1.000000
7843 806.125 52.628 238.937 -0.458851 70.358 0 53.298 1 1.000000
7844 806.125 52.628 238.937 -0.458851 70.358 0 53.298 1 1.000000
7845 806.125 52.628 238.937 -0.458851 70.358 0 53.298 1 1.000000
7846 806.125 52.628 238.937 -0.458851 70.358 0 53.298 1 1.000000
7847 806.125 52.628 238.937 -0.458851 70.358 0 53.298 1 1.000000
7848 806.125 52.628 238.937 -0.458851 70.358 0 53.298 1 1.000000
7849 806.125 52.628 238.937 -0.458851 70.358 0 53.298 1 1.000000
7850 806.125 52.628 238.937 -0.458851 70.358 0 53.298 1 1.000000
7851 806.125 52.628 238.937 -0.458851 70.358 0 53.298 1 1.000000
7852 806.125 52.628 238.937 -0.458851 70.358 0 53.298 1 1.000000
7853 806.125 52.628 238.937 -0.458851 70.358 0 53.298 1 1.000000
7854 806.125 52.628 238.937 -0.458851 70.358 0 53.298 1 1.000000
7855 806.125 52.628 238.937 -0.458851 70.358 0 53.298 1 1.000000
7856 806.125 52.628 238.937 -0.458851 70.358 0 53.298 1 1.000000
7857 806.125 52.628 238.937 -0.458851 70.358 0 53.298 1 1.000000
7858 806.125 52.628 238.937 -0.458851 70.358 0 53.298 1 1.000000
7859 806.125 52.628 238.937 -0.458851 70.358 0 53.298 1 1.000000
7860 806.125 52.628 238.937 -0.458851 70.358 0 53.298 1 1.000000
7861 806.125 52.628 238.937 -0.458851 70.358 0 53.298 1 1.000000
7862 806.125 52.628 238.937 -0.458851 70.358 0 53.298 1 1.000000
7863 806.125 52.628 238.937 -0.458851 70.358 0 53.298 1 1.000000
7864 806.125 52.628 238.937 -0.458851 70.358 0 53.298 1 1.000000
7865 806.125 52.628 238.937 -0.458851 70.358 0 53.298 1 1.000000
7866 806.125 52.628 238.937 -0.458851 70.358 0 53.298 1 1.000000
7867 806.125 52.628 238.937 -0.458851 70.358 0 53.298 1 1.000000
7868 806.125 52.628 238.937 -0.458851 70.358 0 53.298 1 1.000000
7869 806.125 52.628 238.937 -0.458851 70.358 0 53.298 1 1.000000
7870 806.125 52.628 238.937 -0.458851 70.358 0 53.298 1 1.000000
7871 806.125 52.628 238.937 -0.458851 70.358 0 53.298 1 1.000000
7872 806.125 52.628 238.937 -0.458851 70.358 0 53.298 1 1.000000
7873 806.125 52.628 238.937 -0.458851 70.358 0 53.298 1 1.000000
7874 806.125 52.628 238.937 -0.458851 70.358 0 53.298 1 1.000000
7875 806.125 52.628 238.937 -0.458851 70.358 0 53.298 1 1.000000
7876 806.125 52.628 238.937 -0.458851 70.358 0 53.298 1 1.000000
7877 806.125 52.628 238.937 -0.458851 70.358 0 53.298 1 1.000000
7878 806.125 52.628 238.937 -0.458851 70.358 0 53.298 1 1.000000
7879 806.125 52.628 238.937 -0.458851 70.358 0 53.298 1 1.000000
7880 806.125 52.628 238.937 -0.458851 70.358 0 53.298 1 1.000000
7881 806.125 52.628 238.937 -0.458851 70.358 0 53.298 1 1.000000
7882 806.125 52.628 238.937 -0.458851 70.358 0 53.298 1 1.000000
7883 806.125 52.628 238.937 -0.458851 70.358 0 53.298 1 1.000000
7884 806.125 52.628 238.937 -0.458851 70.358 0 53.298 1 1.000000
7885 806.125 52.628 238.937 -0.458851 70.358 0 53.298 1 1.000000
7886 806.125 52.628 238.937 -0.458851 70.358 0 53.298 1 1.000000
7887 806.125 52.628 238.937 -0.458851 70.358 0 53.298 1 1.000000
7888 806.125 52.628 238.937 -0.458851 70.358 0 53.298 1 1.000000
7889 806.125 52.628 238.937 -0.458851 70.358 0 53.298 1 1.000000
7890 806.125 52.628 238.937 -0.458851 70.358 0 53.298 1 1.000000
7891 806.125 52.628 238.937 -0.458851 70.358 0 53.298 1 1.000000
7892 806.125 52.628 238.937 -0.458851 70.358 0 53.298 1 1.000000
7893 806.125 52.628 238.937 -0.458851 70.358 0 53.298 1 1.000000
7894 806.125 52.628 238.937 -0.458851 70.358 0 53.298 1 1.000000
7895 806.125 52.628 238.937 -0.458851 70.358 0 53.298 1 1.000000
7896 806.125 52.628 238.937 -0.458851 70.358 0 53.298 1 1.000000
7897 806.125 52.628 238.937 -0.458851 70.358 0 53.298 1 1.000000
7898 806.125 52.628 238.937 -0.458851 70.358 0 53.298 1 1.000000
7899 806.125 52.628 238.937 -0.458851 70.358 0 53.298 1 1.000000
7900 806.125 52.628 238.937 -0.458851 70.358 0 53.298 1 1.000000
7901 806.125 52.628 238.937 -0.458851 70.358 0 53.298 1 1.000000
7902 806.125 52.628 238.937 -0.458851 70.358 0 53.298 1 1.000000
7903 806.125 52.628 238.937 -0.458851 70.358 0 53.298 1 1.000000
7904 806.125 52.628 238.937 -0.458851 70.358 0 53.298 1 1.000000
7905 806.125 52.628 238.937 -0.458851 70.358 0 53.298 1 1.000000
7906 806.125 52.628 238.937 -0.458851 70.358 0 53.298 1 1.000000
7907 806.125 52.628 238.937 -0.458851 70.358 0 53.298 1 1.000000
7908 806.125 52.628 238.937 -0.458851 70.358 0 53.298 1 1.000000
7909 806.125 52.628 238.937 -0.458851 70.358 0 53.298 1 1.000000
7910 806.125 52.628 238.937 -0.458851 70.358 0 53.298 1 1.000000
7911 806.125 52.628 238.937 -0.458851 70.358 0 53.298 1 1.000000
7912 806.125 52.628 238.937 -0.458851 70.358 0 53.298 1 1.000000
7913 806.125 52.628 238.937 -0.458851 70.358 0 53.298 1 1.000000
7914 806.125 52.628 238.937 -0.458851 70.358 0 53.298 1 1.000000
7915 806.125 52.628 238.937 -0.458851 70.358 0 53.298 1 1.000000
7916 806.125 52.628 238.937 -0.458851 70.358 0 53.298 1 1.000000
7917 806.125 52.628 238.937 -0.458851 70.358 0 53.298 1 1.000000
7918 806.125 52.628 238.937 -0.458851 70.358 0 53.298 1 1.000000
7919 806.125 52.628 238.937 -0.458851 70.358 0 53.298 1 1.000000
7920 806.125 52.628 238.937 -0.458851 70.358 0 53.298 1 1.000000
7921 806.125 52.628 238.937 -0.458851 70.358 0 53.298 1 1.000000
7922 806.125 52.628 238.937 -0.458851 70.358 0 53.298 1 1.000000
7923 806.125 52.628 238.937 -0.458851 70.358 0 53.298 1 1.000000
7924 806.125 52.628 238.937 -0.458851 70.358 0 53.298 1 1.000000
7925 806.125 52.628 238.937 -0.458851 70.358 0 53.298 1 1.000000
7926 806.125 52.628 238.937 -0.458851 70.358 0 53.298 1 1.000000
7927 806.125 52.628 238.937 -0.458851 70.358 0 53.298 1 1.000000
7928 806.125 52.628 238.937 -0.458851 70.358 0 53.298 1 1.000000
7929 806.125 52.628 238.937 -0.458851 70.358 0 53.298 1 1.000000
7930 806.125 52.628 238.937 -0.458851 70.358 0 53.298 1 1.000000
7931 806.125 52.628 238.937 -0.458851 70.358 0 53.298 1 1.000000
7932 806.125 52.628 238.937 -0.458851 70.358 0 53.298 1 1.000000
7933 806.125 52.628 238.937 -0.458851 70.358 0 53.298 1 1.000000
7934 806.125 52.628 238.937 -0.458851 70.358 0 53.298 1 1.000000
7935 806.125 52.628 238.937 -0.458851 70.358 0 53.298 1 1.000000
7936 806.125 52.628 238.937 -0.458851 70.358 0 53.298 1 1.000000
7937 806.125 52.628 238.937 -0.458851 70.358 0 53.298 1 1.000000
7938 806.125 52.628 238.937 -0.458851 70.358 0 53.298 1 1.000000
7939 806.125 52.628 238.937 -0.458851 70.358 0 53.298 1 1.000000
7940 806.125 52.628 238.937 -0.458851 70.358 0 53.298 1 1.000000
7941 806.125 52.628 238.937 -0.458851 70.358 0 53.298 1 1.000000
7942 806.125 52.628 238.937 -0.458851 70.358 0 53.298 1 1.000000
7943 806.125 52.628 238.937 -0.458851 70.358 0 53.298 1 1.000000
7944 806.125 52.628 238.937 -0.458851 70.358 0 53.298 1 1.000000
7945 806.125 52.628 238.937 -0.458851 70.358 0 53.298 1 1.000000
7946 806.125 52.628 238.937 -0.458851 70.358 0 53.298 1 1.000000
7947 806.125 52.628 238.937 -0.458851 70.358 0 53.298 1 1.000000
7948 806.125 52.628 238.937 -0.458851 70.358 0 53.298 1 1.000000
7949 806.123 52.699 238.940 -0.457886 70.358 0 53.303 1 1.000000
7950 806.123 52.699 238.940 -0.457886 70.358 0 53.303 1 1.000000
7951 806.122 52.767 238.942 -0.456957 70.358 0 53.308 1 1.000000
7952 806.122 52.767 238.942 -0.456957 70.358 0 53.308 1 1.000000
7953 806.099 52.833 238.936 -0.432617 70.359 0 53.313 1 1.000000
7954 806.099 52.833 238.936 -0.432617 70.359 0 53.313 1 1.000000
7955 806.098 52.896 238.938 -0.431678 70.359 0 53.318 1 1.000000
7956 806.098 52.896 238.938 -0.431678 70.359 0 53.318 1 1.000000
7957 806.077 52.956 238.932 -0.409279 70.360 0 53.322 1 1.000000
7958 806.077 52.956 238.932 -0.409279 70.360 0 53.322 1 1.000000
7959 806.076 53.014 238.935 -0.408608 70.360 0 53.326 1 1.000000
7960 806.093 53.060 238.945 -0.427407 70.358 0 53.330 1 1.000000
7961 806.093 53.060 238.945 -0.427407 70.358 0 53.330 1 1.000000
7962 806.110 53.104 238.954 -0.445092 70.357 0 53.333 1 1.000000
7963 806.110 53.104 238.954 -0.445092 70.357 0 53.333 1 1.000000
7964 806.123 53.148 238.961 -0.458820 70.356 0 53.338 1 1.000000
7965 806.123 53.148 238.961 -0.458820 70.356 0 53.338 1 1.000000
7966 806.132 53.192 238.964 -0.468186 70.355 0 53.344 1 1.000000
7967 806.139 53.235 238.965 -0.473502 70.355 0 53.351 1 1.000000
7968 806.139 53.235 238.965 -0.473502 70.355 0 53.351 1 1.000000
7969 806.139 53.235 238.965 -0.473502 70.355 0 53.351 1 1.000000
7970 806.144 53.275 238.963 -0.476733 70.355 0 53.360 1 1.000000
7971 806.144 53.275 238.963 -0.476733 70.355 0 53.360 1 1.000000
7972 806.151 53.313 238.960 -0.480633 70.355 0 53.370 1 1.000000
7973 806.151 53.313 238.960 -0.480633 70.355 0 53.370 1 1.000000
7974 806.157 53.348 238.957 -0.484226 70.355 0 53.379 1 1.000000
7975 806.157 53.348 238.957 -0.484226 70.355 0 53.379 1 1.000000
7976 806.162 53.380 238.954 -0.487397 70.355 0 53.388 1 1.000000
7977 806.162 53.380 238.954 -0.487397 70.355 0 53.388 1 1.000000
7978 806.172 53.395 238.953 -0.495535 70.355 0 53.395 1 1.000000
7979 806.182 53.398 238.951 -0.503282 70.355 0 53.401 1 1.000000
7980 806.182 53.398 238.951 -0.503282 70.355 0 53.401 1 1.000000
7981 806.190 53.401 238.949 -0.510220 70.355 0 53.407 1 1.000000
7982 806.190 53.401 238.949 -0.510220 70.355 0 53.407 1 1.000000
7983 806.198 53.404 238.947 -0.516293 70.355 0 53.412 1 1.000000
7984 806.198 53.404 238.947 -0.516293 70.355 0 53.412 1 1.000000
7985 806.205 53.406 238.945 -0.521561 70.355 0 53.417 1 1.000000
7986 806.205 53.406 238.945 -0.521561 70.355 0 53.417 1 1.000000
7987 806.211 53.408 238.943 -0.525962 70.355 0 53.421 1 1.000000
7988 806.211 53.408 238.943 -0.525962 70.355 0 53.421 1 1.000000
7989 806.216 53.410 238.941 -0.529558 70.355 0 53.426 1 1.000000
7990 806.216 53.410 238.941 -0.529558 70.355 0 53.426 1 1.000000
7991 806.220 53.411 238.938 -0.532291 70.355 0 53.430 1 1.000000
7992 806.224 53.412 238.935 -0.534220 70.356 0 53.434 1 1.000000
7993 806.224 53.412 238.935 -0.534220 70.356 0 53.434 1 1.000000
7994 806.224 53.412 238.935 -0.534220 70.356 0 53.434 1 1.000000
7995 806.226 53.413 238.933 -0.535220 70.356 0 53.437 1 1.000000
7996 806.226 53.413 238.933 -0.535220 70.356 0 53.437 1 1.000000
7997 806.228 53.413 238.930 -0.535479 70.356 0 53.441 1 1.000000
7998 806.228 53.413 238.930 -0.535479 70.356 0 53.441 1 1.000000
7999 806.228 53.413 238.926 -0.534871 70.356 0 53.444 1 1.000000
8000 806.228 53.413 238.926 -0.534871 70.356 0 53.444 1 1.000000
8001 806.229 53.411 238.923 -0.534252 70.357 0 53.447 1 1.000000
8002 806.201 53.403 238.914 -0.506035 70.358 0 53.443 1 1.000000
8003 806.201 53.403 238.914 -0.506035 70.358 0 53.443 1 1.000000
8004 806.202 53.395 238.911 -0.505565 70.359 0 53.445 1 1.000000
8005 806.202 53.395 238.911 -0.505565 70.359 0 53.445 1 1.000000
8006 806.174 53.384 238.902 -0.476371 70.361 0 53.440 1 1.000000
8007 806.174 53.384 238.902 -0.476371 70.361 0 53.440 1 1.000000
8008 806.171 53.367 238.898 -0.473065 70.361 0 53.441 1 1.000000
8009 806.171 53.367 238.898 -0.473065 70.361 0 53.441 1 1.000000
8010 806.172 53.351 238.895 -0.472581 70.361 0 53.442 1 1.000000
8011 806.172 53.351 238.895 -0.472581 70.361 0 53.442 1 1.000000
8012 806.167 53.328 238.890 -0.466588 70.362 0 53.441 1 1.000000
8013 806.167 53.328 238.890 -0.466588 70.362 0 53.441 1 1.000000
8014 806.167 53.307 238.887 -0.466239 70.362 0 53.442 1 1.000000
8015 806.167 53.307 238.887 -0.466239 70.362 0 53.442 1 1.000000
8016 806.161 53.279 238.882 -0.458794 70.363 0 53.440 1 1.000000
8017 806.161 53.279 238.882 -0.458794 70.363 0 53.440 1 1.000000
8018 806.161 53.252 238.879 -0.458510 70.363 0 53.440 1 1.000000
8019 806.161 53.252 238.879 -0.458510 70.363 0 53.440 1 1.000000
8020 806.161 53.252 238.879 -0.458510 70.363 0 53.440 1 1.000000
8021 806.153 53.219 238.874 -0.449604 70.364 0 53.438 1 1.000000
8022 806.153 53.219 238.874 -0.449604 70.364 0 53.438 1 1.000000
8023 806.154 53.187 238.870 -0.449438 70.364 0 53.437 1 1.000000
8024 806.154 53.187 238.870 -0.449438 70.364 0 53.437 1 1.000000
8025 806.144 53.149 238.865 -0.438986 70.365 0 53.433 1 1.000000
8026 806.145 53.111 238.862 -0.438921 70.366 0 53.432 1 1.000000
8027 806.145 53.111 238.862 -0.438921 70.366 0 53.432 1 1.000000
8028 806.130 53.067 238.856 -0.424326 70.367 0 53.426 1 1.000000
8029 806.130 53.067 238.856 -0.424326 70.367 0 53.426 1 1.000000
8030 806.130 53.067 238.856 -0.424326 70.367 0 53.426 1 1.000000
8031 806.131 52.798 238.854 -0.427983 70.367 0 53.396 1 1.000000
8032 806.136 52.754 238.860 -0.436129 70.366 0 53.387 1 1.000000
8033 806.136 52.754 238.860 -0.436129 70.366 0 53.387 1 1.000000
8034 806.136 52.754 238.860 -0.436129 70.366 0 53.387 1 1.000000
8035 806.142 52.706 238.867 -0.444758 70.365 0 53.378 1 1.000000
8036 806.148 52.656 238.873 -0.453804 70.364 0 53.368 1 1.000000
8037 806.148 52.656 238.873 -0.453804 70.364 0 53.368 1 1.000000
8038 806.148 52.656 238.873 -0.453804 70.364 0 53.368 1 1.000000
8039 806.137 52.643 238.879 -0.446678 70.364 0 53.357 1 1.000000
8040 806.137 52.643 238.879 -0.446678 70.364 0 53.357 1 1.000000
8041 806.145 52.641 238.887 -0.456571 70.363 0 53.353 1 1.000000
8042 806.145 52.641 238.887 -0.456571 70.363 0 53.353 1 1.000000
8043 806.144 52.638 238.890 -0.457016 70.363 0 53.349 1 1.000000
8044 806.141 52.646 238.898 -0.457599 70.362 0 53.341 1 1.000000
8045 806.141 52.646 238.898 -0.457599 70.362 0 53.341 1 1.000000
8046 806.141 52.646 238.898 -0.457599 70.362 0 53.341 1 1.000000
8047 806.138 52.644 238.901 -0.455980 70.362 0 53.338 1 1.000000
8048 806.138 52.644 238.901 -0.455980 70.362 0 53.338 1 1.000000
8049 806.137 52.638 238.904 -0.456976 70.361 0 53.334 1 1.000000
8050 806.137 52.638 238.904 -0.456976 70.361 0 53.334 1 1.000000
8051 806.138 52.632 238.908 -0.459251 70.361 0 53.329 1 1.000000
8052 806.137 52.633 238.908 -0.458021 70.361 0 53.329 1 1.000000
8053 806.137 52.633 238.908 -0.458021 70.361 0 53.329 1 1.000000
8054 806.137 52.633 238.908 -0.458021 70.361 0 53.329 1 1.000000
8055 806.137 52.633 238.908 -0.458021 70.361 0 53.329 1 1.000000
8056 806.137 52.633 238.908 -0.458021 70.361 0 53.329 1 1.000000
8057 806.137 52.633 238.908 -0.458021 70.361 0 53.329 1 1.000000
8058 806.137 52.633 238.908 -0.458021 70.361 0 53.329 1 1.000000
8059 806.137 52.633 238.908 -0.458021 70.361 0 53.329 1 1.000000
8060 806.137 52.633 238.908 -0.458021 70.361 0 53.329 1 1.000000
8061 806.137 52.633 238.908 -0.458021 70.361 0 53.329 1 1.000000
8062 806.137 52.633 238.908 -0.458021 70.361 0 53.329 1 1.000000
8063 806.137 52.633 238.908 -0.458021 70.361 0 53.329 1 1.000000
8064 806.137 52.633 238.908 -0.458021 70.361 0 53.329 1 1.000000
8065 806.137 52.633 238.908 -0.458021 70.361 0 53.329 1 1.000000
8066 806.137 52.633 238.908 -0.458021 70.361 0 53.329 1 1.000000
8067 806.137 52.633 238.908 -0.458021 70.361 0 53.329 1 1.000000
8068 806.137 52.633 238.908 -0.458021 70.361 0 53.329 1 1.000000
8069 806.137 52.633 238.908 -0.458021 70.361 0 53.329 1 1.000000
8070 806.137 52.633 238.908 -0.458021 70.361 0 53.329 1 1.000000
8071 806.137 52.633 238.908 -0.458021 70.361 0 53.329 1 1.000000
8072 806.137 52.633 238.908 -0.458021 70.361 0 53.329 1 1.000000
8073 806.137 52.633 238.908 -0.458021 70.361 0 53.329 1 1.000000
8074 806.137 52.633 238.908 -0.458021 70.361 0 53.329 1 1.000000
8075 806.137 52.633 238.908 -0.458021 70.361 0 53.329 1 1.000000
8076 806.137 52.633 238.908 -0.458021 70.361 0 53.329 1 1.000000
8077 806.137 52.633 238.908 -0.458021 70.361 0 53.329 1 1.000000
8078 806.137 52.633 238.908 -0.458021 70.361 0 53.329 1 1.000000
8079 806.137 52.633 238.908 -0.458021 70.361 0 53.329 1 1.000000
8080 806.137 52.633 238.908 -0.458021 70.361 0 53.329 1 1.000000
8081 806.137 52.633 238.908 -0.458021 70.361 0 53.329 1 1.000000
8082 806.137 52.633 238.908 -0.458021 70.361 0 53.329 1 1.000000
8083 806.137 52.633 238.908 -0.458021 70.361 0 53.329 1 1.000000
8084 806.137 52.633 238.908 -0.458021 70.361 0 53.329 1 1.000000
8085 806.137 52.633 238.908 -0.458021 70.361 0 53.329 1 1.000000
8086 806.137 52.633 238.908 -0.458021 70.361 0 53.329 1 1.000000
8087 806.137 52.633 238.908 -0.458021 70.361 0 53.329 1 1.000000
8088 806.137 52.633 238.908 -0.458021 70.361 0 53.329 1 1.000000
8089 806.137 52.633 238.908 -0.458021 70.361 0 53.329 1 1.000000
8090 806.137 52.633 238.908 -0.458021 70.361 0 53.329 1 1.000000
8091 806.137 52.633 238.908 -0.458021 70.361 0 53.329 1 1.000000
8092 806.137 52.633 238.908 -0.458021 70.361 0 53.329 1 1.000000
8093 806.137 52.633 238.908 -0.458021 70.361 0 53.329 1 1.000000
8094 806.137 52.633 238.908 -0.458021 70.361 0 53.329 1 1.000000
8095 806.137 52.633 238.908 -0.458021 70.361 0 53.329 1 1.000000
8096 806.137 52.633 238.908 -0.458021 70.361 0 53.329 1 1.000000
8097 806.137 52.633 238.908 -0.458021 70.361 0 53.329 1 1.000000
8098 806.137 52.633 238.908 -0.458021 70.361 0 53.329 1 1.000000
8099 806.137 52.633 238.908 -0.458021 70.361 0 53.329 1 1.000000
8100 806.137 52.633 238.908 -0.458021 70.361 0 53.329 1 1.000000
8101 806.137 52.633 238.908 -0.458021 70.361 0 53.329 1 1.000000
8102 806.137 52.633 238.908 -0.458021 70.361 0 53.329 1 1.000000
8103 806.137 52.633 238.908 -0.458021 70.361 0 53.329 1 1.000000
8104 806.137 52.633 238.908 -0.458021 70.361 0 53.329 1 1.000000
8105 806.137 52.633 238.908 -0.458021 70.361 0 53.329 1 1.000000
8106 806.137 52.633 238.908 -0.458021 70.361 0 53.329 1 1.000000
8107 806.137 52.633 238.908 -0.458021 70.361 0 53.329 1 1.000000
8108 806.137 52.633 238.908 -0.458021 70.361 0 53.329 1 1.000000
8109 806.137 52.633 238.908 -0.458021 70.361 0 53.329 1 1.000000
8110 806.137 52.633 238.908 -0.458021 70.361 0 53.329 1 1.000000
8111 806.137 52.633 238.908 -0.458021 70.361 0 53.329 1 1.000000
8112 806.137 52.633 238.908 -0.458021 70.361 0 53.329 1 1.000000
8113 806.137 52.633 238.908 -0.458021 70.361 0 53.329 1 1.000000
8114 806.137 52.633 238.908 -0.458021 70.361 0 53.329 1 1.000000
8115 806.137 52.633 238.908 -0.458021 70.361 0 53.329 1 1.000000
8116 806.137 52.633 238.908 -0.458021 70.361 0 53.329 1 1.000000
8117 806.137 52.633 238.908 -0.458021 70.361 0 53.329 1 1.000000
8118 806.137 52.633 238.908 -0.458021 70.361 0 53.329 1 1.000000
8119 806.137 52.633 238.908 -0.458021 70.361 0 53.329 1 1.000000
8120 806.137 52.633 238.908 -0.458021 70.361 0 53.329 1 1.000000
8121 806.137 52.633 238.908 -0.458021 70.361 0 53.329 1 1.000000
8122 806.137 52.633 238.908 -0.458021 70.361 0 53.329 1 1.000000
8123 806.137 52.633 238.908 -0.458021 70.361 0 53.329 1 1.000000
8124 806.137 52.633 238.908 -0.458021 70.361 0 53.329 1 1.000000
8125 806.137 52.633 238.908 -0.458021 70.361 0 53.329 1 1.000000
8126 806.137 52.633 238.908 -0.458021 70.361 0 53.329 1 1.000000
8127 806.137 52.633 238.908 -0.458021 70.361 0 53.329 1 1.000000
8128 806.137 52.633 238.908 -0.458021 70.361 0 53.329 1 1.000000
8129 806.137 52.633 238.908 -0.458021 70.361 0 53.329 1 1.000000
8130 806.137 52.633 238.908 -0.458021 70.361 0 53.329 1 1.000000
8131 806.137 52.633 238.908 -0.458021 70.361 0 53.329 1 1.000000
8132 806.137 52.633 238.908 -0.458021 70.361 0 53.329 1 1.000000
8133 806.137 52.633 238.908 -0.458021 70.361 0 53.329 1 1.000000
8134 806.137 52.633 238.908 -0.458021 70.361 0 53.329 1 1.000000
8135 806.137 52.633 238.908 -0.458021 70.361 0 53.329 1 1.000000
8136 806.137 52.633 238.908 -0.458021 70.361 0 53.329 1 1.000000
8137 806.137 52.633 238.908 -0.458021 70.361 0 53.329 1 1.000000
8138 806.137 52.633 238.908 -0.458021 70.361 0 53.329 1 1.000000
8139 806.137 52.633 238.908 -0.458021 70.361 0 53.329 1 1.000000
8140 806.137 52.633 238.908 -0.458021 70.361 0 53.329 1 1.000000
8141 806.137 52.633 238.908 -0.458021 70.361 0 53.329 1 1.000000
8142 806.137 52.633 238.908 -0.458021 70.361 0 53.329 1 1.000000
8143 806.137 52.633 238.908 -0.458021 70.361 0 53.329 1 1.000000
8144 806.137 52.633 238.908 -0.458021 70.361 0 53.329 1 1.000000
8145 806.137 52.633 238.908 -0.458021 70.361 0 53.329 1 1.000000
8146 806.137 52.633 238.908 -0.458021 70.361 0 53.329 1 1.000000
8147 806.137 52.633 238.908 -0.458021 70.361 0 53.329 1 1.000000
8148 806.137 52.633 238.908 -0.458021 70.361 0 53.329 1 1.000000
8149 806.137 52.633 238.908 -0.458021 70.361 0 53.329 1 1.000000
8150 806.137 52.633 238.908 -0.458021 70.361 0 53.329 1 1.000000
8151 806.137 52.633 238.908 -0.458021 70.361 0 53.329 1 1.000000
8152 806.137 52.633 238.908 -0.458021 70.361 0 53.329 1 1.000000
8153 806.137 52.633 238.908 -0.458021 70.361 0 53.329 1 1.000000
8154 806.137 52.633 238.908 -0.458021 70.361 0 53.329 1 1.000000
8155 806.137 52.633 238.908 -0.458021 70.361 0 53.329 1 1.000000
8156 806.137 52.633 238.908 -0.458021 70.361 0 53.329 1 1.000000
8157 806.137 52.633 238.908 -0.458021 70.361 0 53.329 1 1.000000
8158 806.137 52.633 238.908 -0.458021 70.361 0 53.329 1 1.000000
8159 806.137 52.633 238.908 -0.458021 70.361 0 53.329 1 1.000000
8160 806.137 52.633 238.908 -0.458021 70.361 0 53.329 1 1.000000
8161 806.137 52.633 238.908 -0.458021 70.361 0 53.329 1 1.000000
8162 806.137 52.633 238.908 -0.458021 70.361 0 53.329 1 1.000000
8163 806.137 52.633 238.908 -0.458021 70.361 0 53.329 1 1.000000
8164 806.137 52.633 238.908 -0.458021 70.361 0 53.329 1 1.000000
8165 806.137 52.633 238.908 -0.458021 70.361 0 53.329 1 1.000000
8166 806.137 52.633 238.908 -0.458021 70.361 0 53.329 1 1.000000
8167 806.137 52.633 238.908 -0.458021 70.361 0 53.329 1 1.000000
8168 806.137 52.633 238.908 -0.458021 70.361 0 53.329 1 1.000000
8169 806.137 52.633 238.908 -0.458021 70.361 0 53.329 1 1.000000
8170 806.137 52.633 238.908 -0.458021 70.361 0 53.329 1 1.000000
8171 806.137 52.633 238.908 -0.458021 70.361 0 53.329 1 1.000000
8172 806.137 52.633 238.908 -0.458021 70.361 0 53.329 1 1.000000
8173 806.137 52.633 238.908 -0.458021 70.361 0 53.329 1 1.000000
8174 806.137 52.633 238.908 -0.458021 70.361 0 53.329 1 1.000000
8175 806.137 52.633 238.908 -0.458021 70.361 0 53.329 1 1.000000
8176 806.137 52.633 238.908 -0.458021 70.361 0 53.329 1 1.000000
8177 806.137 52.633 238.908 -0.458021 70.361 0 53.329 1 1.000000
8178 806.137 52.633 238.908 -0.458021 70.361 0 53.329 1 1.000000
8179 806.137 52.633 238.908 -0.458021 70.361 0 53.329 1 1.000000
8180 806.137 52.633 238.908 -0.458021 70.361 0 53.329 1 1.000000
8181 806.137 52.633 238.908 -0.458021 70.361 0 53.329 1 1.000000
8182 806.137 52.633 238.908 -0.458021 70.361 0 53.329 1 1.000000
8183 806.137 52.633 238.908 -0.458021 70.361 0 53.329 1 1.000000
8184 806.137 52.633 238.908 -0.458021 70.361 0 53.329 1 1.000000
8185 806.137 52.633 238.908 -0.458021 70.361 0 53.329 1 1.000000
8186 806.137 52.633 238.908 -0.458021 70.361 0 53.329 1 1.000000
8187 806.137 52.633 238.908 -0.458021 70.361 0 53.329 1 1.000000
8188 806.137 52.633 238.908 -0.458021 70.361 0 53.329 1 1.000000
8189 806.137 52.633 238.908 -0.458021 70.361 0 53.329 1 1.000000
8190 806.137 52.633 238.908 -0.458021 70.361 0 53.329 1 1.000000
8191 806.137 52.633 238.908 -0.458021 70.361 0 53.329 1 1.000000
8192 806.137 52.633 238.908 -0.458021 70.361 0 53.329 1 1.000000
8193 806.137 52.633 238.908 -0.458021 70.361 0 53.329 1 1.000000
8194 806.137 52.633 238.908 -0.458021 70.361 0 53.329 1 1.000000
8195 806.137 52.633 238.908 -0.458021 70.361 0 53.329 1 1.000000
8196 806.137 52.633 238.908 -0.458021 70.361 0 53.329 1 1.000000
8197 806.137 52.633 238.908 -0.458021 70.361 0 53.329 1 1.000000
8198 806.137 52.633 238.908 -0.458021 70.361 0 53.329 1 1.000000
8199 806.137 52.633 238.908 -0.458021 70.361 0 53.329 1 1.000000
8200 806.137 52.633 238.908 -0.458021 70.361 0 53.329 1 1.000000
8201 806.137 52.633 238.908 -0.458021 70.361 0 53.329 1 1.000000
8202 806.137 52.633 238.908 -0.458021 70.361 0 53.329 1 1.000000
8203 806.137 52.633 238.908 -0.458021 70.361 0 53.329 1 1.000000
8204 806.137 52.633 238.908 -0.458021 70.361 0 53.329 1 1.000000
8205 806.137 52.633 238.908 -0.458021 70.361 0 53.329 1 1.000000
8206 806.137 52.633 238.908 -0.458021 70.361 0 53.329 1 1.000000
8207 806.137 52.633 238.908 -0.458021 70.361 0 53.329 1 1.000000
8208 806.137 52.633 238.908 -0.458021 70.361 0 53.329 1 1.000000
8209 806.137 52.633 238.908 -0.458021 70.361 0 53.329 1 1.000000
8210 806.137 52.633 238.908 -0.458021 70.361 0 53.329 1 1.000000
8211 806.137 52.633 238.908 -0.458021 70.361 0 53.329 1 1.000000
8212 806.137 52.633 238.908 -0.458021 70.361 0 53.329 1 1.000000
8213 806.137 52.633 238.908 -0.458021 70.361 0 53.329 1 1.000000
8214 806.137 52.633 238.908 -0.458021 70.361 0 53.329 1 1.000000
8215 806.137 52.633 238.908 -0.458021 70.361 0 53.329 1 1.000000
8216 806.137 52.633 238.908 -0.458021 70.361 0 53.329 1 1.000000
8217 806.137 52.633 238.908 -0.458021 70.361 0 53.329 1 1.000000
8218 806.137 52.633 238.908 -0.458021 70.361 0 53.329 1 1.000000
8219 806.137 52.633 238.908 -0.458021 70.361 0 53.329 1 1.000000
8220 806.137 52.633 238.908 -0.458021 70.361 0 53.329 1 1.000000
8221 806.137 52.633 238.908 -0.458021 70.361 0 53.329 1 1.000000
8222 806.137 52.633 238.908 -0.458021 70.361 0 53.329 1 1.000000
8223 806.135 52.704 238.911 -0.457051 70.361 0 53.334 1 1.000000
8224 806.134 52.772 238.914 -0.456069 70.360 0 53.339 1 1.000000
8225 806.134 52.772 238.914 -0.456069 70.360 0 53.339 1 1.000000
8226 806.134 52.772 238.914 -0.456069 70.360 0 53.339 1 1.000000
8227 806.111 52.838 238.907 -0.431792 70.362 0 53.344 1 1.000000
8228 806.111 52.838 238.907 -0.431792 70.362 0 53.344 1 1.000000
8229 806.110 52.901 238.910 -0.430857 70.362 0 53.348 1 1.000000
8230 806.110 52.901 238.910 -0.430857 70.362 0 53.348 1 1.000000
8231 806.089 52.961 238.904 -0.408458 70.363 0 53.352 1 1.000000
8232 806.089 52.961 238.904 -0.408458 70.363 0 53.352 1 1.000000
8233 806.089 53.017 238.908 -0.409486 70.362 0 53.356 1 1.000000
8234 806.089 53.017 238.908 -0.409486 70.362 0 53.356 1 1.000000
8235 806.106 53.064 238.918 -0.428221 70.361 0 53.360 1 1.000000
8236 806.106 53.064 238.918 -0.428221 70.361 0 53.360 1 1.000000
8237 806.122 53.110 238.926 -0.444556 70.359 0 53.364 1 1.000000
8238 806.122 53.110 238.926 -0.444556 70.359 0 53.364 1 1.000000
8239 806.133 53.155 238.931 -0.455554 70.359 0 53.369 1 1.000000
8240 806.133 53.155 238.931 -0.455554 70.359 0 53.369 1 1.000000
8241 806.140 53.200 238.933 -0.462374 70.358 0 53.377 1 1.000000
8242 806.170 53.388 238.921 -0.480870 70.359 0 53.422 1 1.000000
8243 806.170 53.388 238.921 -0.480870 70.359 0 53.422 1 1.000000
8244 806.183 53.396 238.920 -0.491685 70.358 0 53.429 1 1.000000
8245 806.183 53.396 238.920 -0.491685 70.358 0 53.429 1 1.000000
8246 806.192 53.400 238.918 -0.499430 70.358 0 53.435 1 1.000000
8247 806.192 53.400 238.918 -0.499430 70.358 0 53.435 1 1.000000
8248 806.201 53.403 238.917 -0.506435 70.358 0 53.440 1 1.000000
8249 806.201 53.403 238.917 -0.506435 70.358 0 53.440 1 1.000000
8250 806.208 53.405 238.915 -0.512572 70.358 0 53.445 1 1.000000
8251 806.215 53.408 238.913 -0.517845 70.358 0 53.450 1 1.000000
8252 806.215 53.408 238.913 -0.517845 70.358 0 53.450 1 1.000000
8253 806.215 53.408 238.913 -0.517845 70.358 0 53.450 1 1.000000
8254 806.221 53.410 238.911 -0.522312 70.358 0 53.454 1 1.000000
8255 806.221 53.410 238.911 -0.522312 70.358 0 53.454 1 1.000000
8256 806.226 53.411 238.909 -0.525979 70.358 0 53.458 1 1.000000
8257 806.230 53.413 238.907 -0.528713 70.358 0 53.462 1 1.000000
8258 806.230 53.413 238.907 -0.528713 70.358 0 53.462 1 1.000000
8259 806.230 53.413 238.907 -0.528713 70.358 0 53.462 1 1.000000
8260 806.234 53.414 238.905 -0.530705 70.359 0 53.466 1 1.000000
8261 806.234 53.414 238.905 -0.530705 70.359 0 53.466 1 1.000000
8262 806.236 53.414 238.902 -0.531834 70.359 0 53.469 1 1.000000
8263 806.236 53.414 238.902 -0.531834 70.359 0 53.469 1 1.000000
8264 806.238 53.415 238.899 -0.532101 70.359 0 53.473 1 1.000000
8265 806.238 53.415 238.899 -0.532101 70.359 0 53.473 1 1.000000
8266 806.238 53.415 238.896 -0.531497 70.359 0 53.476 1 1.000000
8267 806.238 53.415 238.896 -0.531497 70.359 0 53.476 1 1.000000
8268 806.239 53.412 238.893 -0.530941 70.360 0 53.478 1 1.000000
8269 806.239 53.412 238.893 -0.530941 70.360 0 53.478 1 1.000000
8270 806.211 53.404 238.884 -0.502779 70.361 0 53.474 1 1.000000
8271 806.211 53.404 238.884 -0.502779 70.361 0 53.474 1 1.000000
8272 806.212 53.396 238.882 -0.502312 70.362 0 53.476 1 1.000000
8273 806.212 53.396 238.882 -0.502312 70.362 0 53.476 1 1.000000
8274 806.190 53.382 238.884 -0.484062 70.362 0 53.463 1 1.000000
8275 806.190 53.382 238.884 -0.484062 70.362 0 53.463 1 1.000000
8276 806.174 53.369 238.894 -0.473642 70.361 0 53.446 1 1.000000
8277 806.174 53.369 238.894 -0.473642 70.361 0 53.446 1 1.000000
8278 806.170 53.349 238.890 -0.469000 70.362 0 53.446 1 1.000000
8279 806.170 53.349 238.890 -0.469000 70.362 0 53.446 1 1.000000
8280 806.171 53.330 238.886 -0.468613 70.362 0 53.447 1 1.000000
8281 806.171 53.330 238.886 -0.468613 70.362 0 53.447 1 1.000000
8282 806.165 53.305 238.882 -0.461926 70.363 0 53.445 1 1.000000
8283 806.166 53.281 238.878 -0.461613 70.363 0 53.446 1 1.000000
8284 806.166 53.281 238.878 -0.461613 70.363 0 53.446 1 1.000000
8285 806.166 53.281 238.878 -0.461613 70.363 0 53.446 1 1.000000
8286 806.158 53.250 238.874 -0.453409 70.364 0 53.443 1 1.000000
8287 806.158 53.250 238.874 -0.453409 70.364 0 53.443 1 1.000000
8288 806.159 53.221 238.870 -0.453273 70.364 0 53.443 1 1.000000
8289 806.150 53.185 238.865 -0.443534 70.365 0 53.440 1 1.000000
8290 806.140 53.069 238.853 -0.432116 70.367 0 53.433 1 1.000000
8291 806.140 53.069 238.853 -0.432116 70.367 0 53.433 1 1.000000
8292 806.119 53.023 238.846 -0.411053 70.368 0 53.425 1 1.000000
8293 806.119 53.023 238.846 -0.411053 70.368 0 53.425 1 1.000000
8294 806.119 52.880 238.846 -0.413149 70.368 0 53.408 1 1.000000
8295 806.119 52.880 238.846 -0.413149 70.368 0 53.408 1 1.000000
8296 806.125 52.833 238.852 -0.421752 70.367 0 53.399 1 1.000000
8297 806.125 52.833 238.852 -0.421752 70.367 0 53.399 1 1.000000
8298 806.131 52.783 238.859 -0.430895 70.366 0 53.389 1 1.000000
8299 806.131 52.783 238.859 -0.430895 70.366 0 53.389 1 1.000000
8300 806.138 52.730 238.866 -0.440397 70.365 0 53.380 1 1.000000
8301 806.138 52.730 238.866 -0.440397 70.365 0 53.380 1 1.000000
8302 806.145 52.674 238.873 -0.450491 70.364 0 53.369 1 1.000000
8303 806.131 52.648 238.876 -0.439210 70.365 0 53.358 1 1.000000
8304 806.131 52.648 238.876 -0.439210 70.365 0 53.358 1 1.000000
8305 806.131 52.648 238.876 -0.439210 70.365 0 53.358 1 1.000000
8306 806.144 52.646 238.886 -0.455647 70.363 0 53.354 1 1.000000
8307 806.144 52.646 238.886 -0.455647 70.363 0 53.354 1 1.000000
8308 806.143 52.643 238.889 -0.456087 70.363 0 53.350 1 1.000000
8309 806.143 52.638 238.893 -0.457088 70.362 0 53.346 1 1.000000
8310 806.143 52.638 238.893 -0.457088 70.362 0 53.346 1 1.000000
8311 806.143 52.638 238.893 -0.457088 70.362 0 53.346 1 1.000000
8312 806.144 52.633 238.898 -0.460361 70.362 0 53.342 1 1.000000
8313 806.144 52.633 238.898 -0.460361 70.362 0 53.342 1 1.000000
8314 806.140 52.645 238.902 -0.457831 70.362 0 53.338 1 1.000000
8315 806.140 52.645 238.902 -0.457831 70.362 0 53.338 1 1.000000
8316 806.137 52.642 238.904 -0.456265 70.361 0 53.334 1 1.000000
8317 806.137 52.642 238.904 -0.456265 70.361 0 53.334 1 1.000000
8318 806.136 52.637 238.907 -0.457203 70.361 0 53.330 1 1.000000
8319 806.136 52.637 238.907 -0.457203 70.361 0 53.330 1 1.000000
8320 806.137 52.631 238.912 -0.459835 70.361 0 53.326 1 1.000000
8321 806.137 52.631 238.912 -0.459835 70.361 0 53.326 1 1.000000
8322 806.134 52.643 238.916 -0.458101 70.360 0 53.322 1 1.000000
8323 806.134 52.643 238.916 -0.458101 70.360 0 53.322 1 1.000000
8324 806.131 52.641 238.918 -0.456540 70.360 0 53.319 1 1.000000
8325 806.131 52.641 238.918 -0.456540 70.360 0 53.319 1 1.000000
8326 806.130 52.635 238.921 -0.457478 70.360 0 53.315 1 1.000000
8327 806.130 52.635 238.921 -0.457478 70.360 0 53.315 1 1.000000
8328 806.131 52.629 238.926 -0.459898 70.359 0 53.311 1 1.000000
8329 806.131 52.629 238.926 -0.459898 70.359 0 53.311 1 1.000000
8330 806.129 52.629 238.929 -0.459700 70.359 0 53.307 1 1.000000
8331 806.126 52.641 238.933 -0.458501 70.359 0 53.304 1 1.000000
8332 806.126 52.641 238.933 -0.458501 70.359 0 53.304 1 1.000000
8333 806.124 52.638 238.935 -0.456940 70.358 0 53.300 1 1.000000
8334 806.124 52.638 238.935 -0.456940 70.358 0 53.300 1 1.000000
8335 806.123 52.633 238.938 -0.457874 70.358 0 53.296 1 1.000000
8336 806.123 52.633 238.938 -0.457874 70.358 0 53.296 1 1.000000
8337 806.124 52.626 238.942 -0.460076 70.358 0 53.292 1 1.000000
8338 806.124 52.626 238.942 -0.460076 70.358 0 53.292 1 1.000000
8339 806.120 52.638 238.947 -0.458926 70.357 0 53.288 1 1.000000
8340 806.120 52.638 238.947 -0.458926 70.357 0 53.288 1 1.000000
8341 806.118 52.636 238.949 -0.457374 70.357 0 53.285 1 1.000000
8342 806.118 52.636 238.949 -0.457374 70.357 0 53.285 1 1.000000
8343 806.117 52.630 238.952 -0.458366 70.357 0 53.281 1 1.000000
8344 806.117 52.630 238.952 -0.458366 70.357 0 53.281 1 1.000000
8345 806.118 52.623 238.956 -0.460950 70.356 0 53.277 1 1.000000
8346 806.118 52.623 238.956 -0.460950 70.356 0 53.277 1 1.000000
8347 806.117 52.635 238.959 -0.460972 70.356 0 53.276 1 1.000000
8348 806.117 52.635 238.959 -0.460972 70.356 0 53.276 1 1.000000
8349 806.114 52.633 238.959 -0.457853 70.356 0 53.274 1 1.000000
8350 806.114 52.633 238.959 -0.457853 70.356 0 53.274 1 1.000000
8351 806.115 52.628 238.959 -0.459442 70.356 0 53.274 1 1.000000
8352 806.118 52.622 238.959 -0.462432 70.356 0 53.274 1 1.000000
8353 806.118 52.622 238.959 -0.462432 70.356 0 53.274 1 1.000000
8354 806.117 52.633 238.962 -0.461860 70.356 0 53.272 1 1.000000
8355 806.117 52.633 238.962 -0.461860 70.356 0 53.272 1 1.000000
8356 806.114 52.631 238.960 -0.458756 70.356 0 53.273 1 1.000000
8357 806.114 52.631 238.960 -0.458756 70.356 0 53.273 1 1.000000
8358 806.116 52.626 238.960 -0.460355 70.356 0 53.273 1 1.000000
8359 806.120 52.620 238.961 -0.463995 70.356 0 53.273 1 1.000000
8360 806.120 52.620 238.961 -0.463995 70.356 0 53.273 1 1.000000
8361 806.120 52.620 238.961 -0.463995 70.356 0 53.273 1 1.000000
8362 806.117 52.632 238.963 -0.462083 70.356 0 53.271 1 1.000000
8363 806.117 52.632 238.963 -0.462083 70.356 0 53.271 1 1.000000
8364 806.114 52.630 238.961 -0.459253 70.356 0 53.272 1 1.000000
8365 806.114 52.630 238.961 -0.459253 70.356 0 53.272 1 1.000000
8366 806.116 52.625 238.961 -0.460906 70.356 0 53.272 1 1.000000
8367 806.116 52.625 238.961 -0.460906 70.356 0 53.272 1 1.000000
8368 806.120 52.620 238.962 -0.464772 70.356 0 53.272 1 1.000000
8369 806.116 52.631 238.964 -0.462396 70.356 0 53.270 1 1.000000
8370 806.116 52.631 238.964 -0.462396 70.356 0 53.270 1 1.000000
8371 806.116 52.631 238.964 -0.462396 70.356 0 53.270 1 1.000000
8372 806.114 52.629 238.962 -0.459692 70.356 0 53.270 1 1.000000
8373 806.116 52.624 238.962 -0.461282 70.356 0 53.271 1 1.000000
8374 806.116 52.624 238.962 -0.461282 70.356 0 53.271 1 1.000000
8375 806.116 52.624 238.962 -0.461282 70.356 0 53.271 1 1.000000
8376 806.120 52.619 238.963 -0.465220 70.356 0 53.271 1 1.000000
8377 806.120 52.619 238.963 -0.465220 70.356 0 53.271 1 1.000000
8378 806.117 52.631 238.965 -0.463115 70.356 0 53.269 1 1.000000
8379 806.117 52.631 238.965 -0.463115 70.356 0 53.269 1 1.000000
8380 806.113 52.631 238.964 -0.459373 70.356 0 53.269 1 1.000000
8381 806.113 52.631 238.964 -0.459373 70.356 0 53.269 1 1.000000
8382 806.115 52.626 238.964 -0.460900 70.356 0 53.269 1 1.000000
8383 806.115 52.626 238.964 -0.460900 70.356 0 53.269 1 1.000000
8384 806.118 52.620 238.964 -0.464106 70.356 0 53.269 1 1.000000
8385 806.118 52.620 238.964 -0.464106 70.356 0 53.269 1 1.000000
8386 806.116 52.631 238.967 -0.463202 70.355 0 53.268 1 1.000000
8387 806.116 52.631 238.967 -0.463202 70.355 0 53.268 1 1.000000
8388 806.112 52.631 238.966 -0.459459 70.356 0 53.267 1 1.000000
8389 806.112 52.631 238.966 -0.459459 70.356 0 53.267 1 1.000000
8390 806.114 52.626 238.965 -0.460986 70.356 0 53.268 1 1.000000
8391 806.114 52.626 238.965 -0.460986 70.356 0 53.268 1 1.000000
8392 806.117 52.619 238.965 -0.463913 70.355 0 53.268 1 1.000000
8393 806.116 52.620 238.965 -0.463001 70.356 0 53.268 1 1.000000
8394 806.116 52.620 238.965 -0.463001 70.356 0 53.268 1 1.000000
8395 806.116 52.620 238.965 -0.463001 70.356 0 53.268 1 1.000000
8396 806.118 52.619 238.965 -0.464173 70.355 0 53.268 1 1.000000
8397 806.116 52.631 238.968 -0.463264 70.355 0 53.266 1 1.000000
8398 806.116 52.631 238.968 -0.463264 70.355 0 53.266 1 1.000000
8399 806.112 52.631 238.967 -0.459715 70.355 0 53.266 1 1.000000
8400 806.112 52.631 238.967 -0.459715 70.355 0 53.266 1 1.000000
8401 806.114 52.626 238.966 -0.461242 70.355 0 53.267 1 1.000000
8402 806.115 52.631 238.969 -0.463723 70.355 0 53.265 1 1.000000
8403 806.115 52.631 238.969 -0.463723 70.355 0 53.265 1 1.000000
8404 806.115 52.631 238.969 -0.463723 70.355 0 53.265 1 1.000000
8405 806.112 52.630 238.968 -0.459918 70.355 0 53.265 1 1.000000
8406 806.112 52.630 238.968 -0.459918 70.355 0 53.265 1 1.000000
8407 806.114 52.625 238.968 -0.461507 70.355 0 53.265 1 1.000000
8408 806.114 52.625 238.968 -0.461507 70.355 0 53.265 1 1.000000
8409 806.117 52.619 238.968 -0.464289 70.355 0 53.266 1 1.000000
8410 806.115 52.630 238.970 -0.463911 70.355 0 53.264 1 1.000000
8411 806.115 52.630 238.970 -0.463911 70.355 0 53.264 1 1.000000
8412 806.113 52.628 238.969 -0.460879 70.355 0 53.264 1 1.000000
8413 806.113 52.628 238.969 -0.460879 70.355 0 53.264 1 1.000000
8414 806.114 52.623 238.968 -0.462406 70.355 0 53.265 1 1.000000
8415 806.114 52.623 238.968 -0.462406 70.355 0 53.265 1 1.000000
8416 806.118 52.618 238.969 -0.465983 70.355 0 53.265 1 1.000000
8417 806.118 52.618 238.969 -0.465983 70.355 0 53.265 1 1.000000
8418 806.115 52.629 238.971 -0.464133 70.355 0 53.263 1 1.000000
8419 806.115 52.629 238.971 -0.464133 70.355 0 53.263 1 1.000000
8420 806.112 52.629 238.970 -0.460729 70.355 0 53.262 1 1.000000
8421 806.112 52.629 238.970 -0.460729 70.355 0 53.262 1 1.000000
8422 806.114 52.624 238.970 -0.462256 70.355 0 53.263 1 1.000000
8423 806.114 52.624 238.970 -0.462256 70.355 0 53.263 1 1.000000
8424 806.117 52.618 238.970 -0.465327 70.355 0 53.263 1 1.000000
8425 806.117 52.618 238.970 -0.465327 70.355 0 53.263 1 1.000000
8426 806.117 52.618 238.970 -0.465327 70.355 0 53.263 1 1.000000
8427 806.115 52.629 238.973 -0.464418 70.355 0 53.262 1 1.000000
8428 806.115 52.629 238.973 -0.464418 70.355 0 53.262 1 1.000000
8429 806.111 52.629 238.971 -0.460873 70.355 0 53.261 1 1.000000
8430 806.113 52.624 238.971 -0.462400 70.355 0 53.262 1 1.000000
8431 806.113 52.624 238.971 -0.462400 70.355 0 53.262 1 1.000000
8432 806.113 52.624 238.971 -0.462400 70.355 0 53.262 1 1.000000
8433 806.116 52.617 238.971 -0.465254 70.355 0 53.262 1 1.000000
8434 806.116 52.617 238.971 -0.465254 70.355 0 53.262 1 1.000000
8435 806.115 52.629 238.974 -0.464876 70.355 0 53.260 1 1.000000
8436 806.115 52.629 238.974 -0.464876 70.355 0 53.260 1 1.000000
8437 806.112 52.627 238.972 -0.461709 70.355 0 53.261 1 1.000000
8438 806.112 52.627 238.972 -0.461709 70.355 0 53.261 1 1.000000
8439 806.114 52.622 238.972 -0.463303 70.355 0 53.261 1 1.000000
8440 806.114 52.622 238.972 -0.463303 70.355 0 53.261 1 1.000000
8441 806.117 52.616 238.972 -0.466880 70.355 0 53.261 1 1.000000
8442 806.117 52.616 238.972 -0.466880 70.355 0 53.261 1 1.000000
8443 806.114 52.628 238.975 -0.464973 70.355 0 53.259 1 1.000000
8444 806.114 52.628 238.975 -0.464973 70.355 0 53.259 1 1.000000
8445 806.112 52.625 238.973 -0.462202 70.355 0 53.260 1 1.000000
8446 806.112 52.625 238.973 -0.462202 70.355 0 53.260 1 1.000000
8447 806.114 52.621 238.972 -0.463728 70.355 0 53.260 1 1.000000
8448 806.114 52.621 238.972 -0.463728 70.355 0 53.260 1 1.000000
8449 806.118 52.616 238.973 -0.467652 70.355 0 53.261 1 1.000000
8450 806.118 52.616 238.973 -0.467652 70.355 0 53.261 1 1.000000
8451 806.114 52.627 238.975 -0.465219 70.355 0 53.259 1 1.000000
8452 806.114 52.627 238.975 -0.465219 70.355 0 53.259 1 1.000000
8453 806.112 52.625 238.974 -0.462515 70.355 0 53.259 1 1.000000
8454 806.112 52.625 238.974 -0.462515 70.355 0 53.259 1 1.000000
8455 806.114 52.620 238.973 -0.464105 70.355 0 53.260 1 1.000000
8456 806.114 52.620 238.973 -0.464105 70.355 0 53.260 1 1.000000
8457 806.118 52.615 238.974 -0.468048 70.355 0 53.260 1 1.000000
8458 806.114 52.627 238.978 -0.465754 70.354 0 53.256 1 1.000000
8459 806.114 52.627 238.978 -0.465754 70.354 0 53.256 1 1.000000
8460 806.111 52.625 238.976 -0.462795 70.355 0 53.257 1 1.000000
8461 806.113 52.620 238.975 -0.464385 70.355 0 53.257 1 1.000000
8462 806.113 52.620 238.975 -0.464385 70.355 0 53.257 1 1.000000
8463 806.113 52.620 238.975 -0.464385 70.355 0 53.257 1 1.000000
8464 806.117 52.615 238.976 -0.468096 70.354 0 53.258 1 1.000000
8465 806.117 52.615 238.976 -0.468096 70.354 0 53.258 1 1.000000
8466 806.114 52.626 238.978 -0.466329 70.354 0 53.256 1 1.000000
8467 806.114 52.626 238.978 -0.466329 70.354 0 53.256 1 1.000000
8468 806.112 52.624 238.976 -0.463162 70.354 0 53.256 1 1.000000
8469 806.112 52.624 238.976 -0.463162 70.354 0 53.256 1 1.000000
8470 806.113 52.619 238.976 -0.464751 70.354 0 53.257 1 1.000000
8471 806.113 52.619 238.976 -0.464751 70.354 0 53.257 1 1.000000
8472 806.117 52.614 238.977 -0.468680 70.354 0 53.257 1 1.000000
8473 806.117 52.614 238.977 -0.468680 70.354 0 53.257 1 1.000000
8474 806.114 52.626 238.979 -0.466642 70.354 0 53.255 1 1.000000
8475 806.114 52.626 238.979 -0.466642 70.354 0 53.255 1 1.000000
8476 806.111 52.623 238.977 -0.463471 70.354 0 53.255 1 1.000000
8477 806.111 52.623 238.977 -0.463471 70.354 0 53.255 1 1.000000
8478 806.113 52.619 238.977 -0.465003 70.354 0 53.256 1 1.000000
8479 806.113 52.619 238.977 -0.465003 70.354 0 53.256 1 1.000000
8480 806.117 52.614 238.978 -0.469008 70.354 0 53.256 1 1.000000
8481 806.117 52.614 238.978 -0.469008 70.354 0 53.256 1 1.000000
8482 806.114 52.626 238.980 -0.466835 70.354 0 53.254 1 1.000000
8483 806.110 52.625 238.979 -0.463089 70.354 0 53.254 1 1.000000
8484 806.110 52.625 238.979 -0.463089 70.354 0 53.254 1 1.000000
8485 806.110 52.625 238.979 -0.463089 70.354 0 53.254 1 1.000000
8486 806.112 52.620 238.978 -0.464611 70.354 0 53.254 1 1.000000
8487 806.116 52.614 238.979 -0.467831 70.354 0 53.255 1 1.000000
8488 806.116 52.614 238.979 -0.467831 70.354 0 53.255 1 1.000000
8489 806.113 52.626 238.981 -0.466652 70.354 0 53.253 1 1.000000
8490 806.113 52.626 238.981 -0.466652 70.354 0 53.253 1 1.000000
8491 806.113 52.626 238.981 -0.466652 70.354 0 53.253 1 1.000000
8492 806.111 52.624 238.979 -0.463688 70.354 0 53.253 1 1.000000
8493 806.111 52.624 238.979 -0.463688 70.354 0 53.253 1 1.000000
8494 806.113 52.619 238.979 -0.465277 70.354 0 53.254 1 1.000000
8495 806.113 52.619 238.979 -0.465277 70.354 0 53.254 1 1.000000
8496 806.116 52.614 238.979 -0.468999 70.354 0 53.254 1 1.000000
8497 806.114 52.615 238.979 -0.466528 70.354 0 53.254 1 1.000000
8498 806.114 52.615 238.979 -0.466528 70.354 0 53.254 1 1.000000
8499 806.114 52.615 238.979 -0.466528 70.354 0 53.254 1 1.000000
8500 806.114 52.615 238.979 -0.466528 70.354 0 53.254 1 1.000000
8501 806.114 52.615 238.979 -0.466528 70.354 0 53.254 1 1.000000
8502 806.114 52.615 238.979 -0.466528 70.354 0 53.254 1 1.000000
8503 806.114 52.615 238.979 -0.466528 70.354 0 53.254 1 1.000000
8504 806.114 52.615 238.979 -0.466528 70.354 0 53.254 1 1.000000
8505 806.114 52.615 238.979 -0.466528 70.354 0 53.254 1 1.000000
8506 806.114 52.615 238.979 -0.466528 70.354 0 53.254 1 1.000000
8507 806.114 52.615 238.979 -0.466528 70.354 0 53.254 1 1.000000
8508 806.114 52.615 238.979 -0.466528 70.354 0 53.254 1 1.000000
8509 806.114 52.615 238.979 -0.466528 70.354 0 53.254 1 1.000000
8510 806.114 52.615 238.979 -0.466528 70.354 0 53.254 1 1.000000
8511 806.114 52.615 238.979 -0.466528 70.354 0 53.254 1 1.000000
8512 806.114 52.615 238.979 -0.466528 70.354 0 53.254 1 1.000000
8513 806.114 52.615 238.979 -0.466528 70.354 0 53.254 1 1.000000
8514 806.114 52.615 238.979 -0.466528 70.354 0 53.254 1 1.000000
8515 806.114 52.615 238.979 -0.466528 70.354 0 53.254 1 1.000000
8516 806.114 52.615 238.979 -0.466528 70.354 0 53.254 1 1.000000
8517 806.114 52.615 238.979 -0.466528 70.354 0 53.254 1 1.000000
8518 806.114 52.615 238.979 -0.466528 70.354 0 53.254 1 1.000000
8519 806.114 52.615 238.979 -0.466528 70.354 0 53.254 1 1.000000
8520 806.114 52.615 238.979 -0.466528 70.354 0 53.254 1 1.000000
8521 806.114 52.615 238.979 -0.466528 70.354 0 53.254 1 1.000000
8522 806.114 52.615 238.979 -0.466528 70.354 0 53.254 1 1.000000
8523 806.114 52.615 238.979 -0.466528 70.354 0 53.254 1 1.000000
8524 806.114 52.615 238.979 -0.466528 70.354 0 53.254 1 1.000000
8525 806.114 52.615 238.979 -0.466528 70.354 0 53.254 1 1.000000
8526 806.114 52.615 238.979 -0.466528 70.354 0 53.254 1 1.000000
8527 806.114 52.615 238.979 -0.466528 70.354 0 53.254 1 1.000000
8528 806.114 52.615 238.979 -0.466528 70.354 0 53.254 1 1.000000
8529 806.114 52.615 238.979 -0.466528 70.354 0 53.254 1 1.000000
8530 806.114 52.615 238.979 -0.466528 70.354 0 53.254 1 1.000000
8531 806.114 52.615 238.979 -0.466528 70.354 0 53.254 1 1.000000
8532 806.114 52.615 238.979 -0.466528 70.354 0 53.254 1 1.000000
8533 806.114 52.615 238.979 -0.466528 70.354 0 53.254 1 1.000000
8534 806.114 52.615 238.979 -0.466528 70.354 0 53.254 1 1.000000
8535 806.114 52.615 238.979 -0.466528 70.354 0 53.254 1 1.000000
8536 806.114 52.615 238.979 -0.466528 70.354 0 53.254 1 1.000000
8537 806.114 52.615 238.979 -0.466528 70.354 0 53.254 1 1.000000
8538 806.114 52.615 238.979 -0.466528 70.354 0 53.254 1 1.000000
8539 806.114 52.615 238.979 -0.466528 70.354 0 53.254 1 1.000000
8540 806.114 52.615 238.979 -0.466528 70.354 0 53.254 1 1.000000
8541 806.114 52.615 238.979 -0.466528 70.354 0 53.254 1 1.000000
8542 806.114 52.615 238.979 -0.466528 70.354 0 53.254 1 1.000000
8543 806.114 52.615 238.979 -0.466528 70.354 0 53.254 1 1.000000
8544 806.114 52.615 238.979 -0.466528 70.354 0 53.254 1 1.000000
8545 806.114 52.615 238.979 -0.466528 70.354 0 53.254 1 1.000000
8546 806.114 52.615 238.979 -0.466528 70.354 0 53.254 1 1.000000
8547 806.114 52.615 238.979 -0.466528 70.354 0 53.254 1 1.000000
8548 806.114 52.615 238.979 -0.466528 70.354 0 53.254 1 1.000000
8549 806.114 52.615 238.979 -0.466528 70.354 0 53.254 1 1.000000
8550 806.114 52.615 238.979 -0.466528 70.354 0 53.254 1 1.000000
8551 806.114 52.615 238.979 -0.466528 70.354 0 53.254 1 1.000000
8552 806.114 52.615 238.979 -0.466528 70.354 0 53.254 1 1.000000
8553 806.114 52.615 238.979 -0.466528 70.354 0 53.254 1 1.000000
8554 806.114 52.615 238.979 -0.466528 70.354 0 53.254 1 1.000000
8555 806.114 52.615 238.979 -0.466528 70.354 0 53.254 1 1.000000
8556 806.114 52.615 238.979 -0.466528 70.354 0 53.254 1 1.000000
8557 806.114 52.615 238.979 -0.466528 70.354 0 53.254 1 1.000000
8558 806.114 52.615 238.979 -0.466528 70.354 0 53.254 1 1.000000
8559 806.114 52.615 238.979 -0.466528 70.354 0 53.254 1 1.000000
8560 806.114 52.615 238.979 -0.466528 70.354 0 53.254 1 1.000000
8561 806.114 52.615 238.979 -0.466528 70.354 0 53.254 1 1.000000
8562 806.114 52.615 238.979 -0.466528 70.354 0 53.254 1 1.000000
8563 806.114 52.615 238.979 -0.466528 70.354 0 53.254 1 1.000000
8564 806.114 52.615 238.979 -0.466528 70.354 0 53.254 1 1.000000
8565 806.114 52.615 238.979 -0.466528 70.354 0 53.254 1 1.000000
8566 806.114 52.615 238.979 -0.466528 70.354 0 53.254 1 1.000000
8567 806.114 52.615 238.979 -0.466528 70.354 0 53.254 1 1.000000
8568 806.114 52.615 238.979 -0.466528 70.354 0 53.254 1 1.000000
8569 806.114 52.615 238.979 -0.466528 70.354 0 53.254 1 1.000000
8570 806.114 52.615 238.979 -0.466528 70.354 0 53.254 1 1.000000
8571 806.114 52.615 238.979 -0.466528 70.354 0 53.254 1 1.000000
8572 806.114 52.615 238.979 -0.466528 70.354 0 53.254 1 1.000000
8573 806.114 52.615 238.979 -0.466528 70.354 0 53.254 1 1.000000
8574 806.114 52.615 238.979 -0.466528 70.354 0 53.254 1 1.000000
8575 806.114 52.615 238.979 -0.466528 70.354 0 53.254 1 1.000000
8576 806.114 52.615 238.979 -0.466528 70.354 0 53.254 1 1.000000
8577 806.114 52.615 238.979 -0.466528 70.354 0 53.254 1 1.000000
8578 806.114 52.615 238.979 -0.466528 70.354 0 53.254 1 1.000000
8579 806.114 52.615 238.979 -0.466528 70.354 0 53.254 1 1.000000
8580 806.114 52.615 238.979 -0.466528 70.354 0 53.254 1 1.000000
8581 806.114 52.615 238.979 -0.466528 70.354 0 53.254 1 1.000000
8582 806.114 52.615 238.979 -0.466528 70.354 0 53.254 1 1.000000
8583 806.114 52.615 238.979 -0.466528 70.354 0 53.254 1 1.000000
8584 806.114 52.615 238.979 -0.466528 70.354 0 53.254 1 1.000000
8585 806.114 52.615 238.979 -0.466528 70.354 0 53.254 1 1.000000
8586 806.114 52.615 238.979 -0.466528 70.354 0 53.254 1 1.000000
8587 806.114 52.615 238.979 -0.466528 70.354 0 53.254 1 1.000000
8588 806.114 52.615 238.979 -0.466528 70.354 0 53.254 1 1.000000
8589 806.114 52.615 238.979 -0.466528 70.354 0 53.254 1 1.000000
8590 806.114 52.615 238.979 -0.466528 70.354 0 53.254 1 1.000000
8591 806.114 52.615 238.979 -0.466528 70.354 0 53.254 1 1.000000
8592 806.114 52.615 238.979 -0.466528 70.354 0 53.254 1 1.000000
8593 806.114 52.615 238.979 -0.466528 70.354 0 53.254 1 1.000000
8594 806.114 52.615 238.979 -0.466528 70.354 0 53.254 1 1.000000
8595 806.114 52.615 238.979 -0.466528 70.354 0 53.254 1 1.000000
8596 806.114 52.615 238.979 -0.466528 70.354 0 53.254 1 1.000000
8597 806.114 52.615 238.979 -0.466528 70.354 0 53.254 1 1.000000
8598 806.114 52.615 238.979 -0.466528 70.354 0 53.254 1 1.000000
8599 806.114 52.615 238.979 -0.466528 70.354 0 53.254 1 1.000000
8600 806.114 52.615 238.979 -0.466528 70.354 0 53.254 1 1.000000
8601 806.114 52.615 238.979 -0.466528 70.354 0 53.254 1 1.000000
8602 806.114 52.615 238.979 -0.466528 70.354 0 53.254 1 1.000000
8603 806.114 52.615 238.979 -0.466528 70.354 0 53.254 1 1.000000
8604 806.114 52.615 238.979 -0.466528 70.354 0 53.254 1 1.000000
8605 806.114 52.615 238.979 -0.466528 70.354 0 53.254 1 1.000000
8606 806.114 52.615 238.979 -0.466528 70.354 0 53.254 1 1.000000
8607 806.114 52.615 238.979 -0.466528 70.354 0 53.254 1 1.000000
8608 806.114 52.615 238.979 -0.466528 70.354 0 53.254 1 1.000000
8609 806.114 52.615 238.979 -0.466528 70.354 0 53.254 1 1.000000
8610 806.114 52.615 238.979 -0.466528 70.354 0 53.254 1 1.000000
8611 806.114 52.615 238.979 -0.466528 70.354 0 53.254 1 1.000000
8612 806.114 52.615 238.979 -0.466528 70.354 0 53.254 1 1.000000
8613 806.114 52.615 238.979 -0.466528 70.354 0 53.254 1 1.000000
8614 806.114 52.615 238.979 -0.466528 70.354 0 53.254 1 1.000000
8615 806.114 52.615 238.979 -0.466528 70.354 0 53.254 1 1.000000
8616 806.114 52.615 238.979 -0.466528 70.354 0 53.254 1 1.000000
8617 806.114 52.615 238.979 -0.466528 70.354 0 53.254 1 1.000000
8618 806.114 52.615 238.979 -0.466528 70.354 0 53.254 1 1.000000
8619 806.114 52.615 238.979 -0.466528 70.354 0 53.254 1 1.000000
8620 806.114 52.615 238.979 -0.466528 70.354 0 53.254 1 1.000000
8621 806.114 52.615 238.979 -0.466528 70.354 0 53.254 1 1.000000
8622 806.114 52.615 238.979 -0.466528 70.354 0 53.254 1 1.000000
8623 806.114 52.615 238.979 -0.466528 70.354 0 53.254 1 1.000000
8624 806.114 52.615 238.979 -0.466528 70.354 0 53.254 1 1.000000
8625 806.114 52.615 238.979 -0.466528 70.354 0 53.254 1 1.000000
8626 806.114 52.615 238.979 -0.466528 70.354 0 53.254 1 1.000000
8627 806.114 52.615 238.979 -0.466528 70.354 0 53.254 1 1.000000
8628 806.114 52.615 238.979 -0.466528 70.354 0 53.254 1 1.000000
8629 806.114 52.615 238.979 -0.466528 70.354 0 53.254 1 1.000000
8630 806.114 52.615 238.979 -0.466528 70.354 0 53.254 1 1.000000
8631 806.114 52.615 238.979 -0.466528 70.354 0 53.254 1 1.000000
8632 806.114 52.615 238.979 -0.466528 70.354 0 53.254 1 1.000000
8633 806.114 52.615 238.979 -0.466528 70.354 0 53.254 1 1.000000
8634 806.114 52.615 238.979 -0.466528 70.354 0 53.254 1 1.000000
8635 806.114 52.615 238.979 -0.466528 70.354 0 53.254 1 1.000000
8636 806.114 52.615 238.979 -0.466528 70.354 0 53.254 1 1.000000
8637 806.114 52.615 238.979 -0.466528 70.354 0 53.254 1 1.000000
8638 806.114 52.615 238.979 -0.466528 70.354 0 53.254 1 1.000000
8639 806.114 52.615 238.979 -0.466528 70.354 0 53.254 1 1.000000
8640 806.114 52.615 238.979 -0.466528 70.354 0 53.254 1 1.000000
8641 806.114 52.615 238.979 -0.466528 70.354 0 53.254 1 1.000000
8642 806.114 52.615 238.979 -0.466528 70.354 0 53.254 1 1.000000
8643 806.114 52.615 238.979 -0.466528 70.354 0 53.254 1 1.000000
8644 806.114 52.615 238.979 -0.466528 70.354 0 53.254 1 1.000000
8645 806.114 52.615 238.979 -0.466528 70.354 0 53.254 1 1.000000
8646 806.114 52.615 238.979 -0.466528 70.354 0 53.254 1 1.000000
8647 806.114 52.615 238.979 -0.466528 70.354 0 53.254 1 1.000000
8648 806.114 52.615 238.979 -0.466528 70.354 0 53.254 1 1.000000
8649 806.114 52.615 238.979 -0.466528 70.354 0 53.254 1 1.000000
8650 806.114 52.615 238.979 -0.466528 70.354 0 53.254 1 1.000000
8651 806.114 52.615 238.979 -0.466528 70.354 0 53.254 1 1.000000
8652 806.114 52.615 238.979 -0.466528 70.354 0 53.254 1 1.000000
8653 806.114 52.615 238.979 -0.466528 70.354 0 53.254 1 1.000000
8654 806.114 52.615 238.979 -0.466528 70.354 0 53.254 1 1.000000
8655 806.114 52.615 238.979 -0.466528 70.354 0 53.254 1 1.000000
8656 806.114 52.615 238.979 -0.466528 70.354 0 53.254 1 1.000000
8657 806.114 52.615 238.979 -0.466528 70.354 0 53.254 1 1.000000
8658 806.114 52.615 238.979 -0.466528 70.354 0 53.254 1 1.000000
8659 806.114 52.615 238.979 -0.466528 70.354 0 53.254 1 1.000000
8660 806.114 52.615 238.979 -0.466528 70.354 0 53.254 1 1.000000
8661 806.114 52.615 238.979 -0.466528 70.354 0 53.254 1 1.000000
8662 806.114 52.615 238.979 -0.466528 70.354 0 53.254 1 1.000000
8663 806.114 52.615 238.979 -0.466528 70.354 0 53.254 1 1.000000
8664 806.114 52.615 238.979 -0.466528 70.354 0 53.254 1 1.000000
8665 806.114 52.686 238.978 -0.465410 70.354 0 53.263 1 1.000000
8666 806.114 52.686 238.978 -0.465410 70.354 0 53.263 1 1.000000
8667 806.115 52.754 238.977 -0.464334 70.354 0 53.272 1 1.000000
8668 806.087 52.820 238.968 -0.434992 70.356 0 53.277 1 1.000000
8669 806.087 52.820 238.968 -0.434992 70.356 0 53.277 1 1.000000
8670 806.087 52.820 238.968 -0.434992 70.356 0 53.277 1 1.000000
8671 806.086 52.883 238.970 -0.434065 70.356 0 53.282 1 1.000000
8672 806.086 52.883 238.970 -0.434065 70.356 0 53.282 1 1.000000
8673 806.065 52.943 238.964 -0.411601 70.357 0 53.287 1 1.000000
8674 806.064 53.001 238.967 -0.410735 70.357 0 53.291 1 1.000000
8675 806.064 53.001 238.967 -0.410735 70.357 0 53.291 1 1.000000
8676 806.064 53.001 238.967 -0.410735 70.357 0 53.291 1 1.000000
8677 806.072 53.039 238.972 -0.419670 70.356 0 53.294 1 1.000000
8678 806.088 53.083 238.981 -0.437434 70.355 0 53.297 1 1.000000
8679 806.088 53.083 238.981 -0.437434 70.355 0 53.297 1 1.000000
8680 806.088 53.083 238.981 -0.437434 70.355 0 53.297 1 1.000000
8681 806.104 53.125 238.990 -0.454212 70.353 0 53.301 1 1.000000
8682 806.104 53.125 238.990 -0.454212 70.353 0 53.301 1 1.000000
8683 806.117 53.166 238.997 -0.467882 70.352 0 53.305 1 1.000000
8684 806.134 53.246 239.001 -0.483385 70.351 0 53.318 1 1.000000
8685 806.138 53.284 238.999 -0.486245 70.351 0 53.326 1 1.000000
8686 806.138 53.284 238.999 -0.486245 70.351 0 53.326 1 1.000000
8687 806.145 53.319 238.996 -0.489781 70.351 0 53.335 1 1.000000
8688 806.145 53.319 238.996 -0.489781 70.351 0 53.335 1 1.000000
8689 806.150 53.351 238.993 -0.492950 70.352 0 53.344 1 1.000000
8690 806.155 53.381 238.990 -0.495696 70.352 0 53.353 1 1.000000
8691 806.155 53.381 238.990 -0.495696 70.352 0 53.353 1 1.000000
8692 806.164 53.396 238.989 -0.502299 70.352 0 53.359 1 1.000000
8693 806.164 53.396 238.989 -0.502299 70.352 0 53.359 1 1.000000
8694 806.164 53.396 238.989 -0.502299 70.352 0 53.359 1 1.000000
8695 806.172 53.398 238.988 -0.509358 70.352 0 53.364 1 1.000000
8696 806.172 53.398 238.988 -0.509358 70.352 0 53.364 1 1.000000
8697 806.180 53.400 238.986 -0.515620 70.352 0 53.368 1 1.000000
8698 806.180 53.400 238.986 -0.515620 70.352 0 53.368 1 1.000000
8699 806.187 53.403 238.984 -0.521018 70.352 0 53.373 1 1.000000
8700 806.187 53.403 238.984 -0.521018 70.352 0 53.373 1 1.000000
8701 806.193 53.405 238.982 -0.525547 70.352 0 53.378 1 1.000000
8702 806.193 53.405 238.982 -0.525547 70.352 0 53.378 1 1.000000
8703 806.198 53.406 238.980 -0.529155 70.352 0 53.382 1 1.000000
8704 806.198 53.406 238.980 -0.529155 70.352 0 53.382 1 1.000000
8705 806.202 53.408 238.977 -0.531880 70.352 0 53.387 1 1.000000
8706 806.206 53.409 238.974 -0.533743 70.352 0 53.391 1 1.000000
8707 806.206 53.409 238.974 -0.533743 70.352 0 53.391 1 1.000000
8708 806.208 53.409 238.971 -0.534739 70.352 0 53.395 1 1.000000
8709 806.208 53.409 238.971 -0.534739 70.352 0 53.395 1 1.000000
8710 806.208 53.409 238.971 -0.534739 70.352 0 53.395 1 1.000000
8711 806.210 53.410 238.968 -0.534931 70.353 0 53.398 1 1.000000
8712 806.210 53.410 238.968 -0.534931 70.353 0 53.398 1 1.000000
8713 806.210 53.410 238.965 -0.534261 70.353 0 53.402 1 1.000000
8714 806.210 53.410 238.965 -0.534261 70.353 0 53.402 1 1.000000
8715 806.211 53.407 238.961 -0.533579 70.353 0 53.405 1 1.000000
8716 806.211 53.407 238.961 -0.533579 70.353 0 53.405 1 1.000000
8717 806.184 53.399 238.952 -0.505358 70.355 0 53.401 1 1.000000
8718 806.184 53.399 238.952 -0.505358 70.355 0 53.401 1 1.000000
8719 806.184 53.391 238.949 -0.504814 70.355 0 53.403 1 1.000000
8720 806.184 53.391 238.949 -0.504814 70.355 0 53.403 1 1.000000
8721 806.165 53.379 238.941 -0.484350 70.357 0 53.401 1 1.000000
8722 806.166 53.366 238.937 -0.483764 70.357 0 53.403 1 1.000000
8723 806.161 53.346 238.933 -0.478465 70.358 0 53.403 1 1.000000
8724 806.156 53.302 238.924 -0.471203 70.359 0 53.403 1 1.000000
8725 806.156 53.302 238.924 -0.471203 70.359 0 53.403 1 1.000000
8726 806.156 53.302 238.924 -0.471203 70.359 0 53.403 1 1.000000
8727 806.157 53.278 238.921 -0.470885 70.359 0 53.404 1 1.000000
8728 806.157 53.278 238.921 -0.470885 70.359 0 53.404 1 1.000000
8729 806.149 53.248 238.915 -0.462624 70.360 0 53.402 1 1.000000
8730 806.149 53.248 238.915 -0.462624 70.360 0 53.402 1 1.000000
8731 806.150 53.218 238.912 -0.462362 70.360 0 53.402 1 1.000000
8732 806.150 53.218 238.912 -0.462362 70.360 0 53.402 1 1.000000
8733 806.141 53.182 238.906 -0.452630 70.361 0 53.399 1 1.000000
8734 806.141 53.182 238.906 -0.452630 70.361 0 53.399 1 1.000000
8735 806.142 53.147 238.903 -0.452421 70.361 0 53.398 1 1.000000
8736 806.129 53.106 238.897 -0.439399 70.362 0 53.393 1 1.000000
8737 806.129 53.106 238.897 -0.439399 70.362 0 53.393 1 1.000000
8738 806.129 53.106 238.897 -0.439399 70.362 0 53.393 1 1.000000
8739 806.130 53.066 238.895 -0.439558 70.363 0 53.391 1 1.000000
8740 806.130 53.066 238.895 -0.439558 70.363 0 53.391 1 1.000000
8741 806.103 53.022 238.886 -0.412776 70.364 0 53.382 1 1.000000
8742 806.103 53.022 238.886 -0.412776 70.364 0 53.382 1 1.000000
8743 806.103 52.869 238.886 -0.415172 70.364 0 53.363 1 1.000000
8744 806.103 52.869 238.886 -0.415172 70.364 0 53.363 1 1.000000
8745 806.109 52.821 238.893 -0.423836 70.363 0 53.354 1 1.000000
8746 806.109 52.821 238.893 -0.423836 70.363 0 53.354 1 1.000000
8747 806.115 52.771 238.899 -0.432856 70.363 0 53.345 1 1.000000
8748 806.115 52.771 238.899 -0.432856 70.363 0 53.345 1 1.000000
8749 806.122 52.718 238.906 -0.442477 70.362 0 53.335 1 1.000000
8750 806.122 52.718 238.906 -0.442477 70.362 0 53.335 1 1.000000
8751 806.129 52.663 238.913 -0.452502 70.361 0 53.325 1 1.000000
8752 806.129 52.663 238.913 -0.452502 70.361 0 53.325 1 1.000000
8753 806.117 52.640 238.917 -0.443214 70.361 0 53.314 1 1.000000
8754 806.117 52.640 238.917 -0.443214 70.361 0 53.314 1 1.000000
8755 806.128 52.637 238.925 -0.457120 70.359 0 53.311 1 1.000000
8756 806.128 52.637 238.925 -0.457120 70.359 0 53.311 1 1.000000
8757 806.127 52.635 238.929 -0.457560 70.359 0 53.307 1 1.000000
8758 806.127 52.629 238.932 -0.458556 70.359 0 53.303 1 1.000000
8759 806.127 52.629 238.932 -0.458556 70.359 0 53.303 1 1.000000
8760 806.127 52.629 238.932 -0.458556 70.359 0 53.303 1 1.000000
8761 806.129 52.626 238.937 -0.462614 70.358 0 53.299 1 1.000000
8762 806.129 52.626 238.937 -0.462614 70.358 0 53.299 1 1.000000
8763 806.123 52.638 238.940 -0.458676 70.358 0 53.295 1 1.000000
8764 806.121 52.635 238.942 -0.457457 70.358 0 53.292 1 1.000000
8765 806.121 52.635 238.942 -0.457457 70.358 0 53.292 1 1.000000
8766 806.121 52.635 238.942 -0.457457 70.358 0 53.292 1 1.000000
8767 806.120 52.630 238.946 -0.458449 70.357 0 53.288 1 1.000000
8768 806.120 52.630 238.946 -0.458449 70.357 0 53.288 1 1.000000
8769 806.121 52.624 238.950 -0.461225 70.357 0 53.284 1 1.000000
8770 806.121 52.624 238.950 -0.461225 70.357 0 53.284 1 1.000000
8771 806.118 52.636 238.954 -0.459674 70.357 0 53.280 1 1.000000
8772 806.118 52.636 238.954 -0.459674 70.357 0 53.280 1 1.000000
8773 806.115 52.633 238.956 -0.457785 70.356 0 53.277 1 1.000000
8774 806.115 52.633 238.956 -0.457785 70.356 0 53.277 1 1.000000
8775 806.115 52.628 238.960 -0.459461 70.356 0 53.273 1 1.000000
8776 806.115 52.628 238.960 -0.459461 70.356 0 53.273 1 1.000000
8777 806.118 52.621 238.960 -0.462301 70.356 0 53.273 1 1.000000
8778 806.118 52.621 238.960 -0.462301 70.356 0 53.273 1 1.000000
8779 806.116 52.633 238.963 -0.461923 70.356 0 53.272 1 1.000000
8780 806.116 52.633 238.963 -0.461923 70.356 0 53.272 1 1.000000
8781 806.113 52.633 238.962 -0.458253 70.356 0 53.271 1 1.000000
8782 806.113 52.633 238.962 -0.458253 70.356 0 53.271 1 1.000000
8783 806.115 52.628 238.961 -0.459843 70.356 0 53.272 1 1.000000
8784 806.115 52.628 238.961 -0.459843 70.356 0 53.272 1 1.000000
8785 806.118 52.621 238.961 -0.462625 70.356 0 53.272 1 1.000000
8786 806.117 52.621 238.961 -0.462036 70.356 0 53.272 1 1.000000
8787 806.117 52.621 238.961 -0.462036 70.356 0 53.272 1 1.000000
8788 806.117 52.621 238.961 -0.462036 70.356 0 53.272 1 1.000000
8789 806.117 52.621 238.961 -0.462036 70.356 0 53.272 1 1.000000
8790 806.117 52.621 238.961 -0.462036 70.356 0 53.272 1 1.000000
8791 806.117 52.621 238.961 -0.462036 70.356 0 53.272 1 1.000000
8792 806.117 52.621 238.961 -0.462036 70.356 0 53.272 1 1.000000
8793 806.117 52.621 238.961 -0.462036 70.356 0 53.272 1 1.000000
8794 806.117 52.621 238.961 -0.462036 70.356 0 53.272 1 1.000000
8795 806.117 52.621 238.961 -0.462036 70.356 0 53.272 1 1.000000
8796 806.117 52.621 238.961 -0.462036 70.356 0 53.272 1 1.000000
8797 806.117 52.621 238.961 -0.462036 70.356 0 53.272 1 1.000000
8798 806.117 52.621 238.961 -0.462036 70.356 0 53.272 1 1.000000
8799 806.117 52.621 238.961 -0.462036 70.356 0 53.272 1 1.000000
8800 806.117 52.621 238.961 -0.462036 70.356 0 53.272 1 1.000000
8801 806.117 52.621 238.961 -0.462036 70.356 0 53.272 1 1.000000
8802 806.117 52.621 238.961 -0.462036 70.356 0 53.272 1 1.000000
8803 806.117 52.621 238.961 -0.462036 70.356 0 53.272 1 1.000000
8804 806.117 52.621 238.961 -0.462036 70.356 0 53.272 1 1.000000
8805 806.117 52.621 238.961 -0.462036 70.356 0 53.272 1 1.000000
8806 806.117 52.621 238.961 -0.462036 70.356 0 53.272 1 1.000000
8807 806.117 52.621 238.961 -0.462036 70.356 0 53.272 1 1.000000
8808 806.117 52.621 238.961 -0.462036 70.356 0 53.272 1 1.000000
8809 806.117 52.621 238.961 -0.462036 70.356 0 53.272 1 1.000000
8810 806.117 52.621 238.961 -0.462036 70.356 0 53.272 1 1.000000
8811 806.117 52.621 238.961 -0.462036 70.356 0 53.272 1 1.000000
8812 806.117 52.621 238.961 -0.462036 70.356 0 53.272 1 1.000000
8813 806.117 52.621 238.961 -0.462036 70.356 0 53.272 1 1.000000
8814 806.117 52.621 238.961 -0.462036 70.356 0 53.272 1 1.000000
8815 806.117 52.621 238.961 -0.462036 70.356 0 53.272 1 1.000000
8816 806.117 52.621 238.961 -0.462036 70.356 0 53.272 1 1.000000
8817 806.117 52.621 238.961 -0.462036 70.356 0 53.272 1 1.000000
8818 806.117 52.621 238.961 -0.462036 70.356 0 53.272 1 1.000000
8819 806.117 52.621 238.961 -0.462036 70.356 0 53.272 1 1.000000
8820 806.117 52.621 238.961 -0.462036 70.356 0 53.272 1 1.000000
8821 806.117 52.621 238.961 -0.462036 70.356 0 53.272 1 1.000000
8822 806.117 52.621 238.961 -0.462036 70.356 0 53.272 1 1.000000
8823 806.117 52.621 238.961 -0.462036 70.356 0 53.272 1 1.000000
8824 806.117 52.621 238.961 -0.462036 70.356 0 53.272 1 1.000000
8825 806.117 52.621 238.961 -0.462036 70.356 0 53.272 1 1.000000
8826 806.117 52.621 238.961 -0.462036 70.356 0 53.272 1 1.000000
8827 806.117 52.621 238.961 -0.462036 70.356 0 53.272 1 1.000000
8828 806.117 52.621 238.961 -0.462036 70.356 0 53.272 1 1.000000
8829 806.117 52.621 238.961 -0.462036 70.356 0 53.272 1 1.000000
8830 806.117 52.621 238.961 -0.462036 70.356 0 53.272 1 1.000000
8831 806.117 52.621 238.961 -0.462036 70.356 0 53.272 1 1.000000
8832 806.117 52.621 238.961 -0.462036 70.356 0 53.272 1 1.000000
8833 806.117 52.621 238.961 -0.462036 70.356 0 53.272 1 1.000000
8834 806.117 52.621 238.961 -0.462036 70.356 0 53.272 1 1.000000
8835 806.117 52.621 238.961 -0.462036 70.356 0 53.272 1 1.000000
8836 806.117 52.621 238.961 -0.462036 70.356 0 53.272 1 1.000000
8837 806.117 52.621 238.961 -0.462036 70.356 0 53.272 1 1.000000
8838 806.117 52.621 238.961 -0.462036 70.356 0 53.272 1 1.000000
8839 806.117 52.621 238.961 -0.462036 70.356 0 53.272 1 1.000000
8840 806.117 52.621 238.961 -0.462036 70.356 0 53.272 1 1.000000
8841 806.117 52.621 238.961 -0.462036 70.356 0 53.272 1 1.000000
8842 806.117 52.621 238.961 -0.462036 70.356 0 53.272 1 1.000000
8843 806.117 52.621 238.961 -0.462036 70.356 0 53.272 1 1.000000
8844 806.117 52.621 238.961 -0.462036 70.356 0 53.272 1 1.000000
8845 806.117 52.621 238.961 -0.462036 70.356 0 53.272 1 1.000000
8846 806.117 52.621 238.961 -0.462036 70.356 0 53.272 1 1.000000
8847 806.117 52.621 238.961 -0.462036 70.356 0 53.272 1 1.000000
8848 806.117 52.621 238.961 -0.462036 70.356 0 53.272 1 1.000000
8849 806.117 52.621 238.961 -0.462036 70.356 0 53.272 1 1.000000
8850 806.117 52.621 238.961 -0.462036 70.356 0 53.272 1 1.000000
8851 806.117 52.621 238.961 -0.462036 70.356 0 53.272 1 1.000000
8852 806.117 52.621 238.961 -0.462036 70.356 0 53.272 1 1.000000
8853 806.117 52.621 238.961 -0.462036 70.356 0 53.272 1 1.000000
8854 806.117 52.621 238.961 -0.462036 70.356 0 53.272 1 1.000000
8855 806.117 52.621 238.961 -0.462036 70.356 0 53.272 1 1.000000
8856 806.117 52.621 238.961 -0.462036 70.356 0 53.272 1 1.000000
8857 806.117 52.621 238.961 -0.462036 70.356 0 53.272 1 1.000000
8858 806.117 52.621 238.961 -0.462036 70.356 0 53.272 1 1.000000
8859 806.117 52.621 238.961 -0.462036 70.356 0 53.272 1 1.000000
8860 806.117 52.621 238.961 -0.462036 70.356 0 53.272 1 1.000000
8861 806.117 52.621 238.961 -0.462036 70.356 0 53.272 1 1.000000
8862 806.117 52.621 238.961 -0.462036 70.356 0 53.272 1 1.000000
8863 806.117 52.621 238.961 -0.462036 70.356 0 53.272 1 1.000000
8864 806.117 52.621 238.961 -0.462036 70.356 0 53.272 1 1.000000
8865 806.117 52.621 238.961 -0.462036 70.356 0 53.272 1 1.000000
8866 806.117 52.621 238.961 -0.462036 70.356 0 53.272 1 1.000000
8867 806.117 52.621 238.961 -0.462036 70.356 0 53.272 1 1.000000
8868 806.117 52.621 238.961 -0.462036 70.356 0 53.272 1 1.000000
8869 806.117 52.621 238.961 -0.462036 70.356 0 53.272 1 1.000000
8870 806.117 52.621 238.961 -0.462036 70.356 0 53.272 1 1.000000
8871 806.117 52.621 238.961 -0.462036 70.356 0 53.272 1 1.000000
8872 806.117 52.621 238.961 -0.462036 70.356 0 53.272 1 1.000000
8873 806.117 52.621 238.961 -0.462036 70.356 0 53.272 1 1.000000
8874 806.117 52.621 238.961 -0.462036 70.356 0 53.272 1 1.000000
8875 806.117 52.621 238.961 -0.462036 70.356 0 53.272 1 1.000000
8876 806.117 52.621 238.961 -0.462036 70.356 0 53.272 1 1.000000
8877 806.117 52.621 238.961 -0.462036 70.356 0 53.272 1 1.000000
8878 806.117 52.621 238.961 -0.462036 70.356 0 53.272 1 1.000000
8879 806.117 52.621 238.961 -0.462036 70.356 0 53.272 1 1.000000
8880 806.117 52.621 238.961 -0.462036 70.356 0 53.272 1 1.000000
8881 806.117 52.621 238.961 -0.462036 70.356 0 53.272 1 1.000000
8882 806.117 52.621 238.961 -0.462036 70.356 0 53.272 1 1.000000
8883 806.117 52.621 238.961 -0.462036 70.356 0 53.272 1 1.000000
8884 806.117 52.621 238.961 -0.462036 70.356 0 53.272 1 1.000000
8885 806.117 52.621 238.961 -0.462036 70.356 0 53.272 1 1.000000
8886 806.117 52.621 238.961 -0.462036 70.356 0 53.272 1 1.000000
8887 806.117 52.621 238.961 -0.462036 70.356 0 53.272 1 1.000000
8888 806.117 52.621 238.961 -0.462036 70.356 0 53.272 1 1.000000
8889 806.117 52.621 238.961 -0.462036 70.356 0 53.272 1 1.000000
8890 806.117 52.621 238.961 -0.462036 70.356 0 53.272 1 1.000000
8891 806.117 52.621 238.961 -0.462036 70.356 0 53.272 1 1.000000
8892 806.117 52.621 238.961 -0.462036 70.356 0 53.272 1 1.000000
8893 806.117 52.621 238.961 -0.462036 70.356 0 53.272 1 1.000000
8894 806.117 52.621 238.961 -0.462036 70.356 0 53.272 1 1.000000
8895 806.117 52.621 238.961 -0.462036 70.356 0 53.272 1 1.000000
8896 806.117 52.621 238.961 -0.462036 70.356 0 53.272 1 1.000000
8897 806.117 52.621 238.961 -0.462036 70.356 0 53.272 1 1.000000
8898 806.117 52.621 238.961 -0.462036 70.356 0 53.272 1 1.000000
8899 806.117 52.621 238.961 -0.462036 70.356 0 53.272 1 1.000000
8900 806.117 52.621 238.961 -0.462036 70.356 0 53.272 1 1.000000
8901 806.117 52.621 238.961 -0.462036 70.356 0 53.272 1 1.000000
8902 806.117 52.621 238.961 -0.462036 70.356 0 53.272 1 1.000000
8903 806.117 52.621 238.961 -0.462036 70.356 0 53.272 1 1.000000
8904 806.117 52.621 238.961 -0.462036 70.356 0 53.272 1 1.000000
8905 806.117 52.621 238.961 -0.462036 70.356 0 53.272 1 1.000000
8906 806.117 52.621 238.961 -0.462036 70.356 0 53.272 1 1.000000
8907 806.117 52.621 238.961 -0.462036 70.356 0 53.272 1 1.000000
8908 806.117 52.621 238.961 -0.462036 70.356 0 53.272 1 1.000000
8909 806.117 52.621 238.961 -0.462036 70.356 0 53.272 1 1.000000
8910 806.117 52.621 238.961 -0.462036 70.356 0 53.272 1 1.000000
8911 806.117 52.621 238.961 -0.462036 70.356 0 53.272 1 1.000000
8912 806.117 52.621 238.961 -0.462036 70.356 0 53.272 1 1.000000
8913 806.117 52.621 238.961 -0.462036 70.356 0 53.272 1 1.000000
8914 806.117 52.621 238.961 -0.462036 70.356 0 53.272 1 1.000000
8915 806.117 52.621 238.961 -0.462036 70.356 0 53.272 1 1.000000
8916 806.117 52.621 238.961 -0.462036 70.356 0 53.272 1 1.000000
8917 806.117 52.621 238.961 -0.462036 70.356 0 53.272 1 1.000000
8918 806.117 52.621 238.961 -0.462036 70.356 0 53.272 1 1.000000
8919 806.117 52.621 238.961 -0.462036 70.356 0 53.272 1 1.000000
8920 806.117 52.621 238.961 -0.462036 70.356 0 53.272 1 1.000000
8921 806.117 52.621 238.961 -0.462036 70.356 0 53.272 1 1.000000
8922 806.117 52.621 238.961 -0.462036 70.356 0 53.272 1 1.000000
8923 806.117 52.621 238.961 -0.462036 70.356 0 53.272 1 1.000000
8924 806.117 52.621 238.961 -0.462036 70.356 0 53.272 1 1.000000
8925 806.117 52.621 238.961 -0.462036 70.356 0 53.272 1 1.000000
8926 806.117 52.621 238.961 -0.462036 70.356 0 53.272 1 1.000000
8927 806.117 52.621 238.961 -0.462036 70.356 0 53.272 1 1.000000
8928 806.117 52.621 238.961 -0.462036 70.356 0 53.272 1 1.000000
8929 806.117 52.621 238.961 -0.462036 70.356 0 53.272 1 1.000000
8930 806.117 52.621 238.961 -0.462036 70.356 0 53.272 1 1.000000
8931 806.117 52.621 238.961 -0.462036 70.356 0 53.272 1 1.000000
8932 806.117 52.621 238.961 -0.462036 70.356 0 53.272 1 1.000000
8933 806.117 52.621 238.961 -0.462036 70.356 0 53.272 1 1.000000
8934 806.117 52.621 238.961 -0.462036 70.356 0 53.272 1 1.000000
8935 806.117 52.621 238.961 -0.462036 70.356 0 53.272 1 1.000000
8936 806.117 52.621 238.961 -0.462036 70.356 0 53.272 1 1.000000
8937 806.117 52.621 238.961 -0.462036 70.356 0 53.272 1 1.000000
8938 806.117 52.621 238.961 -0.462036 70.356 0 53.272 1 1.000000
8939 806.117 52.621 238.961 -0.462036 70.356 0 53.272 1 1.000000
8940 806.117 52.621 238.961 -0.462036 70.356 0 53.272 1 1.000000
8941 806.117 52.621 238.961 -0.462036 70.356 0 53.272 1 1.000000
8942 806.117 52.621 238.961 -0.462036 70.356 0 53.272 1 1.000000
8943 806.117 52.621 238.961 -0.462036 70.356 0 53.272 1 1.000000
8944 806.117 52.692 238.960 -0.460923 70.356 0 53.281 1 1.000000
8945 806.117 52.692 238.960 -0.460923 70.356 0 53.281 1 1.000000
8946 806.118 52.761 238.959 -0.459846 70.356 0 53.290 1 1.000000
8947 806.118 52.761 238.959 -0.459846 70.356 0 53.290 1 1.000000
8948 806.093 52.826 238.952 -0.433773 70.358 0 53.295 1 1.000000
8949 806.093 52.826 238.952 -0.433773 70.358 0 53.295 1 1.000000
8950 806.092 52.889 238.954 -0.432840 70.357 0 53.300 1 1.000000
8951 806.092 52.889 238.954 -0.432840 70.357 0 53.300 1 1.000000
8952 806.071 52.950 238.948 -0.410438 70.359 0 53.304 1 1.000000
8953 806.071 52.950 238.948 -0.410438 70.359 0 53.304 1 1.000000
8954 806.070 53.007 238.951 -0.409571 70.358 0 53.308 1 1.000000
8955 806.070 53.007 238.951 -0.409571 70.358 0 53.308 1 1.000000
8956 806.081 53.044 238.958 -0.421315 70.357 0 53.311 1 1.000000
8957 806.081 53.044 238.958 -0.421315 70.357 0 53.311 1 1.000000
8958 806.097 53.088 238.967 -0.439076 70.356 0 53.315 1 1.000000
8959 806.097 53.088 238.967 -0.439076 70.356 0 53.315 1 1.000000
8960 806.112 53.130 238.975 -0.455591 70.355 0 53.318 1 1.000000
8961 806.132 53.214 238.983 -0.475323 70.353 0 53.329 1 1.000000
8962 806.160 53.389 238.972 -0.492440 70.354 0 53.372 1 1.000000
8963 806.160 53.389 238.972 -0.492440 70.354 0 53.372 1 1.000000
8964 806.160 53.389 238.972 -0.492440 70.354 0 53.372 1 1.000000
8965 806.171 53.396 238.971 -0.501775 70.353 0 53.379 1 1.000000
8966 806.171 53.396 238.971 -0.501775 70.353 0 53.379 1 1.000000
8967 806.180 53.399 238.969 -0.508842 70.353 0 53.384 1 1.000000
8968 806.180 53.399 238.969 -0.508842 70.353 0 53.384 1 1.000000
8969 806.188 53.402 238.968 -0.515190 70.353 0 53.388 1 1.000000
8970 806.188 53.402 238.968 -0.515190 70.353 0 53.388 1 1.000000
8971 806.194 53.404 238.966 -0.520395 70.353 0 53.394 1 1.000000
8972 806.194 53.404 238.966 -0.520395 70.353 0 53.394 1 1.000000
8973 806.200 53.406 238.963 -0.524792 70.353 0 53.398 1 1.000000
8974 806.200 53.406 238.963 -0.524792 70.353 0 53.398 1 1.000000
8975 806.206 53.408 238.961 -0.528388 70.353 0 53.403 1 1.000000
8976 806.206 53.408 238.961 -0.528388 70.353 0 53.403 1 1.000000
8977 806.210 53.409 238.958 -0.531054 70.354 0 53.407 1 1.000000
8978 806.210 53.409 238.958 -0.531054 70.354 0 53.407 1 1.000000
8979 806.213 53.410 238.955 -0.532920 70.354 0 53.411 1 1.000000
8980 806.216 53.411 238.953 -0.533979 70.354 0 53.415 1 1.000000
8981 806.216 53.411 238.953 -0.533979 70.354 0 53.415 1 1.000000
8982 806.216 53.411 238.953 -0.533979 70.354 0 53.415 1 1.000000
8983 806.217 53.411 238.949 -0.534176 70.354 0 53.418 1 1.000000
8984 806.217 53.411 238.949 -0.534176 70.354 0 53.418 1 1.000000
8985 806.218 53.411 238.946 -0.533505 70.355 0 53.422 1 1.000000
8986 806.218 53.411 238.946 -0.533505 70.355 0 53.422 1 1.000000
8987 806.219 53.409 238.943 -0.532882 70.355 0 53.425 1 1.000000
8988 806.191 53.401 238.934 -0.504720 70.357 0 53.421 1 1.000000
8989 806.191 53.401 238.934 -0.504720 70.357 0 53.421 1 1.000000
8990 806.191 53.401 238.934 -0.504720 70.357 0 53.421 1 1.000000
8991 806.192 53.393 238.931 -0.504127 70.357 0 53.423 1 1.000000
8992 806.192 53.393 238.931 -0.504127 70.357 0 53.423 1 1.000000
8993 806.169 53.381 238.922 -0.480249 70.359 0 53.419 1 1.000000
8994 806.169 53.381 238.922 -0.480249 70.359 0 53.419 1 1.000000
8995 806.169 53.368 238.919 -0.479717 70.359 0 53.421 1 1.000000
8996 806.169 53.368 238.919 -0.479717 70.359 0 53.421 1 1.000000
8997 806.165 53.348 238.914 -0.474487 70.359 0 53.421 1 1.000000
8998 806.165 53.348 238.914 -0.474487 70.359 0 53.421 1 1.000000
8999 806.166 53.329 238.911 -0.474036 70.360 0 53.422 1 1.000000
9000 806.166 53.329 238.911 -0.474036 70.360 0 53.422 1 1.000000
9001 806.160 53.304 238.906 -0.467293 70.361 0 53.421 1 1.000000
9002 806.161 53.280 238.902 -0.466974 70.361 0 53.422 1 1.000000
9003 806.161 53.280 238.902 -0.466974 70.361 0 53.422 1 1.000000
9004 806.161 53.280 238.902 -0.466974 70.361 0 53.422 1 1.000000
9005 806.153 53.249 238.897 -0.458707 70.362 0 53.420 1 1.000000
9006 806.154 53.220 238.894 -0.458510 70.362 0 53.420 1 1.000000
9007 806.154 53.220 238.894 -0.458510 70.362 0 53.420 1 1.000000
9008 806.154 53.220 238.894 -0.458510 70.362 0 53.420 1 1.000000
9009 806.145 53.184 238.889 -0.448838 70.363 0 53.416 1 1.000000
9010 806.145 53.149 238.885 -0.448691 70.363 0 53.416 1 1.000000
9011 806.145 53.149 238.885 -0.448691 70.363 0 53.416 1 1.000000
9012 806.145 53.149 238.885 -0.448691 70.363 0 53.416 1 1.000000
9013 806.134 53.108 238.880 -0.437000 70.364 0 53.411 1 1.000000
9014 806.135 53.068 238.877 -0.437023 70.364 0 53.409 1 1.000000
9015 806.135 53.068 238.877 -0.437023 70.364 0 53.409 1 1.000000
9016 806.135 53.068 238.877 -0.437023 70.364 0 53.409 1 1.000000
9017 806.111 53.023 238.869 -0.412548 70.366 0 53.401 1 1.000000
9018 806.111 53.023 238.869 -0.412548 70.366 0 53.401 1 1.000000
9019 806.111 52.870 238.869 -0.414938 70.366 0 53.383 1 1.000000
9020 806.111 52.870 238.869 -0.414938 70.366 0 53.383 1 1.000000
9021 806.116 52.823 238.875 -0.423543 70.365 0 53.374 1 1.000000
9022 806.116 52.823 238.875 -0.423543 70.365 0 53.374 1 1.000000
9023 806.123 52.773 238.882 -0.432626 70.364 0 53.364 1 1.000000
9024 806.125 52.642 238.900 -0.443417 70.362 0 53.333 1 1.000000
9025 806.125 52.642 238.900 -0.443417 70.362 0 53.333 1 1.000000
9026 806.135 52.640 238.908 -0.456719 70.361 0 53.329 1 1.000000
9027 806.134 52.637 238.912 -0.457160 70.361 0 53.326 1 1.000000
9028 806.134 52.637 238.912 -0.457160 70.361 0 53.326 1 1.000000
9029 806.134 52.637 238.912 -0.457160 70.361 0 53.326 1 1.000000
9030 806.134 52.632 238.915 -0.458093 70.360 0 53.322 1 1.000000
9031 806.134 52.632 238.915 -0.458093 70.360 0 53.322 1 1.000000
9032 806.136 52.628 238.920 -0.462363 70.360 0 53.317 1 1.000000
9033 806.136 52.628 238.920 -0.462363 70.360 0 53.317 1 1.000000
9034 806.131 52.641 238.923 -0.458627 70.360 0 53.314 1 1.000000
9035 806.131 52.641 238.923 -0.458627 70.360 0 53.314 1 1.000000
9036 806.128 52.638 238.926 -0.457004 70.359 0 53.310 1 1.000000
9037 806.127 52.633 238.929 -0.457942 70.359 0 53.307 1 1.000000
9038 806.127 52.633 238.929 -0.457942 70.359 0 53.307 1 1.000000
9039 806.127 52.633 238.929 -0.457942 70.359 0 53.307 1 1.000000
9040 806.129 52.627 238.933 -0.460998 70.359 0 53.302 1 1.000000
9041 806.124 52.639 238.937 -0.458526 70.358 0 53.299 1 1.000000
9042 806.124 52.639 238.937 -0.458526 70.358 0 53.299 1 1.000000
9043 806.124 52.639 238.937 -0.458526 70.358 0 53.299 1 1.000000
9044 806.122 52.637 238.939 -0.457230 70.358 0 53.295 1 1.000000
9045 806.121 52.631 238.943 -0.458164 70.358 0 53.292 1 1.000000
9046 806.121 52.631 238.943 -0.458164 70.358 0 53.292 1 1.000000
9047 806.121 52.631 238.943 -0.458164 70.358 0 53.292 1 1.000000
9048 806.122 52.625 238.947 -0.460588 70.357 0 53.287 1 1.000000
9049 806.122 52.625 238.947 -0.460588 70.357 0 53.287 1 1.000000
9050 806.118 52.637 238.951 -0.458974 70.357 0 53.283 1 1.000000
9051 806.118 52.637 238.951 -0.458974 70.357 0 53.283 1 1.000000
9052 806.116 52.634 238.953 -0.457674 70.357 0 53.280 1 1.000000
9053 806.116 52.634 238.953 -0.457674 70.357 0 53.280 1 1.000000
9054 806.116 52.629 238.957 -0.458805 70.356 0 53.276 1 1.000000
9055 806.119 52.623 238.957 -0.461664 70.356 0 53.277 1 1.000000
9056 806.119 52.623 238.957 -0.461664 70.356 0 53.277 1 1.000000
9057 806.119 52.623 238.957 -0.461664 70.356 0 53.277 1 1.000000
9058 806.117 52.634 238.960 -0.461155 70.356 0 53.275 1 1.000000
9059 806.117 52.634 238.960 -0.461155 70.356 0 53.275 1 1.000000
9060 806.114 52.632 238.959 -0.458263 70.356 0 53.274 1 1.000000
9061 806.114 52.632 238.959 -0.458263 70.356 0 53.274 1 1.000000
9062 806.116 52.627 238.959 -0.459916 70.356 0 53.274 1 1.000000
9063 806.116 52.627 238.959 -0.459916 70.356 0 53.274 1 1.000000
9064 806.119 52.621 238.959 -0.463348 70.356 0 53.275 1 1.000000
9065 806.119 52.621 238.959 -0.463348 70.356 0 53.275 1 1.000000
9066 806.117 52.633 238.962 -0.462039 70.356 0 53.273 1 1.000000
9067 806.117 52.633 238.962 -0.462039 70.356 0 53.273 1 1.000000
9068 806.113 52.632 238.961 -0.458292 70.356 0 53.272 1 1.000000
9069 806.113 52.632 238.961 -0.458292 70.356 0 53.272 1 1.000000
9070 806.115 52.627 238.960 -0.459824 70.356 0 53.273 1 1.000000
9071 806.115 52.627 238.960 -0.459824 70.356 0 53.273 1 1.000000
9072 806.118 52.621 238.960 -0.462885 70.356 0 53.273 1 1.000000
9073 806.118 52.621 238.960 -0.462885 70.356 0 53.273 1 1.000000
9074 806.116 52.633 238.963 -0.462048 70.356 0 53.271 1 1.000000
9075 806.116 52.633 238.963 -0.462048 70.356 0 53.271 1 1.000000
9076 806.113 52.632 238.962 -0.458504 70.356 0 53.271 1 1.000000
9077 806.113 52.632 238.962 -0.458504 70.356 0 53.271 1 1.000000
9078 806.115 52.627 238.962 -0.460031 70.356 0 53.271 1 1.000000
9079 806.115 52.627 238.962 -0.460031 70.356 0 53.271 1 1.000000
9080 806.118 52.621 238.962 -0.462943 70.356 0 53.271 1 1.000000
9081 806.118 52.621 238.962 -0.462943 70.356 0 53.271 1 1.000000
9082 806.116 52.632 238.965 -0.462439 70.356 0 53.270 1 1.000000
9083 806.116 52.632 238.965 -0.462439 70.356 0 53.270 1 1.000000
9084 806.113 52.632 238.963 -0.458764 70.356 0 53.269 1 1.000000
9085 806.115 52.627 238.963 -0.460354 70.356 0 53.270 1 1.000000
9086 806.115 52.627 238.963 -0.460354 70.356 0 53.270 1 1.000000
9087 806.115 52.627 238.963 -0.460354 70.356 0 53.270 1 1.000000
9088 806.117 52.620 238.963 -0.463136 70.356 0 53.270 1 1.000000
9089 806.117 52.620 238.963 -0.463136 70.356 0 53.270 1 1.000000
9090 806.116 52.632 238.966 -0.462830 70.355 0 53.268 1 1.000000
9091 806.113 52.629 238.964 -0.459721 70.356 0 53.269 1 1.000000
9092 806.113 52.629 238.964 -0.459721 70.356 0 53.269 1 1.000000
9093 806.113 52.629 238.964 -0.459721 70.356 0 53.269 1 1.000000
9094 806.115 52.625 238.964 -0.461320 70.356 0 53.269 1 1.000000
9095 806.115 52.625 238.964 -0.461320 70.356 0 53.269 1 1.000000
9096 806.119 52.619 238.964 -0.464887 70.356 0 53.269 1 1.000000
9097 806.119 52.619 238.964 -0.464887 70.356 0 53.269 1 1.000000
9098 806.116 52.631 238.967 -0.463052 70.355 0 53.267 1 1.000000
9099 806.116 52.631 238.967 -0.463052 70.355 0 53.267 1 1.000000
9100 806.112 52.630 238.966 -0.459638 70.356 0 53.267 1 1.000000
9101 806.112 52.630 238.966 -0.459638 70.356 0 53.267 1 1.000000
9102 806.114 52.625 238.965 -0.461170 70.356 0 53.267 1 1.000000
9103 806.114 52.625 238.965 -0.461170 70.356 0 53.267 1 1.000000
9104 806.117 52.619 238.966 -0.464169 70.355 0 53.268 1 1.000000
9105 806.117 52.619 238.966 -0.464169 70.355 0 53.268 1 1.000000
9106 806.116 52.631 238.968 -0.463530 70.355 0 53.266 1 1.000000
9107 806.116 52.631 238.968 -0.463530 70.355 0 53.266 1 1.000000
9108 806.112 52.630 238.967 -0.459787 70.355 0 53.265 1 1.000000
9109 806.112 52.630 238.967 -0.459787 70.355 0 53.265 1 1.000000
9110 806.114 52.626 238.967 -0.461314 70.355 0 53.266 1 1.000000
9111 806.114 52.626 238.967 -0.461314 70.355 0 53.266 1 1.000000
9112 806.117 52.619 238.967 -0.464169 70.355 0 53.266 1 1.000000
9113 806.117 52.619 238.967 -0.464169 70.355 0 53.266 1 1.000000
9114 806.116 52.619 238.967 -0.463450 70.355 0 53.266 1 1.000000
9115 806.116 52.619 238.967 -0.463450 70.355 0 53.266 1 1.000000
9116 806.116 52.619 238.967 -0.463387 70.355 0 53.266 1 1.000000
9117 806.117 52.619 238.967 -0.464617 70.355 0 53.267 1 1.000000
9118 806.117 52.619 238.967 -0.464617 70.355 0 53.267 1 1.000000
9119 806.117 52.619 238.967 -0.464617 70.355 0 53.267 1 1.000000
9120 806.115 52.630 238.969 -0.463843 70.355 0 53.265 1 1.000000
9121 806.115 52.630 238.969 -0.463843 70.355 0 53.265 1 1.000000
9122 806.113 52.628 238.968 -0.460677 70.355 0 53.265 1 1.000000
9123 806.113 52.628 238.968 -0.460677 70.355 0 53.265 1 1.000000
9124 806.115 52.623 238.967 -0.462271 70.355 0 53.266 1 1.000000
9125 806.115 52.623 238.967 -0.462271 70.355 0 53.266 1 1.000000
9126 806.118 52.618 238.968 -0.465983 70.355 0 53.266 1 1.000000
9127 806.118 52.618 238.968 -0.465983 70.355 0 53.266 1 1.000000
9128 806.115 52.629 238.970 -0.463878 70.355 0 53.264 1 1.000000
9129 806.115 52.629 238.970 -0.463878 70.355 0 53.264 1 1.000000
9130 806.114 52.624 238.969 -0.462126 70.355 0 53.264 1 1.000000
9131 806.114 52.624 238.969 -0.462126 70.355 0 53.264 1 1.000000
9132 806.114 52.624 238.969 -0.462126 70.355 0 53.264 1 1.000000
9133 806.117 52.618 238.969 -0.465134 70.355 0 53.264 1 1.000000
9134 806.115 52.630 238.972 -0.464422 70.355 0 53.262 1 1.000000
9135 806.112 52.629 238.970 -0.460675 70.355 0 53.262 1 1.000000
9136 806.112 52.629 238.970 -0.460675 70.355 0 53.262 1 1.000000
9137 806.113 52.624 238.970 -0.462207 70.355 0 53.263 1 1.000000
9138 806.113 52.624 238.970 -0.462207 70.355 0 53.263 1 1.000000
9139 806.116 52.618 238.970 -0.465061 70.355 0 53.263 1 1.000000
9140 806.116 52.618 238.970 -0.465061 70.355 0 53.263 1 1.000000
9141 806.115 52.629 238.973 -0.464683 70.355 0 53.261 1 1.000000
9142 806.115 52.629 238.973 -0.464683 70.355 0 53.261 1 1.000000
9143 806.111 52.629 238.972 -0.460878 70.355 0 53.261 1 1.000000
9144 806.111 52.629 238.972 -0.460878 70.355 0 53.261 1 1.000000
9145 806.113 52.624 238.971 -0.462405 70.355 0 53.261 1 1.000000
9146 806.113 52.624 238.971 -0.462405 70.355 0 53.261 1 1.000000
9147 806.116 52.617 238.971 -0.465254 70.355 0 53.262 1 1.000000
9148 806.116 52.617 238.971 -0.465254 70.355 0 53.262 1 1.000000
9149 806.114 52.629 238.974 -0.464808 70.355 0 53.260 1 1.000000
9150 806.114 52.629 238.974 -0.464808 70.355 0 53.260 1 1.000000
9151 806.111 52.629 238.973 -0.461138 70.355 0 53.260 1 1.000000
9152 806.111 52.629 238.973 -0.461138 70.355 0 53.260 1 1.000000
9153 806.113 52.624 238.972 -0.462666 70.355 0 53.260 1 1.000000
9154 806.113 52.624 238.972 -0.462666 70.355 0 53.260 1 1.000000
9155 806.116 52.617 238.972 -0.465443 70.355 0 53.261 1 1.000000
9156 806.116 52.617 238.972 -0.465443 70.355 0 53.261 1 1.000000
9157 806.114 52.629 238.975 -0.465199 70.355 0 53.259 1 1.000000
9158 806.114 52.629 238.975 -0.465199 70.355 0 53.259 1 1.000000
9159 806.112 52.626 238.973 -0.462100 70.355 0 53.259 1 1.000000
9160 806.112 52.626 238.973 -0.462100 70.355 0 53.259 1 1.000000
9161 806.114 52.621 238.973 -0.463627 70.355 0 53.260 1 1.000000
9162 806.114 52.621 238.973 -0.463627 70.355 0 53.260 1 1.000000
9163 806.117 52.616 238.974 -0.467199 70.355 0 53.260 1 1.000000
9164 806.117 52.616 238.974 -0.467199 70.355 0 53.260 1 1.000000
9165 806.115 52.617 238.973 -0.465115 70.355 0 53.260 1 1.000000
9166 806.115 52.617 238.973 -0.465115 70.355 0 53.260 1 1.000000
9167 806.115 52.617 238.973 -0.465052 70.355 0 53.260 1 1.000000
9168 806.115 52.617 238.973 -0.465052 70.355 0 53.260 1 1.000000
9169 806.116 52.616 238.973 -0.466224 70.355 0 53.260 1 1.000000
9170 806.116 52.616 238.973 -0.466224 70.355 0 53.260 1 1.000000
9171 806.114 52.628 238.976 -0.465513 70.354 0 53.258 1 1.000000
9172 806.114 52.628 238.976 -0.465513 70.354 0 53.258 1 1.000000
9173 806.112 52.626 238.974 -0.462346 70.355 0 53.258 1 1.000000
9174 806.112 52.626 238.974 -0.462346 70.355 0 53.258 1 1.000000
9175 806.114 52.621 238.974 -0.463936 70.355 0 53.259 1 1.000000
9176 806.114 52.621 238.974 -0.463936 70.355 0 53.259 1 1.000000
9177 806.117 52.615 238.974 -0.467589 70.355 0 53.259 1 1.000000
9178 806.115 52.617 238.974 -0.465308 70.355 0 53.259 1 1.000000
9179 806.115 52.617 238.974 -0.465308 70.355 0 53.259 1 1.000000
9180 806.115 52.617 238.974 -0.465308 70.355 0 53.259 1 1.000000
9181 806.115 52.617 238.974 -0.465240 70.355 0 53.259 1 1.000000
9182 806.115 52.617 238.974 -0.465240 70.355 0 53.259 1 1.000000
9183 806.116 52.616 238.974 -0.466417 70.355 0 53.259 1 1.000000
9184 806.115 52.617 238.974 -0.465177 70.355 0 53.259 1 1.000000
9185 806.115 52.617 238.974 -0.465177 70.355 0 53.259 1 1.000000
9186 806.115 52.617 238.974 -0.465177 70.355 0 53.259 1 1.000000
9187 806.116 52.616 238.974 -0.466350 70.355 0 53.260 1 1.000000
9188 806.116 52.616 238.974 -0.466350 70.355 0 53.260 1 1.000000
9189 806.114 52.628 238.976 -0.465576 70.354 0 53.258 1 1.000000
9190 806.114 52.628 238.976 -0.465576 70.354 0 53.258 1 1.000000
9191 806.112 52.625 238.975 -0.462476 70.355 0 53.258 1 1.000000
9192 806.114 52.627 238.977 -0.466010 70.354 0 53.257 1 1.000000
9193 806.111 52.627 238.976 -0.462263 70.355 0 53.257 1 1.000000
9194 806.111 52.627 238.976 -0.462263 70.355 0 53.257 1 1.000000
9195 806.113 52.622 238.975 -0.463790 70.355 0 53.257 1 1.000000
9196 806.113 52.622 238.975 -0.463790 70.355 0 53.257 1 1.000000
9197 806.116 52.615 238.976 -0.466871 70.354 0 53.257 1 1.000000
9198 806.116 52.615 238.976 -0.466871 70.354 0 53.257 1 1.000000
9199 806.115 52.616 238.975 -0.465631 70.354 0 53.257 1 1.000000
9200 806.115 52.616 238.975 -0.465631 70.354 0 53.257 1 1.000000
9201 806.114 52.628 238.978 -0.465855 70.354 0 53.256 1 1.000000
9202 806.114 52.628 238.978 -0.465855 70.354 0 53.256 1 1.000000
9203 806.111 52.625 238.977 -0.462751 70.354 0 53.256 1 1.000000
9204 806.111 52.625 238.977 -0.462751 70.354 0 53.256 1 1.000000
9205 806.113 52.620 238.976 -0.464273 70.354 0 53.257 1 1.000000
9206 806.116 52.615 238.977 -0.467773 70.354 0 53.257 1 1.000000
9207 806.116 52.615 238.977 -0.467773 70.354 0 53.257 1 1.000000
9208 806.116 52.615 238.977 -0.467773 70.354 0 53.257 1 1.000000
9209 806.114 52.626 238.979 -0.466131 70.354 0 53.255 1 1.000000
9210 806.114 52.626 238.979 -0.466131 70.354 0 53.255 1 1.000000
9211 806.111 52.624 238.977 -0.463234 70.354 0 53.255 1 1.000000
9212 806.111 52.624 238.977 -0.463234 70.354 0 53.255 1 1.000000
9213 806.113 52.619 238.977 -0.464824 70.354 0 53.256 1 1.000000
9214 806.113 52.619 238.977 -0.464824 70.354 0 53.256 1 1.000000
9215 806.117 52.614 238.978 -0.468680 70.354 0 53.256 1 1.000000
9216 806.117 52.614 238.978 -0.468680 70.354 0 53.256 1 1.000000
9217 806.115 52.615 238.977 -0.467117 70.354 0 53.256 1 1.000000
9218 806.115 52.615 238.977 -0.467117 70.354 0 53.256 1 1.000000
9219 806.113 52.627 238.980 -0.466275 70.354 0 53.254 1 1.000000
9220 806.113 52.627 238.980 -0.466275 70.354 0 53.254 1 1.000000
9221 806.110 52.626 238.979 -0.462668 70.354 0 53.254 1 1.000000
9222 806.112 52.621 238.978 -0.464263 70.354 0 53.254 1 1.000000
9223 806.112 52.621 238.978 -0.464263 70.354 0 53.254 1 1.000000
9224 806.112 52.621 238.978 -0.464263 70.354 0 53.254 1 1.000000
9225 806.115 52.615 238.978 -0.467054 70.354 0 53.255 1 1.000000
9226 806.115 52.615 238.978 -0.467054 70.354 0 53.255 1 1.000000
9227 806.113 52.626 238.981 -0.466541 70.354 0 53.253 1 1.000000
9228 806.113 52.626 238.981 -0.466541 70.354 0 53.253 1 1.000000
9229 806.110 52.626 238.980 -0.462871 70.354 0 53.253 1 1.000000
9230 806.112 52.621 238.979 -0.464456 70.354 0 53.253 1 1.000000
9231 806.113 52.626 238.982 -0.466864 70.354 0 53.252 1 1.000000
9232 806.111 52.624 238.980 -0.463760 70.354 0 53.252 1 1.000000
9233 806.111 52.624 238.980 -0.463760 70.354 0 53.252 1 1.000000
9234 806.112 52.619 238.979 -0.465292 70.354 0 53.253 1 1.000000
9235 806.112 52.619 238.979 -0.465292 70.354 0 53.253 1 1.000000
9236 806.116 52.613 238.980 -0.468868 70.354 0 53.253 1 1.000000
9237 806.116 52.613 238.980 -0.468868 70.354 0 53.253 1 1.000000
9238 806.113 52.625 238.982 -0.467024 70.354 0 53.251 1 1.000000
9239 806.111 52.623 238.981 -0.464127 70.354 0 53.252 1 1.000000
9240 806.111 52.623 238.981 -0.464127 70.354 0 53.252 1 1.000000
9241 806.111 52.623 238.981 -0.464127 70.354 0 53.252 1 1.000000
9242 806.113 52.618 238.980 -0.465717 70.354 0 53.252 1 1.000000
9243 806.113 52.618 238.980 -0.465717 70.354 0 53.252 1 1.000000
9244 806.116 52.613 238.981 -0.469640 70.354 0 53.253 1 1.000000
9245 806.116 52.613 238.981 -0.469640 70.354 0 53.253 1 1.000000
9246 806.114 52.614 238.980 -0.466914 70.354 0 53.252 1 1.000000
9247 806.114 52.614 238.980 -0.466914 70.354 0 53.252 1 1.000000
9248 806.114 52.614 238.980 -0.466847 70.354 0 53.252 1 1.000000
9249 806.114 52.614 238.980 -0.466847 70.354 0 53.252 1 1.000000
9250 806.115 52.614 238.980 -0.468082 70.354 0 53.253 1 1.000000
9251 806.115 52.614 238.980 -0.468082 70.354 0 53.253 1 1.000000
9252 806.114 52.614 238.980 -0.466842 70.354 0 53.252 1 1.000000
9253 806.114 52.614 238.980 -0.466842 70.354 0 53.252 1 1.000000
9254 806.115 52.614 238.980 -0.467957 70.354 0 53.253 1 1.000000
9255 806.115 52.614 238.980 -0.467957 70.354 0 53.253 1 1.000000
9256 806.113 52.626 238.983 -0.467245 70.354 0 53.251 1 1.000000
9257 806.113 52.626 238.983 -0.467245 70.354 0 53.251 1 1.000000
9258 806.110 52.623 238.981 -0.464074 70.354 0 53.251 1 1.000000
9259 806.110 52.623 238.981 -0.464074 70.354 0 53.251 1 1.000000
9260 806.112 52.618 238.980 -0.465605 70.354 0 53.252 1 1.000000
9261 806.112 52.618 238.980 -0.465605 70.354 0 53.252 1 1.000000
9262 806.116 52.613 238.981 -0.469317 70.354 0 53.252 1 1.000000
9263 806.116 52.613 238.981 -0.469317 70.354 0 53.252 1 1.000000
9264 806.113 52.625 238.983 -0.467612 70.354 0 53.251 1 1.000000
9265 806.113 52.625 238.983 -0.467612 70.354 0 53.251 1 1.000000
9266 806.111 52.622 238.982 -0.464441 70.354 0 53.251 1 1.000000
9267 806.111 52.622 238.982 -0.464441 70.354 0 53.251 1 1.000000
9268 806.112 52.617 238.981 -0.466030 70.354 0 53.252 1 1.000000
9269 806.112 52.617 238.981 -0.466030 70.354 0 53.252 1 1.000000
9270 806.116 52.613 238.982 -0.469964 70.354 0 53.252 1 1.000000
9271 806.116 52.613 238.982 -0.469964 70.354 0 53.252 1 1.000000
9272 806.113 52.624 238.984 -0.467396 70.354 0 53.250 1 1.000000
9273 806.113 52.624 238.984 -0.467396 70.354 0 53.250 1 1.000000
9274 806.110 52.624 238.983 -0.464116 70.354 0 53.249 1 1.000000
9275 806.110 52.624 238.983 -0.464116 70.354 0 53.249 1 1.000000
9276 806.112 52.619 238.982 -0.465643 70.354 0 53.250 1 1.000000
9277 806.112 52.619 238.982 -0.465643 70.354 0 53.250 1 1.000000
9278 806.115 52.613 238.983 -0.468854 70.354 0 53.250 1 1.000000
9279 806.115 52.613 238.983 -0.468854 70.354 0 53.250 1 1.000000
9280 806.113 52.625 238.985 -0.467680 70.354 0 53.249 1 1.000000
9281 806.113 52.625 238.985 -0.467680 70.354 0 53.249 1 1.000000
9282 806.110 52.622 238.983 -0.464715 70.354 0 53.249 1 1.000000
9283 806.110 52.622 238.983 -0.464715 70.354 0 53.249 1 1.000000
9284 806.112 52.617 238.983 -0.466300 70.354 0 53.250 1 1.000000
9285 806.112 52.617 238.983 -0.466300 70.354 0 53.250 1 1.000000
9286 806.116 52.612 238.983 -0.470022 70.354 0 53.250 1 1.000000
9287 806.116 52.612 238.983 -0.470022 70.354 0 53.250 1 1.000000
9288 806.113 52.624 238.986 -0.468186 70.353 0 53.248 1 1.000000
9289 806.109 52.623 238.985 -0.464444 70.354 0 53.248 1 1.000000
9290 806.109 52.623 238.985 -0.464444 70.354 0 53.248 1 1.000000
9291 806.109 52.623 238.985 -0.464444 70.354 0 53.248 1 1.000000
9292 806.111 52.619 238.984 -0.465971 70.354 0 53.248 1 1.000000
9293 806.111 52.619 238.984 -0.465971 70.354 0 53.248 1 1.000000
9294 806.114 52.612 238.984 -0.469110 70.354 0 53.249 1 1.000000
9295 806.114 52.612 238.984 -0.469110 70.354 0 53.249 1 1.000000
9296 806.112 52.624 238.987 -0.468268 70.353 0 53.247 1 1.000000
9297 806.112 52.624 238.987 -0.468268 70.353 0 53.247 1 1.000000
9298 806.109 52.624 238.986 -0.464463 70.354 0 53.247 1 1.000000
9299 806.109 52.624 238.986 -0.464463 70.354 0 53.247 1 1.000000
9300 806.111 52.619 238.985 -0.466053 70.354 0 53.247 1 1.000000
9301 806.111 52.619 238.985 -0.466053 70.354 0 53.247 1 1.000000
9302 806.114 52.612 238.985 -0.468912 70.354 0 53.248 1 1.000000
9303 806.112 52.624 238.988 -0.468408 70.353 0 53.246 1 1.000000
9304 806.112 52.624 238.988 -0.468408 70.353 0 53.246 1 1.000000
9305 806.112 52.624 238.988 -0.468408 70.353 0 53.246 1 1.000000
9306 806.109 52.624 238.987 -0.464661 70.354 0 53.246 1 1.000000
9307 806.109 52.624 238.987 -0.464661 70.354 0 53.246 1 1.000000
9308 806.110 52.619 238.986 -0.466188 70.354 0 53.246 1 1.000000
9309 806.110 52.619 238.986 -0.466188 70.354 0 53.246 1 1.000000
9310 806.113 52.612 238.986 -0.469038 70.353 0 53.247 1 1.000000
9311 806.113 52.612 238.986 -0.469038 70.353 0 53.247 1 1.000000
9312 806.113 52.612 238.986 -0.468319 70.353 0 53.247 1 1.000000
9313 806.113 52.612 238.986 -0.468319 70.353 0 53.247 1 1.000000
9314 806.113 52.612 238.986 -0.468261 70.353 0 53.247 1 1.000000
9315 806.113 52.612 238.986 -0.468261 70.353 0 53.247 1 1.000000
9316 806.113 52.612 238.986 -0.468261 70.353 0 53.247 1 1.000000
9317 806.113 52.612 238.986 -0.468261 70.353 0 53.247 1 1.000000
9318 806.113 52.612 238.986 -0.468261 70.353 0 53.247 1 1.000000
9319 806.113 52.612 238.986 -0.468261 70.353 0 53.247 1 1.000000
9320 806.113 52.612 238.986 -0.468261 70.353 0 53.247 1 1.000000
9321 806.113 52.612 238.986 -0.468261 70.353 0 53.247 1 1.000000
9322 806.113 52.612 238.986 -0.468261 70.353 0 53.247 1 1.000000
9323 806.113 52.612 238.986 -0.468261 70.353 0 53.247 1 1.000000
9324 806.113 52.612 238.986 -0.468261 70.353 0 53.247 1 1.000000
9325 806.113 52.612 238.986 -0.468261 70.353 0 53.247 1 1.000000
9326 806.113 52.612 238.986 -0.468261 70.353 0 53.247 1 1.000000
9327 806.113 52.612 238.986 -0.468261 70.353 0 53.247 1 1.000000
9328 806.113 52.612 238.986 -0.468261 70.353 0 53.247 1 1.000000
9329 806.113 52.612 238.986 -0.468261 70.353 0 53.247 1 1.000000
9330 806.113 52.612 238.986 -0.468261 70.353 0 53.247 1 1.000000
9331 806.113 52.612 238.986 -0.468261 70.353 0 53.247 1 1.000000
9332 806.113 52.612 238.986 -0.468261 70.353 0 53.247 1 1.000000
9333 806.113 52.612 238.986 -0.468261 70.353 0 53.247 1 1.000000
9334 806.113 52.612 238.986 -0.468261 70.353 0 53.247 1 1.000000
9335 806.113 52.612 238.986 -0.468261 70.353 0 53.247 1 1.000000
9336 806.113 52.612 238.986 -0.468261 70.353 0 53.247 1 1.000000
9337 806.113 52.612 238.986 -0.468261 70.353 0 53.247 1 1.000000
9338 806.113 52.612 238.986 -0.468261 70.353 0 53.247 1 1.000000
9339 806.113 52.612 238.986 -0.468261 70.353 0 53.247 1 1.000000
9340 806.113 52.612 238.986 -0.468261 70.353 0 53.247 1 1.000000
9341 806.113 52.612 238.986 -0.468261 70.353 0 53.247 1 1.000000
9342 806.113 52.612 238.986 -0.468261 70.353 0 53.247 1 1.000000
9343 806.113 52.612 238.986 -0.468261 70.353 0 53.247 1 1.000000
9344 806.113 52.612 238.986 -0.468261 70.353 0 53.247 1 1.000000
9345 806.113 52.612 238.986 -0.468261 70.353 0 53.247 1 1.000000
9346 806.113 52.612 238.986 -0.468261 70.353 0 53.247 1 1.000000
9347 806.113 52.612 238.986 -0.468261 70.353 0 53.247 1 1.000000
9348 806.113 52.612 238.986 -0.468261 70.353 0 53.247 1 1.000000
9349 806.113 52.612 238.986 -0.468261 70.353 0 53.247 1 1.000000
9350 806.113 52.612 238.986 -0.468261 70.353 0 53.247 1 1.000000
9351 806.113 52.612 238.986 -0.468261 70.353 0 53.247 1 1.000000
9352 806.113 52.612 238.986 -0.468261 70.353 0 53.247 1 1.000000
9353 806.113 52.612 238.986 -0.468261 70.353 0 53.247 1 1.000000
9354 806.113 52.612 238.986 -0.468261 70.353 0 53.247 1 1.000000
9355 806.113 52.612 238.986 -0.468261 70.353 0 53.247 1 1.000000
9356 806.113 52.612 238.986 -0.468261 70.353 0 53.247 1 1.000000
9357 806.113 52.612 238.986 -0.468261 70.353 0 53.247 1 1.000000
9358 806.113 52.612 238.986 -0.468261 70.353 0 53.247 1 1.000000
9359 806.113 52.612 238.986 -0.468261 70.353 0 53.247 1 1.000000
9360 806.113 52.612 238.986 -0.468261 70.353 0 53.247 1 1.000000
9361 806.113 52.612 238.986 -0.468261 70.353 0 53.247 1 1.000000
9362 806.113 52.612 238.986 -0.468261 70.353 0 53.247 1 1.000000
9363 806.113 52.612 238.986 -0.468261 70.353 0 53.247 1 1.000000
9364 806.113 52.612 238.986 -0.468261 70.353 0 53.247 1 1.000000
9365 806.113 52.612 238.986 -0.468261 70.353 0 53.247 1 1.000000
9366 806.113 52.612 238.986 -0.468261 70.353 0 53.247 1 1.000000
9367 806.113 52.612 238.986 -0.468261 70.353 0 53.247 1 1.000000
9368 806.113 52.612 238.986 -0.468261 70.353 0 53.247 1 1.000000
9369 806.113 52.612 238.986 -0.468261 70.353 0 53.247 1 1.000000
9370 806.113 52.612 238.986 -0.468261 70.353 0 53.247 1 1.000000
9371 806.113 52.612 238.986 -0.468261 70.353 0 53.247 1 1.000000
9372 806.113 52.612 238.986 -0.468261 70.353 0 53.247 1 1.000000
9373 806.113 52.612 238.986 -0.468261 70.353 0 53.247 1 1.000000
9374 806.113 52.612 238.986 -0.468261 70.353 0 53.247 1 1.000000
9375 806.113 52.612 238.986 -0.468261 70.353 0 53.247 1 1.000000
9376 806.113 52.612 238.986 -0.468261 70.353 0 53.247 1 1.000000
9377 806.113 52.612 238.986 -0.468261 70.353 0 53.247 1 1.000000
9378 806.113 52.612 238.986 -0.468261 70.353 0 53.247 1 1.000000
9379 806.113 52.612 238.986 -0.468261 70.353 0 53.247 1 1.000000
9380 806.113 52.612 238.986 -0.468261 70.353 0 53.247 1 1.000000
9381 806.113 52.612 238.986 -0.468261 70.353 0 53.247 1 1.000000
9382 806.113 52.612 238.986 -0.468261 70.353 0 53.247 1 1.000000
9383 806.113 52.612 238.986 -0.468261 70.353 0 53.247 1 1.000000
9384 806.113 52.612 238.986 -0.468261 70.353 0 53.247 1 1.000000
9385 806.113 52.612 238.986 -0.468261 70.353 0 53.247 1 1.000000
9386 806.113 52.612 238.986 -0.468261 70.353 0 53.247 1 1.000000
9387 806.113 52.612 238.986 -0.468261 70.353 0 53.247 1 1.000000
9388 806.113 52.612 238.986 -0.468261 70.353 0 53.247 1 1.000000
9389 806.113 52.612 238.986 -0.468261 70.353 0 53.247 1 1.000000
9390 806.113 52.612 238.986 -0.468261 70.353 0 53.247 1 1.000000
9391 806.113 52.612 238.986 -0.468261 70.353 0 53.247 1 1.000000
9392 806.113 52.612 238.986 -0.468261 70.353 0 53.247 1 1.000000
9393 806.113 52.612 238.986 -0.468261 70.353 0 53.247 1 1.000000
9394 806.113 52.612 238.986 -0.468261 70.353 0 53.247 1 1.000000
9395 806.113 52.612 238.986 -0.468261 70.353 0 53.247 1 1.000000
9396 806.113 52.612 238.986 -0.468261 70.353 0 53.247 1 1.000000
9397 806.113 52.612 238.986 -0.468261 70.353 0 53.247 1 1.000000
9398 806.113 52.612 238.986 -0.468261 70.353 0 53.247 1 1.000000
9399 806.113 52.612 238.986 -0.468261 70.353 0 53.247 1 1.000000
9400 806.113 52.612 238.986 -0.468261 70.353 0 53.247 1 1.000000
9401 806.113 52.612 238.986 -0.468261 70.353 0 53.247 1 1.000000
9402 806.113 52.612 238.986 -0.468261 70.353 0 53.247 1 1.000000
9403 806.113 52.612 238.986 -0.468261 70.353 0 53.247 1 1.000000
9404 806.113 52.612 238.986 -0.468261 70.353 0 53.247 1 1.000000
9405 806.113 52.612 238.986 -0.468261 70.353 0 53.247 1 1.000000
9406 806.113 52.612 238.986 -0.468261 70.353 0 53.247 1 1.000000
9407 806.113 52.612 238.986 -0.468261 70.353 0 53.247 1 1.000000
9408 806.113 52.612 238.986 -0.468261 70.353 0 53.247 1 1.000000
9409 806.113 52.612 238.986 -0.468261 70.353 0 53.247 1 1.000000
9410 806.113 52.612 238.986 -0.468261 70.353 0 53.247 1 1.000000
9411 806.113 52.612 238.986 -0.468261 70.353 0 53.247 1 1.000000
9412 806.113 52.612 238.986 -0.468261 70.353 0 53.247 1 1.000000
9413 806.113 52.612 238.986 -0.468261 70.353 0 53.247 1 1.000000
9414 806.113 52.612 238.986 -0.468261 70.353 0 53.247 1 1.000000
9415 806.113 52.612 238.986 -0.468261 70.353 0 53.247 1 1.000000
9416 806.113 52.612 238.986 -0.468261 70.353 0 53.247 1 1.000000
9417 806.113 52.612 238.986 -0.468261 70.353 0 53.247 1 1.000000
9418 806.113 52.612 238.986 -0.468261 70.353 0 53.247 1 1.000000
9419 806.113 52.612 238.986 -0.468261 70.353 0 53.247 1 1.000000
9420 806.113 52.612 238.986 -0.468261 70.353 0 53.247 1 1.000000
9421 806.113 52.612 238.986 -0.468261 70.353 0 53.247 1 1.000000
9422 806.113 52.612 238.986 -0.468261 70.353 0 53.247 1 1.000000
9423 806.113 52.612 238.986 -0.468261 70.353 0 53.247 1 1.000000
9424 806.113 52.612 238.986 -0.468261 70.353 0 53.247 1 1.000000
9425 806.113 52.612 238.986 -0.468261 70.353 0 53.247 1 1.000000
9426 806.113 52.612 238.986 -0.468261 70.353 0 53.247 1 1.000000
9427 806.113 52.612 238.986 -0.468261 70.353 0 53.247 1 1.000000
9428 806.113 52.612 238.986 -0.468261 70.353 0 53.247 1 1.000000
9429 806.113 52.612 238.986 -0.468261 70.353 0 53.247 1 1.000000
9430 806.113 52.612 238.986 -0.468261 70.353 0 53.247 1 1.000000
9431 806.113 52.612 238.986 -0.468261 70.353 0 53.247 1 1.000000
9432 806.113 52.612 238.986 -0.468261 70.353 0 53.247 1 1.000000
9433 806.113 52.612 238.986 -0.468261 70.353 0 53.247 1 1.000000
9434 806.113 52.612 238.986 -0.468261 70.353 0 53.247 1 1.000000
9435 806.113 52.612 238.986 -0.468261 70.353 0 53.247 1 1.000000
9436 806.113 52.612 238.986 -0.468261 70.353 0 53.247 1 1.000000
9437 806.113 52.612 238.986 -0.468261 70.353 0 53.247 1 1.000000
9438 806.113 52.612 238.986 -0.468261 70.353 0 53.247 1 1.000000
9439 806.113 52.612 238.986 -0.468261 70.353 0 53.247 1 1.000000
9440 806.113 52.612 238.986 -0.468261 70.353 0 53.247 1 1.000000
9441 806.113 52.612 238.986 -0.468261 70.353 0 53.247 1 1.000000
9442 806.113 52.612 238.986 -0.468261 70.353 0 53.247 1 1.000000
9443 806.113 52.612 238.986 -0.468261 70.353 0 53.247 1 1.000000
9444 806.113 52.612 238.986 -0.468261 70.353 0 53.247 1 1.000000
9445 806.113 52.612 238.986 -0.468261 70.353 0 53.247 1 1.000000
9446 806.113 52.612 238.986 -0.468261 70.353 0 53.247 1 1.000000
9447 806.113 52.612 238.986 -0.468261 70.353 0 53.247 1 1.000000
9448 806.113 52.612 238.986 -0.468261 70.353 0 53.247 1 1.000000
9449 806.113 52.612 238.986 -0.468261 70.353 0 53.247 1 1.000000
9450 806.113 52.612 238.986 -0.468261 70.353 0 53.247 1 1.000000
9451 806.113 52.612 238.986 -0.468261 70.353 0 53.247 1 1.000000
9452 806.113 52.612 238.986 -0.468261 70.353 0 53.247 1 1.000000
9453 806.113 52.612 238.986 -0.468261 70.353 0 53.247 1 1.000000
9454 806.113 52.612 238.986 -0.468261 70.353 0 53.247 1 1.000000
9455 806.113 52.612 238.986 -0.468261 70.353 0 53.247 1 1.000000
9456 806.113 52.612 238.986 -0.468261 70.353 0 53.247 1 1.000000
9457 806.113 52.612 238.986 -0.468261 70.353 0 53.247 1 1.000000
9458 806.113 52.612 238.986 -0.468261 70.353 0 53.247 1 1.000000
9459 806.113 52.612 238.986 -0.468261 70.353 0 53.247 1 1.000000
9460 806.113 52.612 238.986 -0.468261 70.353 0 53.247 1 1.000000
9461 806.113 52.612 238.986 -0.468261 70.353 0 53.247 1 1.000000
9462 806.113 52.612 238.986 -0.468261 70.353 0 53.247 1 1.000000
9463 806.113 52.612 238.986 -0.468261 70.353 0 53.247 1 1.000000
9464 806.113 52.612 238.986 -0.468261 70.353 0 53.247 1 1.000000
9465 806.113 52.612 238.986 -0.468261 70.353 0 53.247 1 1.000000
9466 806.113 52.612 238.986 -0.468261 70.353 0 53.247 1 1.000000
9467 806.113 52.612 238.986 -0.468261 70.353 0 53.247 1 1.000000
9468 806.113 52.612 238.986 -0.468261 70.353 0 53.247 1 1.000000
9469 806.113 52.612 238.986 -0.468261 70.353 0 53.247 1 1.000000
9470 806.113 52.612 238.986 -0.468261 70.353 0 53.247 1 1.000000
9471 806.113 52.612 238.986 -0.468261 70.353 0 53.247 1 1.000000
9472 806.113 52.612 238.986 -0.468261 70.353 0 53.247 1 1.000000
9473 806.113 52.612 238.986 -0.468261 70.353 0 53.247 1 1.000000
9474 806.113 52.612 238.986 -0.468261 70.353 0 53.247 1 1.000000
9475 806.113 52.612 238.986 -0.468261 70.353 0 53.247 1 1.000000
9476 806.113 52.612 238.986 -0.468261 70.353 0 53.247 1 1.000000
9477 806.113 52.612 238.986 -0.468261 70.353 0 53.247 1 1.000000
9478 806.113 52.612 238.986 -0.468261 70.353 0 53.247 1 1.000000
9479 806.113 52.612 238.986 -0.468261 70.353 0 53.247 1 1.000000
9480 806.113 52.612 238.986 -0.468261 70.353 0 53.247 1 1.000000
9481 806.113 52.684 238.985 -0.467206 70.354 0 53.256 1 1.000000
9482 806.113 52.684 238.985 -0.467206 70.354 0 53.256 1 1.000000
9483 806.113 52.752 238.984 -0.466129 70.354 0 53.266 1 1.000000
9484 806.113 52.752 238.984 -0.466129 70.354 0 53.266 1 1.000000
9485 806.085 52.818 238.974 -0.435529 70.355 0 53.271 1 1.000000
9486 806.085 52.818 238.974 -0.435529 70.355 0 53.271 1 1.000000
9487 806.074 52.881 238.972 -0.423496 70.356 0 53.275 1 1.000000
9488 806.074 52.881 238.972 -0.423496 70.356 0 53.275 1 1.000000
9489 806.072 52.941 238.975 -0.422565 70.356 0 53.280 1 1.000000
9490 806.072 52.941 238.975 -0.422565 70.356 0 53.280 1 1.000000
9491 806.054 52.997 238.969 -0.403133 70.357 0 53.284 1 1.000000
9492 806.054 52.997 238.969 -0.403133 70.357 0 53.284 1 1.000000
9493 806.072 53.044 238.979 -0.421880 70.355 0 53.288 1 1.000000
9494 806.088 53.088 238.988 -0.439635 70.354 0 53.292 1 1.000000
9495 806.088 53.088 238.988 -0.439635 70.354 0 53.292 1 1.000000
9496 806.104 53.130 238.997 -0.456471 70.353 0 53.295 1 1.000000
9497 806.104 53.130 238.997 -0.456471 70.353 0 53.295 1 1.000000
9498 806.104 53.130 238.997 -0.456471 70.353 0 53.295 1 1.000000
9499 806.116 53.171 239.003 -0.470073 70.352 0 53.300 1 1.000000
9500 806.126 53.212 239.007 -0.479517 70.351 0 53.305 1 1.000000
9501 806.126 53.212 239.007 -0.479517 70.351 0 53.305 1 1.000000
9502 806.126 53.212 239.007 -0.479517 70.351 0 53.305 1 1.000000
9503 806.133 53.252 239.008 -0.485442 70.351 0 53.312 1 1.000000
9504 806.133 53.252 239.008 -0.485442 70.351 0 53.312 1 1.000000
9505 806.138 53.289 239.006 -0.488295 70.351 0 53.321 1 1.000000
9506 806.144 53.324 239.003 -0.491769 70.351 0 53.330 1 1.000000
9507 806.144 53.324 239.003 -0.491769 70.351 0 53.330 1 1.000000
9508 806.144 53.324 239.003 -0.491769 70.351 0 53.330 1 1.000000
9509 806.150 53.356 238.999 -0.494931 70.351 0 53.339 1 1.000000
9510 806.150 53.356 238.999 -0.494931 70.351 0 53.339 1 1.000000
9511 806.155 53.386 238.996 -0.497733 70.351 0 53.347 1 1.000000
9512 806.155 53.386 238.996 -0.497733 70.351 0 53.347 1 1.000000
9513 806.165 53.397 238.995 -0.505716 70.351 0 53.354 1 1.000000
9514 806.165 53.397 238.995 -0.505716 70.351 0 53.354 1 1.000000
9515 806.173 53.399 238.994 -0.512708 70.351 0 53.358 1 1.000000
9516 806.173 53.399 238.994 -0.512708 70.351 0 53.358 1 1.000000
9517 806.180 53.401 238.993 -0.519036 70.351 0 53.363 1 1.000000
9518 806.180 53.401 238.993 -0.519036 70.351 0 53.363 1 1.000000
9519 806.187 53.403 238.991 -0.524496 70.351 0 53.367 1 1.000000
9520 806.187 53.403 238.991 -0.524496 70.351 0 53.367 1 1.000000
9521 806.193 53.405 238.989 -0.529029 70.351 0 53.372 1 1.000000
9522 806.193 53.405 238.989 -0.529029 70.351 0 53.372 1 1.000000
9523 806.198 53.407 238.988 -0.532832 70.351 0 53.376 1 1.000000
9524 806.198 53.407 238.988 -0.532832 70.351 0 53.376 1 1.000000
9525 806.203 53.409 238.985 -0.535557 70.351 0 53.380 1 1.000000
9526 806.203 53.409 238.985 -0.535557 70.351 0 53.380 1 1.000000
9527 806.206 53.410 238.982 -0.537360 70.351 0 53.384 1 1.000000
9528 806.209 53.410 238.979 -0.538419 70.351 0 53.388 1 1.000000
9529 806.209 53.410 238.979 -0.538419 70.351 0 53.388 1 1.000000
9530 806.209 53.410 238.979 -0.538419 70.351 0 53.388 1 1.000000
9531 806.210 53.411 238.976 -0.538552 70.352 0 53.392 1 1.000000
9532 806.210 53.411 238.976 -0.538552 70.352 0 53.392 1 1.000000
9533 806.211 53.411 238.972 -0.537878 70.352 0 53.395 1 1.000000
9534 806.211 53.411 238.972 -0.537878 70.352 0 53.395 1 1.000000
9535 806.212 53.408 238.969 -0.537256 70.352 0 53.398 1 1.000000
9536 806.212 53.408 238.969 -0.537256 70.352 0 53.398 1 1.000000
9537 806.184 53.400 238.960 -0.509038 70.354 0 53.394 1 1.000000
9538 806.184 53.400 238.960 -0.509038 70.354 0 53.394 1 1.000000
9539 806.185 53.392 238.956 -0.508498 70.354 0 53.397 1 1.000000
9540 806.164 53.380 238.948 -0.486066 70.356 0 53.394 1 1.000000
9541 806.164 53.380 238.948 -0.486066 70.356 0 53.394 1 1.000000
9542 806.164 53.380 238.948 -0.486066 70.356 0 53.394 1 1.000000
9543 806.164 53.367 238.944 -0.485480 70.356 0 53.396 1 1.000000
9544 806.164 53.367 238.944 -0.485480 70.356 0 53.396 1 1.000000
9545 806.160 53.347 238.940 -0.480182 70.357 0 53.396 1 1.000000
9546 806.160 53.347 238.940 -0.480182 70.357 0 53.396 1 1.000000
9547 806.161 53.328 238.936 -0.479733 70.357 0 53.397 1 1.000000
9548 806.161 53.328 238.936 -0.479733 70.357 0 53.397 1 1.000000
9549 806.155 53.303 238.931 -0.472986 70.358 0 53.396 1 1.000000
9550 806.155 53.303 238.931 -0.472986 70.358 0 53.396 1 1.000000
9551 806.156 53.279 238.927 -0.472610 70.358 0 53.397 1 1.000000
9552 806.156 53.279 238.927 -0.472610 70.358 0 53.397 1 1.000000
9553 806.148 53.249 238.922 -0.464342 70.359 0 53.395 1 1.000000
9554 806.148 53.249 238.922 -0.464342 70.359 0 53.395 1 1.000000
9555 806.149 53.219 238.919 -0.464085 70.359 0 53.395 1 1.000000
9556 806.149 53.219 238.919 -0.464085 70.359 0 53.395 1 1.000000
9557 806.140 53.183 238.913 -0.454351 70.360 0 53.392 1 1.000000
9558 806.140 53.183 238.913 -0.454351 70.360 0 53.392 1 1.000000
9559 806.141 53.148 238.910 -0.454144 70.361 0 53.391 1 1.000000
9560 806.127 53.107 238.904 -0.440667 70.362 0 53.386 1 1.000000
9561 806.127 53.107 238.904 -0.440667 70.362 0 53.386 1 1.000000
9562 806.128 53.067 238.901 -0.440890 70.362 0 53.384 1 1.000000
9563 806.128 53.067 238.901 -0.440890 70.362 0 53.384 1 1.000000
9564 806.128 53.067 238.901 -0.440890 70.362 0 53.384 1 1.000000
9565 806.101 53.023 238.893 -0.413455 70.364 0 53.375 1 1.000000
9566 806.101 53.023 238.893 -0.413455 70.364 0 53.375 1 1.000000
9567 806.101 52.865 238.893 -0.415911 70.364 0 53.356 1 1.000000
9568 806.107 52.817 238.899 -0.424569 70.363 0 53.347 1 1.000000
9569 806.107 52.817 238.899 -0.424569 70.363 0 53.347 1 1.000000
9570 806.107 52.817 238.899 -0.424569 70.363 0 53.347 1 1.000000
9571 806.113 52.767 238.906 -0.433652 70.362 0 53.338 1 1.000000
9572 806.113 52.767 238.906 -0.433652 70.362 0 53.338 1 1.000000
9573 806.120 52.714 238.913 -0.443209 70.361 0 53.328 1 1.000000
9574 806.127 52.659 238.919 -0.453233 70.360 0 53.318 1 1.000000
9575 806.127 52.659 238.919 -0.453233 70.360 0 53.318 1 1.000000
9576 806.116 52.638 238.924 -0.445221 70.360 0 53.307 1 1.000000
9577 806.116 52.638 238.924 -0.445221 70.360 0 53.307 1 1.000000
9578 806.125 52.635 238.932 -0.457526 70.359 0 53.303 1 1.000000
9579 806.125 52.635 238.932 -0.457526 70.359 0 53.303 1 1.000000
9580 806.125 52.635 238.932 -0.457526 70.359 0 53.303 1 1.000000
9581 806.125 52.633 238.935 -0.457966 70.358 0 53.300 1 1.000000
9582 806.125 52.633 238.935 -0.457966 70.358 0 53.300 1 1.000000
9583 806.124 52.627 238.938 -0.459107 70.358 0 53.296 1 1.000000
9584 806.124 52.627 238.938 -0.459107 70.358 0 53.296 1 1.000000
9585 806.124 52.626 238.942 -0.460144 70.358 0 53.293 1 1.000000
9586 806.124 52.626 238.942 -0.460144 70.358 0 53.293 1 1.000000
9587 806.120 52.638 238.946 -0.458796 70.357 0 53.289 1 1.000000
9588 806.120 52.638 238.946 -0.458796 70.357 0 53.289 1 1.000000
9589 806.118 52.636 238.949 -0.457432 70.357 0 53.285 1 1.000000
9590 806.117 52.630 238.952 -0.458366 70.357 0 53.282 1 1.000000
9591 806.117 52.630 238.952 -0.458366 70.357 0 53.282 1 1.000000
9592 806.117 52.630 238.952 -0.458366 70.357 0 53.282 1 1.000000
9593 806.119 52.623 238.955 -0.461013 70.356 0 53.278 1 1.000000
9594 806.117 52.635 238.958 -0.460779 70.356 0 53.276 1 1.000000
9595 806.117 52.635 238.958 -0.460779 70.356 0 53.276 1 1.000000
9596 806.117 52.635 238.958 -0.460779 70.356 0 53.276 1 1.000000
9597 806.114 52.632 238.959 -0.458085 70.356 0 53.274 1 1.000000
9598 806.116 52.627 238.959 -0.459674 70.356 0 53.274 1 1.000000
9599 806.116 52.627 238.959 -0.459674 70.356 0 53.274 1 1.000000
9600 806.116 52.627 238.959 -0.459674 70.356 0 53.274 1 1.000000
9601 806.119 52.621 238.959 -0.462953 70.356 0 53.275 1 1.000000
9602 806.119 52.621 238.959 -0.462953 70.356 0 53.275 1 1.000000
9603 806.117 52.633 238.962 -0.461918 70.356 0 53.273 1 1.000000
9604 806.117 52.633 238.962 -0.461918 70.356 0 53.273 1 1.000000
9605 806.113 52.633 238.960 -0.458176 70.356 0 53.272 1 1.000000
9606 806.113 52.633 238.960 -0.458176 70.356 0 53.272 1 1.000000
9607 806.115 52.628 238.960 -0.459766 70.356 0 53.273 1 1.000000
9608 806.115 52.628 238.960 -0.459766 70.356 0 53.273 1 1.000000
9609 806.118 52.621 238.960 -0.462692 70.356 0 53.273 1 1.000000
9610 806.116 52.633 238.963 -0.462048 70.356 0 53.271 1 1.000000
9611 806.116 52.633 238.963 -0.462048 70.356 0 53.271 1 1.000000
9612 806.116 52.633 238.963 -0.462048 70.356 0 53.271 1 1.000000
9613 806.114 52.630 238.961 -0.459079 70.356 0 53.271 1 1.000000
9614 806.114 52.630 238.961 -0.459079 70.356 0 53.271 1 1.000000
9615 806.116 52.625 238.961 -0.460669 70.356 0 53.272 1 1.000000
9616 806.116 52.625 238.961 -0.460669 70.356 0 53.272 1 1.000000
9617 806.119 52.620 238.962 -0.464313 70.356 0 53.272 1 1.000000
9618 806.119 52.620 238.962 -0.464313 70.356 0 53.272 1 1.000000
9619 806.116 52.632 238.964 -0.462343 70.356 0 53.270 1 1.000000
9620 806.116 52.632 238.964 -0.462343 70.356 0 53.270 1 1.000000
9621 806.113 52.631 238.963 -0.458934 70.356 0 53.270 1 1.000000
9622 806.115 52.626 238.963 -0.460523 70.356 0 53.270 1 1.000000
9623 806.115 52.626 238.963 -0.460523 70.356 0 53.270 1 1.000000
9624 806.118 52.620 238.963 -0.463594 70.356 0 53.270 1 1.000000
9625 806.118 52.620 238.963 -0.463594 70.356 0 53.270 1 1.000000
9626 806.117 52.621 238.963 -0.462422 70.356 0 53.270 1 1.000000
9627 806.117 52.621 238.963 -0.462422 70.356 0 53.270 1 1.000000
9628 806.118 52.620 238.963 -0.463594 70.356 0 53.271 1 1.000000
9629 806.118 52.620 238.963 -0.463594 70.356 0 53.271 1 1.000000
9630 806.116 52.632 238.965 -0.462618 70.356 0 53.269 1 1.000000
9631 806.114 52.629 238.964 -0.459721 70.356 0 53.269 1 1.000000
9632 806.114 52.629 238.964 -0.459721 70.356 0 53.269 1 1.000000
9633 806.115 52.624 238.963 -0.461306 70.356 0 53.270 1 1.000000
9634 806.115 52.624 238.963 -0.461306 70.356 0 53.270 1 1.000000
9635 806.119 52.619 238.964 -0.465018 70.356 0 53.270 1 1.000000
9636 806.119 52.619 238.964 -0.465018 70.356 0 53.270 1 1.000000
9637 806.119 52.619 238.964 -0.465018 70.356 0 53.270 1 1.000000
9638 806.116 52.631 238.966 -0.462917 70.355 0 53.268 1 1.000000
9639 806.116 52.631 238.966 -0.462917 70.355 0 53.268 1 1.000000
9640 806.113 52.630 238.965 -0.459571 70.356 0 53.267 1 1.000000
9641 806.113 52.630 238.965 -0.459571 70.356 0 53.267 1 1.000000
9642 806.114 52.626 238.965 -0.461102 70.356 0 53.268 1 1.000000
9643 806.118 52.619 238.965 -0.464173 70.355 0 53.268 1 1.000000
9644 806.118 52.619 238.965 -0.464173 70.355 0 53.268 1 1.000000
9645 806.118 52.619 238.965 -0.464173 70.355 0 53.268 1 1.000000
9646 806.116 52.620 238.965 -0.462996 70.356 0 53.268 1 1.000000
9647 806.116 52.620 238.965 -0.462996 70.356 0 53.268 1 1.000000
9648 806.118 52.619 238.965 -0.464173 70.355 0 53.268 1 1.000000
9649 806.118 52.619 238.965 -0.464173 70.355 0 53.268 1 1.000000
9650 806.116 52.631 238.968 -0.463260 70.355 0 53.266 1 1.000000
9651 806.116 52.631 238.968 -0.463260 70.355 0 53.266 1 1.000000
9652 806.112 52.631 238.967 -0.459657 70.355 0 53.266 1 1.000000
9653 806.112 52.631 238.967 -0.459657 70.355 0 53.266 1 1.000000
9654 806.114 52.626 238.966 -0.461242 70.355 0 53.267 1 1.000000
9655 806.114 52.626 238.966 -0.461242 70.355 0 53.267 1 1.000000
9656 806.117 52.619 238.966 -0.464096 70.355 0 53.267 1 1.000000
9657 806.117 52.619 238.966 -0.464096 70.355 0 53.267 1 1.000000
9658 806.115 52.631 238.969 -0.463592 70.355 0 53.265 1 1.000000
9659 806.112 52.630 238.968 -0.459918 70.355 0 53.265 1 1.000000
9660 806.112 52.630 238.968 -0.459918 70.355 0 53.265 1 1.000000
9661 806.112 52.630 238.968 -0.459918 70.355 0 53.265 1 1.000000
9662 806.114 52.625 238.967 -0.461450 70.355 0 53.265 1 1.000000
9663 806.114 52.625 238.967 -0.461450 70.355 0 53.265 1 1.000000
9664 806.117 52.619 238.968 -0.464227 70.355 0 53.266 1 1.000000
9665 806.117 52.619 238.968 -0.464227 70.355 0 53.266 1 1.000000
9666 806.115 52.630 238.970 -0.463853 70.355 0 53.264 1 1.000000
9667 806.115 52.630 238.970 -0.463853 70.355 0 53.264 1 1.000000
9668 806.113 52.628 238.969 -0.460879 70.355 0 53.264 1 1.000000
9669 806.113 52.628 238.969 -0.460879 70.355 0 53.264 1 1.000000
9670 806.114 52.623 238.968 -0.462406 70.355 0 53.265 1 1.000000
9671 806.114 52.623 238.968 -0.462406 70.355 0 53.265 1 1.000000
9672 806.118 52.618 238.969 -0.465915 70.355 0 53.265 1 1.000000
9673 806.118 52.618 238.969 -0.465915 70.355 0 53.265 1 1.000000
9674 806.115 52.629 238.971 -0.464476 70.355 0 53.263 1 1.000000
9675 806.115 52.629 238.971 -0.464476 70.355 0 53.263 1 1.000000
9676 806.112 52.629 238.970 -0.460729 70.355 0 53.263 1 1.000000
9677 806.112 52.629 238.970 -0.460729 70.355 0 53.263 1 1.000000
9678 806.114 52.624 238.970 -0.462256 70.355 0 53.263 1 1.000000
9679 806.114 52.624 238.970 -0.462256 70.355 0 53.263 1 1.000000
9680 806.117 52.618 238.970 -0.465322 70.355 0 53.263 1 1.000000
9681 806.117 52.618 238.970 -0.465322 70.355 0 53.263 1 1.000000
9682 806.115 52.629 238.973 -0.464418 70.355 0 53.262 1 1.000000
9683 806.115 52.629 238.973 -0.464418 70.355 0 53.262 1 1.000000
9684 806.111 52.629 238.971 -0.460873 70.355 0 53.261 1 1.000000
9685 806.111 52.629 238.971 -0.460873 70.355 0 53.261 1 1.000000
9686 806.113 52.624 238.971 -0.462400 70.355 0 53.262 1 1.000000
9687 806.113 52.624 238.971 -0.462400 70.355 0 53.262 1 1.000000
9688 806.116 52.617 238.971 -0.465254 70.355 0 53.262 1 1.000000
9689 806.116 52.617 238.971 -0.465254 70.355 0 53.262 1 1.000000
9690 806.115 52.629 238.974 -0.464876 70.355 0 53.260 1 1.000000
9691 806.111 52.629 238.973 -0.461071 70.355 0 53.260 1 1.000000
9692 806.111 52.629 238.973 -0.461071 70.355 0 53.260 1 1.000000
9693 806.111 52.629 238.973 -0.461071 70.355 0 53.260 1 1.000000
9694 806.113 52.624 238.972 -0.462666 70.355 0 53.261 1 1.000000
9695 806.113 52.624 238.972 -0.462666 70.355 0 53.261 1 1.000000
9696 806.116 52.617 238.972 -0.465443 70.355 0 53.261 1 1.000000
9697 806.116 52.617 238.972 -0.465443 70.355 0 53.261 1 1.000000
9698 806.114 52.629 238.975 -0.465064 70.355 0 53.259 1 1.000000
9699 806.114 52.629 238.975 -0.465064 70.355 0 53.259 1 1.000000
9700 806.112 52.626 238.973 -0.461974 70.355 0 53.259 1 1.000000
9701 806.112 52.626 238.973 -0.461974 70.355 0 53.259 1 1.000000
9702 806.114 52.621 238.973 -0.463564 70.355 0 53.260 1 1.000000
9703 806.114 52.621 238.973 -0.463564 70.355 0 53.260 1 1.000000
9704 806.117 52.616 238.973 -0.467131 70.355 0 53.260 1 1.000000
9705 806.117 52.616 238.973 -0.467131 70.355 0 53.260 1 1.000000
9706 806.115 52.628 238.976 -0.465624 70.354 0 53.258 1 1.000000
9707 806.112 52.625 238.974 -0.462462 70.355 0 53.259 1 1.000000
9708 806.112 52.625 238.974 -0.462462 70.355 0 53.259 1 1.000000
9709 806.112 52.625 238.974 -0.462462 70.355 0 53.259 1 1.000000
9710 806.114 52.620 238.973 -0.463989 70.355 0 53.259 1 1.000000
9711 806.114 52.620 238.973 -0.463989 70.355 0 53.259 1 1.000000
9712 806.118 52.615 238.974 -0.467913 70.355 0 53.259 1 1.000000
9713 806.118 52.615 238.974 -0.467913 70.355 0 53.259 1 1.000000
9714 806.114 52.627 238.976 -0.465470 70.354 0 53.257 1 1.000000
9715 806.114 52.627 238.976 -0.465470 70.354 0 53.257 1 1.000000
9716 806.112 52.624 238.975 -0.462771 70.355 0 53.258 1 1.000000
9717 806.112 52.624 238.975 -0.462771 70.355 0 53.258 1 1.000000
9718 806.114 52.620 238.974 -0.464365 70.355 0 53.258 1 1.000000
9719 806.114 52.620 238.974 -0.464365 70.355 0 53.258 1 1.000000
9720 806.118 52.615 238.975 -0.468362 70.354 0 53.259 1 1.000000
9721 806.114 52.626 238.977 -0.465726 70.354 0 53.257 1 1.000000
9722 806.114 52.626 238.977 -0.465726 70.354 0 53.257 1 1.000000
9723 806.111 52.626 238.976 -0.462447 70.355 0 53.256 1 1.000000
9724 806.111 52.626 238.976 -0.462447 70.355 0 53.256 1 1.000000
9725 806.111 52.626 238.976 -0.462447 70.355 0 53.256 1 1.000000
9726 806.113 52.621 238.976 -0.463916 70.355 0 53.257 1 1.000000
9727 806.113 52.621 238.976 -0.463916 70.355 0 53.257 1 1.000000
9728 806.116 52.615 238.976 -0.467126 70.354 0 53.257 1 1.000000
9729 806.116 52.615 238.976 -0.467126 70.354 0 53.257 1 1.000000
9730 806.114 52.627 238.979 -0.466213 70.354 0 53.255 1 1.000000
9731 806.114 52.627 238.979 -0.466213 70.354 0 53.255 1 1.000000
9732 806.111 52.624 238.977 -0.463051 70.354 0 53.256 1 1.000000
9733 806.111 52.624 238.977 -0.463051 70.354 0 53.256 1 1.000000
9734 806.113 52.620 238.976 -0.464640 70.354 0 53.256 1 1.000000
9735 806.113 52.620 238.976 -0.464640 70.354 0 53.256 1 1.000000
9736 806.117 52.614 238.977 -0.468362 70.354 0 53.257 1 1.000000
9737 806.117 52.614 238.977 -0.468362 70.354 0 53.257 1 1.000000
9738 806.114 52.616 238.977 -0.465949 70.354 0 53.256 1 1.000000
9739 806.114 52.616 238.977 -0.465949 70.354 0 53.256 1 1.000000
9740 806.114 52.616 238.977 -0.465949 70.354 0 53.256 1 1.000000
9741 806.114 52.616 238.977 -0.465949 70.354 0 53.256 1 1.000000
9742 806.114 52.616 238.977 -0.465949 70.354 0 53.256 1 1.000000
9743 806.114 52.616 238.977 -0.465949 70.354 0 53.256 1 1.000000
9744 806.114 52.616 238.977 -0.465949 70.354 0 53.256 1 1.000000
9745 806.114 52.616 238.977 -0.465949 70.354 0 53.256 1 1.000000
9746 806.114 52.616 238.977 -0.465949 70.354 0 53.256 1 1.000000
9747 806.114 52.616 238.977 -0.465949 70.354 0 53.256 1 1.000000
9748 806.114 52.616 238.977 -0.465949 70.354 0 53.256 1 1.000000
9749 806.114 52.616 238.977 -0.465949 70.354 0 53.256 1 1.000000
9750 806.114 52.616 238.977 -0.465949 70.354 0 53.256 1 1.000000
9751 806.114 52.616 238.977 -0.465949 70.354 0 53.256 1 1.000000
9752 806.114 52.616 238.977 -0.465949 70.354 0 53.256 1 1.000000
9753 806.114 52.616 238.977 -0.465949 70.354 0 53.256 1 1.000000
9754 806.114 52.616 238.977 -0.465949 70.354 0 53.256 1 1.000000
9755 806.114 52.616 238.977 -0.465949 70.354 0 53.256 1 1.000000
9756 806.114 52.616 238.977 -0.465949 70.354 0 53.256 1 1.000000
9757 806.114 52.616 238.977 -0.465949 70.354 0 53.256 1 1.000000
9758 806.114 52.616 238.977 -0.465949 70.354 0 53.256 1 1.000000
9759 806.114 52.616 238.977 -0.465949 70.354 0 53.256 1 1.000000
9760 806.114 52.616 238.977 -0.465949 70.354 0 53.256 1 1.000000
9761 806.114 52.616 238.977 -0.465949 70.354 0 53.256 1 1.000000
9762 806.114 52.616 238.977 -0.465949 70.354 0 53.256 1 1.000000
9763 806.114 52.616 238.977 -0.465949 70.354 0 53.256 1 1.000000
9764 806.114 52.616 238.977 -0.465949 70.354 0 53.256 1 1.000000
9765 806.114 52.616 238.977 -0.465949 70.354 0 53.256 1 1.000000
9766 806.114 52.616 238.977 -0.465949 70.354 0 53.256 1 1.000000
9767 806.114 52.616 238.977 -0.465949 70.354 0 53.256 1 1.000000
9768 806.114 52.616 238.977 -0.465949 70.354 0 53.256 1 1.000000
9769 806.114 52.616 238.977 -0.465949 70.354 0 53.256 1 1.000000
9770 806.114 52.616 238.977 -0.465949 70.354 0 53.256 1 1.000000
9771 806.114 52.616 238.977 -0.465949 70.354 0 53.256 1 1.000000
9772 806.114 52.616 238.977 -0.465949 70.354 0 53.256 1 1.000000
9773 806.114 52.616 238.977 -0.465949 70.354 0 53.256 1 1.000000
9774 806.114 52.616 238.977 -0.465949 70.354 0 53.256 1 1.000000
9775 806.114 52.616 238.977 -0.465949 70.354 0 53.256 1 1.000000
9776 806.114 52.616 238.977 -0.465949 70.354 0 53.256 1 1.000000
9777 806.114 52.616 238.977 -0.465949 70.354 0 53.256 1 1.000000
9778 806.114 52.616 238.977 -0.465949 70.354 0 53.256 1 1.000000
9779 806.114 52.616 238.977 -0.465949 70.354 0 53.256 1 1.000000
9780 806.114 52.616 238.977 -0.465949 70.354 0 53.256 1 1.000000
9781 806.114 52.616 238.977 -0.465949 70.354 0 53.256 1 1.000000
9782 806.114 52.616 238.977 -0.465949 70.354 0 53.256 1 1.000000
9783 806.114 52.616 238.977 -0.465949 70.354 0 53.256 1 1.000000
9784 806.114 52.616 238.977 -0.465949 70.354 0 53.256 1 1.000000
9785 806.114 52.616 238.977 -0.465949 70.354 0 53.256 1 1.000000
9786 806.114 52.616 238.977 -0.465949 70.354 0 53.256 1 1.000000
9787 806.114 52.616 238.977 -0.465949 70.354 0 53.256 1 1.000000
9788 806.114 52.616 238.977 -0.465949 70.354 0 53.256 1 1.000000
9789 806.114 52.616 238.977 -0.465949 70.354 0 53.256 1 1.000000
9790 806.114 52.616 238.977 -0.465949 70.354 0 53.256 1 1.000000
9791 806.114 52.616 238.977 -0.465949 70.354 0 53.256 1 1.000000
9792 806.114 52.616 238.977 -0.465949 70.354 0 53.256 1 1.000000
9793 806.114 52.616 238.977 -0.465949 70.354 0 53.256 1 1.000000
9794 806.114 52.616 238.977 -0.465949 70.354 0 53.256 1 1.000000
9795 806.114 52.616 238.977 -0.465949 70.354 0 53.256 1 1.000000
9796 806.114 52.616 238.977 -0.465949 70.354 0 53.256 1 1.000000
9797 806.114 52.616 238.977 -0.465949 70.354 0 53.256 1 1.000000
9798 806.114 52.616 238.977 -0.465949 70.354 0 53.256 1 1.000000
9799 806.114 52.616 238.977 -0.465949 70.354 0 53.256 1 1.000000
9800 806.114 52.616 238.977 -0.465949 70.354 0 53.256 1 1.000000
9801 806.114 52.616 238.977 -0.465949 70.354 0 53.256 1 1.000000
9802 806.114 52.616 238.977 -0.465949 70.354 0 53.256 1 1.000000
9803 806.114 52.616 238.977 -0.465949 70.354 0 53.256 1 1.000000
9804 806.114 52.616 238.977 -0.465949 70.354 0 53.256 1 1.000000
9805 806.114 52.616 238.977 -0.465949 70.354 0 53.256 1 1.000000
9806 806.114 52.616 238.977 -0.465949 70.354 0 53.256 1 1.000000
9807 806.114 52.616 238.977 -0.465949 70.354 0 53.256 1 1.000000
9808 806.114 52.616 238.977 -0.465949 70.354 0 53.256 1 1.000000
9809 806.114 52.616 238.977 -0.465949 70.354 0 53.256 1 1.000000
9810 806.114 52.616 238.977 -0.465949 70.354 0 53.256 1 1.000000
9811 806.114 52.616 238.977 -0.465949 70.354 0 53.256 1 1.000000
9812 806.114 52.616 238.977 -0.465949 70.354 0 53.256 1 1.000000
9813 806.114 52.616 238.977 -0.465949 70.354 0 53.256 1 1.000000
9814 806.114 52.616 238.977 -0.465949 70.354 0 53.256 1 1.000000
9815 806.114 52.616 238.977 -0.465949 70.354 0 53.256 1 1.000000
9816 806.114 52.616 238.977 -0.465949 70.354 0 53.256 1 1.000000
9817 806.114 52.616 238.977 -0.465949 70.354 0 53.256 1 1.000000
9818 806.114 52.616 238.977 -0.465949 70.354 0 53.256 1 1.000000
9819 806.114 52.616 238.977 -0.465949 70.354 0 53.256 1 1.000000
9820 806.114 52.616 238.977 -0.465949 70.354 0 53.256 1 1.000000
9821 806.114 52.616 238.977 -0.465949 70.354 0 53.256 1 1.000000
9822 806.114 52.616 238.977 -0.465949 70.354 0 53.256 1 1.000000
9823 806.114 52.616 238.977 -0.465949 70.354 0 53.256 1 1.000000
9824 806.114 52.616 238.977 -0.465949 70.354 0 53.256 1 1.000000
9825 806.114 52.616 238.977 -0.465949 70.354 0 53.256 1 1.000000
9826 806.114 52.616 238.977 -0.465949 70.354 0 53.256 1 1.000000
9827 806.114 52.616 238.977 -0.465949 70.354 0 53.256 1 1.000000
9828 806.114 52.616 238.977 -0.465949 70.354 0 53.256 1 1.000000
9829 806.114 52.616 238.977 -0.465949 70.354 0 53.256 1 1.000000
9830 806.114 52.616 238.977 -0.465949 70.354 0 53.256 1 1.000000
9831 806.114 52.616 238.977 -0.465949 70.354 0 53.256 1 1.000000
9832 806.114 52.616 238.977 -0.465949 70.354 0 53.256 1 1.000000
9833 806.114 52.616 238.977 -0.465949 70.354 0 53.256 1 1.000000
9834 806.114 52.616 238.977 -0.465949 70.354 0 53.256 1 1.000000
9835 806.114 52.616 238.977 -0.465949 70.354 0 53.256 1 1.000000
9836 806.114 52.616 238.977 -0.465949 70.354 0 53.256 1 1.000000
9837 806.114 52.616 238.977 -0.465949 70.354 0 53.256 1 1.000000
9838 806.114 52.616 238.977 -0.465949 70.354 0 53.256 1 1.000000
9839 806.114 52.616 238.977 -0.465949 70.354 0 53.256 1 1.000000
9840 806.114 52.616 238.977 -0.465949 70.354 0 53.256 1 1.000000
9841 806.114 52.616 238.977 -0.465949 70.354 0 53.256 1 1.000000
9842 806.114 52.616 238.977 -0.465949 70.354 0 53.256 1 1.000000
9843 806.114 52.616 238.977 -0.465949 70.354 0 53.256 1 1.000000
9844 806.114 52.616 238.977 -0.465949 70.354 0 53.256 1 1.000000
9845 806.114 52.616 238.977 -0.465949 70.354 0 53.256 1 1.000000
9846 806.114 52.616 238.977 -0.465949 70.354 0 53.256 1 1.000000
9847 806.114 52.616 238.977 -0.465949 70.354 0 53.256 1 1.000000
9848 806.114 52.616 238.977 -0.465949 70.354 0 53.256 1 1.000000
9849 806.114 52.616 238.977 -0.465949 70.354 0 53.256 1 1.000000
9850 806.114 52.616 238.977 -0.465949 70.354 0 53.256 1 1.000000
9851 806.114 52.616 238.977 -0.465949 70.354 0 53.256 1 1.000000
9852 806.114 52.616 238.977 -0.465949 70.354 0 53.256 1 1.000000
9853 806.114 52.616 238.977 -0.465949 70.354 0 53.256 1 1.000000
9854 806.114 52.616 238.977 -0.465949 70.354 0 53.256 1 1.000000
9855 806.114 52.616 238.977 -0.465949 70.354 0 53.256 1 1.000000
9856 806.114 52.616 238.977 -0.465949 70.354 0 53.256 1 1.000000
9857 806.114 52.616 238.977 -0.465949 70.354 0 53.256 1 1.000000
9858 806.114 52.616 238.977 -0.465949 70.354 0 53.256 1 1.000000
9859 806.114 52.616 238.977 -0.465949 70.354 0 53.256 1 1.000000
9860 806.114 52.616 238.977 -0.465949 70.354 0 53.256 1 1.000000
9861 806.114 52.616 238.977 -0.465949 70.354 0 53.256 1 1.000000
9862 806.114 52.616 238.977 -0.465949 70.354 0 53.256 1 1.000000
9863 806.114 52.616 238.977 -0.465949 70.354 0 53.256 1 1.000000
9864 806.114 52.616 238.977 -0.465949 70.354 0 53.256 1 1.000000
9865 806.114 52.616 238.977 -0.465949 70.354 0 53.256 1 1.000000
9866 806.114 52.616 238.977 -0.465949 70.354 0 53.256 1 1.000000
9867 806.114 52.616 238.977 -0.465949 70.354 0 53.256 1 1.000000
9868 806.114 52.616 238.977 -0.465949 70.354 0 53.256 1 1.000000
9869 806.114 52.616 238.977 -0.465949 70.354 0 53.256 1 1.000000
9870 806.114 52.616 238.977 -0.465949 70.354 0 53.256 1 1.000000
9871 806.114 52.616 238.977 -0.465949 70.354 0 53.256 1 1.000000
9872 806.114 52.616 238.977 -0.465949 70.354 0 53.256 1 1.000000
9873 806.114 52.616 238.977 -0.465949 70.354 0 53.256 1 1.000000
9874 806.114 52.616 238.977 -0.465949 70.354 0 53.256 1 1.000000
9875 806.114 52.616 238.977 -0.465949 70.354 0 53.256 1 1.000000
9876 806.114 52.616 238.977 -0.465949 70.354 0 53.256 1 1.000000
9877 806.114 52.616 238.977 -0.465949 70.354 0 53.256 1 1.000000
9878 806.114 52.616 238.977 -0.465949 70.354 0 53.256 1 1.000000
9879 806.114 52.616 238.977 -0.465949 70.354 0 53.256 1 1.000000
9880 806.114 52.616 238.977 -0.465949 70.354 0 53.256 1 1.000000
9881 806.114 52.616 238.977 -0.465949 70.354 0 53.256 1 1.000000
9882 806.114 52.616 238.977 -0.465949 70.354 0 53.256 1 1.000000
9883 806.114 52.616 238.977 -0.465949 70.354 0 53.256 1 1.000000
9884 806.114 52.616 238.977 -0.465949 70.354 0 53.256 1 1.000000
9885 806.114 52.616 238.977 -0.465949 70.354 0 53.256 1 1.000000
9886 806.114 52.616 238.977 -0.465949 70.354 0 53.256 1 1.000000
9887 806.114 52.616 238.977 -0.465949 70.354 0 53.256 1 1.000000
9888 806.114 52.616 238.977 -0.465949 70.354 0 53.256 1 1.000000
9889 806.114 52.616 238.977 -0.465949 70.354 0 53.256 1 1.000000
9890 806.114 52.616 238.977 -0.465949 70.354 0 53.256 1 1.000000
9891 806.114 52.616 238.977 -0.465949 70.354 0 53.256 1 1.000000
9892 806.114 52.616 238.977 -0.465949 70.354 0 53.256 1 1.000000
9893 806.114 52.616 238.977 -0.465949 70.354 0 53.256 1 1.000000
9894 806.114 52.616 238.977 -0.465949 70.354 0 53.256 1 1.000000
9895 806.114 52.616 238.977 -0.465949 70.354 0 53.256 1 1.000000
9896 806.114 52.616 238.977 -0.465949 70.354 0 53.256 1 1.000000
9897 806.114 52.616 238.977 -0.465949 70.354 0 53.256 1 1.000000
9898 806.114 52.616 238.977 -0.465949 70.354 0 53.256 1 1.000000
9899 806.114 52.616 238.977 -0.465949 70.354 0 53.256 1 1.000000
9900 806.114 52.616 238.977 -0.465949 70.354 0 53.256 1 1.000000
9901 806.115 52.687 238.976 -0.464894 70.354 0 53.266 1 1.000000
9902 806.115 52.687 238.976 -0.464894 70.354 0 53.266 1 1.000000
9903 806.115 52.755 238.975 -0.463822 70.355 0 53.275 1 1.000000
9904 806.115 52.755 238.975 -0.463822 70.355 0 53.275 1 1.000000
9905 806.088 52.821 238.966 -0.434754 70.356 0 53.280 1 1.000000
9906 806.088 52.821 238.966 -0.434754 70.356 0 53.280 1 1.000000
9907 806.087 52.884 238.968 -0.433886 70.356 0 53.285 1 1.000000
9908 806.087 52.884 238.968 -0.433886 70.356 0 53.285 1 1.000000
9909 806.066 52.944 238.962 -0.411422 70.357 0 53.289 1 1.000000
9910 806.066 52.944 238.962 -0.411422 70.357 0 53.289 1 1.000000
9911 806.065 53.001 238.965 -0.410556 70.357 0 53.293 1 1.000000
9912 806.065 53.001 238.965 -0.410556 70.357 0 53.293 1 1.000000
9913 806.073 53.039 238.970 -0.419884 70.356 0 53.296 1 1.000000
9914 806.127 53.208 238.998 -0.477216 70.352 0 53.313 1 1.000000
9915 806.127 53.208 238.998 -0.477216 70.352 0 53.313 1 1.000000
9916 806.127 53.208 238.998 -0.477216 70.352 0 53.313 1 1.000000
9917 806.134 53.247 238.999 -0.482949 70.351 0 53.320 1 1.000000
9918 806.134 53.247 238.999 -0.482949 70.351 0 53.320 1 1.000000
9919 806.139 53.285 238.997 -0.485809 70.352 0 53.328 1 1.000000
9920 806.139 53.285 238.997 -0.485809 70.352 0 53.328 1 1.000000
9921 806.145 53.320 238.994 -0.489278 70.352 0 53.338 1 1.000000
9922 806.145 53.320 238.994 -0.489278 70.352 0 53.338 1 1.000000
9923 806.151 53.352 238.991 -0.492450 70.352 0 53.347 1 1.000000
9924 806.151 53.352 238.991 -0.492450 70.352 0 53.347 1 1.000000
9925 806.156 53.382 238.988 -0.495255 70.352 0 53.355 1 1.000000
9926 806.156 53.382 238.988 -0.495255 70.352 0 53.355 1 1.000000
9927 806.165 53.395 238.986 -0.502217 70.352 0 53.362 1 1.000000
9928 806.165 53.395 238.986 -0.502217 70.352 0 53.362 1 1.000000
9929 806.173 53.398 238.985 -0.509347 70.352 0 53.366 1 1.000000
9930 806.173 53.398 238.985 -0.509347 70.352 0 53.366 1 1.000000
9931 806.181 53.401 238.984 -0.515612 70.352 0 53.371 1 1.000000
9932 806.181 53.401 238.984 -0.515612 70.352 0 53.371 1 1.000000
9933 806.188 53.403 238.982 -0.521010 70.352 0 53.376 1 1.000000
9934 806.188 53.403 238.982 -0.521010 70.352 0 53.376 1 1.000000
9935 806.194 53.405 238.979 -0.525477 70.352 0 53.381 1 1.000000
9936 806.194 53.405 238.979 -0.525477 70.352 0 53.381 1 1.000000
9937 806.199 53.407 238.977 -0.528947 70.352 0 53.386 1 1.000000
9938 806.199 53.407 238.977 -0.528947 70.352 0 53.386 1 1.000000
9939 806.203 53.408 238.974 -0.531676 70.352 0 53.390 1 1.000000
9940 806.203 53.408 238.974 -0.531676 70.352 0 53.390 1 1.000000
9941 806.207 53.409 238.971 -0.533543 70.352 0 53.394 1 1.000000
9942 806.207 53.409 238.971 -0.533543 70.352 0 53.394 1 1.000000
9943 806.209 53.410 238.968 -0.534539 70.353 0 53.398 1 1.000000
9944 806.209 53.410 238.968 -0.534539 70.353 0 53.398 1 1.000000
9945 806.211 53.410 238.965 -0.534731 70.353 0 53.402 1 1.000000
9946 806.185 53.391 238.946 -0.504610 70.356 0 53.406 1 1.000000
9947 806.163 53.327 238.926 -0.477350 70.358 0 53.407 1 1.000000
9948 806.163 53.327 238.926 -0.477350 70.358 0 53.407 1 1.000000
9949 806.163 53.327 238.926 -0.477350 70.358 0 53.407 1 1.000000
9950 806.157 53.302 238.921 -0.470605 70.359 0 53.406 1 1.000000
9951 806.157 53.302 238.921 -0.470605 70.359 0 53.406 1 1.000000
9952 806.157 53.278 238.918 -0.470224 70.359 0 53.407 1 1.000000
9953 806.157 53.278 238.918 -0.470224 70.359 0 53.407 1 1.000000
9954 806.150 53.248 238.912 -0.462022 70.360 0 53.405 1 1.000000
9955 806.150 53.248 238.912 -0.462022 70.360 0 53.405 1 1.000000
9956 806.151 53.218 238.909 -0.461700 70.360 0 53.405 1 1.000000
9957 806.151 53.218 238.909 -0.461700 70.360 0 53.405 1 1.000000
9958 806.142 53.183 238.904 -0.452027 70.361 0 53.401 1 1.000000
9959 806.142 53.183 238.904 -0.452027 70.361 0 53.401 1 1.000000
9960 806.142 53.147 238.900 -0.451818 70.362 0 53.401 1 1.000000
9961 806.142 53.147 238.900 -0.451818 70.362 0 53.401 1 1.000000
9962 806.130 53.106 238.894 -0.439001 70.363 0 53.396 1 1.000000
9963 806.130 53.106 238.894 -0.439001 70.363 0 53.396 1 1.000000
9964 806.130 53.066 238.892 -0.439155 70.363 0 53.394 1 1.000000
9965 806.130 53.066 238.892 -0.439155 70.363 0 53.394 1 1.000000
9966 806.104 53.022 238.883 -0.412767 70.365 0 53.385 1 1.000000
9967 806.104 53.022 238.883 -0.412767 70.365 0 53.385 1 1.000000
9968 806.104 52.869 238.884 -0.415104 70.365 0 53.366 1 1.000000
9969 806.104 52.869 238.884 -0.415104 70.365 0 53.366 1 1.000000
9970 806.110 52.822 238.890 -0.423768 70.364 0 53.357 1 1.000000
9971 806.110 52.822 238.890 -0.423768 70.364 0 53.357 1 1.000000
9972 806.116 52.772 238.896 -0.432847 70.363 0 53.348 1 1.000000
9973 806.123 52.719 238.903 -0.442347 70.362 0 53.338 1 1.000000
9974 806.123 52.719 238.903 -0.442347 70.362 0 53.338 1 1.000000
9975 806.130 52.663 238.910 -0.452440 70.361 0 53.328 1 1.000000
9976 806.130 52.663 238.910 -0.452440 70.361 0 53.328 1 1.000000
9977 806.130 52.663 238.910 -0.452440 70.361 0 53.328 1 1.000000
9978 806.118 52.640 238.914 -0.443156 70.361 0 53.317 1 1.000000
9979 806.118 52.640 238.914 -0.443156 70.361 0 53.317 1 1.000000
9980 806.129 52.638 238.923 -0.457052 70.360 0 53.314 1 1.000000
9981 806.129 52.638 238.923 -0.457052 70.360 0 53.314 1 1.000000
9982 806.128 52.635 238.926 -0.457497 70.359 0 53.310 1 1.000000
9983 806.128 52.635 238.926 -0.457497 70.359 0 53.310 1 1.000000
9984 806.128 52.630 238.929 -0.458489 70.359 0 53.306 1 1.000000
9985 806.128 52.630 238.929 -0.458489 70.359 0 53.306 1 1.000000
9986 806.130 52.626 238.934 -0.462551 70.358 0 53.302 1 1.000000
9987 806.125 52.638 238.937 -0.458951 70.358 0 53.299 1 1.000000
9988 806.125 52.638 238.937 -0.458951 70.358 0 53.299 1 1.000000
9989 806.125 52.638 238.937 -0.458951 70.358 0 53.299 1 1.000000
9990 806.122 52.636 238.940 -0.457394 70.358 0 53.295 1 1.000000
9991 806.122 52.636 238.940 -0.457394 70.358 0 53.295 1 1.000000
9992 806.121 52.631 238.943 -0.458323 70.358 0 53.291 1 1.000000
9993 806.121 52.631 238.943 -0.458323 70.358 0 53.291 1 1.000000
9994 806.123 52.625 238.947 -0.461109 70.357 0 53.287 1 1.000000
9995 806.123 52.625 238.947 -0.461109 70.357 0 53.287 1 1.000000
9996 806.118 52.637 238.951 -0.459086 70.357 0 53.283 1 1.000000
9997 806.118 52.637 238.951 -0.459086 70.357 0 53.283 1 1.000000
9998 806.116 52.634 238.954 -0.457727 70.357 0 53.280 1 1.000000
9999 806.116 52.634 238.954 -0.457727 70.357 0 53.280 1 1.000000
10000 806.116 52.629 238.957 -0.458926 70.356 0 53.276 1 1.000000
10001 806.119 52.622 238.957 -0.461857 70.356 0 53.276 1 1.000000
10002 806.119 52.622 238.957 -0.461857 70.356 0 53.276 1 1.000000
10003 806.119 52.622 238.957 -0.461857 70.356 0 53.276 1 1.000000
10004 806.117 52.634 238.960 -0.461213 70.356 0 53.275 1 1.000000
10005 806.117 52.634 238.960 -0.461213 70.356 0 53.275 1 1.000000
10006 806.114 52.633 238.959 -0.457857 70.356 0 53.273 1 1.000000
10007 806.114 52.633 238.959 -0.457857 70.356 0 53.273 1 1.000000
10008 806.115 52.628 238.959 -0.459442 70.356 0 53.274 1 1.000000
10009 806.115 52.628 238.959 -0.459442 70.356 0 53.274 1 1.000000
10010 806.118 52.622 238.959 -0.462374 70.356 0 53.274 1 1.000000
10011 806.118 52.622 238.959 -0.462374 70.356 0 53.274 1 1.000000
10012 806.119 52.621 238.959 -0.462629 70.356 0 53.274 1 1.000000
10013 806.117 52.622 238.959 -0.461457 70.356 0 53.274 1 1.000000
10014 806.117 52.622 238.959 -0.461457 70.356 0 53.274 1 1.000000
10015 806.117 52.622 238.959 -0.461457 70.356 0 53.274 1 1.000000
10016 806.119 52.621 238.959 -0.462634 70.356 0 53.275 1 1.000000
10017 806.119 52.621 238.959 -0.462634 70.356 0 53.275 1 1.000000
10018 806.117 52.633 238.962 -0.461720 70.356 0 53.273 1 1.000000
10019 806.117 52.633 238.962 -0.461720 70.356 0 53.273 1 1.000000
10020 806.113 52.633 238.961 -0.458176 70.356 0 53.272 1 1.000000
10021 806.113 52.633 238.961 -0.458176 70.356 0 53.272 1 1.000000
10022 806.115 52.628 238.960 -0.459708 70.356 0 53.273 1 1.000000
10023 806.115 52.628 238.960 -0.459708 70.356 0 53.273 1 1.000000
10024 806.118 52.621 238.960 -0.462567 70.356 0 53.273 1 1.000000
10025 806.118 52.621 238.960 -0.462567 70.356 0 53.273 1 1.000000
10026 806.117 52.622 238.960 -0.461843 70.356 0 53.273 1 1.000000
10027 806.117 52.622 238.960 -0.461843 70.356 0 53.273 1 1.000000
10028 806.117 52.622 238.960 -0.461785 70.356 0 53.273 1 1.000000
10029 806.117 52.622 238.960 -0.461785 70.356 0 53.273 1 1.000000
10030 806.117 52.622 238.960 -0.461785 70.356 0 53.273 1 1.000000
10031 806.117 52.622 238.960 -0.461785 70.356 0 53.273 1 1.000000
10032 806.117 52.622 238.960 -0.461785 70.356 0 53.273 1 1.000000
10033 806.117 52.622 238.960 -0.461785 70.356 0 53.273 1 1.000000
10034 806.117 52.622 238.960 -0.461785 70.356 0 53.273 1 1.000000
10035 806.117 52.622 238.960 -0.461785 70.356 0 53.273 1 1.000000
10036 806.117 52.622 238.960 -0.461785 70.356 0 53.273 1 1.000000
10037 806.117 52.622 238.960 -0.461785 70.356 0 53.273 1 1.000000
10038 806.117 52.622 238.960 -0.461785 70.356 0 53.273 1 1.000000
10039 806.117 52.622 238.960 -0.461785 70.356 0 53.273 1 1.000000
10040 806.117 52.622 238.960 -0.461785 70.356 0 53.273 1 1.000000
10041 806.117 52.622 238.960 -0.461785 70.356 0 53.273 1 1.000000
10042 806.117 52.622 238.960 -0.461785 70.356 0 53.273 1 1.000000
10043 806.117 52.622 238.960 -0.461785 70.356 0 53.273 1 1.000000
10044 806.117 52.622 238.960 -0.461785 70.356 0 53.273 1 1.000000
10045 806.117 52.622 238.960 -0.461785 70.356 0 53.273 1 1.000000
10046 806.117 52.622 238.960 -0.461785 70.356 0 53.273 1 1.000000
10047 806.117 52.622 238.960 -0.461785 70.356 0 53.273 1 1.000000
10048 806.117 52.622 238.960 -0.461785 70.356 0 53.273 1 1.000000
10049 806.117 52.622 238.960 -0.461785 70.356 0 53.273 1 1.000000
10050 806.117 52.622 238.960 -0.461785 70.356 0 53.273 1 1.000000
10051 806.117 52.622 238.960 -0.461785 70.356 0 53.273 1 1.000000
10052 806.117 52.622 238.960 -0.461785 70.356 0 53.273 1 1.000000
10053 806.117 52.622 238.960 -0.461785 70.356 0 53.273 1 1.000000
10054 806.117 52.622 238.960 -0.461785 70.356 0 53.273 1 1.000000
10055 806.117 52.622 238.960 -0.461785 70.356 0 53.273 1 1.000000
10056 806.117 52.622 238.960 -0.461785 70.356 0 53.273 1 1.000000
10057 806.117 52.622 238.960 -0.461785 70.356 0 53.273 1 1.000000
10058 806.117 52.622 238.960 -0.461785 70.356 0 53.273 1 1.000000
10059 806.117 52.622 238.960 -0.461785 70.356 0 53.273 1 1.000000
10060 806.117 52.622 238.960 -0.461785 70.356 0 53.273 1 1.000000
10061 806.117 52.622 238.960 -0.461785 70.356 0 53.273 1 1.000000
10062 806.117 52.622 238.960 -0.461785 70.356 0 53.273 1 1.000000
10063 806.117 52.622 238.960 -0.461785 70.356 0 53.273 1 1.000000
10064 806.117 52.622 238.960 -0.461785 70.356 0 53.273 1 1.000000
10065 806.117 52.622 238.960 -0.461785 70.356 0 53.273 1 1.000000
10066 806.117 52.622 238.960 -0.461785 70.356 0 53.273 1 1.000000
10067 806.117 52.622 238.960 -0.461785 70.356 0 53.273 1 1.000000
10068 806.117 52.622 238.960 -0.461785 70.356 0 53.273 1 1.000000
10069 806.117 52.622 238.960 -0.461785 70.356 0 53.273 1 1.000000
10070 806.117 52.622 238.960 -0.461785 70.356 0 53.273 1 1.000000
10071 806.117 52.622 238.960 -0.461785 70.356 0 53.273 1 1.000000
10072 806.117 52.622 238.960 -0.461785 70.356 0 53.273 1 1.000000
10073 806.117 52.622 238.960 -0.461785 70.356 0 53.273 1 1.000000
10074 806.117 52.622 238.960 -0.461785 70.356 0 53.273 1 1.000000
10075 806.117 52.622 238.960 -0.461785 70.356 0 53.273 1 1.000000
10076 806.117 52.622 238.960 -0.461785 70.356 0 53.273 1 1.000000
10077 806.117 52.622 238.960 -0.461785 70.356 0 53.273 1 1.000000
10078 806.117 52.622 238.960 -0.461785 70.356 0 53.273 1 1.000000
10079 806.117 52.622 238.960 -0.461785 70.356 0 53.273 1 1.000000
10080 806.117 52.622 238.960 -0.461785 70.356 0 53.273 1 1.000000
10081 806.117 52.622 238.960 -0.461785 70.356 0 53.273 1 1.000000
10082 806.117 52.622 238.960 -0.461785 70.356 0 53.273 1 1.000000
10083 806.117 52.622 238.960 -0.461785 70.356 0 53.273 1 1.000000
10084 806.117 52.622 238.960 -0.461785 70.356 0 53.273 1 1.000000
10085 806.117 52.622 238.960 -0.461785 70.356 0 53.273 1 1.000000
10086 806.117 52.622 238.960 -0.461785 70.356 0 53.273 1 1.000000
10087 806.117 52.622 238.960 -0.461785 70.356 0 53.273 1 1.000000
10088 806.117 52.622 238.960 -0.461785 70.356 0 53.273 1 1.000000
10089 806.117 52.622 238.960 -0.461785 70.356 0 53.273 1 1.000000
10090 806.117 52.622 238.960 -0.461785 70.356 0 53.273 1 1.000000
10091 806.117 52.622 238.960 -0.461785 70.356 0 53.273 1 1.000000
10092 806.117 52.622 238.960 -0.461785 70.356 0 53.273 1 1.000000
10093 806.117 52.622 238.960 -0.461785 70.356 0 53.273 1 1.000000
10094 806.117 52.622 238.960 -0.461785 70.356 0 53.273 1 1.000000
10095 806.117 52.622 238.960 -0.461785 70.356 0 53.273 1 1.000000
10096 806.117 52.622 238.960 -0.461785 70.356 0 53.273 1 1.000000
10097 806.117 52.622 238.960 -0.461785 70.356 0 53.273 1 1.000000
10098 806.117 52.622 238.960 -0.461785 70.356 0 53.273 1 1.000000
10099 806.117 52.622 238.960 -0.461785 70.356 0 53.273 1 1.000000
10100 806.117 52.622 238.960 -0.461785 70.356 0 53.273 1 1.000000
10101 806.117 52.622 238.960 -0.461785 70.356 0 53.273 1 1.000000
10102 806.117 52.622 238.960 -0.461785 70.356 0 53.273 1 1.000000
10103 806.117 52.622 238.960 -0.461785 70.356 0 53.273 1 1.000000
10104 806.117 52.622 238.960 -0.461785 70.356 0 53.273 1 1.000000
10105 806.117 52.622 238.960 -0.461785 70.356 0 53.273 1 1.000000
10106 806.117 52.622 238.960 -0.461785 70.356 0 53.273 1 1.000000
10107 806.117 52.622 238.960 -0.461785 70.356 0 53.273 1 1.000000
10108 806.117 52.622 238.960 -0.461785 70.356 0 53.273 1 1.000000
10109 806.117 52.622 238.960 -0.461785 70.356 0 53.273 1 1.000000
10110 806.117 52.622 238.960 -0.461785 70.356 0 53.273 1 1.000000
10111 806.117 52.622 238.960 -0.461785 70.356 0 53.273 1 1.000000
10112 806.117 52.622 238.960 -0.461785 70.356 0 53.273 1 1.000000
10113 806.117 52.622 238.960 -0.461785 70.356 0 53.273 1 1.000000
10114 806.117 52.622 238.960 -0.461785 70.356 0 53.273 1 1.000000
10115 806.117 52.622 238.960 -0.461785 70.356 0 53.273 1 1.000000
10116 806.117 52.622 238.960 -0.461785 70.356 0 53.273 1 1.000000
10117 806.117 52.622 238.960 -0.461785 70.356 0 53.273 1 1.000000
10118 806.117 52.622 238.960 -0.461785 70.356 0 53.273 1 1.000000
10119 806.117 52.622 238.960 -0.461785 70.356 0 53.273 1 1.000000
10120 806.117 52.622 238.960 -0.461785 70.356 0 53.273 1 1.000000
10121 806.117 52.622 238.960 -0.461785 70.356 0 53.273 1 1.000000
10122 806.117 52.622 238.960 -0.461785 70.356 0 53.273 1 1.000000
10123 806.117 52.622 238.960 -0.461785 70.356 0 53.273 1 1.000000
10124 806.117 52.622 238.960 -0.461785 70.356 0 53.273 1 1.000000
10125 806.117 52.622 238.960 -0.461785 70.356 0 53.273 1 1.000000
10126 806.117 52.622 238.960 -0.461785 70.356 0 53.273 1 1.000000
10127 806.117 52.622 238.960 -0.461785 70.356 0 53.273 1 1.000000
10128 806.117 52.622 238.960 -0.461785 70.356 0 53.273 1 1.000000
10129 806.117 52.622 238.960 -0.461785 70.356 0 53.273 1 1.000000
10130 806.117 52.622 238.960 -0.461785 70.356 0 53.273 1 1.000000
10131 806.117 52.622 238.960 -0.461785 70.356 0 53.273 1 1.000000
10132 806.117 52.622 238.960 -0.461785 70.356 0 53.273 1 1.000000
10133 806.117 52.622 238.960 -0.461785 70.356 0 53.273 1 1.000000
10134 806.117 52.622 238.960 -0.461785 70.356 0 53.273 1 1.000000
10135 806.117 52.622 238.960 -0.461785 70.356 0 53.273 1 1.000000
10136 806.117 52.622 238.960 -0.461785 70.356 0 53.273 1 1.000000
10137 806.117 52.622 238.960 -0.461785 70.356 0 53.273 1 1.000000
10138 806.117 52.622 238.960 -0.461785 70.356 0 53.273 1 1.000000
10139 806.117 52.622 238.960 -0.461785 70.356 0 53.273 1 1.000000
10140 806.117 52.622 238.960 -0.461785 70.356 0 53.273 1 1.000000
10141 806.117 52.622 238.960 -0.461785 70.356 0 53.273 1 1.000000
10142 806.117 52.622 238.960 -0.461785 70.356 0 53.273 1 1.000000
10143 806.117 52.622 238.960 -0.461785 70.356 0 53.273 1 1.000000
10144 806.117 52.622 238.960 -0.461785 70.356 0 53.273 1 1.000000
10145 806.117 52.622 238.960 -0.461785 70.356 0 53.273 1 1.000000
10146 806.117 52.622 238.960 -0.461785 70.356 0 53.273 1 1.000000
10147 806.117 52.622 238.960 -0.461785 70.356 0 53.273 1 1.000000
10148 806.117 52.622 238.960 -0.461785 70.356 0 53.273 1 1.000000
10149 806.117 52.622 238.960 -0.461785 70.356 0 53.273 1 1.000000
10150 806.117 52.622 238.960 -0.461785 70.356 0 53.273 1 1.000000
10151 806.117 52.622 238.960 -0.461785 70.356 0 53.273 1 1.000000
10152 806.117 52.622 238.960 -0.461785 70.356 0 53.273 1 1.000000
10153 806.117 52.622 238.960 -0.461785 70.356 0 53.273 1 1.000000
10154 806.117 52.622 238.960 -0.461785 70.356 0 53.273 1 1.000000
10155 806.117 52.622 238.960 -0.461785 70.356 0 53.273 1 1.000000
10156 806.117 52.622 238.960 -0.461785 70.356 0 53.273 1 1.000000
10157 806.117 52.622 238.960 -0.461785 70.356 0 53.273 1 1.000000
10158 806.117 52.622 238.960 -0.461785 70.356 0 53.273 1 1.000000
10159 806.117 52.622 238.960 -0.461785 70.356 0 53.273 1 1.000000
10160 806.117 52.622 238.960 -0.461785 70.356 0 53.273 1 1.000000
10161 806.117 52.622 238.960 -0.461785 70.356 0 53.273 1 1.000000
10162 806.117 52.622 238.960 -0.461785 70.356 0 53.273 1 1.000000
10163 806.117 52.622 238.960 -0.461785 70.356 0 53.273 1 1.000000
10164 806.117 52.622 238.960 -0.461785 70.356 0 53.273 1 1.000000
10165 806.117 52.622 238.960 -0.461785 70.356 0 53.273 1 1.000000
10166 806.117 52.622 238.960 -0.461785 70.356 0 53.273 1 1.000000
10167 806.117 52.622 238.960 -0.461785 70.356 0 53.273 1 1.000000
10168 806.117 52.622 238.960 -0.461785 70.356 0 53.273 1 1.000000
10169 806.117 52.622 238.960 -0.461785 70.356 0 53.273 1 1.000000
10170 806.117 52.622 238.960 -0.461785 70.356 0 53.273 1 1.000000
10171 806.117 52.622 238.960 -0.461785 70.356 0 53.273 1 1.000000
10172 806.117 52.622 238.960 -0.461785 70.356 0 53.273 1 1.000000
10173 806.117 52.622 238.960 -0.461785 70.356 0 53.273 1 1.000000
10174 806.117 52.622 238.960 -0.461785 70.356 0 53.273 1 1.000000
10175 806.117 52.622 238.960 -0.461785 70.356 0 53.273 1 1.000000
10176 806.117 52.622 238.960 -0.461785 70.356 0 53.273 1 1.000000
10177 806.117 52.622 238.960 -0.461785 70.356 0 53.273 1 1.000000
10178 806.117 52.622 238.960 -0.461785 70.356 0 53.273 1 1.000000
10179 806.117 52.622 238.960 -0.461785 70.356 0 53.273 1 1.000000
10180 806.117 52.622 238.960 -0.461785 70.356 0 53.273 1 1.000000
10181 806.117 52.622 238.960 -0.461785 70.356 0 53.273 1 1.000000
10182 806.117 52.622 238.960 -0.461785 70.356 0 53.273 1 1.000000
10183 806.117 52.622 238.960 -0.461785 70.356 0 53.273 1 1.000000
10184 806.117 52.622 238.960 -0.461785 70.356 0 53.273 1 1.000000
10185 806.117 52.622 238.960 -0.461785 70.356 0 53.273 1 1.000000
10186 806.117 52.622 238.960 -0.461785 70.356 0 53.273 1 1.000000
10187 806.117 52.622 238.960 -0.461785 70.356 0 53.273 1 1.000000
10188 806.117 52.622 238.960 -0.461785 70.356 0 53.273 1 1.000000
10189 806.117 52.622 238.960 -0.461785 70.356 0 53.273 1 1.000000
10190 806.117 52.622 238.960 -0.461785 70.356 0 53.273 1 1.000000
10191 806.117 52.622 238.960 -0.461785 70.356 0 53.273 1 1.000000
10192 806.117 52.622 238.960 -0.461785 70.356 0 53.273 1 1.000000
10193 806.117 52.622 238.960 -0.461785 70.356 0 53.273 1 1.000000
10194 806.117 52.622 238.960 -0.461785 70.356 0 53.273 1 1.000000
10195 806.117 52.622 238.960 -0.461785 70.356 0 53.273 1 1.000000
10196 806.117 52.622 238.960 -0.461785 70.356 0 53.273 1 1.000000
10197 806.117 52.622 238.960 -0.461785 70.356 0 53.273 1 1.000000
10198 806.117 52.622 238.960 -0.461785 70.356 0 53.273 1 1.000000
10199 806.117 52.622 238.960 -0.461785 70.356 0 53.273 1 1.000000
10200 806.117 52.622 238.960 -0.461785 70.356 0 53.273 1 1.000000
10201 806.118 52.693 238.959 -0.460725 70.356 0 53.282 1 1.000000
10202 806.118 52.693 238.959 -0.460725 70.356 0 53.282 1 1.000000
10203 806.118 52.761 238.958 -0.459653 70.356 0 53.291 1 1.000000
10204 806.070 53.007 238.950 -0.409449 70.358 0 53.309 1 1.000000
10205 806.070 53.007 238.950 -0.409449 70.358 0 53.309 1 1.000000
10206 806.070 53.007 238.950 -0.409449 70.358 0 53.309 1 1.000000
10207 806.081 53.044 238.957 -0.421395 70.357 0 53.312 1 1.000000
10208 806.081 53.044 238.957 -0.421395 70.357 0 53.312 1 1.000000
10209 806.097 53.088 238.966 -0.439210 70.356 0 53.316 1 1.000000
10210 806.097 53.088 238.966 -0.439210 70.356 0 53.316 1 1.000000
10211 806.113 53.131 238.974 -0.455603 70.355 0 53.319 1 1.000000
10212 806.113 53.131 238.974 -0.455603 70.355 0 53.319 1 1.000000
10213 806.124 53.173 238.980 -0.467259 70.354 0 53.324 1 1.000000
10214 806.124 53.173 238.980 -0.467259 70.354 0 53.324 1 1.000000
10215 806.132 53.215 238.982 -0.475201 70.353 0 53.330 1 1.000000
10216 806.132 53.215 238.982 -0.475201 70.353 0 53.330 1 1.000000
10217 806.138 53.255 238.982 -0.479422 70.353 0 53.338 1 1.000000
10218 806.138 53.255 238.982 -0.479422 70.353 0 53.338 1 1.000000
10219 806.144 53.292 238.979 -0.482671 70.353 0 53.347 1 1.000000
10220 806.144 53.292 238.979 -0.482671 70.353 0 53.347 1 1.000000
10221 806.150 53.327 238.976 -0.486148 70.353 0 53.356 1 1.000000
10222 806.150 53.327 238.976 -0.486148 70.353 0 53.356 1 1.000000
10223 806.155 53.360 238.973 -0.489383 70.354 0 53.365 1 1.000000
10224 806.155 53.360 238.973 -0.489383 70.354 0 53.365 1 1.000000
10225 806.161 53.389 238.970 -0.492251 70.354 0 53.374 1 1.000000
10226 806.161 53.389 238.970 -0.492251 70.354 0 53.374 1 1.000000
10227 806.172 53.396 238.969 -0.501771 70.353 0 53.380 1 1.000000
10228 806.172 53.396 238.969 -0.501771 70.353 0 53.380 1 1.000000
10229 806.180 53.399 238.968 -0.508779 70.353 0 53.386 1 1.000000
10230 806.180 53.399 238.968 -0.508779 70.353 0 53.386 1 1.000000
10231 806.188 53.402 238.966 -0.515056 70.353 0 53.390 1 1.000000
10232 806.188 53.402 238.966 -0.515056 70.353 0 53.390 1 1.000000
10233 806.195 53.404 238.964 -0.520321 70.353 0 53.395 1 1.000000
10234 806.195 53.404 238.964 -0.520321 70.353 0 53.395 1 1.000000
10235 806.201 53.406 238.962 -0.524717 70.353 0 53.400 1 1.000000
10236 806.201 53.406 238.962 -0.524717 70.353 0 53.400 1 1.000000
10237 806.206 53.408 238.960 -0.528254 70.354 0 53.404 1 1.000000
10238 806.206 53.408 238.960 -0.528254 70.354 0 53.404 1 1.000000
10239 806.210 53.409 238.957 -0.530980 70.354 0 53.409 1 1.000000
10240 806.210 53.409 238.957 -0.530980 70.354 0 53.409 1 1.000000
10241 806.214 53.410 238.954 -0.532846 70.354 0 53.413 1 1.000000
10242 806.214 53.410 238.954 -0.532846 70.354 0 53.413 1 1.000000
10243 806.216 53.411 238.951 -0.533846 70.354 0 53.416 1 1.000000
10244 806.216 53.411 238.951 -0.533846 70.354 0 53.416 1 1.000000
10245 806.218 53.411 238.948 -0.534105 70.354 0 53.420 1 1.000000
10246 806.218 53.411 238.948 -0.534105 70.354 0 53.420 1 1.000000
10247 806.218 53.411 238.945 -0.533435 70.355 0 53.423 1 1.000000
10248 806.218 53.411 238.945 -0.533435 70.355 0 53.423 1 1.000000
10249 806.219 53.409 238.942 -0.532753 70.355 0 53.426 1 1.000000
10250 806.219 53.409 238.942 -0.532753 70.355 0 53.426 1 1.000000
10251 806.192 53.401 238.932 -0.504590 70.357 0 53.422 1 1.000000
10252 806.192 53.401 238.932 -0.504590 70.357 0 53.422 1 1.000000
10253 806.192 53.393 238.929 -0.504053 70.357 0 53.424 1 1.000000
10254 806.192 53.393 238.929 -0.504053 70.357 0 53.424 1 1.000000
10255 806.169 53.381 238.921 -0.479982 70.359 0 53.421 1 1.000000
10256 806.169 53.381 238.921 -0.479982 70.359 0 53.421 1 1.000000
10257 806.170 53.368 238.917 -0.479454 70.359 0 53.423 1 1.000000
10258 806.170 53.368 238.917 -0.479454 70.359 0 53.423 1 1.000000
10259 806.165 53.348 238.913 -0.474157 70.360 0 53.423 1 1.000000
10260 806.165 53.348 238.913 -0.474157 70.360 0 53.423 1 1.000000
10261 806.166 53.329 238.909 -0.473706 70.360 0 53.424 1 1.000000
10262 806.166 53.329 238.909 -0.473706 70.360 0 53.424 1 1.000000
10263 806.160 53.304 238.905 -0.467022 70.361 0 53.423 1 1.000000
10264 806.161 53.280 238.901 -0.466643 70.361 0 53.423 1 1.000000
10265 806.161 53.280 238.901 -0.466643 70.361 0 53.423 1 1.000000
10266 806.153 53.250 238.896 -0.458502 70.362 0 53.421 1 1.000000
10267 806.153 53.250 238.896 -0.458502 70.362 0 53.421 1 1.000000
10268 806.153 53.250 238.896 -0.458502 70.362 0 53.421 1 1.000000
10269 806.154 53.220 238.893 -0.458246 70.362 0 53.421 1 1.000000
10270 806.154 53.220 238.893 -0.458246 70.362 0 53.421 1 1.000000
10271 806.145 53.184 238.887 -0.448512 70.363 0 53.418 1 1.000000
10272 806.145 53.184 238.887 -0.448512 70.363 0 53.418 1 1.000000
10273 806.146 53.149 238.884 -0.448364 70.363 0 53.417 1 1.000000
10274 806.135 53.108 238.878 -0.436803 70.364 0 53.412 1 1.000000
10275 806.135 53.068 238.875 -0.436822 70.364 0 53.411 1 1.000000
10276 806.135 53.068 238.875 -0.436822 70.364 0 53.411 1 1.000000
10277 806.111 53.023 238.868 -0.412476 70.366 0 53.402 1 1.000000
10278 806.111 53.023 238.868 -0.412476 70.366 0 53.402 1 1.000000
10279 806.111 52.871 238.867 -0.414821 70.366 0 53.384 1 1.000000
10280 806.117 52.823 238.874 -0.423485 70.365 0 53.375 1 1.000000
10281 806.117 52.823 238.874 -0.423485 70.365 0 53.375 1 1.000000
10282 806.123 52.773 238.880 -0.432568 70.364 0 53.366 1 1.000000
10283 806.123 52.773 238.880 -0.432568 70.364 0 53.366 1 1.000000
10284 806.130 52.721 238.887 -0.442063 70.363 0 53.356 1 1.000000
10285 806.130 52.721 238.887 -0.442063 70.363 0 53.356 1 1.000000
10286 806.137 52.665 238.894 -0.452155 70.362 0 53.346 1 1.000000
10287 806.125 52.643 238.899 -0.443224 70.362 0 53.334 1 1.000000
10288 806.125 52.643 238.899 -0.443224 70.362 0 53.334 1 1.000000
10289 806.125 52.643 238.899 -0.443224 70.362 0 53.334 1 1.000000
10290 806.136 52.640 238.907 -0.456657 70.361 0 53.331 1 1.000000
10291 806.136 52.640 238.907 -0.456657 70.361 0 53.331 1 1.000000
10292 806.135 52.637 238.910 -0.457102 70.361 0 53.327 1 1.000000
10293 806.134 52.632 238.914 -0.458035 70.360 0 53.323 1 1.000000
10294 806.134 52.632 238.914 -0.458035 70.360 0 53.323 1 1.000000
10295 806.134 52.632 238.914 -0.458035 70.360 0 53.323 1 1.000000
10296 806.137 52.629 238.919 -0.462300 70.360 0 53.319 1 1.000000
10297 806.137 52.629 238.919 -0.462300 70.360 0 53.319 1 1.000000
10298 806.131 52.641 238.922 -0.458232 70.360 0 53.315 1 1.000000
10299 806.128 52.633 238.928 -0.457937 70.359 0 53.308 1 1.000000
10300 806.128 52.633 238.928 -0.457937 70.359 0 53.308 1 1.000000
10301 806.128 52.633 238.928 -0.457937 70.359 0 53.308 1 1.000000
10302 806.129 52.627 238.932 -0.460935 70.359 0 53.304 1 1.000000
10303 806.129 52.627 238.932 -0.460935 70.359 0 53.304 1 1.000000
10304 806.125 52.640 238.936 -0.458530 70.358 0 53.300 1 1.000000
10305 806.125 52.640 238.936 -0.458530 70.358 0 53.300 1 1.000000
10306 806.122 52.637 238.938 -0.457167 70.358 0 53.297 1 1.000000
10307 806.122 52.637 238.938 -0.457167 70.358 0 53.297 1 1.000000
10308 806.122 52.632 238.941 -0.458101 70.358 0 53.293 1 1.000000
10309 806.123 52.625 238.945 -0.460530 70.357 0 53.289 1 1.000000
10310 806.123 52.625 238.945 -0.460530 70.357 0 53.289 1 1.000000
10311 806.123 52.625 238.945 -0.460530 70.357 0 53.289 1 1.000000
10312 806.119 52.637 238.950 -0.458974 70.357 0 53.285 1 1.000000
10313 806.116 52.635 238.952 -0.457611 70.357 0 53.281 1 1.000000
10314 806.116 52.635 238.952 -0.457611 70.357 0 53.281 1 1.000000
10315 806.116 52.635 238.952 -0.457611 70.357 0 53.281 1 1.000000
10316 806.116 52.629 238.955 -0.458545 70.357 0 53.278 1 1.000000
10317 806.116 52.629 238.955 -0.458545 70.357 0 53.278 1 1.000000
10318 806.118 52.622 238.959 -0.461457 70.356 0 53.274 1 1.000000
10319 806.118 52.622 238.959 -0.461457 70.356 0 53.274 1 1.000000
10320 806.122 52.619 238.962 -0.466330 70.356 0 53.273 1 1.000000
10321 806.122 52.619 238.962 -0.466330 70.356 0 53.273 1 1.000000
10322 806.116 52.631 238.963 -0.462161 70.356 0 53.271 1 1.000000
10323 806.114 52.630 238.962 -0.459156 70.356 0 53.271 1 1.000000
10324 806.114 52.630 238.962 -0.459156 70.356 0 53.271 1 1.000000
10325 806.114 52.630 238.962 -0.459156 70.356 0 53.271 1 1.000000
10326 806.115 52.625 238.962 -0.460746 70.356 0 53.271 1 1.000000
10327 806.115 52.625 238.962 -0.460746 70.356 0 53.271 1 1.000000
10328 806.119 52.620 238.963 -0.464241 70.356 0 53.271 1 1.000000
10329 806.119 52.620 238.963 -0.464241 70.356 0 53.271 1 1.000000
10330 806.116 52.631 238.965 -0.462869 70.356 0 53.269 1 1.000000
10331 806.116 52.631 238.965 -0.462869 70.356 0 53.269 1 1.000000
10332 806.114 52.629 238.963 -0.459769 70.356 0 53.269 1 1.000000
10333 806.114 52.629 238.963 -0.459769 70.356 0 53.269 1 1.000000
10334 806.116 52.624 238.963 -0.461359 70.356 0 53.270 1 1.000000
10335 806.116 52.624 238.963 -0.461359 70.356 0 53.270 1 1.000000
10336 806.119 52.619 238.964 -0.465215 70.356 0 53.270 1 1.000000
10337 806.116 52.631 238.966 -0.462850 70.355 0 53.268 1 1.000000
10338 806.116 52.631 238.966 -0.462850 70.355 0 53.268 1 1.000000
10339 806.116 52.631 238.966 -0.462850 70.355 0 53.268 1 1.000000
10340 806.114 52.628 238.964 -0.460146 70.356 0 53.268 1 1.000000
10341 806.114 52.628 238.964 -0.460146 70.356 0 53.268 1 1.000000
10342 806.116 52.623 238.964 -0.461736 70.356 0 53.269 1 1.000000
10343 806.116 52.623 238.964 -0.461736 70.356 0 53.269 1 1.000000
10344 806.119 52.619 238.965 -0.465669 70.355 0 53.269 1 1.000000
10345 806.119 52.619 238.965 -0.465669 70.355 0 53.269 1 1.000000
10346 806.116 52.630 238.967 -0.463564 70.355 0 53.267 1 1.000000
10347 806.113 52.630 238.966 -0.459822 70.356 0 53.267 1 1.000000
10348 806.113 52.630 238.966 -0.459822 70.356 0 53.267 1 1.000000
10349 806.113 52.630 238.966 -0.459822 70.356 0 53.267 1 1.000000
10350 806.114 52.625 238.966 -0.461407 70.356 0 53.267 1 1.000000
10351 806.114 52.625 238.966 -0.461407 70.356 0 53.267 1 1.000000
10352 806.118 52.619 238.966 -0.464555 70.355 0 53.267 1 1.000000
10353 806.118 52.619 238.966 -0.464555 70.355 0 53.267 1 1.000000
10354 806.116 52.631 238.969 -0.463650 70.355 0 53.266 1 1.000000
10355 806.116 52.631 238.969 -0.463650 70.355 0 53.266 1 1.000000
10356 806.112 52.630 238.967 -0.459908 70.355 0 53.265 1 1.000000
10357 806.112 52.630 238.967 -0.459908 70.355 0 53.265 1 1.000000
10358 806.114 52.625 238.967 -0.461435 70.355 0 53.266 1 1.000000
10359 806.114 52.625 238.967 -0.461435 70.355 0 53.266 1 1.000000
10360 806.117 52.619 238.967 -0.464362 70.355 0 53.266 1 1.000000
10361 806.117 52.619 238.967 -0.464362 70.355 0 53.266 1 1.000000
10362 806.115 52.630 238.970 -0.463785 70.355 0 53.264 1 1.000000
10363 806.115 52.630 238.970 -0.463785 70.355 0 53.264 1 1.000000
10364 806.113 52.628 238.968 -0.460811 70.355 0 53.264 1 1.000000
10365 806.113 52.628 238.968 -0.460811 70.355 0 53.264 1 1.000000
10366 806.115 52.623 238.968 -0.462338 70.355 0 53.265 1 1.000000
10367 806.115 52.623 238.968 -0.462338 70.355 0 53.265 1 1.000000
10368 806.118 52.618 238.968 -0.465920 70.355 0 53.265 1 1.000000
10369 806.118 52.618 238.968 -0.465920 70.355 0 53.265 1 1.000000
10370 806.115 52.629 238.971 -0.464345 70.355 0 53.263 1 1.000000
10371 806.113 52.627 238.969 -0.461304 70.355 0 53.264 1 1.000000
10372 806.113 52.627 238.969 -0.461304 70.355 0 53.264 1 1.000000
10373 806.113 52.627 238.969 -0.461304 70.355 0 53.264 1 1.000000
10374 806.115 52.622 238.969 -0.462831 70.355 0 53.264 1 1.000000
10375 806.115 52.622 238.969 -0.462831 70.355 0 53.264 1 1.000000
10376 806.118 52.617 238.969 -0.466697 70.355 0 53.264 1 1.000000
10377 806.118 52.617 238.969 -0.466697 70.355 0 53.264 1 1.000000
10378 806.115 52.629 238.972 -0.464254 70.355 0 53.262 1 1.000000
10379 806.115 52.629 238.972 -0.464254 70.355 0 53.262 1 1.000000
10380 806.113 52.626 238.970 -0.461618 70.355 0 53.263 1 1.000000
10381 806.115 52.621 238.970 -0.463145 70.355 0 53.263 1 1.000000
10382 806.115 52.621 238.970 -0.463145 70.355 0 53.263 1 1.000000
10383 806.115 52.621 238.970 -0.463145 70.355 0 53.263 1 1.000000
10384 806.118 52.617 238.970 -0.467146 70.355 0 53.263 1 1.000000
10385 806.118 52.617 238.970 -0.467146 70.355 0 53.263 1 1.000000
10386 806.115 52.628 238.973 -0.464973 70.355 0 53.261 1 1.000000
10387 806.115 52.628 238.973 -0.464973 70.355 0 53.261 1 1.000000
10388 806.113 52.626 238.971 -0.461874 70.355 0 53.262 1 1.000000
10389 806.114 52.621 238.970 -0.463400 70.355 0 53.262 1 1.000000
10390 806.114 52.621 238.970 -0.463400 70.355 0 53.262 1 1.000000
10391 806.114 52.621 238.970 -0.463400 70.355 0 53.262 1 1.000000
10392 806.118 52.616 238.971 -0.467469 70.355 0 53.262 1 1.000000
10393 806.118 52.616 238.971 -0.467469 70.355 0 53.262 1 1.000000
10394 806.115 52.628 238.974 -0.464828 70.355 0 53.260 1 1.000000
10395 806.115 52.628 238.974 -0.464828 70.355 0 53.260 1 1.000000
10396 806.112 52.627 238.972 -0.461487 70.355 0 53.260 1 1.000000
10397 806.113 52.623 238.972 -0.463014 70.355 0 53.261 1 1.000000
10398 806.113 52.623 238.972 -0.463014 70.355 0 53.261 1 1.000000
10399 806.113 52.623 238.972 -0.463014 70.355 0 53.261 1 1.000000
10400 806.117 52.617 238.972 -0.466229 70.355 0 53.261 1 1.000000
10401 806.117 52.617 238.972 -0.466229 70.355 0 53.261 1 1.000000
10402 806.114 52.628 238.975 -0.465050 70.355 0 53.259 1 1.000000
10403 806.111 52.628 238.974 -0.461510 70.355 0 53.259 1 1.000000
10404 806.111 52.628 238.974 -0.461510 70.355 0 53.259 1 1.000000
10405 806.111 52.628 238.974 -0.461510 70.355 0 53.259 1 1.000000
10406 806.113 52.623 238.973 -0.463037 70.355 0 53.259 1 1.000000
10407 806.113 52.623 238.973 -0.463037 70.355 0 53.259 1 1.000000
10408 806.116 52.616 238.973 -0.465964 70.355 0 53.260 1 1.000000
10409 806.116 52.616 238.973 -0.465964 70.355 0 53.260 1 1.000000
10410 806.114 52.628 238.976 -0.465518 70.354 0 53.258 1 1.000000
10411 806.114 52.628 238.976 -0.465518 70.354 0 53.258 1 1.000000
10412 806.111 52.628 238.975 -0.461713 70.355 0 53.258 1 1.000000
10413 806.111 52.628 238.975 -0.461713 70.355 0 53.258 1 1.000000
10414 806.112 52.623 238.974 -0.463240 70.355 0 53.258 1 1.000000
10415 806.112 52.623 238.974 -0.463240 70.355 0 53.258 1 1.000000
10416 806.115 52.616 238.975 -0.466084 70.355 0 53.258 1 1.000000
10417 806.115 52.616 238.975 -0.466084 70.355 0 53.258 1 1.000000
10418 806.114 52.628 238.977 -0.465643 70.354 0 53.257 1 1.000000
10419 806.114 52.628 238.977 -0.465643 70.354 0 53.257 1 1.000000
10420 806.110 52.627 238.976 -0.461969 70.355 0 53.256 1 1.000000
10421 806.110 52.627 238.976 -0.461969 70.355 0 53.256 1 1.000000
10422 806.112 52.623 238.976 -0.463496 70.355 0 53.257 1 1.000000
10423 806.115 52.616 238.976 -0.466282 70.354 0 53.257 1 1.000000
10424 806.115 52.616 238.976 -0.466282 70.354 0 53.257 1 1.000000
10425 806.115 52.616 238.976 -0.466282 70.354 0 53.257 1 1.000000
10426 806.114 52.627 238.978 -0.465904 70.354 0 53.256 1 1.000000
10427 806.111 52.625 238.977 -0.462867 70.354 0 53.256 1 1.000000
10428 806.111 52.625 238.977 -0.462867 70.354 0 53.256 1 1.000000
10429 806.111 52.625 238.977 -0.462867 70.354 0 53.256 1 1.000000
10430 806.113 52.620 238.976 -0.464457 70.354 0 53.257 1 1.000000
10431 806.113 52.620 238.976 -0.464457 70.354 0 53.257 1 1.000000
10432 806.117 52.615 238.977 -0.468034 70.354 0 53.257 1 1.000000
10433 806.117 52.615 238.977 -0.468034 70.354 0 53.257 1 1.000000
10434 806.114 52.626 238.979 -0.466126 70.354 0 53.255 1 1.000000
10435 806.114 52.626 238.979 -0.466126 70.354 0 53.255 1 1.000000
10436 806.111 52.624 238.977 -0.463292 70.354 0 53.255 1 1.000000
10437 806.111 52.624 238.977 -0.463292 70.354 0 53.255 1 1.000000
10438 806.113 52.619 238.977 -0.464887 70.354 0 53.256 1 1.000000
10439 806.113 52.619 238.977 -0.464887 70.354 0 53.256 1 1.000000
10440 806.117 52.614 238.978 -0.468806 70.354 0 53.256 1 1.000000
10441 806.117 52.614 238.978 -0.468806 70.354 0 53.256 1 1.000000
10442 806.114 52.626 238.980 -0.466372 70.354 0 53.254 1 1.000000
10443 806.114 52.626 238.980 -0.466372 70.354 0 53.254 1 1.000000
10444 806.110 52.625 238.979 -0.462968 70.354 0 53.254 1 1.000000
10445 806.110 52.625 238.979 -0.462968 70.354 0 53.254 1 1.000000
10446 806.112 52.621 238.978 -0.464558 70.354 0 53.254 1 1.000000
10447 806.112 52.621 238.978 -0.464558 70.354 0 53.254 1 1.000000
10448 806.115 52.614 238.978 -0.467696 70.354 0 53.255 1 1.000000
10449 806.115 52.614 238.978 -0.467696 70.354 0 53.255 1 1.000000
10450 806.113 52.626 238.981 -0.466792 70.354 0 53.253 1 1.000000
10451 806.113 52.626 238.981 -0.466792 70.354 0 53.253 1 1.000000
10452 806.111 52.624 238.979 -0.463688 70.354 0 53.253 1 1.000000
10453 806.111 52.624 238.979 -0.463688 70.354 0 53.253 1 1.000000
10454 806.113 52.619 238.979 -0.465219 70.354 0 53.254 1 1.000000
10455 806.113 52.619 238.979 -0.465219 70.354 0 53.254 1 1.000000
10456 806.116 52.614 238.979 -0.468936 70.354 0 53.254 1 1.000000
10457 806.116 52.614 238.979 -0.468936 70.354 0 53.254 1 1.000000
10458 806.113 52.625 238.982 -0.466826 70.354 0 53.252 1 1.000000
10459 806.110 52.625 238.980 -0.463417 70.354 0 53.252 1 1.000000
10460 806.110 52.625 238.980 -0.463417 70.354 0 53.252 1 1.000000
10461 806.110 52.625 238.980 -0.463417 70.354 0 53.252 1 1.000000
10462 806.112 52.620 238.980 -0.465006 70.354 0 53.253 1 1.000000
10463 806.112 52.620 238.980 -0.465006 70.354 0 53.253 1 1.000000
10464 806.115 52.614 238.980 -0.468087 70.354 0 53.253 1 1.000000
10465 806.115 52.614 238.980 -0.468087 70.354 0 53.253 1 1.000000
10466 806.114 52.615 238.980 -0.466779 70.354 0 53.253 1 1.000000
10467 806.113 52.626 238.983 -0.467004 70.354 0 53.251 1 1.000000
10468 806.113 52.626 238.983 -0.467004 70.354 0 53.251 1 1.000000
10469 806.113 52.626 238.983 -0.467004 70.354 0 53.251 1 1.000000
10470 806.110 52.624 238.981 -0.463842 70.354 0 53.251 1 1.000000
10471 806.110 52.624 238.981 -0.463842 70.354 0 53.251 1 1.000000
10472 806.112 52.619 238.980 -0.465431 70.354 0 53.252 1 1.000000
10473 806.112 52.619 238.980 -0.465431 70.354 0 53.252 1 1.000000
10474 806.116 52.613 238.981 -0.468864 70.354 0 53.252 1 1.000000
10475 806.116 52.613 238.981 -0.468864 70.354 0 53.252 1 1.000000
10476 806.113 52.625 238.983 -0.467492 70.354 0 53.251 1 1.000000
10477 806.110 52.625 238.982 -0.463745 70.354 0 53.250 1 1.000000
10478 806.110 52.625 238.982 -0.463745 70.354 0 53.250 1 1.000000
10479 806.111 52.620 238.982 -0.465276 70.354 0 53.251 1 1.000000
10480 806.111 52.620 238.982 -0.465276 70.354 0 53.251 1 1.000000
10481 806.111 52.620 238.982 -0.465276 70.354 0 53.251 1 1.000000
10482 806.115 52.613 238.982 -0.468338 70.354 0 53.251 1 1.000000
10483 806.115 52.613 238.982 -0.468338 70.354 0 53.251 1 1.000000
10484 806.113 52.625 238.984 -0.467496 70.354 0 53.249 1 1.000000
10485 806.113 52.625 238.984 -0.467496 70.354 0 53.249 1 1.000000
10486 806.110 52.623 238.983 -0.464464 70.354 0 53.250 1 1.000000
10487 806.110 52.623 238.983 -0.464464 70.354 0 53.250 1 1.000000
10488 806.112 52.618 238.982 -0.466054 70.354 0 53.250 1 1.000000
10489 806.112 52.618 238.982 -0.466054 70.354 0 53.250 1 1.000000
10490 806.116 52.612 238.983 -0.469703 70.354 0 53.251 1 1.000000
10491 806.116 52.612 238.983 -0.469703 70.354 0 53.251 1 1.000000
10492 806.113 52.624 238.985 -0.467998 70.354 0 53.249 1 1.000000
10493 806.113 52.624 238.985 -0.467998 70.354 0 53.249 1 1.000000
10494 806.109 52.624 238.984 -0.464251 70.354 0 53.248 1 1.000000
10495 806.109 52.624 238.984 -0.464251 70.354 0 53.248 1 1.000000
10496 806.111 52.619 238.983 -0.465841 70.354 0 53.249 1 1.000000
10497 806.111 52.619 238.983 -0.465841 70.354 0 53.249 1 1.000000
10498 806.115 52.613 238.984 -0.468917 70.354 0 53.250 1 1.000000
10499 806.115 52.613 238.984 -0.468917 70.354 0 53.250 1 1.000000
10500 806.113 52.613 238.983 -0.467614 70.354 0 53.249 1 1.000000
10501 806.113 52.613 238.983 -0.467614 70.354 0 53.249 1 1.000000
10502 806.115 52.613 238.983 -0.468791 70.354 0 53.250 1 1.000000
10503 806.115 52.613 238.983 -0.468791 70.354 0 53.250 1 1.000000
10504 806.113 52.613 238.983 -0.467551 70.354 0 53.250 1 1.000000
10505 806.113 52.613 238.983 -0.467551 70.354 0 53.250 1 1.000000
10506 806.112 52.625 238.986 -0.467776 70.353 0 53.248 1 1.000000
10507 806.112 52.625 238.986 -0.467776 70.353 0 53.248 1 1.000000
10508 806.110 52.623 238.984 -0.464609 70.354 0 53.248 1 1.000000
10509 806.110 52.623 238.984 -0.464609 70.354 0 53.248 1 1.000000
10510 806.112 52.618 238.983 -0.466199 70.354 0 53.249 1 1.000000
10511 806.112 52.618 238.983 -0.466199 70.354 0 53.249 1 1.000000
10512 806.115 52.612 238.984 -0.469631 70.354 0 53.249 1 1.000000
10513 806.115 52.612 238.984 -0.469631 70.354 0 53.249 1 1.000000
10514 806.113 52.624 238.986 -0.468259 70.353 0 53.247 1 1.000000
10515 806.113 52.624 238.986 -0.468259 70.353 0 53.247 1 1.000000
10516 806.110 52.621 238.985 -0.465092 70.354 0 53.248 1 1.000000
10517 806.110 52.621 238.985 -0.465092 70.354 0 53.248 1 1.000000
10518 806.112 52.616 238.984 -0.466682 70.354 0 53.248 1 1.000000
10519 806.112 52.616 238.984 -0.466682 70.354 0 53.248 1 1.000000
10520 806.116 52.612 238.985 -0.470543 70.353 0 53.249 1 1.000000
10521 806.116 52.612 238.985 -0.470543 70.353 0 53.249 1 1.000000
10522 806.112 52.623 238.987 -0.468168 70.353 0 53.247 1 1.000000
10523 806.112 52.623 238.987 -0.468168 70.353 0 53.247 1 1.000000
10524 806.109 52.623 238.986 -0.464763 70.354 0 53.246 1 1.000000
10525 806.109 52.623 238.986 -0.464763 70.354 0 53.246 1 1.000000
10526 806.111 52.618 238.985 -0.466353 70.354 0 53.247 1 1.000000
10527 806.111 52.618 238.985 -0.466353 70.354 0 53.247 1 1.000000
10528 806.114 52.612 238.986 -0.469501 70.353 0 53.248 1 1.000000
10529 806.114 52.612 238.986 -0.469501 70.353 0 53.248 1 1.000000
10530 806.112 52.624 238.988 -0.468322 70.353 0 53.246 1 1.000000
10531 806.112 52.624 238.988 -0.468322 70.353 0 53.246 1 1.000000
10532 806.109 52.623 238.987 -0.464845 70.353 0 53.245 1 1.000000
10533 806.109 52.623 238.987 -0.464845 70.353 0 53.245 1 1.000000
10534 806.111 52.618 238.986 -0.466372 70.353 0 53.246 1 1.000000
10535 806.111 52.618 238.986 -0.466372 70.353 0 53.246 1 1.000000
10536 806.114 52.612 238.986 -0.469235 70.353 0 53.247 1 1.000000
10537 806.114 52.612 238.986 -0.469235 70.353 0 53.247 1 1.000000
10538 806.112 52.623 238.989 -0.468785 70.353 0 53.245 1 1.000000
10539 806.112 52.623 238.989 -0.468785 70.353 0 53.245 1 1.000000
10540 806.109 52.621 238.987 -0.465555 70.353 0 53.245 1 1.000000
10541 806.109 52.621 238.987 -0.465555 70.353 0 53.245 1 1.000000
10542 806.111 52.616 238.987 -0.467145 70.353 0 53.246 1 1.000000
10543 806.111 52.616 238.987 -0.467145 70.353 0 53.246 1 1.000000
10544 806.115 52.611 238.987 -0.470789 70.353 0 53.246 1 1.000000
10545 806.115 52.611 238.987 -0.470789 70.353 0 53.246 1 1.000000
10546 806.112 52.623 238.990 -0.469152 70.353 0 53.244 1 1.000000
10547 806.109 52.622 238.988 -0.465347 70.353 0 53.244 1 1.000000
10548 806.109 52.622 238.988 -0.465347 70.353 0 53.244 1 1.000000
10549 806.109 52.622 238.988 -0.465347 70.353 0 53.244 1 1.000000
10550 806.110 52.617 238.988 -0.466932 70.353 0 53.245 1 1.000000
10551 806.110 52.617 238.988 -0.466932 70.353 0 53.245 1 1.000000
10552 806.114 52.611 238.988 -0.470007 70.353 0 53.245 1 1.000000
10553 806.114 52.611 238.988 -0.470007 70.353 0 53.245 1 1.000000
10554 806.112 52.623 238.990 -0.468963 70.353 0 53.243 1 1.000000
10555 806.112 52.623 238.990 -0.468963 70.353 0 53.243 1 1.000000
10556 806.109 52.620 238.989 -0.465999 70.353 0 53.244 1 1.000000
10557 806.109 52.620 238.989 -0.465999 70.353 0 53.244 1 1.000000
10558 806.111 52.615 238.988 -0.467526 70.353 0 53.244 1 1.000000
10559 806.111 52.615 238.988 -0.467526 70.353 0 53.244 1 1.000000
10560 806.115 52.610 238.989 -0.471242 70.353 0 53.245 1 1.000000
10561 806.115 52.610 238.989 -0.471242 70.353 0 53.245 1 1.000000
10562 806.112 52.622 238.991 -0.469533 70.353 0 53.243 1 1.000000
10563 806.112 52.622 238.991 -0.469533 70.353 0 53.243 1 1.000000
10564 806.108 52.622 238.990 -0.465728 70.353 0 53.243 1 1.000000
10565 806.109 52.620 238.990 -0.466380 70.353 0 53.242 1 1.000000
10566 806.109 52.620 238.990 -0.466380 70.353 0 53.242 1 1.000000
10567 806.111 52.615 238.989 -0.467912 70.353 0 53.243 1 1.000000
10568 806.111 52.615 238.989 -0.467912 70.353 0 53.243 1 1.000000
10569 806.115 52.610 238.990 -0.471691 70.353 0 53.243 1 1.000000
10570 806.115 52.610 238.990 -0.471691 70.353 0 53.243 1 1.000000
10571 806.111 52.621 238.992 -0.469456 70.353 0 53.241 1 1.000000
10572 806.108 52.621 238.991 -0.466109 70.353 0 53.241 1 1.000000
10573 806.108 52.621 238.991 -0.466109 70.353 0 53.241 1 1.000000
10574 806.110 52.616 238.991 -0.467636 70.353 0 53.242 1 1.000000
10575 806.110 52.616 238.991 -0.467636 70.353 0 53.242 1 1.000000
10576 806.110 52.616 238.991 -0.467636 70.353 0 53.242 1 1.000000
10577 806.113 52.610 238.991 -0.470717 70.353 0 53.242 1 1.000000
10578 806.111 52.622 238.993 -0.469870 70.353 0 53.240 1 1.000000
10579 806.111 52.622 238.993 -0.469870 70.353 0 53.240 1 1.000000
10580 806.111 52.622 238.993 -0.469870 70.353 0 53.240 1 1.000000
10581 806.109 52.619 238.991 -0.466704 70.353 0 53.241 1 1.000000
10582 806.109 52.619 238.991 -0.466704 70.353 0 53.241 1 1.000000
10583 806.111 52.614 238.991 -0.468230 70.353 0 53.242 1 1.000000
10584 806.111 52.614 238.991 -0.468230 70.353 0 53.242 1 1.000000
10585 806.114 52.609 238.991 -0.472014 70.353 0 53.242 1 1.000000
10586 806.114 52.609 238.991 -0.472014 70.353 0 53.242 1 1.000000
10587 806.111 52.621 238.994 -0.469837 70.353 0 53.240 1 1.000000
10588 806.111 52.621 238.994 -0.469837 70.353 0 53.240 1 1.000000
10589 806.108 52.621 238.992 -0.466432 70.353 0 53.240 1 1.000000
10590 806.108 52.621 238.992 -0.466432 70.353 0 53.240 1 1.000000
10591 806.110 52.616 238.992 -0.467960 70.353 0 53.240 1 1.000000
10592 806.110 52.616 238.992 -0.467960 70.353 0 53.240 1 1.000000
10593 806.113 52.610 238.992 -0.471103 70.353 0 53.241 1 1.000000
10594 806.113 52.610 238.992 -0.471103 70.353 0 53.241 1 1.000000
10595 806.111 52.621 238.995 -0.469991 70.353 0 53.239 1 1.000000
10596 806.111 52.621 238.995 -0.469991 70.353 0 53.239 1 1.000000
10597 806.108 52.619 238.993 -0.467027 70.353 0 53.240 1 1.000000
10598 806.108 52.619 238.993 -0.467027 70.353 0 53.240 1 1.000000
10599 806.110 52.614 238.992 -0.468616 70.353 0 53.240 1 1.000000
10600 806.114 52.609 238.993 -0.472333 70.353 0 53.241 1 1.000000
10601 806.114 52.609 238.993 -0.472333 70.353 0 53.241 1 1.000000
10602 806.111 52.620 238.995 -0.470498 70.353 0 53.239 1 1.000000
10603 806.109 52.618 238.993 -0.467572 70.353 0 53.239 1 1.000000
10604 806.109 52.618 238.993 -0.467572 70.353 0 53.239 1 1.000000
10605 806.111 52.613 238.993 -0.469167 70.353 0 53.239 1 1.000000
10606 806.111 52.613 238.993 -0.469167 70.353 0 53.239 1 1.000000
10607 806.115 52.608 238.994 -0.473173 70.353 0 53.240 1 1.000000
10608 806.115 52.608 238.994 -0.473173 70.353 0 53.240 1 1.000000
10609 806.111 52.620 238.996 -0.470874 70.352 0 53.238 1 1.000000
10610 806.111 52.620 238.996 -0.470874 70.352 0 53.238 1 1.000000
10611 806.108 52.619 238.995 -0.467128 70.353 0 53.237 1 1.000000
10612 806.108 52.619 238.995 -0.467128 70.353 0 53.237 1 1.000000
10613 806.109 52.615 238.994 -0.468650 70.353 0 53.238 1 1.000000
10614 806.109 52.615 238.994 -0.468650 70.353 0 53.238 1 1.000000
10615 806.113 52.609 238.994 -0.471875 70.353 0 53.239 1 1.000000
10616 806.113 52.609 238.994 -0.471875 70.353 0 53.239 1 1.000000
10617 806.111 52.620 238.997 -0.470826 70.352 0 53.237 1 1.000000
10618 806.111 52.620 238.997 -0.470826 70.352 0 53.237 1 1.000000
10619 806.107 52.620 238.996 -0.467026 70.353 0 53.237 1 1.000000
10620 806.107 52.620 238.996 -0.467026 70.353 0 53.237 1 1.000000
10621 806.109 52.615 238.995 -0.468548 70.353 0 53.237 1 1.000000
10622 806.109 52.615 238.995 -0.468548 70.353 0 53.237 1 1.000000
10623 806.112 52.609 238.995 -0.471547 70.353 0 53.238 1 1.000000
10624 806.112 52.609 238.995 -0.471547 70.353 0 53.238 1 1.000000
10625 806.110 52.620 238.998 -0.470705 70.352 0 53.236 1 1.000000
10626 806.110 52.620 238.998 -0.470705 70.352 0 53.236 1 1.000000
10627 806.107 52.620 238.996 -0.467161 70.353 0 53.236 1 1.000000
10628 806.107 52.620 238.996 -0.467161 70.353 0 53.236 1 1.000000
10629 806.109 52.615 238.996 -0.468683 70.353 0 53.236 1 1.000000
10630 806.109 52.615 238.996 -0.468683 70.353 0 53.236 1 1.000000
10631 806.112 52.609 238.996 -0.471537 70.352 0 53.237 1 1.000000
10632 806.112 52.609 238.996 -0.471537 70.352 0 53.237 1 1.000000
10633 806.110 52.620 238.998 -0.471096 70.352 0 53.235 1 1.000000
10634 806.110 52.620 238.998 -0.471096 70.352 0 53.235 1 1.000000
10635 806.107 52.620 238.997 -0.467291 70.352 0 53.235 1 1.000000
10636 806.107 52.620 238.997 -0.467291 70.352 0 53.235 1 1.000000
10637 806.109 52.615 238.996 -0.468818 70.352 0 53.236 1 1.000000
10638 806.109 52.615 238.996 -0.468818 70.352 0 53.236 1 1.000000
10639 806.112 52.608 238.996 -0.471667 70.352 0 53.236 1 1.000000
10640 806.110 52.620 238.999 -0.471159 70.352 0 53.235 1 1.000000
10641 806.110 52.620 238.999 -0.471159 70.352 0 53.235 1 1.000000
10642 806.107 52.618 238.997 -0.468059 70.352 0 53.235 1 1.000000
10643 806.107 52.618 238.997 -0.468059 70.352 0 53.235 1 1.000000
10644 806.107 52.618 238.997 -0.468059 70.352 0 53.235 1 1.000000
10645 806.109 52.613 238.996 -0.469649 70.352 0 53.236 1 1.000000
10646 806.109 52.613 238.996 -0.469649 70.352 0 53.236 1 1.000000
10647 806.113 52.607 238.997 -0.473230 70.352 0 53.236 1 1.000000
10648 806.113 52.607 238.997 -0.473230 70.352 0 53.236 1 1.000000
10649 806.110 52.619 238.999 -0.471588 70.352 0 53.234 1 1.000000
10650 806.110 52.619 238.999 -0.471588 70.352 0 53.234 1 1.000000
10651 806.107 52.619 238.998 -0.467842 70.352 0 53.234 1 1.000000
10652 806.107 52.619 238.998 -0.467842 70.352 0 53.234 1 1.000000
10653 806.109 52.614 238.997 -0.469369 70.352 0 53.235 1 1.000000
10654 806.112 52.608 238.998 -0.472449 70.352 0 53.235 1 1.000000
10655 806.112 52.608 238.998 -0.472449 70.352 0 53.235 1 1.000000
10656 806.112 52.608 238.998 -0.472449 70.352 0 53.235 1 1.000000
10657 806.110 52.619 239.000 -0.471400 70.352 0 53.233 1 1.000000
10658 806.110 52.619 239.000 -0.471400 70.352 0 53.233 1 1.000000
10659 806.107 52.617 238.998 -0.468431 70.352 0 53.234 1 1.000000
10660 806.107 52.617 238.998 -0.468431 70.352 0 53.234 1 1.000000
10661 806.109 52.612 238.998 -0.470026 70.352 0 53.235 1 1.000000
10662 806.109 52.612 238.998 -0.470026 70.352 0 53.235 1 1.000000
10663 806.113 52.607 238.998 -0.473747 70.352 0 53.235 1 1.000000
10664 806.113 52.607 238.998 -0.473747 70.352 0 53.235 1 1.000000
10665 806.110 52.618 239.000 -0.471502 70.352 0 53.233 1 1.000000
10666 806.110 52.618 239.000 -0.471502 70.352 0 53.233 1 1.000000
10667 806.108 52.616 238.998 -0.468740 70.352 0 53.234 1 1.000000
10668 806.108 52.616 238.998 -0.468740 70.352 0 53.234 1 1.000000
10669 806.110 52.611 238.998 -0.470262 70.352 0 53.234 1 1.000000
10670 806.110 52.611 238.998 -0.470262 70.352 0 53.234 1 1.000000
10671 806.114 52.606 238.999 -0.474263 70.352 0 53.235 1 1.000000
10672 806.112 52.608 238.998 -0.472319 70.352 0 53.235 1 1.000000
10673 806.112 52.608 238.998 -0.472319 70.352 0 53.235 1 1.000000
10674 806.112 52.608 238.998 -0.472319 70.352 0 53.235 1 1.000000
10675 806.110 52.619 239.001 -0.471675 70.352 0 53.233 1 1.000000
10676 806.107 52.617 238.999 -0.468503 70.352 0 53.234 1 1.000000
10677 806.107 52.617 238.999 -0.468503 70.352 0 53.234 1 1.000000
10678 806.109 52.612 238.998 -0.470030 70.352 0 53.234 1 1.000000
10679 806.113 52.607 238.999 -0.473742 70.352 0 53.235 1 1.000000
10680 806.113 52.607 238.999 -0.473742 70.352 0 53.235 1 1.000000
10681 806.113 52.607 238.999 -0.473742 70.352 0 53.235 1 1.000000
10682 806.110 52.618 239.001 -0.471970 70.352 0 53.233 1 1.000000
10683 806.108 52.616 238.999 -0.468803 70.352 0 53.233 1 1.000000
10684 806.108 52.616 238.999 -0.468803 70.352 0 53.233 1 1.000000
10685 806.108 52.616 238.999 -0.468803 70.352 0 53.233 1 1.000000
10686 806.109 52.611 238.998 -0.470392 70.352 0 53.234 1 1.000000
10687 806.109 52.611 238.998 -0.470392 70.352 0 53.234 1 1.000000
10688 806.113 52.606 238.999 -0.474326 70.352 0 53.234 1 1.000000
10689 806.110 52.618 239.001 -0.472153 70.352 0 53.233 1 1.000000
10690 806.110 52.618 239.001 -0.472153 70.352 0 53.233 1 1.000000
10691 806.110 52.618 239.001 -0.472153 70.352 0 53.233 1 1.000000
10692 806.107 52.618 239.000 -0.468411 70.352 0 53.232 1 1.000000
10693 806.107 52.618 239.000 -0.468411 70.352 0 53.232 1 1.000000
10694 806.109 52.613 238.999 -0.469875 70.352 0 53.233 1 1.000000
10695 806.109 52.613 238.999 -0.469875 70.352 0 53.233 1 1.000000
10696 806.112 52.607 238.999 -0.473149 70.352 0 53.233 1 1.000000
10697 806.112 52.607 238.999 -0.473149 70.352 0 53.233 1 1.000000
10698 806.110 52.619 239.002 -0.472114 70.352 0 53.232 1 1.000000
10699 806.110 52.619 239.002 -0.472114 70.352 0 53.232 1 1.000000
10700 806.106 52.618 239.001 -0.468309 70.352 0 53.231 1 1.000000
10701 806.108 52.613 239.000 -0.469832 70.352 0 53.232 1 1.000000
10702 806.108 52.613 239.000 -0.469832 70.352 0 53.232 1 1.000000
10703 806.108 52.613 239.000 -0.469832 70.352 0 53.232 1 1.000000
10704 806.111 52.607 239.000 -0.472825 70.352 0 53.233 1 1.000000
10705 806.111 52.607 239.000 -0.472825 70.352 0 53.233 1 1.000000
10706 806.109 52.619 239.003 -0.471984 70.352 0 53.231 1 1.000000
10707 806.109 52.619 239.003 -0.471984 70.352 0 53.231 1 1.000000
10708 806.106 52.618 239.001 -0.468382 70.352 0 53.231 1 1.000000
10709 806.106 52.618 239.001 -0.468382 70.352 0 53.231 1 1.000000
10710 806.108 52.613 239.001 -0.469904 70.352 0 53.231 1 1.000000
10711 806.108 52.613 239.001 -0.469904 70.352 0 53.231 1 1.000000
10712 806.111 52.607 239.001 -0.472821 70.352 0 53.232 1 1.000000
10713 806.111 52.607 239.001 -0.472821 70.352 0 53.232 1 1.000000
10714 806.109 52.618 239.003 -0.472186 70.352 0 53.230 1 1.000000
10715 806.109 52.618 239.003 -0.472186 70.352 0 53.230 1 1.000000
10716 806.107 52.616 239.001 -0.469150 70.352 0 53.231 1 1.000000
10717 806.107 52.616 239.001 -0.469150 70.352 0 53.231 1 1.000000
10718 806.109 52.611 239.001 -0.470672 70.352 0 53.231 1 1.000000
10719 806.109 52.611 239.001 -0.470672 70.352 0 53.231 1 1.000000
10720 806.112 52.606 239.001 -0.474321 70.352 0 53.232 1 1.000000
10721 806.109 52.618 239.003 -0.472341 70.352 0 53.230 1 1.000000
10722 806.109 52.618 239.003 -0.472341 70.352 0 53.230 1 1.000000
10723 806.109 52.618 239.003 -0.472341 70.352 0 53.230 1 1.000000
10724 806.106 52.617 239.002 -0.468869 70.352 0 53.230 1 1.000000
10725 806.108 52.612 239.002 -0.470396 70.352 0 53.231 1 1.000000
10726 806.108 52.612 239.002 -0.470396 70.352 0 53.231 1 1.000000
10727 806.111 52.606 239.002 -0.473477 70.352 0 53.231 1 1.000000
10728 806.109 52.618 239.004 -0.472491 70.352 0 53.229 1 1.000000
10729 806.109 52.618 239.004 -0.472491 70.352 0 53.229 1 1.000000
10730 806.109 52.618 239.004 -0.472491 70.352 0 53.229 1 1.000000
10731 806.107 52.615 239.002 -0.469464 70.352 0 53.230 1 1.000000
10732 806.109 52.610 239.002 -0.470986 70.352 0 53.231 1 1.000000
10733 806.109 52.610 239.002 -0.470986 70.352 0 53.231 1 1.000000
10734 806.109 52.610 239.002 -0.470986 70.352 0 53.231 1 1.000000
10735 806.112 52.605 239.002 -0.474770 70.352 0 53.231 1 1.000000
10736 806.112 52.605 239.002 -0.474770 70.352 0 53.231 1 1.000000
10737 806.110 52.617 239.004 -0.472872 70.352 0 53.229 1 1.000000
10738 806.110 52.617 239.004 -0.472872 70.352 0 53.229 1 1.000000
10739 806.106 52.617 239.003 -0.469125 70.352 0 53.229 1 1.000000
10740 806.106 52.617 239.003 -0.469125 70.352 0 53.229 1 1.000000
10741 806.108 52.612 239.002 -0.470710 70.352 0 53.230 1 1.000000
10742 806.111 52.606 239.003 -0.473795 70.352 0 53.230 1 1.000000
10743 806.111 52.606 239.003 -0.473795 70.352 0 53.230 1 1.000000
10744 806.109 52.617 239.005 -0.472684 70.352 0 53.228 1 1.000000
10745 806.109 52.617 239.005 -0.472684 70.352 0 53.228 1 1.000000
10746 806.107 52.615 239.003 -0.469719 70.352 0 53.229 1 1.000000
10747 806.107 52.615 239.003 -0.469719 70.352 0 53.229 1 1.000000
10748 806.109 52.610 239.002 -0.471241 70.352 0 53.230 1 1.000000
10749 806.109 52.610 239.002 -0.471241 70.352 0 53.230 1 1.000000
10750 806.112 52.605 239.003 -0.475030 70.352 0 53.230 1 1.000000
10751 806.112 52.605 239.003 -0.475030 70.352 0 53.230 1 1.000000
10752 806.109 52.617 239.005 -0.472718 70.352 0 53.228 1 1.000000
10753 806.106 52.616 239.004 -0.469381 70.352 0 53.228 1 1.000000
10754 806.106 52.616 239.004 -0.469381 70.352 0 53.228 1 1.000000
10755 806.106 52.616 239.004 -0.469381 70.352 0 53.228 1 1.000000
10756 806.108 52.612 239.003 -0.470903 70.352 0 53.229 1 1.000000
10757 806.108 52.612 239.003 -0.470903 70.352 0 53.229 1 1.000000
10758 806.111 52.605 239.003 -0.474051 70.352 0 53.229 1 1.000000
10759 806.111 52.605 239.003 -0.474051 70.352 0 53.229 1 1.000000
10760 806.109 52.617 239.006 -0.472881 70.351 0 53.228 1 1.000000
10761 806.109 52.617 239.006 -0.472881 70.351 0 53.228 1 1.000000
10762 806.105 52.617 239.005 -0.469332 70.352 0 53.227 1 1.000000
10763 806.105 52.617 239.005 -0.469332 70.352 0 53.227 1 1.000000
10764 806.107 52.612 239.004 -0.470855 70.352 0 53.228 1 1.000000
10765 806.111 52.605 239.004 -0.473791 70.352 0 53.229 1 1.000000
10766 806.111 52.605 239.004 -0.473791 70.352 0 53.229 1 1.000000
10767 806.111 52.605 239.004 -0.473791 70.352 0 53.229 1 1.000000
10768 806.109 52.617 239.007 -0.473012 70.351 0 53.227 1 1.000000
10769 806.109 52.617 239.007 -0.473012 70.351 0 53.227 1 1.000000
10770 806.106 52.615 239.005 -0.469980 70.352 0 53.227 1 1.000000
10771 806.106 52.615 239.005 -0.469980 70.352 0 53.227 1 1.000000
10772 806.108 52.610 239.004 -0.471507 70.352 0 53.228 1 1.000000
10773 806.112 52.605 239.004 -0.475223 70.352 0 53.229 1 1.000000
10774 806.112 52.605 239.004 -0.475223 70.352 0 53.229 1 1.000000
10775 806.112 52.605 239.004 -0.475223 70.352 0 53.229 1 1.000000
10776 806.109 52.606 239.004 -0.472874 70.352 0 53.228 1 1.000000
10777 806.109 52.606 239.004 -0.472874 70.352 0 53.228 1 1.000000
10778 806.109 52.618 239.007 -0.473040 70.351 0 53.227 1 1.000000
10779 806.109 52.618 239.007 -0.473040 70.351 0 53.227 1 1.000000
10780 806.105 52.617 239.006 -0.469293 70.352 0 53.226 1 1.000000
10781 806.105 52.617 239.006 -0.469293 70.352 0 53.226 1 1.000000
10782 806.107 52.612 239.005 -0.470816 70.352 0 53.227 1 1.000000
10783 806.107 52.612 239.005 -0.470816 70.352 0 53.227 1 1.000000
10784 806.110 52.606 239.005 -0.473458 70.352 0 53.228 1 1.000000
10785 806.110 52.606 239.005 -0.473458 70.352 0 53.228 1 1.000000
10786 806.109 52.617 239.007 -0.473286 70.351 0 53.226 1 1.000000
10787 806.109 52.617 239.007 -0.473286 70.351 0 53.226 1 1.000000
10788 806.105 52.617 239.006 -0.469540 70.352 0 53.226 1 1.000000
10789 806.107 52.612 239.005 -0.471004 70.352 0 53.227 1 1.000000
10790 806.107 52.612 239.005 -0.471004 70.352 0 53.227 1 1.000000
10791 806.107 52.612 239.005 -0.471004 70.352 0 53.227 1 1.000000
10792 806.110 52.605 239.005 -0.473786 70.352 0 53.227 1 1.000000
10793 806.110 52.605 239.005 -0.473786 70.352 0 53.227 1 1.000000
10794 806.108 52.617 239.008 -0.473340 70.351 0 53.226 1 1.000000
10795 806.108 52.617 239.008 -0.473340 70.351 0 53.226 1 1.000000
10796 806.105 52.617 239.007 -0.469670 70.352 0 53.225 1 1.000000
10797 806.105 52.617 239.007 -0.469670 70.352 0 53.225 1 1.000000
10798 806.107 52.612 239.006 -0.471192 70.352 0 53.226 1 1.000000
10799 806.107 52.612 239.006 -0.471192 70.352 0 53.226 1 1.000000
10800 806.110 52.605 239.006 -0.473979 70.351 0 53.227 1 1.000000
10801 806.110 52.605 239.006 -0.473979 70.351 0 53.227 1 1.000000
10802 806.108 52.617 239.008 -0.473465 70.351 0 53.225 1 1.000000
10803 806.108 52.617 239.008 -0.473465 70.351 0 53.225 1 1.000000
10804 806.106 52.614 239.006 -0.470371 70.352 0 53.225 1 1.000000
10805 806.106 52.614 239.006 -0.470371 70.352 0 53.225 1 1.000000
10806 806.108 52.609 239.006 -0.471960 70.352 0 53.226 1 1.000000
10807 806.108 52.616 239.008 -0.473562 70.351 0 53.225 1 1.000000
10808 806.108 52.616 239.008 -0.473562 70.351 0 53.225 1 1.000000
10809 806.108 52.616 239.008 -0.473562 70.351 0 53.225 1 1.000000
10810 806.106 52.613 239.006 -0.470728 70.351 0 53.225 1 1.000000
10811 806.106 52.613 239.006 -0.470728 70.351 0 53.225 1 1.000000
10812 806.108 52.608 239.006 -0.472250 70.352 0 53.226 1 1.000000
10813 806.108 52.608 239.006 -0.472250 70.352 0 53.226 1 1.000000
10814 806.112 52.604 239.007 -0.476251 70.351 0 53.227 1 1.000000
10815 806.112 52.604 239.007 -0.476251 70.351 0 53.227 1 1.000000
10816 806.109 52.615 239.009 -0.474079 70.351 0 53.225 1 1.000000
10817 806.109 52.615 239.009 -0.474079 70.351 0 53.225 1 1.000000
10818 806.105 52.615 239.007 -0.470274 70.351 0 53.224 1 1.000000
10819 806.105 52.615 239.007 -0.470274 70.351 0 53.224 1 1.000000
10820 806.107 52.610 239.007 -0.471859 70.351 0 53.225 1 1.000000
10821 806.107 52.610 239.007 -0.471859 70.351 0 53.225 1 1.000000
10822 806.111 52.604 239.007 -0.475016 70.351 0 53.226 1 1.000000
10823 806.111 52.604 239.007 -0.475016 70.351 0 53.226 1 1.000000
10824 806.109 52.616 239.009 -0.473977 70.351 0 53.224 1 1.000000
10825 806.109 52.616 239.009 -0.473977 70.351 0 53.224 1 1.000000
10826 806.105 52.615 239.008 -0.470225 70.351 0 53.224 1 1.000000
10827 806.105 52.615 239.008 -0.470225 70.351 0 53.224 1 1.000000
10828 806.107 52.611 239.007 -0.471689 70.351 0 53.225 1 1.000000
10829 806.107 52.611 239.007 -0.471689 70.351 0 53.225 1 1.000000
10830 806.110 52.604 239.007 -0.474751 70.351 0 53.225 1 1.000000
10831 806.110 52.604 239.007 -0.474751 70.351 0 53.225 1 1.000000
10832 806.109 52.605 239.007 -0.473646 70.351 0 53.225 1 1.000000
10833 806.109 52.605 239.007 -0.473646 70.351 0 53.225 1 1.000000
10834 806.109 52.605 239.007 -0.473646 70.351 0 53.225 1 1.000000
10835 806.109 52.605 239.007 -0.473646 70.351 0 53.225 1 1.000000
10836 806.109 52.605 239.007 -0.473646 70.351 0 53.225 1 1.000000
10837 806.109 52.605 239.007 -0.473646 70.351 0 53.225 1 1.000000
10838 806.109 52.605 239.007 -0.473646 70.351 0 53.225 1 1.000000
10839 806.109 52.605 239.007 -0.473646 70.351 0 53.225 1 1.000000
10840 806.109 52.605 239.007 -0.473646 70.351 0 53.225 1 1.000000
10841 806.109 52.605 239.007 -0.473646 70.351 0 53.225 1 1.000000
10842 806.109 52.605 239.007 -0.473646 70.351 0 53.225 1 1.000000
10843 806.109 52.605 239.007 -0.473646 70.351 0 53.225 1 1.000000
10844 806.109 52.605 239.007 -0.473646 70.351 0 53.225 1 1.000000
10845 806.109 52.605 239.007 -0.473646 70.351 0 53.225 1 1.000000
10846 806.109 52.605 239.007 -0.473646 70.351 0 53.225 1 1.000000
10847 806.109 52.605 239.007 -0.473646 70.351 0 53.225 1 1.000000
10848 806.109 52.605 239.007 -0.473646 70.351 0 53.225 1 1.000000
10849 806.109 52.605 239.007 -0.473646 70.351 0 53.225 1 1.000000
10850 806.109 52.605 239.007 -0.473646 70.351 0 53.225 1 1.000000
10851 806.109 52.605 239.007 -0.473646 70.351 0 53.225 1 1.000000
10852 806.109 52.605 239.007 -0.473646 70.351 0 53.225 1 1.000000
10853 806.109 52.605 239.007 -0.473646 70.351 0 53.225 1 1.000000
10854 806.109 52.605 239.007 -0.473646 70.351 0 53.225 1 1.000000
10855 806.109 52.605 239.007 -0.473646 70.351 0 53.225 1 1.000000
10856 806.109 52.605 239.007 -0.473646 70.351 0 53.225 1 1.000000
10857 806.109 52.605 239.007 -0.473646 70.351 0 53.225 1 1.000000
10858 806.109 52.605 239.007 -0.473646 70.351 0 53.225 1 1.000000
10859 806.109 52.605 239.007 -0.473646 70.351 0 53.225 1 1.000000
10860 806.109 52.605 239.007 -0.473646 70.351 0 53.225 1 1.000000
10861 806.109 52.605 239.007 -0.473646 70.351 0 53.225 1 1.000000
10862 806.109 52.605 239.007 -0.473646 70.351 0 53.225 1 1.000000
10863 806.109 52.605 239.007 -0.473646 70.351 0 53.225 1 1.000000
10864 806.109 52.605 239.007 -0.473646 70.351 0 53.225 1 1.000000
10865 806.109 52.605 239.007 -0.473646 70.351 0 53.225 1 1.000000
10866 806.109 52.605 239.007 -0.473646 70.351 0 53.225 1 1.000000
10867 806.109 52.605 239.007 -0.473646 70.351 0 53.225 1 1.000000
10868 806.109 52.605 239.007 -0.473646 70.351 0 53.225 1 1.000000
10869 806.109 52.605 239.007 -0.473646 70.351 0 53.225 1 1.000000
10870 806.109 52.605 239.007 -0.473646 70.351 0 53.225 1 1.000000
10871 806.109 52.605 239.007 -0.473646 70.351 0 53.225 1 1.000000
10872 806.109 52.605 239.007 -0.473646 70.351 0 53.225 1 1.000000
10873 806.109 52.605 239.007 -0.473646 70.351 0 53.225 1 1.000000
10874 806.109 52.605 239.007 -0.473646 70.351 0 53.225 1 1.000000
10875 806.109 52.605 239.007 -0.473646 70.351 0 53.225 1 1.000000
10876 806.109 52.605 239.007 -0.473646 70.351 0 53.225 1 1.000000
10877 806.109 52.605 239.007 -0.473646 70.351 0 53.225 1 1.000000
10878 806.109 52.605 239.007 -0.473646 70.351 0 53.225 1 1.000000
10879 806.109 52.605 239.007 -0.473646 70.351 0 53.225 1 1.000000
10880 806.109 52.605 239.007 -0.473646 70.351 0 53.225 1 1.000000
10881 806.109 52.605 239.007 -0.473646 70.351 0 53.225 1 1.000000
10882 806.109 52.605 239.007 -0.473646 70.351 0 53.225 1 1.000000
10883 806.109 52.605 239.007 -0.473646 70.351 0 53.225 1 1.000000
10884 806.109 52.605 239.007 -0.473646 70.351 0 53.225 1 1.000000
10885 806.109 52.605 239.007 -0.473646 70.351 0 53.225 1 1.000000
10886 806.109 52.605 239.007 -0.473646 70.351 0 53.225 1 1.000000
10887 806.109 52.605 239.007 -0.473646 70.351 0 53.225 1 1.000000
10888 806.109 52.605 239.007 -0.473646 70.351 0 53.225 1 1.000000
10889 806.109 52.605 239.007 -0.473646 70.351 0 53.225 1 1.000000
10890 806.109 52.605 239.007 -0.473646 70.351 0 53.225 1 1.000000
10891 806.109 52.605 239.007 -0.473646 70.351 0 53.225 1 1.000000
10892 806.109 52.605 239.007 -0.473646 70.351 0 53.225 1 1.000000
10893 806.109 52.605 239.007 -0.473646 70.351 0 53.225 1 1.000000
10894 806.109 52.605 239.007 -0.473646 70.351 0 53.225 1 1.000000
10895 806.109 52.605 239.007 -0.473646 70.351 0 53.225 1 1.000000
10896 806.109 52.605 239.007 -0.473646 70.351 0 53.225 1 1.000000
10897 806.109 52.605 239.007 -0.473646 70.351 0 53.225 1 1.000000
10898 806.109 52.605 239.007 -0.473646 70.351 0 53.225 1 1.000000
10899 806.109 52.605 239.007 -0.473646 70.351 0 53.225 1 1.000000
10900 806.109 52.605 239.007 -0.473646 70.351 0 53.225 1 1.000000
10901 806.109 52.605 239.007 -0.473646 70.351 0 53.225 1 1.000000
10902 806.109 52.605 239.007 -0.473646 70.351 0 53.225 1 1.000000
10903 806.109 52.605 239.007 -0.473646 70.351 0 53.225 1 1.000000
10904 806.109 52.605 239.007 -0.473646 70.351 0 53.225 1 1.000000
10905 806.109 52.605 239.007 -0.473646 70.351 0 53.225 1 1.000000
10906 806.109 52.605 239.007 -0.473646 70.351 0 53.225 1 1.000000
10907 806.109 52.605 239.007 -0.473646 70.351 0 53.225 1 1.000000
10908 806.109 52.605 239.007 -0.473646 70.351 0 53.225 1 1.000000
10909 806.109 52.605 239.007 -0.473646 70.351 0 53.225 1 1.000000
10910 806.109 52.605 239.007 -0.473646 70.351 0 53.225 1 1.000000
10911 806.109 52.605 239.007 -0.473646 70.351 0 53.225 1 1.000000
10912 806.109 52.605 239.007 -0.473646 70.351 0 53.225 1 1.000000
10913 806.109 52.605 239.007 -0.473646 70.351 0 53.225 1 1.000000
10914 806.109 52.605 239.007 -0.473646 70.351 0 53.225 1 1.000000
10915 806.109 52.605 239.007 -0.473646 70.351 0 53.225 1 1.000000
10916 806.109 52.605 239.007 -0.473646 70.351 0 53.225 1 1.000000
10917 806.109 52.605 239.007 -0.473646 70.351 0 53.225 1 1.000000
10918 806.109 52.605 239.007 -0.473646 70.351 0 53.225 1 1.000000
10919 806.109 52.605 239.007 -0.473646 70.351 0 53.225 1 1.000000
10920 806.109 52.605 239.007 -0.473646 70.351 0 53.225 1 1.000000
10921 806.109 52.605 239.007 -0.473646 70.351 0 53.225 1 1.000000
10922 806.109 52.605 239.007 -0.473646 70.351 0 53.225 1 1.000000
10923 806.109 52.605 239.007 -0.473646 70.351 0 53.225 1 1.000000
10924 806.109 52.605 239.007 -0.473646 70.351 0 53.225 1 1.000000
10925 806.109 52.605 239.007 -0.473646 70.351 0 53.225 1 1.000000
10926 806.109 52.605 239.007 -0.473646 70.351 0 53.225 1 1.000000
10927 806.109 52.605 239.007 -0.473646 70.351 0 53.225 1 1.000000
10928 806.109 52.605 239.007 -0.473646 70.351 0 53.225 1 1.000000
10929 806.109 52.605 239.007 -0.473646 70.351 0 53.225 1 1.000000
10930 806.109 52.605 239.007 -0.473646 70.351 0 53.225 1 1.000000
10931 806.109 52.605 239.007 -0.473646 70.351 0 53.225 1 1.000000
10932 806.109 52.605 239.007 -0.473646 70.351 0 53.225 1 1.000000
10933 806.109 52.605 239.007 -0.473646 70.351 0 53.225 1 1.000000
10934 806.109 52.605 239.007 -0.473646 70.351 0 53.225 1 1.000000
10935 806.109 52.605 239.007 -0.473646 70.351 0 53.225 1 1.000000
10936 806.109 52.605 239.007 -0.473646 70.351 0 53.225 1 1.000000
10937 806.109 52.605 239.007 -0.473646 70.351 0 53.225 1 1.000000
10938 806.109 52.605 239.007 -0.473646 70.351 0 53.225 1 1.000000
10939 806.109 52.605 239.007 -0.473646 70.351 0 53.225 1 1.000000
10940 806.109 52.605 239.007 -0.473646 70.351 0 53.225 1 1.000000
10941 806.109 52.605 239.007 -0.473646 70.351 0 53.225 1 1.000000
10942 806.109 52.605 239.007 -0.473646 70.351 0 53.225 1 1.000000
10943 806.109 52.605 239.007 -0.473646 70.351 0 53.225 1 1.000000
10944 806.109 52.605 239.007 -0.473646 70.351 0 53.225 1 1.000000
10945 806.109 52.605 239.007 -0.473646 70.351 0 53.225 1 1.000000
10946 806.109 52.605 239.007 -0.473646 70.351 0 53.225 1 1.000000
10947 806.109 52.605 239.007 -0.473646 70.351 0 53.225 1 1.000000
10948 806.109 52.605 239.007 -0.473646 70.351 0 53.225 1 1.000000
10949 806.109 52.605 239.007 -0.473646 70.351 0 53.225 1 1.000000
10950 806.109 52.605 239.007 -0.473646 70.351 0 53.225 1 1.000000
10951 806.109 52.605 239.007 -0.473646 70.351 0 53.225 1 1.000000
10952 806.109 52.605 239.007 -0.473646 70.351 0 53.225 1 1.000000
10953 806.109 52.605 239.007 -0.473646 70.351 0 53.225 1 1.000000
10954 806.109 52.605 239.007 -0.473646 70.351 0 53.225 1 1.000000
10955 806.109 52.605 239.007 -0.473646 70.351 0 53.225 1 1.000000
10956 806.109 52.605 239.007 -0.473646 70.351 0 53.225 1 1.000000
10957 806.109 52.605 239.007 -0.473646 70.351 0 53.225 1 1.000000
10958 806.109 52.605 239.007 -0.473646 70.351 0 53.225 1 1.000000
10959 806.109 52.605 239.007 -0.473646 70.351 0 53.225 1 1.000000
10960 806.109 52.605 239.007 -0.473646 70.351 0 53.225 1 1.000000
10961 806.109 52.605 239.007 -0.473646 70.351 0 53.225 1 1.000000
10962 806.109 52.605 239.007 -0.473646 70.351 0 53.225 1 1.000000
10963 806.109 52.605 239.007 -0.473646 70.351 0 53.225 1 1.000000
10964 806.109 52.605 239.007 -0.473646 70.351 0 53.225 1 1.000000
10965 806.109 52.605 239.007 -0.473646 70.351 0 53.225 1 1.000000
10966 806.109 52.605 239.007 -0.473646 70.351 0 53.225 1 1.000000
10967 806.109 52.605 239.007 -0.473646 70.351 0 53.225 1 1.000000
10968 806.109 52.605 239.007 -0.473646 70.351 0 53.225 1 1.000000
10969 806.109 52.605 239.007 -0.473646 70.351 0 53.225 1 1.000000
10970 806.109 52.605 239.007 -0.473646 70.351 0 53.225 1 1.000000
10971 806.109 52.605 239.007 -0.473646 70.351 0 53.225 1 1.000000
10972 806.109 52.605 239.007 -0.473646 70.351 0 53.225 1 1.000000
10973 806.109 52.605 239.007 -0.473646 70.351 0 53.225 1 1.000000
10974 806.109 52.605 239.007 -0.473646 70.351 0 53.225 1 1.000000
10975 806.109 52.605 239.007 -0.473646 70.351 0 53.225 1 1.000000
10976 806.109 52.605 239.007 -0.473646 70.351 0 53.225 1 1.000000
10977 806.109 52.605 239.007 -0.473646 70.351 0 53.225 1 1.000000
10978 806.109 52.605 239.007 -0.473646 70.351 0 53.225 1 1.000000
10979 806.109 52.605 239.007 -0.473646 70.351 0 53.225 1 1.000000
10980 806.109 52.605 239.007 -0.473646 70.351 0 53.225 1 1.000000
10981 806.109 52.605 239.007 -0.473646 70.351 0 53.225 1 1.000000
10982 806.109 52.605 239.007 -0.473646 70.351 0 53.225 1 1.000000
10983 806.109 52.605 239.007 -0.473646 70.351 0 53.225 1 1.000000
10984 806.109 52.605 239.007 -0.473646 70.351 0 53.225 1 1.000000
10985 806.109 52.605 239.007 -0.473646 70.351 0 53.225 1 1.000000
10986 806.109 52.605 239.007 -0.473646 70.351 0 53.225 1 1.000000
10987 806.109 52.605 239.007 -0.473646 70.351 0 53.225 1 1.000000
10988 806.109 52.605 239.007 -0.473646 70.351 0 53.225 1 1.000000
10989 806.109 52.605 239.007 -0.473646 70.351 0 53.225 1 1.000000
10990 806.109 52.605 239.007 -0.473646 70.351 0 53.225 1 1.000000
10991 806.109 52.605 239.007 -0.473646 70.351 0 53.225 1 1.000000
10992 806.109 52.605 239.007 -0.473646 70.351 0 53.225 1 1.000000
10993 806.109 52.605 239.007 -0.473646 70.351 0 53.225 1 1.000000
10994 806.109 52.605 239.007 -0.473646 70.351 0 53.225 1 1.000000
10995 806.109 52.605 239.007 -0.473646 70.351 0 53.225 1 1.000000
10996 806.109 52.605 239.007 -0.473646 70.351 0 53.225 1 1.000000
10997 806.109 52.605 239.007 -0.473646 70.351 0 53.225 1 1.000000
10998 806.109 52.605 239.007 -0.473646 70.351 0 53.225 1 1.000000
10999 806.109 52.605 239.007 -0.473646 70.351 0 53.225 1 1.000000
11000 806.109 52.605 239.007 -0.473646 70.351 0 53.225 1 1.000000
11001 806.109 52.605 239.007 -0.473646 70.351 0 53.225 1 1.000000
11002 806.109 52.676 239.006 -0.472523 70.351 0 53.235 1 1.000000
11003 806.109 52.676 239.006 -0.472523 70.351 0 53.235 1 1.000000
11004 806.110 52.744 239.005 -0.471388 70.352 0 53.244 1 1.000000
11005 806.110 52.744 239.005 -0.471388 70.352 0 53.244 1 1.000000
11006 806.081 52.810 238.995 -0.440847 70.353 0 53.249 1 1.000000
11007 806.081 52.810 238.995 -0.440847 70.353 0 53.249 1 1.000000
11008 806.066 52.873 238.991 -0.424828 70.354 0 53.254 1 1.000000
11009 806.066 52.873 238.991 -0.424828 70.354 0 53.254 1 1.000000
11010 806.065 52.933 238.994 -0.423899 70.354 0 53.259 1 1.000000
11011 806.065 52.933 238.994 -0.423899 70.354 0 53.259 1 1.000000
11012 806.045 52.991 238.987 -0.402441 70.355 0 53.263 1 1.000000
11013 806.045 52.991 238.987 -0.402441 70.355 0 53.263 1 1.000000
11014 806.061 53.038 238.997 -0.419886 70.354 0 53.266 1 1.000000
11015 806.078 53.082 239.006 -0.437645 70.352 0 53.270 1 1.000000
11016 806.078 53.082 239.006 -0.437645 70.352 0 53.270 1 1.000000
11017 806.093 53.124 239.014 -0.454480 70.351 0 53.274 1 1.000000
11018 806.093 53.124 239.014 -0.454480 70.351 0 53.274 1 1.000000
11019 806.108 53.163 239.022 -0.469959 70.350 0 53.278 1 1.000000
11020 806.108 53.163 239.022 -0.469959 70.350 0 53.278 1 1.000000
11021 806.118 53.203 239.028 -0.481156 70.349 0 53.282 1 1.000000
11022 806.118 53.203 239.028 -0.481156 70.349 0 53.282 1 1.000000
11023 806.127 53.242 239.030 -0.488980 70.348 0 53.288 1 1.000000
11024 806.133 53.279 239.029 -0.493481 70.348 0 53.296 1 1.000000
11025 806.133 53.279 239.029 -0.493481 70.348 0 53.296 1 1.000000
11026 806.138 53.314 239.027 -0.496098 70.348 0 53.304 1 1.000000
11027 806.138 53.314 239.027 -0.496098 70.348 0 53.304 1 1.000000
11028 806.143 53.347 239.023 -0.499260 70.349 0 53.313 1 1.000000
11029 806.143 53.347 239.023 -0.499260 70.349 0 53.313 1 1.000000
11030 806.149 53.376 239.020 -0.502003 70.349 0 53.322 1 1.000000
11031 806.149 53.376 239.020 -0.502003 70.349 0 53.322 1 1.000000
11032 806.155 53.397 239.018 -0.506608 70.349 0 53.330 1 1.000000
11033 806.155 53.397 239.018 -0.506608 70.349 0 53.330 1 1.000000
11034 806.164 53.399 239.017 -0.513595 70.349 0 53.334 1 1.000000
11035 806.164 53.399 239.017 -0.513595 70.349 0 53.334 1 1.000000
11036 806.171 53.401 239.016 -0.519782 70.349 0 53.338 1 1.000000
11037 806.171 53.401 239.016 -0.519782 70.349 0 53.338 1 1.000000
11038 806.178 53.403 239.014 -0.525234 70.349 0 53.342 1 1.000000
11039 806.178 53.403 239.014 -0.525234 70.349 0 53.342 1 1.000000
11040 806.184 53.404 239.013 -0.529885 70.349 0 53.346 1 1.000000
11041 806.184 53.404 239.013 -0.529885 70.349 0 53.346 1 1.000000
11042 806.189 53.406 239.011 -0.533810 70.349 0 53.351 1 1.000000
11043 806.189 53.406 239.011 -0.533810 70.349 0 53.351 1 1.000000
11044 806.193 53.407 239.009 -0.536868 70.349 0 53.355 1 1.000000
11045 806.193 53.407 239.009 -0.536868 70.349 0 53.355 1 1.000000
11046 806.197 53.408 239.006 -0.538993 70.349 0 53.359 1 1.000000
11047 806.197 53.408 239.006 -0.538993 70.349 0 53.359 1 1.000000
11048 806.200 53.409 239.003 -0.540189 70.349 0 53.363 1 1.000000
11049 806.200 53.409 239.003 -0.540189 70.349 0 53.363 1 1.000000
11050 806.202 53.409 238.999 -0.540452 70.350 0 53.367 1 1.000000
11051 806.202 53.409 238.999 -0.540452 70.350 0 53.367 1 1.000000
11052 806.202 53.409 238.996 -0.539978 70.350 0 53.370 1 1.000000
11053 806.202 53.409 238.996 -0.539978 70.350 0 53.370 1 1.000000
11054 806.203 53.407 238.993 -0.539226 70.350 0 53.373 1 1.000000
11055 806.203 53.407 238.993 -0.539226 70.350 0 53.373 1 1.000000
11056 806.176 53.399 238.983 -0.511070 70.352 0 53.369 1 1.000000
11057 806.159 53.365 238.969 -0.490795 70.354 0 53.372 1 1.000000
11058 806.155 53.345 238.964 -0.485437 70.355 0 53.372 1 1.000000
11059 806.155 53.345 238.964 -0.485437 70.355 0 53.372 1 1.000000
11060 806.156 53.326 238.960 -0.484922 70.355 0 53.374 1 1.000000
11061 806.156 53.326 238.960 -0.484922 70.355 0 53.374 1 1.000000
11062 806.150 53.301 238.955 -0.478119 70.356 0 53.373 1 1.000000
11063 806.150 53.301 238.955 -0.478119 70.356 0 53.373 1 1.000000
11064 806.151 53.277 238.951 -0.477736 70.356 0 53.374 1 1.000000
11065 806.151 53.277 238.951 -0.477736 70.356 0 53.374 1 1.000000
11066 806.143 53.247 238.946 -0.469472 70.357 0 53.372 1 1.000000
11067 806.143 53.247 238.946 -0.469472 70.357 0 53.372 1 1.000000
11068 806.144 53.217 238.942 -0.469151 70.357 0 53.372 1 1.000000
11069 806.144 53.217 238.942 -0.469151 70.357 0 53.372 1 1.000000
11070 806.135 53.182 238.936 -0.459357 70.358 0 53.369 1 1.000000
11071 806.135 53.182 238.936 -0.459357 70.358 0 53.369 1 1.000000
11072 806.136 53.146 238.933 -0.459148 70.358 0 53.368 1 1.000000
11073 806.136 53.146 238.933 -0.459148 70.358 0 53.368 1 1.000000
11074 806.120 53.106 238.927 -0.443226 70.359 0 53.363 1 1.000000
11075 806.120 53.106 238.927 -0.443226 70.359 0 53.363 1 1.000000
11076 806.120 53.065 238.925 -0.443584 70.360 0 53.360 1 1.000000
11077 806.120 53.065 238.925 -0.443584 70.360 0 53.360 1 1.000000
11078 806.092 53.022 238.915 -0.414713 70.362 0 53.351 1 1.000000
11079 806.092 53.022 238.915 -0.414713 70.362 0 53.351 1 1.000000
11080 806.073 52.973 238.910 -0.396091 70.363 0 53.342 1 1.000000
11081 806.073 52.973 238.910 -0.396091 70.363 0 53.342 1 1.000000
11082 806.079 52.926 238.915 -0.404781 70.362 0 53.334 1 1.000000
11083 806.079 52.926 238.915 -0.404781 70.362 0 53.334 1 1.000000
11084 806.086 52.876 238.922 -0.413897 70.361 0 53.325 1 1.000000
11085 806.086 52.876 238.922 -0.413897 70.361 0 53.325 1 1.000000
11086 806.092 52.823 238.928 -0.423490 70.360 0 53.316 1 1.000000
11087 806.092 52.823 238.928 -0.423490 70.360 0 53.316 1 1.000000
11088 806.100 52.767 238.935 -0.433553 70.359 0 53.306 1 1.000000
11089 806.100 52.767 238.935 -0.433553 70.359 0 53.306 1 1.000000
11090 806.107 52.709 238.942 -0.444097 70.358 0 53.296 1 1.000000
11091 806.107 52.709 238.942 -0.444097 70.358 0 53.296 1 1.000000
11092 806.115 52.649 238.949 -0.455041 70.357 0 53.286 1 1.000000
11093 806.115 52.649 238.949 -0.455041 70.357 0 53.286 1 1.000000
11094 806.111 52.626 238.957 -0.455214 70.357 0 53.274 1 1.000000
11095 806.111 52.626 238.957 -0.455214 70.357 0 53.274 1 1.000000
11096 806.117 52.623 238.958 -0.460849 70.356 0 53.275 1 1.000000
11097 806.117 52.634 238.961 -0.461402 70.356 0 53.274 1 1.000000
11098 806.117 52.634 238.961 -0.461402 70.356 0 53.274 1 1.000000
11099 806.114 52.631 238.959 -0.458442 70.356 0 53.274 1 1.000000
11100 806.114 52.631 238.959 -0.458442 70.356 0 53.274 1 1.000000
11101 806.116 52.626 238.959 -0.460032 70.356 0 53.274 1 1.000000
11102 806.116 52.626 238.959 -0.460032 70.356 0 53.274 1 1.000000
11103 806.120 52.621 238.959 -0.463671 70.356 0 53.275 1 1.000000
11104 806.120 52.621 238.959 -0.463671 70.356 0 53.275 1 1.000000
11105 806.117 52.632 238.962 -0.461759 70.356 0 53.273 1 1.000000
11106 806.117 52.632 238.962 -0.461759 70.356 0 53.273 1 1.000000
11107 806.113 52.632 238.961 -0.458355 70.356 0 53.272 1 1.000000
11108 806.113 52.632 238.961 -0.458355 70.356 0 53.272 1 1.000000
11109 806.115 52.627 238.960 -0.459944 70.356 0 53.273 1 1.000000
11110 806.115 52.627 238.960 -0.459944 70.356 0 53.273 1 1.000000
11111 806.118 52.621 238.961 -0.463015 70.356 0 53.273 1 1.000000
11112 806.118 52.621 238.961 -0.463015 70.356 0 53.273 1 1.000000
11113 806.117 52.622 238.960 -0.461843 70.356 0 53.273 1 1.000000
11114 806.117 52.622 238.960 -0.461843 70.356 0 53.273 1 1.000000
11115 806.119 52.621 238.960 -0.463015 70.356 0 53.273 1 1.000000
11116 806.119 52.621 238.960 -0.463015 70.356 0 53.273 1 1.000000
11117 806.116 52.633 238.963 -0.462039 70.356 0 53.271 1 1.000000
11118 806.116 52.633 238.963 -0.462039 70.356 0 53.271 1 1.000000
11119 806.114 52.630 238.961 -0.459142 70.356 0 53.271 1 1.000000
11120 806.114 52.630 238.961 -0.459142 70.356 0 53.271 1 1.000000
11121 806.116 52.625 238.961 -0.460732 70.356 0 53.272 1 1.000000
11122 806.116 52.625 238.961 -0.460732 70.356 0 53.272 1 1.000000
11123 806.119 52.620 238.962 -0.464443 70.356 0 53.272 1 1.000000
11124 806.119 52.620 238.962 -0.464443 70.356 0 53.272 1 1.000000
11125 806.116 52.632 238.964 -0.462338 70.356 0 53.270 1 1.000000
11126 806.116 52.632 238.964 -0.462338 70.356 0 53.270 1 1.000000
11127 806.113 52.631 238.963 -0.458992 70.356 0 53.270 1 1.000000
11128 806.113 52.631 238.963 -0.458992 70.356 0 53.270 1 1.000000
11129 806.115 52.626 238.963 -0.460523 70.356 0 53.270 1 1.000000
11130 806.115 52.626 238.963 -0.460523 70.356 0 53.270 1 1.000000
11131 806.118 52.620 238.963 -0.463657 70.356 0 53.270 1 1.000000
11132 806.118 52.620 238.963 -0.463657 70.356 0 53.270 1 1.000000
11133 806.116 52.632 238.966 -0.462883 70.355 0 53.269 1 1.000000
11134 806.116 52.632 238.966 -0.462883 70.355 0 53.269 1 1.000000
11135 806.113 52.631 238.965 -0.459141 70.356 0 53.268 1 1.000000
11136 806.113 52.631 238.965 -0.459141 70.356 0 53.268 1 1.000000
11137 806.114 52.626 238.964 -0.460726 70.356 0 53.269 1 1.000000
11138 806.114 52.626 238.964 -0.460726 70.356 0 53.269 1 1.000000
11139 806.117 52.620 238.964 -0.463652 70.356 0 53.269 1 1.000000
11140 806.117 52.620 238.964 -0.463652 70.356 0 53.269 1 1.000000
11141 806.116 52.631 238.967 -0.463076 70.355 0 53.267 1 1.000000
11142 806.116 52.631 238.967 -0.463076 70.355 0 53.267 1 1.000000
11143 806.112 52.631 238.966 -0.459406 70.356 0 53.267 1 1.000000
11144 806.112 52.631 238.966 -0.459406 70.356 0 53.267 1 1.000000
11145 806.114 52.626 238.965 -0.460991 70.356 0 53.267 1 1.000000
11146 806.114 52.626 238.965 -0.460991 70.356 0 53.267 1 1.000000
11147 806.117 52.619 238.966 -0.463773 70.355 0 53.268 1 1.000000
11148 806.117 52.619 238.966 -0.463773 70.355 0 53.268 1 1.000000
11149 806.116 52.631 238.968 -0.463472 70.355 0 53.266 1 1.000000
11150 806.116 52.631 238.968 -0.463472 70.355 0 53.266 1 1.000000
11151 806.113 52.629 238.967 -0.460367 70.355 0 53.266 1 1.000000
11152 806.113 52.629 238.967 -0.460367 70.355 0 53.266 1 1.000000
11153 806.115 52.624 238.966 -0.461894 70.355 0 53.267 1 1.000000
11154 806.115 52.624 238.966 -0.461894 70.355 0 53.267 1 1.000000
