# Daggerfall N per-frame ENVIRONMENT log -- one line per
# PRESENTED frame, taken at the set_environment() call.
# frame dark lights sun_x sun_y sun_z sun_lum amb_lum moon_light eye_x eye_y eye_z
0 0.000000 0 0.7917 0.5055 0.3431 0.9627 0.3586 0.0000 762.472 22.358 324.840
1 0.000000 0 0.7914 0.5060 0.3430 0.9627 0.3586 0.0000 762.615 22.352 324.870
2 0.000000 0 0.7911 0.5065 0.3429 0.9627 0.3586 0.0000 762.769 22.341 324.863
3 0.000000 0 0.7906 0.5074 0.3428 0.9627 0.3586 0.0000 762.912 22.333 324.817
4 0.000000 0 0.7902 0.5080 0.3427 0.9627 0.3586 0.0000 763.042 22.336 324.729
5 0.000000 0 0.7900 0.5085 0.3427 0.9627 0.3586 0.0000 763.162 22.348 324.609
6 0.000000 0 0.7896 0.5090 0.3426 0.9627 0.3586 0.0000 763.258 22.356 324.520
7 0.000000 0 0.7893 0.5095 0.3425 0.9627 0.3586 0.0000 763.384 22.351 324.403
8 0.000000 0 0.7889 0.5102 0.3424 0.9627 0.3586 0.0000 763.499 22.336 324.297
9 0.000000 0 0.7886 0.5108 0.3424 0.9627 0.3586 0.0000 763.607 22.324 324.201
10 0.000000 0 0.7884 0.5112 0.3423 0.9627 0.3586 0.0000 763.726 22.326 324.103
11 0.000000 0 0.7879 0.5120 0.3422 0.9627 0.3586 0.0000 763.839 22.339 324.015
12 0.000000 0 0.7876 0.5124 0.3421 0.9627 0.3586 0.0000 763.943 22.351 323.937
13 0.000000 0 0.7873 0.5130 0.3421 0.9627 0.3586 0.0000 764.085 22.355 323.834
14 0.000000 0 0.7869 0.5136 0.3420 0.9627 0.3586 0.0000 764.194 22.345 323.754
15 0.000000 0 0.7865 0.5143 0.3419 0.9627 0.3586 0.0000 764.323 22.328 323.655
16 0.000000 0 0.7862 0.5148 0.3418 0.9627 0.3586 0.0000 764.440 22.322 323.561
17 0.000000 0 0.7860 0.5152 0.3418 0.9627 0.3586 0.0000 764.544 22.329 323.472
18 0.000000 0 0.7854 0.5162 0.3416 0.9627 0.3586 0.0000 764.665 22.346 323.361
19 0.000000 0 0.7851 0.5167 0.3416 0.9627 0.3586 0.0000 764.775 22.356 323.257
20 0.000000 0 0.7850 0.5168 0.3415 0.9627 0.3586 0.0000 764.823 22.356 323.211
21 0.000000 0 0.7850 0.5169 0.3415 0.9627 0.3586 0.0000 764.878 22.352 323.159
22 0.000000 0 0.7850 0.5169 0.3415 0.9627 0.3586 0.0000 764.928 22.346 323.113
23 0.000000 0 0.7849 0.5170 0.3415 0.9627 0.3586 0.0000 764.972 22.339 323.072
24 0.000000 0 0.7849 0.5170 0.3415 0.9627 0.3586 0.0000 765.019 22.332 323.028
25 0.000000 0 0.7849 0.5171 0.3415 0.9627 0.3586 0.0000 765.055 22.328 322.997
26 0.000000 0 0.7848 0.5172 0.3415 0.9627 0.3586 0.0000 765.102 22.323 322.956
27 0.000000 0 0.7848 0.5172 0.3415 0.9627 0.3586 0.0000 765.150 22.321 322.915
28 0.000000 0 0.7848 0.5172 0.3415 0.9627 0.3586 0.0000 765.155 22.321 322.911
29 0.000000 0 0.7848 0.5172 0.3415 0.9627 0.3586 0.0000 765.176 22.321 322.893
30 0.000000 0 0.7847 0.5173 0.3415 0.9627 0.3586 0.0000 765.217 22.323 322.860
31 0.000000 0 0.7847 0.5173 0.3415 0.9627 0.3586 0.0000 765.255 22.327 322.829
32 0.000000 0 0.7847 0.5174 0.3415 0.9627 0.3586 0.0000 765.306 22.333 322.790
33 0.000000 0 0.7846 0.5175 0.3415 0.9627 0.3586 0.0000 765.366 22.340 322.751
34 0.000000 0 0.7846 0.5175 0.3414 0.9627 0.3586 0.0000 765.425 22.348 322.711
35 0.000000 0 0.7845 0.5176 0.3414 0.9627 0.3586 0.0000 765.483 22.353 322.672
36 0.000000 0 0.7845 0.5177 0.3414 0.9627 0.3586 0.0000 765.538 22.356 322.635
37 0.000000 0 0.7845 0.5177 0.3414 0.9627 0.3586 0.0000 765.580 22.356 322.607
38 0.000000 0 0.7845 0.5177 0.3414 0.9627 0.3586 0.0000 765.585 22.356 322.604
39 0.000000 0 0.7844 0.5178 0.3414 0.9627 0.3586 0.0000 765.606 22.355 322.590
40 0.000000 0 0.7844 0.5178 0.3414 0.9627 0.3586 0.0000 765.659 22.351 322.555
41 0.000000 0 0.7844 0.5179 0.3414 0.9627 0.3586 0.0000 765.714 22.345 322.517
42 0.000000 0 0.7843 0.5179 0.3414 0.9627 0.3586 0.0000 765.767 22.338 322.481
43 0.000000 0 0.7843 0.5180 0.3414 0.9627 0.3586 0.0000 765.823 22.331 322.441
44 0.000000 0 0.7843 0.5181 0.3414 0.9627 0.3586 0.0000 765.876 22.325 322.403
45 0.000000 0 0.7842 0.5181 0.3414 0.9627 0.3586 0.0000 765.932 22.322 322.361
46 0.000000 0 0.7842 0.5182 0.3414 0.9627 0.3586 0.0000 765.985 22.322 322.320
47 0.000000 0 0.7841 0.5183 0.3413 0.9627 0.3586 0.0000 766.045 22.325 322.273
48 0.000000 0 0.7841 0.5183 0.3413 0.9627 0.3586 0.0000 766.056 22.326 322.264
49 0.000000 0 0.7841 0.5183 0.3413 0.9627 0.3586 0.0000 766.068 22.328 322.254
50 0.000000 0 0.7841 0.5184 0.3413 0.9627 0.3586 0.0000 766.116 22.334 322.214
51 0.000000 0 0.7840 0.5184 0.3413 0.9627 0.3586 0.0000 766.172 22.342 322.167
52 0.000000 0 0.7840 0.5185 0.3413 0.9627 0.3586 0.0000 766.232 22.350 322.115
53 0.000000 0 0.7839 0.5186 0.3413 0.9627 0.3586 0.0000 766.285 22.355 322.069
54 0.000000 0 0.7839 0.5187 0.3413 0.9627 0.3586 0.0000 766.328 22.356 322.031
55 0.000000 0 0.7839 0.5187 0.3413 0.9627 0.3586 0.0000 766.376 22.355 321.989
56 0.000000 0 0.7838 0.5188 0.3413 0.9627 0.3586 0.0000 766.423 22.352 321.948
57 0.000000 0 0.7838 0.5188 0.3413 0.9627 0.3586 0.0000 766.467 22.346 321.909
58 0.000000 0 0.7838 0.5188 0.3413 0.9627 0.3586 0.0000 766.478 22.345 321.901
59 0.000000 0 0.7838 0.5189 0.3413 0.9627 0.3586 0.0000 766.527 22.338 321.859
60 0.000000 0 0.7837 0.5189 0.3413 0.9627 0.3586 0.0000 766.559 22.333 321.832
61 0.000000 0 0.7837 0.5190 0.3412 0.9627 0.3586 0.0000 766.599 22.328 321.799
62 0.000000 0 0.7837 0.5190 0.3412 0.9627 0.3586 0.0000 766.636 22.324 321.769
63 0.000000 0 0.7836 0.5191 0.3412 0.9627 0.3586 0.0000 766.685 22.322 321.731
64 0.000000 0 0.7836 0.5192 0.3412 0.9627 0.3586 0.0000 766.732 22.322 321.694
65 0.000000 0 0.7836 0.5192 0.3412 0.9627 0.3586 0.0000 766.780 22.324 321.658
66 0.000000 0 0.7835 0.5193 0.3412 0.9627 0.3586 0.0000 766.821 22.328 321.628
67 0.000000 0 0.7835 0.5193 0.3412 0.9627 0.3586 0.0000 766.830 22.329 321.621
68 0.000000 0 0.7835 0.5193 0.3412 0.9627 0.3586 0.0000 766.881 22.335 321.585
69 0.000000 0 0.7835 0.5194 0.3412 0.9627 0.3586 0.0000 766.927 22.341 321.553
70 0.000000 0 0.7834 0.5195 0.3412 0.9627 0.3586 0.0000 766.972 22.347 321.522
71 0.000000 0 0.7834 0.5195 0.3412 0.9627 0.3586 0.0000 767.029 22.353 321.484
72 0.000000 0 0.7834 0.5196 0.3412 0.9627 0.3586 0.0000 767.078 22.356 321.451
73 0.000000 0 0.7833 0.5196 0.3412 0.9627 0.3586 0.0000 767.137 22.356 321.412
74 0.000000 0 0.7833 0.5197 0.3411 0.9627 0.3586 0.0000 767.196 22.353 321.372
75 0.000000 0 0.7832 0.5198 0.3411 0.9627 0.3586 0.0000 767.250 22.347 321.336
76 0.000000 0 0.7832 0.5198 0.3411 0.9627 0.3586 0.0000 767.256 22.347 321.332
77 0.000000 0 0.7832 0.5198 0.3411 0.9627 0.3586 0.0000 767.266 22.345 321.325
78 0.000000 0 0.7832 0.5198 0.3411 0.9627 0.3586 0.0000 767.278 22.344 321.317
79 0.000000 0 0.7832 0.5199 0.3411 0.9627 0.3586 0.0000 767.325 22.338 321.284
80 0.000000 0 0.7831 0.5199 0.3411 0.9627 0.3586 0.0000 767.379 22.331 321.246
81 0.000000 0 0.7831 0.5200 0.3411 0.9627 0.3586 0.0000 767.417 22.326 321.220
82 0.000000 0 0.7831 0.5200 0.3411 0.9627 0.3586 0.0000 767.423 22.326 321.226
83 0.000000 0 0.7830 0.5201 0.3411 0.9627 0.3586 0.0000 767.430 22.326 321.233
84 0.000000 0 0.7830 0.5202 0.3411 0.9627 0.3586 0.0000 767.435 22.326 321.238
85 0.000000 0 0.7829 0.5203 0.3411 0.9627 0.3586 0.0000 767.441 22.327 321.243
86 0.000000 0 0.7829 0.5203 0.3411 0.9627 0.3586 0.0000 767.447 22.327 321.249
87 0.000000 0 0.7829 0.5203 0.3411 0.9627 0.3586 0.0000 767.447 22.327 321.250
88 0.000000 0 0.7829 0.5204 0.3411 0.9627 0.3586 0.0000 767.449 22.328 321.252
89 0.000000 0 0.7828 0.5204 0.3411 0.9627 0.3586 0.0000 767.455 22.329 321.257
90 0.000000 0 0.7828 0.5205 0.3410 0.9627 0.3586 0.0000 767.459 22.330 321.262
91 0.000000 0 0.7827 0.5206 0.3410 0.9627 0.3586 0.0000 767.466 22.331 321.267
92 0.000000 0 0.7827 0.5207 0.3410 0.9627 0.3586 0.0000 767.471 22.333 321.273
93 0.000000 0 0.7827 0.5207 0.3410 0.9627 0.3586 0.0000 767.476 22.334 321.277
94 0.000000 0 0.7826 0.5208 0.3410 0.9627 0.3586 0.0000 767.480 22.335 321.281
95 0.000000 0 0.7826 0.5208 0.3410 0.9627 0.3586 0.0000 767.484 22.336 321.285
96 0.000000 0 0.7826 0.5209 0.3410 0.9627 0.3586 0.0000 767.488 22.337 321.289
97 0.000000 0 0.7825 0.5209 0.3410 0.9627 0.3586 0.0000 767.488 22.338 321.289
98 0.000000 0 0.7825 0.5209 0.3410 0.9627 0.3586 0.0000 767.489 22.338 321.290
99 0.000000 0 0.7825 0.5210 0.3410 0.9627 0.3586 0.0000 767.490 22.339 321.291
100 0.000000 0 0.7825 0.5210 0.3410 0.9627 0.3586 0.0000 767.490 22.341 321.289
101 0.000000 0 0.7824 0.5211 0.3410 0.9627 0.3586 0.0000 767.494 22.347 321.293
102 0.000000 0 0.7824 0.5212 0.3410 0.9627 0.3586 0.0000 767.498 22.352 321.297
103 0.000000 0 0.7824 0.5212 0.3409 0.9627 0.3586 0.0000 767.502 22.353 321.301
104 0.000000 0 0.7823 0.5213 0.3409 0.9627 0.3586 0.0000 767.505 22.353 321.304
105 0.000000 0 0.7823 0.5213 0.3409 0.9627 0.3586 0.0000 767.509 22.354 321.308
106 0.000000 0 0.7823 0.5214 0.3409 0.9627 0.3586 0.0000 767.513 22.355 321.312
107 0.000000 0 0.7822 0.5214 0.3409 0.9627 0.3586 0.0000 767.514 22.355 321.313
108 0.000000 0 0.7822 0.5214 0.3409 0.9627 0.3586 0.0000 767.515 22.355 321.314
109 0.000000 0 0.7822 0.5215 0.3409 0.9627 0.3586 0.0000 767.519 22.356 321.318
110 0.000000 0 0.7822 0.5215 0.3409 0.9627 0.3586 0.0000 767.522 22.356 321.321
111 0.000000 0 0.7821 0.5216 0.3409 0.9627 0.3586 0.0000 767.525 22.356 321.324
112 0.000000 0 0.7821 0.5217 0.3409 0.9627 0.3586 0.0000 767.529 22.356 321.328
113 0.000000 0 0.7821 0.5217 0.3409 0.9627 0.3586 0.0000 767.533 22.356 321.332
114 0.000000 0 0.7820 0.5218 0.3409 0.9627 0.3586 0.0000 767.536 22.356 321.335
115 0.000000 0 0.7820 0.5218 0.3409 0.9627 0.3586 0.0000 767.540 22.356 321.338
116 0.000000 0 0.7820 0.5219 0.3409 0.9627 0.3586 0.0000 767.542 22.356 321.341
117 0.000000 0 0.7820 0.5219 0.3409 0.9627 0.3586 0.0000 767.543 22.356 321.342
118 0.000000 0 0.7819 0.5219 0.3408 0.9627 0.3586 0.0000 767.545 22.356 321.344
119 0.000000 0 0.7819 0.5220 0.3408 0.9627 0.3586 0.0000 767.549 22.356 321.348
120 0.000000 0 0.7818 0.5221 0.3408 0.9627 0.3586 0.0000 767.553 22.356 321.351
121 0.000000 0 0.7818 0.5221 0.3408 0.9627 0.3586 0.0000 767.556 22.356 321.354
122 0.000000 0 0.7818 0.5222 0.3408 0.9627 0.3586 0.0000 767.559 22.356 321.358
123 0.000000 0 0.7817 0.5222 0.3408 0.9627 0.3586 0.0000 767.562 22.356 321.361
124 0.000000 0 0.7817 0.5223 0.3408 0.9627 0.3586 0.0000 767.564 22.356 321.363
125 0.000000 0 0.7817 0.5223 0.3408 0.9627 0.3586 0.0000 767.567 22.356 321.366
126 0.000000 0 0.7817 0.5224 0.3408 0.9627 0.3586 0.0000 767.567 22.356 321.366
127 0.000000 0 0.7817 0.5224 0.3408 0.9627 0.3586 0.0000 767.568 22.356 321.367
128 0.000000 0 0.7817 0.5224 0.3408 0.9627 0.3586 0.0000 767.569 22.356 321.367
129 0.000000 0 0.7816 0.5225 0.3408 0.9627 0.3586 0.0000 767.572 22.356 321.371
130 0.000000 0 0.7816 0.5225 0.3408 0.9627 0.3586 0.0000 767.575 22.356 321.374
131 0.000000 0 0.7815 0.5226 0.3408 0.9627 0.3586 0.0000 767.578 22.356 321.377
132 0.000000 0 0.7815 0.5227 0.3408 0.9627 0.3586 0.0000 767.582 22.356 321.380
133 0.000000 0 0.7814 0.5228 0.3407 0.9627 0.3586 0.0000 767.586 22.356 321.385
134 0.000000 0 0.7814 0.5228 0.3407 0.9627 0.3586 0.0000 767.589 22.356 321.388
135 0.000000 0 0.7813 0.5229 0.3407 0.9627 0.3586 0.0000 767.592 22.356 321.391
136 0.000000 0 0.7813 0.5230 0.3407 0.9627 0.3586 0.0000 767.595 22.356 321.394
137 0.000000 0 0.7813 0.5230 0.3407 0.9627 0.3586 0.0000 767.595 22.356 321.394
138 0.000000 0 0.7813 0.5230 0.3407 0.9627 0.3586 0.0000 767.596 22.356 321.394
139 0.000000 0 0.7813 0.5230 0.3407 0.9627 0.3586 0.0000 767.596 22.356 321.395
140 0.000000 0 0.7813 0.5230 0.3407 0.9627 0.3586 0.0000 767.597 22.356 321.396
141 0.000000 0 0.7813 0.5230 0.3407 0.9627 0.3586 0.0000 767.597 22.356 321.396
142 0.000000 0 0.7813 0.5230 0.3407 0.9627 0.3586 0.0000 767.598 22.356 321.397
143 0.000000 0 0.7812 0.5231 0.3407 0.9627 0.3586 0.0000 767.599 22.356 321.397
144 0.000000 0 0.7812 0.5231 0.3407 0.9627 0.3586 0.0000 767.599 22.356 321.398
145 0.000000 0 0.7812 0.5231 0.3407 0.9627 0.3586 0.0000 767.600 22.356 321.398
146 0.000000 0 0.7812 0.5231 0.3407 0.9627 0.3586 0.0000 767.600 22.356 321.399
147 0.000000 0 0.7812 0.5231 0.3407 0.9627 0.3586 0.0000 767.601 22.356 321.400
148 0.000000 0 0.7812 0.5231 0.3407 0.9627 0.3586 0.0000 767.602 22.356 321.400
149 0.000000 0 0.7812 0.5231 0.3407 0.9627 0.3586 0.0000 767.602 22.356 321.401
150 0.000000 0 0.7812 0.5232 0.3407 0.9627 0.3586 0.0000 767.603 22.356 321.401
151 0.000000 0 0.7812 0.5232 0.3407 0.9627 0.3586 0.0000 767.603 22.356 321.402
152 0.000000 0 0.7812 0.5232 0.3407 0.9627 0.3586 0.0000 767.604 22.356 321.403
153 0.000000 0 0.7812 0.5232 0.3407 0.9627 0.3586 0.0000 767.604 22.356 321.403
154 0.000000 0 0.7811 0.5232 0.3407 0.9627 0.3586 0.0000 767.605 22.356 321.404
155 0.000000 0 0.7811 0.5232 0.3407 0.9627 0.3586 0.0000 767.606 22.356 321.404
156 0.000000 0 0.7811 0.5232 0.3407 0.9627 0.3586 0.0000 767.606 22.356 321.405
157 0.000000 0 0.7811 0.5233 0.3407 0.9627 0.3586 0.0000 767.606 22.380 321.406
158 0.000000 0 0.7811 0.5233 0.3407 0.9627 0.3586 0.0000 767.606 22.418 321.408
159 0.000000 0 0.7811 0.5233 0.3407 0.9627 0.3586 0.0000 767.605 22.449 321.409
160 0.000000 0 0.7811 0.5233 0.3407 0.9627 0.3586 0.0000 767.605 22.483 321.410
161 0.000000 0 0.7811 0.5233 0.3407 0.9627 0.3586 0.0000 767.605 22.517 321.412
162 0.000000 0 0.7811 0.5233 0.3407 0.9627 0.3586 0.0000 767.605 22.550 321.413
163 0.000000 0 0.7811 0.5233 0.3407 0.9627 0.3586 0.0000 767.604 22.582 321.414
164 0.000000 0 0.7811 0.5234 0.3407 0.9627 0.3586 0.0000 767.604 22.613 321.416
165 0.000000 0 0.7810 0.5234 0.3407 0.9627 0.3586 0.0000 767.604 22.644 321.417
166 0.000000 0 0.7810 0.5234 0.3407 0.9627 0.3586 0.0000 767.604 22.674 321.418
167 0.000000 0 0.7810 0.5234 0.3406 0.9627 0.3586 0.0000 767.604 22.703 321.420
168 0.000000 0 0.7810 0.5234 0.3406 0.9627 0.3586 0.0000 767.603 22.731 321.421
169 0.000000 0 0.7810 0.5234 0.3406 0.9627 0.3586 0.0000 767.603 22.759 321.422
170 0.000000 0 0.7810 0.5235 0.3406 0.9627 0.3586 0.0000 767.603 22.787 321.423
171 0.000000 0 0.7810 0.5235 0.3406 0.9627 0.3586 0.0000 767.603 22.813 321.424
172 0.000000 0 0.7810 0.5235 0.3406 0.9627 0.3586 0.0000 767.603 22.839 321.426
173 0.000000 0 0.7810 0.5235 0.3406 0.9627 0.3586 0.0000 767.603 22.864 321.427
174 0.000000 0 0.7810 0.5235 0.3406 0.9627 0.3586 0.0000 767.603 22.889 321.428
175 0.000000 0 0.7810 0.5235 0.3406 0.9627 0.3586 0.0000 767.603 22.913 321.429
176 0.000000 0 0.7809 0.5235 0.3406 0.9627 0.3586 0.0000 767.603 22.936 321.430
177 0.000000 0 0.7809 0.5236 0.3406 0.9627 0.3586 0.0000 767.603 22.958 321.431
178 0.000000 0 0.7809 0.5236 0.3406 0.9627 0.3586 0.0000 767.603 22.980 321.432
179 0.000000 0 0.7809 0.5236 0.3406 0.9627 0.3586 0.0000 767.602 23.001 321.433
180 0.000000 0 0.7809 0.5236 0.3406 0.9627 0.3586 0.0000 767.602 23.021 321.434
181 0.000000 0 0.7809 0.5236 0.3406 0.9627 0.3586 0.0000 767.603 23.041 321.435
182 0.000000 0 0.7809 0.5236 0.3406 0.9627 0.3586 0.0000 767.603 23.061 321.436
183 0.000000 0 0.7809 0.5236 0.3406 0.9627 0.3586 0.0000 767.603 23.078 321.437
184 0.000000 0 0.7809 0.5237 0.3406 0.9627 0.3586 0.0000 767.603 23.097 321.438
185 0.000000 0 0.7809 0.5237 0.3406 0.9627 0.3586 0.0000 767.603 23.114 321.439
186 0.000000 0 0.7809 0.5237 0.3406 0.9627 0.3586 0.0000 767.603 23.129 321.440
187 0.000000 0 0.7808 0.5237 0.3406 0.9627 0.3586 0.0000 767.603 23.146 321.441
188 0.000000 0 0.7808 0.5237 0.3406 0.9627 0.3586 0.0000 767.603 23.160 321.442
189 0.000000 0 0.7808 0.5237 0.3406 0.9627 0.3586 0.0000 767.603 23.175 321.443
190 0.000000 0 0.7808 0.5237 0.3406 0.9627 0.3586 0.0000 767.603 23.188 321.443
191 0.000000 0 0.7808 0.5238 0.3406 0.9627 0.3586 0.0000 767.604 23.201 321.444
192 0.000000 0 0.7808 0.5238 0.3406 0.9627 0.3586 0.0000 767.604 23.213 321.445
193 0.000000 0 0.7808 0.5238 0.3406 0.9627 0.3586 0.0000 767.604 23.225 321.446
194 0.000000 0 0.7808 0.5238 0.3406 0.9627 0.3586 0.0000 767.604 23.236 321.447
195 0.000000 0 0.7808 0.5238 0.3406 0.9627 0.3586 0.0000 767.604 23.247 321.447
196 0.000000 0 0.7808 0.5238 0.3406 0.9627 0.3586 0.0000 767.605 23.265 321.449
197 0.000000 0 0.7807 0.5239 0.3406 0.9627 0.3586 0.0000 767.605 23.280 321.450
198 0.000000 0 0.7807 0.5239 0.3406 0.9627 0.3586 0.0000 767.606 23.293 321.451
199 0.000000 0 0.7807 0.5239 0.3406 0.9627 0.3586 0.0000 767.606 23.294 321.452
200 0.000000 0 0.7807 0.5239 0.3406 0.9627 0.3586 0.0000 767.607 23.307 321.453
201 0.000000 0 0.7807 0.5240 0.3406 0.9627 0.3586 0.0000 767.607 23.310 321.454
202 0.000000 0 0.7807 0.5240 0.3406 0.9627 0.3586 0.0000 767.608 23.313 321.454
203 0.000000 0 0.7807 0.5240 0.3406 0.9627 0.3586 0.0000 767.608 23.315 321.455
204 0.000000 0 0.7807 0.5240 0.3406 0.9627 0.3586 0.0000 767.609 23.317 321.455
205 0.000000 0 0.7807 0.5240 0.3406 0.9627 0.3586 0.0000 767.609 23.317 321.456
206 0.000000 0 0.7806 0.5240 0.3406 0.9627 0.3586 0.0000 767.609 23.317 321.456
207 0.000000 0 0.7806 0.5240 0.3406 0.9627 0.3586 0.0000 767.610 23.316 321.457
208 0.000000 0 0.7806 0.5241 0.3406 0.9627 0.3586 0.0000 767.610 23.315 321.457
209 0.000000 0 0.7806 0.5241 0.3406 0.9627 0.3586 0.0000 767.611 23.313 321.457
210 0.000000 0 0.7806 0.5241 0.3406 0.9627 0.3586 0.0000 767.611 23.309 321.458
211 0.000000 0 0.7806 0.5241 0.3406 0.9627 0.3586 0.0000 767.612 23.306 321.458
212 0.000000 0 0.7806 0.5241 0.3406 0.9627 0.3586 0.0000 767.612 23.302 321.458
213 0.000000 0 0.7806 0.5241 0.3406 0.9627 0.3586 0.0000 767.613 23.297 321.459
214 0.000000 0 0.7806 0.5242 0.3405 0.9627 0.3586 0.0000 767.614 23.291 321.459
215 0.000000 0 0.7806 0.5242 0.3405 0.9627 0.3586 0.0000 767.614 23.284 321.459
216 0.000000 0 0.7806 0.5242 0.3405 0.9627 0.3586 0.0000 767.615 23.278 321.460
217 0.000000 0 0.7805 0.5242 0.3405 0.9627 0.3586 0.0000 767.615 23.269 321.460
218 0.000000 0 0.7805 0.5242 0.3405 0.9627 0.3586 0.0000 767.616 23.261 321.460
219 0.000000 0 0.7805 0.5242 0.3405 0.9627 0.3586 0.0000 767.617 23.242 321.461
220 0.000000 0 0.7805 0.5242 0.3405 0.9627 0.3586 0.0000 767.617 23.241 321.461
221 0.000000 0 0.7805 0.5243 0.3405 0.9627 0.3586 0.0000 767.619 23.220 321.461
222 0.000000 0 0.7805 0.5243 0.3405 0.9627 0.3586 0.0000 767.620 23.196 321.461
223 0.000000 0 0.7805 0.5243 0.3405 0.9627 0.3586 0.0000 767.620 23.194 321.462
224 0.000000 0 0.7805 0.5243 0.3405 0.9627 0.3586 0.0000 767.622 23.169 321.461
225 0.000000 0 0.7805 0.5243 0.3405 0.9627 0.3586 0.0000 767.622 23.154 321.461
226 0.000000 0 0.7804 0.5244 0.3405 0.9627 0.3586 0.0000 767.624 23.123 321.462
227 0.000000 0 0.7804 0.5244 0.3405 0.9627 0.3586 0.0000 767.624 23.120 321.462
228 0.000000 0 0.7804 0.5244 0.3405 0.9627 0.3586 0.0000 767.626 23.089 321.461
229 0.000000 0 0.7804 0.5244 0.3405 0.9627 0.3586 0.0000 767.627 23.053 321.462
230 0.000000 0 0.7804 0.5244 0.3405 0.9627 0.3586 0.0000 767.627 23.051 321.462
231 0.000000 0 0.7804 0.5245 0.3405 0.9627 0.3586 0.0000 767.629 23.014 321.461
232 0.000000 0 0.7804 0.5245 0.3405 0.9627 0.3586 0.0000 767.631 22.971 321.461
233 0.000000 0 0.7804 0.5245 0.3405 0.9627 0.3586 0.0000 767.631 22.968 321.461
234 0.000000 0 0.7803 0.5245 0.3405 0.9627 0.3586 0.0000 767.633 22.902 321.461
235 0.000000 0 0.7803 0.5245 0.3405 0.9627 0.3586 0.0000 767.633 22.899 321.461
236 0.000000 0 0.7803 0.5246 0.3405 0.9627 0.3586 0.0000 767.637 22.828 321.460
237 0.000000 0 0.7803 0.5246 0.3405 0.9627 0.3586 0.0000 767.637 22.824 321.460
238 0.000000 0 0.7803 0.5246 0.3405 0.9627 0.3586 0.0000 767.639 22.776 321.460
239 0.000000 0 0.7803 0.5246 0.3405 0.9627 0.3586 0.0000 767.640 22.748 321.459
240 0.000000 0 0.7803 0.5246 0.3405 0.9627 0.3586 0.0000 767.642 22.413 321.459
241 0.000000 0 0.7803 0.5246 0.3405 0.9627 0.3586 0.0000 767.642 22.380 321.459
242 0.000000 0 0.7803 0.5247 0.3405 0.9627 0.3586 0.0000 767.651 22.350 321.452
243 0.000000 0 0.7802 0.5247 0.3405 0.9627 0.3586 0.0000 767.651 22.350 321.452
244 0.000000 0 0.7802 0.5247 0.3405 0.9627 0.3586 0.0000 767.653 22.335 321.451
245 0.000000 0 0.7802 0.5247 0.3405 0.9627 0.3586 0.0000 767.653 22.334 321.451
246 0.000000 0 0.7802 0.5247 0.3405 0.9627 0.3586 0.0000 767.654 22.315 321.452
247 0.000000 0 0.7802 0.5247 0.3405 0.9627 0.3586 0.0000 767.654 22.313 321.452
248 0.000000 0 0.7802 0.5248 0.3405 0.9627 0.3586 0.0000 767.654 22.296 321.453
249 0.000000 0 0.7802 0.5248 0.3405 0.9627 0.3586 0.0000 767.654 22.295 321.453
250 0.000000 0 0.7802 0.5248 0.3405 0.9627 0.3586 0.0000 767.655 22.290 321.453
251 0.000000 0 0.7802 0.5248 0.3405 0.9627 0.3586 0.0000 767.655 22.285 321.454
252 0.000000 0 0.7802 0.5248 0.3405 0.9627 0.3586 0.0000 767.655 22.282 321.454
253 0.000000 0 0.7802 0.5248 0.3405 0.9627 0.3586 0.0000 767.656 22.281 321.454
254 0.000000 0 0.7802 0.5248 0.3405 0.9627 0.3586 0.0000 767.656 22.281 321.455
255 0.000000 0 0.7801 0.5249 0.3405 0.9627 0.3586 0.0000 767.656 22.282 321.455
256 0.000000 0 0.7801 0.5249 0.3405 0.9627 0.3586 0.0000 767.657 22.285 321.455
257 0.000000 0 0.7801 0.5249 0.3404 0.9627 0.3586 0.0000 767.657 22.288 321.456
258 0.000000 0 0.7801 0.5249 0.3404 0.9627 0.3586 0.0000 767.658 22.292 321.456
259 0.000000 0 0.7801 0.5249 0.3404 0.9627 0.3586 0.0000 767.658 22.297 321.457
260 0.000000 0 0.7801 0.5249 0.3404 0.9627 0.3586 0.0000 767.658 22.302 321.457
261 0.000000 0 0.7801 0.5250 0.3404 0.9627 0.3586 0.0000 767.659 22.319 321.458
262 0.000000 0 0.7801 0.5250 0.3404 0.9627 0.3586 0.0000 767.660 22.324 321.458
263 0.000000 0 0.7801 0.5250 0.3404 0.9627 0.3586 0.0000 767.660 22.329 321.459
264 0.000000 0 0.7800 0.5250 0.3404 0.9627 0.3586 0.0000 767.660 22.334 321.459
265 0.000000 0 0.7800 0.5250 0.3404 0.9627 0.3586 0.0000 767.661 22.339 321.459
266 0.000000 0 0.7800 0.5250 0.3404 0.9627 0.3586 0.0000 767.661 22.342 321.460
267 0.000000 0 0.7800 0.5251 0.3404 0.9627 0.3586 0.0000 767.661 22.346 321.460
268 0.000000 0 0.7800 0.5251 0.3404 0.9627 0.3586 0.0000 767.662 22.348 321.460
269 0.000000 0 0.7800 0.5251 0.3404 0.9627 0.3586 0.0000 767.662 22.350 321.461
270 0.000000 0 0.7800 0.5251 0.3404 0.9627 0.3586 0.0000 767.663 22.351 321.461
271 0.000000 0 0.7800 0.5251 0.3404 0.9627 0.3586 0.0000 767.663 22.352 321.461
272 0.000000 0 0.7800 0.5251 0.3404 0.9627 0.3586 0.0000 767.663 22.353 321.462
273 0.000000 0 0.7800 0.5251 0.3404 0.9627 0.3586 0.0000 767.664 22.354 321.462
274 0.000000 0 0.7800 0.5252 0.3404 0.9627 0.3586 0.0000 767.664 22.354 321.463
275 0.000000 0 0.7799 0.5252 0.3404 0.9627 0.3586 0.0000 767.664 22.355 321.463
276 0.000000 0 0.7799 0.5252 0.3404 0.9627 0.3586 0.0000 767.665 22.355 321.463
277 0.000000 0 0.7799 0.5252 0.3404 0.9627 0.3586 0.0000 767.665 22.356 321.464
278 0.000000 0 0.7799 0.5252 0.3404 0.9627 0.3586 0.0000 767.665 22.356 321.464
279 0.000000 0 0.7799 0.5252 0.3404 0.9627 0.3586 0.0000 767.666 22.356 321.464
280 0.000000 0 0.7799 0.5252 0.3404 0.9627 0.3586 0.0000 767.666 22.356 321.465
281 0.000000 0 0.7799 0.5253 0.3404 0.9627 0.3586 0.0000 767.666 22.356 321.465
282 0.000000 0 0.7799 0.5253 0.3404 0.9627 0.3586 0.0000 767.667 22.356 321.465
283 0.000000 0 0.7799 0.5253 0.3404 0.9627 0.3586 0.0000 767.667 22.356 321.466
284 0.000000 0 0.7799 0.5253 0.3404 0.9627 0.3586 0.0000 767.667 22.356 321.466
285 0.000000 0 0.7799 0.5253 0.3404 0.9627 0.3586 0.0000 767.668 22.356 321.466
286 0.000000 0 0.7798 0.5253 0.3404 0.9627 0.3586 0.0000 767.668 22.356 321.466
287 0.000000 0 0.7798 0.5253 0.3404 0.9627 0.3586 0.0000 767.668 22.356 321.467
288 0.000000 0 0.7798 0.5254 0.3404 0.9627 0.3586 0.0000 767.669 22.356 321.467
289 0.000000 0 0.7798 0.5254 0.3404 0.9627 0.3586 0.0000 767.669 22.356 321.467
290 0.000000 0 0.7798 0.5254 0.3404 0.9627 0.3586 0.0000 767.669 22.356 321.468
291 0.000000 0 0.7798 0.5254 0.3404 0.9627 0.3586 0.0000 767.670 22.356 321.468
292 0.000000 0 0.7798 0.5254 0.3404 0.9627 0.3586 0.0000 767.670 22.356 321.468
293 0.000000 0 0.7798 0.5254 0.3404 0.9627 0.3586 0.0000 767.670 22.356 321.469
294 0.000000 0 0.7798 0.5254 0.3404 0.9627 0.3586 0.0000 767.670 22.356 321.469
295 0.000000 0 0.7798 0.5255 0.3404 0.9627 0.3586 0.0000 767.671 22.356 321.469
296 0.000000 0 0.7798 0.5255 0.3404 0.9627 0.3586 0.0000 767.671 22.356 321.470
297 0.000000 0 0.7797 0.5255 0.3404 0.9627 0.3586 0.0000 767.671 22.356 321.470
298 0.000000 0 0.7797 0.5255 0.3404 0.9627 0.3586 0.0000 767.672 22.356 321.470
299 0.000000 0 0.7797 0.5255 0.3404 0.9627 0.3586 0.0000 767.672 22.356 321.471
300 0.000000 0 0.7797 0.5255 0.3404 0.9627 0.3586 0.0000 767.672 22.356 321.471
301 0.000000 0 0.7797 0.5256 0.3404 0.9627 0.3586 0.0000 767.673 22.356 321.471
302 0.000000 0 0.7797 0.5256 0.3404 0.9627 0.3586 0.0000 767.673 22.356 321.472
303 0.000000 0 0.7797 0.5256 0.3404 0.9627 0.3586 0.0000 767.673 22.356 321.472
304 0.000000 0 0.7797 0.5256 0.3404 0.9627 0.3586 0.0000 767.674 22.356 321.472
305 0.000000 0 0.7797 0.5256 0.3404 0.9627 0.3586 0.0000 767.674 22.356 321.472
306 0.000000 0 0.7797 0.5256 0.3403 0.9627 0.3586 0.0000 767.674 22.356 321.473
307 0.000000 0 0.7797 0.5256 0.3403 0.9627 0.3586 0.0000 767.674 22.356 321.473
308 0.000000 0 0.7797 0.5257 0.3403 0.9627 0.3586 0.0000 767.675 22.356 321.473
309 0.000000 0 0.7796 0.5257 0.3403 0.9627 0.3586 0.0000 767.675 22.356 321.474
310 0.000000 0 0.7796 0.5257 0.3403 0.9627 0.3586 0.0000 767.675 22.356 321.474
311 0.000000 0 0.7796 0.5257 0.3403 0.9627 0.3586 0.0000 767.676 22.356 321.474
312 0.000000 0 0.7796 0.5257 0.3403 0.9627 0.3586 0.0000 767.676 22.356 321.474
313 0.000000 0 0.7796 0.5257 0.3403 0.9627 0.3586 0.0000 767.676 22.356 321.475
314 0.000000 0 0.7796 0.5257 0.3403 0.9627 0.3586 0.0000 767.677 22.356 321.475
315 0.000000 0 0.7796 0.5258 0.3403 0.9627 0.3586 0.0000 767.677 22.356 321.475
316 0.000000 0 0.7796 0.5258 0.3403 0.9627 0.3586 0.0000 767.677 22.356 321.476
317 0.000000 0 0.7796 0.5258 0.3403 0.9627 0.3586 0.0000 767.677 22.356 321.476
318 0.000000 0 0.7796 0.5258 0.3403 0.9627 0.3586 0.0000 767.678 22.356 321.476
319 0.000000 0 0.7796 0.5258 0.3403 0.9627 0.3586 0.0000 767.678 22.356 321.477
320 0.000000 0 0.7795 0.5258 0.3403 0.9627 0.3586 0.0000 767.678 22.356 321.477
321 0.000000 0 0.7795 0.5258 0.3403 0.9627 0.3586 0.0000 767.679 22.356 321.477
322 0.000000 0 0.7795 0.5259 0.3403 0.9627 0.3586 0.0000 767.679 22.356 321.477
323 0.000000 0 0.7795 0.5259 0.3403 0.9627 0.3586 0.0000 767.679 22.356 321.478
324 0.000000 0 0.7795 0.5259 0.3403 0.9627 0.3586 0.0000 767.679 22.356 321.478
325 0.000000 0 0.7795 0.5259 0.3403 0.9627 0.3586 0.0000 767.680 22.356 321.478
326 0.000000 0 0.7795 0.5259 0.3403 0.9627 0.3586 0.0000 767.680 22.356 321.478
327 0.000000 0 0.7795 0.5259 0.3403 0.9627 0.3586 0.0000 767.680 22.356 321.479
328 0.000000 0 0.7795 0.5259 0.3403 0.9627 0.3586 0.0000 767.680 22.356 321.479
329 0.000000 0 0.7795 0.5260 0.3403 0.9627 0.3586 0.0000 767.681 22.356 321.479
330 0.000000 0 0.7795 0.5260 0.3403 0.9627 0.3586 0.0000 767.681 22.356 321.480
331 0.000000 0 0.7794 0.5260 0.3403 0.9627 0.3586 0.0000 767.681 22.356 321.480
332 0.000000 0 0.7794 0.5260 0.3403 0.9627 0.3586 0.0000 767.682 22.356 321.480
333 0.000000 0 0.7794 0.5260 0.3403 0.9627 0.3586 0.0000 767.682 22.356 321.480
334 0.000000 0 0.7794 0.5260 0.3403 0.9627 0.3586 0.0000 767.682 22.356 321.481
335 0.000000 0 0.7794 0.5260 0.3403 0.9627 0.3586 0.0000 767.682 22.356 321.481
336 0.000000 0 0.7794 0.5261 0.3403 0.9627 0.3586 0.0000 767.683 22.356 321.481
337 0.000000 0 0.7794 0.5261 0.3403 0.9627 0.3586 0.0000 767.683 22.356 321.481
338 0.000000 0 0.7794 0.5261 0.3403 0.9627 0.3586 0.0000 767.683 22.356 321.482
339 0.000000 0 0.7794 0.5261 0.3403 0.9627 0.3586 0.0000 767.683 22.356 321.482
340 0.000000 0 0.7794 0.5261 0.3403 0.9627 0.3586 0.0000 767.684 22.356 321.482
341 0.000000 0 0.7794 0.5261 0.3403 0.9627 0.3586 0.0000 767.684 22.356 321.483
342 0.000000 0 0.7793 0.5261 0.3403 0.9627 0.3586 0.0000 767.684 22.356 321.483
343 0.000000 0 0.7793 0.5262 0.3403 0.9627 0.3586 0.0000 767.685 22.356 321.483
344 0.000000 0 0.7793 0.5262 0.3403 0.9627 0.3586 0.0000 767.685 22.356 321.483
345 0.000000 0 0.7793 0.5262 0.3403 0.9627 0.3586 0.0000 767.685 22.356 321.484
346 0.000000 0 0.7793 0.5262 0.3403 0.9627 0.3586 0.0000 767.685 22.356 321.484
347 0.000000 0 0.7793 0.5262 0.3403 0.9627 0.3586 0.0000 767.686 22.356 321.484
348 0.000000 0 0.7793 0.5262 0.3403 0.9627 0.3586 0.0000 767.686 22.356 321.484
349 0.000000 0 0.7793 0.5263 0.3403 0.9627 0.3586 0.0000 767.686 22.356 321.485
350 0.000000 0 0.7793 0.5263 0.3403 0.9627 0.3586 0.0000 767.686 22.356 321.485
351 0.000000 0 0.7793 0.5263 0.3403 0.9627 0.3586 0.0000 767.687 22.356 321.485
352 0.000000 0 0.7793 0.5263 0.3403 0.9627 0.3586 0.0000 767.687 22.356 321.485
353 0.000000 0 0.7792 0.5263 0.3403 0.9627 0.3586 0.0000 767.687 22.356 321.486
354 0.000000 0 0.7792 0.5263 0.3403 0.9627 0.3586 0.0000 767.688 22.356 321.486
355 0.000000 0 0.7792 0.5264 0.3403 0.9627 0.3586 0.0000 767.688 22.356 321.486
356 0.000000 0 0.7792 0.5264 0.3402 0.9627 0.3586 0.0000 767.688 22.356 321.487
357 0.000000 0 0.7792 0.5264 0.3402 0.9627 0.3586 0.0000 767.688 22.356 321.487
358 0.000000 0 0.7792 0.5264 0.3402 0.9627 0.3586 0.0000 767.689 22.356 321.487
359 0.000000 0 0.7792 0.5264 0.3402 0.9627 0.3586 0.0000 767.689 22.356 321.487
360 0.000000 0 0.7792 0.5264 0.3402 0.9627 0.3586 0.0000 767.689 22.356 321.488
361 0.000000 0 0.7791 0.5265 0.3402 0.9627 0.3586 0.0000 767.690 22.356 321.488
362 0.000000 0 0.7791 0.5265 0.3402 0.9627 0.3586 0.0000 767.690 22.356 321.489
363 0.000000 0 0.7791 0.5265 0.3402 0.9627 0.3586 0.0000 767.690 22.356 321.489
364 0.000000 0 0.7791 0.5265 0.3402 0.9627 0.3586 0.0000 767.691 22.356 321.489
365 0.000000 0 0.7791 0.5265 0.3402 0.9627 0.3586 0.0000 767.691 22.356 321.490
366 0.000000 0 0.7791 0.5266 0.3402 0.9627 0.3586 0.0000 767.691 22.356 321.490
367 0.000000 0 0.7791 0.5266 0.3402 0.9627 0.3586 0.0000 767.692 22.356 321.490
368 0.000000 0 0.7790 0.5266 0.3402 0.9627 0.3586 0.0000 767.692 22.356 321.491
369 0.000000 0 0.7790 0.5267 0.3402 0.9627 0.3586 0.0000 767.693 22.356 321.491
370 0.000000 0 0.7790 0.5267 0.3402 0.9627 0.3586 0.0000 767.693 22.356 321.492
371 0.000000 0 0.7790 0.5267 0.3402 0.9627 0.3586 0.0000 767.694 22.356 321.492
372 0.000000 0 0.7790 0.5267 0.3402 0.9627 0.3586 0.0000 767.694 22.356 321.492
373 0.000000 0 0.7790 0.5267 0.3402 0.9627 0.3586 0.0000 767.694 22.356 321.492
374 0.000000 0 0.7790 0.5268 0.3402 0.9627 0.3586 0.0000 767.694 22.356 321.493
375 0.000000 0 0.7790 0.5268 0.3402 0.9627 0.3586 0.0000 767.695 22.356 321.493
376 0.000000 0 0.7789 0.5268 0.3402 0.9627 0.3586 0.0000 767.695 22.356 321.494
377 0.000000 0 0.7789 0.5268 0.3402 0.9627 0.3586 0.0000 767.695 22.356 321.494
378 0.000000 0 0.7789 0.5269 0.3402 0.9627 0.3586 0.0000 767.696 22.356 321.494
379 0.000000 0 0.7789 0.5269 0.3402 0.9627 0.3586 0.0000 767.696 22.356 321.495
380 0.000000 0 0.7789 0.5269 0.3402 0.9627 0.3586 0.0000 767.696 22.356 321.495
381 0.000000 0 0.7789 0.5269 0.3402 0.9627 0.3586 0.0000 767.696 22.356 321.495
382 0.000000 0 0.7789 0.5269 0.3402 0.9627 0.3586 0.0000 767.697 22.356 321.495
383 0.000000 0 0.7789 0.5269 0.3402 0.9627 0.3586 0.0000 767.697 22.356 321.495
384 0.000000 0 0.7789 0.5269 0.3402 0.9627 0.3586 0.0000 767.697 22.356 321.496
385 0.000000 0 0.7788 0.5270 0.3402 0.9627 0.3586 0.0000 767.697 22.356 321.496
386 0.000000 0 0.7788 0.5270 0.3402 0.9627 0.3586 0.0000 767.698 22.356 321.496
387 0.000000 0 0.7788 0.5270 0.3402 0.9627 0.3586 0.0000 767.698 22.356 321.496
388 0.000000 0 0.7788 0.5270 0.3402 0.9627 0.3586 0.0000 767.698 22.356 321.496
389 0.000000 0 0.7788 0.5270 0.3402 0.9627 0.3586 0.0000 767.698 22.356 321.497
390 0.000000 0 0.7788 0.5270 0.3402 0.9627 0.3586 0.0000 767.698 22.356 321.497
391 0.000000 0 0.7788 0.5271 0.3402 0.9627 0.3586 0.0000 767.698 22.356 321.497
392 0.000000 0 0.7788 0.5271 0.3402 0.9627 0.3586 0.0000 767.699 22.356 321.497
393 0.000000 0 0.7788 0.5271 0.3402 0.9627 0.3586 0.0000 767.699 22.356 321.497
394 0.000000 0 0.7788 0.5271 0.3401 0.9627 0.3586 0.0000 767.699 22.356 321.498
395 0.000000 0 0.7788 0.5271 0.3401 0.9627 0.3586 0.0000 767.699 22.356 321.498
396 0.000000 0 0.7787 0.5271 0.3401 0.9627 0.3586 0.0000 767.700 22.356 321.498
397 0.000000 0 0.7787 0.5271 0.3401 0.9627 0.3586 0.0000 767.700 22.356 321.498
398 0.000000 0 0.7787 0.5272 0.3401 0.9627 0.3586 0.0000 767.700 22.356 321.498
399 0.000000 0 0.7787 0.5272 0.3401 0.9627 0.3586 0.0000 767.700 22.356 321.499
400 0.000000 0 0.7787 0.5272 0.3401 0.9627 0.3586 0.0000 767.700 22.356 321.499
401 0.000000 0 0.7787 0.5272 0.3401 0.9627 0.3586 0.0000 767.701 22.356 321.499
402 0.000000 0 0.7787 0.5272 0.3401 0.9627 0.3586 0.0000 767.701 22.356 321.499
403 0.000000 0 0.7787 0.5272 0.3401 0.9627 0.3586 0.0000 767.701 22.356 321.499
404 0.000000 0 0.7787 0.5272 0.3401 0.9627 0.3586 0.0000 767.701 22.356 321.500
405 0.000000 0 0.7787 0.5273 0.3401 0.9627 0.3586 0.0000 767.701 22.356 321.500
406 0.000000 0 0.7787 0.5273 0.3401 0.9627 0.3586 0.0000 767.702 22.356 321.500
407 0.000000 0 0.7786 0.5273 0.3401 0.9627 0.3586 0.0000 767.702 22.356 321.500
408 0.000000 0 0.7786 0.5273 0.3401 0.9627 0.3586 0.0000 767.702 22.356 321.500
409 0.000000 0 0.7786 0.5273 0.3401 0.9627 0.3586 0.0000 767.702 22.356 321.501
410 0.000000 0 0.7786 0.5273 0.3401 0.9627 0.3586 0.0000 767.702 22.356 321.501
411 0.000000 0 0.7786 0.5273 0.3401 0.9627 0.3586 0.0000 767.702 22.382 321.502
412 0.000000 0 0.7786 0.5274 0.3401 0.9627 0.3586 0.0000 767.701 22.416 321.503
413 0.000000 0 0.7786 0.5274 0.3401 0.9627 0.3586 0.0000 767.700 22.451 321.504
414 0.000000 0 0.7786 0.5274 0.3401 0.9627 0.3586 0.0000 767.700 22.484 321.505
415 0.000000 0 0.7786 0.5274 0.3401 0.9627 0.3586 0.0000 767.699 22.519 321.506
416 0.000000 0 0.7786 0.5274 0.3401 0.9627 0.3586 0.0000 767.699 22.550 321.507
417 0.000000 0 0.7786 0.5274 0.3401 0.9627 0.3586 0.0000 767.698 22.582 321.508
418 0.000000 0 0.7785 0.5274 0.3401 0.9627 0.3586 0.0000 767.697 22.614 321.509
419 0.000000 0 0.7785 0.5275 0.3401 0.9627 0.3586 0.0000 767.697 22.644 321.510
420 0.000000 0 0.7785 0.5275 0.3401 0.9627 0.3586 0.0000 767.696 22.674 321.511
421 0.000000 0 0.7785 0.5275 0.3401 0.9627 0.3586 0.0000 767.696 22.704 321.512
422 0.000000 0 0.7785 0.5275 0.3401 0.9627 0.3586 0.0000 767.695 22.733 321.512
423 0.000000 0 0.7785 0.5275 0.3401 0.9627 0.3586 0.0000 767.695 22.760 321.513
424 0.000000 0 0.7785 0.5275 0.3401 0.9627 0.3586 0.0000 767.694 22.787 321.514
425 0.000000 0 0.7785 0.5275 0.3401 0.9627 0.3586 0.0000 767.694 22.814 321.515
426 0.000000 0 0.7785 0.5276 0.3401 0.9627 0.3586 0.0000 767.693 22.839 321.516
427 0.000000 0 0.7785 0.5276 0.3401 0.9627 0.3586 0.0000 767.693 22.864 321.517
428 0.000000 0 0.7785 0.5276 0.3401 0.9627 0.3586 0.0000 767.692 22.889 321.517
429 0.000000 0 0.7784 0.5276 0.3401 0.9627 0.3586 0.0000 767.692 22.913 321.518
430 0.000000 0 0.7784 0.5276 0.3401 0.9627 0.3586 0.0000 767.692 22.936 321.519
431 0.000000 0 0.7784 0.5276 0.3401 0.9627 0.3586 0.0000 767.691 22.958 321.520
432 0.000000 0 0.7784 0.5276 0.3401 0.9627 0.3586 0.0000 767.691 22.980 321.520
433 0.000000 0 0.7784 0.5277 0.3401 0.9627 0.3586 0.0000 767.690 23.001 321.521
434 0.000000 0 0.7784 0.5277 0.3401 0.9627 0.3586 0.0000 767.690 23.022 321.522
435 0.000000 0 0.7784 0.5277 0.3401 0.9627 0.3586 0.0000 767.690 23.041 321.522
436 0.000000 0 0.7784 0.5277 0.3401 0.9627 0.3586 0.0000 767.689 23.061 321.523
437 0.000000 0 0.7784 0.5277 0.3401 0.9627 0.3586 0.0000 767.689 23.079 321.524
438 0.000000 0 0.7784 0.5277 0.3401 0.9627 0.3586 0.0000 767.689 23.097 321.524
439 0.000000 0 0.7784 0.5278 0.3401 0.9627 0.3586 0.0000 767.689 23.113 321.525
440 0.000000 0 0.7783 0.5278 0.3401 0.9627 0.3586 0.0000 767.688 23.130 321.526
441 0.000000 0 0.7783 0.5278 0.3401 0.9627 0.3586 0.0000 767.688 23.146 321.526
442 0.000000 0 0.7783 0.5278 0.3401 0.9627 0.3586 0.0000 767.688 23.160 321.527
443 0.000000 0 0.7783 0.5278 0.3401 0.9627 0.3586 0.0000 767.688 23.174 321.527
444 0.000000 0 0.7783 0.5278 0.3401 0.9627 0.3586 0.0000 767.688 23.188 321.528
445 0.000000 0 0.7783 0.5278 0.3400 0.9627 0.3586 0.0000 767.687 23.201 321.528
446 0.000000 0 0.7783 0.5279 0.3400 0.9627 0.3586 0.0000 767.687 23.225 321.529
447 0.000000 0 0.7783 0.5279 0.3400 0.9627 0.3586 0.0000 767.687 23.227 321.529
448 0.000000 0 0.7783 0.5279 0.3400 0.9627 0.3586 0.0000 767.687 23.246 321.530
449 0.000000 0 0.7783 0.5279 0.3400 0.9627 0.3586 0.0000 767.687 23.247 321.530
450 0.000000 0 0.7783 0.5279 0.3400 0.9627 0.3586 0.0000 767.687 23.255 321.530
451 0.000000 0 0.7782 0.5279 0.3400 0.9627 0.3586 0.0000 767.687 23.264 321.531
452 0.000000 0 0.7782 0.5279 0.3400 0.9627 0.3586 0.0000 767.687 23.273 321.531
453 0.000000 0 0.7782 0.5280 0.3400 0.9627 0.3586 0.0000 767.687 23.280 321.531
454 0.000000 0 0.7782 0.5280 0.3400 0.9627 0.3586 0.0000 767.687 23.287 321.532
455 0.000000 0 0.7782 0.5280 0.3400 0.9627 0.3586 0.0000 767.687 23.293 321.532
456 0.000000 0 0.7782 0.5280 0.3400 0.9627 0.3586 0.0000 767.687 23.298 321.532
457 0.000000 0 0.7782 0.5280 0.3400 0.9627 0.3586 0.0000 767.687 23.303 321.533
458 0.000000 0 0.7782 0.5280 0.3400 0.9627 0.3586 0.0000 767.687 23.307 321.533
459 0.000000 0 0.7782 0.5280 0.3400 0.9627 0.3586 0.0000 767.687 23.310 321.533
460 0.000000 0 0.7782 0.5281 0.3400 0.9627 0.3586 0.0000 767.687 23.313 321.533
461 0.000000 0 0.7782 0.5281 0.3400 0.9627 0.3586 0.0000 767.687 23.315 321.533
462 0.000000 0 0.7781 0.5281 0.3400 0.9627 0.3586 0.0000 767.687 23.317 321.534
463 0.000000 0 0.7781 0.5281 0.3400 0.9627 0.3586 0.0000 767.687 23.317 321.534
464 0.000000 0 0.7781 0.5281 0.3400 0.9627 0.3586 0.0000 767.688 23.317 321.534
465 0.000000 0 0.7781 0.5281 0.3400 0.9627 0.3586 0.0000 767.688 23.316 321.534
466 0.000000 0 0.7781 0.5281 0.3400 0.9627 0.3586 0.0000 767.688 23.315 321.534
467 0.000000 0 0.7781 0.5282 0.3400 0.9627 0.3586 0.0000 767.688 23.313 321.534
468 0.000000 0 0.7781 0.5282 0.3400 0.9627 0.3586 0.0000 767.688 23.309 321.534
469 0.000000 0 0.7781 0.5282 0.3400 0.9627 0.3586 0.0000 767.688 23.306 321.535
470 0.000000 0 0.7781 0.5282 0.3400 0.9627 0.3586 0.0000 767.689 23.302 321.535
471 0.000000 0 0.7781 0.5282 0.3400 0.9627 0.3586 0.0000 767.689 23.297 321.535
472 0.000000 0 0.7781 0.5282 0.3400 0.9627 0.3586 0.0000 767.689 23.291 321.535
473 0.000000 0 0.7781 0.5282 0.3400 0.9627 0.3586 0.0000 767.690 23.284 321.535
474 0.000000 0 0.7780 0.5283 0.3400 0.9627 0.3586 0.0000 767.690 23.278 321.535
475 0.000000 0 0.7780 0.5283 0.3400 0.9627 0.3586 0.0000 767.690 23.270 321.535
476 0.000000 0 0.7780 0.5283 0.3400 0.9627 0.3586 0.0000 767.691 23.261 321.534
477 0.000000 0 0.7780 0.5283 0.3400 0.9627 0.3586 0.0000 767.691 23.252 321.534
478 0.000000 0 0.7780 0.5283 0.3400 0.9627 0.3586 0.0000 767.691 23.243 321.535
479 0.000000 0 0.7780 0.5283 0.3400 0.9627 0.3586 0.0000 767.692 23.232 321.534
480 0.000000 0 0.7780 0.5283 0.3400 0.9627 0.3586 0.0000 767.692 23.220 321.534
481 0.000000 0 0.7780 0.5284 0.3400 0.9627 0.3586 0.0000 767.693 23.209 321.534
482 0.000000 0 0.7780 0.5284 0.3400 0.9627 0.3586 0.0000 767.693 23.197 321.534
483 0.000000 0 0.7780 0.5284 0.3400 0.9627 0.3586 0.0000 767.693 23.183 321.534
484 0.000000 0 0.7780 0.5284 0.3400 0.9627 0.3586 0.0000 767.694 23.169 321.533
485 0.000000 0 0.7779 0.5284 0.3400 0.9627 0.3586 0.0000 767.694 23.155 321.533
486 0.000000 0 0.7779 0.5284 0.3400 0.9627 0.3586 0.0000 767.695 23.140 321.533
487 0.000000 0 0.7779 0.5284 0.3400 0.9627 0.3586 0.0000 767.695 23.124 321.533
488 0.000000 0 0.7779 0.5285 0.3400 0.9627 0.3586 0.0000 767.696 23.107 321.532
489 0.000000 0 0.7779 0.5285 0.3400 0.9627 0.3586 0.0000 767.697 23.090 321.532
490 0.000000 0 0.7779 0.5285 0.3400 0.9627 0.3586 0.0000 767.697 23.072 321.532
491 0.000000 0 0.7779 0.5285 0.3400 0.9627 0.3586 0.0000 767.698 23.053 321.532
492 0.000000 0 0.7779 0.5285 0.3400 0.9627 0.3586 0.0000 767.699 23.033 321.531
493 0.000000 0 0.7779 0.5285 0.3400 0.9627 0.3586 0.0000 767.699 23.014 321.531
494 0.000000 0 0.7779 0.5285 0.3400 0.9627 0.3586 0.0000 767.699 22.993 321.531
495 0.000000 0 0.7779 0.5286 0.3400 0.9627 0.3586 0.0000 767.700 22.972 321.531
496 0.000000 0 0.7778 0.5286 0.3399 0.9627 0.3586 0.0000 767.701 22.950 321.530
497 0.000000 0 0.7778 0.5286 0.3399 0.9627 0.3586 0.0000 767.702 22.927 321.529
498 0.000000 0 0.7778 0.5286 0.3399 0.9627 0.3586 0.0000 767.702 22.903 321.530
499 0.000000 0 0.7778 0.5286 0.3399 0.9627 0.3586 0.0000 767.703 22.880 321.529
500 0.000000 0 0.7778 0.5286 0.3399 0.9627 0.3586 0.0000 767.704 22.854 321.528
501 0.000000 0 0.7778 0.5287 0.3399 0.9627 0.3586 0.0000 767.705 22.829 321.528
502 0.000000 0 0.7778 0.5287 0.3399 0.9627 0.3586 0.0000 767.705 22.803 321.528
503 0.000000 0 0.7778 0.5287 0.3399 0.9627 0.3586 0.0000 767.706 22.776 321.527
504 0.000000 0 0.7778 0.5287 0.3399 0.9627 0.3586 0.0000 767.707 22.749 321.526
505 0.000000 0 0.7778 0.5287 0.3399 0.9627 0.3586 0.0000 767.708 22.607 321.525
506 0.000000 0 0.7778 0.5287 0.3399 0.9627 0.3586 0.0000 767.708 22.419 321.526
507 0.000000 0 0.7777 0.5287 0.3399 0.9627 0.3586 0.0000 767.711 22.354 321.522
508 0.000000 0 0.7777 0.5288 0.3399 0.9627 0.3586 0.0000 767.716 22.350 321.518
509 0.000000 0 0.7777 0.5288 0.3399 0.9627 0.3586 0.0000 767.718 22.344 321.517
510 0.000000 0 0.7777 0.5288 0.3399 0.9627 0.3586 0.0000 767.718 22.335 321.517
511 0.000000 0 0.7777 0.5288 0.3399 0.9627 0.3586 0.0000 767.718 22.326 321.517
512 0.000000 0 0.7777 0.5288 0.3399 0.9627 0.3586 0.0000 767.718 22.316 321.517
513 0.000000 0 0.7777 0.5288 0.3399 0.9627 0.3586 0.0000 767.718 22.306 321.517
514 0.000000 0 0.7777 0.5288 0.3399 0.9627 0.3586 0.0000 767.719 22.296 321.517
515 0.000000 0 0.7777 0.5289 0.3399 0.9627 0.3586 0.0000 767.719 22.290 321.517
516 0.000000 0 0.7777 0.5289 0.3399 0.9627 0.3586 0.0000 767.719 22.285 321.517
517 0.000000 0 0.7777 0.5289 0.3399 0.9627 0.3586 0.0000 767.719 22.282 321.517
518 0.000000 0 0.7776 0.5289 0.3399 0.9627 0.3586 0.0000 767.719 22.281 321.517
519 0.000000 0 0.7776 0.5289 0.3399 0.9627 0.3586 0.0000 767.719 22.281 321.518
520 0.000000 0 0.7776 0.5289 0.3399 0.9627 0.3586 0.0000 767.719 22.282 321.518
521 0.000000 0 0.7776 0.5289 0.3399 0.9627 0.3586 0.0000 767.719 22.285 321.518
522 0.000000 0 0.7776 0.5290 0.3399 0.9627 0.3586 0.0000 767.719 22.288 321.518
523 0.000000 0 0.7776 0.5290 0.3399 0.9627 0.3586 0.0000 767.720 22.292 321.518
524 0.000000 0 0.7776 0.5290 0.3399 0.9627 0.3586 0.0000 767.720 22.297 321.518
525 0.000000 0 0.7776 0.5290 0.3399 0.9627 0.3586 0.0000 767.720 22.302 321.518
526 0.000000 0 0.7776 0.5290 0.3399 0.9627 0.3586 0.0000 767.720 22.307 321.518
527 0.000000 0 0.7776 0.5290 0.3399 0.9627 0.3586 0.0000 767.720 22.313 321.519
528 0.000000 0 0.7776 0.5290 0.3399 0.9627 0.3586 0.0000 767.720 22.319 321.519
529 0.000000 0 0.7775 0.5291 0.3399 0.9627 0.3586 0.0000 767.720 22.324 321.519
530 0.000000 0 0.7775 0.5291 0.3399 0.9627 0.3586 0.0000 767.720 22.329 321.519
531 0.000000 0 0.7775 0.5291 0.3399 0.9627 0.3586 0.0000 767.721 22.334 321.519
532 0.000000 0 0.7775 0.5291 0.3399 0.9627 0.3586 0.0000 767.721 22.339 321.519
533 0.000000 0 0.7775 0.5291 0.3399 0.9627 0.3586 0.0000 767.721 22.342 321.519
534 0.000000 0 0.7775 0.5291 0.3399 0.9627 0.3586 0.0000 767.721 22.346 321.519
535 0.000000 0 0.7775 0.5291 0.3399 0.9627 0.3586 0.0000 767.721 22.348 321.520
536 0.000000 0 0.7775 0.5292 0.3399 0.9627 0.3586 0.0000 767.721 22.350 321.520
537 0.000000 0 0.7775 0.5292 0.3399 0.9627 0.3586 0.0000 767.721 22.351 321.520
538 0.000000 0 0.7775 0.5292 0.3399 0.9627 0.3586 0.0000 767.721 22.352 321.520
539 0.000000 0 0.7775 0.5292 0.3399 0.9627 0.3586 0.0000 767.721 22.353 321.520
540 0.000000 0 0.7774 0.5292 0.3399 0.9627 0.3586 0.0000 767.722 22.354 321.520
541 0.000000 0 0.7774 0.5292 0.3399 0.9627 0.3586 0.0000 767.722 22.354 321.520
542 0.000000 0 0.7774 0.5292 0.3399 0.9627 0.3586 0.0000 767.722 22.355 321.520
543 0.000000 0 0.7774 0.5293 0.3399 0.9627 0.3586 0.0000 767.722 22.355 321.520
544 0.000000 0 0.7774 0.5293 0.3399 0.9627 0.3586 0.0000 767.722 22.356 321.521
545 0.000000 0 0.7774 0.5293 0.3399 0.9627 0.3586 0.0000 767.722 22.356 321.521
546 0.000000 0 0.7774 0.5293 0.3399 0.9627 0.3586 0.0000 767.722 22.356 321.521
547 0.000000 0 0.7774 0.5293 0.3398 0.9627 0.3586 0.0000 767.722 22.356 321.521
548 0.000000 0 0.7774 0.5293 0.3398 0.9627 0.3586 0.0000 767.723 22.356 321.521
549 0.000000 0 0.7774 0.5294 0.3398 0.9627 0.3586 0.0000 767.723 22.356 321.521
550 0.000000 0 0.7774 0.5294 0.3398 0.9627 0.3586 0.0000 767.723 22.356 321.521
551 0.000000 0 0.7773 0.5294 0.3398 0.9627 0.3586 0.0000 767.723 22.356 321.521
552 0.000000 0 0.7773 0.5294 0.3398 0.9627 0.3586 0.0000 767.723 22.356 321.521
553 0.000000 0 0.7773 0.5294 0.3398 0.9627 0.3586 0.0000 767.723 22.356 321.522
554 0.000000 0 0.7773 0.5294 0.3398 0.9627 0.3586 0.0000 767.723 22.356 321.522
555 0.000000 0 0.7773 0.5294 0.3398 0.9627 0.3586 0.0000 767.723 22.356 321.522
556 0.000000 0 0.7773 0.5295 0.3398 0.9627 0.3586 0.0000 767.723 22.356 321.522
557 0.000000 0 0.7773 0.5295 0.3398 0.9627 0.3586 0.0000 767.724 22.356 321.522
558 0.000000 0 0.7773 0.5295 0.3398 0.9627 0.3586 0.0000 767.724 22.356 321.522
559 0.000000 0 0.7773 0.5295 0.3398 0.9627 0.3586 0.0000 767.724 22.356 321.522
560 0.000000 0 0.7773 0.5295 0.3398 0.9627 0.3586 0.0000 767.724 22.356 321.522
561 0.000000 0 0.7773 0.5295 0.3398 0.9627 0.3586 0.0000 767.724 22.356 321.522
562 0.000000 0 0.7772 0.5295 0.3398 0.9627 0.3586 0.0000 767.724 22.356 321.523
563 0.000000 0 0.7772 0.5296 0.3398 0.9627 0.3586 0.0000 767.724 22.356 321.523
564 0.000000 0 0.7772 0.5296 0.3398 0.9627 0.3586 0.0000 767.724 22.356 321.523
565 0.000000 0 0.7772 0.5296 0.3398 0.9627 0.3586 0.0000 767.724 22.356 321.523
566 0.000000 0 0.7772 0.5296 0.3398 0.9627 0.3586 0.0000 767.724 22.356 321.523
567 0.000000 0 0.7772 0.5296 0.3398 0.9627 0.3586 0.0000 767.725 22.356 321.523
568 0.000000 0 0.7772 0.5296 0.3398 0.9627 0.3586 0.0000 767.725 22.356 321.523
569 0.000000 0 0.7772 0.5296 0.3398 0.9627 0.3586 0.0000 767.725 22.356 321.523
570 0.000000 0 0.7772 0.5297 0.3398 0.9627 0.3586 0.0000 767.725 22.356 321.523
571 0.000000 0 0.7772 0.5297 0.3398 0.9627 0.3586 0.0000 767.725 22.356 321.523
572 0.000000 0 0.7772 0.5297 0.3398 0.9627 0.3586 0.0000 767.725 22.356 321.524
573 0.000000 0 0.7771 0.5297 0.3398 0.9627 0.3586 0.0000 767.725 22.356 321.524
574 0.000000 0 0.7771 0.5297 0.3398 0.9627 0.3586 0.0000 767.725 22.356 321.524
575 0.000000 0 0.7771 0.5297 0.3398 0.9627 0.3586 0.0000 767.725 22.356 321.524
576 0.000000 0 0.7771 0.5297 0.3398 0.9627 0.3586 0.0000 767.726 22.356 321.524
577 0.000000 0 0.7771 0.5298 0.3398 0.9627 0.3586 0.0000 767.726 22.356 321.524
578 0.000000 0 0.7771 0.5298 0.3398 0.9627 0.3586 0.0000 767.726 22.356 321.524
579 0.000000 0 0.7771 0.5298 0.3398 0.9627 0.3586 0.0000 767.726 22.356 321.524
580 0.000000 0 0.7771 0.5298 0.3398 0.9627 0.3586 0.0000 767.726 22.356 321.524
581 0.000000 0 0.7771 0.5298 0.3398 0.9627 0.3586 0.0000 767.726 22.356 321.524
582 0.000000 0 0.7771 0.5298 0.3398 0.9627 0.3586 0.0000 767.726 22.356 321.525
583 0.000000 0 0.7771 0.5298 0.3398 0.9627 0.3586 0.0000 767.726 22.356 321.525
584 0.000000 0 0.7770 0.5299 0.3398 0.9627 0.3586 0.0000 767.726 22.356 321.525
585 0.000000 0 0.7770 0.5299 0.3398 0.9627 0.3586 0.0000 767.726 22.356 321.525
586 0.000000 0 0.7770 0.5299 0.3398 0.9627 0.3586 0.0000 767.726 22.356 321.525
587 0.000000 0 0.7770 0.5299 0.3398 0.9627 0.3586 0.0000 767.727 22.356 321.525
588 0.000000 0 0.7770 0.5299 0.3398 0.9627 0.3586 0.0000 767.727 22.356 321.525
589 0.000000 0 0.7770 0.5299 0.3398 0.9627 0.3586 0.0000 767.727 22.356 321.525
590 0.000000 0 0.7770 0.5299 0.3398 0.9627 0.3586 0.0000 767.727 22.356 321.525
591 0.000000 0 0.7770 0.5300 0.3398 0.9627 0.3586 0.0000 767.727 22.356 321.525
592 0.000000 0 0.7770 0.5300 0.3398 0.9627 0.3586 0.0000 767.727 22.356 321.526
593 0.000000 0 0.7770 0.5300 0.3398 0.9627 0.3586 0.0000 767.727 22.356 321.526
594 0.000000 0 0.7769 0.5300 0.3398 0.9627 0.3586 0.0000 767.727 22.356 321.526
595 0.000000 0 0.7769 0.5301 0.3397 0.9627 0.3586 0.0000 767.727 22.356 321.526
596 0.000000 0 0.7769 0.5301 0.3397 0.9627 0.3586 0.0000 767.728 22.356 321.526
597 0.000000 0 0.7769 0.5301 0.3397 0.9627 0.3586 0.0000 767.728 22.356 321.526
598 0.000000 0 0.7769 0.5301 0.3397 0.9627 0.3586 0.0000 767.728 22.356 321.526
599 0.000000 0 0.7769 0.5301 0.3397 0.9627 0.3586 0.0000 767.728 22.356 321.526
600 0.000000 0 0.7769 0.5301 0.3397 0.9627 0.3586 0.0000 767.728 22.356 321.527
601 0.000000 0 0.7769 0.5302 0.3397 0.9627 0.3586 0.0000 767.728 22.356 321.527
602 0.000000 0 0.7768 0.5302 0.3397 0.9627 0.3586 0.0000 767.728 22.356 321.527
603 0.000000 0 0.7768 0.5302 0.3397 0.9627 0.3586 0.0000 767.728 22.356 321.527
604 0.000000 0 0.7768 0.5302 0.3397 0.9627 0.3586 0.0000 767.728 22.356 321.527
605 0.000000 0 0.7768 0.5302 0.3397 0.9627 0.3586 0.0000 767.729 22.356 321.527
606 0.000000 0 0.7768 0.5302 0.3397 0.9627 0.3586 0.0000 767.729 22.356 321.527
607 0.000000 0 0.7768 0.5303 0.3397 0.9627 0.3586 0.0000 767.729 22.356 321.527
608 0.000000 0 0.7768 0.5303 0.3397 0.9627 0.3586 0.0000 767.729 22.356 321.527
609 0.000000 0 0.7768 0.5303 0.3397 0.9627 0.3586 0.0000 767.729 22.356 321.527
610 0.000000 0 0.7768 0.5303 0.3397 0.9627 0.3586 0.0000 767.729 22.356 321.527
611 0.000000 0 0.7768 0.5303 0.3397 0.9627 0.3586 0.0000 767.729 22.356 321.527
612 0.000000 0 0.7768 0.5303 0.3397 0.9627 0.3586 0.0000 767.729 22.356 321.528
613 0.000000 0 0.7767 0.5303 0.3397 0.9627 0.3586 0.0000 767.729 22.356 321.528
614 0.000000 0 0.7767 0.5304 0.3397 0.9627 0.3586 0.0000 767.729 22.356 321.528
615 0.000000 0 0.7767 0.5304 0.3397 0.9627 0.3586 0.0000 767.729 22.356 321.528
616 0.000000 0 0.7767 0.5304 0.3397 0.9627 0.3586 0.0000 767.729 22.356 321.528
617 0.000000 0 0.7767 0.5304 0.3397 0.9627 0.3586 0.0000 767.730 22.356 321.528
618 0.000000 0 0.7767 0.5304 0.3397 0.9627 0.3586 0.0000 767.730 22.356 321.528
619 0.000000 0 0.7767 0.5304 0.3397 0.9627 0.3586 0.0000 767.730 22.356 321.528
620 0.000000 0 0.7767 0.5304 0.3397 0.9627 0.3586 0.0000 767.730 22.356 321.528
621 0.000000 0 0.7767 0.5305 0.3397 0.9627 0.3586 0.0000 767.730 22.356 321.528
622 0.000000 0 0.7767 0.5305 0.3397 0.9627 0.3586 0.0000 767.730 22.356 321.528
623 0.000000 0 0.7767 0.5305 0.3397 0.9627 0.3586 0.0000 767.730 22.356 321.529
624 0.000000 0 0.7766 0.5305 0.3397 0.9627 0.3586 0.0000 767.730 22.356 321.529
625 0.000000 0 0.7766 0.5305 0.3397 0.9627 0.3586 0.0000 767.730 22.356 321.529
626 0.000000 0 0.7766 0.5305 0.3397 0.9627 0.3586 0.0000 767.730 22.356 321.529
627 0.000000 0 0.7766 0.5305 0.3397 0.9627 0.3586 0.0000 767.730 22.356 321.529
628 0.000000 0 0.7766 0.5306 0.3397 0.9627 0.3586 0.0000 767.730 22.356 321.529
629 0.000000 0 0.7766 0.5306 0.3397 0.9627 0.3586 0.0000 767.730 22.356 321.529
630 0.000000 0 0.7766 0.5306 0.3397 0.9627 0.3586 0.0000 767.731 22.356 321.529
631 0.000000 0 0.7766 0.5306 0.3397 0.9627 0.3586 0.0000 767.731 22.356 321.529
632 0.000000 0 0.7766 0.5306 0.3397 0.9627 0.3586 0.0000 767.731 22.356 321.529
633 0.000000 0 0.7766 0.5306 0.3397 0.9627 0.3586 0.0000 767.731 22.356 321.529
634 0.000000 0 0.7765 0.5307 0.3397 0.9627 0.3586 0.0000 767.731 22.356 321.530
635 0.000000 0 0.7765 0.5307 0.3397 0.9627 0.3586 0.0000 767.731 22.356 321.530
636 0.000000 0 0.7765 0.5307 0.3397 0.9627 0.3586 0.0000 767.731 22.356 321.530
637 0.000000 0 0.7765 0.5307 0.3397 0.9627 0.3586 0.0000 767.731 22.356 321.530
638 0.000000 0 0.7765 0.5307 0.3397 0.9627 0.3586 0.0000 767.731 22.356 321.530
639 0.000000 0 0.7765 0.5307 0.3397 0.9627 0.3586 0.0000 767.731 22.356 321.530
640 0.000000 0 0.7765 0.5307 0.3397 0.9627 0.3586 0.0000 767.731 22.356 321.530
641 0.000000 0 0.7765 0.5307 0.3397 0.9627 0.3586 0.0000 767.732 22.356 321.530
642 0.000000 0 0.7765 0.5308 0.3397 0.9627 0.3586 0.0000 767.732 22.356 321.530
643 0.000000 0 0.7765 0.5308 0.3397 0.9627 0.3586 0.0000 767.732 22.356 321.530
644 0.000000 0 0.7765 0.5308 0.3396 0.9627 0.3586 0.0000 767.732 22.356 321.530
645 0.000000 0 0.7765 0.5308 0.3396 0.9627 0.3586 0.0000 767.732 22.356 321.530
646 0.000000 0 0.7764 0.5308 0.3396 0.9627 0.3586 0.0000 767.732 22.356 321.530
647 0.000000 0 0.7764 0.5308 0.3396 0.9627 0.3586 0.0000 767.732 22.356 321.531
648 0.000000 0 0.7764 0.5308 0.3396 0.9627 0.3586 0.0000 767.732 22.356 321.531
649 0.000000 0 0.7764 0.5309 0.3396 0.9627 0.3586 0.0000 767.732 22.356 321.531
650 0.000000 0 0.7764 0.5309 0.3396 0.9627 0.3586 0.0000 767.732 22.356 321.531
651 0.000000 0 0.7764 0.5309 0.3396 0.9627 0.3586 0.0000 767.732 22.356 321.531
652 0.000000 0 0.7764 0.5310 0.3396 0.9627 0.3586 0.0000 767.733 22.356 321.531
653 0.000000 0 0.7764 0.5310 0.3396 0.9627 0.3586 0.0000 767.733 22.356 321.531
654 0.000000 0 0.7763 0.5310 0.3396 0.9627 0.3586 0.0000 767.733 22.356 321.531
655 0.000000 0 0.7763 0.5310 0.3396 0.9627 0.3586 0.0000 767.733 22.356 321.531
656 0.000000 0 0.7763 0.5310 0.3396 0.9627 0.3586 0.0000 767.733 22.356 321.531
657 0.000000 0 0.7763 0.5310 0.3396 0.9627 0.3586 0.0000 767.733 22.356 321.531
658 0.000000 0 0.7763 0.5311 0.3396 0.9627 0.3586 0.0000 767.733 22.356 321.532
659 0.000000 0 0.7763 0.5311 0.3396 0.9627 0.3586 0.0000 767.733 22.356 321.532
660 0.000000 0 0.7763 0.5311 0.3396 0.9627 0.3586 0.0000 767.733 22.356 321.532
661 0.000000 0 0.7763 0.5311 0.3396 0.9627 0.3586 0.0000 767.733 22.356 321.532
662 0.000000 0 0.7762 0.5311 0.3396 0.9627 0.3586 0.0000 767.733 22.356 321.532
663 0.000000 0 0.7762 0.5312 0.3396 0.9627 0.3586 0.0000 767.734 22.356 321.532
664 0.000000 0 0.7762 0.5312 0.3396 0.9627 0.3586 0.0000 767.734 22.356 321.532
665 0.000000 0 0.7762 0.5312 0.3396 0.9627 0.3586 0.0000 767.734 22.356 321.532
666 0.000000 0 0.7762 0.5312 0.3396 0.9627 0.3586 0.0000 767.734 22.356 321.532
667 0.000000 0 0.7762 0.5312 0.3396 0.9627 0.3586 0.0000 767.734 22.356 321.532
668 0.000000 0 0.7762 0.5312 0.3396 0.9627 0.3586 0.0000 767.734 22.356 321.532
669 0.000000 0 0.7762 0.5313 0.3396 0.9627 0.3586 0.0000 767.734 22.356 321.532
670 0.000000 0 0.7762 0.5313 0.3396 0.9627 0.3586 0.0000 767.734 22.356 321.532
671 0.000000 0 0.7762 0.5313 0.3396 0.9627 0.3586 0.0000 767.734 22.356 321.532
672 0.000000 0 0.7761 0.5313 0.3396 0.9627 0.3586 0.0000 767.734 22.356 321.532
673 0.000000 0 0.7761 0.5313 0.3396 0.9627 0.3586 0.0000 767.734 22.356 321.532
674 0.000000 0 0.7761 0.5313 0.3396 0.9627 0.3586 0.0000 767.734 22.356 321.532
675 0.000000 0 0.7761 0.5314 0.3396 0.9627 0.3586 0.0000 767.734 22.356 321.532
676 0.000000 0 0.7761 0.5314 0.3396 0.9627 0.3586 0.0000 767.734 22.356 321.532
677 0.000000 0 0.7761 0.5314 0.3396 0.9627 0.3586 0.0000 767.734 22.356 321.532
678 0.000000 0 0.7761 0.5314 0.3396 0.9627 0.3586 0.0000 767.734 22.356 321.532
679 0.000000 0 0.7761 0.5314 0.3396 0.9627 0.3586 0.0000 767.733 22.381 321.533
680 0.000000 0 0.7761 0.5314 0.3396 0.9627 0.3586 0.0000 767.732 22.416 321.534
681 0.000000 0 0.7761 0.5314 0.3396 0.9627 0.3586 0.0000 767.731 22.450 321.535
682 0.000000 0 0.7761 0.5315 0.3396 0.9627 0.3586 0.0000 767.731 22.485 321.536
683 0.000000 0 0.7760 0.5315 0.3396 0.9627 0.3586 0.0000 767.730 22.518 321.536
684 0.000000 0 0.7760 0.5315 0.3396 0.9627 0.3586 0.0000 767.729 22.551 321.537
685 0.000000 0 0.7760 0.5315 0.3396 0.9627 0.3586 0.0000 767.728 22.582 321.538
686 0.000000 0 0.7760 0.5315 0.3396 0.9627 0.3586 0.0000 767.728 22.613 321.539
687 0.000000 0 0.7760 0.5315 0.3395 0.9627 0.3586 0.0000 767.727 22.643 321.540
688 0.000000 0 0.7760 0.5315 0.3395 0.9627 0.3586 0.0000 767.726 22.674 321.541
689 0.000000 0 0.7760 0.5316 0.3395 0.9627 0.3586 0.0000 767.726 22.703 321.541
690 0.000000 0 0.7760 0.5316 0.3395 0.9627 0.3586 0.0000 767.725 22.731 321.542
691 0.000000 0 0.7760 0.5316 0.3395 0.9627 0.3586 0.0000 767.724 22.759 321.543
692 0.000000 0 0.7760 0.5316 0.3395 0.9627 0.3586 0.0000 767.724 22.787 321.544
693 0.000000 0 0.7760 0.5316 0.3395 0.9627 0.3586 0.0000 767.723 22.813 321.544
694 0.000000 0 0.7759 0.5316 0.3395 0.9627 0.3586 0.0000 767.723 22.840 321.545
695 0.000000 0 0.7759 0.5316 0.3395 0.9627 0.3586 0.0000 767.722 22.864 321.546
696 0.000000 0 0.7759 0.5317 0.3395 0.9627 0.3586 0.0000 767.721 22.889 321.547
697 0.000000 0 0.7759 0.5317 0.3395 0.9627 0.3586 0.0000 767.721 22.912 321.547
698 0.000000 0 0.7759 0.5317 0.3395 0.9627 0.3586 0.0000 767.720 22.935 321.548
699 0.000000 0 0.7759 0.5317 0.3395 0.9627 0.3586 0.0000 767.720 22.958 321.548
700 0.000000 0 0.7759 0.5317 0.3395 0.9627 0.3586 0.0000 767.719 22.980 321.549
701 0.000000 0 0.7759 0.5317 0.3395 0.9627 0.3586 0.0000 767.719 23.001 321.550
702 0.000000 0 0.7759 0.5317 0.3395 0.9627 0.3586 0.0000 767.718 23.022 321.550
703 0.000000 0 0.7759 0.5318 0.3395 0.9627 0.3586 0.0000 767.718 23.041 321.551
704 0.000000 0 0.7759 0.5318 0.3395 0.9627 0.3586 0.0000 767.718 23.060 321.551
705 0.000000 0 0.7758 0.5318 0.3395 0.9627 0.3586 0.0000 767.717 23.078 321.552
706 0.000000 0 0.7758 0.5318 0.3395 0.9627 0.3586 0.0000 767.717 23.096 321.552
707 0.000000 0 0.7758 0.5318 0.3395 0.9627 0.3586 0.0000 767.716 23.113 321.553
708 0.000000 0 0.7758 0.5318 0.3395 0.9627 0.3586 0.0000 767.716 23.130 321.553
709 0.000000 0 0.7758 0.5318 0.3395 0.9627 0.3586 0.0000 767.716 23.145 321.554
710 0.000000 0 0.7758 0.5319 0.3395 0.9627 0.3586 0.0000 767.716 23.160 321.554
711 0.000000 0 0.7758 0.5319 0.3395 0.9627 0.3586 0.0000 767.715 23.174 321.555
712 0.000000 0 0.7758 0.5319 0.3395 0.9627 0.3586 0.0000 767.715 23.188 321.555
713 0.000000 0 0.7758 0.5319 0.3395 0.9627 0.3586 0.0000 767.715 23.201 321.555
714 0.000000 0 0.7758 0.5319 0.3395 0.9627 0.3586 0.0000 767.714 23.213 321.556
715 0.000000 0 0.7758 0.5319 0.3395 0.9627 0.3586 0.0000 767.714 23.225 321.556
716 0.000000 0 0.7757 0.5319 0.3395 0.9627 0.3586 0.0000 767.714 23.235 321.556
717 0.000000 0 0.7757 0.5320 0.3395 0.9627 0.3586 0.0000 767.714 23.246 321.557
718 0.000000 0 0.7757 0.5320 0.3395 0.9627 0.3586 0.0000 767.714 23.255 321.557
719 0.000000 0 0.7757 0.5320 0.3395 0.9627 0.3586 0.0000 767.714 23.264 321.557
720 0.000000 0 0.7757 0.5320 0.3395 0.9627 0.3586 0.0000 767.713 23.272 321.558
721 0.000000 0 0.7757 0.5320 0.3395 0.9627 0.3586 0.0000 767.713 23.280 321.558
722 0.000000 0 0.7757 0.5320 0.3395 0.9627 0.3586 0.0000 767.713 23.287 321.558
723 0.000000 0 0.7757 0.5320 0.3395 0.9627 0.3586 0.0000 767.713 23.293 321.558
724 0.000000 0 0.7757 0.5321 0.3395 0.9627 0.3586 0.0000 767.713 23.298 321.558
725 0.000000 0 0.7757 0.5321 0.3395 0.9627 0.3586 0.0000 767.713 23.303 321.559
726 0.000000 0 0.7757 0.5321 0.3395 0.9627 0.3586 0.0000 767.713 23.307 321.559
727 0.000000 0 0.7756 0.5321 0.3395 0.9627 0.3586 0.0000 767.713 23.310 321.559
728 0.000000 0 0.7756 0.5321 0.3395 0.9627 0.3586 0.0000 767.713 23.313 321.559
729 0.000000 0 0.7756 0.5321 0.3395 0.9627 0.3586 0.0000 767.713 23.315 321.559
730 0.000000 0 0.7756 0.5322 0.3395 0.9627 0.3586 0.0000 767.713 23.317 321.559
731 0.000000 0 0.7756 0.5322 0.3395 0.9627 0.3586 0.0000 767.713 23.317 321.559
732 0.000000 0 0.7756 0.5322 0.3395 0.9627 0.3586 0.0000 767.713 23.317 321.559
733 0.000000 0 0.7756 0.5322 0.3395 0.9627 0.3586 0.0000 767.713 23.316 321.559
734 0.000000 0 0.7756 0.5322 0.3395 0.9627 0.3586 0.0000 767.713 23.315 321.559
735 0.000000 0 0.7756 0.5322 0.3395 0.9627 0.3586 0.0000 767.713 23.313 321.559
736 0.000000 0 0.7756 0.5322 0.3395 0.9627 0.3586 0.0000 767.713 23.309 321.559
737 0.000000 0 0.7756 0.5323 0.3395 0.9627 0.3586 0.0000 767.713 23.306 321.559
738 0.000000 0 0.7755 0.5323 0.3394 0.9627 0.3586 0.0000 767.713 23.302 321.559
739 0.000000 0 0.7755 0.5323 0.3394 0.9627 0.3586 0.0000 767.714 23.297 321.559
740 0.000000 0 0.7755 0.5323 0.3394 0.9627 0.3586 0.0000 767.714 23.291 321.559
741 0.000000 0 0.7755 0.5323 0.3394 0.9627 0.3586 0.0000 767.714 23.284 321.559
742 0.000000 0 0.7755 0.5323 0.3394 0.9627 0.3586 0.0000 767.714 23.278 321.559
743 0.000000 0 0.7755 0.5323 0.3394 0.9627 0.3586 0.0000 767.714 23.270 321.559
744 0.000000 0 0.7755 0.5324 0.3394 0.9627 0.3586 0.0000 767.715 23.254 321.559
745 0.000000 0 0.7755 0.5324 0.3394 0.9627 0.3586 0.0000 767.715 23.252 321.559
746 0.000000 0 0.7755 0.5324 0.3394 0.9627 0.3586 0.0000 767.715 23.242 321.559
747 0.000000 0 0.7755 0.5324 0.3394 0.9627 0.3586 0.0000 767.715 23.232 321.558
748 0.000000 0 0.7755 0.5324 0.3394 0.9627 0.3586 0.0000 767.716 23.221 321.558
749 0.000000 0 0.7754 0.5324 0.3394 0.9627 0.3586 0.0000 767.716 23.208 321.558
750 0.000000 0 0.7754 0.5324 0.3394 0.9627 0.3586 0.0000 767.716 23.197 321.558
751 0.000000 0 0.7754 0.5325 0.3394 0.9627 0.3586 0.0000 767.717 23.183 321.557
752 0.000000 0 0.7754 0.5325 0.3394 0.9627 0.3586 0.0000 767.718 23.168 321.557
753 0.000000 0 0.7754 0.5325 0.3394 0.9627 0.3586 0.0000 767.718 23.154 321.557
754 0.000000 0 0.7754 0.5325 0.3394 0.9627 0.3586 0.0000 767.718 23.139 321.557
755 0.000000 0 0.7754 0.5325 0.3394 0.9627 0.3586 0.0000 767.719 23.124 321.556
756 0.000000 0 0.7754 0.5325 0.3394 0.9627 0.3586 0.0000 767.719 23.107 321.555
757 0.000000 0 0.7754 0.5325 0.3394 0.9627 0.3586 0.0000 767.720 23.089 321.555
758 0.000000 0 0.7754 0.5326 0.3394 0.9627 0.3586 0.0000 767.720 23.071 321.555
759 0.000000 0 0.7754 0.5326 0.3394 0.9627 0.3586 0.0000 767.720 23.053 321.555
760 0.000000 0 0.7753 0.5326 0.3394 0.9627 0.3586 0.0000 767.721 23.033 321.554
761 0.000000 0 0.7753 0.5326 0.3394 0.9627 0.3586 0.0000 767.722 23.013 321.554
762 0.000000 0 0.7753 0.5326 0.3394 0.9627 0.3586 0.0000 767.722 22.993 321.554
763 0.000000 0 0.7753 0.5326 0.3394 0.9627 0.3586 0.0000 767.723 22.971 321.553
764 0.000000 0 0.7753 0.5326 0.3394 0.9627 0.3586 0.0000 767.724 22.949 321.552
765 0.000000 0 0.7753 0.5327 0.3394 0.9627 0.3586 0.0000 767.724 22.926 321.552
766 0.000000 0 0.7753 0.5327 0.3394 0.9627 0.3586 0.0000 767.724 22.903 321.552
767 0.000000 0 0.7753 0.5327 0.3394 0.9627 0.3586 0.0000 767.725 22.879 321.551
768 0.000000 0 0.7753 0.5327 0.3394 0.9627 0.3586 0.0000 767.726 22.854 321.550
769 0.000000 0 0.7753 0.5327 0.3394 0.9627 0.3586 0.0000 767.727 22.829 321.549
770 0.000000 0 0.7753 0.5327 0.3394 0.9627 0.3586 0.0000 767.727 22.803 321.550
771 0.000000 0 0.7752 0.5327 0.3394 0.9627 0.3586 0.0000 767.728 22.776 321.549
772 0.000000 0 0.7752 0.5328 0.3394 0.9627 0.3586 0.0000 767.729 22.748 321.547
773 0.000000 0 0.7752 0.5328 0.3394 0.9627 0.3586 0.0000 767.729 22.604 321.547
774 0.000000 0 0.7752 0.5328 0.3394 0.9627 0.3586 0.0000 767.729 22.412 321.547
775 0.000000 0 0.7752 0.5328 0.3394 0.9627 0.3586 0.0000 767.733 22.354 321.544
776 0.000000 0 0.7752 0.5328 0.3394 0.9627 0.3586 0.0000 767.738 22.350 321.539
777 0.000000 0 0.7752 0.5328 0.3394 0.9627 0.3586 0.0000 767.739 22.343 321.538
778 0.000000 0 0.7752 0.5328 0.3394 0.9627 0.3586 0.0000 767.739 22.335 321.538
779 0.000000 0 0.7752 0.5329 0.3394 0.9627 0.3586 0.0000 767.739 22.326 321.538
780 0.000000 0 0.7752 0.5329 0.3394 0.9627 0.3586 0.0000 767.739 22.315 321.538
781 0.000000 0 0.7752 0.5329 0.3394 0.9627 0.3586 0.0000 767.739 22.306 321.538
782 0.000000 0 0.7751 0.5329 0.3394 0.9627 0.3586 0.0000 767.739 22.296 321.538
783 0.000000 0 0.7751 0.5329 0.3394 0.9627 0.3586 0.0000 767.739 22.290 321.538
784 0.000000 0 0.7751 0.5329 0.3394 0.9627 0.3586 0.0000 767.739 22.285 321.538
785 0.000000 0 0.7751 0.5329 0.3394 0.9627 0.3586 0.0000 767.739 22.282 321.538
786 0.000000 0 0.7751 0.5330 0.3394 0.9627 0.3586 0.0000 767.739 22.281 321.538
787 0.000000 0 0.7751 0.5330 0.3394 0.9627 0.3586 0.0000 767.739 22.282 321.538
788 0.000000 0 0.7751 0.5330 0.3394 0.9627 0.3586 0.0000 767.739 22.283 321.538
789 0.000000 0 0.7751 0.5330 0.3393 0.9627 0.3586 0.0000 767.739 22.285 321.538
790 0.000000 0 0.7751 0.5330 0.3393 0.9627 0.3586 0.0000 767.739 22.288 321.538
791 0.000000 0 0.7751 0.5330 0.3393 0.9627 0.3586 0.0000 767.739 22.292 321.538
792 0.000000 0 0.7751 0.5331 0.3393 0.9627 0.3586 0.0000 767.739 22.297 321.538
793 0.000000 0 0.7750 0.5331 0.3393 0.9627 0.3586 0.0000 767.739 22.302 321.538
794 0.000000 0 0.7750 0.5331 0.3393 0.9627 0.3586 0.0000 767.739 22.308 321.538
795 0.000000 0 0.7750 0.5331 0.3393 0.9627 0.3586 0.0000 767.739 22.313 321.538
796 0.000000 0 0.7750 0.5331 0.3393 0.9627 0.3586 0.0000 767.739 22.319 321.538
797 0.000000 0 0.7750 0.5331 0.3393 0.9627 0.3586 0.0000 767.739 22.324 321.538
798 0.000000 0 0.7750 0.5331 0.3393 0.9627 0.3586 0.0000 767.739 22.330 321.538
799 0.000000 0 0.7750 0.5332 0.3393 0.9627 0.3586 0.0000 767.739 22.334 321.538
800 0.000000 0 0.7750 0.5332 0.3393 0.9627 0.3586 0.0000 767.739 22.339 321.538
801 0.000000 0 0.7750 0.5332 0.3393 0.9627 0.3586 0.0000 767.739 22.343 321.538
802 0.000000 0 0.7749 0.5332 0.3393 0.9627 0.3586 0.0000 767.739 22.348 321.538
803 0.000000 0 0.7749 0.5332 0.3393 0.9627 0.3586 0.0000 767.739 22.350 321.538
804 0.000000 0 0.7749 0.5332 0.3393 0.9627 0.3586 0.0000 767.739 22.351 321.538
805 0.000000 0 0.7749 0.5333 0.3393 0.9627 0.3586 0.0000 767.739 22.352 321.538
806 0.000000 0 0.7749 0.5333 0.3393 0.9627 0.3586 0.0000 767.739 22.353 321.538
807 0.000000 0 0.7749 0.5333 0.3393 0.9627 0.3586 0.0000 767.739 22.354 321.538
808 0.000000 0 0.7749 0.5333 0.3393 0.9627 0.3586 0.0000 767.739 22.354 321.538
809 0.000000 0 0.7749 0.5333 0.3393 0.9627 0.3586 0.0000 767.739 22.355 321.538
810 0.000000 0 0.7749 0.5333 0.3393 0.9627 0.3586 0.0000 767.739 22.355 321.538
811 0.000000 0 0.7749 0.5333 0.3393 0.9627 0.3586 0.0000 767.739 22.356 321.538
812 0.000000 0 0.7749 0.5334 0.3393 0.9627 0.3586 0.0000 767.739 22.356 321.538
813 0.000000 0 0.7749 0.5334 0.3393 0.9627 0.3586 0.0000 767.739 22.356 321.538
814 0.000000 0 0.7748 0.5334 0.3393 0.9627 0.3586 0.0000 767.739 22.356 321.538
815 0.000000 0 0.7748 0.5335 0.3393 0.9627 0.3586 0.0000 767.739 22.356 321.538
816 0.000000 0 0.7748 0.5335 0.3393 0.9627 0.3586 0.0000 767.739 22.356 321.538
817 0.000000 0 0.7747 0.5335 0.3393 0.9627 0.3586 0.0000 767.739 22.356 321.538
818 0.000000 0 0.7747 0.5335 0.3393 0.9627 0.3586 0.0000 767.739 22.356 321.538
819 0.000000 0 0.7747 0.5336 0.3393 0.9627 0.3586 0.0000 767.739 22.356 321.538
820 0.000000 0 0.7747 0.5336 0.3393 0.9627 0.3586 0.0000 767.739 22.356 321.538
821 0.000000 0 0.7747 0.5336 0.3393 0.9627 0.3586 0.0000 767.739 22.356 321.538
822 0.000000 0 0.7747 0.5336 0.3393 0.9627 0.3586 0.0000 767.739 22.356 321.538
823 0.000000 0 0.7747 0.5336 0.3393 0.9627 0.3586 0.0000 767.739 22.356 321.538
824 0.000000 0 0.7747 0.5336 0.3393 0.9627 0.3586 0.0000 767.739 22.356 321.538
825 0.000000 0 0.7747 0.5336 0.3393 0.9627 0.3586 0.0000 767.739 22.356 321.538
826 0.000000 0 0.7747 0.5337 0.3393 0.9627 0.3586 0.0000 767.739 22.356 321.538
827 0.000000 0 0.7747 0.5337 0.3393 0.9627 0.3586 0.0000 767.739 22.356 321.538
828 0.000000 0 0.7746 0.5337 0.3393 0.9627 0.3586 0.0000 767.739 22.356 321.538
829 0.000000 0 0.7746 0.5337 0.3393 0.9627 0.3586 0.0000 767.739 22.356 321.538
830 0.000000 0 0.7746 0.5337 0.3393 0.9627 0.3586 0.0000 767.739 22.356 321.538
831 0.000000 0 0.7746 0.5337 0.3392 0.9627 0.3586 0.0000 767.739 22.356 321.538
832 0.000000 0 0.7746 0.5338 0.3392 0.9627 0.3586 0.0000 767.739 22.356 321.538
833 0.000000 0 0.7746 0.5338 0.3392 0.9627 0.3586 0.0000 767.739 22.356 321.538
834 0.000000 0 0.7746 0.5338 0.3392 0.9627 0.3586 0.0000 767.739 22.356 321.538
835 0.000000 0 0.7746 0.5338 0.3392 0.9627 0.3586 0.0000 767.739 22.356 321.538
836 0.000000 0 0.7746 0.5338 0.3392 0.9627 0.3586 0.0000 767.739 22.356 321.538
837 0.000000 0 0.7746 0.5338 0.3392 0.9627 0.3586 0.0000 767.739 22.356 321.538
838 0.000000 0 0.7745 0.5338 0.3392 0.9627 0.3586 0.0000 767.739 22.356 321.538
839 0.000000 0 0.7745 0.5339 0.3392 0.9627 0.3586 0.0000 767.739 22.356 321.538
840 0.000000 0 0.7745 0.5339 0.3392 0.9627 0.3586 0.0000 767.739 22.356 321.538
841 0.000000 0 0.7745 0.5339 0.3392 0.9627 0.3586 0.0000 767.739 22.356 321.538
842 0.000000 0 0.7745 0.5339 0.3392 0.9627 0.3586 0.0000 767.739 22.356 321.538
843 0.000000 0 0.7745 0.5339 0.3392 0.9627 0.3586 0.0000 767.739 22.356 321.538
844 0.000000 0 0.7745 0.5339 0.3392 0.9627 0.3586 0.0000 767.739 22.356 321.538
845 0.000000 0 0.7745 0.5340 0.3392 0.9627 0.3586 0.0000 767.739 22.356 321.538
846 0.000000 0 0.7745 0.5340 0.3392 0.9627 0.3586 0.0000 767.739 22.356 321.538
847 0.000000 0 0.7745 0.5340 0.3392 0.9627 0.3586 0.0000 767.739 22.356 321.538
848 0.000000 0 0.7744 0.5340 0.3392 0.9627 0.3586 0.0000 767.739 22.356 321.538
849 0.000000 0 0.7744 0.5340 0.3392 0.9627 0.3586 0.0000 767.739 22.356 321.538
850 0.000000 0 0.7744 0.5340 0.3392 0.9627 0.3586 0.0000 767.739 22.356 321.538
851 0.000000 0 0.7744 0.5340 0.3392 0.9627 0.3586 0.0000 767.739 22.356 321.538
852 0.000000 0 0.7744 0.5341 0.3392 0.9627 0.3586 0.0000 767.739 22.356 321.538
853 0.000000 0 0.7744 0.5341 0.3392 0.9627 0.3586 0.0000 767.739 22.356 321.538
854 0.000000 0 0.7744 0.5341 0.3392 0.9627 0.3586 0.0000 767.739 22.356 321.538
855 0.000000 0 0.7744 0.5341 0.3392 0.9627 0.3586 0.0000 767.739 22.356 321.538
856 0.000000 0 0.7744 0.5341 0.3392 0.9627 0.3586 0.0000 767.739 22.356 321.538
857 0.000000 0 0.7744 0.5341 0.3392 0.9627 0.3586 0.0000 767.739 22.356 321.538
858 0.000000 0 0.7744 0.5342 0.3392 0.9627 0.3586 0.0000 767.739 22.356 321.538
859 0.000000 0 0.7743 0.5342 0.3392 0.9627 0.3586 0.0000 767.739 22.356 321.538
860 0.000000 0 0.7743 0.5342 0.3392 0.9627 0.3586 0.0000 767.739 22.356 321.538
861 0.000000 0 0.7743 0.5342 0.3392 0.9627 0.3586 0.0000 767.739 22.356 321.538
862 0.000000 0 0.7743 0.5342 0.3392 0.9627 0.3586 0.0000 767.739 22.356 321.538
863 0.000000 0 0.7743 0.5342 0.3392 0.9627 0.3586 0.0000 767.739 22.356 321.538
864 0.000000 0 0.7743 0.5342 0.3392 0.9627 0.3586 0.0000 767.739 22.356 321.538
865 0.000000 0 0.7743 0.5343 0.3392 0.9627 0.3586 0.0000 767.739 22.356 321.538
866 0.000000 0 0.7743 0.5343 0.3392 0.9627 0.3586 0.0000 767.739 22.356 321.538
867 0.000000 0 0.7743 0.5343 0.3392 0.9627 0.3586 0.0000 767.739 22.356 321.538
868 0.000000 0 0.7743 0.5343 0.3392 0.9627 0.3586 0.0000 767.739 22.356 321.538
869 0.000000 0 0.7743 0.5343 0.3392 0.9627 0.3586 0.0000 767.739 22.356 321.538
870 0.000000 0 0.7742 0.5343 0.3392 0.9627 0.3586 0.0000 767.739 22.356 321.538
871 0.000000 0 0.7742 0.5343 0.3392 0.9627 0.3586 0.0000 767.739 22.356 321.538
872 0.000000 0 0.7742 0.5344 0.3392 0.9627 0.3586 0.0000 767.739 22.356 321.538
873 0.000000 0 0.7742 0.5344 0.3392 0.9627 0.3586 0.0000 767.739 22.356 321.538
874 0.000000 0 0.7742 0.5344 0.3392 0.9627 0.3586 0.0000 767.739 22.356 321.538
875 0.000000 0 0.7742 0.5344 0.3392 0.9627 0.3586 0.0000 767.739 22.356 321.538
876 0.000000 0 0.7742 0.5344 0.3392 0.9627 0.3586 0.0000 767.739 22.356 321.538
877 0.000000 0 0.7742 0.5344 0.3392 0.9627 0.3586 0.0000 767.739 22.356 321.538
878 0.000000 0 0.7742 0.5344 0.3392 0.9627 0.3586 0.0000 767.739 22.356 321.538
879 0.000000 0 0.7742 0.5345 0.3392 0.9627 0.3586 0.0000 767.739 22.356 321.538
880 0.000000 0 0.7741 0.5345 0.3391 0.9627 0.3586 0.0000 767.739 22.356 321.538
881 0.000000 0 0.7741 0.5345 0.3391 0.9627 0.3586 0.0000 767.739 22.356 321.538
882 0.000000 0 0.7741 0.5345 0.3391 0.9627 0.3586 0.0000 767.739 22.356 321.538
883 0.000000 0 0.7741 0.5345 0.3391 0.9627 0.3586 0.0000 767.739 22.356 321.538
884 0.000000 0 0.7741 0.5345 0.3391 0.9627 0.3586 0.0000 767.739 22.356 321.538
885 0.000000 0 0.7741 0.5346 0.3391 0.9627 0.3586 0.0000 767.739 22.356 321.538
886 0.000000 0 0.7741 0.5346 0.3391 0.9627 0.3586 0.0000 767.739 22.356 321.538
887 0.000000 0 0.7741 0.5346 0.3391 0.9627 0.3586 0.0000 767.739 22.356 321.538
888 0.000000 0 0.7741 0.5346 0.3391 0.9627 0.3586 0.0000 767.739 22.356 321.538
889 0.000000 0 0.7741 0.5346 0.3391 0.9627 0.3586 0.0000 767.739 22.356 321.538
890 0.000000 0 0.7741 0.5346 0.3391 0.9627 0.3586 0.0000 767.739 22.356 321.538
891 0.000000 0 0.7741 0.5346 0.3391 0.9627 0.3586 0.0000 767.739 22.356 321.538
892 0.000000 0 0.7740 0.5346 0.3391 0.9627 0.3586 0.0000 767.739 22.356 321.538
893 0.000000 0 0.7740 0.5347 0.3391 0.9627 0.3586 0.0000 767.739 22.356 321.538
894 0.000000 0 0.7740 0.5347 0.3391 0.9627 0.3586 0.0000 767.739 22.356 321.538
895 0.000000 0 0.7740 0.5347 0.3391 0.9627 0.3586 0.0000 767.739 22.356 321.538
896 0.000000 0 0.7740 0.5347 0.3391 0.9627 0.3586 0.0000 767.739 22.356 321.538
897 0.000000 0 0.7740 0.5347 0.3391 0.9627 0.3586 0.0000 767.739 22.356 321.538
898 0.000000 0 0.7740 0.5347 0.3391 0.9627 0.3586 0.0000 767.739 22.356 321.538
899 0.000000 0 0.7740 0.5347 0.3391 0.9627 0.3586 0.0000 767.739 22.356 321.538
900 0.000000 0 0.7740 0.5348 0.3391 0.9627 0.3586 0.0000 767.739 22.356 321.538
901 0.000000 0 0.7740 0.5348 0.3391 0.9627 0.3586 0.0000 767.739 22.356 321.538
902 0.000000 0 0.7740 0.5348 0.3391 0.9627 0.3586 0.0000 767.739 22.356 321.538
903 0.000000 0 0.7739 0.5348 0.3391 0.9627 0.3586 0.0000 767.739 22.356 321.538
904 0.000000 0 0.7739 0.5348 0.3391 0.9627 0.3586 0.0000 767.739 22.356 321.538
905 0.000000 0 0.7739 0.5348 0.3391 0.9627 0.3586 0.0000 767.739 22.356 321.538
906 0.000000 0 0.7739 0.5348 0.3391 0.9627 0.3586 0.0000 767.739 22.356 321.538
907 0.000000 0 0.7739 0.5349 0.3391 0.9627 0.3586 0.0000 767.739 22.356 321.538
908 0.000000 0 0.7739 0.5349 0.3391 0.9627 0.3586 0.0000 767.739 22.356 321.538
909 0.000000 0 0.7739 0.5349 0.3391 0.9627 0.3586 0.0000 767.739 22.356 321.538
910 0.000000 0 0.7739 0.5349 0.3391 0.9627 0.3586 0.0000 767.739 22.356 321.538
911 0.000000 0 0.7739 0.5349 0.3391 0.9627 0.3586 0.0000 767.739 22.356 321.538
912 0.000000 0 0.7739 0.5349 0.3391 0.9627 0.3586 0.0000 767.739 22.356 321.538
913 0.000000 0 0.7739 0.5349 0.3391 0.9627 0.3586 0.0000 767.739 22.356 321.538
914 0.000000 0 0.7738 0.5350 0.3391 0.9627 0.3586 0.0000 767.739 22.356 321.538
915 0.000000 0 0.7738 0.5350 0.3391 0.9627 0.3586 0.0000 767.739 22.356 321.538
916 0.000000 0 0.7738 0.5350 0.3391 0.9627 0.3586 0.0000 767.739 22.356 321.538
917 0.000000 0 0.7738 0.5350 0.3391 0.9627 0.3586 0.0000 767.739 22.356 321.538
918 0.000000 0 0.7738 0.5350 0.3391 0.9627 0.3586 0.0000 767.739 22.356 321.538
919 0.000000 0 0.7738 0.5350 0.3391 0.9627 0.3586 0.0000 767.739 22.356 321.538
920 0.000000 0 0.7738 0.5350 0.3391 0.9627 0.3586 0.0000 767.739 22.356 321.538
921 0.000000 0 0.7738 0.5351 0.3391 0.9627 0.3586 0.0000 767.739 22.356 321.538
922 0.000000 0 0.7738 0.5351 0.3391 0.9627 0.3586 0.0000 767.739 22.356 321.538
923 0.000000 0 0.7738 0.5351 0.3391 0.9627 0.3586 0.0000 767.739 22.356 321.538
924 0.000000 0 0.7738 0.5351 0.3391 0.9627 0.3586 0.0000 767.739 22.356 321.538
925 0.000000 0 0.7737 0.5351 0.3391 0.9627 0.3586 0.0000 767.739 22.356 321.538
926 0.000000 0 0.7737 0.5351 0.3391 0.9627 0.3586 0.0000 767.739 22.356 321.538
927 0.000000 0 0.7737 0.5351 0.3391 0.9627 0.3586 0.0000 767.739 22.356 321.538
928 0.000000 0 0.7737 0.5352 0.3391 0.9627 0.3586 0.0000 767.739 22.356 321.538
929 0.000000 0 0.7737 0.5352 0.3391 0.9627 0.3586 0.0000 767.739 22.356 321.538
930 0.000000 0 0.7737 0.5352 0.3391 0.9627 0.3586 0.0000 767.739 22.356 321.538
931 0.000000 0 0.7737 0.5352 0.3391 0.9627 0.3586 0.0000 767.739 22.356 321.538
932 0.000000 0 0.7737 0.5352 0.3390 0.9627 0.3586 0.0000 767.739 22.356 321.538
933 0.000000 0 0.7737 0.5352 0.3390 0.9627 0.3586 0.0000 767.739 22.356 321.538
934 0.000000 0 0.7737 0.5353 0.3390 0.9627 0.3586 0.0000 767.739 22.356 321.538
935 0.000000 0 0.7737 0.5353 0.3390 0.9627 0.3586 0.0000 767.739 22.356 321.538
936 0.000000 0 0.7736 0.5353 0.3390 0.9627 0.3586 0.0000 767.739 22.356 321.538
937 0.000000 0 0.7736 0.5353 0.3390 0.9627 0.3586 0.0000 767.739 22.356 321.538
938 0.000000 0 0.7736 0.5353 0.3390 0.9627 0.3586 0.0000 767.739 22.356 321.538
939 0.000000 0 0.7736 0.5353 0.3390 0.9627 0.3586 0.0000 767.739 22.356 321.538
940 0.000000 0 0.7736 0.5353 0.3390 0.9627 0.3586 0.0000 767.739 22.356 321.538
941 0.000000 0 0.7736 0.5354 0.3390 0.9627 0.3586 0.0000 767.739 22.356 321.538
942 0.000000 0 0.7736 0.5354 0.3390 0.9627 0.3586 0.0000 767.739 22.356 321.538
943 0.000000 0 0.7736 0.5354 0.3390 0.9627 0.3586 0.0000 767.739 22.356 321.538
944 0.000000 0 0.7736 0.5354 0.3390 0.9627 0.3586 0.0000 767.739 22.356 321.538
945 0.000000 0 0.7736 0.5354 0.3390 0.9627 0.3586 0.0000 767.739 22.356 321.538
946 0.000000 0 0.7736 0.5354 0.3390 0.9627 0.3586 0.0000 767.739 22.356 321.538
947 0.000000 0 0.7735 0.5354 0.3390 0.9627 0.3586 0.0000 767.739 22.356 321.538
948 0.000000 0 0.7735 0.5355 0.3390 0.9627 0.3586 0.0000 767.739 22.356 321.538
949 0.000000 0 0.7735 0.5355 0.3390 0.9627 0.3586 0.0000 767.739 22.380 321.538
950 0.000000 0 0.7735 0.5355 0.3390 0.9627 0.3586 0.0000 767.738 22.417 321.539
951 0.000000 0 0.7735 0.5355 0.3390 0.9627 0.3586 0.0000 767.737 22.450 321.540
952 0.000000 0 0.7735 0.5355 0.3390 0.9627 0.3586 0.0000 767.736 22.484 321.541
953 0.000000 0 0.7735 0.5355 0.3390 0.9627 0.3586 0.0000 767.735 22.518 321.542
954 0.000000 0 0.7735 0.5355 0.3390 0.9627 0.3586 0.0000 767.735 22.550 321.543
955 0.000000 0 0.7735 0.5356 0.3390 0.9627 0.3586 0.0000 767.734 22.582 321.544
956 0.000000 0 0.7735 0.5356 0.3390 0.9627 0.3586 0.0000 767.733 22.613 321.544
957 0.000000 0 0.7735 0.5356 0.3390 0.9627 0.3586 0.0000 767.732 22.644 321.545
958 0.000000 0 0.7734 0.5356 0.3390 0.9627 0.3586 0.0000 767.732 22.673 321.546
959 0.000000 0 0.7734 0.5356 0.3390 0.9627 0.3586 0.0000 767.731 22.703 321.547
960 0.000000 0 0.7734 0.5356 0.3390 0.9627 0.3586 0.0000 767.730 22.732 321.548
961 0.000000 0 0.7734 0.5356 0.3390 0.9627 0.3586 0.0000 767.730 22.759 321.548
962 0.000000 0 0.7734 0.5357 0.3390 0.9627 0.3586 0.0000 767.729 22.787 321.549
963 0.000000 0 0.7734 0.5357 0.3390 0.9627 0.3586 0.0000 767.728 22.813 321.550
964 0.000000 0 0.7734 0.5357 0.3390 0.9627 0.3586 0.0000 767.728 22.839 321.550
965 0.000000 0 0.7734 0.5357 0.3390 0.9627 0.3586 0.0000 767.727 22.864 321.551
966 0.000000 0 0.7734 0.5357 0.3390 0.9627 0.3586 0.0000 767.727 22.888 321.552
967 0.000000 0 0.7734 0.5357 0.3390 0.9627 0.3586 0.0000 767.726 22.913 321.552
968 0.000000 0 0.7734 0.5357 0.3390 0.9627 0.3586 0.0000 767.726 22.936 321.553
969 0.000000 0 0.7733 0.5358 0.3390 0.9627 0.3586 0.0000 767.725 22.958 321.554
970 0.000000 0 0.7733 0.5358 0.3390 0.9627 0.3586 0.0000 767.724 22.980 321.554
971 0.000000 0 0.7733 0.5358 0.3390 0.9627 0.3586 0.0000 767.724 23.001 321.555
972 0.000000 0 0.7733 0.5358 0.3390 0.9627 0.3586 0.0000 767.724 23.022 321.555
973 0.000000 0 0.7733 0.5358 0.3390 0.9627 0.3586 0.0000 767.723 23.041 321.556
974 0.000000 0 0.7733 0.5358 0.3390 0.9627 0.3586 0.0000 767.723 23.060 321.556
975 0.000000 0 0.7733 0.5358 0.3390 0.9627 0.3586 0.0000 767.722 23.078 321.557
976 0.000000 0 0.7733 0.5359 0.3390 0.9627 0.3586 0.0000 767.722 23.096 321.557
977 0.000000 0 0.7733 0.5359 0.3390 0.9627 0.3586 0.0000 767.722 23.113 321.558
978 0.000000 0 0.7733 0.5359 0.3390 0.9627 0.3586 0.0000 767.721 23.129 321.558
979 0.000000 0 0.7733 0.5359 0.3390 0.9627 0.3586 0.0000 767.721 23.145 321.559
980 0.000000 0 0.7732 0.5359 0.3390 0.9627 0.3586 0.0000 767.720 23.160 321.559
981 0.000000 0 0.7732 0.5359 0.3390 0.9627 0.3586 0.0000 767.720 23.174 321.559
982 0.000000 0 0.7732 0.5359 0.3390 0.9627 0.3586 0.0000 767.720 23.188 321.560
983 0.000000 0 0.7732 0.5360 0.3389 0.9627 0.3586 0.0000 767.719 23.201 321.560
984 0.000000 0 0.7732 0.5360 0.3389 0.9627 0.3586 0.0000 767.719 23.214 321.561
985 0.000000 0 0.7732 0.5360 0.3389 0.9627 0.3586 0.0000 767.719 23.224 321.561
986 0.000000 0 0.7732 0.5360 0.3389 0.9627 0.3586 0.0000 767.719 23.236 321.561
987 0.000000 0 0.7732 0.5360 0.3389 0.9627 0.3586 0.0000 767.719 23.246 321.561
988 0.000000 0 0.7732 0.5360 0.3389 0.9627 0.3586 0.0000 767.718 23.256 321.562
989 0.000000 0 0.7732 0.5360 0.3389 0.9627 0.3586 0.0000 767.718 23.264 321.562
990 0.000000 0 0.7732 0.5361 0.3389 0.9627 0.3586 0.0000 767.718 23.272 321.562
991 0.000000 0 0.7731 0.5361 0.3389 0.9627 0.3586 0.0000 767.718 23.280 321.562
992 0.000000 0 0.7731 0.5361 0.3389 0.9627 0.3586 0.0000 767.718 23.287 321.563
993 0.000000 0 0.7731 0.5361 0.3389 0.9627 0.3586 0.0000 767.718 23.293 321.563
994 0.000000 0 0.7731 0.5361 0.3389 0.9627 0.3586 0.0000 767.718 23.298 321.563
995 0.000000 0 0.7731 0.5361 0.3389 0.9627 0.3586 0.0000 767.717 23.303 321.563
996 0.000000 0 0.7731 0.5361 0.3389 0.9627 0.3586 0.0000 767.717 23.307 321.563
997 0.000000 0 0.7731 0.5362 0.3389 0.9627 0.3586 0.0000 767.717 23.310 321.563
998 0.000000 0 0.7731 0.5362 0.3389 0.9627 0.3586 0.0000 767.717 23.313 321.564
999 0.000000 0 0.7731 0.5362 0.3389 0.9627 0.3586 0.0000 767.717 23.315 321.564
1000 0.000000 0 0.7731 0.5362 0.3389 0.9627 0.3586 0.0000 767.717 23.316 321.564
1001 0.000000 0 0.7730 0.5362 0.3389 0.9627 0.3586 0.0000 767.717 23.317 321.564
1002 0.000000 0 0.7730 0.5362 0.3389 0.9627 0.3586 0.0000 767.717 23.317 321.564
1003 0.000000 0 0.7730 0.5362 0.3389 0.9627 0.3586 0.0000 767.717 23.316 321.564
1004 0.000000 0 0.7730 0.5363 0.3389 0.9627 0.3586 0.0000 767.717 23.315 321.564
1005 0.000000 0 0.7730 0.5363 0.3389 0.9627 0.3586 0.0000 767.718 23.312 321.564
1006 0.000000 0 0.7730 0.5363 0.3389 0.9627 0.3586 0.0000 767.718 23.309 321.564
1007 0.000000 0 0.7730 0.5363 0.3389 0.9627 0.3586 0.0000 767.718 23.306 321.564
1008 0.000000 0 0.7730 0.5363 0.3389 0.9627 0.3586 0.0000 767.718 23.302 321.564
1009 0.000000 0 0.7730 0.5363 0.3389 0.9627 0.3586 0.0000 767.718 23.296 321.564
1010 0.000000 0 0.7730 0.5364 0.3389 0.9627 0.3586 0.0000 767.718 23.291 321.563
1011 0.000000 0 0.7730 0.5364 0.3389 0.9627 0.3586 0.0000 767.718 23.284 321.563
1012 0.000000 0 0.7729 0.5364 0.3389 0.9627 0.3586 0.0000 767.718 23.277 321.563
1013 0.000000 0 0.7729 0.5364 0.3389 0.9627 0.3586 0.0000 767.719 23.269 321.563
1014 0.000000 0 0.7729 0.5364 0.3389 0.9627 0.3586 0.0000 767.719 23.260 321.563
1015 0.000000 0 0.7729 0.5364 0.3389 0.9627 0.3586 0.0000 767.719 23.251 321.563
1016 0.000000 0 0.7729 0.5364 0.3389 0.9627 0.3586 0.0000 767.719 23.242 321.563
1017 0.000000 0 0.7729 0.5365 0.3389 0.9627 0.3586 0.0000 767.720 23.231 321.562
1018 0.000000 0 0.7729 0.5365 0.3389 0.9627 0.3586 0.0000 767.720 23.220 321.562
1019 0.000000 0 0.7729 0.5365 0.3389 0.9627 0.3586 0.0000 767.720 23.208 321.562
1020 0.000000 0 0.7729 0.5365 0.3389 0.9627 0.3586 0.0000 767.720 23.196 321.562
1021 0.000000 0 0.7729 0.5365 0.3389 0.9627 0.3586 0.0000 767.721 23.182 321.561
1022 0.000000 0 0.7729 0.5365 0.3389 0.9627 0.3586 0.0000 767.722 23.168 321.561
1023 0.000000 0 0.7728 0.5365 0.3389 0.9627 0.3586 0.0000 767.722 23.153 321.561
1024 0.000000 0 0.7728 0.5366 0.3389 0.9627 0.3586 0.0000 767.722 23.139 321.561
1025 0.000000 0 0.7728 0.5366 0.3389 0.9627 0.3586 0.0000 767.723 23.122 321.560
1026 0.000000 0 0.7728 0.5366 0.3389 0.9627 0.3586 0.0000 767.723 23.107 321.559
1027 0.000000 0 0.7728 0.5366 0.3389 0.9627 0.3586 0.0000 767.724 23.088 321.559
1028 0.000000 0 0.7728 0.5366 0.3389 0.9627 0.3586 0.0000 767.724 23.072 321.559
1029 0.000000 0 0.7728 0.5366 0.3389 0.9627 0.3586 0.0000 767.724 23.052 321.559
1030 0.000000 0 0.7728 0.5366 0.3389 0.9627 0.3586 0.0000 767.725 23.033 321.558
1031 0.000000 0 0.7728 0.5367 0.3389 0.9627 0.3586 0.0000 767.725 23.013 321.557
1032 0.000000 0 0.7728 0.5367 0.3389 0.9627 0.3586 0.0000 767.726 22.993 321.558
1033 0.000000 0 0.7728 0.5367 0.3389 0.9627 0.3586 0.0000 767.726 22.971 321.557
1034 0.000000 0 0.7727 0.5367 0.3388 0.9627 0.3586 0.0000 767.727 22.949 321.556
1035 0.000000 0 0.7727 0.5367 0.3388 0.9627 0.3586 0.0000 767.728 22.927 321.555
1036 0.000000 0 0.7727 0.5367 0.3388 0.9627 0.3586 0.0000 767.728 22.904 321.556
1037 0.000000 0 0.7727 0.5367 0.3388 0.9627 0.3586 0.0000 767.729 22.878 321.555
1038 0.000000 0 0.7727 0.5368 0.3388 0.9627 0.3586 0.0000 767.730 22.855 321.554
1039 0.000000 0 0.7727 0.5368 0.3388 0.9627 0.3586 0.0000 767.730 22.829 321.553
1040 0.000000 0 0.7727 0.5368 0.3388 0.9627 0.3586 0.0000 767.730 22.803 321.553
1041 0.000000 0 0.7727 0.5368 0.3388 0.9627 0.3586 0.0000 767.731 22.775 321.552
1042 0.000000 0 0.7727 0.5368 0.3388 0.9627 0.3586 0.0000 767.733 22.748 321.551
1043 0.000000 0 0.7727 0.5368 0.3388 0.9627 0.3586 0.0000 767.733 22.602 321.551
1044 0.000000 0 0.7727 0.5368 0.3388 0.9627 0.3586 0.0000 767.733 22.410 321.551
1045 0.000000 0 0.7726 0.5369 0.3388 0.9627 0.3586 0.0000 767.737 22.354 321.547
1046 0.000000 0 0.7726 0.5369 0.3388 0.9627 0.3586 0.0000 767.742 22.350 321.543
1047 0.000000 0 0.7726 0.5369 0.3388 0.9627 0.3586 0.0000 767.743 22.343 321.541
1048 0.000000 0 0.7726 0.5369 0.3388 0.9627 0.3586 0.0000 767.743 22.335 321.541
1049 0.000000 0 0.7726 0.5369 0.3388 0.9627 0.3586 0.0000 767.743 22.326 321.541
1050 0.000000 0 0.7726 0.5369 0.3388 0.9627 0.3586 0.0000 767.743 22.316 321.541
1051 0.000000 0 0.7726 0.5369 0.3388 0.9627 0.3586 0.0000 767.743 22.306 321.541
1052 0.000000 0 0.7726 0.5370 0.3388 0.9627 0.3586 0.0000 767.743 22.296 321.541
1053 0.000000 0 0.7726 0.5370 0.3388 0.9627 0.3586 0.0000 767.743 22.290 321.541
1054 0.000000 0 0.7726 0.5370 0.3388 0.9627 0.3586 0.0000 767.743 22.285 321.541
1055 0.000000 0 0.7726 0.5370 0.3388 0.9627 0.3586 0.0000 767.743 22.282 321.541
1056 0.000000 0 0.7725 0.5370 0.3388 0.9627 0.3586 0.0000 767.743 22.281 321.541
1057 0.000000 0 0.7725 0.5370 0.3388 0.9627 0.3586 0.0000 767.743 22.282 321.541
1058 0.000000 0 0.7725 0.5370 0.3388 0.9627 0.3586 0.0000 767.743 22.282 321.541
1059 0.000000 0 0.7725 0.5371 0.3388 0.9627 0.3586 0.0000 767.743 22.285 321.541
1060 0.000000 0 0.7725 0.5371 0.3388 0.9627 0.3586 0.0000 767.743 22.288 321.541
1061 0.000000 0 0.7725 0.5371 0.3388 0.9627 0.3586 0.0000 767.743 22.292 321.541
1062 0.000000 0 0.7725 0.5371 0.3388 0.9627 0.3586 0.0000 767.743 22.297 321.541
1063 0.000000 0 0.7725 0.5371 0.3388 0.9627 0.3586 0.0000 767.743 22.302 321.541
1064 0.000000 0 0.7725 0.5371 0.3388 0.9627 0.3586 0.0000 767.743 22.307 321.541
1065 0.000000 0 0.7725 0.5371 0.3388 0.9627 0.3586 0.0000 767.743 22.313 321.541
1066 0.000000 0 0.7725 0.5372 0.3388 0.9627 0.3586 0.0000 767.743 22.318 321.541
1067 0.000000 0 0.7724 0.5372 0.3388 0.9627 0.3586 0.0000 767.743 22.324 321.541
1068 0.000000 0 0.7724 0.5372 0.3388 0.9627 0.3586 0.0000 767.743 22.329 321.541
1069 0.000000 0 0.7724 0.5372 0.3388 0.9627 0.3586 0.0000 767.743 22.334 321.541
1070 0.000000 0 0.7724 0.5372 0.3388 0.9627 0.3586 0.0000 767.743 22.339 321.541
1071 0.000000 0 0.7724 0.5372 0.3388 0.9627 0.3586 0.0000 767.743 22.342 321.541
1072 0.000000 0 0.7724 0.5372 0.3388 0.9627 0.3586 0.0000 767.743 22.346 321.541
1073 0.000000 0 0.7724 0.5373 0.3388 0.9627 0.3586 0.0000 767.743 22.348 321.541
1074 0.000000 0 0.7724 0.5373 0.3388 0.9627 0.3586 0.0000 767.743 22.350 321.541
1075 0.000000 0 0.7724 0.5373 0.3388 0.9627 0.3586 0.0000 767.743 22.351 321.541
1076 0.000000 0 0.7724 0.5373 0.3388 0.9627 0.3586 0.0000 767.743 22.352 321.541
1077 0.000000 0 0.7724 0.5373 0.3388 0.9627 0.3586 0.0000 767.743 22.353 321.541
1078 0.000000 0 0.7723 0.5373 0.3388 0.9627 0.3586 0.0000 767.743 22.354 321.541
1079 0.000000 0 0.7723 0.5373 0.3388 0.9627 0.3586 0.0000 767.743 22.354 321.541
1080 0.000000 0 0.7723 0.5374 0.3388 0.9627 0.3586 0.0000 767.743 22.355 321.541
1081 0.000000 0 0.7723 0.5374 0.3388 0.9627 0.3586 0.0000 767.743 22.355 321.541
1082 0.000000 0 0.7723 0.5374 0.3388 0.9627 0.3586 0.0000 767.743 22.356 321.541
1083 0.000000 0 0.7723 0.5374 0.3388 0.9627 0.3586 0.0000 767.743 22.356 321.541
1084 0.000000 0 0.7723 0.5374 0.3388 0.9627 0.3586 0.0000 767.743 22.356 321.541
1085 0.000000 0 0.7723 0.5374 0.3387 0.9627 0.3586 0.0000 767.743 22.356 321.541
1086 0.000000 0 0.7723 0.5374 0.3387 0.9627 0.3586 0.0000 767.743 22.356 321.541
1087 0.000000 0 0.7723 0.5375 0.3387 0.9627 0.3586 0.0000 767.743 22.356 321.541
1088 0.000000 0 0.7723 0.5375 0.3387 0.9627 0.3586 0.0000 767.743 22.356 321.541
1089 0.000000 0 0.7722 0.5375 0.3387 0.9627 0.3586 0.0000 767.743 22.356 321.541
1090 0.000000 0 0.7722 0.5375 0.3387 0.9627 0.3586 0.0000 767.743 22.356 321.541
1091 0.000000 0 0.7722 0.5375 0.3387 0.9627 0.3586 0.0000 767.743 22.356 321.541
1092 0.000000 0 0.7722 0.5375 0.3387 0.9627 0.3586 0.0000 767.743 22.356 321.541
1093 0.000000 0 0.7722 0.5376 0.3387 0.9627 0.3586 0.0000 767.743 22.356 321.541
1094 0.000000 0 0.7722 0.5376 0.3387 0.9627 0.3586 0.0000 767.743 22.356 321.541
1095 0.000000 0 0.7722 0.5376 0.3387 0.9627 0.3586 0.0000 767.743 22.356 321.541
1096 0.000000 0 0.7722 0.5376 0.3387 0.9627 0.3586 0.0000 767.743 22.356 321.541
1097 0.000000 0 0.7722 0.5376 0.3387 0.9627 0.3586 0.0000 767.743 22.356 321.541
1098 0.000000 0 0.7721 0.5377 0.3387 0.9627 0.3586 0.0000 767.743 22.356 321.541
1099 0.000000 0 0.7721 0.5377 0.3387 0.9627 0.3586 0.0000 767.743 22.356 321.541
1100 0.000000 0 0.7721 0.5377 0.3387 0.9627 0.3586 0.0000 767.743 22.356 321.541
1101 0.000000 0 0.7721 0.5377 0.3387 0.9627 0.3586 0.0000 767.743 22.356 321.541
1102 0.000000 0 0.7721 0.5377 0.3387 0.9627 0.3586 0.0000 767.743 22.356 321.541
1103 0.000000 0 0.7721 0.5377 0.3387 0.9627 0.3586 0.0000 767.743 22.356 321.541
1104 0.000000 0 0.7721 0.5378 0.3387 0.9627 0.3586 0.0000 767.743 22.356 321.541
1105 0.000000 0 0.7721 0.5378 0.3387 0.9627 0.3586 0.0000 767.743 22.356 321.541
1106 0.000000 0 0.7721 0.5378 0.3387 0.9627 0.3586 0.0000 767.743 22.356 321.541
1107 0.000000 0 0.7721 0.5378 0.3387 0.9627 0.3586 0.0000 767.743 22.356 321.541
1108 0.000000 0 0.7720 0.5378 0.3387 0.9627 0.3586 0.0000 767.743 22.356 321.541
1109 0.000000 0 0.7720 0.5378 0.3387 0.9627 0.3586 0.0000 767.743 22.356 321.541
1110 0.000000 0 0.7720 0.5378 0.3387 0.9627 0.3586 0.0000 767.743 22.356 321.541
1111 0.000000 0 0.7720 0.5378 0.3387 0.9627 0.3586 0.0000 767.743 22.356 321.541
1112 0.000000 0 0.7720 0.5379 0.3387 0.9627 0.3586 0.0000 767.743 22.356 321.541
1113 0.000000 0 0.7720 0.5379 0.3387 0.9627 0.3586 0.0000 767.743 22.356 321.541
1114 0.000000 0 0.7720 0.5379 0.3387 0.9627 0.3586 0.0000 767.743 22.356 321.541
1115 0.000000 0 0.7720 0.5379 0.3387 0.9627 0.3586 0.0000 767.743 22.356 321.541
1116 0.000000 0 0.7720 0.5379 0.3387 0.9627 0.3586 0.0000 767.743 22.356 321.541
1117 0.000000 0 0.7719 0.5380 0.3387 0.9627 0.3586 0.0000 767.743 22.356 321.541
1118 0.000000 0 0.7719 0.5380 0.3387 0.9627 0.3586 0.0000 767.743 22.356 321.541
1119 0.000000 0 0.7719 0.5380 0.3387 0.9627 0.3586 0.0000 767.743 22.356 321.541
1120 0.000000 0 0.7719 0.5380 0.3387 0.9627 0.3586 0.0000 767.743 22.356 321.541
1121 0.000000 0 0.7719 0.5380 0.3387 0.9627 0.3586 0.0000 767.743 22.356 321.541
1122 0.000000 0 0.7719 0.5380 0.3387 0.9627 0.3586 0.0000 767.743 22.356 321.541
1123 0.000000 0 0.7719 0.5381 0.3387 0.9627 0.3586 0.0000 767.743 22.356 321.541
1124 0.000000 0 0.7719 0.5381 0.3387 0.9627 0.3586 0.0000 767.743 22.356 321.541
1125 0.000000 0 0.7719 0.5381 0.3387 0.9627 0.3586 0.0000 767.743 22.356 321.541
1126 0.000000 0 0.7719 0.5381 0.3387 0.9627 0.3586 0.0000 767.743 22.356 321.541
1127 0.000000 0 0.7718 0.5381 0.3387 0.9627 0.3586 0.0000 767.743 22.356 321.541
1128 0.000000 0 0.7718 0.5381 0.3387 0.9627 0.3586 0.0000 767.743 22.356 321.541
1129 0.000000 0 0.7718 0.5381 0.3387 0.9627 0.3586 0.0000 767.743 22.356 321.541
1130 0.000000 0 0.7718 0.5382 0.3386 0.9627 0.3586 0.0000 767.743 22.356 321.541
1131 0.000000 0 0.7718 0.5382 0.3386 0.9627 0.3586 0.0000 767.743 22.356 321.541
1132 0.000000 0 0.7718 0.5382 0.3386 0.9627 0.3586 0.0000 767.743 22.356 321.541
1133 0.000000 0 0.7718 0.5382 0.3386 0.9627 0.3586 0.0000 767.743 22.356 321.541
1134 0.000000 0 0.7718 0.5382 0.3386 0.9627 0.3586 0.0000 767.743 22.356 321.541
1135 0.000000 0 0.7718 0.5382 0.3386 0.9627 0.3586 0.0000 767.743 22.356 321.541
1136 0.000000 0 0.7717 0.5383 0.3386 0.9627 0.3586 0.0000 767.743 22.356 321.541
1137 0.000000 0 0.7717 0.5383 0.3386 0.9627 0.3586 0.0000 767.743 22.356 321.541
1138 0.000000 0 0.7717 0.5383 0.3386 0.9627 0.3586 0.0000 767.743 22.356 321.541
1139 0.000000 0 0.7717 0.5383 0.3386 0.9627 0.3586 0.0000 767.743 22.356 321.541
1140 0.000000 0 0.7717 0.5383 0.3386 0.9627 0.3586 0.0000 767.743 22.356 321.541
1141 0.000000 0 0.7717 0.5383 0.3386 0.9627 0.3586 0.0000 767.743 22.356 321.541
1142 0.000000 0 0.7717 0.5383 0.3386 0.9627 0.3586 0.0000 767.743 22.356 321.541
1143 0.000000 0 0.7717 0.5384 0.3386 0.9627 0.3586 0.0000 767.743 22.356 321.541
1144 0.000000 0 0.7717 0.5384 0.3386 0.9627 0.3586 0.0000 767.743 22.356 321.541
1145 0.000000 0 0.7717 0.5384 0.3386 0.9627 0.3586 0.0000 767.743 22.356 321.541
1146 0.000000 0 0.7717 0.5384 0.3386 0.9627 0.3586 0.0000 767.743 22.356 321.541
1147 0.000000 0 0.7717 0.5384 0.3386 0.9627 0.3586 0.0000 767.743 22.356 321.541
1148 0.000000 0 0.7716 0.5384 0.3386 0.9627 0.3586 0.0000 767.743 22.356 321.541
1149 0.000000 0 0.7716 0.5384 0.3386 0.9627 0.3586 0.0000 767.743 22.356 321.541
1150 0.000000 0 0.7716 0.5385 0.3386 0.9627 0.3586 0.0000 767.743 22.356 321.541
1151 0.000000 0 0.7716 0.5385 0.3386 0.9627 0.3586 0.0000 767.743 22.356 321.541
1152 0.000000 0 0.7716 0.5385 0.3386 0.9627 0.3586 0.0000 767.743 22.356 321.541
1153 0.000000 0 0.7716 0.5385 0.3386 0.9627 0.3586 0.0000 767.743 22.356 321.541
1154 0.000000 0 0.7716 0.5385 0.3386 0.9627 0.3586 0.0000 767.743 22.356 321.541
1155 0.000000 0 0.7716 0.5385 0.3386 0.9627 0.3586 0.0000 767.743 22.356 321.541
1156 0.000000 0 0.7716 0.5385 0.3386 0.9627 0.3586 0.0000 767.743 22.356 321.541
1157 0.000000 0 0.7716 0.5386 0.3386 0.9627 0.3586 0.0000 767.743 22.356 321.541
1158 0.000000 0 0.7716 0.5386 0.3386 0.9627 0.3586 0.0000 767.743 22.356 321.541
1159 0.000000 0 0.7715 0.5386 0.3386 0.9627 0.3586 0.0000 767.743 22.356 321.541
1160 0.000000 0 0.7715 0.5386 0.3386 0.9627 0.3586 0.0000 767.743 22.356 321.541
1161 0.000000 0 0.7715 0.5386 0.3386 0.9627 0.3586 0.0000 767.743 22.356 321.541
1162 0.000000 0 0.7715 0.5386 0.3386 0.9627 0.3586 0.0000 767.743 22.356 321.541
1163 0.000000 0 0.7715 0.5386 0.3386 0.9627 0.3586 0.0000 767.743 22.356 321.541
1164 0.000000 0 0.7715 0.5387 0.3386 0.9627 0.3586 0.0000 767.743 22.356 321.541
1165 0.000000 0 0.7715 0.5387 0.3386 0.9627 0.3586 0.0000 767.743 22.356 321.541
1166 0.000000 0 0.7715 0.5387 0.3386 0.9627 0.3586 0.0000 767.743 22.356 321.541
1167 0.000000 0 0.7715 0.5387 0.3386 0.9627 0.3586 0.0000 767.743 22.356 321.541
1168 0.000000 0 0.7715 0.5387 0.3386 0.9627 0.3586 0.0000 767.743 22.356 321.541
1169 0.000000 0 0.7715 0.5387 0.3386 0.9627 0.3586 0.0000 767.743 22.356 321.541
1170 0.000000 0 0.7714 0.5387 0.3386 0.9627 0.3586 0.0000 767.743 22.356 321.541
1171 0.000000 0 0.7714 0.5388 0.3386 0.9627 0.3586 0.0000 767.743 22.356 321.541
1172 0.000000 0 0.7714 0.5388 0.3386 0.9627 0.3586 0.0000 767.743 22.356 321.541
1173 0.000000 0 0.7714 0.5388 0.3386 0.9627 0.3586 0.0000 767.743 22.356 321.541
1174 0.000000 0 0.7714 0.5388 0.3386 0.9627 0.3586 0.0000 767.743 22.356 321.541
1175 0.000000 0 0.7714 0.5388 0.3386 0.9627 0.3586 0.0000 767.743 22.356 321.541
1176 0.000000 0 0.7714 0.5388 0.3386 0.9627 0.3586 0.0000 767.743 22.356 321.541
1177 0.000000 0 0.7714 0.5388 0.3386 0.9627 0.3586 0.0000 767.743 22.356 321.541
1178 0.000000 0 0.7714 0.5389 0.3386 0.9627 0.3586 0.0000 767.743 22.356 321.541
1179 0.000000 0 0.7714 0.5389 0.3386 0.9627 0.3586 0.0000 767.743 22.356 321.541
1180 0.000000 0 0.7713 0.5389 0.3386 0.9627 0.3586 0.0000 767.743 22.356 321.541
1181 0.000000 0 0.7713 0.5389 0.3385 0.9627 0.3586 0.0000 767.743 22.356 321.541
1182 0.000000 0 0.7713 0.5389 0.3385 0.9627 0.3586 0.0000 767.743 22.356 321.541
1183 0.000000 0 0.7713 0.5389 0.3385 0.9627 0.3586 0.0000 767.743 22.356 321.541
1184 0.000000 0 0.7713 0.5389 0.3385 0.9627 0.3586 0.0000 767.743 22.356 321.541
1185 0.000000 0 0.7713 0.5390 0.3385 0.9627 0.3586 0.0000 767.743 22.356 321.541
1186 0.000000 0 0.7713 0.5390 0.3385 0.9627 0.3586 0.0000 767.743 22.356 321.541
1187 0.000000 0 0.7713 0.5390 0.3385 0.9627 0.3586 0.0000 767.743 22.356 321.541
1188 0.000000 0 0.7713 0.5390 0.3385 0.9627 0.3586 0.0000 767.743 22.356 321.541
1189 0.000000 0 0.7713 0.5390 0.3385 0.9627 0.3586 0.0000 767.743 22.356 321.541
1190 0.000000 0 0.7713 0.5390 0.3385 0.9627 0.3586 0.0000 767.743 22.356 321.541
1191 0.000000 0 0.7712 0.5391 0.3385 0.9627 0.3586 0.0000 767.743 22.356 321.541
1192 0.000000 0 0.7712 0.5391 0.3385 0.9627 0.3586 0.0000 767.743 22.356 321.541
1193 0.000000 0 0.7712 0.5391 0.3385 0.9627 0.3586 0.0000 767.743 22.356 321.541
1194 0.000000 0 0.7712 0.5391 0.3385 0.9627 0.3586 0.0000 767.743 22.356 321.541
1195 0.000000 0 0.7712 0.5391 0.3385 0.9627 0.3586 0.0000 767.743 22.356 321.541
1196 0.000000 0 0.7712 0.5391 0.3385 0.9627 0.3586 0.0000 767.743 22.356 321.541
1197 0.000000 0 0.7712 0.5391 0.3385 0.9627 0.3586 0.0000 767.743 22.356 321.541
1198 0.000000 0 0.7712 0.5392 0.3385 0.9627 0.3586 0.0000 767.743 22.356 321.541
1199 0.000000 0 0.7712 0.5392 0.3385 0.9627 0.3586 0.0000 767.743 22.356 321.541
1200 0.000000 0 0.7712 0.5392 0.3385 0.9627 0.3586 0.0000 767.743 22.356 321.541
1201 0.000000 0 0.7712 0.5392 0.3385 0.9627 0.3586 0.0000 767.743 22.356 321.541
1202 0.000000 0 0.7711 0.5392 0.3385 0.9627 0.3586 0.0000 767.743 22.356 321.541
1203 0.000000 0 0.7711 0.5392 0.3385 0.9627 0.3586 0.0000 767.743 22.356 321.541
1204 0.000000 0 0.7711 0.5392 0.3385 0.9627 0.3586 0.0000 767.743 22.356 321.541
1205 0.000000 0 0.7711 0.5393 0.3385 0.9627 0.3586 0.0000 767.743 22.356 321.541
1206 0.000000 0 0.7711 0.5393 0.3385 0.9627 0.3586 0.0000 767.743 22.356 321.541
1207 0.000000 0 0.7711 0.5393 0.3385 0.9627 0.3586 0.0000 767.743 22.356 321.541
1208 0.000000 0 0.7711 0.5393 0.3385 0.9627 0.3586 0.0000 767.743 22.356 321.541
1209 0.000000 0 0.7711 0.5393 0.3385 0.9627 0.3586 0.0000 767.743 22.356 321.541
1210 0.000000 0 0.7711 0.5393 0.3385 0.9627 0.3586 0.0000 767.743 22.356 321.541
1211 0.000000 0 0.7711 0.5393 0.3385 0.9627 0.3586 0.0000 767.743 22.356 321.541
1212 0.000000 0 0.7711 0.5394 0.3385 0.9627 0.3586 0.0000 767.743 22.356 321.541
1213 0.000000 0 0.7710 0.5394 0.3385 0.9627 0.3586 0.0000 767.743 22.356 321.541
1214 0.000000 0 0.7710 0.5394 0.3385 0.9627 0.3586 0.0000 767.743 22.356 321.541
1215 0.000000 0 0.7710 0.5394 0.3385 0.9627 0.3586 0.0000 767.743 22.356 321.541
1216 0.000000 0 0.7710 0.5394 0.3385 0.9627 0.3586 0.0000 767.743 22.356 321.541
1217 0.000000 0 0.7710 0.5394 0.3385 0.9627 0.3586 0.0000 767.743 22.356 321.541
1218 0.000000 0 0.7710 0.5394 0.3385 0.9627 0.3586 0.0000 767.743 22.356 321.541
1219 0.000000 0 0.7710 0.5395 0.3385 0.9627 0.3586 0.0000 767.743 22.356 321.541
1220 0.000000 0 0.7710 0.5395 0.3385 0.9627 0.3586 0.0000 767.743 22.356 321.541
1221 0.000000 0 0.7710 0.5395 0.3385 0.9627 0.3586 0.0000 767.743 22.356 321.541
1222 0.000000 0 0.7710 0.5395 0.3385 0.9627 0.3586 0.0000 767.743 22.356 321.541
1223 0.000000 0 0.7710 0.5395 0.3385 0.9627 0.3586 0.0000 767.742 22.381 321.542
1224 0.000000 0 0.7709 0.5395 0.3385 0.9627 0.3586 0.0000 767.741 22.415 321.543
1225 0.000000 0 0.7709 0.5395 0.3385 0.9627 0.3586 0.0000 767.740 22.452 321.544
1226 0.000000 0 0.7709 0.5396 0.3385 0.9627 0.3586 0.0000 767.740 22.483 321.544
1227 0.000000 0 0.7709 0.5396 0.3385 0.9627 0.3586 0.0000 767.739 22.517 321.545
1228 0.000000 0 0.7709 0.5396 0.3385 0.9627 0.3586 0.0000 767.738 22.550 321.546
1229 0.000000 0 0.7709 0.5396 0.3385 0.9627 0.3586 0.0000 767.737 22.583 321.547
1230 0.000000 0 0.7709 0.5396 0.3385 0.9627 0.3586 0.0000 767.737 22.613 321.548
1231 0.000000 0 0.7709 0.5396 0.3385 0.9627 0.3586 0.0000 767.736 22.643 321.549
1232 0.000000 0 0.7709 0.5396 0.3384 0.9627 0.3586 0.0000 767.735 22.674 321.549
1233 0.000000 0 0.7709 0.5397 0.3384 0.9627 0.3586 0.0000 767.734 22.704 321.550
1234 0.000000 0 0.7709 0.5397 0.3384 0.9627 0.3586 0.0000 767.734 22.732 321.551
1235 0.000000 0 0.7708 0.5397 0.3384 0.9627 0.3586 0.0000 767.733 22.759 321.552
1236 0.000000 0 0.7708 0.5397 0.3384 0.9627 0.3586 0.0000 767.732 22.787 321.552
1237 0.000000 0 0.7708 0.5397 0.3384 0.9627 0.3586 0.0000 767.732 22.813 321.553
1238 0.000000 0 0.7708 0.5397 0.3384 0.9627 0.3586 0.0000 767.731 22.840 321.554
1239 0.000000 0 0.7708 0.5397 0.3384 0.9627 0.3586 0.0000 767.731 22.864 321.554
1240 0.000000 0 0.7708 0.5398 0.3384 0.9627 0.3586 0.0000 767.730 22.889 321.555
1241 0.000000 0 0.7708 0.5398 0.3384 0.9627 0.3586 0.0000 767.729 22.913 321.556
1242 0.000000 0 0.7708 0.5398 0.3384 0.9627 0.3586 0.0000 767.729 22.936 321.556
1243 0.000000 0 0.7708 0.5398 0.3384 0.9627 0.3586 0.0000 767.728 22.958 321.557
1244 0.000000 0 0.7708 0.5398 0.3384 0.9627 0.3586 0.0000 767.728 22.980 321.557
1245 0.000000 0 0.7707 0.5398 0.3384 0.9627 0.3586 0.0000 767.727 23.001 321.558
1246 0.000000 0 0.7707 0.5398 0.3384 0.9627 0.3586 0.0000 767.727 23.022 321.559
1247 0.000000 0 0.7707 0.5399 0.3384 0.9627 0.3586 0.0000 767.726 23.041 321.559
1248 0.000000 0 0.7707 0.5399 0.3384 0.9627 0.3586 0.0000 767.726 23.060 321.560
1249 0.000000 0 0.7707 0.5399 0.3384 0.9627 0.3586 0.0000 767.725 23.078 321.560
1250 0.000000 0 0.7707 0.5399 0.3384 0.9627 0.3586 0.0000 767.725 23.097 321.560
1251 0.000000 0 0.7707 0.5399 0.3384 0.9627 0.3586 0.0000 767.725 23.113 321.561
1252 0.000000 0 0.7707 0.5399 0.3384 0.9627 0.3586 0.0000 767.724 23.130 321.561
1253 0.000000 0 0.7707 0.5399 0.3384 0.9627 0.3586 0.0000 767.724 23.146 321.562
1254 0.000000 0 0.7707 0.5400 0.3384 0.9627 0.3586 0.0000 767.724 23.160 321.562
1255 0.000000 0 0.7707 0.5400 0.3384 0.9627 0.3586 0.0000 767.723 23.175 321.563
1256 0.000000 0 0.7706 0.5400 0.3384 0.9627 0.3586 0.0000 767.723 23.188 321.563
1257 0.000000 0 0.7706 0.5400 0.3384 0.9627 0.3586 0.0000 767.723 23.201 321.563
1258 0.000000 0 0.7706 0.5400 0.3384 0.9627 0.3586 0.0000 767.722 23.214 321.564
1259 0.000000 0 0.7706 0.5400 0.3384 0.9627 0.3586 0.0000 767.722 23.225 321.564
1260 0.000000 0 0.7706 0.5400 0.3384 0.9627 0.3586 0.0000 767.722 23.236 321.564
1261 0.000000 0 0.7706 0.5401 0.3384 0.9627 0.3586 0.0000 767.722 23.246 321.565
1262 0.000000 0 0.7706 0.5401 0.3384 0.9627 0.3586 0.0000 767.721 23.256 321.565
1263 0.000000 0 0.7706 0.5401 0.3384 0.9627 0.3586 0.0000 767.721 23.264 321.565
1264 0.000000 0 0.7706 0.5401 0.3384 0.9627 0.3586 0.0000 767.721 23.272 321.565
1265 0.000000 0 0.7706 0.5401 0.3384 0.9627 0.3586 0.0000 767.721 23.280 321.565
1266 0.000000 0 0.7706 0.5401 0.3384 0.9627 0.3586 0.0000 767.721 23.287 321.566
1267 0.000000 0 0.7705 0.5401 0.3384 0.9627 0.3586 0.0000 767.721 23.293 321.566
1268 0.000000 0 0.7705 0.5402 0.3384 0.9627 0.3586 0.0000 767.720 23.298 321.566
1269 0.000000 0 0.7705 0.5402 0.3384 0.9627 0.3586 0.0000 767.720 23.303 321.566
1270 0.000000 0 0.7705 0.5402 0.3384 0.9627 0.3586 0.0000 767.720 23.307 321.566
1271 0.000000 0 0.7705 0.5402 0.3384 0.9627 0.3586 0.0000 767.720 23.311 321.566
1272 0.000000 0 0.7705 0.5402 0.3384 0.9627 0.3586 0.0000 767.720 23.313 321.566
1273 0.000000 0 0.7705 0.5402 0.3384 0.9627 0.3586 0.0000 767.720 23.315 321.567
1274 0.000000 0 0.7705 0.5402 0.3384 0.9627 0.3586 0.0000 767.720 23.317 321.567
1275 0.000000 0 0.7705 0.5403 0.3384 0.9627 0.3586 0.0000 767.720 23.317 321.567
1276 0.000000 0 0.7705 0.5403 0.3384 0.9627 0.3586 0.0000 767.720 23.317 321.567
1277 0.000000 0 0.7705 0.5403 0.3384 0.9627 0.3586 0.0000 767.720 23.316 321.567
1278 0.000000 0 0.7704 0.5403 0.3384 0.9627 0.3586 0.0000 767.720 23.312 321.567
1279 0.000000 0 0.7704 0.5403 0.3384 0.9627 0.3586 0.0000 767.721 23.306 321.567
1280 0.000000 0 0.7704 0.5404 0.3384 0.9627 0.3586 0.0000 767.721 23.302 321.567
1281 0.000000 0 0.7704 0.5404 0.3383 0.9627 0.3586 0.0000 767.721 23.296 321.566
1282 0.000000 0 0.7704 0.5404 0.3383 0.9627 0.3586 0.0000 767.721 23.283 321.566
1283 0.000000 0 0.7704 0.5404 0.3383 0.9627 0.3586 0.0000 767.722 23.269 321.566
1284 0.000000 0 0.7704 0.5404 0.3383 0.9627 0.3586 0.0000 767.722 23.261 321.566
1285 0.000000 0 0.7703 0.5405 0.3383 0.9627 0.3586 0.0000 767.722 23.250 321.566
1286 0.000000 0 0.7703 0.5405 0.3383 0.9627 0.3586 0.0000 767.723 23.226 321.565
1287 0.000000 0 0.7703 0.5405 0.3383 0.9627 0.3586 0.0000 767.723 23.220 321.565
1288 0.000000 0 0.7703 0.5405 0.3383 0.9627 0.3586 0.0000 767.723 23.207 321.565
1289 0.000000 0 0.7703 0.5406 0.3383 0.9627 0.3586 0.0000 767.724 23.181 321.564
1290 0.000000 0 0.7703 0.5406 0.3383 0.9627 0.3586 0.0000 767.725 23.153 321.563
1291 0.000000 0 0.7703 0.5406 0.3383 0.9627 0.3586 0.0000 767.725 23.139 321.563
1292 0.000000 0 0.7702 0.5406 0.3383 0.9627 0.3586 0.0000 767.725 23.123 321.563
1293 0.000000 0 0.7702 0.5406 0.3383 0.9627 0.3586 0.0000 767.726 23.106 321.562
1294 0.000000 0 0.7702 0.5406 0.3383 0.9627 0.3586 0.0000 767.726 23.089 321.562
1295 0.000000 0 0.7702 0.5407 0.3383 0.9627 0.3586 0.0000 767.726 23.071 321.562
1296 0.000000 0 0.7702 0.5407 0.3383 0.9627 0.3586 0.0000 767.727 23.050 321.561
1297 0.000000 0 0.7702 0.5407 0.3383 0.9627 0.3586 0.0000 767.728 23.012 321.560
1298 0.000000 0 0.7702 0.5407 0.3383 0.9627 0.3586 0.0000 767.728 22.993 321.560
1299 0.000000 0 0.7702 0.5407 0.3383 0.9627 0.3586 0.0000 767.729 22.971 321.560
1300 0.000000 0 0.7702 0.5407 0.3383 0.9627 0.3586 0.0000 767.730 22.949 321.558
1301 0.000000 0 0.7702 0.5408 0.3383 0.9627 0.3586 0.0000 767.730 22.927 321.558
1302 0.000000 0 0.7701 0.5408 0.3383 0.9627 0.3586 0.0000 767.730 22.903 321.558
1303 0.000000 0 0.7701 0.5408 0.3383 0.9627 0.3586 0.0000 767.731 22.879 321.557
1304 0.000000 0 0.7701 0.5408 0.3383 0.9627 0.3586 0.0000 767.733 22.854 321.556
1305 0.000000 0 0.7701 0.5408 0.3383 0.9627 0.3586 0.0000 767.733 22.829 321.556
1306 0.000000 0 0.7701 0.5408 0.3383 0.9627 0.3586 0.0000 767.733 22.803 321.556
1307 0.000000 0 0.7701 0.5408 0.3383 0.9627 0.3586 0.0000 767.734 22.776 321.555
1308 0.000000 0 0.7701 0.5409 0.3383 0.9627 0.3586 0.0000 767.735 22.749 321.554
1309 0.000000 0 0.7701 0.5409 0.3383 0.9627 0.3586 0.0000 767.736 22.607 321.553
1310 0.000000 0 0.7701 0.5409 0.3383 0.9627 0.3586 0.0000 767.736 22.419 321.553
1311 0.000000 0 0.7701 0.5409 0.3383 0.9627 0.3586 0.0000 767.739 22.354 321.550
1312 0.000000 0 0.7701 0.5409 0.3383 0.9627 0.3586 0.0000 767.744 22.350 321.545
1313 0.000000 0 0.7700 0.5409 0.3383 0.9627 0.3586 0.0000 767.745 22.344 321.544
1314 0.000000 0 0.7700 0.5409 0.3383 0.9627 0.3586 0.0000 767.745 22.336 321.544
1315 0.000000 0 0.7700 0.5410 0.3383 0.9627 0.3586 0.0000 767.745 22.326 321.544
1316 0.000000 0 0.7700 0.5410 0.3383 0.9627 0.3586 0.0000 767.745 22.316 321.544
1317 0.000000 0 0.7700 0.5410 0.3383 0.9627 0.3586 0.0000 767.745 22.306 321.544
1318 0.000000 0 0.7700 0.5410 0.3383 0.9627 0.3586 0.0000 767.745 22.296 321.544
1319 0.000000 0 0.7700 0.5410 0.3383 0.9627 0.3586 0.0000 767.745 22.290 321.544
1320 0.000000 0 0.7700 0.5410 0.3383 0.9627 0.3586 0.0000 767.745 22.285 321.544
1321 0.000000 0 0.7700 0.5410 0.3383 0.9627 0.3586 0.0000 767.745 22.282 321.544
1322 0.000000 0 0.7700 0.5411 0.3383 0.9627 0.3586 0.0000 767.745 22.281 321.544
1323 0.000000 0 0.7700 0.5411 0.3383 0.9627 0.3586 0.0000 767.745 22.282 321.544
1324 0.000000 0 0.7699 0.5411 0.3383 0.9627 0.3586 0.0000 767.745 22.283 321.544
1325 0.000000 0 0.7699 0.5411 0.3383 0.9627 0.3586 0.0000 767.745 22.285 321.544
1326 0.000000 0 0.7699 0.5411 0.3383 0.9627 0.3586 0.0000 767.745 22.288 321.544
1327 0.000000 0 0.7699 0.5411 0.3382 0.9627 0.3586 0.0000 767.745 22.292 321.544
1328 0.000000 0 0.7699 0.5411 0.3382 0.9627 0.3586 0.0000 767.745 22.297 321.544
1329 0.000000 0 0.7699 0.5412 0.3382 0.9627 0.3586 0.0000 767.745 22.308 321.544
1330 0.000000 0 0.7699 0.5412 0.3382 0.9627 0.3586 0.0000 767.745 22.313 321.544
1331 0.000000 0 0.7699 0.5412 0.3382 0.9627 0.3586 0.0000 767.745 22.319 321.544
1332 0.000000 0 0.7699 0.5412 0.3382 0.9627 0.3586 0.0000 767.745 22.324 321.544
1333 0.000000 0 0.7699 0.5412 0.3382 0.9627 0.3586 0.0000 767.745 22.330 321.544
1334 0.000000 0 0.7698 0.5412 0.3382 0.9627 0.3586 0.0000 767.745 22.334 321.544
1335 0.000000 0 0.7698 0.5413 0.3382 0.9627 0.3586 0.0000 767.745 22.339 321.544
1336 0.000000 0 0.7698 0.5413 0.3382 0.9627 0.3586 0.0000 767.745 22.342 321.544
1337 0.000000 0 0.7698 0.5413 0.3382 0.9627 0.3586 0.0000 767.745 22.346 321.544
1338 0.000000 0 0.7698 0.5413 0.3382 0.9627 0.3586 0.0000 767.745 22.348 321.544
1339 0.000000 0 0.7698 0.5413 0.3382 0.9627 0.3586 0.0000 767.745 22.350 321.544
1340 0.000000 0 0.7698 0.5413 0.3382 0.9627 0.3586 0.0000 767.745 22.351 321.544
1341 0.000000 0 0.7698 0.5414 0.3382 0.9627 0.3586 0.0000 767.745 22.353 321.544
1342 0.000000 0 0.7697 0.5414 0.3382 0.9627 0.3586 0.0000 767.745 22.354 321.544
1343 0.000000 0 0.7697 0.5414 0.3382 0.9627 0.3586 0.0000 767.745 22.355 321.544
1344 0.000000 0 0.7697 0.5414 0.3382 0.9627 0.3586 0.0000 767.745 22.355 321.544
1345 0.000000 0 0.7697 0.5414 0.3382 0.9627 0.3586 0.0000 767.745 22.356 321.544
1346 0.000000 0 0.7697 0.5414 0.3382 0.9627 0.3586 0.0000 767.745 22.356 321.544
1347 0.000000 0 0.7697 0.5415 0.3382 0.9627 0.3586 0.0000 767.745 22.356 321.544
1348 0.000000 0 0.7697 0.5415 0.3382 0.9627 0.3586 0.0000 767.745 22.356 321.544
1349 0.000000 0 0.7697 0.5415 0.3382 0.9627 0.3586 0.0000 767.745 22.356 321.544
1350 0.000000 0 0.7697 0.5415 0.3382 0.9627 0.3586 0.0000 767.745 22.356 321.544
1351 0.000000 0 0.7697 0.5415 0.3382 0.9627 0.3586 0.0000 767.745 22.356 321.544
1352 0.000000 0 0.7696 0.5415 0.3382 0.9627 0.3586 0.0000 767.745 22.356 321.544
1353 0.000000 0 0.7696 0.5416 0.3382 0.9627 0.3586 0.0000 767.745 22.356 321.544
1354 0.000000 0 0.7696 0.5416 0.3382 0.9627 0.3586 0.0000 767.745 22.356 321.544
1355 0.000000 0 0.7696 0.5416 0.3382 0.9627 0.3586 0.0000 767.745 22.356 321.544
1356 0.000000 0 0.7696 0.5416 0.3382 0.9627 0.3586 0.0000 767.745 22.356 321.544
1357 0.000000 0 0.7696 0.5416 0.3382 0.9627 0.3586 0.0000 767.745 22.356 321.544
1358 0.000000 0 0.7696 0.5416 0.3382 0.9627 0.3586 0.0000 767.745 22.356 321.544
1359 0.000000 0 0.7696 0.5416 0.3382 0.9627 0.3586 0.0000 767.745 22.356 321.544
1360 0.000000 0 0.7696 0.5417 0.3382 0.9627 0.3586 0.0000 767.745 22.356 321.544
1361 0.000000 0 0.7696 0.5417 0.3382 0.9627 0.3586 0.0000 767.745 22.356 321.544
1362 0.000000 0 0.7696 0.5417 0.3382 0.9627 0.3586 0.0000 767.745 22.356 321.544
1363 0.000000 0 0.7695 0.5417 0.3382 0.9627 0.3586 0.0000 767.745 22.356 321.544
1364 0.000000 0 0.7695 0.5417 0.3382 0.9627 0.3586 0.0000 767.745 22.356 321.544
1365 0.000000 0 0.7695 0.5417 0.3382 0.9627 0.3586 0.0000 767.745 22.356 321.544
1366 0.000000 0 0.7695 0.5418 0.3382 0.9627 0.3586 0.0000 767.745 22.356 321.544
1367 0.000000 0 0.7695 0.5418 0.3382 0.9627 0.3586 0.0000 767.745 22.356 321.544
1368 0.000000 0 0.7695 0.5418 0.3382 0.9627 0.3586 0.0000 767.745 22.356 321.544
1369 0.000000 0 0.7695 0.5418 0.3382 0.9627 0.3586 0.0000 767.745 22.356 321.544
1370 0.000000 0 0.7695 0.5418 0.3382 0.9627 0.3586 0.0000 767.745 22.356 321.544
1371 0.000000 0 0.7695 0.5418 0.3382 0.9627 0.3586 0.0000 767.745 22.356 321.544
1372 0.000000 0 0.7695 0.5418 0.3382 0.9627 0.3586 0.0000 767.745 22.356 321.544
1373 0.000000 0 0.7694 0.5419 0.3381 0.9627 0.3586 0.0000 767.745 22.356 321.544
1374 0.000000 0 0.7694 0.5419 0.3381 0.9627 0.3586 0.0000 767.745 22.356 321.544
1375 0.000000 0 0.7694 0.5419 0.3381 0.9627 0.3586 0.0000 767.745 22.356 321.544
1376 0.000000 0 0.7694 0.5419 0.3381 0.9627 0.3586 0.0000 767.745 22.356 321.544
1377 0.000000 0 0.7694 0.5419 0.3381 0.9627 0.3586 0.0000 767.745 22.356 321.544
1378 0.000000 0 0.7694 0.5419 0.3381 0.9627 0.3586 0.0000 767.745 22.356 321.544
1379 0.000000 0 0.7694 0.5419 0.3381 0.9627 0.3586 0.0000 767.745 22.356 321.544
1380 0.000000 0 0.7694 0.5419 0.3381 0.9627 0.3586 0.0000 767.745 22.356 321.544
1381 0.000000 0 0.7694 0.5420 0.3381 0.9627 0.3586 0.0000 767.745 22.356 321.544
1382 0.000000 0 0.7694 0.5420 0.3381 0.9627 0.3586 0.0000 767.745 22.356 321.544
1383 0.000000 0 0.7694 0.5420 0.3381 0.9627 0.3586 0.0000 767.745 22.356 321.544
1384 0.000000 0 0.7693 0.5420 0.3381 0.9627 0.3586 0.0000 767.745 22.356 321.544
1385 0.000000 0 0.7693 0.5420 0.3381 0.9627 0.3586 0.0000 767.745 22.356 321.544
1386 0.000000 0 0.7693 0.5420 0.3381 0.9627 0.3586 0.0000 767.745 22.356 321.544
1387 0.000000 0 0.7693 0.5420 0.3381 0.9627 0.3586 0.0000 767.745 22.356 321.544
1388 0.000000 0 0.7693 0.5421 0.3381 0.9627 0.3586 0.0000 767.745 22.356 321.544
1389 0.000000 0 0.7693 0.5421 0.3381 0.9627 0.3586 0.0000 767.745 22.356 321.544
1390 0.000000 0 0.7693 0.5421 0.3381 0.9627 0.3586 0.0000 767.745 22.356 321.544
1391 0.000000 0 0.7693 0.5421 0.3381 0.9627 0.3586 0.0000 767.745 22.356 321.544
1392 0.000000 0 0.7693 0.5421 0.3381 0.9627 0.3586 0.0000 767.745 22.356 321.544
1393 0.000000 0 0.7693 0.5421 0.3381 0.9627 0.3586 0.0000 767.745 22.356 321.544
1394 0.000000 0 0.7693 0.5421 0.3381 0.9627 0.3586 0.0000 767.745 22.356 321.544
1395 0.000000 0 0.7692 0.5422 0.3381 0.9627 0.3586 0.0000 767.745 22.356 321.544
1396 0.000000 0 0.7692 0.5422 0.3381 0.9627 0.3586 0.0000 767.745 22.356 321.544
1397 0.000000 0 0.7692 0.5422 0.3381 0.9627 0.3586 0.0000 767.745 22.356 321.544
1398 0.000000 0 0.7692 0.5422 0.3381 0.9627 0.3586 0.0000 767.745 22.356 321.544
1399 0.000000 0 0.7692 0.5422 0.3381 0.9627 0.3586 0.0000 767.745 22.356 321.544
1400 0.000000 0 0.7692 0.5422 0.3381 0.9627 0.3586 0.0000 767.745 22.356 321.544
1401 0.000000 0 0.7692 0.5422 0.3381 0.9627 0.3586 0.0000 767.745 22.356 321.544
1402 0.000000 0 0.7692 0.5423 0.3381 0.9627 0.3586 0.0000 767.745 22.356 321.544
1403 0.000000 0 0.7692 0.5423 0.3381 0.9627 0.3586 0.0000 767.745 22.356 321.544
1404 0.000000 0 0.7692 0.5423 0.3381 0.9627 0.3586 0.0000 767.745 22.356 321.544
1405 0.000000 0 0.7692 0.5423 0.3381 0.9627 0.3586 0.0000 767.745 22.356 321.544
1406 0.000000 0 0.7691 0.5423 0.3381 0.9627 0.3586 0.0000 767.745 22.356 321.544
1407 0.000000 0 0.7691 0.5423 0.3381 0.9627 0.3586 0.0000 767.745 22.356 321.544
1408 0.000000 0 0.7691 0.5423 0.3381 0.9627 0.3586 0.0000 767.745 22.356 321.544
1409 0.000000 0 0.7691 0.5424 0.3381 0.9627 0.3586 0.0000 767.745 22.356 321.544
1410 0.000000 0 0.7691 0.5424 0.3381 0.9627 0.3586 0.0000 767.745 22.356 321.544
1411 0.000000 0 0.7691 0.5424 0.3381 0.9627 0.3586 0.0000 767.745 22.356 321.544
1412 0.000000 0 0.7691 0.5424 0.3381 0.9627 0.3586 0.0000 767.745 22.356 321.544
1413 0.000000 0 0.7691 0.5424 0.3381 0.9627 0.3586 0.0000 767.745 22.356 321.544
1414 0.000000 0 0.7691 0.5424 0.3381 0.9627 0.3586 0.0000 767.745 22.356 321.544
1415 0.000000 0 0.7691 0.5425 0.3381 0.9627 0.3586 0.0000 767.745 22.356 321.544
1416 0.000000 0 0.7690 0.5425 0.3381 0.9627 0.3586 0.0000 767.745 22.356 321.544
1417 0.000000 0 0.7690 0.5425 0.3381 0.9627 0.3586 0.0000 767.745 22.356 321.544
1418 0.000000 0 0.7690 0.5425 0.3381 0.9627 0.3586 0.0000 767.745 22.356 321.544
1419 0.000000 0 0.7690 0.5425 0.3381 0.9627 0.3586 0.0000 767.745 22.356 321.544
1420 0.000000 0 0.7690 0.5425 0.3381 0.9627 0.3586 0.0000 767.745 22.356 321.544
1421 0.000000 0 0.7690 0.5426 0.3381 0.9627 0.3586 0.0000 767.745 22.356 321.544
1422 0.000000 0 0.7690 0.5426 0.3381 0.9627 0.3586 0.0000 767.745 22.356 321.544
1423 0.000000 0 0.7690 0.5426 0.3381 0.9627 0.3586 0.0000 767.745 22.356 321.544
1424 0.000000 0 0.7690 0.5426 0.3380 0.9627 0.3586 0.0000 767.745 22.356 321.544
1425 0.000000 0 0.7690 0.5426 0.3380 0.9627 0.3586 0.0000 767.745 22.356 321.544
1426 0.000000 0 0.7689 0.5426 0.3380 0.9627 0.3586 0.0000 767.745 22.356 321.544
1427 0.000000 0 0.7689 0.5427 0.3380 0.9627 0.3586 0.0000 767.745 22.356 321.544
1428 0.000000 0 0.7689 0.5427 0.3380 0.9627 0.3586 0.0000 767.745 22.356 321.544
1429 0.000000 0 0.7689 0.5427 0.3380 0.9627 0.3586 0.0000 767.745 22.356 321.544
1430 0.000000 0 0.7689 0.5427 0.3380 0.9627 0.3586 0.0000 767.745 22.356 321.544
1431 0.000000 0 0.7689 0.5427 0.3380 0.9627 0.3586 0.0000 767.745 22.356 321.544
1432 0.000000 0 0.7689 0.5427 0.3380 0.9627 0.3586 0.0000 767.745 22.356 321.544
1433 0.000000 0 0.7689 0.5427 0.3380 0.9627 0.3586 0.0000 767.745 22.356 321.544
1434 0.000000 0 0.7688 0.5428 0.3380 0.9627 0.3586 0.0000 767.745 22.356 321.544
1435 0.000000 0 0.7688 0.5428 0.3380 0.9627 0.3586 0.0000 767.745 22.356 321.544
1436 0.000000 0 0.7688 0.5429 0.3380 0.9627 0.3586 0.0000 767.745 22.356 321.544
1437 0.000000 0 0.7688 0.5429 0.3380 0.9627 0.3586 0.0000 767.745 22.356 321.544
1438 0.000000 0 0.7688 0.5429 0.3380 0.9627 0.3586 0.0000 767.745 22.356 321.544
1439 0.000000 0 0.7688 0.5429 0.3380 0.9627 0.3586 0.0000 767.745 22.356 321.544
1440 0.000000 0 0.7688 0.5429 0.3380 0.9627 0.3586 0.0000 767.745 22.356 321.544
1441 0.000000 0 0.7688 0.5429 0.3380 0.9627 0.3586 0.0000 767.745 22.356 321.544
1442 0.000000 0 0.7688 0.5429 0.3380 0.9627 0.3586 0.0000 767.745 22.356 321.544
1443 0.000000 0 0.7687 0.5430 0.3380 0.9627 0.3586 0.0000 767.745 22.356 321.544
1444 0.000000 0 0.7687 0.5430 0.3380 0.9627 0.3586 0.0000 767.745 22.356 321.544
1445 0.000000 0 0.7687 0.5430 0.3380 0.9627 0.3586 0.0000 767.745 22.356 321.544
1446 0.000000 0 0.7687 0.5430 0.3380 0.9627 0.3586 0.0000 767.745 22.356 321.544
1447 0.000000 0 0.7687 0.5430 0.3380 0.9627 0.3586 0.0000 767.745 22.356 321.544
1448 0.000000 0 0.7687 0.5430 0.3380 0.9627 0.3586 0.0000 767.745 22.356 321.544
1449 0.000000 0 0.7687 0.5430 0.3380 0.9627 0.3586 0.0000 767.745 22.356 321.544
1450 0.000000 0 0.7687 0.5430 0.3380 0.9627 0.3586 0.0000 767.745 22.356 321.544
1451 0.000000 0 0.7687 0.5431 0.3380 0.9627 0.3586 0.0000 767.745 22.356 321.544
1452 0.000000 0 0.7687 0.5431 0.3380 0.9627 0.3586 0.0000 767.745 22.356 321.544
1453 0.000000 0 0.7687 0.5431 0.3380 0.9627 0.3586 0.0000 767.745 22.356 321.544
1454 0.000000 0 0.7686 0.5431 0.3380 0.9627 0.3586 0.0000 767.745 22.356 321.544
1455 0.000000 0 0.7686 0.5431 0.3380 0.9627 0.3586 0.0000 767.745 22.356 321.544
1456 0.000000 0 0.7686 0.5431 0.3380 0.9627 0.3586 0.0000 767.745 22.356 321.544
1457 0.000000 0 0.7686 0.5431 0.3380 0.9627 0.3586 0.0000 767.745 22.356 321.544
1458 0.000000 0 0.7686 0.5432 0.3380 0.9627 0.3586 0.0000 767.745 22.356 321.544
1459 0.000000 0 0.7686 0.5432 0.3380 0.9627 0.3586 0.0000 767.745 22.356 321.544
1460 0.000000 0 0.7686 0.5432 0.3380 0.9627 0.3586 0.0000 767.745 22.356 321.544
1461 0.000000 0 0.7686 0.5432 0.3380 0.9627 0.3586 0.0000 767.745 22.356 321.544
1462 0.000000 0 0.7686 0.5432 0.3380 0.9627 0.3586 0.0000 767.745 22.356 321.544
1463 0.000000 0 0.7686 0.5432 0.3380 0.9627 0.3586 0.0000 767.745 22.356 321.544
1464 0.000000 0 0.7686 0.5432 0.3380 0.9627 0.3586 0.0000 767.745 22.356 321.544
1465 0.000000 0 0.7685 0.5433 0.3380 0.9627 0.3586 0.0000 767.745 22.356 321.544
1466 0.000000 0 0.7685 0.5433 0.3380 0.9627 0.3586 0.0000 767.745 22.356 321.544
1467 0.000000 0 0.7685 0.5433 0.3380 0.9627 0.3586 0.0000 767.745 22.356 321.544
1468 0.000000 0 0.7685 0.5433 0.3380 0.9627 0.3586 0.0000 767.745 22.356 321.544
1469 0.000000 0 0.7685 0.5433 0.3379 0.9627 0.3586 0.0000 767.745 22.356 321.544
1470 0.000000 0 0.7685 0.5433 0.3379 0.9627 0.3586 0.0000 767.745 22.356 321.544
1471 0.000000 0 0.7685 0.5434 0.3379 0.9627 0.3586 0.0000 767.745 22.356 321.544
1472 0.000000 0 0.7685 0.5434 0.3379 0.9627 0.3586 0.0000 767.745 22.356 321.544
1473 0.000000 0 0.7685 0.5434 0.3379 0.9627 0.3586 0.0000 767.745 22.356 321.544
1474 0.000000 0 0.7684 0.5434 0.3379 0.9627 0.3586 0.0000 767.745 22.356 321.544
1475 0.000000 0 0.7684 0.5434 0.3379 0.9627 0.3586 0.0000 767.745 22.356 321.544
1476 0.000000 0 0.7684 0.5434 0.3379 0.9627 0.3586 0.0000 767.745 22.356 321.544
1477 0.000000 0 0.7684 0.5435 0.3379 0.9627 0.3586 0.0000 767.745 22.356 321.544
1478 0.000000 0 0.7684 0.5435 0.3379 0.9627 0.3586 0.0000 767.745 22.356 321.544
1479 0.000000 0 0.7684 0.5435 0.3379 0.9627 0.3586 0.0000 767.745 22.356 321.544
1480 0.000000 0 0.7684 0.5435 0.3379 0.9627 0.3586 0.0000 767.745 22.356 321.544
1481 0.000000 0 0.7684 0.5435 0.3379 0.9627 0.3586 0.0000 767.745 22.381 321.544
1482 0.000000 0 0.7684 0.5435 0.3379 0.9627 0.3586 0.0000 767.745 22.386 321.545
1483 0.000000 0 0.7683 0.5436 0.3379 0.9627 0.3586 0.0000 767.742 22.485 321.547
1484 0.000000 0 0.7683 0.5436 0.3379 0.9627 0.3586 0.0000 767.741 22.550 321.549
1485 0.000000 0 0.7683 0.5436 0.3379 0.9627 0.3586 0.0000 767.741 22.553 321.549
1486 0.000000 0 0.7683 0.5436 0.3379 0.9627 0.3586 0.0000 767.739 22.614 321.550
1487 0.000000 0 0.7683 0.5436 0.3379 0.9627 0.3586 0.0000 767.739 22.616 321.551
1488 0.000000 0 0.7683 0.5437 0.3379 0.9627 0.3586 0.0000 767.737 22.703 321.553
1489 0.000000 0 0.7683 0.5437 0.3379 0.9627 0.3586 0.0000 767.737 22.708 321.553
1490 0.000000 0 0.7682 0.5437 0.3379 0.9627 0.3586 0.0000 767.735 22.787 321.555
1491 0.000000 0 0.7682 0.5437 0.3379 0.9627 0.3586 0.0000 767.735 22.791 321.555
1492 0.000000 0 0.7682 0.5438 0.3379 0.9627 0.3586 0.0000 767.733 22.865 321.557
1493 0.000000 0 0.7682 0.5438 0.3379 0.9627 0.3586 0.0000 767.733 22.869 321.557
1494 0.000000 0 0.7682 0.5438 0.3379 0.9627 0.3586 0.0000 767.731 22.936 321.559
1495 0.000000 0 0.7682 0.5438 0.3379 0.9627 0.3586 0.0000 767.730 22.980 321.560
1496 0.000000 0 0.7682 0.5438 0.3379 0.9627 0.3586 0.0000 767.730 22.983 321.560
1497 0.000000 0 0.7681 0.5439 0.3379 0.9627 0.3586 0.0000 767.729 23.022 321.561
1498 0.000000 0 0.7681 0.5439 0.3379 0.9627 0.3586 0.0000 767.729 23.024 321.561
1499 0.000000 0 0.7681 0.5439 0.3379 0.9627 0.3586 0.0000 767.728 23.079 321.562
1500 0.000000 0 0.7681 0.5439 0.3379 0.9627 0.3586 0.0000 767.728 23.082 321.562
1501 0.000000 0 0.7681 0.5439 0.3379 0.9627 0.3586 0.0000 767.727 23.113 321.563
1502 0.000000 0 0.7681 0.5440 0.3379 0.9627 0.3586 0.0000 767.727 23.130 321.564
1503 0.000000 0 0.7681 0.5440 0.3379 0.9627 0.3586 0.0000 767.726 23.145 321.564
1504 0.000000 0 0.7681 0.5440 0.3379 0.9627 0.3586 0.0000 767.726 23.174 321.565
1505 0.000000 0 0.7681 0.5440 0.3379 0.9627 0.3586 0.0000 767.726 23.177 321.565
1506 0.000000 0 0.7680 0.5440 0.3379 0.9627 0.3586 0.0000 767.725 23.201 321.566
1507 0.000000 0 0.7680 0.5440 0.3379 0.9627 0.3586 0.0000 767.725 23.213 321.566
1508 0.000000 0 0.7680 0.5441 0.3379 0.9627 0.3586 0.0000 767.724 23.225 321.566
1509 0.000000 0 0.7679 0.5442 0.3378 0.9627 0.3586 0.0000 767.723 23.300 321.568
1510 0.000000 0 0.7679 0.5442 0.3378 0.9627 0.3586 0.0000 767.723 23.303 321.568
1511 0.000000 0 0.7679 0.5442 0.3378 0.9627 0.3586 0.0000 767.723 23.307 321.569
1512 0.000000 0 0.7679 0.5443 0.3378 0.9627 0.3586 0.0000 767.722 23.313 321.569
1513 0.000000 0 0.7679 0.5443 0.3378 0.9627 0.3586 0.0000 767.722 23.313 321.569
1514 0.000000 0 0.7679 0.5443 0.3378 0.9627 0.3586 0.0000 767.722 23.317 321.569
1515 0.000000 0 0.7679 0.5443 0.3378 0.9627 0.3586 0.0000 767.722 23.317 321.569
1516 0.000000 0 0.7678 0.5443 0.3378 0.9627 0.3586 0.0000 767.722 23.317 321.569
1517 0.000000 0 0.7678 0.5444 0.3378 0.9627 0.3586 0.0000 767.722 23.315 321.569
1518 0.000000 0 0.7678 0.5444 0.3378 0.9627 0.3586 0.0000 767.722 23.315 321.569
1519 0.000000 0 0.7678 0.5444 0.3378 0.9627 0.3586 0.0000 767.723 23.309 321.569
1520 0.000000 0 0.7678 0.5444 0.3378 0.9627 0.3586 0.0000 767.723 23.309 321.569
1521 0.000000 0 0.7678 0.5444 0.3378 0.9627 0.3586 0.0000 767.723 23.296 321.569
1522 0.000000 0 0.7678 0.5445 0.3378 0.9627 0.3586 0.0000 767.723 23.284 321.568
1523 0.000000 0 0.7678 0.5445 0.3378 0.9627 0.3586 0.0000 767.723 23.283 321.568
1524 0.000000 0 0.7677 0.5445 0.3378 0.9627 0.3586 0.0000 767.724 23.269 321.568
1525 0.000000 0 0.7677 0.5445 0.3378 0.9627 0.3586 0.0000 767.724 23.269 321.568
1526 0.000000 0 0.7677 0.5445 0.3378 0.9627 0.3586 0.0000 767.724 23.252 321.568
1527 0.000000 0 0.7677 0.5445 0.3378 0.9627 0.3586 0.0000 767.724 23.250 321.568
1528 0.000000 0 0.7677 0.5445 0.3378 0.9627 0.3586 0.0000 767.725 23.232 321.567
1529 0.000000 0 0.7677 0.5446 0.3378 0.9627 0.3586 0.0000 767.725 23.208 321.567
1530 0.000000 0 0.7677 0.5446 0.3378 0.9627 0.3586 0.0000 767.725 23.207 321.567
1531 0.000000 0 0.7677 0.5446 0.3378 0.9627 0.3586 0.0000 767.726 23.183 321.566
1532 0.000000 0 0.7677 0.5446 0.3378 0.9627 0.3586 0.0000 767.726 23.181 321.566
1533 0.000000 0 0.7676 0.5446 0.3378 0.9627 0.3586 0.0000 767.727 23.154 321.565
1534 0.000000 0 0.7676 0.5447 0.3378 0.9627 0.3586 0.0000 767.727 23.123 321.565
1535 0.000000 0 0.7676 0.5447 0.3378 0.9627 0.3586 0.0000 767.727 23.122 321.565
1536 0.000000 0 0.7676 0.5447 0.3378 0.9627 0.3586 0.0000 767.728 23.089 321.564
1537 0.000000 0 0.7676 0.5447 0.3378 0.9627 0.3586 0.0000 767.729 23.053 321.563
1538 0.000000 0 0.7676 0.5447 0.3378 0.9627 0.3586 0.0000 767.729 23.051 321.563
1539 0.000000 0 0.7676 0.5448 0.3378 0.9627 0.3586 0.0000 767.730 23.013 321.562
1540 0.000000 0 0.7676 0.5448 0.3378 0.9627 0.3586 0.0000 767.730 23.011 321.562
1541 0.000000 0 0.7676 0.5448 0.3378 0.9627 0.3586 0.0000 767.731 22.971 321.561
1542 0.000000 0 0.7675 0.5448 0.3377 0.9627 0.3586 0.0000 767.732 22.927 321.560
1543 0.000000 0 0.7675 0.5448 0.3377 0.9627 0.3586 0.0000 767.732 22.925 321.560
1544 0.000000 0 0.7675 0.5448 0.3377 0.9627 0.3586 0.0000 767.733 22.879 321.559
1545 0.000000 0 0.7675 0.5448 0.3377 0.9627 0.3586 0.0000 767.733 22.876 321.559
1546 0.000000 0 0.7675 0.5449 0.3377 0.9627 0.3586 0.0000 767.735 22.829 321.558
1547 0.000000 0 0.7675 0.5449 0.3377 0.9627 0.3586 0.0000 767.736 22.776 321.557
1548 0.000000 0 0.7675 0.5449 0.3377 0.9627 0.3586 0.0000 767.736 22.773 321.557
1549 0.000000 0 0.7675 0.5449 0.3377 0.9627 0.3586 0.0000 767.737 22.414 321.555
1550 0.000000 0 0.7675 0.5449 0.3377 0.9627 0.3586 0.0000 767.737 22.395 321.555
1551 0.000000 0 0.7674 0.5450 0.3377 0.9627 0.3586 0.0000 767.746 22.350 321.547
1552 0.000000 0 0.7674 0.5450 0.3377 0.9627 0.3586 0.0000 767.747 22.335 321.546
1553 0.000000 0 0.7674 0.5450 0.3377 0.9627 0.3586 0.0000 767.747 22.335 321.546
1554 0.000000 0 0.7674 0.5450 0.3377 0.9627 0.3586 0.0000 767.747 22.306 321.546
1555 0.000000 0 0.7674 0.5451 0.3377 0.9627 0.3586 0.0000 767.747 22.290 321.546
1556 0.000000 0 0.7674 0.5451 0.3377 0.9627 0.3586 0.0000 767.747 22.289 321.546
1557 0.000000 0 0.7673 0.5451 0.3377 0.9627 0.3586 0.0000 767.747 22.281 321.546
1558 0.000000 0 0.7673 0.5451 0.3377 0.9627 0.3586 0.0000 767.747 22.282 321.546
1559 0.000000 0 0.7673 0.5451 0.3377 0.9627 0.3586 0.0000 767.747 22.283 321.546
1560 0.000000 0 0.7673 0.5452 0.3377 0.9627 0.3586 0.0000 767.747 22.288 321.546
1561 0.000000 0 0.7673 0.5452 0.3377 0.9627 0.3586 0.0000 767.747 22.288 321.546
1562 0.000000 0 0.7673 0.5452 0.3377 0.9627 0.3586 0.0000 767.747 22.297 321.546
1563 0.000000 0 0.7673 0.5452 0.3377 0.9627 0.3586 0.0000 767.747 22.307 321.546
1564 0.000000 0 0.7673 0.5452 0.3377 0.9627 0.3586 0.0000 767.747 22.308 321.546
1565 0.000000 0 0.7672 0.5453 0.3377 0.9627 0.3586 0.0000 767.747 22.324 321.546
1566 0.000000 0 0.7672 0.5453 0.3377 0.9627 0.3586 0.0000 767.747 22.325 321.546
1567 0.000000 0 0.7672 0.5453 0.3377 0.9627 0.3586 0.0000 767.747 22.334 321.546
1568 0.000000 0 0.7672 0.5453 0.3377 0.9627 0.3586 0.0000 767.747 22.342 321.546
1569 0.000000 0 0.7672 0.5453 0.3377 0.9627 0.3586 0.0000 767.747 22.343 321.546
1570 0.000000 0 0.7672 0.5454 0.3377 0.9627 0.3586 0.0000 767.747 22.350 321.546
1571 0.000000 0 0.7672 0.5454 0.3377 0.9627 0.3586 0.0000 767.747 22.352 321.546
1572 0.000000 0 0.7672 0.5454 0.3377 0.9627 0.3586 0.0000 767.747 22.352 321.546
1573 0.000000 0 0.7671 0.5454 0.3377 0.9627 0.3586 0.0000 767.747 22.354 321.546
1574 0.000000 0 0.7671 0.5455 0.3377 0.9627 0.3586 0.0000 767.747 22.355 321.546
1575 0.000000 0 0.7671 0.5455 0.3377 0.9627 0.3586 0.0000 767.747 22.355 321.546
1576 0.000000 0 0.7671 0.5455 0.3377 0.9627 0.3586 0.0000 767.747 22.356 321.546
1577 0.000000 0 0.7671 0.5455 0.3377 0.9627 0.3586 0.0000 767.747 22.356 321.546
1578 0.000000 0 0.7671 0.5455 0.3377 0.9627 0.3586 0.0000 767.747 22.356 321.546
1579 0.000000 0 0.7671 0.5455 0.3377 0.9627 0.3586 0.0000 767.747 22.356 321.546
1580 0.000000 0 0.7671 0.5455 0.3376 0.9627 0.3586 0.0000 767.747 22.356 321.546
1581 0.000000 0 0.7671 0.5455 0.3376 0.9627 0.3586 0.0000 767.747 22.356 321.546
1582 0.000000 0 0.7670 0.5456 0.3376 0.9627 0.3586 0.0000 767.747 22.356 321.546
1583 0.000000 0 0.7670 0.5456 0.3376 0.9627 0.3586 0.0000 767.747 22.356 321.546
1584 0.000000 0 0.7670 0.5456 0.3376 0.9627 0.3586 0.0000 767.747 22.356 321.546
1585 0.000000 0 0.7670 0.5456 0.3376 0.9627 0.3586 0.0000 767.747 22.356 321.546
1586 0.000000 0 0.7670 0.5457 0.3376 0.9627 0.3586 0.0000 767.747 22.356 321.546
1587 0.000000 0 0.7670 0.5457 0.3376 0.9627 0.3586 0.0000 767.747 22.356 321.546
1588 0.000000 0 0.7670 0.5457 0.3376 0.9627 0.3586 0.0000 767.747 22.356 321.546
1589 0.000000 0 0.7670 0.5457 0.3376 0.9627 0.3586 0.0000 767.747 22.356 321.546
1590 0.000000 0 0.7669 0.5457 0.3376 0.9627 0.3586 0.0000 767.747 22.356 321.546
1591 0.000000 0 0.7669 0.5457 0.3376 0.9627 0.3586 0.0000 767.747 22.356 321.546
1592 0.000000 0 0.7669 0.5458 0.3376 0.9627 0.3586 0.0000 767.747 22.356 321.546
1593 0.000000 0 0.7669 0.5458 0.3376 0.9627 0.3586 0.0000 767.747 22.356 321.546
1594 0.000000 0 0.7669 0.5458 0.3376 0.9627 0.3586 0.0000 767.747 22.356 321.546
1595 0.000000 0 0.7669 0.5458 0.3376 0.9627 0.3586 0.0000 767.747 22.356 321.546
1596 0.000000 0 0.7669 0.5458 0.3376 0.9627 0.3586 0.0000 767.747 22.356 321.546
1597 0.000000 0 0.7668 0.5459 0.3376 0.9627 0.3586 0.0000 767.747 22.356 321.546
1598 0.000000 0 0.7668 0.5459 0.3376 0.9627 0.3586 0.0000 767.747 22.356 321.546
1599 0.000000 0 0.7668 0.5459 0.3376 0.9627 0.3586 0.0000 767.747 22.356 321.546
1600 0.000000 0 0.7668 0.5459 0.3376 0.9627 0.3586 0.0000 767.747 22.356 321.546
1601 0.000000 0 0.7668 0.5459 0.3376 0.9627 0.3586 0.0000 767.747 22.356 321.546
1602 0.000000 0 0.7668 0.5460 0.3376 0.9627 0.3586 0.0000 767.747 22.356 321.546
1603 0.000000 0 0.7668 0.5460 0.3376 0.9627 0.3586 0.0000 767.747 22.356 321.546
1604 0.000000 0 0.7668 0.5460 0.3376 0.9627 0.3586 0.0000 767.747 22.356 321.546
1605 0.000000 0 0.7667 0.5461 0.3376 0.9627 0.3586 0.0000 767.747 22.356 321.546
1606 0.000000 0 0.7667 0.5461 0.3376 0.9627 0.3586 0.0000 767.747 22.356 321.546
1607 0.000000 0 0.7667 0.5461 0.3376 0.9627 0.3586 0.0000 767.747 22.356 321.546
1608 0.000000 0 0.7667 0.5461 0.3376 0.9627 0.3586 0.0000 767.747 22.356 321.546
1609 0.000000 0 0.7667 0.5461 0.3376 0.9627 0.3586 0.0000 767.747 22.356 321.546
1610 0.000000 0 0.7667 0.5461 0.3376 0.9627 0.3586 0.0000 767.747 22.356 321.546
1611 0.000000 0 0.7667 0.5461 0.3376 0.9627 0.3586 0.0000 767.747 22.356 321.546
1612 0.000000 0 0.7667 0.5462 0.3376 0.9627 0.3586 0.0000 767.747 22.356 321.546
1613 0.000000 0 0.7666 0.5462 0.3376 0.9627 0.3586 0.0000 767.747 22.356 321.546
1614 0.000000 0 0.7666 0.5462 0.3376 0.9627 0.3586 0.0000 767.747 22.356 321.546
1615 0.000000 0 0.7666 0.5462 0.3376 0.9627 0.3586 0.0000 767.747 22.356 321.546
1616 0.000000 0 0.7666 0.5462 0.3376 0.9627 0.3586 0.0000 767.747 22.356 321.546
1617 0.000000 0 0.7666 0.5463 0.3376 0.9627 0.3586 0.0000 767.747 22.356 321.546
1618 0.000000 0 0.7666 0.5463 0.3376 0.9627 0.3586 0.0000 767.747 22.356 321.546
1619 0.000000 0 0.7666 0.5463 0.3375 0.9627 0.3586 0.0000 767.747 22.356 321.546
1620 0.000000 0 0.7666 0.5463 0.3375 0.9627 0.3586 0.0000 767.747 22.356 321.546
1621 0.000000 0 0.7665 0.5463 0.3375 0.9627 0.3586 0.0000 767.747 22.356 321.546
1622 0.000000 0 0.7665 0.5463 0.3375 0.9627 0.3586 0.0000 767.747 22.356 321.546
1623 0.000000 0 0.7665 0.5464 0.3375 0.9627 0.3586 0.0000 767.747 22.356 321.546
1624 0.000000 0 0.7665 0.5464 0.3375 0.9627 0.3586 0.0000 767.747 22.356 321.546
1625 0.000000 0 0.7665 0.5464 0.3375 0.9627 0.3586 0.0000 767.747 22.356 321.546
1626 0.000000 0 0.7665 0.5464 0.3375 0.9627 0.3586 0.0000 767.747 22.356 321.546
1627 0.000000 0 0.7665 0.5465 0.3375 0.9627 0.3586 0.0000 767.747 22.356 321.546
1628 0.000000 0 0.7664 0.5465 0.3375 0.9627 0.3586 0.0000 767.747 22.356 321.546
1629 0.000000 0 0.7664 0.5465 0.3375 0.9627 0.3586 0.0000 767.747 22.356 321.546
1630 0.000000 0 0.7664 0.5465 0.3375 0.9627 0.3586 0.0000 767.747 22.356 321.546
1631 0.000000 0 0.7664 0.5465 0.3375 0.9627 0.3586 0.0000 767.747 22.356 321.546
1632 0.000000 0 0.7664 0.5466 0.3375 0.9627 0.3586 0.0000 767.747 22.356 321.546
1633 0.000000 0 0.7664 0.5466 0.3375 0.9627 0.3586 0.0000 767.747 22.356 321.546
1634 0.000000 0 0.7664 0.5466 0.3375 0.9627 0.3586 0.0000 767.747 22.356 321.546
1635 0.000000 0 0.7664 0.5466 0.3375 0.9627 0.3586 0.0000 767.747 22.356 321.546
1636 0.000000 0 0.7663 0.5466 0.3375 0.9627 0.3586 0.0000 767.747 22.356 321.546
1637 0.000000 0 0.7663 0.5466 0.3375 0.9627 0.3586 0.0000 767.747 22.356 321.546
1638 0.000000 0 0.7663 0.5467 0.3375 0.9627 0.3586 0.0000 767.747 22.356 321.546
1639 0.000000 0 0.7663 0.5467 0.3375 0.9627 0.3586 0.0000 767.747 22.356 321.546
1640 0.000000 0 0.7663 0.5467 0.3375 0.9627 0.3586 0.0000 767.747 22.356 321.546
1641 0.000000 0 0.7663 0.5467 0.3375 0.9627 0.3586 0.0000 767.747 22.356 321.546
1642 0.000000 0 0.7663 0.5468 0.3375 0.9627 0.3586 0.0000 767.747 22.356 321.546
1643 0.000000 0 0.7663 0.5468 0.3375 0.9627 0.3586 0.0000 767.747 22.356 321.546
1644 0.000000 0 0.7662 0.5468 0.3375 0.9627 0.3586 0.0000 767.747 22.356 321.546
1645 0.000000 0 0.7662 0.5468 0.3375 0.9627 0.3586 0.0000 767.747 22.356 321.546
1646 0.000000 0 0.7662 0.5468 0.3375 0.9627 0.3586 0.0000 767.747 22.356 321.546
1647 0.000000 0 0.7662 0.5469 0.3375 0.9627 0.3586 0.0000 767.747 22.356 321.546
1648 0.000000 0 0.7662 0.5469 0.3375 0.9627 0.3586 0.0000 767.747 22.356 321.546
1649 0.000000 0 0.7662 0.5469 0.3375 0.9627 0.3586 0.0000 767.747 22.356 321.546
1650 0.000000 0 0.7662 0.5469 0.3375 0.9627 0.3586 0.0000 767.747 22.356 321.546
1651 0.000000 0 0.7662 0.5469 0.3375 0.9627 0.3586 0.0000 767.747 22.356 321.546
1652 0.000000 0 0.7661 0.5469 0.3375 0.9627 0.3586 0.0000 767.747 22.356 321.546
1653 0.000000 0 0.7661 0.5469 0.3375 0.9627 0.3586 0.0000 767.747 22.356 321.546
1654 0.000000 0 0.7661 0.5470 0.3375 0.9627 0.3586 0.0000 767.747 22.356 321.546
1655 0.000000 0 0.7661 0.5470 0.3375 0.9627 0.3586 0.0000 767.747 22.356 321.546
1656 0.000000 0 0.7661 0.5470 0.3375 0.9627 0.3586 0.0000 767.747 22.356 321.546
1657 0.000000 0 0.7661 0.5470 0.3374 0.9627 0.3586 0.0000 767.747 22.356 321.546
1658 0.000000 0 0.7661 0.5471 0.3374 0.9627 0.3586 0.0000 767.747 22.356 321.546
1659 0.000000 0 0.7661 0.5471 0.3374 0.9627 0.3586 0.0000 767.747 22.356 321.546
1660 0.000000 0 0.7660 0.5471 0.3374 0.9627 0.3586 0.0000 767.747 22.356 321.546
1661 0.000000 0 0.7660 0.5471 0.3374 0.9627 0.3586 0.0000 767.747 22.356 321.546
1662 0.000000 0 0.7660 0.5471 0.3374 0.9627 0.3586 0.0000 767.747 22.356 321.546
1663 0.000000 0 0.7660 0.5471 0.3374 0.9627 0.3586 0.0000 767.747 22.356 321.546
1664 0.000000 0 0.7660 0.5471 0.3374 0.9627 0.3586 0.0000 767.747 22.356 321.546
1665 0.000000 0 0.7660 0.5472 0.3374 0.9627 0.3586 0.0000 767.747 22.356 321.546
1666 0.000000 0 0.7660 0.5472 0.3374 0.9627 0.3586 0.0000 767.747 22.356 321.546
1667 0.000000 0 0.7660 0.5472 0.3374 0.9627 0.3586 0.0000 767.747 22.356 321.546
1668 0.000000 0 0.7660 0.5472 0.3374 0.9627 0.3586 0.0000 767.747 22.356 321.546
1669 0.000000 0 0.7660 0.5472 0.3374 0.9627 0.3586 0.0000 767.747 22.356 321.546
1670 0.000000 0 0.7659 0.5473 0.3374 0.9627 0.3586 0.0000 767.747 22.356 321.546
1671 0.000000 0 0.7659 0.5473 0.3374 0.9627 0.3586 0.0000 767.747 22.356 321.546
1672 0.000000 0 0.7659 0.5473 0.3374 0.9627 0.3586 0.0000 767.747 22.356 321.546
1673 0.000000 0 0.7659 0.5473 0.3374 0.9627 0.3586 0.0000 767.747 22.356 321.546
1674 0.000000 0 0.7659 0.5473 0.3374 0.9627 0.3586 0.0000 767.747 22.356 321.546
1675 0.000000 0 0.7659 0.5473 0.3374 0.9627 0.3586 0.0000 767.747 22.356 321.546
1676 0.000000 0 0.7659 0.5474 0.3374 0.9627 0.3586 0.0000 767.747 22.356 321.546
1677 0.000000 0 0.7659 0.5474 0.3374 0.9627 0.3586 0.0000 767.747 22.356 321.546
1678 0.000000 0 0.7659 0.5474 0.3374 0.9627 0.3586 0.0000 767.747 22.356 321.546
1679 0.000000 0 0.7658 0.5474 0.3374 0.9627 0.3586 0.0000 767.747 22.356 321.546
1680 0.000000 0 0.7658 0.5474 0.3374 0.9627 0.3586 0.0000 767.747 22.356 321.546
1681 0.000000 0 0.7658 0.5475 0.3374 0.9627 0.3586 0.0000 767.747 22.356 321.546
1682 0.000000 0 0.7658 0.5475 0.3374 0.9627 0.3586 0.0000 767.747 22.356 321.546
1683 0.000000 0 0.7658 0.5475 0.3374 0.9627 0.3586 0.0000 767.747 22.356 321.546
1684 0.000000 0 0.7658 0.5475 0.3374 0.9627 0.3586 0.0000 767.747 22.356 321.546
1685 0.000000 0 0.7657 0.5475 0.3374 0.9627 0.3586 0.0000 767.747 22.356 321.546
1686 0.000000 0 0.7657 0.5475 0.3374 0.9627 0.3586 0.0000 767.747 22.356 321.546
1687 0.000000 0 0.7657 0.5476 0.3374 0.9627 0.3586 0.0000 767.747 22.356 321.546
1688 0.000000 0 0.7657 0.5476 0.3374 0.9627 0.3586 0.0000 767.746 22.416 321.547
1689 0.000000 0 0.7657 0.5476 0.3374 0.9627 0.3586 0.0000 767.744 22.484 321.549
1690 0.000000 0 0.7657 0.5477 0.3374 0.9627 0.3586 0.0000 767.743 22.536 321.550
1691 0.000000 0 0.7657 0.5477 0.3374 0.9627 0.3586 0.0000 767.742 22.550 321.551
1692 0.000000 0 0.7657 0.5477 0.3374 0.9627 0.3586 0.0000 767.741 22.613 321.552
1693 0.000000 0 0.7657 0.5477 0.3374 0.9627 0.3586 0.0000 767.741 22.616 321.552
1694 0.000000 0 0.7656 0.5477 0.3374 0.9627 0.3586 0.0000 767.739 22.674 321.554
1695 0.000000 0 0.7656 0.5478 0.3373 0.9627 0.3586 0.0000 767.737 22.760 321.556
1696 0.000000 0 0.7656 0.5478 0.3373 0.9627 0.3586 0.0000 767.737 22.762 321.556
1697 0.000000 0 0.7656 0.5478 0.3373 0.9627 0.3586 0.0000 767.735 22.839 321.558
1698 0.000000 0 0.7656 0.5478 0.3373 0.9627 0.3586 0.0000 767.735 22.842 321.558
1699 0.000000 0 0.7656 0.5478 0.3373 0.9627 0.3586 0.0000 767.734 22.889 321.559
1700 0.000000 0 0.7655 0.5479 0.3373 0.9627 0.3586 0.0000 767.733 22.936 321.560
1701 0.000000 0 0.7655 0.5479 0.3373 0.9627 0.3586 0.0000 767.733 22.938 321.560
1702 0.000000 0 0.7655 0.5479 0.3373 0.9627 0.3586 0.0000 767.732 22.980 321.562
1703 0.000000 0 0.7655 0.5479 0.3373 0.9627 0.3586 0.0000 767.731 23.021 321.563
1704 0.000000 0 0.7655 0.5479 0.3373 0.9627 0.3586 0.0000 767.731 23.023 321.563
1705 0.000000 0 0.7655 0.5480 0.3373 0.9627 0.3586 0.0000 767.729 23.078 321.564
1706 0.000000 0 0.7655 0.5480 0.3373 0.9627 0.3586 0.0000 767.729 23.113 321.565
1707 0.000000 0 0.7655 0.5480 0.3373 0.9627 0.3586 0.0000 767.729 23.116 321.565
1708 0.000000 0 0.7654 0.5480 0.3373 0.9627 0.3586 0.0000 767.728 23.145 321.566
1709 0.000000 0 0.7654 0.5480 0.3373 0.9627 0.3586 0.0000 767.728 23.160 321.566
1710 0.000000 0 0.7654 0.5480 0.3373 0.9627 0.3586 0.0000 767.727 23.174 321.566
1711 0.000000 0 0.7654 0.5481 0.3373 0.9627 0.3586 0.0000 767.727 23.201 321.567
1712 0.000000 0 0.7654 0.5481 0.3373 0.9627 0.3586 0.0000 767.727 23.202 321.567
1713 0.000000 0 0.7654 0.5481 0.3373 0.9627 0.3586 0.0000 767.726 23.225 321.568
1714 0.000000 0 0.7654 0.5481 0.3373 0.9627 0.3586 0.0000 767.726 23.236 321.568
1715 0.000000 0 0.7654 0.5481 0.3373 0.9627 0.3586 0.0000 767.725 23.246 321.568
1716 0.000000 0 0.7653 0.5482 0.3373 0.9627 0.3586 0.0000 767.725 23.264 321.569
1717 0.000000 0 0.7653 0.5482 0.3373 0.9627 0.3586 0.0000 767.725 23.265 321.569
1718 0.000000 0 0.7653 0.5482 0.3373 0.9627 0.3586 0.0000 767.725 23.287 321.569
1719 0.000000 0 0.7653 0.5482 0.3373 0.9627 0.3586 0.0000 767.725 23.287 321.569
1720 0.000000 0 0.7653 0.5482 0.3373 0.9627 0.3586 0.0000 767.724 23.298 321.570
1721 0.000000 0 0.7653 0.5483 0.3373 0.9627 0.3586 0.0000 767.724 23.307 321.570
1722 0.000000 0 0.7653 0.5483 0.3373 0.9627 0.3586 0.0000 767.724 23.307 321.570
1723 0.000000 0 0.7652 0.5483 0.3373 0.9627 0.3586 0.0000 767.724 23.315 321.570
1724 0.000000 0 0.7652 0.5483 0.3373 0.9627 0.3586 0.0000 767.724 23.317 321.570
1725 0.000000 0 0.7652 0.5483 0.3373 0.9627 0.3586 0.0000 767.724 23.317 321.570
1726 0.000000 0 0.7652 0.5484 0.3373 0.9627 0.3586 0.0000 767.724 23.316 321.570
1727 0.000000 0 0.7652 0.5484 0.3373 0.9627 0.3586 0.0000 767.724 23.316 321.570
1728 0.000000 0 0.7652 0.5484 0.3373 0.9627 0.3586 0.0000 767.724 23.313 321.570
1729 0.000000 0 0.7652 0.5484 0.3373 0.9627 0.3586 0.0000 767.724 23.306 321.570
1730 0.000000 0 0.7652 0.5484 0.3373 0.9627 0.3586 0.0000 767.724 23.305 321.570
1731 0.000000 0 0.7651 0.5485 0.3373 0.9627 0.3586 0.0000 767.725 23.291 321.570
1732 0.000000 0 0.7651 0.5485 0.3373 0.9627 0.3586 0.0000 767.725 23.290 321.570
1733 0.000000 0 0.7651 0.5485 0.3372 0.9627 0.3586 0.0000 767.725 23.270 321.569
1734 0.000000 0 0.7651 0.5485 0.3372 0.9627 0.3586 0.0000 767.725 23.252 321.569
1735 0.000000 0 0.7651 0.5485 0.3372 0.9627 0.3586 0.0000 767.725 23.251 321.569
1736 0.000000 0 0.7651 0.5486 0.3372 0.9627 0.3586 0.0000 767.726 23.232 321.569
1737 0.000000 0 0.7651 0.5486 0.3372 0.9627 0.3586 0.0000 767.726 23.231 321.569
1738 0.000000 0 0.7651 0.5486 0.3372 0.9627 0.3586 0.0000 767.726 23.208 321.568
1739 0.000000 0 0.7650 0.5486 0.3372 0.9627 0.3586 0.0000 767.727 23.183 321.568
1740 0.000000 0 0.7650 0.5486 0.3372 0.9627 0.3586 0.0000 767.727 23.182 321.567
1741 0.000000 0 0.7650 0.5486 0.3372 0.9627 0.3586 0.0000 767.728 23.154 321.567
1742 0.000000 0 0.7650 0.5487 0.3372 0.9627 0.3586 0.0000 767.728 23.153 321.567
1743 0.000000 0 0.7650 0.5487 0.3372 0.9627 0.3586 0.0000 767.729 23.123 321.566
1744 0.000000 0 0.7650 0.5487 0.3372 0.9627 0.3586 0.0000 767.729 23.089 321.565
1745 0.000000 0 0.7650 0.5487 0.3372 0.9627 0.3586 0.0000 767.729 23.087 321.565
1746 0.000000 0 0.7650 0.5487 0.3372 0.9627 0.3586 0.0000 767.731 23.033 321.564
1747 0.000000 0 0.7649 0.5488 0.3372 0.9627 0.3586 0.0000 767.731 22.993 321.563
1748 0.000000 0 0.7649 0.5488 0.3372 0.9627 0.3586 0.0000 767.731 22.991 321.563
1749 0.000000 0 0.7649 0.5488 0.3372 0.9627 0.3586 0.0000 767.733 22.949 321.562
1750 0.000000 0 0.7649 0.5488 0.3372 0.9627 0.3586 0.0000 767.733 22.947 321.561
1751 0.000000 0 0.7649 0.5489 0.3372 0.9627 0.3586 0.0000 767.734 22.879 321.560
1752 0.000000 0 0.7649 0.5489 0.3372 0.9627 0.3586 0.0000 767.736 22.829 321.559
1753 0.000000 0 0.7649 0.5489 0.3372 0.9627 0.3586 0.0000 767.736 22.826 321.559
1754 0.000000 0 0.7648 0.5489 0.3372 0.9627 0.3586 0.0000 767.738 22.748 321.557
1755 0.000000 0 0.7648 0.5490 0.3372 0.9627 0.3586 0.0000 767.739 22.412 321.556
1756 0.000000 0 0.7648 0.5490 0.3372 0.9627 0.3586 0.0000 767.739 22.390 321.556
1757 0.000000 0 0.7648 0.5490 0.3372 0.9627 0.3586 0.0000 767.747 22.350 321.548
1758 0.000000 0 0.7648 0.5490 0.3372 0.9627 0.3586 0.0000 767.748 22.342 321.547
1759 0.000000 0 0.7648 0.5490 0.3372 0.9627 0.3586 0.0000 767.748 22.336 321.547
1760 0.000000 0 0.7648 0.5490 0.3372 0.9627 0.3586 0.0000 767.748 22.316 321.547
1761 0.000000 0 0.7648 0.5490 0.3372 0.9627 0.3586 0.0000 767.748 22.315 321.547
1762 0.000000 0 0.7648 0.5491 0.3372 0.9627 0.3586 0.0000 767.748 22.296 321.547
1763 0.000000 0 0.7647 0.5491 0.3372 0.9627 0.3586 0.0000 767.748 22.295 321.547
1764 0.000000 0 0.7647 0.5491 0.3372 0.9627 0.3586 0.0000 767.748 22.285 321.547
1765 0.000000 0 0.7647 0.5491 0.3372 0.9627 0.3586 0.0000 767.748 22.284 321.547
1766 0.000000 0 0.7647 0.5491 0.3372 0.9627 0.3586 0.0000 767.748 22.281 321.547
1767 0.000000 0 0.7647 0.5491 0.3372 0.9627 0.3586 0.0000 767.748 22.282 321.547
1768 0.000000 0 0.7647 0.5492 0.3372 0.9627 0.3586 0.0000 767.748 22.282 321.547
1769 0.000000 0 0.7647 0.5492 0.3372 0.9627 0.3586 0.0000 767.748 22.288 321.547
1770 0.000000 0 0.7647 0.5492 0.3372 0.9627 0.3586 0.0000 767.748 22.288 321.547
1771 0.000000 0 0.7646 0.5492 0.3372 0.9627 0.3586 0.0000 767.748 22.302 321.547
1772 0.000000 0 0.7646 0.5493 0.3371 0.9627 0.3586 0.0000 767.748 22.313 321.547
1773 0.000000 0 0.7646 0.5493 0.3371 0.9627 0.3586 0.0000 767.748 22.314 321.547
1774 0.000000 0 0.7646 0.5493 0.3371 0.9627 0.3586 0.0000 767.748 22.324 321.547
1775 0.000000 0 0.7646 0.5493 0.3371 0.9627 0.3586 0.0000 767.748 22.325 321.547
1776 0.000000 0 0.7646 0.5493 0.3371 0.9627 0.3586 0.0000 767.748 22.334 321.547
1777 0.000000 0 0.7646 0.5493 0.3371 0.9627 0.3586 0.0000 767.748 22.335 321.547
1778 0.000000 0 0.7646 0.5494 0.3371 0.9627 0.3586 0.0000 767.748 22.346 321.547
1779 0.000000 0 0.7646 0.5494 0.3371 0.9627 0.3586 0.0000 767.748 22.346 321.547
1780 0.000000 0 0.7645 0.5494 0.3371 0.9627 0.3586 0.0000 767.748 22.350 321.547
1781 0.000000 0 0.7645 0.5494 0.3371 0.9627 0.3586 0.0000 767.748 22.350 321.547
1782 0.000000 0 0.7645 0.5494 0.3371 0.9627 0.3586 0.0000 767.748 22.353 321.547
1783 0.000000 0 0.7645 0.5495 0.3371 0.9627 0.3586 0.0000 767.748 22.354 321.547
1784 0.000000 0 0.7645 0.5495 0.3371 0.9627 0.3586 0.0000 767.748 22.354 321.547
1785 0.000000 0 0.7645 0.5495 0.3371 0.9627 0.3586 0.0000 767.748 22.355 321.547
1786 0.000000 0 0.7645 0.5495 0.3371 0.9627 0.3586 0.0000 767.748 22.356 321.547
1787 0.000000 0 0.7644 0.5495 0.3371 0.9627 0.3586 0.0000 767.748 22.356 321.547
1788 0.000000 0 0.7644 0.5495 0.3371 0.9627 0.3586 0.0000 767.748 22.356 321.547
1789 0.000000 0 0.7644 0.5496 0.3371 0.9627 0.3586 0.0000 767.748 22.356 321.547
1790 0.000000 0 0.7644 0.5496 0.3371 0.9627 0.3586 0.0000 767.748 22.356 321.547
1791 0.000000 0 0.7644 0.5496 0.3371 0.9627 0.3586 0.0000 767.748 22.356 321.547
1792 0.000000 0 0.7644 0.5496 0.3371 0.9627 0.3586 0.0000 767.748 22.356 321.547
1793 0.000000 0 0.7644 0.5497 0.3371 0.9627 0.3586 0.0000 767.748 22.356 321.547
1794 0.000000 0 0.7644 0.5497 0.3371 0.9627 0.3586 0.0000 767.748 22.356 321.547
1795 0.000000 0 0.7643 0.5497 0.3371 0.9627 0.3586 0.0000 767.748 22.356 321.547
1796 0.000000 0 0.7643 0.5497 0.3371 0.9627 0.3586 0.0000 767.748 22.356 321.547
1797 0.000000 0 0.7643 0.5497 0.3371 0.9627 0.3586 0.0000 767.748 22.356 321.547
1798 0.000000 0 0.7643 0.5498 0.3371 0.9627 0.3586 0.0000 767.748 22.356 321.547
1799 0.000000 0 0.7643 0.5498 0.3371 0.9627 0.3586 0.0000 767.748 22.356 321.547
1800 0.000000 0 0.7643 0.5498 0.3371 0.9627 0.3586 0.0000 767.748 22.356 321.547
1801 0.000000 0 0.7643 0.5498 0.3371 0.9627 0.3586 0.0000 767.748 22.356 321.547
1802 0.000000 0 0.7643 0.5498 0.3371 0.9627 0.3586 0.0000 767.748 22.356 321.547
1803 0.000000 0 0.7642 0.5498 0.3371 0.9627 0.3586 0.0000 767.748 22.356 321.547
1804 0.000000 0 0.7642 0.5499 0.3371 0.9627 0.3586 0.0000 767.748 22.356 321.547
1805 0.000000 0 0.7642 0.5499 0.3371 0.9627 0.3586 0.0000 767.748 22.356 321.547
1806 0.000000 0 0.7642 0.5499 0.3371 0.9627 0.3586 0.0000 767.748 22.356 321.547
1807 0.000000 0 0.7642 0.5499 0.3371 0.9627 0.3586 0.0000 767.748 22.356 321.547
1808 0.000000 0 0.7642 0.5499 0.3371 0.9627 0.3586 0.0000 767.748 22.356 321.547
1809 0.000000 0 0.7642 0.5500 0.3371 0.9627 0.3586 0.0000 767.748 22.356 321.547
1810 0.000000 0 0.7642 0.5500 0.3371 0.9627 0.3586 0.0000 767.748 22.356 321.547
1811 0.000000 0 0.7641 0.5500 0.3370 0.9627 0.3586 0.0000 767.748 22.356 321.547
1812 0.000000 0 0.7641 0.5500 0.3370 0.9627 0.3586 0.0000 767.748 22.356 321.547
1813 0.000000 0 0.7641 0.5500 0.3370 0.9627 0.3586 0.0000 767.748 22.356 321.547
1814 0.000000 0 0.7641 0.5501 0.3370 0.9627 0.3586 0.0000 767.748 22.356 321.547
1815 0.000000 0 0.7641 0.5501 0.3370 0.9627 0.3586 0.0000 767.748 22.356 321.547
1816 0.000000 0 0.7641 0.5501 0.3370 0.9627 0.3586 0.0000 767.748 22.356 321.547
1817 0.000000 0 0.7641 0.5501 0.3370 0.9627 0.3586 0.0000 767.748 22.356 321.547
1818 0.000000 0 0.7641 0.5501 0.3370 0.9627 0.3586 0.0000 767.748 22.356 321.547
1819 0.000000 0 0.7640 0.5502 0.3370 0.9627 0.3586 0.0000 767.748 22.356 321.547
1820 0.000000 0 0.7640 0.5502 0.3370 0.9627 0.3586 0.0000 767.748 22.356 321.547
1821 0.000000 0 0.7640 0.5502 0.3370 0.9627 0.3586 0.0000 767.748 22.356 321.547
1822 0.000000 0 0.7640 0.5502 0.3370 0.9627 0.3586 0.0000 767.748 22.356 321.547
1823 0.000000 0 0.7640 0.5502 0.3370 0.9627 0.3586 0.0000 767.748 22.356 321.547
1824 0.000000 0 0.7640 0.5502 0.3370 0.9627 0.3586 0.0000 767.748 22.356 321.547
1825 0.000000 0 0.7640 0.5503 0.3370 0.9627 0.3586 0.0000 767.748 22.356 321.547
1826 0.000000 0 0.7640 0.5503 0.3370 0.9627 0.3586 0.0000 767.748 22.356 321.547
1827 0.000000 0 0.7639 0.5503 0.3370 0.9627 0.3586 0.0000 767.748 22.356 321.547
1828 0.000000 0 0.7639 0.5503 0.3370 0.9627 0.3586 0.0000 767.748 22.356 321.547
1829 0.000000 0 0.7639 0.5503 0.3370 0.9627 0.3586 0.0000 767.748 22.356 321.547
1830 0.000000 0 0.7639 0.5503 0.3370 0.9627 0.3586 0.0000 767.748 22.356 321.547
1831 0.000000 0 0.7639 0.5503 0.3370 0.9627 0.3586 0.0000 767.748 22.356 321.547
1832 0.000000 0 0.7639 0.5504 0.3370 0.9627 0.3586 0.0000 767.748 22.356 321.547
1833 0.000000 0 0.7639 0.5504 0.3370 0.9627 0.3586 0.0000 767.748 22.356 321.547
1834 0.000000 0 0.7639 0.5504 0.3370 0.9627 0.3586 0.0000 767.748 22.356 321.547
1835 0.000000 0 0.7638 0.5505 0.3370 0.9627 0.3586 0.0000 767.748 22.356 321.547
1836 0.000000 0 0.7638 0.5505 0.3370 0.9627 0.3586 0.0000 767.748 22.356 321.547
1837 0.000000 0 0.7638 0.5505 0.3370 0.9627 0.3586 0.0000 767.748 22.356 321.547
1838 0.000000 0 0.7638 0.5505 0.3370 0.9627 0.3586 0.0000 767.748 22.356 321.547
1839 0.000000 0 0.7638 0.5505 0.3370 0.9627 0.3586 0.0000 767.748 22.356 321.547
1840 0.000000 0 0.7638 0.5505 0.3370 0.9627 0.3586 0.0000 767.748 22.356 321.547
1841 0.000000 0 0.7638 0.5505 0.3370 0.9627 0.3586 0.0000 767.748 22.356 321.547
1842 0.000000 0 0.7638 0.5506 0.3370 0.9627 0.3586 0.0000 767.748 22.356 321.547
1843 0.000000 0 0.7637 0.5506 0.3370 0.9627 0.3586 0.0000 767.748 22.356 321.547
1844 0.000000 0 0.7637 0.5506 0.3370 0.9627 0.3586 0.0000 767.748 22.356 321.547
1845 0.000000 0 0.7637 0.5506 0.3370 0.9627 0.3586 0.0000 767.748 22.356 321.547
1846 0.000000 0 0.7637 0.5506 0.3370 0.9627 0.3586 0.0000 767.748 22.356 321.547
1847 0.000000 0 0.7637 0.5507 0.3370 0.9627 0.3586 0.0000 767.748 22.356 321.547
1848 0.000000 0 0.7637 0.5507 0.3369 0.9627 0.3586 0.0000 767.748 22.356 321.547
1849 0.000000 0 0.7637 0.5507 0.3369 0.9627 0.3586 0.0000 767.748 22.356 321.547
1850 0.000000 0 0.7636 0.5507 0.3369 0.9627 0.3586 0.0000 767.748 22.356 321.547
1851 0.000000 0 0.7636 0.5507 0.3369 0.9627 0.3586 0.0000 767.748 22.356 321.547
1852 0.000000 0 0.7636 0.5508 0.3369 0.9627 0.3586 0.0000 767.748 22.356 321.547
1853 0.000000 0 0.7636 0.5508 0.3369 0.9627 0.3586 0.0000 767.748 22.356 321.547
1854 0.000000 0 0.7636 0.5508 0.3369 0.9627 0.3586 0.0000 767.748 22.356 321.547
1855 0.000000 0 0.7636 0.5508 0.3369 0.9627 0.3586 0.0000 767.748 22.356 321.547
1856 0.000000 0 0.7636 0.5508 0.3369 0.9627 0.3586 0.0000 767.748 22.356 321.547
1857 0.000000 0 0.7636 0.5509 0.3369 0.9627 0.3586 0.0000 767.748 22.356 321.547
1858 0.000000 0 0.7636 0.5509 0.3369 0.9627 0.3586 0.0000 767.748 22.356 321.547
1859 0.000000 0 0.7636 0.5509 0.3369 0.9627 0.3586 0.0000 767.748 22.356 321.547
1860 0.000000 0 0.7636 0.5509 0.3369 0.9627 0.3586 0.0000 767.748 22.356 321.547
1861 0.000000 0 0.7635 0.5509 0.3369 0.9627 0.3586 0.0000 767.748 22.356 321.547
1862 0.000000 0 0.7635 0.5510 0.3369 0.9627 0.3586 0.0000 767.748 22.356 321.547
1863 0.000000 0 0.7635 0.5510 0.3369 0.9627 0.3586 0.0000 767.748 22.356 321.547
1864 0.000000 0 0.7635 0.5510 0.3369 0.9627 0.3586 0.0000 767.748 22.356 321.547
1865 0.000000 0 0.7635 0.5510 0.3369 0.9627 0.3586 0.0000 767.748 22.356 321.547
1866 0.000000 0 0.7635 0.5510 0.3369 0.9627 0.3586 0.0000 767.748 22.356 321.547
1867 0.000000 0 0.7634 0.5511 0.3369 0.9627 0.3586 0.0000 767.748 22.356 321.547
1868 0.000000 0 0.7634 0.5511 0.3369 0.9627 0.3586 0.0000 767.748 22.356 321.547
1869 0.000000 0 0.7634 0.5511 0.3369 0.9627 0.3586 0.0000 767.748 22.356 321.547
1870 0.000000 0 0.7634 0.5511 0.3369 0.9627 0.3586 0.0000 767.748 22.356 321.547
1871 0.000000 0 0.7634 0.5511 0.3369 0.9627 0.3586 0.0000 767.748 22.356 321.547
1872 0.000000 0 0.7634 0.5511 0.3369 0.9627 0.3586 0.0000 767.748 22.356 321.547
1873 0.000000 0 0.7634 0.5512 0.3369 0.9627 0.3586 0.0000 767.748 22.356 321.547
1874 0.000000 0 0.7634 0.5512 0.3369 0.9627 0.3586 0.0000 767.748 22.356 321.547
1875 0.000000 0 0.7633 0.5512 0.3369 0.9627 0.3586 0.0000 767.748 22.356 321.547
1876 0.000000 0 0.7633 0.5512 0.3369 0.9627 0.3586 0.0000 767.748 22.356 321.547
1877 0.000000 0 0.7633 0.5512 0.3369 0.9627 0.3586 0.0000 767.748 22.356 321.547
1878 0.000000 0 0.7633 0.5512 0.3369 0.9627 0.3586 0.0000 767.748 22.356 321.547
1879 0.000000 0 0.7633 0.5513 0.3369 0.9627 0.3586 0.0000 767.748 22.356 321.547
1880 0.000000 0 0.7633 0.5513 0.3369 0.9627 0.3586 0.0000 767.748 22.356 321.547
1881 0.000000 0 0.7633 0.5513 0.3369 0.9627 0.3586 0.0000 767.748 22.356 321.547
1882 0.000000 0 0.7633 0.5513 0.3369 0.9627 0.3586 0.0000 767.748 22.356 321.547
1883 0.000000 0 0.7633 0.5513 0.3369 0.9627 0.3586 0.0000 767.748 22.356 321.547
1884 0.000000 0 0.7632 0.5514 0.3369 0.9627 0.3586 0.0000 767.748 22.356 321.547
1885 0.000000 0 0.7632 0.5514 0.3369 0.9627 0.3586 0.0000 767.748 22.356 321.547
1886 0.000000 0 0.7632 0.5514 0.3369 0.9627 0.3586 0.0000 767.748 22.356 321.547
1887 0.000000 0 0.7632 0.5514 0.3369 0.9627 0.3586 0.0000 767.748 22.356 321.547
1888 0.000000 0 0.7632 0.5514 0.3369 0.9627 0.3586 0.0000 767.748 22.356 321.547
1889 0.000000 0 0.7632 0.5514 0.3369 0.9627 0.3586 0.0000 767.748 22.356 321.547
1890 0.000000 0 0.7632 0.5515 0.3368 0.9627 0.3586 0.0000 767.748 22.356 321.547
1891 0.000000 0 0.7632 0.5515 0.3368 0.9627 0.3586 0.0000 767.748 22.356 321.547
1892 0.000000 0 0.7632 0.5515 0.3368 0.9627 0.3586 0.0000 767.748 22.356 321.547
1893 0.000000 0 0.7631 0.5515 0.3368 0.9627 0.3586 0.0000 767.748 22.356 321.547
1894 0.000000 0 0.7631 0.5516 0.3368 0.9627 0.3586 0.0000 767.748 22.356 321.547
1895 0.000000 0 0.7631 0.5516 0.3368 0.9627 0.3586 0.0000 767.748 22.356 321.547
1896 0.000000 0 0.7631 0.5516 0.3368 0.9627 0.3586 0.0000 767.748 22.356 321.547
1897 0.000000 0 0.7631 0.5516 0.3368 0.9627 0.3586 0.0000 767.748 22.356 321.547
1898 0.000000 0 0.7631 0.5516 0.3368 0.9627 0.3586 0.0000 767.747 22.416 321.548
1899 0.000000 0 0.7631 0.5516 0.3368 0.9627 0.3586 0.0000 767.747 22.421 321.548
1900 0.000000 0 0.7631 0.5516 0.3368 0.9627 0.3586 0.0000 767.745 22.484 321.550
1901 0.000000 0 0.7630 0.5517 0.3368 0.9627 0.3586 0.0000 767.744 22.517 321.551
1902 0.000000 0 0.7630 0.5517 0.3368 0.9627 0.3586 0.0000 767.743 22.582 321.552
1903 0.000000 0 0.7630 0.5517 0.3368 0.9627 0.3586 0.0000 767.743 22.585 321.553
1904 0.000000 0 0.7630 0.5517 0.3368 0.9627 0.3586 0.0000 767.740 22.674 321.555
1905 0.000000 0 0.7630 0.5518 0.3368 0.9627 0.3586 0.0000 767.739 22.732 321.556
1906 0.000000 0 0.7630 0.5518 0.3368 0.9627 0.3586 0.0000 767.739 22.736 321.556
1907 0.000000 0 0.7630 0.5518 0.3368 0.9627 0.3586 0.0000 767.738 22.787 321.558
1908 0.000000 0 0.7630 0.5518 0.3368 0.9627 0.3586 0.0000 767.738 22.789 321.558
1909 0.000000 0 0.7629 0.5518 0.3368 0.9627 0.3586 0.0000 767.736 22.864 321.560
1910 0.000000 0 0.7629 0.5518 0.3368 0.9627 0.3586 0.0000 767.736 22.868 321.560
1911 0.000000 0 0.7629 0.5519 0.3368 0.9627 0.3586 0.0000 767.735 22.913 321.561
1912 0.000000 0 0.7629 0.5519 0.3368 0.9627 0.3586 0.0000 767.734 22.915 321.561
1913 0.000000 0 0.7629 0.5519 0.3368 0.9627 0.3586 0.0000 767.734 22.958 321.562
1914 0.000000 0 0.7629 0.5519 0.3368 0.9627 0.3586 0.0000 767.733 22.960 321.562
1915 0.000000 0 0.7629 0.5519 0.3368 0.9627 0.3586 0.0000 767.732 23.021 321.564
1916 0.000000 0 0.7628 0.5520 0.3368 0.9627 0.3586 0.0000 767.731 23.060 321.565
1917 0.000000 0 0.7628 0.5520 0.3368 0.9627 0.3586 0.0000 767.731 23.063 321.565
1918 0.000000 0 0.7628 0.5520 0.3368 0.9627 0.3586 0.0000 767.730 23.096 321.566
1919 0.000000 0 0.7628 0.5520 0.3368 0.9627 0.3586 0.0000 767.730 23.098 321.566
1920 0.000000 0 0.7628 0.5520 0.3368 0.9627 0.3586 0.0000 767.729 23.130 321.566
1921 0.000000 0 0.7628 0.5520 0.3368 0.9627 0.3586 0.0000 767.729 23.160 321.567
1922 0.000000 0 0.7628 0.5520 0.3368 0.9627 0.3586 0.0000 767.728 23.162 321.567
1923 0.000000 0 0.7628 0.5521 0.3368 0.9627 0.3586 0.0000 767.727 23.201 321.568
1924 0.000000 0 0.7627 0.5521 0.3368 0.9627 0.3586 0.0000 767.727 23.225 321.569
1925 0.000000 0 0.7627 0.5521 0.3368 0.9627 0.3586 0.0000 767.727 23.226 321.569
1926 0.000000 0 0.7627 0.5521 0.3368 0.9627 0.3586 0.0000 767.726 23.246 321.569
1927 0.000000 0 0.7627 0.5521 0.3368 0.9627 0.3586 0.0000 767.726 23.247 321.569
1928 0.000000 0 0.7627 0.5522 0.3368 0.9627 0.3586 0.0000 767.726 23.264 321.570
1929 0.000000 0 0.7627 0.5522 0.3368 0.9627 0.3586 0.0000 767.726 23.265 321.570
1930 0.000000 0 0.7627 0.5522 0.3367 0.9627 0.3586 0.0000 767.726 23.280 321.570
1931 0.000000 0 0.7627 0.5522 0.3367 0.9627 0.3586 0.0000 767.725 23.287 321.570
1932 0.000000 0 0.7627 0.5522 0.3367 0.9627 0.3586 0.0000 767.725 23.298 321.571
1933 0.000000 0 0.7626 0.5523 0.3367 0.9627 0.3586 0.0000 767.725 23.307 321.571
1934 0.000000 0 0.7626 0.5523 0.3367 0.9627 0.3586 0.0000 767.725 23.307 321.571
1935 0.000000 0 0.7626 0.5523 0.3367 0.9627 0.3586 0.0000 767.725 23.313 321.571
1936 0.000000 0 0.7626 0.5523 0.3367 0.9627 0.3586 0.0000 767.725 23.313 321.571
1937 0.000000 0 0.7626 0.5523 0.3367 0.9627 0.3586 0.0000 767.725 23.317 321.571
1938 0.000000 0 0.7626 0.5524 0.3367 0.9627 0.3586 0.0000 767.725 23.316 321.571
1939 0.000000 0 0.7626 0.5524 0.3367 0.9627 0.3586 0.0000 767.725 23.316 321.571
1940 0.000000 0 0.7625 0.5524 0.3367 0.9627 0.3586 0.0000 767.725 23.313 321.571
1941 0.000000 0 0.7625 0.5524 0.3367 0.9627 0.3586 0.0000 767.725 23.306 321.571
1942 0.000000 0 0.7625 0.5524 0.3367 0.9627 0.3586 0.0000 767.725 23.305 321.571
1943 0.000000 0 0.7625 0.5525 0.3367 0.9627 0.3586 0.0000 767.725 23.291 321.571
1944 0.000000 0 0.7625 0.5525 0.3367 0.9627 0.3586 0.0000 767.726 23.278 321.571
1945 0.000000 0 0.7625 0.5525 0.3367 0.9627 0.3586 0.0000 767.726 23.277 321.571
1946 0.000000 0 0.7625 0.5525 0.3367 0.9627 0.3586 0.0000 767.726 23.252 321.570
1947 0.000000 0 0.7624 0.5526 0.3367 0.9627 0.3586 0.0000 767.727 23.232 321.569
1948 0.000000 0 0.7624 0.5526 0.3367 0.9627 0.3586 0.0000 767.727 23.230 321.569
1949 0.000000 0 0.7624 0.5526 0.3367 0.9627 0.3586 0.0000 767.727 23.209 321.569
1950 0.000000 0 0.7624 0.5526 0.3367 0.9627 0.3586 0.0000 767.727 23.207 321.569
1951 0.000000 0 0.7624 0.5526 0.3367 0.9627 0.3586 0.0000 767.728 23.183 321.568
1952 0.000000 0 0.7624 0.5526 0.3367 0.9627 0.3586 0.0000 767.728 23.182 321.568
1953 0.000000 0 0.7624 0.5527 0.3367 0.9627 0.3586 0.0000 767.729 23.154 321.568
1954 0.000000 0 0.7624 0.5527 0.3367 0.9627 0.3586 0.0000 767.729 23.123 321.567
1955 0.000000 0 0.7624 0.5527 0.3367 0.9627 0.3586 0.0000 767.729 23.121 321.567
1956 0.000000 0 0.7623 0.5527 0.3367 0.9627 0.3586 0.0000 767.730 23.072 321.566
1957 0.000000 0 0.7623 0.5528 0.3367 0.9627 0.3586 0.0000 767.732 23.033 321.564
1958 0.000000 0 0.7623 0.5528 0.3367 0.9627 0.3586 0.0000 767.732 23.031 321.564
1959 0.000000 0 0.7623 0.5528 0.3367 0.9627 0.3586 0.0000 767.732 22.993 321.564
1960 0.000000 0 0.7623 0.5528 0.3367 0.9627 0.3586 0.0000 767.733 22.971 321.563
1961 0.000000 0 0.7623 0.5528 0.3367 0.9627 0.3586 0.0000 767.734 22.949 321.562
1962 0.000000 0 0.7623 0.5528 0.3367 0.9627 0.3586 0.0000 767.734 22.903 321.562
1963 0.000000 0 0.7623 0.5528 0.3367 0.9627 0.3586 0.0000 767.734 22.901 321.562
1964 0.000000 0 0.7622 0.5529 0.3367 0.9627 0.3586 0.0000 767.736 22.854 321.560
1965 0.000000 0 0.7622 0.5529 0.3367 0.9627 0.3586 0.0000 767.736 22.852 321.560
1966 0.000000 0 0.7622 0.5529 0.3367 0.9627 0.3586 0.0000 767.737 22.803 321.560
1967 0.000000 0 0.7622 0.5529 0.3367 0.9627 0.3586 0.0000 767.737 22.801 321.560
1968 0.000000 0 0.7622 0.5529 0.3366 0.9627 0.3586 0.0000 767.739 22.748 321.557
1969 0.000000 0 0.7622 0.5529 0.3366 0.9627 0.3586 0.0000 767.739 22.604 321.557
1970 0.000000 0 0.7622 0.5530 0.3366 0.9627 0.3586 0.0000 767.739 22.414 321.557
1971 0.000000 0 0.7622 0.5530 0.3366 0.9627 0.3586 0.0000 767.743 22.354 321.554
1972 0.000000 0 0.7622 0.5530 0.3366 0.9627 0.3586 0.0000 767.749 22.344 321.548
1973 0.000000 0 0.7621 0.5530 0.3366 0.9627 0.3586 0.0000 767.749 22.343 321.548
1974 0.000000 0 0.7621 0.5530 0.3366 0.9627 0.3586 0.0000 767.749 22.316 321.547
1975 0.000000 0 0.7621 0.5530 0.3366 0.9627 0.3586 0.0000 767.749 22.315 321.547
1976 0.000000 0 0.7621 0.5531 0.3366 0.9627 0.3586 0.0000 767.749 22.297 321.547
1977 0.000000 0 0.7621 0.5531 0.3366 0.9627 0.3586 0.0000 767.749 22.290 321.547
1978 0.000000 0 0.7621 0.5531 0.3366 0.9627 0.3586 0.0000 767.749 22.285 321.547
1979 0.000000 0 0.7621 0.5531 0.3366 0.9627 0.3586 0.0000 767.749 22.281 321.547
1980 0.000000 0 0.7621 0.5531 0.3366 0.9627 0.3586 0.0000 767.749 22.281 321.547
1981 0.000000 0 0.7620 0.5532 0.3366 0.9627 0.3586 0.0000 767.749 22.282 321.547
1982 0.000000 0 0.7620 0.5532 0.3366 0.9627 0.3586 0.0000 767.749 22.285 321.547
1983 0.000000 0 0.7620 0.5532 0.3366 0.9627 0.3586 0.0000 767.749 22.292 321.547
1984 0.000000 0 0.7620 0.5532 0.3366 0.9627 0.3586 0.0000 767.749 22.297 321.547
1985 0.000000 0 0.7620 0.5532 0.3366 0.9627 0.3586 0.0000 767.749 22.307 321.547
1986 0.000000 0 0.7620 0.5533 0.3366 0.9627 0.3586 0.0000 767.749 22.313 321.547
1987 0.000000 0 0.7620 0.5533 0.3366 0.9627 0.3586 0.0000 767.749 22.319 321.547
1988 0.000000 0 0.7620 0.5533 0.3366 0.9627 0.3586 0.0000 767.749 22.329 321.547
1989 0.000000 0 0.7619 0.5533 0.3366 0.9627 0.3586 0.0000 767.749 22.334 321.547
1990 0.000000 0 0.7619 0.5533 0.3366 0.9627 0.3586 0.0000 767.749 22.339 321.547
1991 0.000000 0 0.7619 0.5533 0.3366 0.9627 0.3586 0.0000 767.749 22.346 321.547
1992 0.000000 0 0.7619 0.5534 0.3366 0.9627 0.3586 0.0000 767.749 22.348 321.547
1993 0.000000 0 0.7619 0.5534 0.3366 0.9627 0.3586 0.0000 767.749 22.351 321.547
1994 0.000000 0 0.7619 0.5534 0.3366 0.9627 0.3586 0.0000 767.749 22.353 321.547
1995 0.000000 0 0.7619 0.5534 0.3366 0.9627 0.3586 0.0000 767.749 22.353 321.547
1996 0.000000 0 0.7618 0.5535 0.3366 0.9627 0.3586 0.0000 767.749 22.355 321.547
1997 0.000000 0 0.7618 0.5535 0.3366 0.9627 0.3586 0.0000 767.749 22.355 321.547
1998 0.000000 0 0.7618 0.5535 0.3366 0.9627 0.3586 0.0000 767.749 22.356 321.547
1999 0.000000 0 0.7618 0.5535 0.3366 0.9627 0.3586 0.0000 767.749 22.356 321.547
2000 0.000000 0 0.7618 0.5535 0.3366 0.9627 0.3586 0.0000 767.749 22.356 321.547
2001 0.000000 0 0.7618 0.5535 0.3366 0.9627 0.3586 0.0000 767.749 22.356 321.547
2002 0.000000 0 0.7618 0.5536 0.3366 0.9627 0.3586 0.0000 767.749 22.356 321.547
2003 0.000000 0 0.7617 0.5536 0.3366 0.9627 0.3586 0.0000 767.749 22.356 321.547
2004 0.000000 0 0.7617 0.5536 0.3366 0.9627 0.3586 0.0000 767.749 22.356 321.547
2005 0.000000 0 0.7617 0.5536 0.3366 0.9627 0.3586 0.0000 767.749 22.356 321.547
2006 0.000000 0 0.7617 0.5536 0.3366 0.9627 0.3586 0.0000 767.749 22.356 321.547
2007 0.000000 0 0.7617 0.5537 0.3365 0.9627 0.3586 0.0000 767.749 22.356 321.547
2008 0.000000 0 0.7617 0.5537 0.3365 0.9627 0.3586 0.0000 767.749 22.356 321.547
2009 0.000000 0 0.7617 0.5537 0.3365 0.9627 0.3586 0.0000 767.749 22.356 321.547
2010 0.000000 0 0.7617 0.5537 0.3365 0.9627 0.3586 0.0000 767.749 22.356 321.547
2011 0.000000 0 0.7617 0.5537 0.3365 0.9627 0.3586 0.0000 767.749 22.356 321.547
2012 0.000000 0 0.7616 0.5538 0.3365 0.9627 0.3586 0.0000 767.749 22.356 321.547
2013 0.000000 0 0.7616 0.5538 0.3365 0.9627 0.3586 0.0000 767.749 22.356 321.547
2014 0.000000 0 0.7616 0.5538 0.3365 0.9627 0.3586 0.0000 767.749 22.356 321.547
2015 0.000000 0 0.7616 0.5538 0.3365 0.9627 0.3586 0.0000 767.749 22.356 321.547
2016 0.000000 0 0.7616 0.5538 0.3365 0.9627 0.3586 0.0000 767.749 22.356 321.547
2017 0.000000 0 0.7616 0.5538 0.3365 0.9627 0.3586 0.0000 767.749 22.356 321.547
2018 0.000000 0 0.7616 0.5539 0.3365 0.9627 0.3586 0.0000 767.749 22.356 321.547
2019 0.000000 0 0.7616 0.5539 0.3365 0.9627 0.3586 0.0000 767.749 22.356 321.547
2020 0.000000 0 0.7615 0.5539 0.3365 0.9627 0.3586 0.0000 767.749 22.356 321.547
2021 0.000000 0 0.7615 0.5539 0.3365 0.9627 0.3586 0.0000 767.749 22.356 321.547
2022 0.000000 0 0.7615 0.5539 0.3365 0.9627 0.3586 0.0000 767.749 22.356 321.547
2023 0.000000 0 0.7615 0.5539 0.3365 0.9627 0.3586 0.0000 767.749 22.356 321.547
2024 0.000000 0 0.7615 0.5540 0.3365 0.9627 0.3586 0.0000 767.749 22.356 321.547
2025 0.000000 0 0.7615 0.5540 0.3365 0.9627 0.3586 0.0000 767.749 22.356 321.547
2026 0.000000 0 0.7615 0.5540 0.3365 0.9627 0.3586 0.0000 767.749 22.356 321.547
2027 0.000000 0 0.7615 0.5540 0.3365 0.9627 0.3586 0.0000 767.749 22.356 321.547
2028 0.000000 0 0.7614 0.5540 0.3365 0.9627 0.3586 0.0000 767.749 22.356 321.547
2029 0.000000 0 0.7614 0.5541 0.3365 0.9627 0.3586 0.0000 767.749 22.356 321.547
2030 0.000000 0 0.7614 0.5541 0.3365 0.9627 0.3586 0.0000 767.749 22.356 321.547
2031 0.000000 0 0.7614 0.5541 0.3365 0.9627 0.3586 0.0000 767.749 22.356 321.547
2032 0.000000 0 0.7614 0.5541 0.3365 0.9627 0.3586 0.0000 767.749 22.356 321.547
2033 0.000000 0 0.7614 0.5541 0.3365 0.9627 0.3586 0.0000 767.749 22.356 321.547
2034 0.000000 0 0.7614 0.5542 0.3365 0.9627 0.3586 0.0000 767.749 22.356 321.547
2035 0.000000 0 0.7614 0.5542 0.3365 0.9627 0.3586 0.0000 767.749 22.356 321.547
2036 0.000000 0 0.7614 0.5542 0.3365 0.9627 0.3586 0.0000 767.749 22.356 321.547
2037 0.000000 0 0.7613 0.5542 0.3365 0.9627 0.3586 0.0000 767.749 22.356 321.547
2038 0.000000 0 0.7613 0.5542 0.3365 0.9627 0.3586 0.0000 767.749 22.356 321.547
2039 0.000000 0 0.7613 0.5542 0.3365 0.9627 0.3586 0.0000 767.749 22.356 321.547
2040 0.000000 0 0.7613 0.5542 0.3365 0.9627 0.3586 0.0000 767.749 22.356 321.547
2041 0.000000 0 0.7613 0.5543 0.3365 0.9627 0.3586 0.0000 767.749 22.356 321.547
2042 0.000000 0 0.7613 0.5543 0.3365 0.9627 0.3586 0.0000 767.749 22.356 321.547
2043 0.000000 0 0.7613 0.5543 0.3365 0.9627 0.3586 0.0000 767.749 22.356 321.547
2044 0.000000 0 0.7613 0.5543 0.3365 0.9627 0.3586 0.0000 767.749 22.356 321.547
2045 0.000000 0 0.7613 0.5543 0.3365 0.9627 0.3586 0.0000 767.749 22.356 321.547
2046 0.000000 0 0.7612 0.5544 0.3365 0.9627 0.3586 0.0000 767.749 22.356 321.547
2047 0.000000 0 0.7612 0.5544 0.3365 0.9627 0.3586 0.0000 767.749 22.356 321.547
2048 0.000000 0 0.7612 0.5544 0.3364 0.9627 0.3586 0.0000 767.749 22.356 321.547
2049 0.000000 0 0.7612 0.5544 0.3364 0.9627 0.3586 0.0000 767.749 22.356 321.547
2050 0.000000 0 0.7612 0.5544 0.3364 0.9627 0.3586 0.0000 767.749 22.356 321.547
2051 0.000000 0 0.7612 0.5545 0.3364 0.9627 0.3586 0.0000 767.749 22.356 321.547
2052 0.000000 0 0.7612 0.5545 0.3364 0.9627 0.3586 0.0000 767.749 22.356 321.547
2053 0.000000 0 0.7612 0.5545 0.3364 0.9627 0.3586 0.0000 767.749 22.356 321.547
2054 0.000000 0 0.7611 0.5545 0.3364 0.9627 0.3586 0.0000 767.749 22.356 321.547
2055 0.000000 0 0.7611 0.5545 0.3364 0.9627 0.3586 0.0000 767.749 22.356 321.547
2056 0.000000 0 0.7611 0.5545 0.3364 0.9627 0.3586 0.0000 767.749 22.356 321.547
2057 0.000000 0 0.7611 0.5545 0.3364 0.9627 0.3586 0.0000 767.749 22.356 321.547
2058 0.000000 0 0.7611 0.5546 0.3364 0.9627 0.3586 0.0000 767.749 22.356 321.547
2059 0.000000 0 0.7611 0.5546 0.3364 0.9627 0.3586 0.0000 767.749 22.356 321.547
2060 0.000000 0 0.7611 0.5546 0.3364 0.9627 0.3586 0.0000 767.749 22.356 321.547
2061 0.000000 0 0.7611 0.5546 0.3364 0.9627 0.3586 0.0000 767.749 22.356 321.547
2062 0.000000 0 0.7610 0.5546 0.3364 0.9627 0.3586 0.0000 767.749 22.356 321.547
2063 0.000000 0 0.7610 0.5547 0.3364 0.9627 0.3586 0.0000 767.749 22.356 321.547
2064 0.000000 0 0.7610 0.5547 0.3364 0.9627 0.3586 0.0000 767.749 22.356 321.547
2065 0.000000 0 0.7610 0.5547 0.3364 0.9627 0.3586 0.0000 767.749 22.356 321.547
2066 0.000000 0 0.7610 0.5547 0.3364 0.9627 0.3586 0.0000 767.749 22.356 321.547
2067 0.000000 0 0.7610 0.5547 0.3364 0.9627 0.3586 0.0000 767.749 22.356 321.547
2068 0.000000 0 0.7610 0.5548 0.3364 0.9627 0.3586 0.0000 767.749 22.356 321.547
2069 0.000000 0 0.7610 0.5548 0.3364 0.9627 0.3586 0.0000 767.749 22.356 321.547
2070 0.000000 0 0.7610 0.5548 0.3364 0.9627 0.3586 0.0000 767.749 22.356 321.547
2071 0.000000 0 0.7610 0.5548 0.3364 0.9627 0.3586 0.0000 767.749 22.356 321.547
2072 0.000000 0 0.7609 0.5548 0.3364 0.9627 0.3586 0.0000 767.749 22.356 321.547
2073 0.000000 0 0.7609 0.5548 0.3364 0.9627 0.3586 0.0000 767.749 22.356 321.547
2074 0.000000 0 0.7609 0.5548 0.3364 0.9627 0.3586 0.0000 767.749 22.356 321.547
2075 0.000000 0 0.7609 0.5548 0.3364 0.9627 0.3586 0.0000 767.749 22.356 321.547
2076 0.000000 0 0.7609 0.5549 0.3364 0.9627 0.3586 0.0000 767.749 22.356 321.547
2077 0.000000 0 0.7609 0.5549 0.3364 0.9627 0.3586 0.0000 767.749 22.356 321.547
2078 0.000000 0 0.7609 0.5549 0.3364 0.9627 0.3586 0.0000 767.749 22.356 321.547
2079 0.000000 0 0.7609 0.5549 0.3364 0.9627 0.3586 0.0000 767.749 22.356 321.547
2080 0.000000 0 0.7609 0.5549 0.3364 0.9627 0.3586 0.0000 767.749 22.356 321.547
2081 0.000000 0 0.7608 0.5550 0.3364 0.9627 0.3586 0.0000 767.749 22.356 321.547
2082 0.000000 0 0.7608 0.5550 0.3364 0.9627 0.3586 0.0000 767.749 22.356 321.547
2083 0.000000 0 0.7608 0.5550 0.3364 0.9627 0.3586 0.0000 767.749 22.356 321.547
2084 0.000000 0 0.7608 0.5550 0.3364 0.9627 0.3586 0.0000 767.749 22.356 321.547
2085 0.000000 0 0.7608 0.5551 0.3364 0.9627 0.3586 0.0000 767.749 22.356 321.547
2086 0.000000 0 0.7608 0.5551 0.3364 0.9627 0.3586 0.0000 767.749 22.356 321.547
2087 0.000000 0 0.7608 0.5551 0.3364 0.9627 0.3586 0.0000 767.749 22.356 321.547
2088 0.000000 0 0.7607 0.5551 0.3364 0.9627 0.3586 0.0000 767.749 22.356 321.547
2089 0.000000 0 0.7607 0.5551 0.3364 0.9627 0.3586 0.0000 767.749 22.356 321.547
2090 0.000000 0 0.7607 0.5551 0.3363 0.9627 0.3586 0.0000 767.749 22.356 321.547
2091 0.000000 0 0.7607 0.5552 0.3363 0.9627 0.3586 0.0000 767.749 22.356 321.547
2092 0.000000 0 0.7607 0.5552 0.3363 0.9627 0.3586 0.0000 767.749 22.356 321.547
2093 0.000000 0 0.7607 0.5552 0.3363 0.9627 0.3586 0.0000 767.749 22.356 321.547
2094 0.000000 0 0.7607 0.5552 0.3363 0.9627 0.3586 0.0000 767.749 22.356 321.547
2095 0.000000 0 0.7607 0.5552 0.3363 0.9627 0.3586 0.0000 767.749 22.356 321.547
2096 0.000000 0 0.7606 0.5553 0.3363 0.9627 0.3586 0.0000 767.749 22.356 321.547
2097 0.000000 0 0.7606 0.5553 0.3363 0.9627 0.3586 0.0000 767.749 22.356 321.547
2098 0.000000 0 0.7606 0.5553 0.3363 0.9627 0.3586 0.0000 767.749 22.356 321.547
2099 0.000000 0 0.7606 0.5553 0.3363 0.9627 0.3586 0.0000 767.749 22.356 321.547
2100 0.000000 0 0.7606 0.5553 0.3363 0.9627 0.3586 0.0000 767.749 22.356 321.547
2101 0.000000 0 0.7606 0.5553 0.3363 0.9627 0.3586 0.0000 767.749 22.356 321.547
2102 0.000000 0 0.7606 0.5553 0.3363 0.9627 0.3586 0.0000 767.749 22.356 321.547
2103 0.000000 0 0.7606 0.5553 0.3363 0.9627 0.3586 0.0000 767.749 22.356 321.547
2104 0.000000 0 0.7606 0.5554 0.3363 0.9627 0.3586 0.0000 767.749 22.356 321.547
2105 0.000000 0 0.7606 0.5554 0.3363 0.9627 0.3586 0.0000 767.749 22.356 321.547
2106 0.000000 0 0.7605 0.5554 0.3363 0.9627 0.3586 0.0000 767.749 22.356 321.547
2107 0.000000 0 0.7605 0.5554 0.3363 0.9627 0.3586 0.0000 767.749 22.356 321.547
2108 0.000000 0 0.7605 0.5554 0.3363 0.9627 0.3586 0.0000 767.749 22.356 321.547
2109 0.000000 0 0.7605 0.5554 0.3363 0.9627 0.3586 0.0000 767.749 22.356 321.547
2110 0.000000 0 0.7605 0.5555 0.3363 0.9627 0.3586 0.0000 767.749 22.356 321.547
2111 0.000000 0 0.7605 0.5555 0.3363 0.9627 0.3586 0.0000 767.749 22.356 321.547
2112 0.000000 0 0.7605 0.5555 0.3363 0.9627 0.3586 0.0000 767.749 22.356 321.547
2113 0.000000 0 0.7605 0.5555 0.3363 0.9627 0.3586 0.0000 767.749 22.356 321.547
2114 0.000000 0 0.7605 0.5555 0.3363 0.9627 0.3586 0.0000 767.749 22.356 321.547
2115 0.000000 0 0.7604 0.5555 0.3363 0.9627 0.3586 0.0000 767.749 22.356 321.547
2116 0.000000 0 0.7604 0.5555 0.3363 0.9627 0.3586 0.0000 767.749 22.356 321.547
2117 0.000000 0 0.7604 0.5556 0.3363 0.9627 0.3586 0.0000 767.749 22.356 321.547
2118 0.000000 0 0.7604 0.5556 0.3363 0.9627 0.3586 0.0000 767.749 22.356 321.547
2119 0.000000 0 0.7604 0.5556 0.3363 0.9627 0.3586 0.0000 767.748 22.415 321.549
2120 0.000000 0 0.7604 0.5556 0.3363 0.9627 0.3586 0.0000 767.746 22.484 321.551
2121 0.000000 0 0.7604 0.5556 0.3363 0.9627 0.3586 0.0000 767.746 22.488 321.551
2122 0.000000 0 0.7604 0.5557 0.3363 0.9627 0.3586 0.0000 767.744 22.549 321.552
2123 0.000000 0 0.7604 0.5557 0.3363 0.9627 0.3586 0.0000 767.744 22.554 321.552
2124 0.000000 0 0.7604 0.5557 0.3363 0.9627 0.3586 0.0000 767.743 22.582 321.553
2125 0.000000 0 0.7604 0.5557 0.3363 0.9627 0.3586 0.0000 767.743 22.613 321.554
2126 0.000000 0 0.7603 0.5557 0.3363 0.9627 0.3586 0.0000 767.742 22.643 321.555
2127 0.000000 0 0.7603 0.5557 0.3363 0.9627 0.3586 0.0000 767.740 22.703 321.556
2128 0.000000 0 0.7603 0.5557 0.3363 0.9627 0.3586 0.0000 767.740 22.706 321.556
2129 0.000000 0 0.7603 0.5558 0.3363 0.9627 0.3586 0.0000 767.739 22.759 321.558
2130 0.000000 0 0.7603 0.5558 0.3363 0.9627 0.3586 0.0000 767.738 22.786 321.558
2131 0.000000 0 0.7603 0.5558 0.3363 0.9627 0.3586 0.0000 767.738 22.812 321.559
2132 0.000000 0 0.7603 0.5558 0.3363 0.9627 0.3586 0.0000 767.737 22.839 321.560
2133 0.000000 0 0.7603 0.5558 0.3363 0.9627 0.3586 0.0000 767.737 22.863 321.560
2134 0.000000 0 0.7603 0.5558 0.3363 0.9627 0.3586 0.0000 767.736 22.888 321.561
2135 0.000000 0 0.7602 0.5558 0.3363 0.9627 0.3586 0.0000 767.735 22.912 321.561
2136 0.000000 0 0.7602 0.5559 0.3363 0.9627 0.3586 0.0000 767.735 22.935 321.562
2137 0.000000 0 0.7602 0.5559 0.3362 0.9627 0.3586 0.0000 767.734 22.958 321.563
2138 0.000000 0 0.7602 0.5559 0.3362 0.9627 0.3586 0.0000 767.734 22.979 321.563
2139 0.000000 0 0.7602 0.5559 0.3362 0.9627 0.3586 0.0000 767.733 23.001 321.564
2140 0.000000 0 0.7602 0.5559 0.3362 0.9627 0.3586 0.0000 767.733 23.021 321.564
2141 0.000000 0 0.7602 0.5559 0.3362 0.9627 0.3586 0.0000 767.732 23.041 321.565
2142 0.000000 0 0.7602 0.5559 0.3362 0.9627 0.3586 0.0000 767.732 23.060 321.565
2143 0.000000 0 0.7602 0.5560 0.3362 0.9627 0.3586 0.0000 767.731 23.078 321.566
2144 0.000000 0 0.7602 0.5560 0.3362 0.9627 0.3586 0.0000 767.731 23.096 321.566
2145 0.000000 0 0.7602 0.5560 0.3362 0.9627 0.3586 0.0000 767.730 23.113 321.567
2146 0.000000 0 0.7601 0.5560 0.3362 0.9627 0.3586 0.0000 767.730 23.129 321.567
2147 0.000000 0 0.7601 0.5560 0.3362 0.9627 0.3586 0.0000 767.729 23.145 321.567
2148 0.000000 0 0.7601 0.5560 0.3362 0.9627 0.3586 0.0000 767.729 23.160 321.568
2149 0.000000 0 0.7601 0.5560 0.3362 0.9627 0.3586 0.0000 767.729 23.174 321.568
2150 0.000000 0 0.7601 0.5561 0.3362 0.9627 0.3586 0.0000 767.728 23.188 321.568
2151 0.000000 0 0.7601 0.5561 0.3362 0.9627 0.3586 0.0000 767.728 23.201 321.569
2152 0.000000 0 0.7601 0.5561 0.3362 0.9627 0.3586 0.0000 767.728 23.213 321.569
2153 0.000000 0 0.7601 0.5561 0.3362 0.9627 0.3586 0.0000 767.727 23.235 321.570
2154 0.000000 0 0.7601 0.5561 0.3362 0.9627 0.3586 0.0000 767.727 23.237 321.570
2155 0.000000 0 0.7600 0.5561 0.3362 0.9627 0.3586 0.0000 767.727 23.255 321.570
2156 0.000000 0 0.7600 0.5561 0.3362 0.9627 0.3586 0.0000 767.727 23.256 321.570
2157 0.000000 0 0.7600 0.5562 0.3362 0.9627 0.3586 0.0000 767.726 23.272 321.571
2158 0.000000 0 0.7600 0.5562 0.3362 0.9627 0.3586 0.0000 767.726 23.273 321.571
2159 0.000000 0 0.7600 0.5562 0.3362 0.9627 0.3586 0.0000 767.726 23.286 321.571
2160 0.000000 0 0.7600 0.5562 0.3362 0.9627 0.3586 0.0000 767.726 23.287 321.571
2161 0.000000 0 0.7600 0.5562 0.3362 0.9627 0.3586 0.0000 767.726 23.298 321.571
2162 0.000000 0 0.7600 0.5562 0.3362 0.9627 0.3586 0.0000 767.726 23.299 321.571
2163 0.000000 0 0.7600 0.5563 0.3362 0.9627 0.3586 0.0000 767.726 23.307 321.571
2164 0.000000 0 0.7600 0.5563 0.3362 0.9627 0.3586 0.0000 767.726 23.307 321.571
2165 0.000000 0 0.7599 0.5563 0.3362 0.9627 0.3586 0.0000 767.725 23.313 321.572
2166 0.000000 0 0.7599 0.5563 0.3362 0.9627 0.3586 0.0000 767.725 23.313 321.572
2167 0.000000 0 0.7599 0.5563 0.3362 0.9627 0.3586 0.0000 767.725 23.315 321.572
2168 0.000000 0 0.7599 0.5563 0.3362 0.9627 0.3586 0.0000 767.725 23.317 321.572
2169 0.000000 0 0.7599 0.5563 0.3362 0.9627 0.3586 0.0000 767.725 23.317 321.572
2170 0.000000 0 0.7599 0.5564 0.3362 0.9627 0.3586 0.0000 767.725 23.316 321.572
2171 0.000000 0 0.7599 0.5564 0.3362 0.9627 0.3586 0.0000 767.725 23.316 321.572
2172 0.000000 0 0.7599 0.5564 0.3362 0.9627 0.3586 0.0000 767.725 23.313 321.572
2173 0.000000 0 0.7599 0.5564 0.3362 0.9627 0.3586 0.0000 767.725 23.312 321.572
2174 0.000000 0 0.7599 0.5564 0.3362 0.9627 0.3586 0.0000 767.726 23.306 321.572
2175 0.000000 0 0.7599 0.5564 0.3362 0.9627 0.3586 0.0000 767.726 23.305 321.572
2176 0.000000 0 0.7598 0.5564 0.3362 0.9627 0.3586 0.0000 767.726 23.297 321.571
2177 0.000000 0 0.7598 0.5564 0.3362 0.9627 0.3586 0.0000 767.726 23.296 321.571
2178 0.000000 0 0.7598 0.5565 0.3362 0.9627 0.3586 0.0000 767.726 23.291 321.571
2179 0.000000 0 0.7598 0.5565 0.3362 0.9627 0.3586 0.0000 767.726 23.284 321.571
2180 0.000000 0 0.7598 0.5565 0.3362 0.9627 0.3586 0.0000 767.726 23.270 321.571
2181 0.000000 0 0.7598 0.5565 0.3362 0.9627 0.3586 0.0000 767.726 23.268 321.571
2182 0.000000 0 0.7598 0.5565 0.3362 0.9627 0.3586 0.0000 767.727 23.252 321.570
2183 0.000000 0 0.7598 0.5565 0.3362 0.9627 0.3586 0.0000 767.727 23.250 321.570
2184 0.000000 0 0.7598 0.5566 0.3362 0.9627 0.3586 0.0000 767.727 23.232 321.570
2185 0.000000 0 0.7598 0.5566 0.3362 0.9627 0.3586 0.0000 767.727 23.230 321.570
2186 0.000000 0 0.7597 0.5566 0.3362 0.9627 0.3586 0.0000 767.728 23.208 321.569
2187 0.000000 0 0.7597 0.5566 0.3362 0.9627 0.3586 0.0000 767.728 23.207 321.569
2188 0.000000 0 0.7597 0.5566 0.3361 0.9627 0.3586 0.0000 767.728 23.183 321.569
2189 0.000000 0 0.7597 0.5566 0.3361 0.9627 0.3586 0.0000 767.729 23.181 321.569
2190 0.000000 0 0.7597 0.5566 0.3361 0.9627 0.3586 0.0000 767.729 23.169 321.568
2191 0.000000 0 0.7597 0.5566 0.3361 0.9627 0.3586 0.0000 767.729 23.155 321.568
2192 0.000000 0 0.7597 0.5567 0.3361 0.9627 0.3586 0.0000 767.729 23.140 321.568
2193 0.000000 0 0.7597 0.5567 0.3361 0.9627 0.3586 0.0000 767.730 23.124 321.568
2194 0.000000 0 0.7597 0.5567 0.3361 0.9627 0.3586 0.0000 767.731 23.107 321.567
2195 0.000000 0 0.7597 0.5567 0.3361 0.9627 0.3586 0.0000 767.731 23.090 321.566
2196 0.000000 0 0.7597 0.5567 0.3361 0.9627 0.3586 0.0000 767.731 23.072 321.566
2197 0.000000 0 0.7597 0.5567 0.3361 0.9627 0.3586 0.0000 767.731 23.053 321.566
2198 0.000000 0 0.7596 0.5567 0.3361 0.9627 0.3586 0.0000 767.732 23.034 321.565
2199 0.000000 0 0.7596 0.5568 0.3361 0.9627 0.3586 0.0000 767.733 23.014 321.565
2200 0.000000 0 0.7596 0.5568 0.3361 0.9627 0.3586 0.0000 767.733 22.993 321.565
2201 0.000000 0 0.7596 0.5568 0.3361 0.9627 0.3586 0.0000 767.733 22.972 321.564
2202 0.000000 0 0.7596 0.5568 0.3361 0.9627 0.3586 0.0000 767.734 22.950 321.563
2203 0.000000 0 0.7596 0.5568 0.3361 0.9627 0.3586 0.0000 767.735 22.927 321.563
2204 0.000000 0 0.7596 0.5568 0.3361 0.9627 0.3586 0.0000 767.735 22.904 321.563
2205 0.000000 0 0.7596 0.5568 0.3361 0.9627 0.3586 0.0000 767.736 22.880 321.562
2206 0.000000 0 0.7596 0.5569 0.3361 0.9627 0.3586 0.0000 767.737 22.855 321.561
2207 0.000000 0 0.7596 0.5569 0.3361 0.9627 0.3586 0.0000 767.737 22.829 321.560
2208 0.000000 0 0.7595 0.5569 0.3361 0.9627 0.3586 0.0000 767.737 22.804 321.560
2209 0.000000 0 0.7595 0.5569 0.3361 0.9627 0.3586 0.0000 767.738 22.776 321.559
2210 0.000000 0 0.7595 0.5569 0.3361 0.9627 0.3586 0.0000 767.739 22.749 321.558
2211 0.000000 0 0.7595 0.5569 0.3361 0.9627 0.3586 0.0000 767.740 22.608 321.558
2212 0.000000 0 0.7595 0.5569 0.3361 0.9627 0.3586 0.0000 767.740 22.417 321.558
2213 0.000000 0 0.7595 0.5570 0.3361 0.9627 0.3586 0.0000 767.743 22.354 321.554
2214 0.000000 0 0.7595 0.5570 0.3361 0.9627 0.3586 0.0000 767.748 22.350 321.550
2215 0.000000 0 0.7595 0.5570 0.3361 0.9627 0.3586 0.0000 767.750 22.344 321.548
2216 0.000000 0 0.7595 0.5570 0.3361 0.9627 0.3586 0.0000 767.749 22.336 321.548
2217 0.000000 0 0.7595 0.5570 0.3361 0.9627 0.3586 0.0000 767.750 22.326 321.548
2218 0.000000 0 0.7595 0.5570 0.3361 0.9627 0.3586 0.0000 767.749 22.316 321.548
2219 0.000000 0 0.7594 0.5570 0.3361 0.9627 0.3586 0.0000 767.749 22.306 321.548
2220 0.000000 0 0.7594 0.5571 0.3361 0.9627 0.3586 0.0000 767.749 22.297 321.548
2221 0.000000 0 0.7594 0.5571 0.3361 0.9627 0.3586 0.0000 767.750 22.290 321.548
2222 0.000000 0 0.7594 0.5571 0.3361 0.9627 0.3586 0.0000 767.749 22.285 321.548
2223 0.000000 0 0.7594 0.5571 0.3361 0.9627 0.3586 0.0000 767.750 22.282 321.548
2224 0.000000 0 0.7594 0.5571 0.3361 0.9627 0.3586 0.0000 767.749 22.281 321.548
2225 0.000000 0 0.7594 0.5571 0.3361 0.9627 0.3586 0.0000 767.749 22.282 321.548
2226 0.000000 0 0.7594 0.5571 0.3361 0.9627 0.3586 0.0000 767.750 22.282 321.548
2227 0.000000 0 0.7594 0.5572 0.3361 0.9627 0.3586 0.0000 767.749 22.285 321.548
2228 0.000000 0 0.7594 0.5572 0.3361 0.9627 0.3586 0.0000 767.749 22.288 321.548
2229 0.000000 0 0.7593 0.5572 0.3361 0.9627 0.3586 0.0000 767.750 22.292 321.548
2230 0.000000 0 0.7593 0.5572 0.3361 0.9627 0.3586 0.0000 767.749 22.297 321.548
2231 0.000000 0 0.7593 0.5572 0.3361 0.9627 0.3586 0.0000 767.750 22.302 321.548
2232 0.000000 0 0.7593 0.5572 0.3361 0.9627 0.3586 0.0000 767.749 22.307 321.548
2233 0.000000 0 0.7593 0.5572 0.3361 0.9627 0.3586 0.0000 767.749 22.313 321.548
2234 0.000000 0 0.7593 0.5572 0.3361 0.9627 0.3586 0.0000 767.749 22.318 321.548
2235 0.000000 0 0.7593 0.5573 0.3361 0.9627 0.3586 0.0000 767.749 22.324 321.548
2236 0.000000 0 0.7593 0.5573 0.3361 0.9627 0.3586 0.0000 767.749 22.329 321.548
2237 0.000000 0 0.7593 0.5573 0.3361 0.9627 0.3586 0.0000 767.749 22.334 321.548
2238 0.000000 0 0.7593 0.5573 0.3361 0.9627 0.3586 0.0000 767.749 22.339 321.548
2239 0.000000 0 0.7593 0.5573 0.3361 0.9627 0.3586 0.0000 767.750 22.342 321.548
2240 0.000000 0 0.7592 0.5573 0.3360 0.9627 0.3586 0.0000 767.749 22.346 321.548
2241 0.000000 0 0.7592 0.5573 0.3360 0.9627 0.3586 0.0000 767.749 22.348 321.548
2242 0.000000 0 0.7592 0.5574 0.3360 0.9627 0.3586 0.0000 767.749 22.350 321.548
2243 0.000000 0 0.7592 0.5574 0.3360 0.9627 0.3586 0.0000 767.749 22.351 321.548
2244 0.000000 0 0.7592 0.5574 0.3360 0.9627 0.3586 0.0000 767.749 22.352 321.548
2245 0.000000 0 0.7592 0.5574 0.3360 0.9627 0.3586 0.0000 767.749 22.353 321.548
2246 0.000000 0 0.7592 0.5574 0.3360 0.9627 0.3586 0.0000 767.749 22.354 321.548
2247 0.000000 0 0.7592 0.5574 0.3360 0.9627 0.3586 0.0000 767.749 22.354 321.548
2248 0.000000 0 0.7592 0.5574 0.3360 0.9627 0.3586 0.0000 767.749 22.355 321.548
2249 0.000000 0 0.7592 0.5575 0.3360 0.9627 0.3586 0.0000 767.749 22.355 321.548
2250 0.000000 0 0.7591 0.5575 0.3360 0.9627 0.3586 0.0000 767.749 22.356 321.548
2251 0.000000 0 0.7591 0.5575 0.3360 0.9627 0.3586 0.0000 767.749 22.356 321.548
2252 0.000000 0 0.7591 0.5575 0.3360 0.9627 0.3586 0.0000 767.749 22.356 321.548
2253 0.000000 0 0.7591 0.5575 0.3360 0.9627 0.3586 0.0000 767.749 22.356 321.548
2254 0.000000 0 0.7591 0.5575 0.3360 0.9627 0.3586 0.0000 767.749 22.356 321.548
2255 0.000000 0 0.7591 0.5576 0.3360 0.9627 0.3586 0.0000 767.750 22.356 321.548
2256 0.000000 0 0.7591 0.5576 0.3360 0.9627 0.3586 0.0000 767.749 22.356 321.548
2257 0.000000 0 0.7591 0.5576 0.3360 0.9627 0.3586 0.0000 767.749 22.356 321.548
2258 0.000000 0 0.7591 0.5576 0.3360 0.9627 0.3586 0.0000 767.749 22.356 321.548
2259 0.000000 0 0.7591 0.5576 0.3360 0.9627 0.3586 0.0000 767.750 22.356 321.548
2260 0.000000 0 0.7591 0.5576 0.3360 0.9627 0.3586 0.0000 767.749 22.356 321.548
2261 0.000000 0 0.7590 0.5576 0.3360 0.9627 0.3586 0.0000 767.749 22.356 321.548
2262 0.000000 0 0.7590 0.5576 0.3360 0.9627 0.3586 0.0000 767.749 22.356 321.548
2263 0.000000 0 0.7590 0.5577 0.3360 0.9627 0.3586 0.0000 767.749 22.356 321.548
2264 0.000000 0 0.7590 0.5577 0.3360 0.9627 0.3586 0.0000 767.749 22.356 321.548
2265 0.000000 0 0.7590 0.5577 0.3360 0.9627 0.3586 0.0000 767.750 22.356 321.548
2266 0.000000 0 0.7590 0.5577 0.3360 0.9627 0.3586 0.0000 767.749 22.356 321.548
2267 0.000000 0 0.7590 0.5577 0.3360 0.9627 0.3586 0.0000 767.749 22.356 321.548
2268 0.000000 0 0.7590 0.5577 0.3360 0.9627 0.3586 0.0000 767.749 22.356 321.548
2269 0.000000 0 0.7590 0.5577 0.3360 0.9627 0.3586 0.0000 767.749 22.356 321.548
2270 0.000000 0 0.7590 0.5578 0.3360 0.9627 0.3586 0.0000 767.749 22.356 321.548
2271 0.000000 0 0.7589 0.5578 0.3360 0.9627 0.3586 0.0000 767.749 22.356 321.548
2272 0.000000 0 0.7589 0.5578 0.3360 0.9627 0.3586 0.0000 767.749 22.356 321.548
2273 0.000000 0 0.7589 0.5578 0.3360 0.9627 0.3586 0.0000 767.749 22.356 321.548
2274 0.000000 0 0.7589 0.5578 0.3360 0.9627 0.3586 0.0000 767.749 22.356 321.548
2275 0.000000 0 0.7589 0.5578 0.3360 0.9627 0.3586 0.0000 767.749 22.356 321.548
2276 0.000000 0 0.7589 0.5578 0.3360 0.9627 0.3586 0.0000 767.749 22.356 321.548
2277 0.000000 0 0.7589 0.5579 0.3360 0.9627 0.3586 0.0000 767.749 22.356 321.548
2278 0.000000 0 0.7589 0.5579 0.3360 0.9627 0.3586 0.0000 767.749 22.356 321.548
2279 0.000000 0 0.7589 0.5579 0.3360 0.9627 0.3586 0.0000 767.750 22.356 321.548
2280 0.000000 0 0.7589 0.5579 0.3360 0.9627 0.3586 0.0000 767.749 22.356 321.548
2281 0.000000 0 0.7588 0.5579 0.3360 0.9627 0.3586 0.0000 767.749 22.356 321.548
2282 0.000000 0 0.7588 0.5579 0.3360 0.9627 0.3586 0.0000 767.749 22.356 321.548
2283 0.000000 0 0.7588 0.5579 0.3360 0.9627 0.3586 0.0000 767.749 22.356 321.548
2284 0.000000 0 0.7588 0.5580 0.3360 0.9627 0.3586 0.0000 767.749 22.356 321.548
2285 0.000000 0 0.7588 0.5580 0.3360 0.9627 0.3586 0.0000 767.749 22.356 321.548
2286 0.000000 0 0.7588 0.5580 0.3360 0.9627 0.3586 0.0000 767.749 22.356 321.548
2287 0.000000 0 0.7588 0.5580 0.3360 0.9627 0.3586 0.0000 767.749 22.356 321.548
2288 0.000000 0 0.7588 0.5580 0.3360 0.9627 0.3586 0.0000 767.749 22.356 321.548
2289 0.000000 0 0.7588 0.5580 0.3360 0.9627 0.3586 0.0000 767.749 22.356 321.548
2290 0.000000 0 0.7588 0.5580 0.3360 0.9627 0.3586 0.0000 767.749 22.356 321.548
2291 0.000000 0 0.7588 0.5581 0.3360 0.9627 0.3586 0.0000 767.749 22.356 321.548
2292 0.000000 0 0.7587 0.5581 0.3359 0.9627 0.3586 0.0000 767.749 22.356 321.548
2293 0.000000 0 0.7587 0.5581 0.3359 0.9627 0.3586 0.0000 767.750 22.356 321.548
2294 0.000000 0 0.7587 0.5581 0.3359 0.9627 0.3586 0.0000 767.749 22.356 321.548
2295 0.000000 0 0.7587 0.5581 0.3359 0.9627 0.3586 0.0000 767.749 22.356 321.548
2296 0.000000 0 0.7587 0.5581 0.3359 0.9627 0.3586 0.0000 767.750 22.356 321.548
2297 0.000000 0 0.7587 0.5581 0.3359 0.9627 0.3586 0.0000 767.749 22.356 321.548
2298 0.000000 0 0.7587 0.5582 0.3359 0.9627 0.3586 0.0000 767.749 22.356 321.548
2299 0.000000 0 0.7587 0.5582 0.3359 0.9627 0.3586 0.0000 767.749 22.356 321.548
2300 0.000000 0 0.7587 0.5582 0.3359 0.9627 0.3586 0.0000 767.749 22.356 321.548
2301 0.000000 0 0.7587 0.5582 0.3359 0.9627 0.3586 0.0000 767.749 22.356 321.548
2302 0.000000 0 0.7586 0.5582 0.3359 0.9627 0.3586 0.0000 767.750 22.356 321.548
2303 0.000000 0 0.7586 0.5582 0.3359 0.9627 0.3586 0.0000 767.749 22.356 321.548
2304 0.000000 0 0.7586 0.5582 0.3359 0.9627 0.3586 0.0000 767.749 22.356 321.548
2305 0.000000 0 0.7586 0.5583 0.3359 0.9627 0.3586 0.0000 767.749 22.356 321.548
2306 0.000000 0 0.7586 0.5583 0.3359 0.9627 0.3586 0.0000 767.749 22.356 321.548
2307 0.000000 0 0.7586 0.5583 0.3359 0.9627 0.3586 0.0000 767.749 22.356 321.548
2308 0.000000 0 0.7586 0.5583 0.3359 0.9627 0.3586 0.0000 767.749 22.356 321.548
2309 0.000000 0 0.7586 0.5583 0.3359 0.9627 0.3586 0.0000 767.749 22.356 321.548
2310 0.000000 0 0.7586 0.5583 0.3359 0.9627 0.3586 0.0000 767.749 22.356 321.548
2311 0.000000 0 0.7586 0.5583 0.3359 0.9627 0.3586 0.0000 767.750 22.356 321.548
2312 0.000000 0 0.7586 0.5584 0.3359 0.9627 0.3586 0.0000 767.749 22.356 321.548
2313 0.000000 0 0.7585 0.5584 0.3359 0.9627 0.3586 0.0000 767.749 22.356 321.548
2314 0.000000 0 0.7585 0.5584 0.3359 0.9627 0.3586 0.0000 767.749 22.356 321.548
2315 0.000000 0 0.7585 0.5584 0.3359 0.9627 0.3586 0.0000 767.749 22.356 321.548
2316 0.000000 0 0.7585 0.5584 0.3359 0.9627 0.3586 0.0000 767.749 22.356 321.548
2317 0.000000 0 0.7585 0.5584 0.3359 0.9627 0.3586 0.0000 767.750 22.356 321.548
2318 0.000000 0 0.7585 0.5584 0.3359 0.9627 0.3586 0.0000 767.749 22.356 321.548
2319 0.000000 0 0.7585 0.5585 0.3359 0.9627 0.3586 0.0000 767.749 22.356 321.548
2320 0.000000 0 0.7585 0.5585 0.3359 0.9627 0.3586 0.0000 767.749 22.356 321.548
2321 0.000000 0 0.7585 0.5585 0.3359 0.9627 0.3586 0.0000 767.749 22.356 321.548
2322 0.000000 0 0.7585 0.5585 0.3359 0.9627 0.3586 0.0000 767.749 22.356 321.548
2323 0.000000 0 0.7584 0.5585 0.3359 0.9627 0.3586 0.0000 767.749 22.356 321.548
2324 0.000000 0 0.7584 0.5585 0.3359 0.9627 0.3586 0.0000 767.750 22.356 321.548
2325 0.000000 0 0.7584 0.5585 0.3359 0.9627 0.3586 0.0000 767.749 22.356 321.548
2326 0.000000 0 0.7584 0.5586 0.3359 0.9627 0.3586 0.0000 767.749 22.356 321.548
2327 0.000000 0 0.7584 0.5586 0.3359 0.9627 0.3586 0.0000 767.749 22.356 321.548
2328 0.000000 0 0.7584 0.5586 0.3359 0.9627 0.3586 0.0000 767.749 22.356 321.548
2329 0.000000 0 0.7584 0.5586 0.3359 0.9627 0.3586 0.0000 767.749 22.356 321.548
2330 0.000000 0 0.7584 0.5586 0.3359 0.9627 0.3586 0.0000 767.749 22.356 321.548
2331 0.000000 0 0.7584 0.5586 0.3359 0.9627 0.3586 0.0000 767.749 22.356 321.548
2332 0.000000 0 0.7584 0.5586 0.3359 0.9627 0.3586 0.0000 767.749 22.356 321.548
2333 0.000000 0 0.7584 0.5587 0.3359 0.9627 0.3586 0.0000 767.749 22.356 321.548
2334 0.000000 0 0.7583 0.5587 0.3359 0.9627 0.3586 0.0000 767.749 22.356 321.548
2335 0.000000 0 0.7583 0.5587 0.3359 0.9627 0.3586 0.0000 767.749 22.356 321.548
2336 0.000000 0 0.7583 0.5587 0.3359 0.9627 0.3586 0.0000 767.749 22.356 321.548
2337 0.000000 0 0.7583 0.5587 0.3359 0.9627 0.3586 0.0000 767.750 22.356 321.548
2338 0.000000 0 0.7583 0.5587 0.3359 0.9627 0.3586 0.0000 767.749 22.356 321.548
2339 0.000000 0 0.7583 0.5587 0.3359 0.9627 0.3586 0.0000 767.750 22.356 321.548
2340 0.000000 0 0.7583 0.5588 0.3359 0.9627 0.3586 0.0000 767.749 22.356 321.548
2341 0.000000 0 0.7583 0.5588 0.3359 0.9627 0.3586 0.0000 767.749 22.356 321.548
2342 0.000000 0 0.7583 0.5588 0.3359 0.9627 0.3586 0.0000 767.749 22.356 321.548
2343 0.000000 0 0.7583 0.5588 0.3359 0.9627 0.3586 0.0000 767.749 22.356 321.548
2344 0.000000 0 0.7582 0.5588 0.3358 0.9627 0.3586 0.0000 767.750 22.356 321.548
2345 0.000000 0 0.7582 0.5588 0.3358 0.9627 0.3586 0.0000 767.749 22.356 321.548
2346 0.000000 0 0.7582 0.5588 0.3358 0.9627 0.3586 0.0000 767.749 22.356 321.548
2347 0.000000 0 0.7582 0.5589 0.3358 0.9627 0.3586 0.0000 767.749 22.356 321.548
2348 0.000000 0 0.7582 0.5589 0.3358 0.9627 0.3586 0.0000 767.749 22.356 321.548
2349 0.000000 0 0.7582 0.5589 0.3358 0.9627 0.3586 0.0000 767.749 22.356 321.548
2350 0.000000 0 0.7582 0.5589 0.3358 0.9627 0.3586 0.0000 767.749 22.356 321.548
2351 0.000000 0 0.7582 0.5589 0.3358 0.9627 0.3586 0.0000 767.749 22.356 321.548
2352 0.000000 0 0.7582 0.5589 0.3358 0.9627 0.3586 0.0000 767.749 22.356 321.548
2353 0.000000 0 0.7582 0.5589 0.3358 0.9627 0.3586 0.0000 767.749 22.356 321.548
2354 0.000000 0 0.7581 0.5590 0.3358 0.9627 0.3586 0.0000 767.749 22.356 321.548
2355 0.000000 0 0.7581 0.5590 0.3358 0.9627 0.3586 0.0000 767.749 22.356 321.548
2356 0.000000 0 0.7581 0.5590 0.3358 0.9627 0.3586 0.0000 767.750 22.356 321.548
2357 0.000000 0 0.7581 0.5590 0.3358 0.9627 0.3586 0.0000 767.750 22.356 321.548
2358 0.000000 0 0.7581 0.5590 0.3358 0.9627 0.3586 0.0000 767.749 22.356 321.548
2359 0.000000 0 0.7581 0.5590 0.3358 0.9627 0.3586 0.0000 767.749 22.356 321.548
2360 0.000000 0 0.7581 0.5590 0.3358 0.9627 0.3586 0.0000 767.749 22.356 321.548
2361 0.000000 0 0.7581 0.5591 0.3358 0.9627 0.3586 0.0000 767.749 22.356 321.548
2362 0.000000 0 0.7581 0.5591 0.3358 0.9627 0.3586 0.0000 767.749 22.356 321.548
2363 0.000000 0 0.7581 0.5591 0.3358 0.9627 0.3586 0.0000 767.749 22.356 321.548
2364 0.000000 0 0.7581 0.5591 0.3358 0.9627 0.3586 0.0000 767.749 22.356 321.548
2365 0.000000 0 0.7580 0.5591 0.3358 0.9627 0.3586 0.0000 767.749 22.356 321.548
2366 0.000000 0 0.7580 0.5591 0.3358 0.9627 0.3586 0.0000 767.750 22.356 321.548
2367 0.000000 0 0.7580 0.5591 0.3358 0.9627 0.3586 0.0000 767.750 22.356 321.548
2368 0.000000 0 0.7580 0.5592 0.3358 0.9627 0.3586 0.0000 767.749 22.356 321.548
2369 0.000000 0 0.7580 0.5592 0.3358 0.9627 0.3586 0.0000 767.749 22.356 321.548
2370 0.000000 0 0.7580 0.5592 0.3358 0.9627 0.3586 0.0000 767.749 22.356 321.548
2371 0.000000 0 0.7580 0.5592 0.3358 0.9627 0.3586 0.0000 767.749 22.356 321.548
2372 0.000000 0 0.7580 0.5592 0.3358 0.9627 0.3586 0.0000 767.749 22.356 321.548
2373 0.000000 0 0.7580 0.5592 0.3358 0.9627 0.3586 0.0000 767.750 22.356 321.548
2374 0.000000 0 0.7580 0.5592 0.3358 0.9627 0.3586 0.0000 767.749 22.356 321.548
2375 0.000000 0 0.7579 0.5593 0.3358 0.9627 0.3586 0.0000 767.749 22.356 321.548
2376 0.000000 0 0.7579 0.5593 0.3358 0.9627 0.3586 0.0000 767.750 22.356 321.548
2377 0.000000 0 0.7579 0.5593 0.3358 0.9627 0.3586 0.0000 767.749 22.356 321.548
2378 0.000000 0 0.7579 0.5593 0.3358 0.9627 0.3586 0.0000 767.749 22.356 321.548
2379 0.000000 0 0.7579 0.5593 0.3358 0.9627 0.3586 0.0000 767.749 22.356 321.548
2380 0.000000 0 0.7579 0.5593 0.3358 0.9627 0.3586 0.0000 767.750 22.356 321.548
2381 0.000000 0 0.7579 0.5594 0.3358 0.9627 0.3586 0.0000 767.749 22.356 321.548
2382 0.000000 0 0.7579 0.5594 0.3358 0.9627 0.3586 0.0000 767.749 22.356 321.548
2383 0.000000 0 0.7579 0.5594 0.3358 0.9627 0.3586 0.0000 767.749 22.356 321.548
2384 0.000000 0 0.7579 0.5594 0.3358 0.9627 0.3586 0.0000 767.749 22.356 321.548
2385 0.000000 0 0.7578 0.5594 0.3358 0.9627 0.3586 0.0000 767.749 22.356 321.548
2386 0.000000 0 0.7578 0.5594 0.3358 0.9627 0.3586 0.0000 767.749 22.356 321.548
2387 0.000000 0 0.7578 0.5594 0.3358 0.9627 0.3586 0.0000 767.749 22.356 321.548
2388 0.000000 0 0.7578 0.5595 0.3358 0.9627 0.3586 0.0000 767.749 22.356 321.548
2389 0.000000 0 0.7578 0.5595 0.3358 0.9627 0.3586 0.0000 767.749 22.356 321.548
2390 0.000000 0 0.7578 0.5595 0.3358 0.9627 0.3586 0.0000 767.749 22.356 321.548
2391 0.000000 0 0.7578 0.5595 0.3358 0.9627 0.3586 0.0000 767.749 22.356 321.548
2392 0.000000 0 0.7578 0.5595 0.3358 0.9627 0.3586 0.0000 767.749 22.356 321.548
2393 0.000000 0 0.7578 0.5595 0.3358 0.9627 0.3586 0.0000 767.749 22.356 321.548
2394 0.000000 0 0.7578 0.5595 0.3358 0.9627 0.3586 0.0000 767.749 22.356 321.548
2395 0.000000 0 0.7577 0.5596 0.3357 0.9627 0.3586 0.0000 767.749 22.356 321.548
2396 0.000000 0 0.7577 0.5596 0.3357 0.9627 0.3586 0.0000 767.749 22.381 321.549
2397 0.000000 0 0.7577 0.5596 0.3357 0.9627 0.3586 0.0000 767.748 22.416 321.549
2398 0.000000 0 0.7577 0.5596 0.3357 0.9627 0.3586 0.0000 767.747 22.450 321.550
2399 0.000000 0 0.7577 0.5596 0.3357 0.9627 0.3586 0.0000 767.746 22.484 321.551
2400 0.000000 0 0.7577 0.5596 0.3357 0.9627 0.3586 0.0000 767.745 22.518 321.552
2401 0.000000 0 0.7577 0.5596 0.3357 0.9627 0.3586 0.0000 767.745 22.551 321.553
2402 0.000000 0 0.7577 0.5596 0.3357 0.9627 0.3586 0.0000 767.744 22.582 321.554
2403 0.000000 0 0.7577 0.5597 0.3357 0.9627 0.3586 0.0000 767.743 22.614 321.554
2404 0.000000 0 0.7577 0.5597 0.3357 0.9627 0.3586 0.0000 767.742 22.644 321.555
2405 0.000000 0 0.7576 0.5597 0.3357 0.9627 0.3586 0.0000 767.742 22.674 321.556
2406 0.000000 0 0.7576 0.5597 0.3357 0.9627 0.3586 0.0000 767.741 22.703 321.557
2407 0.000000 0 0.7576 0.5597 0.3357 0.9627 0.3586 0.0000 767.740 22.735 321.557
2408 0.000000 0 0.7576 0.5598 0.3357 0.9627 0.3586 0.0000 767.739 22.790 321.559
2409 0.000000 0 0.7576 0.5598 0.3357 0.9627 0.3586 0.0000 767.737 22.841 321.560
2410 0.000000 0 0.7576 0.5598 0.3357 0.9627 0.3586 0.0000 767.737 22.864 321.561
2411 0.000000 0 0.7576 0.5598 0.3357 0.9627 0.3586 0.0000 767.736 22.889 321.561
2412 0.000000 0 0.7576 0.5598 0.3357 0.9627 0.3586 0.0000 767.736 22.915 321.562
2413 0.000000 0 0.7575 0.5599 0.3357 0.9627 0.3586 0.0000 767.734 22.976 321.564
2414 0.000000 0 0.7575 0.5599 0.3357 0.9627 0.3586 0.0000 767.733 23.001 321.564
2415 0.000000 0 0.7575 0.5599 0.3357 0.9627 0.3586 0.0000 767.733 23.041 321.565
2416 0.000000 0 0.7573 0.5602 0.3357 0.9627 0.3586 0.0000 767.728 23.212 321.569
2417 0.000000 0 0.7573 0.5602 0.3357 0.9627 0.3586 0.0000 767.728 23.214 321.570
2418 0.000000 0 0.7573 0.5602 0.3357 0.9627 0.3586 0.0000 767.728 23.236 321.570
2419 0.000000 0 0.7573 0.5602 0.3357 0.9627 0.3586 0.0000 767.727 23.246 321.570
2420 0.000000 0 0.7573 0.5603 0.3357 0.9627 0.3586 0.0000 767.727 23.255 321.571
2421 0.000000 0 0.7573 0.5603 0.3357 0.9627 0.3586 0.0000 767.727 23.264 321.571
2422 0.000000 0 0.7572 0.5603 0.3356 0.9627 0.3586 0.0000 767.727 23.272 321.571
2423 0.000000 0 0.7572 0.5603 0.3356 0.9627 0.3586 0.0000 767.727 23.279 321.571
2424 0.000000 0 0.7572 0.5603 0.3356 0.9627 0.3586 0.0000 767.726 23.286 321.571
2425 0.000000 0 0.7572 0.5603 0.3356 0.9627 0.3586 0.0000 767.726 23.292 321.572
2426 0.000000 0 0.7572 0.5603 0.3356 0.9627 0.3586 0.0000 767.726 23.298 321.572
2427 0.000000 0 0.7572 0.5604 0.3356 0.9627 0.3586 0.0000 767.726 23.303 321.572
2428 0.000000 0 0.7572 0.5604 0.3356 0.9627 0.3586 0.0000 767.726 23.307 321.572
2429 0.000000 0 0.7572 0.5604 0.3356 0.9627 0.3586 0.0000 767.726 23.310 321.572
2430 0.000000 0 0.7572 0.5604 0.3356 0.9627 0.3586 0.0000 767.726 23.313 321.572
2431 0.000000 0 0.7572 0.5604 0.3356 0.9627 0.3586 0.0000 767.726 23.315 321.572
2432 0.000000 0 0.7571 0.5604 0.3356 0.9627 0.3586 0.0000 767.726 23.316 321.572
2433 0.000000 0 0.7571 0.5604 0.3356 0.9627 0.3586 0.0000 767.726 23.317 321.572
2434 0.000000 0 0.7571 0.5605 0.3356 0.9627 0.3586 0.0000 767.726 23.317 321.572
2435 0.000000 0 0.7571 0.5605 0.3356 0.9627 0.3586 0.0000 767.726 23.316 321.572
2436 0.000000 0 0.7571 0.5605 0.3356 0.9627 0.3586 0.0000 767.726 23.315 321.572
2437 0.000000 0 0.7571 0.5605 0.3356 0.9627 0.3586 0.0000 767.726 23.313 321.572
2438 0.000000 0 0.7571 0.5605 0.3356 0.9627 0.3586 0.0000 767.726 23.310 321.572
2439 0.000000 0 0.7571 0.5605 0.3356 0.9627 0.3586 0.0000 767.726 23.306 321.572
2440 0.000000 0 0.7571 0.5605 0.3356 0.9627 0.3586 0.0000 767.726 23.302 321.572
2441 0.000000 0 0.7571 0.5606 0.3356 0.9627 0.3586 0.0000 767.726 23.297 321.572
2442 0.000000 0 0.7571 0.5606 0.3356 0.9627 0.3586 0.0000 767.726 23.291 321.572
2443 0.000000 0 0.7570 0.5606 0.3356 0.9627 0.3586 0.0000 767.726 23.284 321.571
2444 0.000000 0 0.7570 0.5606 0.3356 0.9627 0.3586 0.0000 767.726 23.278 321.571
2445 0.000000 0 0.7570 0.5606 0.3356 0.9627 0.3586 0.0000 767.727 23.270 321.571
2446 0.000000 0 0.7570 0.5606 0.3356 0.9627 0.3586 0.0000 767.727 23.261 321.571
2447 0.000000 0 0.7570 0.5606 0.3356 0.9627 0.3586 0.0000 767.727 23.252 321.571
2448 0.000000 0 0.7570 0.5607 0.3356 0.9627 0.3586 0.0000 767.727 23.243 321.571
2449 0.000000 0 0.7570 0.5607 0.3356 0.9627 0.3586 0.0000 767.728 23.232 321.570
2450 0.000000 0 0.7570 0.5607 0.3356 0.9627 0.3586 0.0000 767.728 23.208 321.570
2451 0.000000 0 0.7569 0.5607 0.3356 0.9627 0.3586 0.0000 767.729 23.182 321.569
2452 0.000000 0 0.7569 0.5608 0.3356 0.9627 0.3586 0.0000 767.729 23.153 321.568
2453 0.000000 0 0.7569 0.5608 0.3356 0.9627 0.3586 0.0000 767.730 23.128 321.568
2454 0.000000 0 0.7569 0.5608 0.3356 0.9627 0.3586 0.0000 767.731 23.098 321.567
2455 0.000000 0 0.7569 0.5608 0.3356 0.9627 0.3586 0.0000 767.731 23.080 321.567
2456 0.000000 0 0.7569 0.5608 0.3356 0.9627 0.3586 0.0000 767.732 23.041 321.566
2457 0.000000 0 0.7568 0.5609 0.3356 0.9627 0.3586 0.0000 767.733 23.003 321.565
2458 0.000000 0 0.7568 0.5609 0.3356 0.9627 0.3586 0.0000 767.733 22.982 321.565
2459 0.000000 0 0.7568 0.5609 0.3356 0.9627 0.3586 0.0000 767.734 22.960 321.564
2460 0.000000 0 0.7568 0.5609 0.3356 0.9627 0.3586 0.0000 767.735 22.938 321.563
2461 0.000000 0 0.7568 0.5609 0.3356 0.9627 0.3586 0.0000 767.735 22.915 321.563
2462 0.000000 0 0.7568 0.5609 0.3356 0.9627 0.3586 0.0000 767.735 22.892 321.563
2463 0.000000 0 0.7568 0.5610 0.3356 0.9627 0.3586 0.0000 767.737 22.867 321.561
2464 0.000000 0 0.7568 0.5610 0.3356 0.9627 0.3586 0.0000 767.738 22.842 321.560
2465 0.000000 0 0.7568 0.5610 0.3356 0.9627 0.3586 0.0000 767.737 22.816 321.560
2466 0.000000 0 0.7568 0.5610 0.3356 0.9627 0.3586 0.0000 767.738 22.790 321.560
2467 0.000000 0 0.7567 0.5610 0.3355 0.9627 0.3586 0.0000 767.739 22.763 321.559
2468 0.000000 0 0.7567 0.5610 0.3355 0.9627 0.3586 0.0000 767.740 22.696 321.558
2469 0.000000 0 0.7567 0.5610 0.3355 0.9627 0.3586 0.0000 767.740 22.514 321.558
2470 0.000000 0 0.7567 0.5611 0.3355 0.9627 0.3586 0.0000 767.741 22.356 321.557
2471 0.000000 0 0.7567 0.5611 0.3355 0.9627 0.3586 0.0000 767.746 22.352 321.552
2472 0.000000 0 0.7567 0.5611 0.3355 0.9627 0.3586 0.0000 767.750 22.348 321.548
2473 0.000000 0 0.7567 0.5611 0.3355 0.9627 0.3586 0.0000 767.750 22.340 321.548
2474 0.000000 0 0.7567 0.5611 0.3355 0.9627 0.3586 0.0000 767.750 22.331 321.548
2475 0.000000 0 0.7567 0.5611 0.3355 0.9627 0.3586 0.0000 767.750 22.321 321.548
2476 0.000000 0 0.7567 0.5611 0.3355 0.9627 0.3586 0.0000 767.750 22.311 321.548
2477 0.000000 0 0.7567 0.5612 0.3355 0.9627 0.3586 0.0000 767.750 22.301 321.548
2478 0.000000 0 0.7566 0.5612 0.3355 0.9627 0.3586 0.0000 767.750 22.293 321.548
2479 0.000000 0 0.7566 0.5612 0.3355 0.9627 0.3586 0.0000 767.750 22.287 321.548
2480 0.000000 0 0.7566 0.5612 0.3355 0.9627 0.3586 0.0000 767.750 22.283 321.548
2481 0.000000 0 0.7566 0.5612 0.3355 0.9627 0.3586 0.0000 767.750 22.282 321.548
2482 0.000000 0 0.7566 0.5612 0.3355 0.9627 0.3586 0.0000 767.750 22.281 321.548
2483 0.000000 0 0.7566 0.5613 0.3355 0.9627 0.3586 0.0000 767.750 22.284 321.548
2484 0.000000 0 0.7566 0.5613 0.3355 0.9627 0.3586 0.0000 767.750 22.286 321.548
2485 0.000000 0 0.7566 0.5613 0.3355 0.9627 0.3586 0.0000 767.750 22.290 321.548
2486 0.000000 0 0.7565 0.5613 0.3355 0.9627 0.3586 0.0000 767.750 22.300 321.548
2487 0.000000 0 0.7565 0.5613 0.3355 0.9627 0.3586 0.0000 767.750 22.311 321.548
2488 0.000000 0 0.7565 0.5614 0.3355 0.9627 0.3586 0.0000 767.750 22.316 321.548
2489 0.000000 0 0.7565 0.5614 0.3355 0.9627 0.3586 0.0000 767.750 22.322 321.548
2490 0.000000 0 0.7565 0.5614 0.3355 0.9627 0.3586 0.0000 767.750 22.332 321.548
2491 0.000000 0 0.7565 0.5614 0.3355 0.9627 0.3586 0.0000 767.750 22.337 321.548
2492 0.000000 0 0.7565 0.5614 0.3355 0.9627 0.3586 0.0000 767.750 22.341 321.548
2493 0.000000 0 0.7565 0.5614 0.3355 0.9627 0.3586 0.0000 767.750 22.344 321.548
2494 0.000000 0 0.7564 0.5615 0.3355 0.9627 0.3586 0.0000 767.750 22.347 321.548
2495 0.000000 0 0.7564 0.5615 0.3355 0.9627 0.3586 0.0000 767.750 22.349 321.548
2496 0.000000 0 0.7564 0.5615 0.3355 0.9627 0.3586 0.0000 767.750 22.351 321.548
2497 0.000000 0 0.7564 0.5615 0.3355 0.9627 0.3586 0.0000 767.750 22.352 321.548
2498 0.000000 0 0.7564 0.5615 0.3355 0.9627 0.3586 0.0000 767.750 22.352 321.548
2499 0.000000 0 0.7564 0.5615 0.3355 0.9627 0.3586 0.0000 767.750 22.353 321.548
2500 0.000000 0 0.7564 0.5615 0.3355 0.9627 0.3586 0.0000 767.750 22.354 321.548
2501 0.000000 0 0.7564 0.5616 0.3355 0.9627 0.3586 0.0000 767.750 22.355 321.548
2502 0.000000 0 0.7564 0.5616 0.3355 0.9627 0.3586 0.0000 767.750 22.355 321.548
2503 0.000000 0 0.7564 0.5616 0.3355 0.9627 0.3586 0.0000 767.750 22.356 321.548
2504 0.000000 0 0.7564 0.5616 0.3355 0.9627 0.3586 0.0000 767.750 22.356 321.548
2505 0.000000 0 0.7563 0.5616 0.3355 0.9627 0.3586 0.0000 767.750 22.356 321.548
2506 0.000000 0 0.7563 0.5616 0.3355 0.9627 0.3586 0.0000 767.750 22.356 321.548
2507 0.000000 0 0.7563 0.5617 0.3355 0.9627 0.3586 0.0000 767.750 22.356 321.548
2508 0.000000 0 0.7563 0.5617 0.3355 0.9627 0.3586 0.0000 767.750 22.356 321.548
2509 0.000000 0 0.7563 0.5617 0.3355 0.9627 0.3586 0.0000 767.750 22.356 321.548
2510 0.000000 0 0.7563 0.5617 0.3355 0.9627 0.3586 0.0000 767.750 22.356 321.548
2511 0.000000 0 0.7563 0.5617 0.3355 0.9627 0.3586 0.0000 767.750 22.356 321.548
2512 0.000000 0 0.7563 0.5617 0.3355 0.9627 0.3586 0.0000 767.750 22.356 321.548
2513 0.000000 0 0.7562 0.5618 0.3354 0.9627 0.3586 0.0000 767.750 22.356 321.548
2514 0.000000 0 0.7562 0.5618 0.3354 0.9627 0.3586 0.0000 767.750 22.356 321.548
2515 0.000000 0 0.7562 0.5618 0.3354 0.9627 0.3586 0.0000 767.750 22.356 321.548
2516 0.000000 0 0.7562 0.5618 0.3354 0.9627 0.3586 0.0000 767.750 22.356 321.548
2517 0.000000 0 0.7562 0.5618 0.3354 0.9627 0.3586 0.0000 767.750 22.356 321.548
2518 0.000000 0 0.7562 0.5618 0.3354 0.9627 0.3586 0.0000 767.750 22.356 321.548
2519 0.000000 0 0.7562 0.5618 0.3354 0.9627 0.3586 0.0000 767.750 22.356 321.548
2520 0.000000 0 0.7562 0.5619 0.3354 0.9627 0.3586 0.0000 767.750 22.356 321.548
2521 0.000000 0 0.7562 0.5619 0.3354 0.9627 0.3586 0.0000 767.750 22.356 321.548
2522 0.000000 0 0.7562 0.5619 0.3354 0.9627 0.3586 0.0000 767.750 22.356 321.548
2523 0.000000 0 0.7561 0.5619 0.3354 0.9627 0.3586 0.0000 767.750 22.356 321.548
2524 0.000000 0 0.7561 0.5619 0.3354 0.9627 0.3586 0.0000 767.750 22.356 321.548
2525 0.000000 0 0.7561 0.5619 0.3354 0.9627 0.3586 0.0000 767.750 22.356 321.548
2526 0.000000 0 0.7561 0.5619 0.3354 0.9627 0.3586 0.0000 767.750 22.356 321.548
2527 0.000000 0 0.7561 0.5620 0.3354 0.9627 0.3586 0.0000 767.750 22.356 321.548
2528 0.000000 0 0.7561 0.5620 0.3354 0.9627 0.3586 0.0000 767.750 22.356 321.548
2529 0.000000 0 0.7561 0.5620 0.3354 0.9627 0.3586 0.0000 767.750 22.356 321.548
2530 0.000000 0 0.7561 0.5620 0.3354 0.9627 0.3586 0.0000 767.750 22.356 321.548
2531 0.000000 0 0.7561 0.5620 0.3354 0.9627 0.3586 0.0000 767.750 22.356 321.548
2532 0.000000 0 0.7561 0.5620 0.3354 0.9627 0.3586 0.0000 767.750 22.356 321.548
2533 0.000000 0 0.7561 0.5620 0.3354 0.9627 0.3586 0.0000 767.750 22.356 321.548
2534 0.000000 0 0.7560 0.5621 0.3354 0.9627 0.3586 0.0000 767.750 22.356 321.548
2535 0.000000 0 0.7560 0.5621 0.3354 0.9627 0.3586 0.0000 767.750 22.356 321.548
2536 0.000000 0 0.7560 0.5621 0.3354 0.9627 0.3586 0.0000 767.750 22.356 321.548
2537 0.000000 0 0.7560 0.5621 0.3354 0.9627 0.3586 0.0000 767.750 22.356 321.548
2538 0.000000 0 0.7560 0.5621 0.3354 0.9627 0.3586 0.0000 767.750 22.356 321.548
2539 0.000000 0 0.7560 0.5621 0.3354 0.9627 0.3586 0.0000 767.750 22.356 321.548
2540 0.000000 0 0.7560 0.5621 0.3354 0.9627 0.3586 0.0000 767.750 22.356 321.548
2541 0.000000 0 0.7560 0.5621 0.3354 0.9627 0.3586 0.0000 767.750 22.356 321.548
2542 0.000000 0 0.7560 0.5622 0.3354 0.9627 0.3586 0.0000 767.750 22.356 321.548
2543 0.000000 0 0.7560 0.5622 0.3354 0.9627 0.3586 0.0000 767.750 22.356 321.548
2544 0.000000 0 0.7559 0.5622 0.3354 0.9627 0.3586 0.0000 767.750 22.356 321.548
2545 0.000000 0 0.7559 0.5622 0.3354 0.9627 0.3586 0.0000 767.750 22.356 321.548
2546 0.000000 0 0.7559 0.5622 0.3354 0.9627 0.3586 0.0000 767.750 22.356 321.548
2547 0.000000 0 0.7559 0.5622 0.3354 0.9627 0.3586 0.0000 767.750 22.356 321.548
2548 0.000000 0 0.7559 0.5622 0.3354 0.9627 0.3586 0.0000 767.750 22.356 321.548
2549 0.000000 0 0.7559 0.5623 0.3354 0.9627 0.3586 0.0000 767.750 22.356 321.548
2550 0.000000 0 0.7559 0.5623 0.3354 0.9627 0.3586 0.0000 767.750 22.356 321.548
2551 0.000000 0 0.7559 0.5623 0.3354 0.9627 0.3586 0.0000 767.750 22.356 321.548
2552 0.000000 0 0.7559 0.5623 0.3354 0.9627 0.3586 0.0000 767.750 22.356 321.548
2553 0.000000 0 0.7559 0.5623 0.3354 0.9627 0.3586 0.0000 767.750 22.356 321.548
2554 0.000000 0 0.7558 0.5623 0.3354 0.9627 0.3586 0.0000 767.750 22.356 321.548
2555 0.000000 0 0.7558 0.5623 0.3354 0.9627 0.3586 0.0000 767.750 22.356 321.548
2556 0.000000 0 0.7558 0.5624 0.3354 0.9627 0.3586 0.0000 767.750 22.356 321.548
2557 0.000000 0 0.7558 0.5624 0.3354 0.9627 0.3586 0.0000 767.750 22.356 321.548
2558 0.000000 0 0.7558 0.5624 0.3354 0.9627 0.3586 0.0000 767.750 22.356 321.548
2559 0.000000 0 0.7558 0.5624 0.3354 0.9627 0.3586 0.0000 767.750 22.356 321.548
2560 0.000000 0 0.7558 0.5624 0.3354 0.9627 0.3586 0.0000 767.750 22.356 321.548
2561 0.000000 0 0.7558 0.5624 0.3354 0.9627 0.3586 0.0000 767.750 22.356 321.548
2562 0.000000 0 0.7558 0.5624 0.3354 0.9627 0.3586 0.0000 767.750 22.356 321.548
2563 0.000000 0 0.7558 0.5625 0.3354 0.9627 0.3586 0.0000 767.750 22.356 321.548
2564 0.000000 0 0.7558 0.5625 0.3354 0.9627 0.3586 0.0000 767.750 22.356 321.548
2565 0.000000 0 0.7557 0.5625 0.3354 0.9627 0.3586 0.0000 767.750 22.356 321.548
2566 0.000000 0 0.7557 0.5625 0.3353 0.9627 0.3586 0.0000 767.750 22.356 321.548
2567 0.000000 0 0.7557 0.5625 0.3353 0.9627 0.3586 0.0000 767.750 22.356 321.548
2568 0.000000 0 0.7557 0.5625 0.3353 0.9627 0.3586 0.0000 767.750 22.356 321.548
2569 0.000000 0 0.7557 0.5625 0.3353 0.9627 0.3586 0.0000 767.750 22.356 321.548
2570 0.000000 0 0.7557 0.5626 0.3353 0.9627 0.3586 0.0000 767.750 22.356 321.548
2571 0.000000 0 0.7557 0.5626 0.3353 0.9627 0.3586 0.0000 767.750 22.356 321.548
2572 0.000000 0 0.7557 0.5626 0.3353 0.9627 0.3586 0.0000 767.750 22.356 321.548
2573 0.000000 0 0.7557 0.5626 0.3353 0.9627 0.3586 0.0000 767.750 22.356 321.548
2574 0.000000 0 0.7557 0.5626 0.3353 0.9627 0.3586 0.0000 767.750 22.356 321.548
2575 0.000000 0 0.7556 0.5626 0.3353 0.9627 0.3586 0.0000 767.750 22.356 321.548
2576 0.000000 0 0.7556 0.5626 0.3353 0.9627 0.3586 0.0000 767.750 22.356 321.548
2577 0.000000 0 0.7556 0.5627 0.3353 0.9627 0.3586 0.0000 767.750 22.356 321.548
2578 0.000000 0 0.7556 0.5627 0.3353 0.9627 0.3586 0.0000 767.750 22.356 321.548
2579 0.000000 0 0.7556 0.5627 0.3353 0.9627 0.3586 0.0000 767.750 22.356 321.548
2580 0.000000 0 0.7556 0.5627 0.3353 0.9627 0.3586 0.0000 767.750 22.356 321.548
2581 0.000000 0 0.7556 0.5627 0.3353 0.9627 0.3586 0.0000 767.750 22.356 321.548
2582 0.000000 0 0.7556 0.5627 0.3353 0.9627 0.3586 0.0000 767.750 22.356 321.548
2583 0.000000 0 0.7556 0.5627 0.3353 0.9627 0.3586 0.0000 767.750 22.356 321.548
2584 0.000000 0 0.7556 0.5628 0.3353 0.9627 0.3586 0.0000 767.750 22.356 321.548
2585 0.000000 0 0.7555 0.5628 0.3353 0.9627 0.3586 0.0000 767.750 22.356 321.548
2586 0.000000 0 0.7555 0.5628 0.3353 0.9627 0.3586 0.0000 767.750 22.356 321.548
2587 0.000000 0 0.7555 0.5628 0.3353 0.9627 0.3586 0.0000 767.750 22.356 321.548
2588 0.000000 0 0.7555 0.5628 0.3353 0.9627 0.3586 0.0000 767.750 22.356 321.548
2589 0.000000 0 0.7555 0.5628 0.3353 0.9627 0.3586 0.0000 767.750 22.356 321.548
2590 0.000000 0 0.7555 0.5628 0.3353 0.9627 0.3586 0.0000 767.750 22.356 321.548
2591 0.000000 0 0.7555 0.5629 0.3353 0.9627 0.3586 0.0000 767.750 22.356 321.548
2592 0.000000 0 0.7555 0.5629 0.3353 0.9627 0.3586 0.0000 767.750 22.356 321.548
2593 0.000000 0 0.7555 0.5629 0.3353 0.9627 0.3586 0.0000 767.750 22.356 321.548
2594 0.000000 0 0.7555 0.5629 0.3353 0.9627 0.3586 0.0000 767.750 22.356 321.548
2595 0.000000 0 0.7555 0.5629 0.3353 0.9627 0.3586 0.0000 767.750 22.356 321.548
2596 0.000000 0 0.7554 0.5629 0.3353 0.9627 0.3586 0.0000 767.750 22.356 321.548
2597 0.000000 0 0.7554 0.5629 0.3353 0.9627 0.3586 0.0000 767.750 22.356 321.548
2598 0.000000 0 0.7554 0.5630 0.3353 0.9627 0.3586 0.0000 767.750 22.356 321.548
2599 0.000000 0 0.7554 0.5630 0.3353 0.9627 0.3586 0.0000 767.750 22.356 321.548
2600 0.000000 0 0.7554 0.5630 0.3353 0.9627 0.3586 0.0000 767.750 22.356 321.548
2601 0.000000 0 0.7554 0.5630 0.3353 0.9627 0.3586 0.0000 767.750 22.356 321.548
2602 0.000000 0 0.7554 0.5630 0.3353 0.9627 0.3586 0.0000 767.750 22.356 321.548
2603 0.000000 0 0.7554 0.5630 0.3353 0.9627 0.3586 0.0000 767.750 22.356 321.548
2604 0.000000 0 0.7554 0.5630 0.3353 0.9627 0.3586 0.0000 767.750 22.356 321.548
2605 0.000000 0 0.7554 0.5631 0.3353 0.9627 0.3586 0.0000 767.750 22.356 321.548
2606 0.000000 0 0.7553 0.5631 0.3353 0.9627 0.3586 0.0000 767.750 22.356 321.548
2607 0.000000 0 0.7553 0.5631 0.3353 0.9627 0.3586 0.0000 767.750 22.356 321.548
2608 0.000000 0 0.7553 0.5631 0.3353 0.9627 0.3586 0.0000 767.750 22.356 321.548
2609 0.000000 0 0.7553 0.5631 0.3353 0.9627 0.3586 0.0000 767.750 22.356 321.548
2610 0.000000 0 0.7553 0.5631 0.3353 0.9627 0.3586 0.0000 767.750 22.356 321.548
2611 0.000000 0 0.7553 0.5631 0.3353 0.9627 0.3586 0.0000 767.750 22.356 321.548
2612 0.000000 0 0.7553 0.5632 0.3353 0.9627 0.3586 0.0000 767.750 22.356 321.548
2613 0.000000 0 0.7553 0.5632 0.3353 0.9627 0.3586 0.0000 767.750 22.356 321.548
2614 0.000000 0 0.7553 0.5632 0.3353 0.9627 0.3586 0.0000 767.750 22.356 321.548
2615 0.000000 0 0.7553 0.5632 0.3353 0.9627 0.3586 0.0000 767.750 22.356 321.548
2616 0.000000 0 0.7552 0.5632 0.3353 0.9627 0.3586 0.0000 767.750 22.356 321.548
2617 0.000000 0 0.7552 0.5632 0.3353 0.9627 0.3586 0.0000 767.750 22.356 321.548
2618 0.000000 0 0.7552 0.5632 0.3352 0.9627 0.3586 0.0000 767.750 22.356 321.548
2619 0.000000 0 0.7552 0.5633 0.3352 0.9627 0.3586 0.0000 767.750 22.356 321.548
2620 0.000000 0 0.7552 0.5633 0.3352 0.9627 0.3586 0.0000 767.750 22.356 321.548
2621 0.000000 0 0.7552 0.5633 0.3352 0.9627 0.3586 0.0000 767.750 22.356 321.548
2622 0.000000 0 0.7552 0.5633 0.3352 0.9627 0.3586 0.0000 767.750 22.356 321.548
2623 0.000000 0 0.7552 0.5633 0.3352 0.9627 0.3586 0.0000 767.750 22.356 321.548
2624 0.000000 0 0.7552 0.5633 0.3352 0.9627 0.3586 0.0000 767.750 22.356 321.548
2625 0.000000 0 0.7552 0.5633 0.3352 0.9627 0.3586 0.0000 767.750 22.356 321.548
2626 0.000000 0 0.7552 0.5634 0.3352 0.9627 0.3586 0.0000 767.750 22.356 321.548
2627 0.000000 0 0.7551 0.5634 0.3352 0.9627 0.3586 0.0000 767.750 22.356 321.548
2628 0.000000 0 0.7551 0.5634 0.3352 0.9627 0.3586 0.0000 767.750 22.356 321.548
2629 0.000000 0 0.7551 0.5634 0.3352 0.9627 0.3586 0.0000 767.750 22.356 321.548
2630 0.000000 0 0.7551 0.5634 0.3352 0.9627 0.3586 0.0000 767.750 22.356 321.548
2631 0.000000 0 0.7551 0.5634 0.3352 0.9627 0.3586 0.0000 767.750 22.356 321.548
2632 0.000000 0 0.7551 0.5634 0.3352 0.9627 0.3586 0.0000 767.750 22.356 321.548
2633 0.000000 0 0.7551 0.5635 0.3352 0.9627 0.3586 0.0000 767.750 22.356 321.548
2634 0.000000 0 0.7551 0.5635 0.3352 0.9627 0.3586 0.0000 767.750 22.356 321.548
2635 0.000000 0 0.7551 0.5635 0.3352 0.9627 0.3586 0.0000 767.750 22.356 321.548
2636 0.000000 0 0.7551 0.5635 0.3352 0.9627 0.3586 0.0000 767.750 22.356 321.548
2637 0.000000 0 0.7550 0.5635 0.3352 0.9627 0.3586 0.0000 767.750 22.356 321.548
2638 0.000000 0 0.7550 0.5635 0.3352 0.9627 0.3586 0.0000 767.750 22.356 321.548
2639 0.000000 0 0.7550 0.5635 0.3352 0.9627 0.3586 0.0000 767.750 22.356 321.548
2640 0.000000 0 0.7550 0.5635 0.3352 0.9627 0.3586 0.0000 767.750 22.356 321.548
2641 0.000000 0 0.7550 0.5636 0.3352 0.9627 0.3586 0.0000 767.750 22.356 321.548
2642 0.000000 0 0.7550 0.5636 0.3352 0.9627 0.3586 0.0000 767.750 22.356 321.548
2643 0.000000 0 0.7550 0.5636 0.3352 0.9627 0.3586 0.0000 767.750 22.356 321.548
2644 0.000000 0 0.7550 0.5636 0.3352 0.9627 0.3586 0.0000 767.750 22.356 321.548
2645 0.000000 0 0.7550 0.5636 0.3352 0.9627 0.3586 0.0000 767.750 22.356 321.548
2646 0.000000 0 0.7550 0.5636 0.3352 0.9627 0.3586 0.0000 767.750 22.356 321.548
2647 0.000000 0 0.7549 0.5636 0.3352 0.9627 0.3586 0.0000 767.750 22.356 321.548
2648 0.000000 0 0.7549 0.5637 0.3352 0.9627 0.3586 0.0000 767.750 22.362 321.548
2649 0.000000 0 0.7549 0.5637 0.3352 0.9627 0.3586 0.0000 767.749 22.397 321.549
2650 0.000000 0 0.7549 0.5637 0.3352 0.9627 0.3586 0.0000 767.748 22.432 321.550
2651 0.000000 0 0.7549 0.5637 0.3352 0.9627 0.3586 0.0000 767.747 22.466 321.551
2652 0.000000 0 0.7549 0.5637 0.3352 0.9627 0.3586 0.0000 767.746 22.502 321.552
2653 0.000000 0 0.7549 0.5637 0.3352 0.9627 0.3586 0.0000 767.745 22.533 321.553
2654 0.000000 0 0.7549 0.5637 0.3352 0.9627 0.3586 0.0000 767.745 22.565 321.553
2655 0.000000 0 0.7549 0.5638 0.3352 0.9627 0.3586 0.0000 767.744 22.596 321.554
2656 0.000000 0 0.7549 0.5638 0.3352 0.9627 0.3586 0.0000 767.743 22.628 321.555
2657 0.000000 0 0.7549 0.5638 0.3352 0.9627 0.3586 0.0000 767.742 22.658 321.556
2658 0.000000 0 0.7548 0.5638 0.3352 0.9627 0.3586 0.0000 767.742 22.688 321.557
2659 0.000000 0 0.7548 0.5638 0.3352 0.9627 0.3586 0.0000 767.741 22.716 321.557
2660 0.000000 0 0.7548 0.5638 0.3352 0.9627 0.3586 0.0000 767.740 22.745 321.558
2661 0.000000 0 0.7548 0.5638 0.3352 0.9627 0.3586 0.0000 767.740 22.772 321.559
2662 0.000000 0 0.7548 0.5639 0.3352 0.9627 0.3586 0.0000 767.739 22.799 321.559
2663 0.000000 0 0.7548 0.5639 0.3352 0.9627 0.3586 0.0000 767.738 22.825 321.560
2664 0.000000 0 0.7548 0.5639 0.3352 0.9627 0.3586 0.0000 767.737 22.876 321.561
2665 0.000000 0 0.7548 0.5639 0.3352 0.9627 0.3586 0.0000 767.737 22.879 321.561
2666 0.000000 0 0.7548 0.5639 0.3352 0.9627 0.3586 0.0000 767.736 22.924 321.562
2667 0.000000 0 0.7548 0.5639 0.3352 0.9627 0.3586 0.0000 767.736 22.926 321.563
2668 0.000000 0 0.7547 0.5640 0.3352 0.9627 0.3586 0.0000 767.735 22.969 321.564
2669 0.000000 0 0.7547 0.5640 0.3351 0.9627 0.3586 0.0000 767.734 22.991 321.564
2670 0.000000 0 0.7547 0.5640 0.3351 0.9627 0.3586 0.0000 767.733 23.031 321.565
2671 0.000000 0 0.7547 0.5640 0.3351 0.9627 0.3586 0.0000 767.733 23.034 321.565
2672 0.000000 0 0.7547 0.5640 0.3351 0.9627 0.3586 0.0000 767.732 23.070 321.566
2673 0.000000 0 0.7547 0.5640 0.3351 0.9627 0.3586 0.0000 767.732 23.087 321.567
2674 0.000000 0 0.7547 0.5641 0.3351 0.9627 0.3586 0.0000 767.731 23.121 321.567
2675 0.000000 0 0.7547 0.5641 0.3351 0.9627 0.3586 0.0000 767.731 23.124 321.568
2676 0.000000 0 0.7546 0.5641 0.3351 0.9627 0.3586 0.0000 767.730 23.153 321.568
2677 0.000000 0 0.7546 0.5641 0.3351 0.9627 0.3586 0.0000 767.729 23.181 321.569
2678 0.000000 0 0.7546 0.5641 0.3351 0.9627 0.3586 0.0000 767.729 23.183 321.569
2679 0.000000 0 0.7546 0.5642 0.3351 0.9627 0.3586 0.0000 767.729 23.207 321.570
2680 0.000000 0 0.7546 0.5642 0.3351 0.9627 0.3586 0.0000 767.728 23.230 321.570
2681 0.000000 0 0.7546 0.5642 0.3351 0.9627 0.3586 0.0000 767.728 23.232 321.570
2682 0.000000 0 0.7546 0.5642 0.3351 0.9627 0.3586 0.0000 767.728 23.250 321.571
2683 0.000000 0 0.7545 0.5642 0.3351 0.9627 0.3586 0.0000 767.727 23.268 321.571
2684 0.000000 0 0.7545 0.5643 0.3351 0.9627 0.3586 0.0000 767.727 23.283 321.572
2685 0.000000 0 0.7545 0.5643 0.3351 0.9627 0.3586 0.0000 767.727 23.284 321.572
2686 0.000000 0 0.7545 0.5643 0.3351 0.9627 0.3586 0.0000 767.727 23.295 321.572
2687 0.000000 0 0.7545 0.5643 0.3351 0.9627 0.3586 0.0000 767.726 23.305 321.572
2688 0.000000 0 0.7545 0.5643 0.3351 0.9627 0.3586 0.0000 767.726 23.305 321.572
2689 0.000000 0 0.7545 0.5644 0.3351 0.9627 0.3586 0.0000 767.726 23.312 321.572
2690 0.000000 0 0.7545 0.5644 0.3351 0.9627 0.3586 0.0000 767.726 23.314 321.572
2691 0.000000 0 0.7544 0.5644 0.3351 0.9627 0.3586 0.0000 767.726 23.316 321.572
2692 0.000000 0 0.7544 0.5644 0.3351 0.9627 0.3586 0.0000 767.726 23.317 321.572
2693 0.000000 0 0.7544 0.5644 0.3351 0.9627 0.3586 0.0000 767.726 23.317 321.572
2694 0.000000 0 0.7544 0.5644 0.3351 0.9627 0.3586 0.0000 767.726 23.316 321.572
2695 0.000000 0 0.7544 0.5644 0.3351 0.9627 0.3586 0.0000 767.726 23.316 321.572
2696 0.000000 0 0.7544 0.5645 0.3351 0.9627 0.3586 0.0000 767.726 23.311 321.572
2697 0.000000 0 0.7544 0.5645 0.3351 0.9627 0.3586 0.0000 767.726 23.311 321.572
2698 0.000000 0 0.7544 0.5645 0.3351 0.9627 0.3586 0.0000 767.726 23.304 321.572
2699 0.000000 0 0.7544 0.5645 0.3351 0.9627 0.3586 0.0000 767.726 23.303 321.572
2700 0.000000 0 0.7543 0.5645 0.3351 0.9627 0.3586 0.0000 767.727 23.294 321.572
2701 0.000000 0 0.7543 0.5645 0.3351 0.9627 0.3586 0.0000 767.727 23.293 321.572
2702 0.000000 0 0.7543 0.5645 0.3351 0.9627 0.3586 0.0000 767.727 23.287 321.572
2703 0.000000 0 0.7543 0.5646 0.3351 0.9627 0.3586 0.0000 767.727 23.274 321.572
2704 0.000000 0 0.7543 0.5646 0.3351 0.9627 0.3586 0.0000 767.727 23.273 321.572
2705 0.000000 0 0.7543 0.5646 0.3351 0.9627 0.3586 0.0000 767.728 23.257 321.571
2706 0.000000 0 0.7543 0.5646 0.3351 0.9627 0.3586 0.0000 767.728 23.255 321.571
2707 0.000000 0 0.7543 0.5646 0.3351 0.9627 0.3586 0.0000 767.728 23.237 321.571
2708 0.000000 0 0.7543 0.5646 0.3351 0.9627 0.3586 0.0000 767.728 23.236 321.571
2709 0.000000 0 0.7543 0.5646 0.3351 0.9627 0.3586 0.0000 767.728 23.226 321.570
2710 0.000000 0 0.7543 0.5647 0.3351 0.9627 0.3586 0.0000 767.729 23.215 321.570
2711 0.000000 0 0.7542 0.5647 0.3351 0.9627 0.3586 0.0000 767.729 23.203 321.570
2712 0.000000 0 0.7542 0.5647 0.3351 0.9627 0.3586 0.0000 767.729 23.190 321.570
2713 0.000000 0 0.7542 0.5647 0.3351 0.9627 0.3586 0.0000 767.729 23.176 321.569
2714 0.000000 0 0.7542 0.5647 0.3350 0.9627 0.3586 0.0000 767.730 23.162 321.569
2715 0.000000 0 0.7542 0.5647 0.3350 0.9627 0.3586 0.0000 767.730 23.147 321.569
2716 0.000000 0 0.7542 0.5647 0.3350 0.9627 0.3586 0.0000 767.730 23.132 321.569
2717 0.000000 0 0.7542 0.5648 0.3350 0.9627 0.3586 0.0000 767.731 23.115 321.568
2718 0.000000 0 0.7542 0.5648 0.3350 0.9627 0.3586 0.0000 767.731 23.099 321.567
2719 0.000000 0 0.7542 0.5648 0.3350 0.9627 0.3586 0.0000 767.731 23.081 321.567
2720 0.000000 0 0.7542 0.5648 0.3350 0.9627 0.3586 0.0000 767.732 23.063 321.567
2721 0.000000 0 0.7542 0.5648 0.3350 0.9627 0.3586 0.0000 767.733 23.044 321.566
2722 0.000000 0 0.7541 0.5648 0.3350 0.9627 0.3586 0.0000 767.733 23.024 321.565
2723 0.000000 0 0.7541 0.5648 0.3350 0.9627 0.3586 0.0000 767.733 23.004 321.565
2724 0.000000 0 0.7541 0.5648 0.3350 0.9627 0.3586 0.0000 767.733 22.983 321.565
2725 0.000000 0 0.7541 0.5649 0.3350 0.9627 0.3586 0.0000 767.735 22.960 321.564
2726 0.000000 0 0.7541 0.5649 0.3350 0.9627 0.3586 0.0000 767.735 22.939 321.563
2727 0.000000 0 0.7541 0.5649 0.3350 0.9627 0.3586 0.0000 767.735 22.915 321.563
2728 0.000000 0 0.7541 0.5649 0.3350 0.9627 0.3586 0.0000 767.736 22.892 321.563
2729 0.000000 0 0.7541 0.5649 0.3350 0.9627 0.3586 0.0000 767.737 22.868 321.562
2730 0.000000 0 0.7541 0.5649 0.3350 0.9627 0.3586 0.0000 767.738 22.843 321.561
2731 0.000000 0 0.7541 0.5649 0.3350 0.9627 0.3586 0.0000 767.738 22.816 321.561
2732 0.000000 0 0.7540 0.5650 0.3350 0.9627 0.3586 0.0000 767.738 22.790 321.561
2733 0.000000 0 0.7540 0.5650 0.3350 0.9627 0.3586 0.0000 767.739 22.762 321.559
2734 0.000000 0 0.7540 0.5650 0.3350 0.9627 0.3586 0.0000 767.740 22.710 321.558
2735 0.000000 0 0.7540 0.5650 0.3350 0.9627 0.3586 0.0000 767.740 22.515 321.558
2736 0.000000 0 0.7540 0.5650 0.3350 0.9627 0.3586 0.0000 767.741 22.356 321.557
2737 0.000000 0 0.7540 0.5650 0.3350 0.9627 0.3586 0.0000 767.746 22.352 321.552
2738 0.000000 0 0.7540 0.5650 0.3350 0.9627 0.3586 0.0000 767.750 22.348 321.549
2739 0.000000 0 0.7540 0.5651 0.3350 0.9627 0.3586 0.0000 767.750 22.340 321.549
2740 0.000000 0 0.7540 0.5651 0.3350 0.9627 0.3586 0.0000 767.750 22.332 321.549
2741 0.000000 0 0.7540 0.5651 0.3350 0.9627 0.3586 0.0000 767.750 22.321 321.549
2742 0.000000 0 0.7539 0.5651 0.3350 0.9627 0.3586 0.0000 767.750 22.311 321.549
2743 0.000000 0 0.7539 0.5651 0.3350 0.9627 0.3586 0.0000 767.750 22.301 321.549
2744 0.000000 0 0.7539 0.5651 0.3350 0.9627 0.3586 0.0000 767.750 22.293 321.549
2745 0.000000 0 0.7539 0.5651 0.3350 0.9627 0.3586 0.0000 767.750 22.287 321.549
2746 0.000000 0 0.7539 0.5652 0.3350 0.9627 0.3586 0.0000 767.750 22.283 321.549
2747 0.000000 0 0.7539 0.5652 0.3350 0.9627 0.3586 0.0000 767.750 22.282 321.549
2748 0.000000 0 0.7539 0.5652 0.3350 0.9627 0.3586 0.0000 767.750 22.281 321.549
2749 0.000000 0 0.7539 0.5652 0.3350 0.9627 0.3586 0.0000 767.750 22.282 321.549
2750 0.000000 0 0.7539 0.5652 0.3350 0.9627 0.3586 0.0000 767.750 22.283 321.549
2751 0.000000 0 0.7539 0.5652 0.3350 0.9627 0.3586 0.0000 767.750 22.286 321.549
2752 0.000000 0 0.7538 0.5652 0.3350 0.9627 0.3586 0.0000 767.750 22.290 321.549
2753 0.000000 0 0.7538 0.5653 0.3350 0.9627 0.3586 0.0000 767.750 22.294 321.549
2754 0.000000 0 0.7538 0.5653 0.3350 0.9627 0.3586 0.0000 767.750 22.299 321.549
2755 0.000000 0 0.7538 0.5653 0.3350 0.9627 0.3586 0.0000 767.750 22.305 321.549
2756 0.000000 0 0.7538 0.5653 0.3350 0.9627 0.3586 0.0000 767.750 22.310 321.549
2757 0.000000 0 0.7538 0.5653 0.3350 0.9627 0.3586 0.0000 767.750 22.316 321.549
2758 0.000000 0 0.7538 0.5653 0.3350 0.9627 0.3586 0.0000 767.750 22.321 321.549
2759 0.000000 0 0.7538 0.5653 0.3350 0.9627 0.3586 0.0000 767.750 22.327 321.549
2760 0.000000 0 0.7538 0.5654 0.3350 0.9627 0.3586 0.0000 767.750 22.332 321.549
2761 0.000000 0 0.7538 0.5654 0.3350 0.9627 0.3586 0.0000 767.750 22.336 321.549
2762 0.000000 0 0.7538 0.5654 0.3350 0.9627 0.3586 0.0000 767.750 22.341 321.549
2763 0.000000 0 0.7537 0.5654 0.3350 0.9627 0.3586 0.0000 767.750 22.344 321.549
2764 0.000000 0 0.7537 0.5654 0.3350 0.9627 0.3586 0.0000 767.750 22.347 321.549
2765 0.000000 0 0.7537 0.5654 0.3350 0.9627 0.3586 0.0000 767.750 22.349 321.549
2766 0.000000 0 0.7537 0.5654 0.3349 0.9627 0.3586 0.0000 767.750 22.351 321.549
2767 0.000000 0 0.7537 0.5655 0.3349 0.9627 0.3586 0.0000 767.750 22.352 321.549
2768 0.000000 0 0.7537 0.5655 0.3349 0.9627 0.3586 0.0000 767.750 22.352 321.549
2769 0.000000 0 0.7537 0.5655 0.3349 0.9627 0.3586 0.0000 767.750 22.353 321.549
2770 0.000000 0 0.7537 0.5655 0.3349 0.9627 0.3586 0.0000 767.750 22.354 321.549
2771 0.000000 0 0.7537 0.5655 0.3349 0.9627 0.3586 0.0000 767.750 22.355 321.549
2772 0.000000 0 0.7537 0.5655 0.3349 0.9627 0.3586 0.0000 767.750 22.355 321.549
2773 0.000000 0 0.7536 0.5655 0.3349 0.9627 0.3586 0.0000 767.750 22.356 321.549
2774 0.000000 0 0.7536 0.5656 0.3349 0.9627 0.3586 0.0000 767.750 22.356 321.549
2775 0.000000 0 0.7536 0.5656 0.3349 0.9627 0.3586 0.0000 767.750 22.356 321.549
2776 0.000000 0 0.7536 0.5656 0.3349 0.9627 0.3586 0.0000 767.750 22.356 321.549
2777 0.000000 0 0.7536 0.5656 0.3349 0.9627 0.3586 0.0000 767.750 22.356 321.549
2778 0.000000 0 0.7536 0.5656 0.3349 0.9627 0.3586 0.0000 767.750 22.356 321.549
2779 0.000000 0 0.7536 0.5656 0.3349 0.9627 0.3586 0.0000 767.750 22.356 321.549
2780 0.000000 0 0.7536 0.5656 0.3349 0.9627 0.3586 0.0000 767.750 22.356 321.549
2781 0.000000 0 0.7536 0.5657 0.3349 0.9627 0.3586 0.0000 767.750 22.356 321.549
2782 0.000000 0 0.7536 0.5657 0.3349 0.9627 0.3586 0.0000 767.750 22.356 321.549
2783 0.000000 0 0.7535 0.5657 0.3349 0.9627 0.3586 0.0000 767.750 22.356 321.549
2784 0.000000 0 0.7535 0.5657 0.3349 0.9627 0.3586 0.0000 767.750 22.356 321.549
2785 0.000000 0 0.7535 0.5657 0.3349 0.9627 0.3586 0.0000 767.750 22.356 321.549
2786 0.000000 0 0.7535 0.5657 0.3349 0.9627 0.3586 0.0000 767.750 22.356 321.549
2787 0.000000 0 0.7535 0.5657 0.3349 0.9627 0.3586 0.0000 767.750 22.356 321.549
2788 0.000000 0 0.7535 0.5658 0.3349 0.9627 0.3586 0.0000 767.750 22.356 321.549
2789 0.000000 0 0.7535 0.5658 0.3349 0.9627 0.3586 0.0000 767.750 22.356 321.549
2790 0.000000 0 0.7535 0.5658 0.3349 0.9627 0.3586 0.0000 767.750 22.356 321.549
2791 0.000000 0 0.7535 0.5658 0.3349 0.9627 0.3586 0.0000 767.750 22.356 321.549
2792 0.000000 0 0.7535 0.5658 0.3349 0.9627 0.3586 0.0000 767.750 22.356 321.549
2793 0.000000 0 0.7535 0.5658 0.3349 0.9627 0.3586 0.0000 767.750 22.356 321.549
2794 0.000000 0 0.7534 0.5658 0.3349 0.9627 0.3586 0.0000 767.750 22.356 321.549
2795 0.000000 0 0.7534 0.5659 0.3349 0.9627 0.3586 0.0000 767.750 22.356 321.549
2796 0.000000 0 0.7534 0.5659 0.3349 0.9627 0.3586 0.0000 767.750 22.356 321.549
2797 0.000000 0 0.7534 0.5659 0.3349 0.9627 0.3586 0.0000 767.750 22.356 321.549
2798 0.000000 0 0.7534 0.5659 0.3349 0.9627 0.3586 0.0000 767.750 22.356 321.549
2799 0.000000 0 0.7534 0.5659 0.3349 0.9627 0.3586 0.0000 767.750 22.356 321.549
2800 0.000000 0 0.7534 0.5659 0.3349 0.9627 0.3586 0.0000 767.750 22.356 321.549
2801 0.000000 0 0.7534 0.5659 0.3349 0.9627 0.3586 0.0000 767.750 22.356 321.549
2802 0.000000 0 0.7534 0.5659 0.3349 0.9627 0.3586 0.0000 767.750 22.356 321.549
2803 0.000000 0 0.7534 0.5660 0.3349 0.9627 0.3586 0.0000 767.750 22.356 321.549
2804 0.000000 0 0.7533 0.5660 0.3349 0.9627 0.3586 0.0000 767.750 22.356 321.549
2805 0.000000 0 0.7533 0.5660 0.3349 0.9627 0.3586 0.0000 767.750 22.356 321.549
2806 0.000000 0 0.7533 0.5660 0.3349 0.9627 0.3586 0.0000 767.750 22.356 321.549
2807 0.000000 0 0.7533 0.5660 0.3349 0.9627 0.3586 0.0000 767.750 22.356 321.549
2808 0.000000 0 0.7533 0.5660 0.3349 0.9627 0.3586 0.0000 767.750 22.356 321.549
2809 0.000000 0 0.7533 0.5661 0.3349 0.9627 0.3586 0.0000 767.750 22.356 321.549
2810 0.000000 0 0.7533 0.5661 0.3349 0.9627 0.3586 0.0000 767.750 22.356 321.549
2811 0.000000 0 0.7533 0.5661 0.3349 0.9627 0.3586 0.0000 767.750 22.356 321.549
2812 0.000000 0 0.7533 0.5661 0.3349 0.9627 0.3586 0.0000 767.750 22.356 321.549
2813 0.000000 0 0.7532 0.5661 0.3349 0.9627 0.3586 0.0000 767.750 22.356 321.549
2814 0.000000 0 0.7532 0.5662 0.3349 0.9627 0.3586 0.0000 767.750 22.356 321.549
2815 0.000000 0 0.7532 0.5662 0.3348 0.9627 0.3586 0.0000 767.750 22.356 321.549
2816 0.000000 0 0.7532 0.5662 0.3348 0.9627 0.3586 0.0000 767.750 22.356 321.549
2817 0.000000 0 0.7532 0.5662 0.3348 0.9627 0.3586 0.0000 767.750 22.356 321.549
2818 0.000000 0 0.7532 0.5662 0.3348 0.9627 0.3586 0.0000 767.750 22.356 321.549
2819 0.000000 0 0.7532 0.5662 0.3348 0.9627 0.3586 0.0000 767.750 22.356 321.549
2820 0.000000 0 0.7532 0.5662 0.3348 0.9627 0.3586 0.0000 767.750 22.356 321.549
2821 0.000000 0 0.7531 0.5663 0.3348 0.9627 0.3586 0.0000 767.750 22.356 321.549
2822 0.000000 0 0.7531 0.5664 0.3348 0.9627 0.3586 0.0000 767.750 22.356 321.549
2823 0.000000 0 0.7530 0.5665 0.3348 0.9627 0.3586 0.0000 767.750 22.356 321.549
2824 0.000000 0 0.7529 0.5666 0.3348 0.9627 0.3586 0.0000 767.750 22.356 321.549
2825 0.000000 0 0.7529 0.5666 0.3348 0.9627 0.3586 0.0000 767.750 22.356 321.549
2826 0.000000 0 0.7529 0.5666 0.3348 0.9627 0.3586 0.0000 767.750 22.356 321.549
2827 0.000000 0 0.7529 0.5666 0.3348 0.9627 0.3586 0.0000 767.750 22.356 321.549
2828 0.000000 0 0.7529 0.5666 0.3348 0.9627 0.3586 0.0000 767.750 22.356 321.549
2829 0.000000 0 0.7529 0.5666 0.3348 0.9627 0.3586 0.0000 767.750 22.356 321.549
2830 0.000000 0 0.7529 0.5666 0.3348 0.9627 0.3586 0.0000 767.750 22.356 321.549
2831 0.000000 0 0.7529 0.5667 0.3348 0.9627 0.3586 0.0000 767.750 22.356 321.549
2832 0.000000 0 0.7529 0.5667 0.3348 0.9627 0.3586 0.0000 767.750 22.356 321.549
2833 0.000000 0 0.7529 0.5667 0.3348 0.9627 0.3586 0.0000 767.750 22.356 321.549
2834 0.000000 0 0.7528 0.5667 0.3348 0.9627 0.3586 0.0000 767.750 22.356 321.549
2835 0.000000 0 0.7528 0.5667 0.3348 0.9627 0.3586 0.0000 767.750 22.356 321.549
2836 0.000000 0 0.7528 0.5667 0.3348 0.9627 0.3586 0.0000 767.750 22.356 321.549
2837 0.000000 0 0.7528 0.5667 0.3348 0.9627 0.3586 0.0000 767.750 22.356 321.549
2838 0.000000 0 0.7528 0.5668 0.3348 0.9627 0.3586 0.0000 767.750 22.356 321.549
2839 0.000000 0 0.7528 0.5668 0.3348 0.9627 0.3586 0.0000 767.750 22.356 321.549
2840 0.000000 0 0.7528 0.5668 0.3348 0.9627 0.3586 0.0000 767.750 22.356 321.549
2841 0.000000 0 0.7528 0.5668 0.3348 0.9627 0.3586 0.0000 767.750 22.356 321.549
2842 0.000000 0 0.7528 0.5668 0.3348 0.9627 0.3586 0.0000 767.750 22.356 321.549
2843 0.000000 0 0.7528 0.5668 0.3348 0.9627 0.3586 0.0000 767.750 22.356 321.549
2844 0.000000 0 0.7527 0.5668 0.3348 0.9627 0.3586 0.0000 767.750 22.356 321.549
2845 0.000000 0 0.7527 0.5669 0.3348 0.9627 0.3586 0.0000 767.750 22.356 321.549
2846 0.000000 0 0.7527 0.5669 0.3348 0.9627 0.3586 0.0000 767.750 22.356 321.549
2847 0.000000 0 0.7527 0.5669 0.3348 0.9627 0.3586 0.0000 767.750 22.356 321.549
2848 0.000000 0 0.7527 0.5669 0.3348 0.9627 0.3586 0.0000 767.750 22.356 321.549
2849 0.000000 0 0.7527 0.5669 0.3347 0.9627 0.3586 0.0000 767.750 22.356 321.549
2850 0.000000 0 0.7527 0.5669 0.3347 0.9627 0.3586 0.0000 767.750 22.356 321.549
2851 0.000000 0 0.7527 0.5669 0.3347 0.9627 0.3586 0.0000 767.750 22.356 321.549
2852 0.000000 0 0.7527 0.5670 0.3347 0.9627 0.3586 0.0000 767.750 22.356 321.549
2853 0.000000 0 0.7527 0.5670 0.3347 0.9627 0.3586 0.0000 767.750 22.356 321.549
2854 0.000000 0 0.7527 0.5670 0.3347 0.9627 0.3586 0.0000 767.750 22.356 321.549
2855 0.000000 0 0.7526 0.5670 0.3347 0.9627 0.3586 0.0000 767.750 22.356 321.549
2856 0.000000 0 0.7526 0.5670 0.3347 0.9627 0.3586 0.0000 767.750 22.356 321.549
2857 0.000000 0 0.7526 0.5670 0.3347 0.9627 0.3586 0.0000 767.750 22.356 321.549
2858 0.000000 0 0.7526 0.5670 0.3347 0.9627 0.3586 0.0000 767.750 22.356 321.549
2859 0.000000 0 0.7526 0.5671 0.3347 0.9627 0.3586 0.0000 767.750 22.356 321.549
2860 0.000000 0 0.7526 0.5671 0.3347 0.9627 0.3586 0.0000 767.750 22.356 321.549
2861 0.000000 0 0.7526 0.5671 0.3347 0.9627 0.3586 0.0000 767.750 22.356 321.549
2862 0.000000 0 0.7526 0.5671 0.3347 0.9627 0.3586 0.0000 767.750 22.356 321.549
2863 0.000000 0 0.7526 0.5671 0.3347 0.9627 0.3586 0.0000 767.750 22.356 321.549
2864 0.000000 0 0.7526 0.5671 0.3347 0.9627 0.3586 0.0000 767.750 22.356 321.549
2865 0.000000 0 0.7525 0.5671 0.3347 0.9627 0.3586 0.0000 767.750 22.356 321.549
2866 0.000000 0 0.7525 0.5671 0.3347 0.9627 0.3586 0.0000 767.750 22.356 321.549
2867 0.000000 0 0.7525 0.5672 0.3347 0.9627 0.3586 0.0000 767.750 22.356 321.549
2868 0.000000 0 0.7525 0.5672 0.3347 0.9627 0.3586 0.0000 767.750 22.356 321.549
2869 0.000000 0 0.7525 0.5672 0.3347 0.9627 0.3586 0.0000 767.750 22.356 321.549
2870 0.000000 0 0.7525 0.5672 0.3347 0.9627 0.3586 0.0000 767.750 22.356 321.549
2871 0.000000 0 0.7525 0.5672 0.3347 0.9627 0.3586 0.0000 767.750 22.356 321.549
2872 0.000000 0 0.7525 0.5672 0.3347 0.9627 0.3586 0.0000 767.750 22.356 321.549
2873 0.000000 0 0.7525 0.5672 0.3347 0.9627 0.3586 0.0000 767.750 22.356 321.549
2874 0.000000 0 0.7525 0.5673 0.3347 0.9627 0.3586 0.0000 767.750 22.356 321.549
2875 0.000000 0 0.7524 0.5673 0.3347 0.9627 0.3586 0.0000 767.750 22.356 321.549
2876 0.000000 0 0.7524 0.5673 0.3347 0.9627 0.3586 0.0000 767.750 22.356 321.549
2877 0.000000 0 0.7524 0.5673 0.3347 0.9627 0.3586 0.0000 767.750 22.356 321.549
2878 0.000000 0 0.7524 0.5673 0.3347 0.9627 0.3586 0.0000 767.750 22.356 321.549
2879 0.000000 0 0.7524 0.5673 0.3347 0.9627 0.3586 0.0000 767.750 22.356 321.549
2880 0.000000 0 0.7524 0.5673 0.3347 0.9627 0.3586 0.0000 767.750 22.356 321.549
2881 0.000000 0 0.7524 0.5674 0.3347 0.9627 0.3586 0.0000 767.750 22.356 321.549
2882 0.000000 0 0.7524 0.5674 0.3347 0.9627 0.3586 0.0000 767.750 22.356 321.549
2883 0.000000 0 0.7524 0.5674 0.3347 0.9627 0.3586 0.0000 767.750 22.356 321.549
2884 0.000000 0 0.7524 0.5674 0.3347 0.9627 0.3586 0.0000 767.750 22.356 321.549
2885 0.000000 0 0.7523 0.5674 0.3347 0.9627 0.3586 0.0000 767.750 22.356 321.549
2886 0.000000 0 0.7523 0.5674 0.3347 0.9627 0.3586 0.0000 767.750 22.356 321.549
2887 0.000000 0 0.7523 0.5674 0.3347 0.9627 0.3586 0.0000 767.750 22.356 321.549
2888 0.000000 0 0.7523 0.5675 0.3347 0.9627 0.3586 0.0000 767.750 22.356 321.549
2889 0.000000 0 0.7523 0.5675 0.3347 0.9627 0.3586 0.0000 767.750 22.356 321.549
2890 0.000000 0 0.7523 0.5675 0.3347 0.9627 0.3586 0.0000 767.750 22.356 321.549
2891 0.000000 0 0.7523 0.5675 0.3347 0.9627 0.3586 0.0000 767.750 22.356 321.549
2892 0.000000 0 0.7523 0.5675 0.3347 0.9627 0.3586 0.0000 767.750 22.356 321.549
2893 0.000000 0 0.7523 0.5675 0.3347 0.9627 0.3586 0.0000 767.750 22.356 321.549
2894 0.000000 0 0.7523 0.5675 0.3347 0.9627 0.3586 0.0000 767.750 22.356 321.549
2895 0.000000 0 0.7523 0.5676 0.3347 0.9627 0.3586 0.0000 767.750 22.356 321.549
2896 0.000000 0 0.7522 0.5676 0.3347 0.9627 0.3586 0.0000 767.750 22.356 321.549
2897 0.000000 0 0.7522 0.5676 0.3347 0.9627 0.3586 0.0000 767.750 22.356 321.549
2898 0.000000 0 0.7522 0.5676 0.3347 0.9627 0.3586 0.0000 767.750 22.356 321.549
2899 0.000000 0 0.7522 0.5676 0.3347 0.9627 0.3586 0.0000 767.750 22.362 321.549
2900 0.000000 0 0.7522 0.5676 0.3347 0.9627 0.3586 0.0000 767.749 22.397 321.550
2901 0.000000 0 0.7522 0.5676 0.3347 0.9627 0.3586 0.0000 767.748 22.432 321.550
2902 0.000000 0 0.7522 0.5677 0.3346 0.9627 0.3586 0.0000 767.747 22.466 321.551
2903 0.000000 0 0.7522 0.5677 0.3346 0.9627 0.3586 0.0000 767.747 22.500 321.552
2904 0.000000 0 0.7522 0.5677 0.3346 0.9627 0.3586 0.0000 767.746 22.533 321.553
2905 0.000000 0 0.7522 0.5677 0.3346 0.9627 0.3586 0.0000 767.745 22.565 321.554
2906 0.000000 0 0.7521 0.5677 0.3346 0.9627 0.3586 0.0000 767.744 22.597 321.555
2907 0.000000 0 0.7521 0.5677 0.3346 0.9627 0.3586 0.0000 767.743 22.628 321.555
2908 0.000000 0 0.7521 0.5677 0.3346 0.9627 0.3586 0.0000 767.743 22.658 321.556
2909 0.000000 0 0.7521 0.5678 0.3346 0.9627 0.3586 0.0000 767.742 22.688 321.557
2910 0.000000 0 0.7521 0.5678 0.3346 0.9627 0.3586 0.0000 767.741 22.717 321.558
2911 0.000000 0 0.7521 0.5678 0.3346 0.9627 0.3586 0.0000 767.740 22.745 321.558
2912 0.000000 0 0.7521 0.5678 0.3346 0.9627 0.3586 0.0000 767.740 22.772 321.559
2913 0.000000 0 0.7521 0.5678 0.3346 0.9627 0.3586 0.0000 767.739 22.799 321.560
2914 0.000000 0 0.7521 0.5678 0.3346 0.9627 0.3586 0.0000 767.738 22.826 321.560
2915 0.000000 0 0.7521 0.5678 0.3346 0.9627 0.3586 0.0000 767.738 22.851 321.561
2916 0.000000 0 0.7520 0.5679 0.3346 0.9627 0.3586 0.0000 767.737 22.876 321.562
2917 0.000000 0 0.7520 0.5679 0.3346 0.9627 0.3586 0.0000 767.737 22.901 321.562
2918 0.000000 0 0.7520 0.5679 0.3346 0.9627 0.3586 0.0000 767.736 22.924 321.563
2919 0.000000 0 0.7520 0.5679 0.3346 0.9627 0.3586 0.0000 767.735 22.947 321.563
2920 0.000000 0 0.7520 0.5679 0.3346 0.9627 0.3586 0.0000 767.735 22.968 321.564
2921 0.000000 0 0.7520 0.5679 0.3346 0.9627 0.3586 0.0000 767.734 22.990 321.564
2922 0.000000 0 0.7520 0.5679 0.3346 0.9627 0.3586 0.0000 767.734 23.011 321.565
2923 0.000000 0 0.7520 0.5680 0.3346 0.9627 0.3586 0.0000 767.733 23.031 321.565
2924 0.000000 0 0.7520 0.5680 0.3346 0.9627 0.3586 0.0000 767.733 23.050 321.566
2925 0.000000 0 0.7520 0.5680 0.3346 0.9627 0.3586 0.0000 767.732 23.069 321.566
2926 0.000000 0 0.7519 0.5680 0.3346 0.9627 0.3586 0.0000 767.732 23.087 321.567
2927 0.000000 0 0.7519 0.5680 0.3346 0.9627 0.3586 0.0000 767.731 23.104 321.567
2928 0.000000 0 0.7519 0.5680 0.3346 0.9627 0.3586 0.0000 767.731 23.121 321.568
2929 0.000000 0 0.7519 0.5680 0.3346 0.9627 0.3586 0.0000 767.731 23.137 321.568
2930 0.000000 0 0.7519 0.5680 0.3346 0.9627 0.3586 0.0000 767.730 23.152 321.568
2931 0.000000 0 0.7519 0.5681 0.3346 0.9627 0.3586 0.0000 767.730 23.167 321.569
2932 0.000000 0 0.7519 0.5681 0.3346 0.9627 0.3586 0.0000 767.730 23.181 321.569
2933 0.000000 0 0.7519 0.5681 0.3346 0.9627 0.3586 0.0000 767.729 23.194 321.570
2934 0.000000 0 0.7519 0.5681 0.3346 0.9627 0.3586 0.0000 767.729 23.207 321.570
2935 0.000000 0 0.7519 0.5681 0.3346 0.9627 0.3586 0.0000 767.729 23.219 321.570
2936 0.000000 0 0.7518 0.5681 0.3346 0.9627 0.3586 0.0000 767.728 23.230 321.570
2937 0.000000 0 0.7518 0.5681 0.3346 0.9627 0.3586 0.0000 767.728 23.241 321.571
2938 0.000000 0 0.7518 0.5682 0.3346 0.9627 0.3586 0.0000 767.728 23.250 321.571
2939 0.000000 0 0.7518 0.5682 0.3346 0.9627 0.3586 0.0000 767.728 23.260 321.571
2940 0.000000 0 0.7518 0.5682 0.3346 0.9627 0.3586 0.0000 767.727 23.276 321.572
2941 0.000000 0 0.7518 0.5682 0.3346 0.9627 0.3586 0.0000 767.727 23.277 321.572
2942 0.000000 0 0.7518 0.5682 0.3346 0.9627 0.3586 0.0000 767.727 23.290 321.572
2943 0.000000 0 0.7518 0.5682 0.3346 0.9627 0.3586 0.0000 767.727 23.290 321.572
2944 0.000000 0 0.7518 0.5683 0.3346 0.9627 0.3586 0.0000 767.727 23.301 321.572
2945 0.000000 0 0.7518 0.5683 0.3346 0.9627 0.3586 0.0000 767.727 23.301 321.572
2946 0.000000 0 0.7517 0.5683 0.3346 0.9627 0.3586 0.0000 767.726 23.309 321.572
2947 0.000000 0 0.7517 0.5683 0.3346 0.9627 0.3586 0.0000 767.726 23.314 321.573
2948 0.000000 0 0.7517 0.5683 0.3346 0.9627 0.3586 0.0000 767.726 23.314 321.573
2949 0.000000 0 0.7517 0.5683 0.3346 0.9627 0.3586 0.0000 767.726 23.317 321.573
2950 0.000000 0 0.7517 0.5683 0.3346 0.9627 0.3586 0.0000 767.726 23.317 321.573
2951 0.000000 0 0.7517 0.5684 0.3346 0.9627 0.3586 0.0000 767.726 23.317 321.573
2952 0.000000 0 0.7517 0.5684 0.3346 0.9627 0.3586 0.0000 767.726 23.317 321.573
2953 0.000000 0 0.7517 0.5684 0.3345 0.9627 0.3586 0.0000 767.726 23.314 321.573
2954 0.000000 0 0.7517 0.5684 0.3345 0.9627 0.3586 0.0000 767.726 23.311 321.573
2955 0.000000 0 0.7517 0.5684 0.3345 0.9627 0.3586 0.0000 767.726 23.311 321.573
2956 0.000000 0 0.7516 0.5684 0.3345 0.9627 0.3586 0.0000 767.726 23.304 321.572
2957 0.000000 0 0.7516 0.5685 0.3345 0.9627 0.3586 0.0000 767.727 23.294 321.572
2958 0.000000 0 0.7516 0.5685 0.3345 0.9627 0.3586 0.0000 767.727 23.293 321.572
2959 0.000000 0 0.7516 0.5685 0.3345 0.9627 0.3586 0.0000 767.727 23.281 321.572
2960 0.000000 0 0.7516 0.5685 0.3345 0.9627 0.3586 0.0000 767.727 23.265 321.572
2961 0.000000 0 0.7516 0.5685 0.3345 0.9627 0.3586 0.0000 767.727 23.264 321.571
2962 0.000000 0 0.7516 0.5686 0.3345 0.9627 0.3586 0.0000 767.728 23.247 321.571
2963 0.000000 0 0.7515 0.5686 0.3345 0.9627 0.3586 0.0000 767.728 23.237 321.571
2964 0.000000 0 0.7515 0.5686 0.3345 0.9627 0.3586 0.0000 767.729 23.215 321.570
2965 0.000000 0 0.7515 0.5686 0.3345 0.9627 0.3586 0.0000 767.729 23.213 321.570
2966 0.000000 0 0.7515 0.5686 0.3345 0.9627 0.3586 0.0000 767.730 23.176 321.569
2967 0.000000 0 0.7515 0.5686 0.3345 0.9627 0.3586 0.0000 767.730 23.173 321.569
2968 0.000000 0 0.7515 0.5687 0.3345 0.9627 0.3586 0.0000 767.730 23.147 321.569
2969 0.000000 0 0.7515 0.5687 0.3345 0.9627 0.3586 0.0000 767.731 23.115 321.568
2970 0.000000 0 0.7515 0.5687 0.3345 0.9627 0.3586 0.0000 767.731 23.113 321.568
2971 0.000000 0 0.7514 0.5687 0.3345 0.9627 0.3586 0.0000 767.732 23.080 321.567
2972 0.000000 0 0.7514 0.5688 0.3345 0.9627 0.3586 0.0000 767.733 23.043 321.566
2973 0.000000 0 0.7514 0.5688 0.3345 0.9627 0.3586 0.0000 767.733 23.041 321.566
2974 0.000000 0 0.7514 0.5688 0.3345 0.9627 0.3586 0.0000 767.734 22.982 321.565
2975 0.000000 0 0.7514 0.5688 0.3345 0.9627 0.3586 0.0000 767.736 22.938 321.563
2976 0.000000 0 0.7514 0.5688 0.3345 0.9627 0.3586 0.0000 767.736 22.936 321.563
2977 0.000000 0 0.7513 0.5689 0.3345 0.9627 0.3586 0.0000 767.736 22.892 321.563
2978 0.000000 0 0.7513 0.5689 0.3345 0.9627 0.3586 0.0000 767.736 22.889 321.563
2979 0.000000 0 0.7513 0.5689 0.3345 0.9627 0.3586 0.0000 767.738 22.842 321.561
2980 0.000000 0 0.7513 0.5689 0.3345 0.9627 0.3586 0.0000 767.738 22.839 321.561
2981 0.000000 0 0.7513 0.5689 0.3345 0.9627 0.3586 0.0000 767.738 22.791 321.561
2982 0.000000 0 0.7513 0.5689 0.3345 0.9627 0.3586 0.0000 767.738 22.787 321.561
2983 0.000000 0 0.7513 0.5689 0.3345 0.9627 0.3586 0.0000 767.741 22.706 321.558
2984 0.000000 0 0.7513 0.5689 0.3345 0.9627 0.3586 0.0000 767.741 22.680 321.558
2985 0.000000 0 0.7513 0.5690 0.3345 0.9627 0.3586 0.0000 767.742 22.356 321.557
2986 0.000000 0 0.7513 0.5690 0.3345 0.9627 0.3586 0.0000 767.742 22.355 321.557
2987 0.000000 0 0.7513 0.5690 0.3345 0.9627 0.3586 0.0000 767.750 22.348 321.549
2988 0.000000 0 0.7513 0.5690 0.3345 0.9627 0.3586 0.0000 767.750 22.347 321.549
2989 0.000000 0 0.7512 0.5690 0.3345 0.9627 0.3586 0.0000 767.750 22.340 321.549
2990 0.000000 0 0.7512 0.5690 0.3345 0.9627 0.3586 0.0000 767.750 22.332 321.549
2991 0.000000 0 0.7512 0.5690 0.3345 0.9627 0.3586 0.0000 767.750 22.321 321.549
2992 0.000000 0 0.7512 0.5690 0.3345 0.9627 0.3586 0.0000 767.750 22.311 321.549
2993 0.000000 0 0.7512 0.5691 0.3345 0.9627 0.3586 0.0000 767.750 22.302 321.549
2994 0.000000 0 0.7512 0.5691 0.3345 0.9627 0.3586 0.0000 767.750 22.293 321.549
2995 0.000000 0 0.7512 0.5691 0.3345 0.9627 0.3586 0.0000 767.750 22.288 321.549
2996 0.000000 0 0.7512 0.5691 0.3345 0.9627 0.3586 0.0000 767.750 22.283 321.549
2997 0.000000 0 0.7512 0.5691 0.3344 0.9627 0.3586 0.0000 767.750 22.282 321.549
2998 0.000000 0 0.7512 0.5691 0.3344 0.9627 0.3586 0.0000 767.750 22.281 321.549
2999 0.000000 0 0.7511 0.5691 0.3344 0.9627 0.3586 0.0000 767.750 22.282 321.549
3000 0.000000 0 0.7511 0.5692 0.3344 0.9627 0.3586 0.0000 767.750 22.283 321.549
3001 0.000000 0 0.7511 0.5692 0.3344 0.9627 0.3586 0.0000 767.750 22.286 321.549
3002 0.000000 0 0.7511 0.5692 0.3344 0.9627 0.3586 0.0000 767.750 22.290 321.549
3003 0.000000 0 0.7511 0.5692 0.3344 0.9627 0.3586 0.0000 767.750 22.294 321.549
3004 0.000000 0 0.7511 0.5692 0.3344 0.9627 0.3586 0.0000 767.750 22.299 321.549
3005 0.000000 0 0.7511 0.5692 0.3344 0.9627 0.3586 0.0000 767.750 22.304 321.549
3006 0.000000 0 0.7511 0.5692 0.3344 0.9627 0.3586 0.0000 767.750 22.310 321.549
3007 0.000000 0 0.7511 0.5693 0.3344 0.9627 0.3586 0.0000 767.750 22.316 321.549
3008 0.000000 0 0.7511 0.5693 0.3344 0.9627 0.3586 0.0000 767.750 22.321 321.549
3009 0.000000 0 0.7510 0.5693 0.3344 0.9627 0.3586 0.0000 767.750 22.327 321.549
3010 0.000000 0 0.7510 0.5693 0.3344 0.9627 0.3586 0.0000 767.750 22.332 321.549
3011 0.000000 0 0.7510 0.5693 0.3344 0.9627 0.3586 0.0000 767.750 22.336 321.549
3012 0.000000 0 0.7510 0.5693 0.3344 0.9627 0.3586 0.0000 767.750 22.341 321.549
3013 0.000000 0 0.7510 0.5693 0.3344 0.9627 0.3586 0.0000 767.750 22.344 321.549
3014 0.000000 0 0.7510 0.5694 0.3344 0.9627 0.3586 0.0000 767.750 22.347 321.549
3015 0.000000 0 0.7510 0.5694 0.3344 0.9627 0.3586 0.0000 767.750 22.349 321.549
3016 0.000000 0 0.7510 0.5694 0.3344 0.9627 0.3586 0.0000 767.750 22.351 321.549
3017 0.000000 0 0.7510 0.5694 0.3344 0.9627 0.3586 0.0000 767.750 22.352 321.549
3018 0.000000 0 0.7510 0.5694 0.3344 0.9627 0.3586 0.0000 767.750 22.352 321.549
3019 0.000000 0 0.7509 0.5694 0.3344 0.9627 0.3586 0.0000 767.750 22.353 321.549
3020 0.000000 0 0.7509 0.5694 0.3344 0.9627 0.3586 0.0000 767.750 22.354 321.549
3021 0.000000 0 0.7509 0.5695 0.3344 0.9627 0.3586 0.0000 767.750 22.355 321.549
3022 0.000000 0 0.7509 0.5695 0.3344 0.9627 0.3586 0.0000 767.750 22.355 321.549
3023 0.000000 0 0.7509 0.5695 0.3344 0.9627 0.3586 0.0000 767.750 22.356 321.549
3024 0.000000 0 0.7509 0.5695 0.3344 0.9627 0.3586 0.0000 767.750 22.356 321.549
3025 0.000000 0 0.7509 0.5695 0.3344 0.9627 0.3586 0.0000 767.750 22.356 321.549
3026 0.000000 0 0.7509 0.5695 0.3344 0.9627 0.3586 0.0000 767.750 22.356 321.549
3027 0.000000 0 0.7509 0.5695 0.3344 0.9627 0.3586 0.0000 767.750 22.356 321.549
3028 0.000000 0 0.7509 0.5696 0.3344 0.9627 0.3586 0.0000 767.750 22.356 321.549
3029 0.000000 0 0.7508 0.5696 0.3344 0.9627 0.3586 0.0000 767.750 22.356 321.549
3030 0.000000 0 0.7508 0.5696 0.3344 0.9627 0.3586 0.0000 767.750 22.356 321.549
3031 0.000000 0 0.7508 0.5696 0.3344 0.9627 0.3586 0.0000 767.750 22.356 321.549
3032 0.000000 0 0.7508 0.5696 0.3344 0.9627 0.3586 0.0000 767.750 22.356 321.549
3033 0.000000 0 0.7508 0.5696 0.3344 0.9627 0.3586 0.0000 767.750 22.356 321.549
3034 0.000000 0 0.7508 0.5696 0.3344 0.9627 0.3586 0.0000 767.750 22.356 321.549
3035 0.000000 0 0.7508 0.5697 0.3344 0.9627 0.3586 0.0000 767.750 22.356 321.549
3036 0.000000 0 0.7508 0.5697 0.3344 0.9627 0.3586 0.0000 767.750 22.356 321.549
3037 0.000000 0 0.7508 0.5697 0.3344 0.9627 0.3586 0.0000 767.750 22.356 321.549
3038 0.000000 0 0.7508 0.5697 0.3344 0.9627 0.3586 0.0000 767.750 22.356 321.549
3039 0.000000 0 0.7508 0.5697 0.3344 0.9627 0.3586 0.0000 767.750 22.356 321.549
3040 0.000000 0 0.7507 0.5697 0.3344 0.9627 0.3586 0.0000 767.750 22.356 321.549
3041 0.000000 0 0.7507 0.5697 0.3344 0.9627 0.3586 0.0000 767.750 22.356 321.549
3042 0.000000 0 0.7507 0.5698 0.3344 0.9627 0.3586 0.0000 767.750 22.356 321.549
3043 0.000000 0 0.7507 0.5698 0.3344 0.9627 0.3586 0.0000 767.750 22.356 321.549
3044 0.000000 0 0.7507 0.5698 0.3344 0.9627 0.3586 0.0000 767.750 22.356 321.549
3045 0.000000 0 0.7507 0.5698 0.3344 0.9627 0.3586 0.0000 767.750 22.356 321.549
3046 0.000000 0 0.7507 0.5698 0.3344 0.9627 0.3586 0.0000 767.750 22.356 321.549
3047 0.000000 0 0.7507 0.5698 0.3344 0.9627 0.3586 0.0000 767.750 22.356 321.549
3048 0.000000 0 0.7507 0.5698 0.3344 0.9627 0.3586 0.0000 767.750 22.356 321.549
3049 0.000000 0 0.7507 0.5699 0.3344 0.9627 0.3586 0.0000 767.750 22.356 321.549
3050 0.000000 0 0.7506 0.5699 0.3343 0.9627 0.3586 0.0000 767.750 22.356 321.549
3051 0.000000 0 0.7506 0.5699 0.3343 0.9627 0.3586 0.0000 767.750 22.356 321.549
3052 0.000000 0 0.7506 0.5699 0.3343 0.9627 0.3586 0.0000 767.750 22.356 321.549
3053 0.000000 0 0.7506 0.5699 0.3343 0.9627 0.3586 0.0000 767.750 22.356 321.549
3054 0.000000 0 0.7506 0.5699 0.3343 0.9627 0.3586 0.0000 767.750 22.356 321.549
3055 0.000000 0 0.7506 0.5699 0.3343 0.9627 0.3586 0.0000 767.750 22.356 321.549
3056 0.000000 0 0.7506 0.5699 0.3343 0.9627 0.3586 0.0000 767.750 22.356 321.549
3057 0.000000 0 0.7506 0.5700 0.3343 0.9627 0.3586 0.0000 767.750 22.356 321.549
3058 0.000000 0 0.7506 0.5700 0.3343 0.9627 0.3586 0.0000 767.750 22.356 321.549
3059 0.000000 0 0.7506 0.5700 0.3343 0.9627 0.3586 0.0000 767.750 22.356 321.549
3060 0.000000 0 0.7505 0.5700 0.3343 0.9627 0.3586 0.0000 767.750 22.356 321.549
3061 0.000000 0 0.7505 0.5700 0.3343 0.9627 0.3586 0.0000 767.750 22.356 321.549
3062 0.000000 0 0.7505 0.5700 0.3343 0.9627 0.3586 0.0000 767.750 22.356 321.549
3063 0.000000 0 0.7505 0.5700 0.3343 0.9627 0.3586 0.0000 767.750 22.356 321.549
3064 0.000000 0 0.7505 0.5701 0.3343 0.9627 0.3586 0.0000 767.750 22.356 321.549
3065 0.000000 0 0.7505 0.5701 0.3343 0.9627 0.3586 0.0000 767.750 22.356 321.549
3066 0.000000 0 0.7505 0.5701 0.3343 0.9627 0.3586 0.0000 767.750 22.356 321.549
3067 0.000000 0 0.7505 0.5701 0.3343 0.9627 0.3586 0.0000 767.750 22.356 321.549
3068 0.000000 0 0.7505 0.5701 0.3343 0.9627 0.3586 0.0000 767.750 22.356 321.549
3069 0.000000 0 0.7505 0.5701 0.3343 0.9627 0.3586 0.0000 767.750 22.356 321.549
3070 0.000000 0 0.7504 0.5701 0.3343 0.9627 0.3586 0.0000 767.750 22.356 321.549
3071 0.000000 0 0.7504 0.5702 0.3343 0.9627 0.3586 0.0000 767.750 22.356 321.549
3072 0.000000 0 0.7504 0.5702 0.3343 0.9627 0.3586 0.0000 767.750 22.356 321.549
3073 0.000000 0 0.7504 0.5702 0.3343 0.9627 0.3586 0.0000 767.750 22.356 321.549
3074 0.000000 0 0.7504 0.5702 0.3343 0.9627 0.3586 0.0000 767.750 22.356 321.549
3075 0.000000 0 0.7504 0.5702 0.3343 0.9627 0.3586 0.0000 767.750 22.356 321.549
3076 0.000000 0 0.7504 0.5702 0.3343 0.9627 0.3586 0.0000 767.750 22.356 321.549
3077 0.000000 0 0.7504 0.5702 0.3343 0.9627 0.3586 0.0000 767.750 22.356 321.549
3078 0.000000 0 0.7504 0.5703 0.3343 0.9627 0.3586 0.0000 767.750 22.356 321.549
3079 0.000000 0 0.7504 0.5703 0.3343 0.9627 0.3586 0.0000 767.750 22.356 321.549
3080 0.000000 0 0.7503 0.5703 0.3343 0.9627 0.3586 0.0000 767.750 22.356 321.549
3081 0.000000 0 0.7503 0.5703 0.3343 0.9627 0.3586 0.0000 767.750 22.356 321.549
3082 0.000000 0 0.7503 0.5703 0.3343 0.9627 0.3586 0.0000 767.750 22.356 321.549
3083 0.000000 0 0.7503 0.5703 0.3343 0.9627 0.3586 0.0000 767.750 22.356 321.549
3084 0.000000 0 0.7503 0.5703 0.3343 0.9627 0.3586 0.0000 767.750 22.356 321.549
3085 0.000000 0 0.7503 0.5704 0.3343 0.9627 0.3586 0.0000 767.750 22.356 321.549
3086 0.000000 0 0.7503 0.5704 0.3343 0.9627 0.3586 0.0000 767.750 22.356 321.549
3087 0.000000 0 0.7503 0.5704 0.3343 0.9627 0.3586 0.0000 767.750 22.356 321.549
3088 0.000000 0 0.7503 0.5704 0.3343 0.9627 0.3586 0.0000 767.750 22.356 321.549
3089 0.000000 0 0.7503 0.5704 0.3343 0.9627 0.3586 0.0000 767.750 22.356 321.549
3090 0.000000 0 0.7503 0.5704 0.3343 0.9627 0.3586 0.0000 767.750 22.356 321.549
3091 0.000000 0 0.7502 0.5704 0.3343 0.9627 0.3586 0.0000 767.750 22.356 321.549
3092 0.000000 0 0.7502 0.5705 0.3343 0.9627 0.3586 0.0000 767.750 22.356 321.549
3093 0.000000 0 0.7501 0.5706 0.3342 0.9627 0.3586 0.0000 767.750 22.356 321.549
3094 0.000000 0 0.7501 0.5706 0.3342 0.9627 0.3586 0.0000 767.750 22.356 321.549
3095 0.000000 0 0.7501 0.5706 0.3342 0.9627 0.3586 0.0000 767.750 22.356 321.549
3096 0.000000 0 0.7501 0.5706 0.3342 0.9627 0.3586 0.0000 767.750 22.356 321.549
3097 0.000000 0 0.7501 0.5706 0.3342 0.9627 0.3586 0.0000 767.750 22.356 321.549
3098 0.000000 0 0.7501 0.5707 0.3342 0.9627 0.3586 0.0000 767.750 22.356 321.549
3099 0.000000 0 0.7501 0.5707 0.3342 0.9627 0.3586 0.0000 767.750 22.356 321.549
3100 0.000000 0 0.7501 0.5707 0.3342 0.9627 0.3586 0.0000 767.750 22.356 321.549
3101 0.000000 0 0.7501 0.5707 0.3342 0.9627 0.3586 0.0000 767.750 22.356 321.549
3102 0.000000 0 0.7500 0.5707 0.3342 0.9627 0.3586 0.0000 767.750 22.356 321.549
3103 0.000000 0 0.7500 0.5707 0.3342 0.9627 0.3586 0.0000 767.750 22.356 321.549
3104 0.000000 0 0.7500 0.5708 0.3342 0.9627 0.3586 0.0000 767.750 22.356 321.549
3105 0.000000 0 0.7500 0.5708 0.3342 0.9627 0.3586 0.0000 767.750 22.356 321.549
3106 0.000000 0 0.7500 0.5708 0.3342 0.9627 0.3586 0.0000 767.750 22.356 321.549
3107 0.000000 0 0.7500 0.5708 0.3342 0.9627 0.3586 0.0000 767.750 22.356 321.549
3108 0.000000 0 0.7500 0.5708 0.3342 0.9627 0.3586 0.0000 767.750 22.356 321.549
3109 0.000000 0 0.7499 0.5709 0.3342 0.9627 0.3586 0.0000 767.750 22.356 321.549
3110 0.000000 0 0.7499 0.5709 0.3342 0.9627 0.3586 0.0000 767.750 22.356 321.549
3111 0.000000 0 0.7499 0.5709 0.3342 0.9627 0.3586 0.0000 767.750 22.356 321.549
3112 0.000000 0 0.7499 0.5709 0.3342 0.9627 0.3586 0.0000 767.750 22.356 321.549
3113 0.000000 0 0.7499 0.5709 0.3342 0.9627 0.3586 0.0000 767.750 22.356 321.549
3114 0.000000 0 0.7499 0.5709 0.3342 0.9627 0.3586 0.0000 767.750 22.356 321.549
3115 0.000000 0 0.7498 0.5710 0.3342 0.9627 0.3586 0.0000 767.750 22.356 321.549
3116 0.000000 0 0.7498 0.5710 0.3342 0.9627 0.3586 0.0000 767.750 22.356 321.549
3117 0.000000 0 0.7498 0.5710 0.3342 0.9627 0.3586 0.0000 767.750 22.356 321.549
3118 0.000000 0 0.7498 0.5710 0.3342 0.9627 0.3586 0.0000 767.750 22.356 321.549
3119 0.000000 0 0.7498 0.5710 0.3342 0.9627 0.3586 0.0000 767.750 22.356 321.549
3120 0.000000 0 0.7498 0.5711 0.3342 0.9627 0.3586 0.0000 767.750 22.356 321.549
3121 0.000000 0 0.7498 0.5711 0.3342 0.9627 0.3586 0.0000 767.750 22.356 321.549
3122 0.000000 0 0.7498 0.5711 0.3342 0.9627 0.3586 0.0000 767.750 22.356 321.549
3123 0.000000 0 0.7498 0.5711 0.3342 0.9627 0.3586 0.0000 767.750 22.356 321.549
3124 0.000000 0 0.7498 0.5711 0.3342 0.9627 0.3586 0.0000 767.750 22.356 321.549
3125 0.000000 0 0.7498 0.5711 0.3342 0.9627 0.3586 0.0000 767.750 22.356 321.549
3126 0.000000 0 0.7497 0.5711 0.3342 0.9627 0.3586 0.0000 767.750 22.356 321.549
3127 0.000000 0 0.7497 0.5712 0.3342 0.9627 0.3586 0.0000 767.750 22.356 321.549
3128 0.000000 0 0.7497 0.5712 0.3342 0.9627 0.3586 0.0000 767.750 22.356 321.549
3129 0.000000 0 0.7497 0.5712 0.3342 0.9627 0.3586 0.0000 767.750 22.356 321.549
3130 0.000000 0 0.7497 0.5712 0.3342 0.9627 0.3586 0.0000 767.750 22.356 321.549
3131 0.000000 0 0.7497 0.5712 0.3342 0.9627 0.3586 0.0000 767.750 22.356 321.549
3132 0.000000 0 0.7497 0.5712 0.3342 0.9627 0.3586 0.0000 767.750 22.356 321.549
3133 0.000000 0 0.7497 0.5712 0.3342 0.9627 0.3586 0.0000 767.750 22.356 321.549
3134 0.000000 0 0.7496 0.5713 0.3342 0.9627 0.3586 0.0000 767.750 22.356 321.549
3135 0.000000 0 0.7496 0.5713 0.3342 0.9627 0.3586 0.0000 767.750 22.356 321.549
3136 0.000000 0 0.7496 0.5713 0.3342 0.9627 0.3586 0.0000 767.750 22.356 321.549
3137 0.000000 0 0.7496 0.5713 0.3341 0.9627 0.3586 0.0000 767.750 22.356 321.549
3138 0.000000 0 0.7496 0.5714 0.3341 0.9627 0.3586 0.0000 767.750 22.356 321.549
3139 0.000000 0 0.7496 0.5714 0.3341 0.9627 0.3586 0.0000 767.750 22.356 321.549
3140 0.000000 0 0.7496 0.5714 0.3341 0.9627 0.3586 0.0000 767.750 22.356 321.549
3141 0.000000 0 0.7496 0.5714 0.3341 0.9627 0.3586 0.0000 767.750 22.356 321.549
3142 0.000000 0 0.7496 0.5714 0.3341 0.9627 0.3586 0.0000 767.750 22.356 321.549
3143 0.000000 0 0.7495 0.5714 0.3341 0.9627 0.3586 0.0000 767.750 22.356 321.549
3144 0.000000 0 0.7495 0.5714 0.3341 0.9627 0.3586 0.0000 767.750 22.356 321.549
3145 0.000000 0 0.7495 0.5715 0.3341 0.9627 0.3586 0.0000 767.750 22.356 321.549
3146 0.000000 0 0.7495 0.5715 0.3341 0.9627 0.3586 0.0000 767.750 22.356 321.549
3147 0.000000 0 0.7495 0.5715 0.3341 0.9627 0.3586 0.0000 767.750 22.356 321.549
3148 0.000000 0 0.7495 0.5715 0.3341 0.9627 0.3586 0.0000 767.750 22.356 321.549
3149 0.000000 0 0.7495 0.5715 0.3341 0.9627 0.3586 0.0000 767.750 22.356 321.549
3150 0.000000 0 0.7495 0.5715 0.3341 0.9627 0.3586 0.0000 767.750 22.356 321.549
3151 0.000000 0 0.7495 0.5715 0.3341 0.9627 0.3586 0.0000 767.750 22.356 321.549
3152 0.000000 0 0.7495 0.5716 0.3341 0.9627 0.3586 0.0000 767.750 22.380 321.549
3153 0.000000 0 0.7494 0.5716 0.3341 0.9627 0.3586 0.0000 767.749 22.415 321.550
3154 0.000000 0 0.7494 0.5716 0.3341 0.9627 0.3586 0.0000 767.748 22.449 321.551
3155 0.000000 0 0.7494 0.5716 0.3341 0.9627 0.3586 0.0000 767.747 22.484 321.552
3156 0.000000 0 0.7494 0.5716 0.3341 0.9627 0.3586 0.0000 767.746 22.516 321.553
3157 0.000000 0 0.7494 0.5716 0.3341 0.9627 0.3586 0.0000 767.745 22.549 321.553
3158 0.000000 0 0.7494 0.5716 0.3341 0.9627 0.3586 0.0000 767.745 22.581 321.554
3159 0.000000 0 0.7494 0.5717 0.3341 0.9627 0.3586 0.0000 767.744 22.612 321.555
3160 0.000000 0 0.7494 0.5717 0.3341 0.9627 0.3586 0.0000 767.743 22.643 321.556
3161 0.000000 0 0.7494 0.5717 0.3341 0.9627 0.3586 0.0000 767.742 22.673 321.557
3162 0.000000 0 0.7494 0.5717 0.3341 0.9627 0.3586 0.0000 767.742 22.702 321.557
3163 0.000000 0 0.7493 0.5717 0.3341 0.9627 0.3586 0.0000 767.741 22.731 321.558
3164 0.000000 0 0.7493 0.5717 0.3341 0.9627 0.3586 0.0000 767.740 22.759 321.559
3165 0.000000 0 0.7493 0.5717 0.3341 0.9627 0.3586 0.0000 767.740 22.786 321.559
3166 0.000000 0 0.7493 0.5718 0.3341 0.9627 0.3586 0.0000 767.739 22.812 321.560
3167 0.000000 0 0.7493 0.5718 0.3341 0.9627 0.3586 0.0000 767.738 22.838 321.561
3168 0.000000 0 0.7493 0.5718 0.3341 0.9627 0.3586 0.0000 767.738 22.866 321.561
3169 0.000000 0 0.7493 0.5718 0.3341 0.9627 0.3586 0.0000 767.736 22.913 321.563
3170 0.000000 0 0.7493 0.5718 0.3341 0.9627 0.3586 0.0000 767.735 22.953 321.564
3171 0.000000 0 0.7489 0.5723 0.3340 0.9627 0.3586 0.0000 767.730 23.160 321.569
3172 0.000000 0 0.7489 0.5723 0.3340 0.9627 0.3586 0.0000 767.730 23.164 321.569
3173 0.000000 0 0.7489 0.5723 0.3340 0.9627 0.3586 0.0000 767.730 23.192 321.570
3174 0.000000 0 0.7489 0.5723 0.3340 0.9627 0.3586 0.0000 767.729 23.193 321.570
3175 0.000000 0 0.7489 0.5723 0.3340 0.9627 0.3586 0.0000 767.729 23.194 321.570
3176 0.000000 0 0.7489 0.5723 0.3340 0.9627 0.3586 0.0000 767.729 23.203 321.570
3177 0.000000 0 0.7489 0.5724 0.3340 0.9627 0.3586 0.0000 767.729 23.212 321.570
3178 0.000000 0 0.7489 0.5724 0.3340 0.9627 0.3586 0.0000 767.729 23.217 321.570
3179 0.000000 0 0.7489 0.5724 0.3340 0.9627 0.3586 0.0000 767.729 23.221 321.570
3180 0.000000 0 0.7489 0.5724 0.3340 0.9627 0.3586 0.0000 767.729 23.225 321.570
3181 0.000000 0 0.7489 0.5724 0.3340 0.9627 0.3586 0.0000 767.729 23.229 321.571
3182 0.000000 0 0.7489 0.5724 0.3340 0.9627 0.3586 0.0000 767.729 23.233 321.571
3183 0.000000 0 0.7489 0.5724 0.3340 0.9627 0.3586 0.0000 767.728 23.237 321.571
3184 0.000000 0 0.7489 0.5724 0.3340 0.9627 0.3586 0.0000 767.728 23.241 321.571
3185 0.000000 0 0.7489 0.5724 0.3340 0.9627 0.3586 0.0000 767.728 23.245 321.571
3186 0.000000 0 0.7489 0.5724 0.3340 0.9627 0.3586 0.0000 767.728 23.248 321.571
3187 0.000000 0 0.7489 0.5724 0.3340 0.9627 0.3586 0.0000 767.728 23.251 321.571
3188 0.000000 0 0.7489 0.5724 0.3340 0.9627 0.3586 0.0000 767.728 23.255 321.571
3189 0.000000 0 0.7489 0.5724 0.3340 0.9627 0.3586 0.0000 767.728 23.259 321.571
3190 0.000000 0 0.7488 0.5724 0.3340 0.9627 0.3586 0.0000 767.728 23.262 321.571
3191 0.000000 0 0.7488 0.5724 0.3340 0.9627 0.3586 0.0000 767.728 23.265 321.572
3192 0.000000 0 0.7488 0.5724 0.3340 0.9627 0.3586 0.0000 767.728 23.268 321.572
3193 0.000000 0 0.7488 0.5724 0.3340 0.9627 0.3586 0.0000 767.728 23.271 321.572
3194 0.000000 0 0.7488 0.5724 0.3340 0.9627 0.3586 0.0000 767.727 23.274 321.572
3195 0.000000 0 0.7488 0.5724 0.3340 0.9627 0.3586 0.0000 767.727 23.276 321.572
3196 0.000000 0 0.7488 0.5725 0.3340 0.9627 0.3586 0.0000 767.727 23.278 321.572
3197 0.000000 0 0.7488 0.5725 0.3340 0.9627 0.3586 0.0000 767.727 23.282 321.572
3198 0.000000 0 0.7488 0.5725 0.3340 0.9627 0.3586 0.0000 767.727 23.284 321.572
3199 0.000000 0 0.7488 0.5725 0.3340 0.9627 0.3586 0.0000 767.727 23.287 321.572
3200 0.000000 0 0.7488 0.5725 0.3340 0.9627 0.3586 0.0000 767.727 23.290 321.572
3201 0.000000 0 0.7488 0.5725 0.3340 0.9627 0.3586 0.0000 767.727 23.292 321.572
3202 0.000000 0 0.7488 0.5725 0.3340 0.9627 0.3586 0.0000 767.727 23.294 321.572
3203 0.000000 0 0.7488 0.5725 0.3340 0.9627 0.3586 0.0000 767.727 23.296 321.572
3204 0.000000 0 0.7488 0.5725 0.3340 0.9627 0.3586 0.0000 767.727 23.299 321.572
3205 0.000000 0 0.7488 0.5725 0.3340 0.9627 0.3586 0.0000 767.727 23.301 321.572
3206 0.000000 0 0.7488 0.5725 0.3340 0.9627 0.3586 0.0000 767.727 23.303 321.572
3207 0.000000 0 0.7488 0.5725 0.3340 0.9627 0.3586 0.0000 767.727 23.304 321.573
3208 0.000000 0 0.7488 0.5725 0.3340 0.9627 0.3586 0.0000 767.727 23.306 321.573
3209 0.000000 0 0.7488 0.5725 0.3340 0.9627 0.3586 0.0000 767.727 23.308 321.573
3210 0.000000 0 0.7488 0.5725 0.3340 0.9627 0.3586 0.0000 767.727 23.309 321.573
3211 0.000000 0 0.7488 0.5725 0.3340 0.9627 0.3586 0.0000 767.727 23.311 321.573
3212 0.000000 0 0.7488 0.5725 0.3340 0.9627 0.3586 0.0000 767.727 23.312 321.573
3213 0.000000 0 0.7488 0.5726 0.3340 0.9627 0.3586 0.0000 767.727 23.313 321.573
3214 0.000000 0 0.7488 0.5726 0.3340 0.9627 0.3586 0.0000 767.727 23.314 321.573
3215 0.000000 0 0.7487 0.5726 0.3340 0.9627 0.3586 0.0000 767.726 23.316 321.573
3216 0.000000 0 0.7487 0.5726 0.3340 0.9627 0.3586 0.0000 767.726 23.316 321.573
3217 0.000000 0 0.7487 0.5726 0.3340 0.9627 0.3586 0.0000 767.726 23.317 321.573
3218 0.000000 0 0.7487 0.5726 0.3340 0.9627 0.3586 0.0000 767.726 23.317 321.573
3219 0.000000 0 0.7487 0.5726 0.3340 0.9627 0.3586 0.0000 767.726 23.317 321.573
3220 0.000000 0 0.7487 0.5726 0.3340 0.9627 0.3586 0.0000 767.726 23.317 321.573
3221 0.000000 0 0.7487 0.5726 0.3340 0.9627 0.3586 0.0000 767.726 23.317 321.573
3222 0.000000 0 0.7487 0.5726 0.3340 0.9627 0.3586 0.0000 767.726 23.317 321.573
3223 0.000000 0 0.7487 0.5726 0.3340 0.9627 0.3586 0.0000 767.726 23.316 321.573
3224 0.000000 0 0.7487 0.5726 0.3340 0.9627 0.3586 0.0000 767.726 23.316 321.573
3225 0.000000 0 0.7487 0.5726 0.3340 0.9627 0.3586 0.0000 767.726 23.315 321.573
3226 0.000000 0 0.7487 0.5726 0.3340 0.9627 0.3586 0.0000 767.727 23.313 321.573
3227 0.000000 0 0.7487 0.5727 0.3340 0.9627 0.3586 0.0000 767.727 23.311 321.573
3228 0.000000 0 0.7487 0.5727 0.3340 0.9627 0.3586 0.0000 767.727 23.310 321.573
3229 0.000000 0 0.7487 0.5727 0.3340 0.9627 0.3586 0.0000 767.727 23.307 321.573
3230 0.000000 0 0.7487 0.5727 0.3340 0.9627 0.3586 0.0000 767.727 23.303 321.573
3231 0.000000 0 0.7487 0.5727 0.3340 0.9627 0.3586 0.0000 767.727 23.300 321.573
3232 0.000000 0 0.7486 0.5727 0.3340 0.9627 0.3586 0.0000 767.727 23.296 321.572
3233 0.000000 0 0.7486 0.5727 0.3340 0.9627 0.3586 0.0000 767.727 23.293 321.572
3234 0.000000 0 0.7486 0.5727 0.3340 0.9627 0.3586 0.0000 767.727 23.288 321.572
3235 0.000000 0 0.7486 0.5727 0.3340 0.9627 0.3586 0.0000 767.727 23.284 321.572
3236 0.000000 0 0.7486 0.5727 0.3340 0.9627 0.3586 0.0000 767.727 23.281 321.572
3237 0.000000 0 0.7486 0.5728 0.3340 0.9627 0.3586 0.0000 767.727 23.276 321.572
3238 0.000000 0 0.7486 0.5728 0.3340 0.9627 0.3586 0.0000 767.727 23.268 321.572
3239 0.000000 0 0.7486 0.5728 0.3340 0.9627 0.3586 0.0000 767.728 23.259 321.571
3240 0.000000 0 0.7486 0.5728 0.3340 0.9627 0.3586 0.0000 767.728 23.251 321.571
3241 0.000000 0 0.7486 0.5728 0.3339 0.9627 0.3586 0.0000 767.728 23.243 321.571
3242 0.000000 0 0.7486 0.5728 0.3339 0.9627 0.3586 0.0000 767.728 23.232 321.571
3243 0.000000 0 0.7486 0.5728 0.3339 0.9627 0.3586 0.0000 767.729 23.217 321.570
3244 0.000000 0 0.7485 0.5729 0.3339 0.9627 0.3586 0.0000 767.729 23.206 321.570
3245 0.000000 0 0.7485 0.5729 0.3339 0.9627 0.3586 0.0000 767.729 23.195 321.570
3246 0.000000 0 0.7485 0.5729 0.3339 0.9627 0.3586 0.0000 767.729 23.179 321.570
3247 0.000000 0 0.7485 0.5729 0.3339 0.9627 0.3586 0.0000 767.730 23.165 321.569
3248 0.000000 0 0.7485 0.5729 0.3339 0.9627 0.3586 0.0000 767.730 23.149 321.569
3249 0.000000 0 0.7485 0.5729 0.3339 0.9627 0.3586 0.0000 767.731 23.129 321.569
3250 0.000000 0 0.7485 0.5730 0.3339 0.9627 0.3586 0.0000 767.732 23.101 321.567
3251 0.000000 0 0.7485 0.5730 0.3339 0.9627 0.3586 0.0000 767.732 23.081 321.567
3252 0.000000 0 0.7485 0.5730 0.3339 0.9627 0.3586 0.0000 767.732 23.061 321.567
3253 0.000000 0 0.7484 0.5730 0.3339 0.9627 0.3586 0.0000 767.733 23.038 321.566
3254 0.000000 0 0.7484 0.5730 0.3339 0.9627 0.3586 0.0000 767.734 23.017 321.566
3255 0.000000 0 0.7484 0.5730 0.3339 0.9627 0.3586 0.0000 767.734 22.987 321.566
3256 0.000000 0 0.7484 0.5731 0.3339 0.9627 0.3586 0.0000 767.735 22.961 321.564
3257 0.000000 0 0.7484 0.5731 0.3339 0.9627 0.3586 0.0000 767.736 22.939 321.564
3258 0.000000 0 0.7484 0.5731 0.3339 0.9627 0.3586 0.0000 767.736 22.915 321.564
3259 0.000000 0 0.7484 0.5731 0.3339 0.9627 0.3586 0.0000 767.737 22.881 321.563
3260 0.000000 0 0.7484 0.5731 0.3339 0.9627 0.3586 0.0000 767.738 22.849 321.561
3261 0.000000 0 0.7484 0.5731 0.3339 0.9627 0.3586 0.0000 767.738 22.827 321.561
3262 0.000000 0 0.7483 0.5731 0.3339 0.9627 0.3586 0.0000 767.738 22.802 321.561
3263 0.000000 0 0.7483 0.5732 0.3339 0.9627 0.3586 0.0000 767.739 22.779 321.560
3264 0.000000 0 0.7483 0.5732 0.3339 0.9627 0.3586 0.0000 767.740 22.749 321.559
3265 0.000000 0 0.7483 0.5732 0.3339 0.9627 0.3586 0.0000 767.741 22.671 321.558
3266 0.000000 0 0.7483 0.5732 0.3339 0.9627 0.3586 0.0000 767.741 22.504 321.558
3267 0.000000 0 0.7483 0.5732 0.3339 0.9627 0.3586 0.0000 767.742 22.356 321.557
3268 0.000000 0 0.7483 0.5732 0.3339 0.9627 0.3586 0.0000 767.747 22.352 321.553
3269 0.000000 0 0.7483 0.5732 0.3339 0.9627 0.3586 0.0000 767.750 22.350 321.549
3270 0.000000 0 0.7483 0.5732 0.3339 0.9627 0.3586 0.0000 767.750 22.341 321.549
3271 0.000000 0 0.7483 0.5733 0.3339 0.9627 0.3586 0.0000 767.750 22.335 321.549
3272 0.000000 0 0.7483 0.5733 0.3339 0.9627 0.3586 0.0000 767.750 22.325 321.549
3273 0.000000 0 0.7482 0.5733 0.3339 0.9627 0.3586 0.0000 767.750 22.317 321.549
3274 0.000000 0 0.7482 0.5733 0.3339 0.9627 0.3586 0.0000 767.750 22.311 321.549
3275 0.000000 0 0.7482 0.5733 0.3339 0.9627 0.3586 0.0000 767.750 22.304 321.549
3276 0.000000 0 0.7482 0.5733 0.3339 0.9627 0.3586 0.0000 767.750 22.296 321.549
3277 0.000000 0 0.7482 0.5733 0.3339 0.9627 0.3586 0.0000 767.750 22.292 321.549
3278 0.000000 0 0.7482 0.5733 0.3339 0.9627 0.3586 0.0000 767.750 22.289 321.549
3279 0.000000 0 0.7482 0.5733 0.3339 0.9627 0.3586 0.0000 767.750 22.287 321.549
3280 0.000000 0 0.7482 0.5733 0.3339 0.9627 0.3586 0.0000 767.750 22.283 321.549
3281 0.000000 0 0.7482 0.5734 0.3339 0.9627 0.3586 0.0000 767.750 22.282 321.549
3282 0.000000 0 0.7482 0.5734 0.3339 0.9627 0.3586 0.0000 767.750 22.282 321.549
3283 0.000000 0 0.7482 0.5734 0.3339 0.9627 0.3586 0.0000 767.750 22.281 321.549
3284 0.000000 0 0.7482 0.5734 0.3339 0.9627 0.3586 0.0000 767.750 22.282 321.549
3285 0.000000 0 0.7482 0.5734 0.3339 0.9627 0.3586 0.0000 767.750 22.282 321.549
3286 0.000000 0 0.7482 0.5734 0.3339 0.9627 0.3586 0.0000 767.750 22.283 321.549
3287 0.000000 0 0.7482 0.5734 0.3339 0.9627 0.3586 0.0000 767.750 22.284 321.549
3288 0.000000 0 0.7482 0.5734 0.3339 0.9627 0.3586 0.0000 767.750 22.286 321.549
3289 0.000000 0 0.7481 0.5734 0.3339 0.9627 0.3586 0.0000 767.750 22.287 321.549
3290 0.000000 0 0.7481 0.5734 0.3339 0.9627 0.3586 0.0000 767.750 22.289 321.549
3291 0.000000 0 0.7481 0.5734 0.3339 0.9627 0.3586 0.0000 767.750 22.292 321.549
3292 0.000000 0 0.7481 0.5734 0.3339 0.9627 0.3586 0.0000 767.750 22.294 321.549
3293 0.000000 0 0.7481 0.5735 0.3339 0.9627 0.3586 0.0000 767.750 22.297 321.549
3294 0.000000 0 0.7481 0.5735 0.3339 0.9627 0.3586 0.0000 767.750 22.299 321.549
3295 0.000000 0 0.7481 0.5735 0.3339 0.9627 0.3586 0.0000 767.750 22.302 321.549
3296 0.000000 0 0.7481 0.5735 0.3339 0.9627 0.3586 0.0000 767.750 22.304 321.549
3297 0.000000 0 0.7481 0.5735 0.3339 0.9627 0.3586 0.0000 767.750 22.307 321.549
3298 0.000000 0 0.7481 0.5735 0.3339 0.9627 0.3586 0.0000 767.750 22.309 321.549
3299 0.000000 0 0.7481 0.5735 0.3339 0.9627 0.3586 0.0000 767.750 22.312 321.549
3300 0.000000 0 0.7481 0.5735 0.3339 0.9627 0.3586 0.0000 767.750 22.315 321.549
3301 0.000000 0 0.7481 0.5735 0.3339 0.9627 0.3586 0.0000 767.750 22.317 321.549
3302 0.000000 0 0.7481 0.5735 0.3339 0.9627 0.3586 0.0000 767.750 22.320 321.549
3303 0.000000 0 0.7481 0.5735 0.3339 0.9627 0.3586 0.0000 767.750 22.322 321.549
3304 0.000000 0 0.7481 0.5735 0.3339 0.9627 0.3586 0.0000 767.750 22.326 321.549
3305 0.000000 0 0.7481 0.5735 0.3339 0.9627 0.3586 0.0000 767.750 22.329 321.549
3306 0.000000 0 0.7481 0.5735 0.3338 0.9627 0.3586 0.0000 767.750 22.331 321.549
3307 0.000000 0 0.7481 0.5735 0.3338 0.9627 0.3586 0.0000 767.750 22.333 321.549
3308 0.000000 0 0.7481 0.5736 0.3338 0.9627 0.3586 0.0000 767.750 22.336 321.549
3309 0.000000 0 0.7480 0.5736 0.3338 0.9627 0.3586 0.0000 767.750 22.338 321.549
3310 0.000000 0 0.7480 0.5736 0.3338 0.9627 0.3586 0.0000 767.750 22.340 321.549
3311 0.000000 0 0.7480 0.5736 0.3338 0.9627 0.3586 0.0000 767.750 22.342 321.549
3312 0.000000 0 0.7480 0.5736 0.3338 0.9627 0.3586 0.0000 767.750 22.343 321.549
3313 0.000000 0 0.7480 0.5736 0.3338 0.9627 0.3586 0.0000 767.750 22.345 321.549
3314 0.000000 0 0.7480 0.5736 0.3338 0.9627 0.3586 0.0000 767.750 22.346 321.549
3315 0.000000 0 0.7480 0.5736 0.3338 0.9627 0.3586 0.0000 767.750 22.347 321.549
3316 0.000000 0 0.7480 0.5736 0.3338 0.9627 0.3586 0.0000 767.750 22.348 321.549
3317 0.000000 0 0.7480 0.5736 0.3338 0.9627 0.3586 0.0000 767.750 22.349 321.549
3318 0.000000 0 0.7480 0.5736 0.3338 0.9627 0.3586 0.0000 767.750 22.350 321.549
3319 0.000000 0 0.7480 0.5736 0.3338 0.9627 0.3586 0.0000 767.750 22.351 321.549
3320 0.000000 0 0.7480 0.5736 0.3338 0.9627 0.3586 0.0000 767.750 22.351 321.549
3321 0.000000 0 0.7480 0.5736 0.3338 0.9627 0.3586 0.0000 767.750 22.352 321.549
3322 0.000000 0 0.7480 0.5736 0.3338 0.9627 0.3586 0.0000 767.750 22.352 321.549
3323 0.000000 0 0.7480 0.5737 0.3338 0.9627 0.3586 0.0000 767.750 22.352 321.549
3324 0.000000 0 0.7480 0.5737 0.3338 0.9627 0.3586 0.0000 767.750 22.353 321.549
3325 0.000000 0 0.7480 0.5737 0.3338 0.9627 0.3586 0.0000 767.750 22.353 321.549
3326 0.000000 0 0.7480 0.5737 0.3338 0.9627 0.3586 0.0000 767.750 22.354 321.549
3327 0.000000 0 0.7480 0.5737 0.3338 0.9627 0.3586 0.0000 767.750 22.354 321.549
3328 0.000000 0 0.7480 0.5737 0.3338 0.9627 0.3586 0.0000 767.750 22.354 321.549
3329 0.000000 0 0.7480 0.5737 0.3338 0.9627 0.3586 0.0000 767.750 22.355 321.549
3330 0.000000 0 0.7479 0.5737 0.3338 0.9627 0.3586 0.0000 767.750 22.355 321.549
3331 0.000000 0 0.7479 0.5737 0.3338 0.9627 0.3586 0.0000 767.750 22.355 321.549
3332 0.000000 0 0.7479 0.5737 0.3338 0.9627 0.3586 0.0000 767.750 22.355 321.549
3333 0.000000 0 0.7479 0.5737 0.3338 0.9627 0.3586 0.0000 767.750 22.356 321.549
3334 0.000000 0 0.7479 0.5737 0.3338 0.9627 0.3586 0.0000 767.750 22.356 321.549
3335 0.000000 0 0.7479 0.5737 0.3338 0.9627 0.3586 0.0000 767.750 22.356 321.549
3336 0.000000 0 0.7479 0.5737 0.3338 0.9627 0.3586 0.0000 767.750 22.356 321.549
3337 0.000000 0 0.7479 0.5737 0.3338 0.9627 0.3586 0.0000 767.750 22.356 321.549
3338 0.000000 0 0.7479 0.5738 0.3338 0.9627 0.3586 0.0000 767.750 22.356 321.549
3339 0.000000 0 0.7479 0.5738 0.3338 0.9627 0.3586 0.0000 767.750 22.356 321.549
3340 0.000000 0 0.7479 0.5738 0.3338 0.9627 0.3586 0.0000 767.750 22.356 321.549
3341 0.000000 0 0.7479 0.5738 0.3338 0.9627 0.3586 0.0000 767.750 22.356 321.549
3342 0.000000 0 0.7479 0.5738 0.3338 0.9627 0.3586 0.0000 767.750 22.356 321.549
3343 0.000000 0 0.7479 0.5738 0.3338 0.9627 0.3586 0.0000 767.750 22.356 321.549
3344 0.000000 0 0.7479 0.5738 0.3338 0.9627 0.3586 0.0000 767.750 22.356 321.549
3345 0.000000 0 0.7479 0.5738 0.3338 0.9627 0.3586 0.0000 767.750 22.356 321.549
3346 0.000000 0 0.7479 0.5738 0.3338 0.9627 0.3586 0.0000 767.750 22.356 321.549
3347 0.000000 0 0.7479 0.5738 0.3338 0.9627 0.3586 0.0000 767.750 22.356 321.549
3348 0.000000 0 0.7479 0.5738 0.3338 0.9627 0.3586 0.0000 767.750 22.356 321.549
3349 0.000000 0 0.7479 0.5738 0.3338 0.9627 0.3586 0.0000 767.750 22.356 321.549
3350 0.000000 0 0.7479 0.5738 0.3338 0.9627 0.3586 0.0000 767.750 22.356 321.549
3351 0.000000 0 0.7478 0.5738 0.3338 0.9627 0.3586 0.0000 767.750 22.356 321.549
3352 0.000000 0 0.7478 0.5739 0.3338 0.9627 0.3586 0.0000 767.750 22.356 321.549
3353 0.000000 0 0.7478 0.5739 0.3338 0.9627 0.3586 0.0000 767.750 22.356 321.549
3354 0.000000 0 0.7478 0.5739 0.3338 0.9627 0.3586 0.0000 767.750 22.356 321.549
3355 0.000000 0 0.7478 0.5739 0.3338 0.9627 0.3586 0.0000 767.750 22.356 321.549
3356 0.000000 0 0.7478 0.5739 0.3338 0.9627 0.3586 0.0000 767.750 22.356 321.549
3357 0.000000 0 0.7478 0.5739 0.3338 0.9627 0.3586 0.0000 767.750 22.356 321.549
3358 0.000000 0 0.7478 0.5739 0.3338 0.9627 0.3586 0.0000 767.750 22.356 321.549
3359 0.000000 0 0.7478 0.5739 0.3338 0.9627 0.3586 0.0000 767.750 22.356 321.549
3360 0.000000 0 0.7478 0.5739 0.3338 0.9627 0.3586 0.0000 767.750 22.356 321.549
3361 0.000000 0 0.7478 0.5739 0.3338 0.9627 0.3586 0.0000 767.750 22.356 321.549
3362 0.000000 0 0.7478 0.5739 0.3338 0.9627 0.3586 0.0000 767.750 22.356 321.549
3363 0.000000 0 0.7478 0.5739 0.3338 0.9627 0.3586 0.0000 767.750 22.356 321.549
3364 0.000000 0 0.7478 0.5739 0.3338 0.9627 0.3586 0.0000 767.750 22.356 321.549
3365 0.000000 0 0.7478 0.5739 0.3338 0.9627 0.3586 0.0000 767.750 22.356 321.549
3366 0.000000 0 0.7478 0.5739 0.3338 0.9627 0.3586 0.0000 767.750 22.356 321.549
3367 0.000000 0 0.7478 0.5740 0.3338 0.9627 0.3586 0.0000 767.750 22.356 321.549
3368 0.000000 0 0.7478 0.5740 0.3338 0.9627 0.3586 0.0000 767.750 22.356 321.549
3369 0.000000 0 0.7478 0.5740 0.3338 0.9627 0.3586 0.0000 767.750 22.356 321.549
3370 0.000000 0 0.7478 0.5740 0.3338 0.9627 0.3586 0.0000 767.750 22.356 321.549
3371 0.000000 0 0.7477 0.5740 0.3338 0.9627 0.3586 0.0000 767.750 22.356 321.549
3372 0.000000 0 0.7477 0.5740 0.3338 0.9627 0.3586 0.0000 767.750 22.356 321.549
3373 0.000000 0 0.7476 0.5742 0.3338 0.9627 0.3586 0.0000 767.750 22.356 321.549
3374 0.000000 0 0.7476 0.5742 0.3338 0.9627 0.3586 0.0000 767.750 22.356 321.549
3375 0.000000 0 0.7476 0.5742 0.3338 0.9627 0.3586 0.0000 767.750 22.356 321.549
3376 0.000000 0 0.7476 0.5743 0.3338 0.9627 0.3586 0.0000 767.750 22.356 321.549
3377 0.000000 0 0.7476 0.5743 0.3338 0.9627 0.3586 0.0000 767.750 22.356 321.549
3378 0.000000 0 0.7475 0.5743 0.3338 0.9627 0.3586 0.0000 767.750 22.356 321.549
3379 0.000000 0 0.7475 0.5743 0.3337 0.9627 0.3586 0.0000 767.750 22.356 321.549
3380 0.000000 0 0.7475 0.5743 0.3337 0.9627 0.3586 0.0000 767.750 22.356 321.549
3381 0.000000 0 0.7475 0.5743 0.3337 0.9627 0.3586 0.0000 767.750 22.356 321.549
3382 0.000000 0 0.7475 0.5743 0.3337 0.9627 0.3586 0.0000 767.750 22.356 321.549
3383 0.000000 0 0.7475 0.5743 0.3337 0.9627 0.3586 0.0000 767.750 22.356 321.549
3384 0.000000 0 0.7475 0.5743 0.3337 0.9627 0.3586 0.0000 767.750 22.356 321.549
3385 0.000000 0 0.7475 0.5743 0.3337 0.9627 0.3586 0.0000 767.750 22.356 321.549
3386 0.000000 0 0.7475 0.5743 0.3337 0.9627 0.3586 0.0000 767.750 22.356 321.549
3387 0.000000 0 0.7475 0.5743 0.3337 0.9627 0.3586 0.0000 767.750 22.356 321.549
3388 0.000000 0 0.7475 0.5743 0.3337 0.9627 0.3586 0.0000 767.750 22.356 321.549
3389 0.000000 0 0.7475 0.5743 0.3337 0.9627 0.3586 0.0000 767.750 22.356 321.549
3390 0.000000 0 0.7475 0.5743 0.3337 0.9627 0.3586 0.0000 767.750 22.356 321.549
3391 0.000000 0 0.7475 0.5743 0.3337 0.9627 0.3586 0.0000 767.750 22.356 321.549
3392 0.000000 0 0.7475 0.5743 0.3337 0.9627 0.3586 0.0000 767.750 22.356 321.549
3393 0.000000 0 0.7475 0.5744 0.3337 0.9627 0.3586 0.0000 767.750 22.356 321.549
3394 0.000000 0 0.7475 0.5744 0.3337 0.9627 0.3586 0.0000 767.750 22.356 321.549
3395 0.000000 0 0.7475 0.5744 0.3337 0.9627 0.3586 0.0000 767.750 22.356 321.549
3396 0.000000 0 0.7475 0.5744 0.3337 0.9627 0.3586 0.0000 767.750 22.356 321.549
3397 0.000000 0 0.7475 0.5744 0.3337 0.9627 0.3586 0.0000 767.750 22.356 321.549
3398 0.000000 0 0.7475 0.5744 0.3337 0.9627 0.3586 0.0000 767.750 22.356 321.549
3399 0.000000 0 0.7475 0.5744 0.3337 0.9627 0.3586 0.0000 767.750 22.356 321.549
3400 0.000000 0 0.7475 0.5744 0.3337 0.9627 0.3586 0.0000 767.750 22.356 321.549
3401 0.000000 0 0.7474 0.5744 0.3337 0.9627 0.3586 0.0000 767.750 22.356 321.549
3402 0.000000 0 0.7474 0.5744 0.3337 0.9627 0.3586 0.0000 767.750 22.356 321.549
3403 0.000000 0 0.7474 0.5744 0.3337 0.9627 0.3586 0.0000 767.750 22.356 321.549
3404 0.000000 0 0.7474 0.5744 0.3337 0.9627 0.3586 0.0000 767.750 22.356 321.549
3405 0.000000 0 0.7474 0.5744 0.3337 0.9627 0.3586 0.0000 767.750 22.356 321.549
3406 0.000000 0 0.7474 0.5744 0.3337 0.9627 0.3586 0.0000 767.750 22.356 321.549
3407 0.000000 0 0.7474 0.5744 0.3337 0.9627 0.3586 0.0000 767.750 22.356 321.549
3408 0.000000 0 0.7474 0.5744 0.3337 0.9627 0.3586 0.0000 767.750 22.356 321.549
3409 0.000000 0 0.7474 0.5745 0.3337 0.9627 0.3586 0.0000 767.750 22.356 321.549
3410 0.000000 0 0.7474 0.5745 0.3337 0.9627 0.3586 0.0000 767.750 22.356 321.549
3411 0.000000 0 0.7474 0.5745 0.3337 0.9627 0.3586 0.0000 767.750 22.356 321.549
3412 0.000000 0 0.7474 0.5745 0.3337 0.9627 0.3586 0.0000 767.750 22.356 321.549
3413 0.000000 0 0.7474 0.5745 0.3337 0.9627 0.3586 0.0000 767.750 22.356 321.549
3414 0.000000 0 0.7474 0.5745 0.3337 0.9627 0.3586 0.0000 767.750 22.356 321.549
3415 0.000000 0 0.7473 0.5746 0.3337 0.9627 0.3586 0.0000 767.750 22.356 321.549
3416 0.000000 0 0.7473 0.5746 0.3337 0.9627 0.3586 0.0000 767.750 22.356 321.549
3417 0.000000 0 0.7473 0.5746 0.3337 0.9627 0.3586 0.0000 767.750 22.356 321.549
3418 0.000000 0 0.7473 0.5747 0.3337 0.9627 0.3586 0.0000 767.750 22.356 321.549
3419 0.000000 0 0.7473 0.5747 0.3337 0.9627 0.3586 0.0000 767.750 22.356 321.549
3420 0.000000 0 0.7473 0.5747 0.3337 0.9627 0.3586 0.0000 767.750 22.356 321.549
3421 0.000000 0 0.7472 0.5747 0.3337 0.9627 0.3586 0.0000 767.750 22.356 321.549
3422 0.000000 0 0.7472 0.5747 0.3337 0.9627 0.3586 0.0000 767.750 22.356 321.549
3423 0.000000 0 0.7472 0.5747 0.3337 0.9627 0.3586 0.0000 767.750 22.356 321.549
3424 0.000000 0 0.7472 0.5747 0.3337 0.9627 0.3586 0.0000 767.750 22.356 321.549
3425 0.000000 0 0.7472 0.5747 0.3337 0.9627 0.3586 0.0000 767.750 22.356 321.549
3426 0.000000 0 0.7472 0.5747 0.3337 0.9627 0.3586 0.0000 767.750 22.356 321.549
3427 0.000000 0 0.7472 0.5747 0.3337 0.9627 0.3586 0.0000 767.750 22.356 321.549
3428 0.000000 0 0.7472 0.5747 0.3337 0.9627 0.3586 0.0000 767.750 22.356 321.549
3429 0.000000 0 0.7472 0.5747 0.3337 0.9627 0.3586 0.0000 767.750 22.356 321.549
3430 0.000000 0 0.7472 0.5748 0.3337 0.9627 0.3586 0.0000 767.750 22.356 321.549
3431 0.000000 0 0.7472 0.5748 0.3337 0.9627 0.3586 0.0000 767.750 22.356 321.549
3432 0.000000 0 0.7472 0.5748 0.3337 0.9627 0.3586 0.0000 767.750 22.356 321.549
3433 0.000000 0 0.7472 0.5748 0.3337 0.9627 0.3586 0.0000 767.750 22.356 321.549
3434 0.000000 0 0.7472 0.5748 0.3337 0.9627 0.3586 0.0000 767.750 22.356 321.549
3435 0.000000 0 0.7472 0.5748 0.3337 0.9627 0.3586 0.0000 767.750 22.356 321.549
3436 0.000000 0 0.7472 0.5748 0.3337 0.9627 0.3586 0.0000 767.750 22.356 321.549
3437 0.000000 0 0.7472 0.5748 0.3337 0.9627 0.3586 0.0000 767.750 22.356 321.549
3438 0.000000 0 0.7472 0.5748 0.3337 0.9627 0.3586 0.0000 767.750 22.356 321.549
3439 0.000000 0 0.7472 0.5748 0.3337 0.9627 0.3586 0.0000 767.750 22.356 321.549
3440 0.000000 0 0.7472 0.5748 0.3337 0.9627 0.3586 0.0000 767.750 22.356 321.549
3441 0.000000 0 0.7472 0.5748 0.3337 0.9627 0.3586 0.0000 767.750 22.356 321.549
3442 0.000000 0 0.7472 0.5748 0.3337 0.9627 0.3586 0.0000 767.750 22.356 321.549
3443 0.000000 0 0.7471 0.5748 0.3337 0.9627 0.3586 0.0000 767.750 22.356 321.549
3444 0.000000 0 0.7471 0.5748 0.3337 0.9627 0.3586 0.0000 767.750 22.356 321.549
3445 0.000000 0 0.7471 0.5748 0.3337 0.9627 0.3586 0.0000 767.750 22.356 321.549
3446 0.000000 0 0.7471 0.5749 0.3337 0.9627 0.3586 0.0000 767.750 22.356 321.549
3447 0.000000 0 0.7471 0.5749 0.3337 0.9627 0.3586 0.0000 767.750 22.356 321.549
3448 0.000000 0 0.7471 0.5749 0.3337 0.9627 0.3586 0.0000 767.750 22.356 321.549
3449 0.000000 0 0.7471 0.5749 0.3337 0.9627 0.3586 0.0000 767.750 22.356 321.549
3450 0.000000 0 0.7471 0.5749 0.3337 0.9627 0.3586 0.0000 767.750 22.356 321.549
3451 0.000000 0 0.7471 0.5749 0.3337 0.9627 0.3586 0.0000 767.750 22.356 321.549
3452 0.000000 0 0.7471 0.5749 0.3337 0.9627 0.3586 0.0000 767.750 22.356 321.549
3453 0.000000 0 0.7471 0.5749 0.3337 0.9627 0.3586 0.0000 767.750 22.356 321.549
3454 0.000000 0 0.7471 0.5749 0.3337 0.9627 0.3586 0.0000 767.750 22.356 321.549
3455 0.000000 0 0.7471 0.5749 0.3337 0.9627 0.3586 0.0000 767.750 22.356 321.549
3456 0.000000 0 0.7471 0.5749 0.3337 0.9627 0.3586 0.0000 767.750 22.356 321.549
3457 0.000000 0 0.7471 0.5749 0.3337 0.9627 0.3586 0.0000 767.750 22.356 321.549
3458 0.000000 0 0.7471 0.5750 0.3337 0.9627 0.3586 0.0000 767.750 22.356 321.549
3459 0.000000 0 0.7471 0.5750 0.3337 0.9627 0.3586 0.0000 767.750 22.356 321.549
3460 0.000000 0 0.7471 0.5750 0.3337 0.9627 0.3586 0.0000 767.750 22.356 321.549
3461 0.000000 0 0.7470 0.5750 0.3337 0.9627 0.3586 0.0000 767.750 22.356 321.549
3462 0.000000 0 0.7470 0.5750 0.3337 0.9627 0.3586 0.0000 767.750 22.356 321.549
3463 0.000000 0 0.7470 0.5750 0.3337 0.9627 0.3586 0.0000 767.750 22.356 321.549
3464 0.000000 0 0.7470 0.5750 0.3337 0.9627 0.3586 0.0000 767.750 22.356 321.549
3465 0.000000 0 0.7470 0.5750 0.3336 0.9627 0.3586 0.0000 767.750 22.356 321.549
3466 0.000000 0 0.7470 0.5750 0.3336 0.9627 0.3586 0.0000 767.750 22.356 321.549
3467 0.000000 0 0.7470 0.5750 0.3336 0.9627 0.3586 0.0000 767.750 22.356 321.549
3468 0.000000 0 0.7470 0.5750 0.3336 0.9627 0.3586 0.0000 767.750 22.356 321.549
3469 0.000000 0 0.7470 0.5750 0.3336 0.9627 0.3586 0.0000 767.750 22.356 321.549
3470 0.000000 0 0.7470 0.5751 0.3336 0.9627 0.3586 0.0000 767.750 22.356 321.549
3471 0.000000 0 0.7470 0.5751 0.3336 0.9627 0.3586 0.0000 767.750 22.356 321.549
3472 0.000000 0 0.7470 0.5751 0.3336 0.9627 0.3586 0.0000 767.750 22.356 321.549
3473 0.000000 0 0.7470 0.5751 0.3336 0.9627 0.3586 0.0000 767.750 22.356 321.549
3474 0.000000 0 0.7470 0.5751 0.3336 0.9627 0.3586 0.0000 767.750 22.356 321.549
3475 0.000000 0 0.7470 0.5751 0.3336 0.9627 0.3586 0.0000 767.750 22.356 321.549
3476 0.000000 0 0.7470 0.5751 0.3336 0.9627 0.3586 0.0000 767.750 22.356 321.549
3477 0.000000 0 0.7469 0.5751 0.3336 0.9627 0.3586 0.0000 767.750 22.356 321.549
3478 0.000000 0 0.7469 0.5751 0.3336 0.9627 0.3586 0.0000 767.750 22.356 321.549
3479 0.000000 0 0.7469 0.5751 0.3336 0.9627 0.3586 0.0000 767.750 22.356 321.549
3480 0.000000 0 0.7469 0.5751 0.3336 0.9627 0.3586 0.0000 767.750 22.356 321.549
3481 0.000000 0 0.7469 0.5752 0.3336 0.9627 0.3586 0.0000 767.750 22.356 321.549
3482 0.000000 0 0.7469 0.5752 0.3336 0.9627 0.3586 0.0000 767.750 22.356 321.549
3483 0.000000 0 0.7469 0.5752 0.3336 0.9627 0.3586 0.0000 767.750 22.356 321.549
3484 0.000000 0 0.7469 0.5752 0.3336 0.9627 0.3586 0.0000 767.750 22.356 321.549
3485 0.000000 0 0.7469 0.5752 0.3336 0.9627 0.3586 0.0000 767.750 22.356 321.549
3486 0.000000 0 0.7469 0.5752 0.3336 0.9627 0.3586 0.0000 767.750 22.356 321.549
3487 0.000000 0 0.7469 0.5752 0.3336 0.9627 0.3586 0.0000 767.750 22.356 321.549
3488 0.000000 0 0.7469 0.5752 0.3336 0.9627 0.3586 0.0000 767.750 22.356 321.549
3489 0.000000 0 0.7469 0.5752 0.3336 0.9627 0.3586 0.0000 767.750 22.356 321.549
3490 0.000000 0 0.7469 0.5752 0.3336 0.9627 0.3586 0.0000 767.750 22.356 321.549
3491 0.000000 0 0.7469 0.5752 0.3336 0.9627 0.3586 0.0000 767.750 22.356 321.549
3492 0.000000 0 0.7468 0.5753 0.3336 0.9627 0.3586 0.0000 767.750 22.356 321.549
3493 0.000000 0 0.7468 0.5753 0.3336 0.9627 0.3586 0.0000 767.750 22.356 321.549
3494 0.000000 0 0.7468 0.5753 0.3336 0.9627 0.3586 0.0000 767.750 22.356 321.549
3495 0.000000 0 0.7468 0.5753 0.3336 0.9627 0.3586 0.0000 767.750 22.356 321.549
3496 0.000000 0 0.7468 0.5753 0.3336 0.9627 0.3586 0.0000 767.750 22.356 321.549
3497 0.000000 0 0.7468 0.5753 0.3336 0.9627 0.3586 0.0000 767.750 22.356 321.549
3498 0.000000 0 0.7468 0.5753 0.3336 0.9627 0.3586 0.0000 767.750 22.356 321.549
3499 0.000000 0 0.7468 0.5753 0.3336 0.9627 0.3586 0.0000 767.750 22.356 321.549
3500 0.000000 0 0.7468 0.5753 0.3336 0.9627 0.3586 0.0000 767.750 22.356 321.549
3501 0.000000 0 0.7468 0.5753 0.3336 0.9627 0.3586 0.0000 767.750 22.356 321.549
3502 0.000000 0 0.7468 0.5753 0.3336 0.9627 0.3586 0.0000 767.750 22.356 321.549
3503 0.000000 0 0.7468 0.5753 0.3336 0.9627 0.3586 0.0000 767.750 22.356 321.549
3504 0.000000 0 0.7468 0.5754 0.3336 0.9627 0.3586 0.0000 767.750 22.356 321.549
3505 0.000000 0 0.7468 0.5754 0.3336 0.9627 0.3586 0.0000 767.750 22.356 321.549
3506 0.000000 0 0.7468 0.5754 0.3336 0.9627 0.3586 0.0000 767.750 22.356 321.549
3507 0.000000 0 0.7468 0.5754 0.3336 0.9627 0.3586 0.0000 767.750 22.356 321.549
3508 0.000000 0 0.7468 0.5754 0.3336 0.9627 0.3586 0.0000 767.750 22.356 321.549
3509 0.000000 0 0.7467 0.5754 0.3336 0.9627 0.3586 0.0000 767.750 22.356 321.549
3510 0.000000 0 0.7467 0.5754 0.3336 0.9627 0.3586 0.0000 767.750 22.356 321.549
3511 0.000000 0 0.7467 0.5754 0.3336 0.9627 0.3586 0.0000 767.750 22.356 321.549
3512 0.000000 0 0.7467 0.5754 0.3336 0.9627 0.3586 0.0000 767.750 22.356 321.549
3513 0.000000 0 0.7467 0.5754 0.3336 0.9627 0.3586 0.0000 767.750 22.356 321.549
3514 0.000000 0 0.7467 0.5754 0.3336 0.9627 0.3586 0.0000 767.750 22.356 321.549
3515 0.000000 0 0.7467 0.5754 0.3336 0.9627 0.3586 0.0000 767.750 22.356 321.549
3516 0.000000 0 0.7467 0.5755 0.3336 0.9627 0.3586 0.0000 767.750 22.356 321.549
3517 0.000000 0 0.7467 0.5755 0.3336 0.9627 0.3586 0.0000 767.750 22.356 321.549
3518 0.000000 0 0.7467 0.5755 0.3336 0.9627 0.3586 0.0000 767.750 22.356 321.549
3519 0.000000 0 0.7467 0.5755 0.3336 0.9627 0.3586 0.0000 767.750 22.356 321.549
3520 0.000000 0 0.7467 0.5755 0.3336 0.9627 0.3586 0.0000 767.750 22.356 321.549
3521 0.000000 0 0.7467 0.5755 0.3336 0.9627 0.3586 0.0000 767.750 22.356 321.549
3522 0.000000 0 0.7467 0.5755 0.3336 0.9627 0.3586 0.0000 767.750 22.356 321.549
3523 0.000000 0 0.7467 0.5755 0.3336 0.9627 0.3586 0.0000 767.750 22.356 321.549
3524 0.000000 0 0.7466 0.5756 0.3336 0.9627 0.3586 0.0000 767.750 22.356 321.549
3525 0.000000 0 0.7466 0.5756 0.3336 0.9627 0.3586 0.0000 767.750 22.356 321.549
3526 0.000000 0 0.7466 0.5756 0.3336 0.9627 0.3586 0.0000 767.750 22.356 321.549
3527 0.000000 0 0.7466 0.5756 0.3336 0.9627 0.3586 0.0000 767.750 22.356 321.549
3528 0.000000 0 0.7466 0.5756 0.3336 0.9627 0.3586 0.0000 767.750 22.356 321.549
3529 0.000000 0 0.7466 0.5756 0.3336 0.9627 0.3586 0.0000 767.750 22.356 321.549
3530 0.000000 0 0.7466 0.5756 0.3336 0.9627 0.3586 0.0000 767.750 22.356 321.549
3531 0.000000 0 0.7466 0.5756 0.3336 0.9627 0.3586 0.0000 767.750 22.356 321.549
3532 0.000000 0 0.7466 0.5756 0.3336 0.9627 0.3586 0.0000 767.750 22.356 321.549
3533 0.000000 0 0.7466 0.5756 0.3336 0.9627 0.3586 0.0000 767.750 22.356 321.549
3534 0.000000 0 0.7466 0.5756 0.3336 0.9627 0.3586 0.0000 767.750 22.356 321.549
3535 0.000000 0 0.7466 0.5756 0.3336 0.9627 0.3586 0.0000 767.750 22.356 321.549
3536 0.000000 0 0.7466 0.5756 0.3336 0.9627 0.3586 0.0000 767.750 22.356 321.549
3537 0.000000 0 0.7466 0.5757 0.3336 0.9627 0.3586 0.0000 767.750 22.356 321.549
3538 0.000000 0 0.7466 0.5757 0.3336 0.9627 0.3586 0.0000 767.750 22.356 321.549
3539 0.000000 0 0.7466 0.5757 0.3336 0.9627 0.3586 0.0000 767.750 22.356 321.549
3540 0.000000 0 0.7466 0.5757 0.3336 0.9627 0.3586 0.0000 767.750 22.356 321.549
3541 0.000000 0 0.7465 0.5757 0.3336 0.9627 0.3586 0.0000 767.750 22.356 321.549
3542 0.000000 0 0.7465 0.5757 0.3336 0.9627 0.3586 0.0000 767.750 22.356 321.549
3543 0.000000 0 0.7465 0.5757 0.3336 0.9627 0.3586 0.0000 767.750 22.356 321.549
3544 0.000000 0 0.7465 0.5757 0.3336 0.9627 0.3586 0.0000 767.750 22.356 321.549
3545 0.000000 0 0.7465 0.5757 0.3336 0.9627 0.3586 0.0000 767.750 22.356 321.549
3546 0.000000 0 0.7465 0.5757 0.3336 0.9627 0.3586 0.0000 767.750 22.356 321.549
3547 0.000000 0 0.7465 0.5757 0.3336 0.9627 0.3586 0.0000 767.750 22.356 321.549
3548 0.000000 0 0.7465 0.5757 0.3336 0.9627 0.3586 0.0000 767.750 22.356 321.549
3549 0.000000 0 0.7465 0.5757 0.3336 0.9627 0.3586 0.0000 767.750 22.356 321.549
3550 0.000000 0 0.7465 0.5757 0.3336 0.9627 0.3586 0.0000 767.750 22.356 321.549
3551 0.000000 0 0.7465 0.5757 0.3336 0.9627 0.3586 0.0000 767.750 22.356 321.549
3552 0.000000 0 0.7465 0.5757 0.3335 0.9627 0.3586 0.0000 767.750 22.356 321.549
3553 0.000000 0 0.7465 0.5757 0.3335 0.9627 0.3586 0.0000 767.750 22.356 321.549
3554 0.000000 0 0.7465 0.5758 0.3335 0.9627 0.3586 0.0000 767.750 22.356 321.549
3555 0.000000 0 0.7465 0.5758 0.3335 0.9627 0.3586 0.0000 767.750 22.356 321.549
3556 0.000000 0 0.7465 0.5758 0.3335 0.9627 0.3586 0.0000 767.750 22.356 321.549
3557 0.000000 0 0.7465 0.5758 0.3335 0.9627 0.3586 0.0000 767.750 22.356 321.549
3558 0.000000 0 0.7465 0.5758 0.3335 0.9627 0.3586 0.0000 767.750 22.356 321.549
3559 0.000000 0 0.7465 0.5758 0.3335 0.9627 0.3586 0.0000 767.750 22.356 321.549
3560 0.000000 0 0.7465 0.5758 0.3335 0.9627 0.3586 0.0000 767.750 22.356 321.549
3561 0.000000 0 0.7465 0.5758 0.3335 0.9627 0.3586 0.0000 767.750 22.356 321.549
3562 0.000000 0 0.7465 0.5758 0.3335 0.9627 0.3586 0.0000 767.750 22.356 321.549
3563 0.000000 0 0.7465 0.5758 0.3335 0.9627 0.3586 0.0000 767.750 22.356 321.549
3564 0.000000 0 0.7465 0.5758 0.3335 0.9627 0.3586 0.0000 767.750 22.356 321.549
3565 0.000000 0 0.7464 0.5758 0.3335 0.9627 0.3586 0.0000 767.750 22.356 321.549
3566 0.000000 0 0.7464 0.5758 0.3335 0.9627 0.3586 0.0000 767.750 22.356 321.549
3567 0.000000 0 0.7464 0.5758 0.3335 0.9627 0.3586 0.0000 767.750 22.356 321.549
3568 0.000000 0 0.7464 0.5758 0.3335 0.9627 0.3586 0.0000 767.750 22.356 321.549
3569 0.000000 0 0.7464 0.5758 0.3335 0.9627 0.3586 0.0000 767.750 22.356 321.549
3570 0.000000 0 0.7464 0.5758 0.3335 0.9627 0.3586 0.0000 767.750 22.356 321.549
3571 0.000000 0 0.7464 0.5759 0.3335 0.9627 0.3586 0.0000 767.750 22.356 321.549
3572 0.000000 0 0.7464 0.5759 0.3335 0.9627 0.3586 0.0000 767.750 22.356 321.549
3573 0.000000 0 0.7464 0.5759 0.3335 0.9627 0.3586 0.0000 767.750 22.366 321.549
3574 0.000000 0 0.7464 0.5759 0.3335 0.9627 0.3586 0.0000 767.750 22.385 321.550
3575 0.000000 0 0.7464 0.5759 0.3335 0.9627 0.3586 0.0000 767.749 22.409 321.550
3576 0.000000 0 0.7464 0.5759 0.3335 0.9627 0.3586 0.0000 767.749 22.427 321.551
3577 0.000000 0 0.7464 0.5759 0.3335 0.9627 0.3586 0.0000 767.748 22.443 321.551
3578 0.000000 0 0.7464 0.5759 0.3335 0.9627 0.3586 0.0000 767.748 22.466 321.552
3579 0.000000 0 0.7464 0.5759 0.3335 0.9627 0.3586 0.0000 767.747 22.488 321.552
3580 0.000000 0 0.7464 0.5759 0.3335 0.9627 0.3586 0.0000 767.747 22.505 321.553
3581 0.000000 0 0.7464 0.5759 0.3335 0.9627 0.3586 0.0000 767.746 22.526 321.553
3582 0.000000 0 0.7464 0.5759 0.3335 0.9627 0.3586 0.0000 767.746 22.546 321.554
3583 0.000000 0 0.7464 0.5759 0.3335 0.9627 0.3586 0.0000 767.745 22.567 321.554
3584 0.000000 0 0.7463 0.5760 0.3335 0.9627 0.3586 0.0000 767.745 22.586 321.555
3585 0.000000 0 0.7463 0.5760 0.3335 0.9627 0.3586 0.0000 767.744 22.604 321.555
3586 0.000000 0 0.7463 0.5760 0.3335 0.9627 0.3586 0.0000 767.744 22.629 321.556
3587 0.000000 0 0.7463 0.5760 0.3335 0.9627 0.3586 0.0000 767.743 22.649 321.556
3588 0.000000 0 0.7463 0.5760 0.3335 0.9627 0.3586 0.0000 767.743 22.666 321.557
3589 0.000000 0 0.7463 0.5760 0.3335 0.9627 0.3586 0.0000 767.742 22.686 321.557
3590 0.000000 0 0.7463 0.5760 0.3335 0.9627 0.3586 0.0000 767.742 22.707 321.558
3591 0.000000 0 0.7463 0.5760 0.3335 0.9627 0.3586 0.0000 767.741 22.718 321.558
3592 0.000000 0 0.7463 0.5760 0.3335 0.9627 0.3586 0.0000 767.741 22.738 321.558
3593 0.000000 0 0.7463 0.5760 0.3335 0.9627 0.3586 0.0000 767.741 22.751 321.559
3594 0.000000 0 0.7463 0.5760 0.3335 0.9627 0.3586 0.0000 767.740 22.772 321.559
3595 0.000000 0 0.7463 0.5761 0.3335 0.9627 0.3586 0.0000 767.740 22.793 321.560
3596 0.000000 0 0.7463 0.5761 0.3335 0.9627 0.3586 0.0000 767.739 22.812 321.560
3597 0.000000 0 0.7463 0.5761 0.3335 0.9627 0.3586 0.0000 767.739 22.824 321.561
3598 0.000000 0 0.7463 0.5761 0.3335 0.9627 0.3586 0.0000 767.738 22.840 321.561
3599 0.000000 0 0.7463 0.5761 0.3335 0.9627 0.3586 0.0000 767.738 22.854 321.561
3600 0.000000 0 0.7462 0.5761 0.3335 0.9627 0.3586 0.0000 767.738 22.876 321.562
3601 0.000000 0 0.7462 0.5761 0.3335 0.9627 0.3586 0.0000 767.737 22.894 321.562
3602 0.000000 0 0.7462 0.5761 0.3335 0.9627 0.3586 0.0000 767.737 22.903 321.563
3603 0.000000 0 0.7462 0.5761 0.3335 0.9627 0.3586 0.0000 767.736 22.922 321.563
3604 0.000000 0 0.7462 0.5761 0.3335 0.9627 0.3586 0.0000 767.736 22.935 321.563
3605 0.000000 0 0.7462 0.5762 0.3335 0.9627 0.3586 0.0000 767.735 22.957 321.564
3606 0.000000 0 0.7462 0.5762 0.3335 0.9627 0.3586 0.0000 767.735 22.963 321.564
3607 0.000000 0 0.7462 0.5762 0.3335 0.9627 0.3586 0.0000 767.735 22.976 321.564
3608 0.000000 0 0.7462 0.5762 0.3335 0.9627 0.3586 0.0000 767.735 22.990 321.565
3609 0.000000 0 0.7462 0.5762 0.3335 0.9627 0.3586 0.0000 767.734 23.006 321.565
3610 0.000000 0 0.7462 0.5762 0.3335 0.9627 0.3586 0.0000 767.734 23.015 321.565
3611 0.000000 0 0.7462 0.5762 0.3335 0.9627 0.3586 0.0000 767.734 23.029 321.566
3612 0.000000 0 0.7462 0.5762 0.3335 0.9627 0.3586 0.0000 767.733 23.041 321.566
3613 0.000000 0 0.7462 0.5762 0.3335 0.9627 0.3586 0.0000 767.733 23.053 321.566
3614 0.000000 0 0.7462 0.5762 0.3335 0.9627 0.3586 0.0000 767.733 23.067 321.567
3615 0.000000 0 0.7462 0.5762 0.3335 0.9627 0.3586 0.0000 767.733 23.075 321.567
3616 0.000000 0 0.7461 0.5762 0.3335 0.9627 0.3586 0.0000 767.732 23.089 321.567
3617 0.000000 0 0.7461 0.5763 0.3335 0.9627 0.3586 0.0000 767.732 23.099 321.568
3618 0.000000 0 0.7461 0.5763 0.3335 0.9627 0.3586 0.0000 767.732 23.114 321.568
3619 0.000000 0 0.7461 0.5763 0.3335 0.9627 0.3586 0.0000 767.731 23.122 321.568
3620 0.000000 0 0.7461 0.5763 0.3335 0.9627 0.3586 0.0000 767.731 23.134 321.568
3621 0.000000 0 0.7461 0.5763 0.3335 0.9627 0.3586 0.0000 767.731 23.148 321.569
3622 0.000000 0 0.7461 0.5763 0.3335 0.9627 0.3586 0.0000 767.731 23.154 321.569
3623 0.000000 0 0.7461 0.5763 0.3335 0.9627 0.3586 0.0000 767.730 23.161 321.569
3624 0.000000 0 0.7461 0.5763 0.3335 0.9627 0.3586 0.0000 767.730 23.170 321.569
3625 0.000000 0 0.7461 0.5763 0.3335 0.9627 0.3586 0.0000 767.730 23.183 321.570
3626 0.000000 0 0.7461 0.5763 0.3335 0.9627 0.3586 0.0000 767.730 23.193 321.570
3627 0.000000 0 0.7461 0.5763 0.3335 0.9627 0.3586 0.0000 767.729 23.200 321.570
3628 0.000000 0 0.7461 0.5764 0.3335 0.9627 0.3586 0.0000 767.729 23.207 321.570
3629 0.000000 0 0.7461 0.5764 0.3335 0.9627 0.3586 0.0000 767.729 23.215 321.570
3630 0.000000 0 0.7460 0.5764 0.3335 0.9627 0.3586 0.0000 767.729 23.228 321.571
3631 0.000000 0 0.7460 0.5764 0.3335 0.9627 0.3586 0.0000 767.729 23.230 321.571
3632 0.000000 0 0.7460 0.5764 0.3335 0.9627 0.3586 0.0000 767.728 23.241 321.571
3633 0.000000 0 0.7460 0.5764 0.3335 0.9627 0.3586 0.0000 767.728 23.245 321.571
3634 0.000000 0 0.7460 0.5764 0.3335 0.9627 0.3586 0.0000 767.728 23.250 321.571
3635 0.000000 0 0.7460 0.5764 0.3335 0.9627 0.3586 0.0000 767.728 23.255 321.571
3636 0.000000 0 0.7460 0.5764 0.3335 0.9627 0.3586 0.0000 767.728 23.262 321.572
3637 0.000000 0 0.7460 0.5764 0.3335 0.9627 0.3586 0.0000 767.728 23.266 321.572
3638 0.000000 0 0.7460 0.5764 0.3335 0.9627 0.3586 0.0000 767.728 23.273 321.572
3639 0.000000 0 0.7460 0.5765 0.3335 0.9627 0.3586 0.0000 767.728 23.278 321.572
3640 0.000000 0 0.7460 0.5765 0.3335 0.9627 0.3586 0.0000 767.727 23.281 321.572
3641 0.000000 0 0.7460 0.5765 0.3335 0.9627 0.3586 0.0000 767.727 23.285 321.572
3642 0.000000 0 0.7460 0.5765 0.3335 0.9627 0.3586 0.0000 767.727 23.289 321.572
3643 0.000000 0 0.7460 0.5765 0.3334 0.9627 0.3586 0.0000 767.727 23.292 321.572
3644 0.000000 0 0.7460 0.5765 0.3334 0.9627 0.3586 0.0000 767.727 23.296 321.572
3645 0.000000 0 0.7460 0.5765 0.3334 0.9627 0.3586 0.0000 767.727 23.300 321.573
3646 0.000000 0 0.7460 0.5765 0.3334 0.9627 0.3586 0.0000 767.727 23.302 321.573
3647 0.000000 0 0.7459 0.5765 0.3334 0.9627 0.3586 0.0000 767.727 23.305 321.573
3648 0.000000 0 0.7459 0.5765 0.3334 0.9627 0.3586 0.0000 767.727 23.308 321.573
3649 0.000000 0 0.7459 0.5765 0.3334 0.9627 0.3586 0.0000 767.727 23.310 321.573
3650 0.000000 0 0.7459 0.5766 0.3334 0.9627 0.3586 0.0000 767.727 23.312 321.573
3651 0.000000 0 0.7459 0.5766 0.3334 0.9627 0.3586 0.0000 767.727 23.314 321.573
3652 0.000000 0 0.7459 0.5766 0.3334 0.9627 0.3586 0.0000 767.727 23.315 321.573
3653 0.000000 0 0.7459 0.5766 0.3334 0.9627 0.3586 0.0000 767.727 23.316 321.573
3654 0.000000 0 0.7459 0.5766 0.3334 0.9627 0.3586 0.0000 767.727 23.317 321.573
3655 0.000000 0 0.7459 0.5766 0.3334 0.9627 0.3586 0.0000 767.727 23.317 321.573
3656 0.000000 0 0.7459 0.5766 0.3334 0.9627 0.3586 0.0000 767.727 23.317 321.573
3657 0.000000 0 0.7459 0.5766 0.3334 0.9627 0.3586 0.0000 767.727 23.316 321.573
3658 0.000000 0 0.7459 0.5766 0.3334 0.9627 0.3586 0.0000 767.727 23.316 321.573
3659 0.000000 0 0.7459 0.5766 0.3334 0.9627 0.3586 0.0000 767.727 23.315 321.573
3660 0.000000 0 0.7459 0.5767 0.3334 0.9627 0.3586 0.0000 767.727 23.312 321.573
3661 0.000000 0 0.7458 0.5767 0.3334 0.9627 0.3586 0.0000 767.727 23.307 321.573
3662 0.000000 0 0.7458 0.5767 0.3334 0.9627 0.3586 0.0000 767.727 23.306 321.573
3663 0.000000 0 0.7458 0.5767 0.3334 0.9627 0.3586 0.0000 767.727 23.305 321.573
3664 0.000000 0 0.7458 0.5767 0.3334 0.9627 0.3586 0.0000 767.727 23.303 321.573
3665 0.000000 0 0.7458 0.5767 0.3334 0.9627 0.3586 0.0000 767.727 23.300 321.573
3666 0.000000 0 0.7458 0.5767 0.3334 0.9627 0.3586 0.0000 767.727 23.296 321.573
3667 0.000000 0 0.7458 0.5767 0.3334 0.9627 0.3586 0.0000 767.727 23.292 321.572
3668 0.000000 0 0.7458 0.5767 0.3334 0.9627 0.3586 0.0000 767.727 23.286 321.572
3669 0.000000 0 0.7458 0.5767 0.3334 0.9627 0.3586 0.0000 767.727 23.280 321.572
3670 0.000000 0 0.7458 0.5768 0.3334 0.9627 0.3586 0.0000 767.727 23.275 321.572
3671 0.000000 0 0.7458 0.5768 0.3334 0.9627 0.3586 0.0000 767.728 23.268 321.572
3672 0.000000 0 0.7458 0.5768 0.3334 0.9627 0.3586 0.0000 767.728 23.264 321.572
3673 0.000000 0 0.7458 0.5768 0.3334 0.9627 0.3586 0.0000 767.728 23.259 321.572
3674 0.000000 0 0.7458 0.5768 0.3334 0.9627 0.3586 0.0000 767.728 23.252 321.572
3675 0.000000 0 0.7457 0.5768 0.3334 0.9627 0.3586 0.0000 767.728 23.247 321.572
3676 0.000000 0 0.7457 0.5768 0.3334 0.9627 0.3586 0.0000 767.728 23.241 321.572
3677 0.000000 0 0.7457 0.5768 0.3334 0.9627 0.3586 0.0000 767.728 23.234 321.571
3678 0.000000 0 0.7457 0.5768 0.3334 0.9627 0.3586 0.0000 767.729 23.227 321.571
3679 0.000000 0 0.7457 0.5768 0.3334 0.9627 0.3586 0.0000 767.729 23.220 321.571
3680 0.000000 0 0.7457 0.5768 0.3334 0.9627 0.3586 0.0000 767.729 23.214 321.571
3681 0.000000 0 0.7457 0.5769 0.3334 0.9627 0.3586 0.0000 767.729 23.206 321.570
3682 0.000000 0 0.7457 0.5769 0.3334 0.9627 0.3586 0.0000 767.729 23.185 321.570
3683 0.000000 0 0.7457 0.5769 0.3334 0.9627 0.3586 0.0000 767.730 23.184 321.570
3684 0.000000 0 0.7457 0.5769 0.3334 0.9627 0.3586 0.0000 767.730 23.181 321.570
3685 0.000000 0 0.7457 0.5769 0.3334 0.9627 0.3586 0.0000 767.730 23.172 321.570
3686 0.000000 0 0.7457 0.5769 0.3334 0.9627 0.3586 0.0000 767.730 23.162 321.569
3687 0.000000 0 0.7457 0.5769 0.3334 0.9627 0.3586 0.0000 767.730 23.150 321.569
3688 0.000000 0 0.7457 0.5769 0.3334 0.9627 0.3586 0.0000 767.730 23.144 321.569
3689 0.000000 0 0.7457 0.5769 0.3334 0.9627 0.3586 0.0000 767.730 23.134 321.569
3690 0.000000 0 0.7457 0.5769 0.3334 0.9627 0.3586 0.0000 767.731 23.121 321.569
3691 0.000000 0 0.7456 0.5769 0.3334 0.9627 0.3586 0.0000 767.732 23.111 321.568
3692 0.000000 0 0.7456 0.5770 0.3334 0.9627 0.3586 0.0000 767.732 23.101 321.568
3693 0.000000 0 0.7456 0.5770 0.3334 0.9627 0.3586 0.0000 767.732 23.088 321.568
3694 0.000000 0 0.7456 0.5770 0.3334 0.9627 0.3586 0.0000 767.732 23.080 321.568
3695 0.000000 0 0.7456 0.5770 0.3334 0.9627 0.3586 0.0000 767.732 23.068 321.568
3696 0.000000 0 0.7456 0.5770 0.3334 0.9627 0.3586 0.0000 767.733 23.055 321.567
3697 0.000000 0 0.7456 0.5770 0.3334 0.9627 0.3586 0.0000 767.733 23.035 321.566
3698 0.000000 0 0.7456 0.5770 0.3334 0.9627 0.3586 0.0000 767.734 23.028 321.566
3699 0.000000 0 0.7456 0.5770 0.3334 0.9627 0.3586 0.0000 767.734 23.017 321.566
3700 0.000000 0 0.7456 0.5770 0.3334 0.9627 0.3586 0.0000 767.734 23.004 321.566
3701 0.000000 0 0.7456 0.5770 0.3334 0.9627 0.3586 0.0000 767.734 22.993 321.566
3702 0.000000 0 0.7456 0.5770 0.3334 0.9627 0.3586 0.0000 767.734 22.975 321.565
3703 0.000000 0 0.7456 0.5771 0.3334 0.9627 0.3586 0.0000 767.735 22.958 321.564
3704 0.000000 0 0.7456 0.5771 0.3334 0.9627 0.3586 0.0000 767.736 22.943 321.564
3705 0.000000 0 0.7456 0.5771 0.3334 0.9627 0.3586 0.0000 767.736 22.930 321.564
3706 0.000000 0 0.7455 0.5771 0.3334 0.9627 0.3586 0.0000 767.736 22.913 321.564
3707 0.000000 0 0.7455 0.5771 0.3334 0.9627 0.3586 0.0000 767.736 22.898 321.564
3708 0.000000 0 0.7455 0.5771 0.3334 0.9627 0.3586 0.0000 767.737 22.884 321.563
3709 0.000000 0 0.7455 0.5771 0.3334 0.9627 0.3586 0.0000 767.738 22.864 321.562
3710 0.000000 0 0.7455 0.5771 0.3334 0.9627 0.3586 0.0000 767.738 22.849 321.561
3711 0.000000 0 0.7455 0.5771 0.3334 0.9627 0.3586 0.0000 767.738 22.833 321.561
3712 0.000000 0 0.7455 0.5771 0.3334 0.9627 0.3586 0.0000 767.738 22.812 321.561
3713 0.000000 0 0.7455 0.5771 0.3334 0.9627 0.3586 0.0000 767.738 22.797 321.561
3714 0.000000 0 0.7455 0.5772 0.3334 0.9627 0.3586 0.0000 767.739 22.781 321.561
3715 0.000000 0 0.7455 0.5772 0.3334 0.9627 0.3586 0.0000 767.741 22.746 321.559
3716 0.000000 0 0.7455 0.5772 0.3334 0.9627 0.3586 0.0000 767.741 22.741 321.559
3717 0.000000 0 0.7455 0.5772 0.3334 0.9627 0.3586 0.0000 767.741 22.659 321.559
3718 0.000000 0 0.7455 0.5772 0.3334 0.9627 0.3586 0.0000 767.741 22.500 321.559
3719 0.000000 0 0.7455 0.5772 0.3334 0.9627 0.3586 0.0000 767.741 22.387 321.559
3720 0.000000 0 0.7455 0.5772 0.3334 0.9627 0.3586 0.0000 767.743 22.355 321.557
3721 0.000000 0 0.7454 0.5772 0.3333 0.9627 0.3586 0.0000 767.749 22.351 321.551
3722 0.000000 0 0.7454 0.5772 0.3333 0.9627 0.3586 0.0000 767.750 22.350 321.550
3723 0.000000 0 0.7454 0.5772 0.3333 0.9627 0.3586 0.0000 767.751 22.347 321.549
3724 0.000000 0 0.7454 0.5772 0.3333 0.9627 0.3586 0.0000 767.751 22.342 321.549
3725 0.000000 0 0.7454 0.5773 0.3333 0.9627 0.3586 0.0000 767.751 22.335 321.549
3726 0.000000 0 0.7454 0.5773 0.3333 0.9627 0.3586 0.0000 767.751 22.329 321.549
3727 0.000000 0 0.7454 0.5773 0.3333 0.9627 0.3586 0.0000 767.751 22.321 321.549
3728 0.000000 0 0.7454 0.5773 0.3333 0.9627 0.3586 0.0000 767.751 22.314 321.549
3729 0.000000 0 0.7454 0.5773 0.3333 0.9627 0.3586 0.0000 767.751 22.309 321.549
3730 0.000000 0 0.7454 0.5773 0.3333 0.9627 0.3586 0.0000 767.751 22.301 321.549
3731 0.000000 0 0.7454 0.5773 0.3333 0.9627 0.3586 0.0000 767.751 22.295 321.549
3732 0.000000 0 0.7454 0.5773 0.3333 0.9627 0.3586 0.0000 767.751 22.291 321.549
3733 0.000000 0 0.7454 0.5773 0.3333 0.9627 0.3586 0.0000 767.751 22.287 321.549
3734 0.000000 0 0.7454 0.5773 0.3333 0.9627 0.3586 0.0000 767.751 22.284 321.549
3735 0.000000 0 0.7454 0.5773 0.3333 0.9627 0.3586 0.0000 767.751 22.283 321.549
3736 0.000000 0 0.7454 0.5774 0.3333 0.9627 0.3586 0.0000 767.751 22.282 321.549
3737 0.000000 0 0.7453 0.5774 0.3333 0.9627 0.3586 0.0000 767.751 22.281 321.549
3738 0.000000 0 0.7453 0.5774 0.3333 0.9627 0.3586 0.0000 767.751 22.281 321.549
3739 0.000000 0 0.7453 0.5774 0.3333 0.9627 0.3586 0.0000 767.751 22.282 321.549
3740 0.000000 0 0.7453 0.5774 0.3333 0.9627 0.3586 0.0000 767.751 22.283 321.549
3741 0.000000 0 0.7453 0.5774 0.3333 0.9627 0.3586 0.0000 767.751 22.284 321.549
3742 0.000000 0 0.7453 0.5774 0.3333 0.9627 0.3586 0.0000 767.751 22.285 321.549
3743 0.000000 0 0.7453 0.5774 0.3333 0.9627 0.3586 0.0000 767.751 22.287 321.549
3744 0.000000 0 0.7453 0.5774 0.3333 0.9627 0.3586 0.0000 767.751 22.289 321.549
3745 0.000000 0 0.7453 0.5774 0.3333 0.9627 0.3586 0.0000 767.751 22.292 321.549
3746 0.000000 0 0.7453 0.5774 0.3333 0.9627 0.3586 0.0000 767.751 22.296 321.549
3747 0.000000 0 0.7453 0.5775 0.3333 0.9627 0.3586 0.0000 767.751 22.299 321.549
3748 0.000000 0 0.7453 0.5775 0.3333 0.9627 0.3586 0.0000 767.751 22.302 321.549
3749 0.000000 0 0.7453 0.5775 0.3333 0.9627 0.3586 0.0000 767.751 22.305 321.549
3750 0.000000 0 0.7453 0.5775 0.3333 0.9627 0.3586 0.0000 767.751 22.309 321.549
3751 0.000000 0 0.7453 0.5775 0.3333 0.9627 0.3586 0.0000 767.751 22.313 321.549
3752 0.000000 0 0.7452 0.5775 0.3333 0.9627 0.3586 0.0000 767.751 22.316 321.549
3753 0.000000 0 0.7452 0.5775 0.3333 0.9627 0.3586 0.0000 767.751 22.318 321.549
3754 0.000000 0 0.7452 0.5775 0.3333 0.9627 0.3586 0.0000 767.751 22.322 321.549
3755 0.000000 0 0.7452 0.5775 0.3333 0.9627 0.3586 0.0000 767.751 22.324 321.549
3756 0.000000 0 0.7452 0.5775 0.3333 0.9627 0.3586 0.0000 767.751 22.328 321.549
3757 0.000000 0 0.7452 0.5775 0.3333 0.9627 0.3586 0.0000 767.751 22.332 321.549
3758 0.000000 0 0.7452 0.5776 0.3333 0.9627 0.3586 0.0000 767.751 22.335 321.549
3759 0.000000 0 0.7452 0.5776 0.3333 0.9627 0.3586 0.0000 767.751 22.337 321.549
3760 0.000000 0 0.7452 0.5776 0.3333 0.9627 0.3586 0.0000 767.751 22.340 321.549
3761 0.000000 0 0.7452 0.5776 0.3333 0.9627 0.3586 0.0000 767.751 22.342 321.549
3762 0.000000 0 0.7452 0.5776 0.3333 0.9627 0.3586 0.0000 767.751 22.344 321.549
3763 0.000000 0 0.7452 0.5776 0.3333 0.9627 0.3586 0.0000 767.751 22.346 321.549
3764 0.000000 0 0.7452 0.5776 0.3333 0.9627 0.3586 0.0000 767.751 22.347 321.549
3765 0.000000 0 0.7452 0.5776 0.3333 0.9627 0.3586 0.0000 767.751 22.349 321.549
3766 0.000000 0 0.7452 0.5776 0.3333 0.9627 0.3586 0.0000 767.751 22.350 321.549
3767 0.000000 0 0.7452 0.5776 0.3333 0.9627 0.3586 0.0000 767.751 22.351 321.549
3768 0.000000 0 0.7452 0.5776 0.3333 0.9627 0.3586 0.0000 767.751 22.351 321.549
3769 0.000000 0 0.7451 0.5776 0.3333 0.9627 0.3586 0.0000 767.751 22.352 321.549
3770 0.000000 0 0.7451 0.5777 0.3333 0.9627 0.3586 0.0000 767.751 22.352 321.549
3771 0.000000 0 0.7451 0.5777 0.3333 0.9627 0.3586 0.0000 767.751 22.353 321.549
3772 0.000000 0 0.7451 0.5777 0.3333 0.9627 0.3586 0.0000 767.751 22.354 321.549
3773 0.000000 0 0.7451 0.5777 0.3333 0.9627 0.3586 0.0000 767.751 22.354 321.549
3774 0.000000 0 0.7451 0.5777 0.3333 0.9627 0.3586 0.0000 767.751 22.354 321.549
3775 0.000000 0 0.7451 0.5777 0.3333 0.9627 0.3586 0.0000 767.751 22.355 321.549
3776 0.000000 0 0.7451 0.5777 0.3333 0.9627 0.3586 0.0000 767.751 22.355 321.549
3777 0.000000 0 0.7451 0.5777 0.3333 0.9627 0.3586 0.0000 767.751 22.355 321.549
3778 0.000000 0 0.7451 0.5777 0.3333 0.9627 0.3586 0.0000 767.751 22.356 321.549
3779 0.000000 0 0.7451 0.5777 0.3333 0.9627 0.3586 0.0000 767.751 22.356 321.549
3780 0.000000 0 0.7451 0.5777 0.3333 0.9627 0.3586 0.0000 767.751 22.356 321.549
3781 0.000000 0 0.7451 0.5777 0.3333 0.9627 0.3586 0.0000 767.751 22.356 321.549
3782 0.000000 0 0.7451 0.5778 0.3333 0.9627 0.3586 0.0000 767.751 22.356 321.549
3783 0.000000 0 0.7451 0.5778 0.3333 0.9627 0.3586 0.0000 767.751 22.356 321.549
3784 0.000000 0 0.7451 0.5778 0.3333 0.9627 0.3586 0.0000 767.751 22.356 321.549
3785 0.000000 0 0.7451 0.5778 0.3333 0.9627 0.3586 0.0000 767.751 22.356 321.549
3786 0.000000 0 0.7450 0.5778 0.3333 0.9627 0.3586 0.0000 767.751 22.356 321.549
3787 0.000000 0 0.7450 0.5778 0.3333 0.9627 0.3586 0.0000 767.751 22.356 321.549
3788 0.000000 0 0.7450 0.5778 0.3333 0.9627 0.3586 0.0000 767.751 22.356 321.549
3789 0.000000 0 0.7450 0.5778 0.3333 0.9627 0.3586 0.0000 767.751 22.356 321.549
3790 0.000000 0 0.7450 0.5778 0.3333 0.9627 0.3586 0.0000 767.751 22.356 321.549
3791 0.000000 0 0.7450 0.5778 0.3333 0.9627 0.3586 0.0000 767.751 22.356 321.549
3792 0.000000 0 0.7450 0.5778 0.3333 0.9627 0.3586 0.0000 767.751 22.356 321.549
3793 0.000000 0 0.7450 0.5778 0.3333 0.9627 0.3586 0.0000 767.751 22.356 321.549
3794 0.000000 0 0.7450 0.5779 0.3333 0.9627 0.3586 0.0000 767.751 22.356 321.549
3795 0.000000 0 0.7450 0.5779 0.3333 0.9627 0.3586 0.0000 767.751 22.356 321.549
3796 0.000000 0 0.7450 0.5779 0.3333 0.9627 0.3586 0.0000 767.751 22.356 321.549
3797 0.000000 0 0.7450 0.5779 0.3333 0.9627 0.3586 0.0000 767.751 22.356 321.549
3798 0.000000 0 0.7450 0.5779 0.3333 0.9627 0.3586 0.0000 767.751 22.356 321.549
3799 0.000000 0 0.7450 0.5779 0.3333 0.9627 0.3586 0.0000 767.751 22.356 321.549
3800 0.000000 0 0.7450 0.5779 0.3333 0.9627 0.3586 0.0000 767.751 22.356 321.549
3801 0.000000 0 0.7450 0.5779 0.3333 0.9627 0.3586 0.0000 767.751 22.356 321.549
3802 0.000000 0 0.7450 0.5779 0.3333 0.9627 0.3586 0.0000 767.751 22.356 321.549
3803 0.000000 0 0.7449 0.5779 0.3333 0.9627 0.3586 0.0000 767.751 22.356 321.549
3804 0.000000 0 0.7449 0.5779 0.3333 0.9627 0.3586 0.0000 767.751 22.356 321.549
3805 0.000000 0 0.7449 0.5779 0.3333 0.9627 0.3586 0.0000 767.751 22.356 321.549
3806 0.000000 0 0.7449 0.5780 0.3332 0.9627 0.3586 0.0000 767.751 22.356 321.549
3807 0.000000 0 0.7449 0.5780 0.3332 0.9627 0.3586 0.0000 767.751 22.356 321.549
3808 0.000000 0 0.7449 0.5780 0.3332 0.9627 0.3586 0.0000 767.751 22.356 321.549
3809 0.000000 0 0.7449 0.5780 0.3332 0.9627 0.3586 0.0000 767.751 22.356 321.549
3810 0.000000 0 0.7449 0.5780 0.3332 0.9627 0.3586 0.0000 767.751 22.356 321.549
3811 0.000000 0 0.7449 0.5780 0.3332 0.9627 0.3586 0.0000 767.751 22.356 321.549
3812 0.000000 0 0.7449 0.5780 0.3332 0.9627 0.3586 0.0000 767.751 22.356 321.549
3813 0.000000 0 0.7449 0.5780 0.3332 0.9627 0.3586 0.0000 767.751 22.356 321.549
3814 0.000000 0 0.7449 0.5780 0.3332 0.9627 0.3586 0.0000 767.751 22.356 321.549
3815 0.000000 0 0.7449 0.5780 0.3332 0.9627 0.3586 0.0000 767.751 22.356 321.549
3816 0.000000 0 0.7449 0.5780 0.3332 0.9627 0.3586 0.0000 767.751 22.356 321.549
3817 0.000000 0 0.7449 0.5781 0.3332 0.9627 0.3586 0.0000 767.751 22.356 321.549
3818 0.000000 0 0.7449 0.5781 0.3332 0.9627 0.3586 0.0000 767.751 22.356 321.549
3819 0.000000 0 0.7448 0.5781 0.3332 0.9627 0.3586 0.0000 767.751 22.356 321.549
3820 0.000000 0 0.7448 0.5781 0.3332 0.9627 0.3586 0.0000 767.751 22.356 321.549
3821 0.000000 0 0.7448 0.5781 0.3332 0.9627 0.3586 0.0000 767.751 22.356 321.549
3822 0.000000 0 0.7448 0.5781 0.3332 0.9627 0.3586 0.0000 767.751 22.356 321.549
3823 0.000000 0 0.7448 0.5781 0.3332 0.9627 0.3586 0.0000 767.751 22.356 321.549
3824 0.000000 0 0.7448 0.5781 0.3332 0.9627 0.3586 0.0000 767.751 22.356 321.549
3825 0.000000 0 0.7448 0.5781 0.3332 0.9627 0.3586 0.0000 767.751 22.356 321.549
3826 0.000000 0 0.7448 0.5781 0.3332 0.9627 0.3586 0.0000 767.751 22.356 321.549
3827 0.000000 0 0.7448 0.5781 0.3332 0.9627 0.3586 0.0000 767.751 22.356 321.549
3828 0.000000 0 0.7448 0.5782 0.3332 0.9627 0.3586 0.0000 767.751 22.356 321.549
3829 0.000000 0 0.7448 0.5782 0.3332 0.9627 0.3586 0.0000 767.751 22.356 321.549
3830 0.000000 0 0.7448 0.5782 0.3332 0.9627 0.3586 0.0000 767.751 22.356 321.549
3831 0.000000 0 0.7448 0.5782 0.3332 0.9627 0.3586 0.0000 767.751 22.356 321.549
3832 0.000000 0 0.7448 0.5782 0.3332 0.9627 0.3586 0.0000 767.751 22.356 321.549
3833 0.000000 0 0.7448 0.5782 0.3332 0.9627 0.3586 0.0000 767.751 22.356 321.549
3834 0.000000 0 0.7447 0.5782 0.3332 0.9627 0.3586 0.0000 767.751 22.356 321.549
3835 0.000000 0 0.7447 0.5782 0.3332 0.9627 0.3586 0.0000 767.751 22.356 321.549
3836 0.000000 0 0.7447 0.5782 0.3332 0.9627 0.3586 0.0000 767.751 22.356 321.549
3837 0.000000 0 0.7447 0.5782 0.3332 0.9627 0.3586 0.0000 767.751 22.356 321.549
3838 0.000000 0 0.7447 0.5782 0.3332 0.9627 0.3586 0.0000 767.751 22.356 321.549
3839 0.000000 0 0.7447 0.5782 0.3332 0.9627 0.3586 0.0000 767.751 22.356 321.549
3840 0.000000 0 0.7447 0.5783 0.3332 0.9627 0.3586 0.0000 767.751 22.356 321.549
3841 0.000000 0 0.7447 0.5783 0.3332 0.9627 0.3586 0.0000 767.751 22.356 321.549
3842 0.000000 0 0.7447 0.5783 0.3332 0.9627 0.3586 0.0000 767.751 22.356 321.549
3843 0.000000 0 0.7447 0.5783 0.3332 0.9627 0.3586 0.0000 767.751 22.356 321.549
3844 0.000000 0 0.7447 0.5783 0.3332 0.9627 0.3586 0.0000 767.751 22.356 321.549
3845 0.000000 0 0.7447 0.5783 0.3332 0.9627 0.3586 0.0000 767.751 22.356 321.549
3846 0.000000 0 0.7447 0.5783 0.3332 0.9627 0.3586 0.0000 767.751 22.356 321.549
3847 0.000000 0 0.7447 0.5783 0.3332 0.9627 0.3586 0.0000 767.751 22.356 321.549
3848 0.000000 0 0.7447 0.5783 0.3332 0.9627 0.3586 0.0000 767.751 22.356 321.549
3849 0.000000 0 0.7446 0.5783 0.3332 0.9627 0.3586 0.0000 767.751 22.356 321.549
3850 0.000000 0 0.7446 0.5783 0.3332 0.9627 0.3586 0.0000 767.751 22.356 321.549
3851 0.000000 0 0.7446 0.5784 0.3332 0.9627 0.3586 0.0000 767.751 22.356 321.549
3852 0.000000 0 0.7446 0.5784 0.3332 0.9627 0.3586 0.0000 767.751 22.356 321.549
3853 0.000000 0 0.7446 0.5784 0.3332 0.9627 0.3586 0.0000 767.751 22.356 321.549
3854 0.000000 0 0.7446 0.5784 0.3332 0.9627 0.3586 0.0000 767.751 22.356 321.549
3855 0.000000 0 0.7446 0.5784 0.3332 0.9627 0.3586 0.0000 767.751 22.356 321.549
3856 0.000000 0 0.7446 0.5784 0.3332 0.9627 0.3586 0.0000 767.751 22.356 321.549
3857 0.000000 0 0.7446 0.5784 0.3332 0.9627 0.3586 0.0000 767.751 22.356 321.549
3858 0.000000 0 0.7446 0.5784 0.3332 0.9627 0.3586 0.0000 767.751 22.356 321.549
3859 0.000000 0 0.7446 0.5784 0.3332 0.9627 0.3586 0.0000 767.751 22.356 321.549
3860 0.000000 0 0.7446 0.5784 0.3332 0.9627 0.3586 0.0000 767.751 22.356 321.549
3861 0.000000 0 0.7446 0.5784 0.3332 0.9627 0.3586 0.0000 767.751 22.356 321.549
3862 0.000000 0 0.7446 0.5785 0.3332 0.9627 0.3586 0.0000 767.751 22.356 321.549
3863 0.000000 0 0.7446 0.5785 0.3332 0.9627 0.3586 0.0000 767.751 22.356 321.549
3864 0.000000 0 0.7446 0.5785 0.3332 0.9627 0.3586 0.0000 767.751 22.356 321.549
3865 0.000000 0 0.7446 0.5785 0.3332 0.9627 0.3586 0.0000 767.751 22.356 321.549
3866 0.000000 0 0.7445 0.5785 0.3332 0.9627 0.3586 0.0000 767.751 22.356 321.549
3867 0.000000 0 0.7445 0.5785 0.3332 0.9627 0.3586 0.0000 767.751 22.356 321.549
3868 0.000000 0 0.7445 0.5785 0.3332 0.9627 0.3586 0.0000 767.751 22.356 321.549
3869 0.000000 0 0.7445 0.5785 0.3332 0.9627 0.3586 0.0000 767.751 22.356 321.549
3870 0.000000 0 0.7445 0.5785 0.3332 0.9627 0.3586 0.0000 767.751 22.356 321.549
3871 0.000000 0 0.7445 0.5785 0.3332 0.9627 0.3586 0.0000 767.751 22.356 321.549
3872 0.000000 0 0.7445 0.5785 0.3332 0.9627 0.3586 0.0000 767.751 22.356 321.549
3873 0.000000 0 0.7445 0.5785 0.3332 0.9627 0.3586 0.0000 767.751 22.356 321.549
3874 0.000000 0 0.7445 0.5786 0.3332 0.9627 0.3586 0.0000 767.751 22.356 321.549
3875 0.000000 0 0.7445 0.5786 0.3332 0.9627 0.3586 0.0000 767.751 22.356 321.549
3876 0.000000 0 0.7445 0.5786 0.3332 0.9627 0.3586 0.0000 767.751 22.356 321.549
3877 0.000000 0 0.7445 0.5786 0.3332 0.9627 0.3586 0.0000 767.751 22.356 321.549
3878 0.000000 0 0.7445 0.5786 0.3332 0.9627 0.3586 0.0000 767.751 22.356 321.549
3879 0.000000 0 0.7445 0.5786 0.3332 0.9627 0.3586 0.0000 767.751 22.356 321.549
3880 0.000000 0 0.7445 0.5786 0.3332 0.9627 0.3586 0.0000 767.751 22.356 321.549
3881 0.000000 0 0.7445 0.5786 0.3332 0.9627 0.3586 0.0000 767.751 22.356 321.549
3882 0.000000 0 0.7444 0.5786 0.3332 0.9627 0.3586 0.0000 767.751 22.356 321.549
3883 0.000000 0 0.7444 0.5786 0.3332 0.9627 0.3586 0.0000 767.751 22.356 321.549
3884 0.000000 0 0.7444 0.5786 0.3332 0.9627 0.3586 0.0000 767.751 22.356 321.549
3885 0.000000 0 0.7444 0.5787 0.3332 0.9627 0.3586 0.0000 767.751 22.356 321.549
3886 0.000000 0 0.7444 0.5787 0.3332 0.9627 0.3586 0.0000 767.751 22.356 321.549
3887 0.000000 0 0.7444 0.5787 0.3332 0.9627 0.3586 0.0000 767.751 22.356 321.549
3888 0.000000 0 0.7444 0.5787 0.3332 0.9627 0.3586 0.0000 767.751 22.356 321.549
3889 0.000000 0 0.7444 0.5787 0.3331 0.9627 0.3586 0.0000 767.751 22.356 321.549
3890 0.000000 0 0.7444 0.5787 0.3331 0.9627 0.3586 0.0000 767.751 22.356 321.549
3891 0.000000 0 0.7444 0.5787 0.3331 0.9627 0.3586 0.0000 767.751 22.356 321.549
3892 0.000000 0 0.7444 0.5787 0.3331 0.9627 0.3586 0.0000 767.751 22.356 321.549
3893 0.000000 0 0.7444 0.5787 0.3331 0.9627 0.3586 0.0000 767.751 22.356 321.549
3894 0.000000 0 0.7444 0.5787 0.3331 0.9627 0.3586 0.0000 767.751 22.356 321.549
3895 0.000000 0 0.7444 0.5787 0.3331 0.9627 0.3586 0.0000 767.751 22.356 321.549
3896 0.000000 0 0.7444 0.5787 0.3331 0.9627 0.3586 0.0000 767.751 22.356 321.549
3897 0.000000 0 0.7444 0.5788 0.3331 0.9627 0.3586 0.0000 767.751 22.356 321.549
3898 0.000000 0 0.7443 0.5788 0.3331 0.9627 0.3586 0.0000 767.751 22.356 321.549
3899 0.000000 0 0.7443 0.5788 0.3331 0.9627 0.3586 0.0000 767.751 22.356 321.549
3900 0.000000 0 0.7443 0.5788 0.3331 0.9627 0.3586 0.0000 767.751 22.356 321.549
3901 0.000000 0 0.7443 0.5788 0.3331 0.9627 0.3586 0.0000 767.751 22.356 321.549
3902 0.000000 0 0.7443 0.5788 0.3331 0.9627 0.3586 0.0000 767.751 22.356 321.549
3903 0.000000 0 0.7443 0.5788 0.3331 0.9627 0.3586 0.0000 767.751 22.356 321.549
3904 0.000000 0 0.7443 0.5788 0.3331 0.9627 0.3586 0.0000 767.751 22.356 321.549
3905 0.000000 0 0.7443 0.5788 0.3331 0.9627 0.3586 0.0000 767.751 22.356 321.549
3906 0.000000 0 0.7443 0.5788 0.3331 0.9627 0.3586 0.0000 767.751 22.356 321.549
3907 0.000000 0 0.7443 0.5788 0.3331 0.9627 0.3586 0.0000 767.751 22.356 321.549
3908 0.000000 0 0.7443 0.5789 0.3331 0.9627 0.3586 0.0000 767.751 22.356 321.549
3909 0.000000 0 0.7443 0.5789 0.3331 0.9627 0.3586 0.0000 767.751 22.356 321.549
3910 0.000000 0 0.7443 0.5789 0.3331 0.9627 0.3586 0.0000 767.751 22.356 321.549
3911 0.000000 0 0.7443 0.5789 0.3331 0.9627 0.3586 0.0000 767.751 22.356 321.549
3912 0.000000 0 0.7443 0.5789 0.3331 0.9627 0.3586 0.0000 767.751 22.356 321.549
3913 0.000000 0 0.7443 0.5789 0.3331 0.9627 0.3586 0.0000 767.751 22.356 321.549
3914 0.000000 0 0.7442 0.5789 0.3331 0.9627 0.3586 0.0000 767.751 22.356 321.549
3915 0.000000 0 0.7442 0.5789 0.3331 0.9627 0.3586 0.0000 767.751 22.356 321.549
3916 0.000000 0 0.7442 0.5789 0.3331 0.9627 0.3586 0.0000 767.751 22.356 321.549
3917 0.000000 0 0.7442 0.5789 0.3331 0.9627 0.3586 0.0000 767.751 22.356 321.549
3918 0.000000 0 0.7442 0.5789 0.3331 0.9627 0.3586 0.0000 767.751 22.356 321.549
3919 0.000000 0 0.7442 0.5789 0.3331 0.9627 0.3586 0.0000 767.751 22.356 321.549
3920 0.000000 0 0.7442 0.5790 0.3331 0.9627 0.3586 0.0000 767.751 22.356 321.549
3921 0.000000 0 0.7442 0.5790 0.3331 0.9627 0.3586 0.0000 767.751 22.356 321.549
3922 0.000000 0 0.7442 0.5790 0.3331 0.9627 0.3586 0.0000 767.751 22.356 321.549
3923 0.000000 0 0.7442 0.5790 0.3331 0.9627 0.3586 0.0000 767.751 22.356 321.549
3924 0.000000 0 0.7442 0.5790 0.3331 0.9627 0.3586 0.0000 767.751 22.356 321.549
3925 0.000000 0 0.7442 0.5790 0.3331 0.9627 0.3586 0.0000 767.751 22.356 321.549
3926 0.000000 0 0.7442 0.5790 0.3331 0.9627 0.3586 0.0000 767.751 22.356 321.549
3927 0.000000 0 0.7442 0.5790 0.3331 0.9627 0.3586 0.0000 767.751 22.356 321.549
3928 0.000000 0 0.7442 0.5790 0.3331 0.9627 0.3586 0.0000 767.751 22.356 321.549
3929 0.000000 0 0.7442 0.5790 0.3331 0.9627 0.3586 0.0000 767.751 22.356 321.549
3930 0.000000 0 0.7441 0.5790 0.3331 0.9627 0.3586 0.0000 767.751 22.356 321.549
3931 0.000000 0 0.7441 0.5790 0.3331 0.9627 0.3586 0.0000 767.751 22.356 321.549
3932 0.000000 0 0.7441 0.5791 0.3331 0.9627 0.3586 0.0000 767.751 22.356 321.549
3933 0.000000 0 0.7441 0.5791 0.3331 0.9627 0.3586 0.0000 767.751 22.356 321.549
3934 0.000000 0 0.7441 0.5791 0.3331 0.9627 0.3586 0.0000 767.751 22.356 321.549
3935 0.000000 0 0.7441 0.5791 0.3331 0.9627 0.3586 0.0000 767.751 22.356 321.549
3936 0.000000 0 0.7441 0.5791 0.3331 0.9627 0.3586 0.0000 767.751 22.356 321.549
3937 0.000000 0 0.7441 0.5791 0.3331 0.9627 0.3586 0.0000 767.751 22.356 321.549
3938 0.000000 0 0.7441 0.5791 0.3331 0.9627 0.3586 0.0000 767.751 22.356 321.549
3939 0.000000 0 0.7441 0.5791 0.3331 0.9627 0.3586 0.0000 767.751 22.356 321.549
3940 0.000000 0 0.7441 0.5791 0.3331 0.9627 0.3586 0.0000 767.751 22.356 321.549
3941 0.000000 0 0.7441 0.5791 0.3331 0.9627 0.3586 0.0000 767.751 22.356 321.549
3942 0.000000 0 0.7441 0.5791 0.3331 0.9627 0.3586 0.0000 767.751 22.356 321.549
3943 0.000000 0 0.7441 0.5792 0.3331 0.9627 0.3586 0.0000 767.751 22.356 321.549
3944 0.000000 0 0.7441 0.5792 0.3331 0.9627 0.3586 0.0000 767.751 22.356 321.549
3945 0.000000 0 0.7441 0.5792 0.3331 0.9627 0.3586 0.0000 767.751 22.356 321.549
3946 0.000000 0 0.7440 0.5792 0.3331 0.9627 0.3586 0.0000 767.751 22.356 321.549
3947 0.000000 0 0.7440 0.5792 0.3331 0.9627 0.3586 0.0000 767.751 22.356 321.549
3948 0.000000 0 0.7440 0.5792 0.3331 0.9627 0.3586 0.0000 767.751 22.356 321.549
3949 0.000000 0 0.7440 0.5792 0.3331 0.9627 0.3586 0.0000 767.751 22.356 321.549
3950 0.000000 0 0.7440 0.5792 0.3331 0.9627 0.3586 0.0000 767.751 22.356 321.549
3951 0.000000 0 0.7440 0.5792 0.3331 0.9627 0.3586 0.0000 767.751 22.356 321.549
3952 0.000000 0 0.7440 0.5792 0.3331 0.9627 0.3586 0.0000 767.751 22.356 321.549
3953 0.000000 0 0.7440 0.5792 0.3331 0.9627 0.3586 0.0000 767.751 22.356 321.549
3954 0.000000 0 0.7440 0.5792 0.3331 0.9627 0.3586 0.0000 767.751 22.356 321.549
3955 0.000000 0 0.7440 0.5793 0.3331 0.9627 0.3586 0.0000 767.751 22.356 321.549
3956 0.000000 0 0.7440 0.5793 0.3331 0.9627 0.3586 0.0000 767.751 22.356 321.549
3957 0.000000 0 0.7440 0.5793 0.3331 0.9627 0.3586 0.0000 767.751 22.356 321.549
3958 0.000000 0 0.7440 0.5793 0.3331 0.9627 0.3586 0.0000 767.751 22.356 321.549
3959 0.000000 0 0.7440 0.5793 0.3331 0.9627 0.3586 0.0000 767.751 22.356 321.549
3960 0.000000 0 0.7440 0.5793 0.3331 0.9627 0.3586 0.0000 767.751 22.356 321.549
3961 0.000000 0 0.7440 0.5793 0.3331 0.9627 0.3586 0.0000 767.751 22.356 321.549
3962 0.000000 0 0.7439 0.5793 0.3331 0.9627 0.3586 0.0000 767.751 22.356 321.549
3963 0.000000 0 0.7439 0.5793 0.3331 0.9627 0.3586 0.0000 767.751 22.356 321.549
3964 0.000000 0 0.7439 0.5793 0.3331 0.9627 0.3586 0.0000 767.751 22.356 321.549
3965 0.000000 0 0.7439 0.5793 0.3331 0.9627 0.3586 0.0000 767.751 22.356 321.549
3966 0.000000 0 0.7439 0.5794 0.3331 0.9627 0.3586 0.0000 767.751 22.356 321.549
3967 0.000000 0 0.7439 0.5794 0.3331 0.9627 0.3586 0.0000 767.751 22.356 321.549
3968 0.000000 0 0.7439 0.5794 0.3331 0.9627 0.3586 0.0000 767.751 22.356 321.549
3969 0.000000 0 0.7439 0.5794 0.3331 0.9627 0.3586 0.0000 767.751 22.356 321.549
3970 0.000000 0 0.7439 0.5794 0.3331 0.9627 0.3586 0.0000 767.751 22.356 321.549
3971 0.000000 0 0.7439 0.5794 0.3331 0.9627 0.3586 0.0000 767.751 22.356 321.549
3972 0.000000 0 0.7439 0.5794 0.3331 0.9627 0.3586 0.0000 767.751 22.356 321.549
3973 0.000000 0 0.7439 0.5794 0.3331 0.9627 0.3586 0.0000 767.751 22.356 321.549
3974 0.000000 0 0.7439 0.5794 0.3330 0.9627 0.3586 0.0000 767.751 22.356 321.549
3975 0.000000 0 0.7439 0.5794 0.3330 0.9627 0.3586 0.0000 767.751 22.356 321.549
3976 0.000000 0 0.7439 0.5794 0.3330 0.9627 0.3586 0.0000 767.751 22.356 321.549
3977 0.000000 0 0.7438 0.5795 0.3330 0.9627 0.3586 0.0000 767.751 22.356 321.549
3978 0.000000 0 0.7438 0.5795 0.3330 0.9627 0.3586 0.0000 767.751 22.356 321.549
3979 0.000000 0 0.7438 0.5795 0.3330 0.9627 0.3586 0.0000 767.751 22.356 321.549
3980 0.000000 0 0.7438 0.5795 0.3330 0.9627 0.3586 0.0000 767.751 22.356 321.549
3981 0.000000 0 0.7438 0.5795 0.3330 0.9627 0.3586 0.0000 767.751 22.356 321.549
3982 0.000000 0 0.7438 0.5795 0.3330 0.9627 0.3586 0.0000 767.751 22.356 321.549
3983 0.000000 0 0.7438 0.5795 0.3330 0.9627 0.3586 0.0000 767.751 22.356 321.549
3984 0.000000 0 0.7438 0.5795 0.3330 0.9627 0.3586 0.0000 767.751 22.356 321.549
3985 0.000000 0 0.7438 0.5795 0.3330 0.9627 0.3586 0.0000 767.751 22.356 321.549
3986 0.000000 0 0.7438 0.5795 0.3330 0.9627 0.3586 0.0000 767.751 22.356 321.549
3987 0.000000 0 0.7438 0.5795 0.3330 0.9627 0.3586 0.0000 767.751 22.356 321.549
3988 0.000000 0 0.7438 0.5795 0.3330 0.9627 0.3586 0.0000 767.751 22.356 321.549
3989 0.000000 0 0.7438 0.5796 0.3330 0.9627 0.3586 0.0000 767.751 22.356 321.549
3990 0.000000 0 0.7438 0.5796 0.3330 0.9627 0.3586 0.0000 767.751 22.356 321.549
3991 0.000000 0 0.7438 0.5796 0.3330 0.9627 0.3586 0.0000 767.751 22.356 321.549
3992 0.000000 0 0.7438 0.5796 0.3330 0.9627 0.3586 0.0000 767.751 22.356 321.549
3993 0.000000 0 0.7438 0.5796 0.3330 0.9627 0.3586 0.0000 767.751 22.356 321.549
3994 0.000000 0 0.7437 0.5796 0.3330 0.9627 0.3586 0.0000 767.751 22.356 321.549
3995 0.000000 0 0.7437 0.5796 0.3330 0.9627 0.3586 0.0000 767.751 22.356 321.549
3996 0.000000 0 0.7437 0.5796 0.3330 0.9627 0.3586 0.0000 767.751 22.356 321.549
3997 0.000000 0 0.7437 0.5796 0.3330 0.9627 0.3586 0.0000 767.751 22.356 321.549
3998 0.000000 0 0.7437 0.5796 0.3330 0.9627 0.3586 0.0000 767.751 22.356 321.549
3999 0.000000 0 0.7437 0.5796 0.3330 0.9627 0.3586 0.0000 767.751 22.356 321.549
4000 0.000000 0 0.7437 0.5796 0.3330 0.9627 0.3586 0.0000 767.751 22.356 321.549
4001 0.000000 0 0.7437 0.5797 0.3330 0.9627 0.3586 0.0000 767.751 22.356 321.549
4002 0.000000 0 0.7437 0.5797 0.3330 0.9627 0.3586 0.0000 767.751 22.356 321.549
4003 0.000000 0 0.7437 0.5797 0.3330 0.9627 0.3586 0.0000 767.751 22.356 321.549
4004 0.000000 0 0.7437 0.5797 0.3330 0.9627 0.3586 0.0000 767.751 22.356 321.549
4005 0.000000 0 0.7437 0.5797 0.3330 0.9627 0.3586 0.0000 767.751 22.356 321.549
4006 0.000000 0 0.7437 0.5797 0.3330 0.9627 0.3586 0.0000 767.751 22.356 321.549
4007 0.000000 0 0.7437 0.5797 0.3330 0.9627 0.3586 0.0000 767.751 22.356 321.549
4008 0.000000 0 0.7437 0.5797 0.3330 0.9627 0.3586 0.0000 767.751 22.356 321.549
4009 0.000000 0 0.7437 0.5797 0.3330 0.9627 0.3586 0.0000 767.751 22.356 321.549
4010 0.000000 0 0.7436 0.5797 0.3330 0.9627 0.3586 0.0000 767.751 22.356 321.549
4011 0.000000 0 0.7436 0.5798 0.3330 0.9627 0.3586 0.0000 767.751 22.356 321.549
4012 0.000000 0 0.7436 0.5798 0.3330 0.9627 0.3586 0.0000 767.751 22.356 321.549
4013 0.000000 0 0.7436 0.5798 0.3330 0.9627 0.3586 0.0000 767.751 22.356 321.549
4014 0.000000 0 0.7436 0.5798 0.3330 0.9627 0.3586 0.0000 767.750 22.369 321.549
4015 0.000000 0 0.7436 0.5798 0.3330 0.9627 0.3586 0.0000 767.750 22.390 321.550
4016 0.000000 0 0.7436 0.5798 0.3330 0.9627 0.3586 0.0000 767.749 22.407 321.550
4017 0.000000 0 0.7436 0.5798 0.3330 0.9627 0.3586 0.0000 767.749 22.433 321.551
4018 0.000000 0 0.7436 0.5798 0.3330 0.9627 0.3586 0.0000 767.748 22.456 321.552
4019 0.000000 0 0.7436 0.5798 0.3330 0.9627 0.3586 0.0000 767.748 22.475 321.552
4020 0.000000 0 0.7436 0.5798 0.3330 0.9627 0.3586 0.0000 767.747 22.500 321.553
4021 0.000000 0 0.7436 0.5798 0.3330 0.9627 0.3586 0.0000 767.747 22.513 321.553
4022 0.000000 0 0.7436 0.5798 0.3330 0.9627 0.3586 0.0000 767.746 22.532 321.553
4023 0.000000 0 0.7436 0.5799 0.3330 0.9627 0.3586 0.0000 767.746 22.558 321.554
4024 0.000000 0 0.7436 0.5799 0.3330 0.9627 0.3586 0.0000 767.745 22.580 321.555
4025 0.000000 0 0.7436 0.5799 0.3330 0.9627 0.3586 0.0000 767.745 22.596 321.555
4026 0.000000 0 0.7435 0.5799 0.3330 0.9627 0.3586 0.0000 767.744 22.616 321.556
4027 0.000000 0 0.7435 0.5799 0.3330 0.9627 0.3586 0.0000 767.744 22.634 321.556
4028 0.000000 0 0.7435 0.5799 0.3330 0.9627 0.3586 0.0000 767.743 22.653 321.556
4029 0.000000 0 0.7435 0.5799 0.3330 0.9627 0.3586 0.0000 767.743 22.676 321.557
4030 0.000000 0 0.7435 0.5799 0.3330 0.9627 0.3586 0.0000 767.742 22.694 321.557
4031 0.000000 0 0.7435 0.5799 0.3330 0.9627 0.3586 0.0000 767.742 22.709 321.558
4032 0.000000 0 0.7435 0.5799 0.3330 0.9627 0.3586 0.0000 767.741 22.727 321.558
4033 0.000000 0 0.7435 0.5799 0.3330 0.9627 0.3586 0.0000 767.741 22.745 321.559
4034 0.000000 0 0.7435 0.5799 0.3330 0.9627 0.3586 0.0000 767.740 22.765 321.559
4035 0.000000 0 0.7435 0.5800 0.3330 0.9627 0.3586 0.0000 767.740 22.780 321.560
4036 0.000000 0 0.7435 0.5800 0.3330 0.9627 0.3586 0.0000 767.740 22.801 321.560
4037 0.000000 0 0.7435 0.5800 0.3330 0.9627 0.3586 0.0000 767.739 22.816 321.560
4038 0.000000 0 0.7435 0.5800 0.3330 0.9627 0.3586 0.0000 767.739 22.830 321.561
4039 0.000000 0 0.7435 0.5800 0.3330 0.9627 0.3586 0.0000 767.738 22.848 321.561
4040 0.000000 0 0.7435 0.5800 0.3330 0.9627 0.3586 0.0000 767.738 22.865 321.562
4041 0.000000 0 0.7435 0.5800 0.3330 0.9627 0.3586 0.0000 767.738 22.878 321.562
4042 0.000000 0 0.7434 0.5800 0.3330 0.9627 0.3586 0.0000 767.737 22.894 321.562
4043 0.000000 0 0.7434 0.5800 0.3330 0.9627 0.3586 0.0000 767.737 22.912 321.563
4044 0.000000 0 0.7434 0.5800 0.3330 0.9627 0.3586 0.0000 767.736 22.927 321.563
4045 0.000000 0 0.7434 0.5801 0.3330 0.9627 0.3586 0.0000 767.736 22.946 321.564
4046 0.000000 0 0.7434 0.5801 0.3330 0.9627 0.3586 0.0000 767.735 22.961 321.564
4047 0.000000 0 0.7434 0.5801 0.3330 0.9627 0.3586 0.0000 767.735 22.976 321.565
4048 0.000000 0 0.7434 0.5801 0.3330 0.9627 0.3586 0.0000 767.735 22.990 321.565
4049 0.000000 0 0.7434 0.5801 0.3330 0.9627 0.3586 0.0000 767.734 23.006 321.565
4050 0.000000 0 0.7434 0.5801 0.3330 0.9627 0.3586 0.0000 767.734 23.018 321.566
4051 0.000000 0 0.7434 0.5801 0.3330 0.9627 0.3586 0.0000 767.734 23.029 321.566
4052 0.000000 0 0.7434 0.5801 0.3330 0.9627 0.3586 0.0000 767.734 23.038 321.566
4053 0.000000 0 0.7434 0.5801 0.3330 0.9627 0.3586 0.0000 767.733 23.052 321.566
4054 0.000000 0 0.7434 0.5801 0.3330 0.9627 0.3586 0.0000 767.733 23.063 321.567
4055 0.000000 0 0.7434 0.5801 0.3330 0.9627 0.3586 0.0000 767.733 23.075 321.567
4056 0.000000 0 0.7433 0.5802 0.3330 0.9627 0.3586 0.0000 767.732 23.093 321.567
4057 0.000000 0 0.7433 0.5802 0.3330 0.9627 0.3586 0.0000 767.732 23.099 321.568
4058 0.000000 0 0.7433 0.5802 0.3329 0.9627 0.3586 0.0000 767.732 23.107 321.568
4059 0.000000 0 0.7433 0.5802 0.3329 0.9627 0.3586 0.0000 767.732 23.115 321.568
4060 0.000000 0 0.7433 0.5802 0.3329 0.9627 0.3586 0.0000 767.731 23.125 321.568
4061 0.000000 0 0.7433 0.5802 0.3329 0.9627 0.3586 0.0000 767.731 23.137 321.569
4062 0.000000 0 0.7433 0.5802 0.3329 0.9627 0.3586 0.0000 767.731 23.146 321.569
4063 0.000000 0 0.7433 0.5802 0.3329 0.9627 0.3586 0.0000 767.731 23.153 321.569
4064 0.000000 0 0.7433 0.5802 0.3329 0.9627 0.3586 0.0000 767.730 23.166 321.569
4065 0.000000 0 0.7433 0.5802 0.3329 0.9627 0.3586 0.0000 767.730 23.173 321.570
4066 0.000000 0 0.7433 0.5802 0.3329 0.9627 0.3586 0.0000 767.730 23.182 321.570
4067 0.000000 0 0.7433 0.5802 0.3329 0.9627 0.3586 0.0000 767.730 23.192 321.570
4068 0.000000 0 0.7433 0.5803 0.3329 0.9627 0.3586 0.0000 767.730 23.200 321.570
4069 0.000000 0 0.7433 0.5803 0.3329 0.9627 0.3586 0.0000 767.729 23.207 321.570
4070 0.000000 0 0.7433 0.5803 0.3329 0.9627 0.3586 0.0000 767.729 23.217 321.571
4071 0.000000 0 0.7433 0.5803 0.3329 0.9627 0.3586 0.0000 767.729 23.222 321.571
4072 0.000000 0 0.7433 0.5803 0.3329 0.9627 0.3586 0.0000 767.729 23.227 321.571
4073 0.000000 0 0.7432 0.5803 0.3329 0.9627 0.3586 0.0000 767.729 23.236 321.571
4074 0.000000 0 0.7432 0.5803 0.3329 0.9627 0.3586 0.0000 767.729 23.242 321.571
4075 0.000000 0 0.7432 0.5803 0.3329 0.9627 0.3586 0.0000 767.728 23.248 321.571
4076 0.000000 0 0.7432 0.5803 0.3329 0.9627 0.3586 0.0000 767.728 23.255 321.572
4077 0.000000 0 0.7432 0.5803 0.3329 0.9627 0.3586 0.0000 767.728 23.259 321.572
4078 0.000000 0 0.7432 0.5803 0.3329 0.9627 0.3586 0.0000 767.728 23.264 321.572
4079 0.000000 0 0.7432 0.5803 0.3329 0.9627 0.3586 0.0000 767.728 23.269 321.572
4080 0.000000 0 0.7432 0.5804 0.3329 0.9627 0.3586 0.0000 767.728 23.276 321.572
4081 0.000000 0 0.7432 0.5804 0.3329 0.9627 0.3586 0.0000 767.728 23.282 321.572
4082 0.000000 0 0.7432 0.5804 0.3329 0.9627 0.3586 0.0000 767.727 23.287 321.572
4083 0.000000 0 0.7432 0.5804 0.3329 0.9627 0.3586 0.0000 767.727 23.290 321.572
4084 0.000000 0 0.7432 0.5804 0.3329 0.9627 0.3586 0.0000 767.727 23.294 321.573
4085 0.000000 0 0.7432 0.5804 0.3329 0.9627 0.3586 0.0000 767.727 23.298 321.573
4086 0.000000 0 0.7432 0.5804 0.3329 0.9627 0.3586 0.0000 767.727 23.301 321.573
4087 0.000000 0 0.7432 0.5804 0.3329 0.9627 0.3586 0.0000 767.727 23.303 321.573
4088 0.000000 0 0.7431 0.5804 0.3329 0.9627 0.3586 0.0000 767.727 23.306 321.573
4089 0.000000 0 0.7431 0.5804 0.3329 0.9627 0.3586 0.0000 767.727 23.308 321.573
4090 0.000000 0 0.7431 0.5804 0.3329 0.9627 0.3586 0.0000 767.727 23.310 321.573
4091 0.000000 0 0.7431 0.5805 0.3329 0.9627 0.3586 0.0000 767.727 23.312 321.573
4092 0.000000 0 0.7431 0.5805 0.3329 0.9627 0.3586 0.0000 767.727 23.314 321.573
4093 0.000000 0 0.7431 0.5805 0.3329 0.9627 0.3586 0.0000 767.727 23.315 321.573
4094 0.000000 0 0.7431 0.5805 0.3329 0.9627 0.3586 0.0000 767.727 23.316 321.573
4095 0.000000 0 0.7431 0.5805 0.3329 0.9627 0.3586 0.0000 767.727 23.316 321.573
4096 0.000000 0 0.7431 0.5805 0.3329 0.9627 0.3586 0.0000 767.727 23.317 321.573
4097 0.000000 0 0.7431 0.5805 0.3329 0.9627 0.3586 0.0000 767.727 23.317 321.573
4098 0.000000 0 0.7431 0.5805 0.3329 0.9627 0.3586 0.0000 767.727 23.317 321.573
4099 0.000000 0 0.7431 0.5805 0.3329 0.9627 0.3586 0.0000 767.727 23.317 321.573
4100 0.000000 0 0.7431 0.5805 0.3329 0.9627 0.3586 0.0000 767.727 23.316 321.573
4101 0.000000 0 0.7431 0.5805 0.3329 0.9627 0.3586 0.0000 767.727 23.315 321.573
4102 0.000000 0 0.7431 0.5806 0.3329 0.9627 0.3586 0.0000 767.727 23.314 321.573
4103 0.000000 0 0.7431 0.5806 0.3329 0.9627 0.3586 0.0000 767.727 23.312 321.573
4104 0.000000 0 0.7430 0.5806 0.3329 0.9627 0.3586 0.0000 767.727 23.310 321.573
4105 0.000000 0 0.7430 0.5806 0.3329 0.9627 0.3586 0.0000 767.727 23.309 321.573
4106 0.000000 0 0.7430 0.5806 0.3329 0.9627 0.3586 0.0000 767.727 23.307 321.573
4107 0.000000 0 0.7430 0.5806 0.3329 0.9627 0.3586 0.0000 767.727 23.303 321.573
4108 0.000000 0 0.7430 0.5806 0.3329 0.9627 0.3586 0.0000 767.727 23.301 321.573
4109 0.000000 0 0.7430 0.5806 0.3329 0.9627 0.3586 0.0000 767.727 23.298 321.573
4110 0.000000 0 0.7430 0.5806 0.3329 0.9627 0.3586 0.0000 767.727 23.294 321.573
4111 0.000000 0 0.7430 0.5806 0.3329 0.9627 0.3586 0.0000 767.727 23.289 321.572
4112 0.000000 0 0.7430 0.5806 0.3329 0.9627 0.3586 0.0000 767.727 23.284 321.572
4113 0.000000 0 0.7430 0.5807 0.3329 0.9627 0.3586 0.0000 767.727 23.281 321.572
4114 0.000000 0 0.7430 0.5807 0.3329 0.9627 0.3586 0.0000 767.727 23.276 321.572
4115 0.000000 0 0.7430 0.5807 0.3329 0.9627 0.3586 0.0000 767.728 23.269 321.572
4116 0.000000 0 0.7430 0.5807 0.3329 0.9627 0.3586 0.0000 767.728 23.265 321.572
4117 0.000000 0 0.7430 0.5807 0.3329 0.9627 0.3586 0.0000 767.728 23.260 321.572
4118 0.000000 0 0.7430 0.5807 0.3329 0.9627 0.3586 0.0000 767.728 23.255 321.572
4119 0.000000 0 0.7430 0.5807 0.3329 0.9627 0.3586 0.0000 767.728 23.248 321.572
4120 0.000000 0 0.7429 0.5807 0.3329 0.9627 0.3586 0.0000 767.728 23.243 321.572
4121 0.000000 0 0.7429 0.5807 0.3329 0.9627 0.3586 0.0000 767.728 23.236 321.572
4122 0.000000 0 0.7429 0.5807 0.3329 0.9627 0.3586 0.0000 767.729 23.228 321.571
4123 0.000000 0 0.7429 0.5807 0.3329 0.9627 0.3586 0.0000 767.729 23.222 321.571
4124 0.000000 0 0.7429 0.5807 0.3329 0.9627 0.3586 0.0000 767.729 23.213 321.571
4125 0.000000 0 0.7429 0.5808 0.3329 0.9627 0.3586 0.0000 767.729 23.207 321.571
4126 0.000000 0 0.7429 0.5808 0.3329 0.9627 0.3586 0.0000 767.729 23.197 321.571
4127 0.000000 0 0.7429 0.5808 0.3329 0.9627 0.3586 0.0000 767.729 23.189 321.570
4128 0.000000 0 0.7429 0.5808 0.3329 0.9627 0.3586 0.0000 767.730 23.180 321.570
4129 0.000000 0 0.7429 0.5808 0.3329 0.9627 0.3586 0.0000 767.730 23.167 321.569
4130 0.000000 0 0.7429 0.5808 0.3329 0.9627 0.3586 0.0000 767.731 23.158 321.569
4131 0.000000 0 0.7429 0.5808 0.3329 0.9627 0.3586 0.0000 767.731 23.149 321.569
4132 0.000000 0 0.7429 0.5808 0.3329 0.9627 0.3586 0.0000 767.731 23.140 321.569
4133 0.000000 0 0.7429 0.5808 0.3329 0.9627 0.3586 0.0000 767.731 23.131 321.569
4134 0.000000 0 0.7429 0.5808 0.3329 0.9627 0.3586 0.0000 767.731 23.117 321.569
4135 0.000000 0 0.7428 0.5808 0.3329 0.9627 0.3586 0.0000 767.732 23.111 321.568
4136 0.000000 0 0.7428 0.5809 0.3329 0.9627 0.3586 0.0000 767.732 23.100 321.568
4137 0.000000 0 0.7428 0.5809 0.3329 0.9627 0.3586 0.0000 767.732 23.087 321.568
4138 0.000000 0 0.7428 0.5809 0.3329 0.9627 0.3586 0.0000 767.732 23.078 321.568
4139 0.000000 0 0.7428 0.5809 0.3329 0.9627 0.3586 0.0000 767.732 23.067 321.568
4140 0.000000 0 0.7428 0.5809 0.3329 0.9627 0.3586 0.0000 767.732 23.059 321.567
4141 0.000000 0 0.7428 0.5809 0.3328 0.9627 0.3586 0.0000 767.733 23.045 321.567
4142 0.000000 0 0.7428 0.5809 0.3328 0.9627 0.3586 0.0000 767.734 23.032 321.566
4143 0.000000 0 0.7428 0.5809 0.3328 0.9627 0.3586 0.0000 767.734 23.020 321.566
4144 0.000000 0 0.7428 0.5809 0.3328 0.9627 0.3586 0.0000 767.734 23.004 321.566
4145 0.000000 0 0.7428 0.5809 0.3328 0.9627 0.3586 0.0000 767.734 22.994 321.566
4146 0.000000 0 0.7428 0.5809 0.3328 0.9627 0.3586 0.0000 767.734 22.980 321.566
4147 0.000000 0 0.7428 0.5810 0.3328 0.9627 0.3586 0.0000 767.735 22.964 321.565
4148 0.000000 0 0.7428 0.5810 0.3328 0.9627 0.3586 0.0000 767.736 22.954 321.564
4149 0.000000 0 0.7428 0.5810 0.3328 0.9627 0.3586 0.0000 767.736 22.929 321.564
4150 0.000000 0 0.7428 0.5810 0.3328 0.9627 0.3586 0.0000 767.736 22.924 321.564
4151 0.000000 0 0.7427 0.5810 0.3328 0.9627 0.3586 0.0000 767.736 22.913 321.564
4152 0.000000 0 0.7427 0.5810 0.3328 0.9627 0.3586 0.0000 767.736 22.900 321.564
4153 0.000000 0 0.7427 0.5810 0.3328 0.9627 0.3586 0.0000 767.737 22.879 321.563
4154 0.000000 0 0.7427 0.5810 0.3328 0.9627 0.3586 0.0000 767.738 22.859 321.562
4155 0.000000 0 0.7427 0.5810 0.3328 0.9627 0.3586 0.0000 767.738 22.845 321.561
4156 0.000000 0 0.7427 0.5810 0.3328 0.9627 0.3586 0.0000 767.738 22.828 321.561
4157 0.000000 0 0.7427 0.5810 0.3328 0.9627 0.3586 0.0000 767.738 22.802 321.561
4158 0.000000 0 0.7427 0.5811 0.3328 0.9627 0.3586 0.0000 767.739 22.782 321.561
4159 0.000000 0 0.7427 0.5811 0.3328 0.9627 0.3586 0.0000 767.740 22.765 321.560
4160 0.000000 0 0.7427 0.5811 0.3328 0.9627 0.3586 0.0000 767.741 22.749 321.559
4161 0.000000 0 0.7427 0.5811 0.3328 0.9627 0.3586 0.0000 767.741 22.683 321.559
4162 0.000000 0 0.7427 0.5811 0.3328 0.9627 0.3586 0.0000 767.741 22.560 321.559
4163 0.000000 0 0.7427 0.5811 0.3328 0.9627 0.3586 0.0000 767.741 22.443 321.559
4164 0.000000 0 0.7427 0.5811 0.3328 0.9627 0.3586 0.0000 767.742 22.356 321.558
4165 0.000000 0 0.7427 0.5811 0.3328 0.9627 0.3586 0.0000 767.745 22.354 321.555
4166 0.000000 0 0.7426 0.5811 0.3328 0.9627 0.3586 0.0000 767.748 22.351 321.552
4167 0.000000 0 0.7426 0.5811 0.3328 0.9627 0.3586 0.0000 767.751 22.348 321.549
4168 0.000000 0 0.7426 0.5811 0.3328 0.9627 0.3586 0.0000 767.751 22.343 321.549
4169 0.000000 0 0.7426 0.5812 0.3328 0.9627 0.3586 0.0000 767.751 22.340 321.549
4170 0.000000 0 0.7426 0.5812 0.3328 0.9627 0.3586 0.0000 767.751 22.335 321.549
4171 0.000000 0 0.7426 0.5812 0.3328 0.9627 0.3586 0.0000 767.751 22.329 321.549
4172 0.000000 0 0.7426 0.5812 0.3328 0.9627 0.3586 0.0000 767.751 22.322 321.549
4173 0.000000 0 0.7426 0.5812 0.3328 0.9627 0.3586 0.0000 767.751 22.316 321.549
4174 0.000000 0 0.7426 0.5812 0.3328 0.9627 0.3586 0.0000 767.751 22.309 321.549
4175 0.000000 0 0.7426 0.5812 0.3328 0.9627 0.3586 0.0000 767.751 22.304 321.549
4176 0.000000 0 0.7426 0.5812 0.3328 0.9627 0.3586 0.0000 767.751 22.297 321.549
4177 0.000000 0 0.7426 0.5812 0.3328 0.9627 0.3586 0.0000 767.751 22.291 321.549
4178 0.000000 0 0.7426 0.5812 0.3328 0.9627 0.3586 0.0000 767.751 22.289 321.549
4179 0.000000 0 0.7426 0.5812 0.3328 0.9627 0.3586 0.0000 767.751 22.285 321.549
4180 0.000000 0 0.7426 0.5812 0.3328 0.9627 0.3586 0.0000 767.751 22.284 321.549
4181 0.000000 0 0.7426 0.5813 0.3328 0.9627 0.3586 0.0000 767.751 22.283 321.549
4182 0.000000 0 0.7425 0.5813 0.3328 0.9627 0.3586 0.0000 767.751 22.282 321.549
4183 0.000000 0 0.7425 0.5813 0.3328 0.9627 0.3586 0.0000 767.751 22.281 321.549
4184 0.000000 0 0.7425 0.5813 0.3328 0.9627 0.3586 0.0000 767.751 22.282 321.549
4185 0.000000 0 0.7425 0.5813 0.3328 0.9627 0.3586 0.0000 767.751 22.282 321.549
4186 0.000000 0 0.7425 0.5813 0.3328 0.9627 0.3586 0.0000 767.751 22.284 321.549
4187 0.000000 0 0.7425 0.5813 0.3328 0.9627 0.3586 0.0000 767.751 22.285 321.549
4188 0.000000 0 0.7425 0.5813 0.3328 0.9627 0.3586 0.0000 767.751 22.287 321.549
4189 0.000000 0 0.7425 0.5813 0.3328 0.9627 0.3586 0.0000 767.751 22.290 321.549
4190 0.000000 0 0.7425 0.5813 0.3328 0.9627 0.3586 0.0000 767.751 22.293 321.549
4191 0.000000 0 0.7425 0.5814 0.3328 0.9627 0.3586 0.0000 767.751 22.297 321.549
4192 0.000000 0 0.7425 0.5814 0.3328 0.9627 0.3586 0.0000 767.751 22.299 321.549
4193 0.000000 0 0.7425 0.5814 0.3328 0.9627 0.3586 0.0000 767.751 22.302 321.549
4194 0.000000 0 0.7425 0.5814 0.3328 0.9627 0.3586 0.0000 767.751 22.305 321.549
4195 0.000000 0 0.7425 0.5814 0.3328 0.9627 0.3586 0.0000 767.751 22.308 321.549
4196 0.000000 0 0.7425 0.5814 0.3328 0.9627 0.3586 0.0000 767.751 22.313 321.549
4197 0.000000 0 0.7424 0.5814 0.3328 0.9627 0.3586 0.0000 767.751 22.316 321.549
4198 0.000000 0 0.7424 0.5814 0.3328 0.9627 0.3586 0.0000 767.751 22.322 321.549
4199 0.000000 0 0.7424 0.5814 0.3328 0.9627 0.3586 0.0000 767.751 22.323 321.549
4200 0.000000 0 0.7424 0.5814 0.3328 0.9627 0.3586 0.0000 767.751 22.326 321.549
4201 0.000000 0 0.7424 0.5814 0.3328 0.9627 0.3586 0.0000 767.751 22.329 321.549
4202 0.000000 0 0.7424 0.5814 0.3328 0.9627 0.3586 0.0000 767.751 22.333 321.549
4203 0.000000 0 0.7424 0.5815 0.3328 0.9627 0.3586 0.0000 767.751 22.336 321.549
4204 0.000000 0 0.7424 0.5815 0.3328 0.9627 0.3586 0.0000 767.751 22.340 321.549
4205 0.000000 0 0.7424 0.5815 0.3328 0.9627 0.3586 0.0000 767.751 22.341 321.549
4206 0.000000 0 0.7424 0.5815 0.3328 0.9627 0.3586 0.0000 767.751 22.343 321.549
4207 0.000000 0 0.7424 0.5815 0.3328 0.9627 0.3586 0.0000 767.751 22.345 321.549
4208 0.000000 0 0.7424 0.5815 0.3328 0.9627 0.3586 0.0000 767.751 22.348 321.549
4209 0.000000 0 0.7424 0.5815 0.3328 0.9627 0.3586 0.0000 767.751 22.348 321.549
4210 0.000000 0 0.7424 0.5815 0.3328 0.9627 0.3586 0.0000 767.751 22.349 321.549
4211 0.000000 0 0.7424 0.5815 0.3328 0.9627 0.3586 0.0000 767.751 22.350 321.549
4212 0.000000 0 0.7424 0.5815 0.3328 0.9627 0.3586 0.0000 767.751 22.351 321.549
4213 0.000000 0 0.7423 0.5815 0.3328 0.9627 0.3586 0.0000 767.751 22.352 321.549
4214 0.000000 0 0.7423 0.5816 0.3328 0.9627 0.3586 0.0000 767.751 22.352 321.549
4215 0.000000 0 0.7423 0.5816 0.3328 0.9627 0.3586 0.0000 767.751 22.353 321.549
4216 0.000000 0 0.7423 0.5816 0.3328 0.9627 0.3586 0.0000 767.751 22.353 321.549
4217 0.000000 0 0.7423 0.5816 0.3328 0.9627 0.3586 0.0000 767.751 22.354 321.549
4218 0.000000 0 0.7423 0.5816 0.3328 0.9627 0.3586 0.0000 767.751 22.354 321.549
4219 0.000000 0 0.7423 0.5816 0.3328 0.9627 0.3586 0.0000 767.751 22.355 321.549
4220 0.000000 0 0.7423 0.5816 0.3328 0.9627 0.3586 0.0000 767.751 22.355 321.549
4221 0.000000 0 0.7423 0.5816 0.3328 0.9627 0.3586 0.0000 767.751 22.355 321.549
4222 0.000000 0 0.7423 0.5816 0.3328 0.9627 0.3586 0.0000 767.751 22.356 321.549
4223 0.000000 0 0.7423 0.5816 0.3328 0.9627 0.3586 0.0000 767.751 22.356 321.549
4224 0.000000 0 0.7423 0.5816 0.3327 0.9627 0.3586 0.0000 767.751 22.356 321.549
4225 0.000000 0 0.7423 0.5816 0.3327 0.9627 0.3586 0.0000 767.751 22.356 321.549
4226 0.000000 0 0.7423 0.5817 0.3327 0.9627 0.3586 0.0000 767.751 22.356 321.549
4227 0.000000 0 0.7423 0.5817 0.3327 0.9627 0.3586 0.0000 767.751 22.356 321.549
4228 0.000000 0 0.7423 0.5817 0.3327 0.9627 0.3586 0.0000 767.751 22.356 321.549
4229 0.000000 0 0.7422 0.5817 0.3327 0.9627 0.3586 0.0000 767.751 22.356 321.549
4230 0.000000 0 0.7422 0.5817 0.3327 0.9627 0.3586 0.0000 767.751 22.356 321.549
4231 0.000000 0 0.7422 0.5817 0.3327 0.9627 0.3586 0.0000 767.751 22.356 321.549
4232 0.000000 0 0.7422 0.5817 0.3327 0.9627 0.3586 0.0000 767.751 22.356 321.549
4233 0.000000 0 0.7422 0.5817 0.3327 0.9627 0.3586 0.0000 767.751 22.356 321.549
4234 0.000000 0 0.7422 0.5817 0.3327 0.9627 0.3586 0.0000 767.751 22.356 321.549
4235 0.000000 0 0.7422 0.5817 0.3327 0.9627 0.3586 0.0000 767.751 22.356 321.549
4236 0.000000 0 0.7422 0.5817 0.3327 0.9627 0.3586 0.0000 767.751 22.356 321.549
4237 0.000000 0 0.7422 0.5818 0.3327 0.9627 0.3586 0.0000 767.751 22.356 321.549
4238 0.000000 0 0.7422 0.5818 0.3327 0.9627 0.3586 0.0000 767.751 22.356 321.549
4239 0.000000 0 0.7422 0.5818 0.3327 0.9627 0.3586 0.0000 767.751 22.356 321.549
4240 0.000000 0 0.7422 0.5818 0.3327 0.9627 0.3586 0.0000 767.751 22.356 321.549
4241 0.000000 0 0.7422 0.5818 0.3327 0.9627 0.3586 0.0000 767.751 22.356 321.549
4242 0.000000 0 0.7422 0.5818 0.3327 0.9627 0.3586 0.0000 767.751 22.356 321.549
4243 0.000000 0 0.7422 0.5818 0.3327 0.9627 0.3586 0.0000 767.751 22.356 321.549
4244 0.000000 0 0.7422 0.5818 0.3327 0.9627 0.3586 0.0000 767.751 22.356 321.549
4245 0.000000 0 0.7421 0.5818 0.3327 0.9627 0.3586 0.0000 767.751 22.356 321.549
4246 0.000000 0 0.7421 0.5818 0.3327 0.9627 0.3586 0.0000 767.751 22.356 321.549
4247 0.000000 0 0.7421 0.5818 0.3327 0.9627 0.3586 0.0000 767.751 22.356 321.549
4248 0.000000 0 0.7421 0.5818 0.3327 0.9627 0.3586 0.0000 767.751 22.356 321.549
4249 0.000000 0 0.7421 0.5819 0.3327 0.9627 0.3586 0.0000 767.751 22.356 321.549
4250 0.000000 0 0.7421 0.5819 0.3327 0.9627 0.3586 0.0000 767.751 22.356 321.549
4251 0.000000 0 0.7421 0.5819 0.3327 0.9627 0.3586 0.0000 767.751 22.356 321.549
4252 0.000000 0 0.7421 0.5819 0.3327 0.9627 0.3586 0.0000 767.751 22.356 321.549
4253 0.000000 0 0.7421 0.5819 0.3327 0.9627 0.3586 0.0000 767.751 22.356 321.549
4254 0.000000 0 0.7421 0.5819 0.3327 0.9627 0.3586 0.0000 767.751 22.356 321.549
4255 0.000000 0 0.7421 0.5819 0.3327 0.9627 0.3586 0.0000 767.751 22.356 321.549
4256 0.000000 0 0.7421 0.5819 0.3327 0.9627 0.3586 0.0000 767.751 22.356 321.549
4257 0.000000 0 0.7421 0.5819 0.3327 0.9627 0.3586 0.0000 767.751 22.356 321.549
4258 0.000000 0 0.7421 0.5819 0.3327 0.9627 0.3586 0.0000 767.751 22.356 321.549
4259 0.000000 0 0.7421 0.5819 0.3327 0.9627 0.3586 0.0000 767.751 22.356 321.549
4260 0.000000 0 0.7421 0.5820 0.3327 0.9627 0.3586 0.0000 767.751 22.356 321.549
4261 0.000000 0 0.7420 0.5820 0.3327 0.9627 0.3586 0.0000 767.751 22.356 321.549
4262 0.000000 0 0.7420 0.5820 0.3327 0.9627 0.3586 0.0000 767.751 22.356 321.549
4263 0.000000 0 0.7420 0.5820 0.3327 0.9627 0.3586 0.0000 767.751 22.356 321.549
4264 0.000000 0 0.7420 0.5820 0.3327 0.9627 0.3586 0.0000 767.751 22.356 321.549
4265 0.000000 0 0.7420 0.5820 0.3327 0.9627 0.3586 0.0000 767.751 22.356 321.549
4266 0.000000 0 0.7420 0.5820 0.3327 0.9627 0.3586 0.0000 767.751 22.356 321.549
4267 0.000000 0 0.7420 0.5820 0.3327 0.9627 0.3586 0.0000 767.751 22.356 321.549
4268 0.000000 0 0.7420 0.5820 0.3327 0.9627 0.3586 0.0000 767.751 22.356 321.549
4269 0.000000 0 0.7420 0.5820 0.3327 0.9627 0.3586 0.0000 767.751 22.356 321.549
4270 0.000000 0 0.7420 0.5820 0.3327 0.9627 0.3586 0.0000 767.751 22.356 321.549
4271 0.000000 0 0.7420 0.5821 0.3327 0.9627 0.3586 0.0000 767.751 22.356 321.549
4272 0.000000 0 0.7420 0.5821 0.3327 0.9627 0.3586 0.0000 767.751 22.356 321.549
4273 0.000000 0 0.7420 0.5821 0.3327 0.9627 0.3586 0.0000 767.751 22.356 321.549
4274 0.000000 0 0.7420 0.5821 0.3327 0.9627 0.3586 0.0000 767.751 22.356 321.549
4275 0.000000 0 0.7420 0.5821 0.3327 0.9627 0.3586 0.0000 767.751 22.356 321.549
4276 0.000000 0 0.7419 0.5821 0.3327 0.9627 0.3586 0.0000 767.751 22.356 321.549
4277 0.000000 0 0.7419 0.5821 0.3327 0.9627 0.3586 0.0000 767.751 22.356 321.549
4278 0.000000 0 0.7419 0.5821 0.3327 0.9627 0.3586 0.0000 767.751 22.356 321.549
4279 0.000000 0 0.7419 0.5821 0.3327 0.9627 0.3586 0.0000 767.751 22.356 321.549
4280 0.000000 0 0.7419 0.5821 0.3327 0.9627 0.3586 0.0000 767.751 22.356 321.549
4281 0.000000 0 0.7419 0.5821 0.3327 0.9627 0.3586 0.0000 767.751 22.356 321.549
4282 0.000000 0 0.7419 0.5821 0.3327 0.9627 0.3586 0.0000 767.751 22.356 321.549
4283 0.000000 0 0.7419 0.5822 0.3327 0.9627 0.3586 0.0000 767.751 22.356 321.549
4284 0.000000 0 0.7419 0.5822 0.3327 0.9627 0.3586 0.0000 767.751 22.356 321.549
4285 0.000000 0 0.7419 0.5822 0.3327 0.9627 0.3586 0.0000 767.751 22.356 321.549
4286 0.000000 0 0.7419 0.5822 0.3327 0.9627 0.3586 0.0000 767.751 22.356 321.549
4287 0.000000 0 0.7419 0.5822 0.3327 0.9627 0.3586 0.0000 767.751 22.356 321.549
4288 0.000000 0 0.7419 0.5822 0.3327 0.9627 0.3586 0.0000 767.751 22.356 321.549
4289 0.000000 0 0.7419 0.5822 0.3327 0.9627 0.3586 0.0000 767.751 22.356 321.549
4290 0.000000 0 0.7419 0.5822 0.3327 0.9627 0.3586 0.0000 767.751 22.356 321.549
4291 0.000000 0 0.7419 0.5822 0.3327 0.9627 0.3586 0.0000 767.751 22.356 321.549
4292 0.000000 0 0.7418 0.5822 0.3327 0.9627 0.3586 0.0000 767.751 22.356 321.549
4293 0.000000 0 0.7418 0.5822 0.3327 0.9627 0.3586 0.0000 767.751 22.356 321.549
4294 0.000000 0 0.7418 0.5823 0.3327 0.9627 0.3586 0.0000 767.751 22.356 321.549
4295 0.000000 0 0.7418 0.5823 0.3327 0.9627 0.3586 0.0000 767.751 22.356 321.549
4296 0.000000 0 0.7418 0.5823 0.3327 0.9627 0.3586 0.0000 767.751 22.356 321.549
4297 0.000000 0 0.7418 0.5823 0.3327 0.9627 0.3586 0.0000 767.751 22.356 321.549
4298 0.000000 0 0.7418 0.5823 0.3327 0.9627 0.3586 0.0000 767.751 22.356 321.549
4299 0.000000 0 0.7418 0.5823 0.3327 0.9627 0.3586 0.0000 767.751 22.356 321.549
4300 0.000000 0 0.7418 0.5823 0.3327 0.9627 0.3586 0.0000 767.751 22.356 321.549
4301 0.000000 0 0.7418 0.5823 0.3327 0.9627 0.3586 0.0000 767.751 22.356 321.549
4302 0.000000 0 0.7418 0.5823 0.3327 0.9627 0.3586 0.0000 767.751 22.356 321.549
4303 0.000000 0 0.7418 0.5823 0.3327 0.9627 0.3586 0.0000 767.751 22.356 321.549
4304 0.000000 0 0.7418 0.5823 0.3327 0.9627 0.3586 0.0000 767.751 22.356 321.549
4305 0.000000 0 0.7418 0.5823 0.3327 0.9627 0.3586 0.0000 767.751 22.356 321.549
4306 0.000000 0 0.7418 0.5824 0.3327 0.9627 0.3586 0.0000 767.751 22.356 321.549
4307 0.000000 0 0.7418 0.5824 0.3327 0.9627 0.3586 0.0000 767.751 22.356 321.549
4308 0.000000 0 0.7417 0.5824 0.3326 0.9627 0.3586 0.0000 767.751 22.356 321.549
4309 0.000000 0 0.7417 0.5824 0.3326 0.9627 0.3586 0.0000 767.751 22.356 321.549
4310 0.000000 0 0.7417 0.5824 0.3326 0.9627 0.3586 0.0000 767.751 22.356 321.549
4311 0.000000 0 0.7417 0.5824 0.3326 0.9627 0.3586 0.0000 767.751 22.356 321.549
4312 0.000000 0 0.7417 0.5824 0.3326 0.9627 0.3586 0.0000 767.751 22.356 321.549
4313 0.000000 0 0.7417 0.5824 0.3326 0.9627 0.3586 0.0000 767.751 22.356 321.549
4314 0.000000 0 0.7417 0.5824 0.3326 0.9627 0.3586 0.0000 767.751 22.356 321.549
4315 0.000000 0 0.7417 0.5824 0.3326 0.9627 0.3586 0.0000 767.751 22.356 321.549
4316 0.000000 0 0.7417 0.5824 0.3326 0.9627 0.3586 0.0000 767.751 22.356 321.549
4317 0.000000 0 0.7417 0.5825 0.3326 0.9627 0.3586 0.0000 767.751 22.356 321.549
4318 0.000000 0 0.7417 0.5825 0.3326 0.9627 0.3586 0.0000 767.751 22.356 321.549
4319 0.000000 0 0.7417 0.5825 0.3326 0.9627 0.3586 0.0000 767.751 22.356 321.549
4320 0.000000 0 0.7417 0.5825 0.3326 0.9627 0.3586 0.0000 767.751 22.356 321.549
4321 0.000000 0 0.7417 0.5825 0.3326 0.9627 0.3586 0.0000 767.751 22.356 321.549
4322 0.000000 0 0.7417 0.5825 0.3326 0.9627 0.3586 0.0000 767.751 22.356 321.549
4323 0.000000 0 0.7416 0.5825 0.3326 0.9627 0.3586 0.0000 767.751 22.356 321.549
4324 0.000000 0 0.7416 0.5825 0.3326 0.9627 0.3586 0.0000 767.751 22.356 321.549
4325 0.000000 0 0.7416 0.5825 0.3326 0.9627 0.3586 0.0000 767.751 22.356 321.549
4326 0.000000 0 0.7416 0.5825 0.3326 0.9627 0.3586 0.0000 767.751 22.356 321.549
4327 0.000000 0 0.7416 0.5825 0.3326 0.9627 0.3586 0.0000 767.751 22.356 321.549
4328 0.000000 0 0.7416 0.5826 0.3326 0.9627 0.3586 0.0000 767.751 22.356 321.549
4329 0.000000 0 0.7416 0.5826 0.3326 0.9627 0.3586 0.0000 767.751 22.356 321.549
4330 0.000000 0 0.7416 0.5826 0.3326 0.9627 0.3586 0.0000 767.751 22.356 321.549
4331 0.000000 0 0.7416 0.5826 0.3326 0.9627 0.3586 0.0000 767.751 22.356 321.549
4332 0.000000 0 0.7416 0.5826 0.3326 0.9627 0.3586 0.0000 767.751 22.356 321.549
4333 0.000000 0 0.7416 0.5826 0.3326 0.9627 0.3586 0.0000 767.751 22.356 321.549
4334 0.000000 0 0.7416 0.5826 0.3326 0.9627 0.3586 0.0000 767.751 22.356 321.549
4335 0.000000 0 0.7416 0.5826 0.3326 0.9627 0.3586 0.0000 767.751 22.356 321.549
4336 0.000000 0 0.7416 0.5826 0.3326 0.9627 0.3586 0.0000 767.751 22.356 321.549
4337 0.000000 0 0.7416 0.5826 0.3326 0.9627 0.3586 0.0000 767.751 22.356 321.549
4338 0.000000 0 0.7416 0.5826 0.3326 0.9627 0.3586 0.0000 767.751 22.356 321.549
4339 0.000000 0 0.7415 0.5827 0.3326 0.9627 0.3586 0.0000 767.751 22.356 321.549
4340 0.000000 0 0.7415 0.5827 0.3326 0.9627 0.3586 0.0000 767.751 22.356 321.549
4341 0.000000 0 0.7415 0.5827 0.3326 0.9627 0.3586 0.0000 767.751 22.356 321.549
4342 0.000000 0 0.7415 0.5827 0.3326 0.9627 0.3586 0.0000 767.751 22.356 321.549
4343 0.000000 0 0.7415 0.5827 0.3326 0.9627 0.3586 0.0000 767.751 22.356 321.549
4344 0.000000 0 0.7415 0.5827 0.3326 0.9627 0.3586 0.0000 767.751 22.356 321.549
4345 0.000000 0 0.7415 0.5827 0.3326 0.9627 0.3586 0.0000 767.751 22.356 321.549
4346 0.000000 0 0.7415 0.5827 0.3326 0.9627 0.3586 0.0000 767.751 22.356 321.549
4347 0.000000 0 0.7415 0.5827 0.3326 0.9627 0.3586 0.0000 767.751 22.356 321.549
4348 0.000000 0 0.7415 0.5827 0.3326 0.9627 0.3586 0.0000 767.751 22.356 321.549
4349 0.000000 0 0.7415 0.5827 0.3326 0.9627 0.3586 0.0000 767.751 22.356 321.549
4350 0.000000 0 0.7415 0.5828 0.3326 0.9627 0.3586 0.0000 767.751 22.356 321.549
4351 0.000000 0 0.7415 0.5828 0.3326 0.9627 0.3586 0.0000 767.751 22.356 321.549
4352 0.000000 0 0.7415 0.5828 0.3326 0.9627 0.3586 0.0000 767.751 22.356 321.549
4353 0.000000 0 0.7414 0.5828 0.3326 0.9627 0.3586 0.0000 767.751 22.356 321.549
4354 0.000000 0 0.7414 0.5828 0.3326 0.9627 0.3586 0.0000 767.751 22.356 321.549
4355 0.000000 0 0.7414 0.5828 0.3326 0.9627 0.3586 0.0000 767.751 22.356 321.549
4356 0.000000 0 0.7414 0.5828 0.3326 0.9627 0.3586 0.0000 767.751 22.356 321.549
4357 0.000000 0 0.7414 0.5828 0.3326 0.9627 0.3586 0.0000 767.751 22.356 321.549
4358 0.000000 0 0.7414 0.5828 0.3326 0.9627 0.3586 0.0000 767.751 22.356 321.549
4359 0.000000 0 0.7414 0.5828 0.3326 0.9627 0.3586 0.0000 767.751 22.356 321.549
4360 0.000000 0 0.7414 0.5828 0.3326 0.9627 0.3586 0.0000 767.751 22.356 321.549
4361 0.000000 0 0.7414 0.5829 0.3326 0.9627 0.3586 0.0000 767.751 22.356 321.549
4362 0.000000 0 0.7414 0.5829 0.3326 0.9627 0.3586 0.0000 767.751 22.356 321.549
4363 0.000000 0 0.7414 0.5829 0.3326 0.9627 0.3586 0.0000 767.751 22.356 321.549
4364 0.000000 0 0.7414 0.5829 0.3326 0.9627 0.3586 0.0000 767.751 22.356 321.549
4365 0.000000 0 0.7414 0.5829 0.3326 0.9627 0.3586 0.0000 767.751 22.356 321.549
4366 0.000000 0 0.7414 0.5829 0.3326 0.9627 0.3586 0.0000 767.751 22.356 321.549
4367 0.000000 0 0.7414 0.5829 0.3326 0.9627 0.3586 0.0000 767.751 22.356 321.549
4368 0.000000 0 0.7414 0.5829 0.3326 0.9627 0.3586 0.0000 767.751 22.356 321.549
4369 0.000000 0 0.7413 0.5829 0.3326 0.9627 0.3586 0.0000 767.751 22.356 321.549
4370 0.000000 0 0.7413 0.5829 0.3326 0.9627 0.3586 0.0000 767.751 22.356 321.549
4371 0.000000 0 0.7413 0.5829 0.3326 0.9627 0.3586 0.0000 767.751 22.356 321.549
4372 0.000000 0 0.7413 0.5829 0.3326 0.9627 0.3586 0.0000 767.751 22.356 321.549
4373 0.000000 0 0.7413 0.5830 0.3326 0.9627 0.3586 0.0000 767.751 22.356 321.549
4374 0.000000 0 0.7413 0.5830 0.3326 0.9627 0.3586 0.0000 767.751 22.356 321.549
4375 0.000000 0 0.7413 0.5830 0.3326 0.9627 0.3586 0.0000 767.751 22.356 321.549
4376 0.000000 0 0.7413 0.5830 0.3326 0.9627 0.3586 0.0000 767.751 22.356 321.549
4377 0.000000 0 0.7413 0.5830 0.3326 0.9627 0.3586 0.0000 767.751 22.356 321.549
4378 0.000000 0 0.7413 0.5830 0.3326 0.9627 0.3586 0.0000 767.751 22.356 321.549
4379 0.000000 0 0.7413 0.5830 0.3326 0.9627 0.3586 0.0000 767.751 22.356 321.549
4380 0.000000 0 0.7413 0.5830 0.3326 0.9627 0.3586 0.0000 767.751 22.356 321.549
4381 0.000000 0 0.7413 0.5830 0.3326 0.9627 0.3586 0.0000 767.751 22.356 321.549
4382 0.000000 0 0.7413 0.5830 0.3326 0.9627 0.3586 0.0000 767.751 22.356 321.549
4383 0.000000 0 0.7413 0.5831 0.3326 0.9627 0.3586 0.0000 767.751 22.356 321.549
4384 0.000000 0 0.7412 0.5831 0.3326 0.9627 0.3586 0.0000 767.751 22.356 321.549
4385 0.000000 0 0.7412 0.5831 0.3326 0.9627 0.3586 0.0000 767.751 22.356 321.549
4386 0.000000 0 0.7412 0.5831 0.3326 0.9627 0.3586 0.0000 767.751 22.356 321.549
4387 0.000000 0 0.7412 0.5831 0.3326 0.9627 0.3586 0.0000 767.751 22.356 321.549
4388 0.000000 0 0.7412 0.5831 0.3326 0.9627 0.3586 0.0000 767.751 22.356 321.549
4389 0.000000 0 0.7412 0.5831 0.3325 0.9627 0.3586 0.0000 767.751 22.356 321.549
4390 0.000000 0 0.7412 0.5831 0.3325 0.9627 0.3586 0.0000 767.751 22.356 321.549
4391 0.000000 0 0.7412 0.5831 0.3325 0.9627 0.3586 0.0000 767.751 22.356 321.549
4392 0.000000 0 0.7412 0.5831 0.3325 0.9627 0.3586 0.0000 767.751 22.356 321.549
4393 0.000000 0 0.7412 0.5831 0.3325 0.9627 0.3586 0.0000 767.751 22.356 321.549
4394 0.000000 0 0.7412 0.5831 0.3325 0.9627 0.3586 0.0000 767.751 22.356 321.549
4395 0.000000 0 0.7412 0.5832 0.3325 0.9627 0.3586 0.0000 767.751 22.356 321.549
4396 0.000000 0 0.7412 0.5832 0.3325 0.9627 0.3586 0.0000 767.751 22.356 321.549
4397 0.000000 0 0.7412 0.5832 0.3325 0.9627 0.3586 0.0000 767.751 22.356 321.549
4398 0.000000 0 0.7412 0.5832 0.3325 0.9627 0.3586 0.0000 767.751 22.356 321.549
4399 0.000000 0 0.7412 0.5832 0.3325 0.9627 0.3586 0.0000 767.751 22.356 321.549
4400 0.000000 0 0.7411 0.5832 0.3325 0.9627 0.3586 0.0000 767.751 22.356 321.549
4401 0.000000 0 0.7411 0.5832 0.3325 0.9627 0.3586 0.0000 767.751 22.356 321.549
4402 0.000000 0 0.7411 0.5832 0.3325 0.9627 0.3586 0.0000 767.751 22.356 321.549
4403 0.000000 0 0.7411 0.5832 0.3325 0.9627 0.3586 0.0000 767.751 22.356 321.549
4404 0.000000 0 0.7411 0.5832 0.3325 0.9627 0.3586 0.0000 767.751 22.356 321.549
4405 0.000000 0 0.7411 0.5832 0.3325 0.9627 0.3586 0.0000 767.751 22.356 321.549
4406 0.000000 0 0.7411 0.5833 0.3325 0.9627 0.3586 0.0000 767.751 22.356 321.549
4407 0.000000 0 0.7411 0.5833 0.3325 0.9627 0.3586 0.0000 767.751 22.356 321.549
4408 0.000000 0 0.7411 0.5833 0.3325 0.9627 0.3586 0.0000 767.751 22.356 321.549
4409 0.000000 0 0.7411 0.5833 0.3325 0.9627 0.3586 0.0000 767.751 22.356 321.549
4410 0.000000 0 0.7411 0.5833 0.3325 0.9627 0.3586 0.0000 767.751 22.356 321.549
4411 0.000000 0 0.7411 0.5833 0.3325 0.9627 0.3586 0.0000 767.751 22.356 321.549
4412 0.000000 0 0.7411 0.5833 0.3325 0.9627 0.3586 0.0000 767.751 22.356 321.549
4413 0.000000 0 0.7411 0.5833 0.3325 0.9627 0.3586 0.0000 767.751 22.356 321.549
4414 0.000000 0 0.7411 0.5833 0.3325 0.9627 0.3586 0.0000 767.751 22.356 321.549
4415 0.000000 0 0.7410 0.5833 0.3325 0.9627 0.3586 0.0000 767.751 22.356 321.549
4416 0.000000 0 0.7410 0.5833 0.3325 0.9627 0.3586 0.0000 767.751 22.356 321.549
4417 0.000000 0 0.7410 0.5834 0.3325 0.9627 0.3586 0.0000 767.751 22.356 321.549
4418 0.000000 0 0.7410 0.5834 0.3325 0.9627 0.3586 0.0000 767.751 22.356 321.549
4419 0.000000 0 0.7410 0.5834 0.3325 0.9627 0.3586 0.0000 767.751 22.356 321.549
4420 0.000000 0 0.7410 0.5834 0.3325 0.9627 0.3586 0.0000 767.751 22.356 321.549
4421 0.000000 0 0.7410 0.5834 0.3325 0.9627 0.3586 0.0000 767.751 22.356 321.549
4422 0.000000 0 0.7410 0.5834 0.3325 0.9627 0.3586 0.0000 767.751 22.356 321.549
4423 0.000000 0 0.7410 0.5834 0.3325 0.9627 0.3586 0.0000 767.751 22.356 321.549
4424 0.000000 0 0.7410 0.5834 0.3325 0.9627 0.3586 0.0000 767.751 22.356 321.549
4425 0.000000 0 0.7410 0.5834 0.3325 0.9627 0.3586 0.0000 767.751 22.356 321.549
4426 0.000000 0 0.7410 0.5834 0.3325 0.9627 0.3586 0.0000 767.751 22.356 321.549
4427 0.000000 0 0.7410 0.5834 0.3325 0.9627 0.3586 0.0000 767.751 22.356 321.549
4428 0.000000 0 0.7410 0.5835 0.3325 0.9627 0.3586 0.0000 767.751 22.356 321.549
4429 0.000000 0 0.7410 0.5835 0.3325 0.9627 0.3586 0.0000 767.751 22.356 321.549
4430 0.000000 0 0.7410 0.5835 0.3325 0.9627 0.3586 0.0000 767.751 22.356 321.549
4431 0.000000 0 0.7409 0.5835 0.3325 0.9627 0.3586 0.0000 767.751 22.356 321.549
4432 0.000000 0 0.7409 0.5835 0.3325 0.9627 0.3586 0.0000 767.751 22.356 321.549
4433 0.000000 0 0.7409 0.5835 0.3325 0.9627 0.3586 0.0000 767.751 22.356 321.549
4434 0.000000 0 0.7409 0.5835 0.3325 0.9627 0.3586 0.0000 767.751 22.356 321.549
4435 0.000000 0 0.7409 0.5835 0.3325 0.9627 0.3586 0.0000 767.751 22.356 321.549
4436 0.000000 0 0.7409 0.5835 0.3325 0.9627 0.3586 0.0000 767.751 22.356 321.549
4437 0.000000 0 0.7409 0.5835 0.3325 0.9627 0.3586 0.0000 767.751 22.356 321.549
4438 0.000000 0 0.7409 0.5835 0.3325 0.9627 0.3586 0.0000 767.751 22.356 321.549
4439 0.000000 0 0.7409 0.5836 0.3325 0.9627 0.3586 0.0000 767.751 22.356 321.549
4440 0.000000 0 0.7409 0.5836 0.3325 0.9627 0.3586 0.0000 767.751 22.356 321.549
4441 0.000000 0 0.7409 0.5836 0.3325 0.9627 0.3586 0.0000 767.751 22.356 321.549
4442 0.000000 0 0.7409 0.5836 0.3325 0.9627 0.3586 0.0000 767.751 22.356 321.549
4443 0.000000 0 0.7409 0.5836 0.3325 0.9627 0.3586 0.0000 767.751 22.356 321.549
4444 0.000000 0 0.7409 0.5836 0.3325 0.9627 0.3586 0.0000 767.751 22.356 321.549
4445 0.000000 0 0.7408 0.5836 0.3325 0.9627 0.3586 0.0000 767.751 22.356 321.549
4446 0.000000 0 0.7408 0.5836 0.3325 0.9627 0.3586 0.0000 767.751 22.356 321.549
4447 0.000000 0 0.7408 0.5836 0.3325 0.9627 0.3586 0.0000 767.751 22.356 321.549
4448 0.000000 0 0.7408 0.5836 0.3325 0.9627 0.3586 0.0000 767.751 22.356 321.549
4449 0.000000 0 0.7408 0.5836 0.3325 0.9627 0.3586 0.0000 767.751 22.356 321.549
4450 0.000000 0 0.7408 0.5837 0.3325 0.9627 0.3586 0.0000 767.751 22.356 321.549
4451 0.000000 0 0.7408 0.5837 0.3325 0.9627 0.3586 0.0000 767.751 22.356 321.549
4452 0.000000 0 0.7408 0.5837 0.3325 0.9627 0.3586 0.0000 767.750 22.374 321.550
4453 0.000000 0 0.7408 0.5837 0.3325 0.9627 0.3586 0.0000 767.750 22.401 321.550
4454 0.000000 0 0.7408 0.5837 0.3325 0.9627 0.3586 0.0000 767.749 22.427 321.551
4455 0.000000 0 0.7408 0.5837 0.3325 0.9627 0.3586 0.0000 767.748 22.452 321.552
4456 0.000000 0 0.7408 0.5837 0.3325 0.9627 0.3586 0.0000 767.748 22.467 321.552
4457 0.000000 0 0.7408 0.5837 0.3325 0.9627 0.3586 0.0000 767.747 22.490 321.553
4458 0.000000 0 0.7408 0.5837 0.3325 0.9627 0.3586 0.0000 767.747 22.508 321.553
4459 0.000000 0 0.7408 0.5837 0.3325 0.9627 0.3586 0.0000 767.746 22.538 321.554
4460 0.000000 0 0.7408 0.5837 0.3325 0.9627 0.3586 0.0000 767.746 22.554 321.554
4461 0.000000 0 0.7407 0.5838 0.3325 0.9627 0.3586 0.0000 767.745 22.574 321.555
4462 0.000000 0 0.7407 0.5838 0.3325 0.9627 0.3586 0.0000 767.745 22.595 321.555
4463 0.000000 0 0.7407 0.5838 0.3325 0.9627 0.3586 0.0000 767.744 22.613 321.556
4464 0.000000 0 0.7407 0.5838 0.3325 0.9627 0.3586 0.0000 767.744 22.632 321.556
4465 0.000000 0 0.7407 0.5838 0.3325 0.9627 0.3586 0.0000 767.743 22.650 321.556
4466 0.000000 0 0.7407 0.5838 0.3325 0.9627 0.3586 0.0000 767.743 22.665 321.557
4467 0.000000 0 0.7407 0.5838 0.3325 0.9627 0.3586 0.0000 767.742 22.690 321.557
4468 0.000000 0 0.7407 0.5838 0.3325 0.9627 0.3586 0.0000 767.742 22.707 321.558
4469 0.000000 0 0.7407 0.5838 0.3325 0.9627 0.3586 0.0000 767.742 22.722 321.558
4470 0.000000 0 0.7407 0.5838 0.3325 0.9627 0.3586 0.0000 767.741 22.743 321.559
4471 0.000000 0 0.7407 0.5838 0.3325 0.9627 0.3586 0.0000 767.741 22.754 321.559
4472 0.000000 0 0.7407 0.5838 0.3324 0.9627 0.3586 0.0000 767.740 22.771 321.559
4473 0.000000 0 0.7407 0.5839 0.3324 0.9627 0.3586 0.0000 767.740 22.791 321.560
4474 0.000000 0 0.7407 0.5839 0.3324 0.9627 0.3586 0.0000 767.740 22.805 321.560
4475 0.000000 0 0.7407 0.5839 0.3324 0.9627 0.3586 0.0000 767.739 22.823 321.561
4476 0.000000 0 0.7406 0.5839 0.3324 0.9627 0.3586 0.0000 767.739 22.842 321.561
4477 0.000000 0 0.7406 0.5839 0.3324 0.9627 0.3586 0.0000 767.738 22.860 321.562
4478 0.000000 0 0.7406 0.5839 0.3324 0.9627 0.3586 0.0000 767.738 22.871 321.562
4479 0.000000 0 0.7406 0.5839 0.3324 0.9627 0.3586 0.0000 767.737 22.890 321.562
4480 0.000000 0 0.7406 0.5839 0.3324 0.9627 0.3586 0.0000 767.737 22.903 321.563
4481 0.000000 0 0.7406 0.5839 0.3324 0.9627 0.3586 0.0000 767.737 22.917 321.563
4482 0.000000 0 0.7406 0.5839 0.3324 0.9627 0.3586 0.0000 767.736 22.931 321.564
4483 0.000000 0 0.7406 0.5839 0.3324 0.9627 0.3586 0.0000 767.736 22.949 321.564
4484 0.000000 0 0.7406 0.5840 0.3324 0.9627 0.3586 0.0000 767.736 22.962 321.564
4485 0.000000 0 0.7406 0.5840 0.3324 0.9627 0.3586 0.0000 767.735 22.978 321.565
4486 0.000000 0 0.7406 0.5840 0.3324 0.9627 0.3586 0.0000 767.735 22.991 321.565
4487 0.000000 0 0.7406 0.5840 0.3324 0.9627 0.3586 0.0000 767.735 23.003 321.565
4488 0.000000 0 0.7406 0.5840 0.3324 0.9627 0.3586 0.0000 767.734 23.015 321.566
4489 0.000000 0 0.7406 0.5840 0.3324 0.9627 0.3586 0.0000 767.734 23.032 321.566
4490 0.000000 0 0.7406 0.5840 0.3324 0.9627 0.3586 0.0000 767.734 23.044 321.566
4491 0.000000 0 0.7405 0.5840 0.3324 0.9627 0.3586 0.0000 767.733 23.060 321.567
4492 0.000000 0 0.7405 0.5840 0.3324 0.9627 0.3586 0.0000 767.733 23.069 321.567
4493 0.000000 0 0.7405 0.5840 0.3324 0.9627 0.3586 0.0000 767.733 23.083 321.567
4494 0.000000 0 0.7405 0.5840 0.3324 0.9627 0.3586 0.0000 767.732 23.096 321.568
4495 0.000000 0 0.7405 0.5841 0.3324 0.9627 0.3586 0.0000 767.732 23.107 321.568
4496 0.000000 0 0.7405 0.5841 0.3324 0.9627 0.3586 0.0000 767.732 23.117 321.568
4497 0.000000 0 0.7405 0.5841 0.3324 0.9627 0.3586 0.0000 767.732 23.128 321.568
4498 0.000000 0 0.7405 0.5841 0.3324 0.9627 0.3586 0.0000 767.731 23.147 321.569
4499 0.000000 0 0.7405 0.5841 0.3324 0.9627 0.3586 0.0000 767.731 23.149 321.569
4500 0.000000 0 0.7405 0.5841 0.3324 0.9627 0.3586 0.0000 767.731 23.158 321.569
4501 0.000000 0 0.7405 0.5841 0.3324 0.9627 0.3586 0.0000 767.730 23.167 321.569
4502 0.000000 0 0.7405 0.5841 0.3324 0.9627 0.3586 0.0000 767.730 23.176 321.570
4503 0.000000 0 0.7405 0.5841 0.3324 0.9627 0.3586 0.0000 767.730 23.185 321.570
4504 0.000000 0 0.7405 0.5841 0.3324 0.9627 0.3586 0.0000 767.730 23.194 321.570
4505 0.000000 0 0.7405 0.5841 0.3324 0.9627 0.3586 0.0000 767.730 23.203 321.570
4506 0.000000 0 0.7405 0.5842 0.3324 0.9627 0.3586 0.0000 767.729 23.209 321.570
4507 0.000000 0 0.7404 0.5842 0.3324 0.9627 0.3586 0.0000 767.729 23.218 321.571
4508 0.000000 0 0.7404 0.5842 0.3324 0.9627 0.3586 0.0000 767.729 23.225 321.571
4509 0.000000 0 0.7404 0.5842 0.3324 0.9627 0.3586 0.0000 767.729 23.231 321.571
4510 0.000000 0 0.7404 0.5842 0.3324 0.9627 0.3586 0.0000 767.729 23.241 321.571
4511 0.000000 0 0.7404 0.5842 0.3324 0.9627 0.3586 0.0000 767.729 23.247 321.571
4512 0.000000 0 0.7404 0.5842 0.3324 0.9627 0.3586 0.0000 767.728 23.253 321.572
4513 0.000000 0 0.7404 0.5842 0.3324 0.9627 0.3586 0.0000 767.728 23.259 321.572
4514 0.000000 0 0.7404 0.5842 0.3324 0.9627 0.3586 0.0000 767.728 23.264 321.572
4515 0.000000 0 0.7404 0.5842 0.3324 0.9627 0.3586 0.0000 767.728 23.269 321.572
4516 0.000000 0 0.7404 0.5842 0.3324 0.9627 0.3586 0.0000 767.728 23.276 321.572
4517 0.000000 0 0.7404 0.5843 0.3324 0.9627 0.3586 0.0000 767.728 23.280 321.572
4518 0.000000 0 0.7404 0.5843 0.3324 0.9627 0.3586 0.0000 767.728 23.284 321.572
4519 0.000000 0 0.7404 0.5843 0.3324 0.9627 0.3586 0.0000 767.727 23.290 321.572
4520 0.000000 0 0.7404 0.5843 0.3324 0.9627 0.3586 0.0000 767.727 23.294 321.573
4521 0.000000 0 0.7404 0.5843 0.3324 0.9627 0.3586 0.0000 767.727 23.297 321.573
4522 0.000000 0 0.7403 0.5843 0.3324 0.9627 0.3586 0.0000 767.727 23.300 321.573
4523 0.000000 0 0.7403 0.5843 0.3324 0.9627 0.3586 0.0000 767.727 23.303 321.573
4524 0.000000 0 0.7403 0.5843 0.3324 0.9627 0.3586 0.0000 767.727 23.306 321.573
4525 0.000000 0 0.7403 0.5843 0.3324 0.9627 0.3586 0.0000 767.727 23.308 321.573
4526 0.000000 0 0.7403 0.5843 0.3324 0.9627 0.3586 0.0000 767.727 23.310 321.573
4527 0.000000 0 0.7403 0.5844 0.3324 0.9627 0.3586 0.0000 767.727 23.313 321.573
4528 0.000000 0 0.7403 0.5844 0.3324 0.9627 0.3586 0.0000 767.727 23.314 321.573
4529 0.000000 0 0.7403 0.5844 0.3324 0.9627 0.3586 0.0000 767.727 23.315 321.573
4530 0.000000 0 0.7403 0.5844 0.3324 0.9627 0.3586 0.0000 767.727 23.315 321.573
4531 0.000000 0 0.7403 0.5844 0.3324 0.9627 0.3586 0.0000 767.727 23.317 321.573
4532 0.000000 0 0.7403 0.5844 0.3324 0.9627 0.3586 0.0000 767.727 23.317 321.573
4533 0.000000 0 0.7403 0.5844 0.3324 0.9627 0.3586 0.0000 767.727 23.317 321.573
4534 0.000000 0 0.7403 0.5844 0.3324 0.9627 0.3586 0.0000 767.727 23.317 321.573
4535 0.000000 0 0.7403 0.5844 0.3324 0.9627 0.3586 0.0000 767.727 23.317 321.573
4536 0.000000 0 0.7403 0.5844 0.3324 0.9627 0.3586 0.0000 767.727 23.316 321.573
4537 0.000000 0 0.7402 0.5844 0.3324 0.9627 0.3586 0.0000 767.727 23.315 321.573
4538 0.000000 0 0.7402 0.5845 0.3324 0.9627 0.3586 0.0000 767.727 23.312 321.573
4539 0.000000 0 0.7402 0.5845 0.3324 0.9627 0.3586 0.0000 767.727 23.311 321.573
4540 0.000000 0 0.7402 0.5845 0.3324 0.9627 0.3586 0.0000 767.727 23.309 321.573
4541 0.000000 0 0.7402 0.5845 0.3324 0.9627 0.3586 0.0000 767.727 23.307 321.573
4542 0.000000 0 0.7402 0.5845 0.3324 0.9627 0.3586 0.0000 767.727 23.303 321.573
4543 0.000000 0 0.7402 0.5845 0.3324 0.9627 0.3586 0.0000 767.727 23.301 321.573
4544 0.000000 0 0.7402 0.5845 0.3324 0.9627 0.3586 0.0000 767.727 23.298 321.573
4545 0.000000 0 0.7402 0.5845 0.3324 0.9627 0.3586 0.0000 767.727 23.294 321.573
4546 0.000000 0 0.7402 0.5845 0.3324 0.9627 0.3586 0.0000 767.727 23.291 321.573
4547 0.000000 0 0.7402 0.5845 0.3324 0.9627 0.3586 0.0000 767.727 23.287 321.572
4548 0.000000 0 0.7402 0.5845 0.3324 0.9627 0.3586 0.0000 767.727 23.281 321.572
4549 0.000000 0 0.7402 0.5845 0.3324 0.9627 0.3586 0.0000 767.727 23.277 321.572
4550 0.000000 0 0.7402 0.5846 0.3324 0.9627 0.3586 0.0000 767.728 23.272 321.572
4551 0.000000 0 0.7402 0.5846 0.3324 0.9627 0.3586 0.0000 767.728 23.266 321.572
4552 0.000000 0 0.7401 0.5846 0.3323 0.9627 0.3586 0.0000 767.728 23.260 321.572
4553 0.000000 0 0.7401 0.5846 0.3323 0.9627 0.3586 0.0000 767.728 23.253 321.572
4554 0.000000 0 0.7401 0.5846 0.3323 0.9627 0.3586 0.0000 767.728 23.248 321.572
4555 0.000000 0 0.7401 0.5846 0.3323 0.9627 0.3586 0.0000 767.728 23.242 321.572
4556 0.000000 0 0.7401 0.5846 0.3323 0.9627 0.3586 0.0000 767.728 23.235 321.571
4557 0.000000 0 0.7401 0.5846 0.3323 0.9627 0.3586 0.0000 767.729 23.226 321.571
4558 0.000000 0 0.7401 0.5846 0.3323 0.9627 0.3586 0.0000 767.729 23.219 321.571
4559 0.000000 0 0.7401 0.5846 0.3323 0.9627 0.3586 0.0000 767.729 23.213 321.571
4560 0.000000 0 0.7401 0.5847 0.3323 0.9627 0.3586 0.0000 767.729 23.202 321.571
4561 0.000000 0 0.7401 0.5847 0.3323 0.9627 0.3586 0.0000 767.729 23.197 321.571
4562 0.000000 0 0.7401 0.5847 0.3323 0.9627 0.3586 0.0000 767.729 23.189 321.570
4563 0.000000 0 0.7401 0.5847 0.3323 0.9627 0.3586 0.0000 767.730 23.180 321.570
4564 0.000000 0 0.7401 0.5847 0.3323 0.9627 0.3586 0.0000 767.730 23.170 321.570
4565 0.000000 0 0.7401 0.5847 0.3323 0.9627 0.3586 0.0000 767.731 23.162 321.569
4566 0.000000 0 0.7401 0.5847 0.3323 0.9627 0.3586 0.0000 767.731 23.154 321.569
4567 0.000000 0 0.7400 0.5847 0.3323 0.9627 0.3586 0.0000 767.731 23.144 321.569
4568 0.000000 0 0.7400 0.5847 0.3323 0.9627 0.3586 0.0000 767.731 23.132 321.569
4569 0.000000 0 0.7400 0.5847 0.3323 0.9627 0.3586 0.0000 767.731 23.121 321.569
4570 0.000000 0 0.7400 0.5847 0.3323 0.9627 0.3586 0.0000 767.732 23.110 321.568
4571 0.000000 0 0.7400 0.5847 0.3323 0.9627 0.3586 0.0000 767.732 23.100 321.568
4572 0.000000 0 0.7400 0.5848 0.3323 0.9627 0.3586 0.0000 767.732 23.087 321.568
4573 0.000000 0 0.7400 0.5848 0.3323 0.9627 0.3586 0.0000 767.732 23.079 321.568
4574 0.000000 0 0.7400 0.5848 0.3323 0.9627 0.3586 0.0000 767.732 23.067 321.568
4575 0.000000 0 0.7400 0.5848 0.3323 0.9627 0.3586 0.0000 767.733 23.058 321.567
4576 0.000000 0 0.7400 0.5848 0.3323 0.9627 0.3586 0.0000 767.733 23.044 321.567
4577 0.000000 0 0.7400 0.5848 0.3323 0.9627 0.3586 0.0000 767.734 23.030 321.566
4578 0.000000 0 0.7400 0.5848 0.3323 0.9627 0.3586 0.0000 767.734 23.018 321.566
4579 0.000000 0 0.7400 0.5848 0.3323 0.9627 0.3586 0.0000 767.734 23.005 321.566
4580 0.000000 0 0.7400 0.5848 0.3323 0.9627 0.3586 0.0000 767.734 22.994 321.566
4581 0.000000 0 0.7400 0.5848 0.3323 0.9627 0.3586 0.0000 767.734 22.981 321.566
4582 0.000000 0 0.7400 0.5848 0.3323 0.9627 0.3586 0.0000 767.735 22.965 321.565
4583 0.000000 0 0.7399 0.5848 0.3323 0.9627 0.3586 0.0000 767.736 22.954 321.564
4584 0.000000 0 0.7399 0.5849 0.3323 0.9627 0.3586 0.0000 767.736 22.940 321.564
4585 0.000000 0 0.7399 0.5849 0.3323 0.9627 0.3586 0.0000 767.736 22.923 321.564
4586 0.000000 0 0.7399 0.5849 0.3323 0.9627 0.3586 0.0000 767.736 22.910 321.564
4587 0.000000 0 0.7399 0.5849 0.3323 0.9627 0.3586 0.0000 767.736 22.895 321.564
4588 0.000000 0 0.7399 0.5849 0.3323 0.9627 0.3586 0.0000 767.737 22.881 321.563
4589 0.000000 0 0.7399 0.5849 0.3323 0.9627 0.3586 0.0000 767.738 22.861 321.562
4590 0.000000 0 0.7399 0.5849 0.3323 0.9627 0.3586 0.0000 767.738 22.846 321.561
4591 0.000000 0 0.7399 0.5849 0.3323 0.9627 0.3586 0.0000 767.738 22.823 321.561
4592 0.000000 0 0.7399 0.5849 0.3323 0.9627 0.3586 0.0000 767.738 22.803 321.561
4593 0.000000 0 0.7399 0.5849 0.3323 0.9627 0.3586 0.0000 767.739 22.791 321.561
4594 0.000000 0 0.7399 0.5849 0.3323 0.9627 0.3586 0.0000 767.739 22.776 321.560
4595 0.000000 0 0.7399 0.5850 0.3323 0.9627 0.3586 0.0000 767.740 22.759 321.560
4596 0.000000 0 0.7399 0.5850 0.3323 0.9627 0.3586 0.0000 767.741 22.612 321.559
4597 0.000000 0 0.7399 0.5850 0.3323 0.9627 0.3586 0.0000 767.741 22.582 321.559
4598 0.000000 0 0.7398 0.5850 0.3323 0.9627 0.3586 0.0000 767.741 22.482 321.559
4599 0.000000 0 0.7398 0.5850 0.3323 0.9627 0.3586 0.0000 767.741 22.356 321.559
4600 0.000000 0 0.7398 0.5850 0.3323 0.9627 0.3586 0.0000 767.744 22.354 321.555
4601 0.000000 0 0.7398 0.5850 0.3323 0.9627 0.3586 0.0000 767.747 22.352 321.553
4602 0.000000 0 0.7398 0.5850 0.3323 0.9627 0.3586 0.0000 767.750 22.350 321.550
4603 0.000000 0 0.7398 0.5850 0.3323 0.9627 0.3586 0.0000 767.751 22.343 321.549
4604 0.000000 0 0.7398 0.5850 0.3323 0.9627 0.3586 0.0000 767.751 22.340 321.549
4605 0.000000 0 0.7398 0.5850 0.3323 0.9627 0.3586 0.0000 767.751 22.334 321.549
4606 0.000000 0 0.7398 0.5851 0.3323 0.9627 0.3586 0.0000 767.751 22.328 321.549
4607 0.000000 0 0.7398 0.5851 0.3323 0.9627 0.3586 0.0000 767.751 22.320 321.549
4608 0.000000 0 0.7398 0.5851 0.3323 0.9627 0.3586 0.0000 767.751 22.313 321.549
4609 0.000000 0 0.7398 0.5851 0.3323 0.9627 0.3586 0.0000 767.751 22.309 321.549
4610 0.000000 0 0.7398 0.5851 0.3323 0.9627 0.3586 0.0000 767.751 22.302 321.549
4611 0.000000 0 0.7398 0.5851 0.3323 0.9627 0.3586 0.0000 767.751 22.297 321.549
4612 0.000000 0 0.7398 0.5851 0.3323 0.9627 0.3586 0.0000 767.751 22.293 321.549
4613 0.000000 0 0.7397 0.5851 0.3323 0.9627 0.3586 0.0000 767.751 22.289 321.549
4614 0.000000 0 0.7397 0.5851 0.3323 0.9627 0.3586 0.0000 767.751 22.286 321.549
4615 0.000000 0 0.7397 0.5851 0.3323 0.9627 0.3586 0.0000 767.751 22.283 321.549
4616 0.000000 0 0.7397 0.5851 0.3323 0.9627 0.3586 0.0000 767.751 22.282 321.549
4617 0.000000 0 0.7397 0.5852 0.3323 0.9627 0.3586 0.0000 767.751 22.282 321.549
4618 0.000000 0 0.7397 0.5852 0.3323 0.9627 0.3586 0.0000 767.751 22.281 321.549
4619 0.000000 0 0.7397 0.5852 0.3323 0.9627 0.3586 0.0000 767.751 22.282 321.549
4620 0.000000 0 0.7397 0.5852 0.3323 0.9627 0.3586 0.0000 767.751 22.282 321.549
4621 0.000000 0 0.7397 0.5852 0.3323 0.9627 0.3586 0.0000 767.751 22.283 321.549
4622 0.000000 0 0.7397 0.5852 0.3323 0.9627 0.3586 0.0000 767.751 22.284 321.549
4623 0.000000 0 0.7397 0.5852 0.3323 0.9627 0.3586 0.0000 767.751 22.286 321.549
4624 0.000000 0 0.7397 0.5852 0.3323 0.9627 0.3586 0.0000 767.751 22.288 321.549
4625 0.000000 0 0.7397 0.5852 0.3323 0.9627 0.3586 0.0000 767.751 22.290 321.549
4626 0.000000 0 0.7397 0.5852 0.3323 0.9627 0.3586 0.0000 767.751 22.293 321.549
4627 0.000000 0 0.7397 0.5853 0.3323 0.9627 0.3586 0.0000 767.751 22.300 321.549
4628 0.000000 0 0.7397 0.5853 0.3323 0.9627 0.3586 0.0000 767.751 22.301 321.549
4629 0.000000 0 0.7396 0.5853 0.3323 0.9627 0.3586 0.0000 767.751 22.303 321.549
4630 0.000000 0 0.7396 0.5853 0.3323 0.9627 0.3586 0.0000 767.751 22.307 321.549
4631 0.000000 0 0.7396 0.5853 0.3323 0.9627 0.3586 0.0000 767.751 22.311 321.549
4632 0.000000 0 0.7396 0.5853 0.3323 0.9627 0.3586 0.0000 767.751 22.314 321.549
4633 0.000000 0 0.7396 0.5853 0.3323 0.9627 0.3586 0.0000 767.751 22.318 321.549
4634 0.000000 0 0.7396 0.5853 0.3323 0.9627 0.3586 0.0000 767.751 22.322 321.549
4635 0.000000 0 0.7396 0.5853 0.3322 0.9627 0.3586 0.0000 767.751 22.325 321.549
4636 0.000000 0 0.7396 0.5853 0.3322 0.9627 0.3586 0.0000 767.751 22.329 321.549
4637 0.000000 0 0.7396 0.5853 0.3322 0.9627 0.3586 0.0000 767.751 22.332 321.549
4638 0.000000 0 0.7396 0.5853 0.3322 0.9627 0.3586 0.0000 767.751 22.335 321.549
4639 0.000000 0 0.7396 0.5854 0.3322 0.9627 0.3586 0.0000 767.751 22.339 321.549
4640 0.000000 0 0.7396 0.5854 0.3322 0.9627 0.3586 0.0000 767.751 22.341 321.549
4641 0.000000 0 0.7396 0.5854 0.3322 0.9627 0.3586 0.0000 767.751 22.344 321.549
4642 0.000000 0 0.7396 0.5854 0.3322 0.9627 0.3586 0.0000 767.751 22.346 321.549
4643 0.000000 0 0.7396 0.5854 0.3322 0.9627 0.3586 0.0000 767.751 22.347 321.549
4644 0.000000 0 0.7395 0.5854 0.3322 0.9627 0.3586 0.0000 767.751 22.349 321.549
4645 0.000000 0 0.7395 0.5854 0.3322 0.9627 0.3586 0.0000 767.751 22.350 321.549
4646 0.000000 0 0.7395 0.5854 0.3322 0.9627 0.3586 0.0000 767.751 22.351 321.549
4647 0.000000 0 0.7395 0.5854 0.3322 0.9627 0.3586 0.0000 767.751 22.351 321.549
4648 0.000000 0 0.7395 0.5854 0.3322 0.9627 0.3586 0.0000 767.751 22.352 321.549
4649 0.000000 0 0.7395 0.5854 0.3322 0.9627 0.3586 0.0000 767.751 22.352 321.549
4650 0.000000 0 0.7395 0.5854 0.3322 0.9627 0.3586 0.0000 767.751 22.353 321.549
4651 0.000000 0 0.7395 0.5855 0.3322 0.9627 0.3586 0.0000 767.751 22.353 321.549
4652 0.000000 0 0.7395 0.5855 0.3322 0.9627 0.3586 0.0000 767.751 22.354 321.549
4653 0.000000 0 0.7395 0.5855 0.3322 0.9627 0.3586 0.0000 767.751 22.354 321.549
4654 0.000000 0 0.7395 0.5855 0.3322 0.9627 0.3586 0.0000 767.751 22.355 321.549
4655 0.000000 0 0.7395 0.5855 0.3322 0.9627 0.3586 0.0000 767.751 22.355 321.549
4656 0.000000 0 0.7395 0.5855 0.3322 0.9627 0.3586 0.0000 767.751 22.355 321.549
4657 0.000000 0 0.7395 0.5855 0.3322 0.9627 0.3586 0.0000 767.751 22.356 321.549
4658 0.000000 0 0.7395 0.5855 0.3322 0.9627 0.3586 0.0000 767.751 22.356 321.549
4659 0.000000 0 0.7395 0.5855 0.3322 0.9627 0.3586 0.0000 767.751 22.356 321.549
4660 0.000000 0 0.7394 0.5855 0.3322 0.9627 0.3586 0.0000 767.751 22.356 321.549
4661 0.000000 0 0.7394 0.5855 0.3322 0.9627 0.3586 0.0000 767.751 22.356 321.549
4662 0.000000 0 0.7394 0.5855 0.3322 0.9627 0.3586 0.0000 767.751 22.356 321.549
4663 0.000000 0 0.7394 0.5856 0.3322 0.9627 0.3586 0.0000 767.751 22.356 321.549
4664 0.000000 0 0.7394 0.5856 0.3322 0.9627 0.3586 0.0000 767.751 22.356 321.549
4665 0.000000 0 0.7394 0.5856 0.3322 0.9627 0.3586 0.0000 767.751 22.356 321.549
4666 0.000000 0 0.7394 0.5856 0.3322 0.9627 0.3586 0.0000 767.751 22.356 321.549
4667 0.000000 0 0.7394 0.5856 0.3322 0.9627 0.3586 0.0000 767.751 22.356 321.549
4668 0.000000 0 0.7394 0.5856 0.3322 0.9627 0.3586 0.0000 767.751 22.356 321.549
4669 0.000000 0 0.7394 0.5856 0.3322 0.9627 0.3586 0.0000 767.751 22.356 321.549
4670 0.000000 0 0.7394 0.5856 0.3322 0.9627 0.3586 0.0000 767.751 22.356 321.549
4671 0.000000 0 0.7394 0.5856 0.3322 0.9627 0.3586 0.0000 767.751 22.356 321.549
4672 0.000000 0 0.7394 0.5856 0.3322 0.9627 0.3586 0.0000 767.751 22.356 321.549
4673 0.000000 0 0.7394 0.5857 0.3322 0.9627 0.3586 0.0000 767.751 22.356 321.549
4674 0.000000 0 0.7394 0.5857 0.3322 0.9627 0.3586 0.0000 767.751 22.356 321.549
4675 0.000000 0 0.7393 0.5857 0.3322 0.9627 0.3586 0.0000 767.751 22.356 321.549
4676 0.000000 0 0.7393 0.5857 0.3322 0.9627 0.3586 0.0000 767.751 22.356 321.549
4677 0.000000 0 0.7393 0.5857 0.3322 0.9627 0.3586 0.0000 767.751 22.356 321.549
4678 0.000000 0 0.7393 0.5857 0.3322 0.9627 0.3586 0.0000 767.751 22.356 321.549
4679 0.000000 0 0.7393 0.5857 0.3322 0.9627 0.3586 0.0000 767.751 22.356 321.549
4680 0.000000 0 0.7393 0.5857 0.3322 0.9627 0.3586 0.0000 767.751 22.356 321.549
4681 0.000000 0 0.7393 0.5857 0.3322 0.9627 0.3586 0.0000 767.751 22.356 321.549
4682 0.000000 0 0.7393 0.5857 0.3322 0.9627 0.3586 0.0000 767.751 22.356 321.549
4683 0.000000 0 0.7393 0.5857 0.3322 0.9627 0.3586 0.0000 767.751 22.356 321.549
4684 0.000000 0 0.7393 0.5858 0.3322 0.9627 0.3586 0.0000 767.751 22.356 321.549
4685 0.000000 0 0.7393 0.5858 0.3322 0.9627 0.3586 0.0000 767.751 22.356 321.549
4686 0.000000 0 0.7393 0.5858 0.3322 0.9627 0.3586 0.0000 767.751 22.356 321.549
4687 0.000000 0 0.7393 0.5858 0.3322 0.9627 0.3586 0.0000 767.751 22.356 321.549
4688 0.000000 0 0.7393 0.5858 0.3322 0.9627 0.3586 0.0000 767.751 22.356 321.549
4689 0.000000 0 0.7393 0.5858 0.3322 0.9627 0.3586 0.0000 767.751 22.356 321.549
4690 0.000000 0 0.7392 0.5858 0.3322 0.9627 0.3586 0.0000 767.751 22.356 321.549
4691 0.000000 0 0.7392 0.5858 0.3322 0.9627 0.3586 0.0000 767.751 22.356 321.549
4692 0.000000 0 0.7392 0.5858 0.3322 0.9627 0.3586 0.0000 767.751 22.356 321.549
4693 0.000000 0 0.7392 0.5858 0.3322 0.9627 0.3586 0.0000 767.751 22.356 321.549
4694 0.000000 0 0.7392 0.5858 0.3322 0.9627 0.3586 0.0000 767.751 22.356 321.549
4695 0.000000 0 0.7392 0.5858 0.3322 0.9627 0.3586 0.0000 767.751 22.356 321.549
4696 0.000000 0 0.7392 0.5859 0.3322 0.9627 0.3586 0.0000 767.751 22.356 321.549
4697 0.000000 0 0.7392 0.5859 0.3322 0.9627 0.3586 0.0000 767.751 22.356 321.549
4698 0.000000 0 0.7392 0.5859 0.3322 0.9627 0.3586 0.0000 767.751 22.356 321.549
4699 0.000000 0 0.7392 0.5859 0.3322 0.9627 0.3586 0.0000 767.751 22.356 321.549
4700 0.000000 0 0.7392 0.5859 0.3322 0.9627 0.3586 0.0000 767.751 22.356 321.549
4701 0.000000 0 0.7392 0.5859 0.3322 0.9627 0.3586 0.0000 767.751 22.356 321.549
4702 0.000000 0 0.7392 0.5859 0.3322 0.9627 0.3586 0.0000 767.751 22.356 321.549
4703 0.000000 0 0.7392 0.5859 0.3322 0.9627 0.3586 0.0000 767.751 22.356 321.549
4704 0.000000 0 0.7392 0.5859 0.3322 0.9627 0.3586 0.0000 767.751 22.356 321.549
4705 0.000000 0 0.7392 0.5859 0.3322 0.9627 0.3586 0.0000 767.751 22.356 321.549
4706 0.000000 0 0.7391 0.5859 0.3322 0.9627 0.3586 0.0000 767.751 22.356 321.549
4707 0.000000 0 0.7391 0.5860 0.3322 0.9627 0.3586 0.0000 767.751 22.356 321.549
4708 0.000000 0 0.7391 0.5860 0.3322 0.9627 0.3586 0.0000 767.751 22.356 321.549
4709 0.000000 0 0.7391 0.5860 0.3322 0.9627 0.3586 0.0000 767.751 22.356 321.549
4710 0.000000 0 0.7391 0.5860 0.3322 0.9627 0.3586 0.0000 767.751 22.356 321.549
4711 0.000000 0 0.7391 0.5860 0.3322 0.9627 0.3586 0.0000 767.751 22.356 321.549
4712 0.000000 0 0.7391 0.5860 0.3322 0.9627 0.3586 0.0000 767.751 22.356 321.549
4713 0.000000 0 0.7391 0.5860 0.3322 0.9627 0.3586 0.0000 767.751 22.356 321.549
4714 0.000000 0 0.7391 0.5860 0.3322 0.9627 0.3586 0.0000 767.751 22.356 321.549
4715 0.000000 0 0.7391 0.5860 0.3322 0.9627 0.3586 0.0000 767.751 22.356 321.549
4716 0.000000 0 0.7391 0.5860 0.3322 0.9627 0.3586 0.0000 767.751 22.356 321.549
4717 0.000000 0 0.7391 0.5860 0.3321 0.9627 0.3586 0.0000 767.751 22.356 321.549
4718 0.000000 0 0.7391 0.5861 0.3321 0.9627 0.3586 0.0000 767.751 22.356 321.549
4719 0.000000 0 0.7391 0.5861 0.3321 0.9627 0.3586 0.0000 767.751 22.356 321.549
4720 0.000000 0 0.7391 0.5861 0.3321 0.9627 0.3586 0.0000 767.751 22.356 321.549
4721 0.000000 0 0.7390 0.5861 0.3321 0.9627 0.3586 0.0000 767.751 22.356 321.549
4722 0.000000 0 0.7390 0.5861 0.3321 0.9627 0.3586 0.0000 767.751 22.356 321.549
4723 0.000000 0 0.7390 0.5861 0.3321 0.9627 0.3586 0.0000 767.751 22.356 321.549
4724 0.000000 0 0.7390 0.5861 0.3321 0.9627 0.3586 0.0000 767.751 22.356 321.549
4725 0.000000 0 0.7390 0.5861 0.3321 0.9627 0.3586 0.0000 767.751 22.356 321.549
4726 0.000000 0 0.7390 0.5861 0.3321 0.9627 0.3586 0.0000 767.751 22.356 321.549
4727 0.000000 0 0.7390 0.5861 0.3321 0.9627 0.3586 0.0000 767.751 22.356 321.549
4728 0.000000 0 0.7390 0.5861 0.3321 0.9627 0.3586 0.0000 767.751 22.356 321.549
4729 0.000000 0 0.7390 0.5861 0.3321 0.9627 0.3586 0.0000 767.751 22.356 321.549
4730 0.000000 0 0.7390 0.5862 0.3321 0.9627 0.3586 0.0000 767.751 22.356 321.549
4731 0.000000 0 0.7390 0.5862 0.3321 0.9627 0.3586 0.0000 767.751 22.356 321.549
4732 0.000000 0 0.7390 0.5862 0.3321 0.9627 0.3586 0.0000 767.751 22.356 321.549
4733 0.000000 0 0.7390 0.5862 0.3321 0.9627 0.3586 0.0000 767.751 22.356 321.549
4734 0.000000 0 0.7390 0.5862 0.3321 0.9627 0.3586 0.0000 767.751 22.356 321.549
4735 0.000000 0 0.7390 0.5862 0.3321 0.9627 0.3586 0.0000 767.751 22.356 321.549
4736 0.000000 0 0.7390 0.5862 0.3321 0.9627 0.3586 0.0000 767.751 22.356 321.549
4737 0.000000 0 0.7389 0.5862 0.3321 0.9627 0.3586 0.0000 767.751 22.356 321.549
4738 0.000000 0 0.7389 0.5862 0.3321 0.9627 0.3586 0.0000 767.751 22.356 321.549
4739 0.000000 0 0.7389 0.5862 0.3321 0.9627 0.3586 0.0000 767.751 22.356 321.549
4740 0.000000 0 0.7389 0.5862 0.3321 0.9627 0.3586 0.0000 767.751 22.356 321.549
4741 0.000000 0 0.7389 0.5863 0.3321 0.9627 0.3586 0.0000 767.751 22.356 321.549
4742 0.000000 0 0.7389 0.5863 0.3321 0.9627 0.3586 0.0000 767.751 22.356 321.549
4743 0.000000 0 0.7389 0.5863 0.3321 0.9627 0.3586 0.0000 767.751 22.356 321.549
4744 0.000000 0 0.7389 0.5863 0.3321 0.9627 0.3586 0.0000 767.751 22.356 321.549
4745 0.000000 0 0.7389 0.5863 0.3321 0.9627 0.3586 0.0000 767.751 22.356 321.549
4746 0.000000 0 0.7389 0.5863 0.3321 0.9627 0.3586 0.0000 767.751 22.356 321.549
4747 0.000000 0 0.7389 0.5863 0.3321 0.9627 0.3586 0.0000 767.751 22.356 321.549
4748 0.000000 0 0.7389 0.5863 0.3321 0.9627 0.3586 0.0000 767.751 22.356 321.549
4749 0.000000 0 0.7389 0.5863 0.3321 0.9627 0.3586 0.0000 767.751 22.356 321.549
4750 0.000000 0 0.7389 0.5863 0.3321 0.9627 0.3586 0.0000 767.751 22.356 321.549
4751 0.000000 0 0.7389 0.5863 0.3321 0.9627 0.3586 0.0000 767.751 22.356 321.549
4752 0.000000 0 0.7388 0.5864 0.3321 0.9627 0.3586 0.0000 767.751 22.356 321.549
4753 0.000000 0 0.7388 0.5864 0.3321 0.9627 0.3586 0.0000 767.751 22.356 321.549
4754 0.000000 0 0.7388 0.5864 0.3321 0.9627 0.3586 0.0000 767.751 22.356 321.549
4755 0.000000 0 0.7388 0.5864 0.3321 0.9627 0.3586 0.0000 767.751 22.356 321.549
4756 0.000000 0 0.7388 0.5864 0.3321 0.9627 0.3586 0.0000 767.751 22.356 321.549
4757 0.000000 0 0.7388 0.5864 0.3321 0.9627 0.3586 0.0000 767.751 22.356 321.549
4758 0.000000 0 0.7388 0.5864 0.3321 0.9627 0.3586 0.0000 767.751 22.356 321.549
4759 0.000000 0 0.7388 0.5864 0.3321 0.9627 0.3586 0.0000 767.751 22.356 321.549
4760 0.000000 0 0.7388 0.5864 0.3321 0.9627 0.3586 0.0000 767.751 22.356 321.549
4761 0.000000 0 0.7388 0.5864 0.3321 0.9627 0.3586 0.0000 767.751 22.356 321.549
4762 0.000000 0 0.7388 0.5864 0.3321 0.9627 0.3586 0.0000 767.751 22.356 321.549
4763 0.000000 0 0.7388 0.5865 0.3321 0.9627 0.3586 0.0000 767.751 22.356 321.549
4764 0.000000 0 0.7388 0.5865 0.3321 0.9627 0.3586 0.0000 767.751 22.356 321.549
4765 0.000000 0 0.7388 0.5865 0.3321 0.9627 0.3586 0.0000 767.751 22.356 321.549
4766 0.000000 0 0.7388 0.5865 0.3321 0.9627 0.3586 0.0000 767.751 22.356 321.549
4767 0.000000 0 0.7387 0.5865 0.3321 0.9627 0.3586 0.0000 767.751 22.356 321.549
4768 0.000000 0 0.7387 0.5865 0.3321 0.9627 0.3586 0.0000 767.751 22.356 321.549
4769 0.000000 0 0.7387 0.5865 0.3321 0.9627 0.3586 0.0000 767.751 22.356 321.549
4770 0.000000 0 0.7387 0.5865 0.3321 0.9627 0.3586 0.0000 767.751 22.356 321.549
4771 0.000000 0 0.7387 0.5865 0.3321 0.9627 0.3586 0.0000 767.751 22.356 321.549
4772 0.000000 0 0.7387 0.5865 0.3321 0.9627 0.3586 0.0000 767.751 22.356 321.549
4773 0.000000 0 0.7387 0.5865 0.3321 0.9627 0.3586 0.0000 767.751 22.356 321.549
4774 0.000000 0 0.7387 0.5866 0.3321 0.9627 0.3586 0.0000 767.751 22.356 321.549
4775 0.000000 0 0.7387 0.5866 0.3321 0.9627 0.3586 0.0000 767.751 22.356 321.549
4776 0.000000 0 0.7387 0.5866 0.3321 0.9627 0.3586 0.0000 767.751 22.356 321.549
4777 0.000000 0 0.7387 0.5866 0.3321 0.9627 0.3586 0.0000 767.751 22.356 321.549
4778 0.000000 0 0.7387 0.5866 0.3321 0.9627 0.3586 0.0000 767.751 22.356 321.549
4779 0.000000 0 0.7387 0.5866 0.3321 0.9627 0.3586 0.0000 767.751 22.356 321.549
4780 0.000000 0 0.7387 0.5866 0.3321 0.9627 0.3586 0.0000 767.751 22.356 321.549
4781 0.000000 0 0.7387 0.5866 0.3321 0.9627 0.3586 0.0000 767.751 22.356 321.549
4782 0.000000 0 0.7386 0.5866 0.3321 0.9627 0.3586 0.0000 767.751 22.356 321.549
4783 0.000000 0 0.7386 0.5866 0.3321 0.9627 0.3586 0.0000 767.751 22.356 321.549
4784 0.000000 0 0.7386 0.5866 0.3321 0.9627 0.3586 0.0000 767.751 22.356 321.549
4785 0.000000 0 0.7386 0.5866 0.3321 0.9627 0.3586 0.0000 767.751 22.356 321.549
4786 0.000000 0 0.7386 0.5867 0.3321 0.9627 0.3586 0.0000 767.751 22.356 321.549
4787 0.000000 0 0.7386 0.5867 0.3321 0.9627 0.3586 0.0000 767.751 22.356 321.549
4788 0.000000 0 0.7386 0.5867 0.3321 0.9627 0.3586 0.0000 767.751 22.356 321.549
4789 0.000000 0 0.7386 0.5867 0.3321 0.9627 0.3586 0.0000 767.751 22.356 321.549
4790 0.000000 0 0.7386 0.5867 0.3321 0.9627 0.3586 0.0000 767.751 22.356 321.549
4791 0.000000 0 0.7386 0.5867 0.3321 0.9627 0.3586 0.0000 767.751 22.356 321.549
4792 0.000000 0 0.7386 0.5867 0.3321 0.9627 0.3586 0.0000 767.751 22.356 321.549
4793 0.000000 0 0.7386 0.5867 0.3321 0.9627 0.3586 0.0000 767.751 22.356 321.549
4794 0.000000 0 0.7386 0.5867 0.3321 0.9627 0.3586 0.0000 767.751 22.356 321.549
4795 0.000000 0 0.7386 0.5867 0.3321 0.9627 0.3586 0.0000 767.751 22.356 321.549
4796 0.000000 0 0.7386 0.5867 0.3321 0.9627 0.3586 0.0000 767.751 22.356 321.549
4797 0.000000 0 0.7386 0.5868 0.3321 0.9627 0.3586 0.0000 767.751 22.356 321.549
4798 0.000000 0 0.7385 0.5868 0.3321 0.9627 0.3586 0.0000 767.751 22.356 321.549
4799 0.000000 0 0.7385 0.5868 0.3321 0.9627 0.3586 0.0000 767.751 22.356 321.549
4800 0.000000 0 0.7385 0.5868 0.3320 0.9627 0.3586 0.0000 767.751 22.356 321.549
4801 0.000000 0 0.7385 0.5868 0.3320 0.9627 0.3586 0.0000 767.751 22.356 321.549
4802 0.000000 0 0.7385 0.5868 0.3320 0.9627 0.3586 0.0000 767.751 22.356 321.549
4803 0.000000 0 0.7385 0.5868 0.3320 0.9627 0.3586 0.0000 767.751 22.356 321.549
4804 0.000000 0 0.7385 0.5868 0.3320 0.9627 0.3586 0.0000 767.751 22.356 321.549
4805 0.000000 0 0.7385 0.5868 0.3320 0.9627 0.3586 0.0000 767.751 22.356 321.549
4806 0.000000 0 0.7385 0.5868 0.3320 0.9627 0.3586 0.0000 767.751 22.356 321.549
4807 0.000000 0 0.7385 0.5868 0.3320 0.9627 0.3586 0.0000 767.751 22.356 321.549
4808 0.000000 0 0.7385 0.5869 0.3320 0.9627 0.3586 0.0000 767.751 22.356 321.549
4809 0.000000 0 0.7385 0.5869 0.3320 0.9627 0.3586 0.0000 767.751 22.356 321.549
4810 0.000000 0 0.7385 0.5869 0.3320 0.9627 0.3586 0.0000 767.751 22.356 321.549
4811 0.000000 0 0.7385 0.5869 0.3320 0.9627 0.3586 0.0000 767.751 22.356 321.549
4812 0.000000 0 0.7385 0.5869 0.3320 0.9627 0.3586 0.0000 767.751 22.356 321.549
4813 0.000000 0 0.7384 0.5869 0.3320 0.9627 0.3586 0.0000 767.751 22.356 321.549
4814 0.000000 0 0.7384 0.5869 0.3320 0.9627 0.3586 0.0000 767.751 22.356 321.549
4815 0.000000 0 0.7384 0.5869 0.3320 0.9627 0.3586 0.0000 767.751 22.356 321.549
4816 0.000000 0 0.7384 0.5869 0.3320 0.9627 0.3586 0.0000 767.751 22.356 321.549
4817 0.000000 0 0.7384 0.5869 0.3320 0.9627 0.3586 0.0000 767.751 22.356 321.549
4818 0.000000 0 0.7384 0.5869 0.3320 0.9627 0.3586 0.0000 767.751 22.356 321.549
4819 0.000000 0 0.7384 0.5870 0.3320 0.9627 0.3586 0.0000 767.751 22.356 321.549
4820 0.000000 0 0.7384 0.5870 0.3320 0.9627 0.3586 0.0000 767.751 22.356 321.549
4821 0.000000 0 0.7384 0.5870 0.3320 0.9627 0.3586 0.0000 767.751 22.356 321.549
4822 0.000000 0 0.7384 0.5870 0.3320 0.9627 0.3586 0.0000 767.751 22.356 321.549
4823 0.000000 0 0.7384 0.5870 0.3320 0.9627 0.3586 0.0000 767.751 22.356 321.549
4824 0.000000 0 0.7384 0.5870 0.3320 0.9627 0.3586 0.0000 767.751 22.356 321.549
4825 0.000000 0 0.7384 0.5870 0.3320 0.9627 0.3586 0.0000 767.751 22.356 321.549
4826 0.000000 0 0.7384 0.5870 0.3320 0.9627 0.3586 0.0000 767.751 22.356 321.549
4827 0.000000 0 0.7384 0.5870 0.3320 0.9627 0.3586 0.0000 767.751 22.356 321.549
4828 0.000000 0 0.7383 0.5870 0.3320 0.9627 0.3586 0.0000 767.751 22.356 321.549
4829 0.000000 0 0.7383 0.5870 0.3320 0.9627 0.3586 0.0000 767.751 22.356 321.549
4830 0.000000 0 0.7383 0.5870 0.3320 0.9627 0.3586 0.0000 767.751 22.356 321.549
4831 0.000000 0 0.7383 0.5871 0.3320 0.9627 0.3586 0.0000 767.751 22.356 321.549
4832 0.000000 0 0.7383 0.5871 0.3320 0.9627 0.3586 0.0000 767.751 22.356 321.549
4833 0.000000 0 0.7383 0.5871 0.3320 0.9627 0.3586 0.0000 767.751 22.356 321.549
4834 0.000000 0 0.7383 0.5871 0.3320 0.9627 0.3586 0.0000 767.751 22.356 321.549
4835 0.000000 0 0.7383 0.5871 0.3320 0.9627 0.3586 0.0000 767.751 22.356 321.549
4836 0.000000 0 0.7383 0.5871 0.3320 0.9627 0.3586 0.0000 767.751 22.356 321.549
4837 0.000000 0 0.7383 0.5871 0.3320 0.9627 0.3586 0.0000 767.751 22.356 321.549
4838 0.000000 0 0.7383 0.5871 0.3320 0.9627 0.3586 0.0000 767.751 22.356 321.549
4839 0.000000 0 0.7383 0.5871 0.3320 0.9627 0.3586 0.0000 767.751 22.356 321.549
4840 0.000000 0 0.7383 0.5871 0.3320 0.9627 0.3586 0.0000 767.751 22.356 321.549
4841 0.000000 0 0.7383 0.5872 0.3320 0.9627 0.3586 0.0000 767.751 22.356 321.549
4842 0.000000 0 0.7383 0.5872 0.3320 0.9627 0.3586 0.0000 767.751 22.356 321.549
4843 0.000000 0 0.7383 0.5872 0.3320 0.9627 0.3586 0.0000 767.751 22.356 321.549
4844 0.000000 0 0.7382 0.5872 0.3320 0.9627 0.3586 0.0000 767.751 22.356 321.549
4845 0.000000 0 0.7382 0.5872 0.3320 0.9627 0.3586 0.0000 767.751 22.356 321.549
4846 0.000000 0 0.7382 0.5872 0.3320 0.9627 0.3586 0.0000 767.751 22.356 321.549
4847 0.000000 0 0.7382 0.5872 0.3320 0.9627 0.3586 0.0000 767.751 22.356 321.549
4848 0.000000 0 0.7382 0.5872 0.3320 0.9627 0.3586 0.0000 767.751 22.356 321.549
4849 0.000000 0 0.7382 0.5872 0.3320 0.9627 0.3586 0.0000 767.751 22.356 321.549
4850 0.000000 0 0.7382 0.5872 0.3320 0.9627 0.3586 0.0000 767.751 22.356 321.549
4851 0.000000 0 0.7382 0.5872 0.3320 0.9627 0.3586 0.0000 767.751 22.356 321.549
4852 0.000000 0 0.7382 0.5872 0.3320 0.9627 0.3586 0.0000 767.751 22.356 321.549
4853 0.000000 0 0.7382 0.5873 0.3320 0.9627 0.3586 0.0000 767.751 22.356 321.549
4854 0.000000 0 0.7382 0.5873 0.3320 0.9627 0.3586 0.0000 767.751 22.356 321.549
4855 0.000000 0 0.7382 0.5873 0.3320 0.9627 0.3586 0.0000 767.751 22.356 321.549
4856 0.000000 0 0.7382 0.5873 0.3320 0.9627 0.3586 0.0000 767.751 22.356 321.549
4857 0.000000 0 0.7382 0.5873 0.3320 0.9627 0.3586 0.0000 767.751 22.356 321.549
4858 0.000000 0 0.7382 0.5873 0.3320 0.9627 0.3586 0.0000 767.751 22.356 321.549
4859 0.000000 0 0.7381 0.5873 0.3320 0.9627 0.3586 0.0000 767.751 22.356 321.549
4860 0.000000 0 0.7381 0.5873 0.3320 0.9627 0.3586 0.0000 767.751 22.356 321.549
4861 0.000000 0 0.7381 0.5873 0.3320 0.9627 0.3586 0.0000 767.751 22.356 321.549
4862 0.000000 0 0.7381 0.5873 0.3320 0.9627 0.3586 0.0000 767.751 22.356 321.549
4863 0.000000 0 0.7381 0.5873 0.3320 0.9627 0.3586 0.0000 767.751 22.356 321.549
4864 0.000000 0 0.7381 0.5873 0.3320 0.9627 0.3586 0.0000 767.751 22.356 321.549
4865 0.000000 0 0.7381 0.5874 0.3320 0.9627 0.3586 0.0000 767.751 22.356 321.549
4866 0.000000 0 0.7381 0.5874 0.3320 0.9627 0.3586 0.0000 767.751 22.356 321.549
4867 0.000000 0 0.7381 0.5874 0.3320 0.9627 0.3586 0.0000 767.751 22.356 321.549
4868 0.000000 0 0.7381 0.5874 0.3320 0.9627 0.3586 0.0000 767.751 22.356 321.549
4869 0.000000 0 0.7381 0.5874 0.3320 0.9627 0.3586 0.0000 767.751 22.356 321.549
4870 0.000000 0 0.7381 0.5874 0.3320 0.9627 0.3586 0.0000 767.751 22.356 321.549
4871 0.000000 0 0.7381 0.5874 0.3320 0.9627 0.3586 0.0000 767.751 22.356 321.549
4872 0.000000 0 0.7381 0.5874 0.3320 0.9627 0.3586 0.0000 767.751 22.356 321.549
4873 0.000000 0 0.7381 0.5874 0.3320 0.9627 0.3586 0.0000 767.751 22.356 321.549
4874 0.000000 0 0.7380 0.5874 0.3320 0.9627 0.3586 0.0000 767.751 22.356 321.549
4875 0.000000 0 0.7380 0.5875 0.3320 0.9627 0.3586 0.0000 767.751 22.356 321.549
4876 0.000000 0 0.7380 0.5875 0.3320 0.9627 0.3586 0.0000 767.751 22.356 321.549
4877 0.000000 0 0.7380 0.5875 0.3320 0.9627 0.3586 0.0000 767.751 22.356 321.549
4878 0.000000 0 0.7380 0.5875 0.3320 0.9627 0.3586 0.0000 767.751 22.356 321.549
4879 0.000000 0 0.7380 0.5875 0.3320 0.9627 0.3586 0.0000 767.751 22.356 321.549
4880 0.000000 0 0.7380 0.5875 0.3320 0.9627 0.3586 0.0000 767.751 22.356 321.549
4881 0.000000 0 0.7380 0.5875 0.3320 0.9627 0.3586 0.0000 767.751 22.356 321.549
4882 0.000000 0 0.7380 0.5875 0.3320 0.9627 0.3586 0.0000 767.751 22.356 321.549
4883 0.000000 0 0.7380 0.5875 0.3319 0.9627 0.3586 0.0000 767.751 22.356 321.549
4884 0.000000 0 0.7380 0.5875 0.3319 0.9627 0.3586 0.0000 767.751 22.356 321.549
4885 0.000000 0 0.7380 0.5875 0.3319 0.9627 0.3586 0.0000 767.751 22.356 321.549
4886 0.000000 0 0.7380 0.5875 0.3319 0.9627 0.3586 0.0000 767.750 22.366 321.549
4887 0.000000 0 0.7380 0.5876 0.3319 0.9627 0.3586 0.0000 767.750 22.392 321.550
4888 0.000000 0 0.7380 0.5876 0.3319 0.9627 0.3586 0.0000 767.749 22.412 321.551
4889 0.000000 0 0.7380 0.5876 0.3319 0.9627 0.3586 0.0000 767.749 22.430 321.551
4890 0.000000 0 0.7379 0.5876 0.3319 0.9627 0.3586 0.0000 767.748 22.459 321.552
4891 0.000000 0 0.7379 0.5876 0.3319 0.9627 0.3586 0.0000 767.748 22.480 321.552
4892 0.000000 0 0.7379 0.5876 0.3319 0.9627 0.3586 0.0000 767.747 22.498 321.553
4893 0.000000 0 0.7379 0.5876 0.3319 0.9627 0.3586 0.0000 767.747 22.523 321.553
4894 0.000000 0 0.7379 0.5876 0.3319 0.9627 0.3586 0.0000 767.746 22.544 321.554
4895 0.000000 0 0.7379 0.5876 0.3319 0.9627 0.3586 0.0000 767.745 22.566 321.554
4896 0.000000 0 0.7379 0.5876 0.3319 0.9627 0.3586 0.0000 767.745 22.587 321.555
4897 0.000000 0 0.7379 0.5876 0.3319 0.9627 0.3586 0.0000 767.744 22.610 321.556
4898 0.000000 0 0.7379 0.5877 0.3319 0.9627 0.3586 0.0000 767.744 22.629 321.556
4899 0.000000 0 0.7379 0.5877 0.3319 0.9627 0.3586 0.0000 767.743 22.650 321.556
4900 0.000000 0 0.7379 0.5877 0.3319 0.9627 0.3586 0.0000 767.743 22.674 321.557
4901 0.000000 0 0.7379 0.5877 0.3319 0.9627 0.3586 0.0000 767.742 22.688 321.557
4902 0.000000 0 0.7379 0.5877 0.3319 0.9627 0.3586 0.0000 767.742 22.708 321.558
4903 0.000000 0 0.7379 0.5877 0.3319 0.9627 0.3586 0.0000 767.742 22.724 321.558
4904 0.000000 0 0.7379 0.5877 0.3319 0.9627 0.3586 0.0000 767.741 22.743 321.559
4905 0.000000 0 0.7378 0.5877 0.3319 0.9627 0.3586 0.0000 767.741 22.761 321.559
4906 0.000000 0 0.7378 0.5877 0.3319 0.9627 0.3586 0.0000 767.740 22.784 321.560
4907 0.000000 0 0.7378 0.5877 0.3319 0.9627 0.3586 0.0000 767.740 22.796 321.560
4908 0.000000 0 0.7378 0.5877 0.3319 0.9627 0.3586 0.0000 767.739 22.815 321.561
4909 0.000000 0 0.7378 0.5878 0.3319 0.9627 0.3586 0.0000 767.739 22.831 321.561
4910 0.000000 0 0.7378 0.5878 0.3319 0.9627 0.3586 0.0000 767.739 22.847 321.561
4911 0.000000 0 0.7378 0.5878 0.3319 0.9627 0.3586 0.0000 767.738 22.861 321.562
4912 0.000000 0 0.7378 0.5878 0.3319 0.9627 0.3586 0.0000 767.738 22.876 321.562
4913 0.000000 0 0.7378 0.5878 0.3319 0.9627 0.3586 0.0000 767.737 22.892 321.563
4914 0.000000 0 0.7378 0.5878 0.3319 0.9627 0.3586 0.0000 767.737 22.908 321.563
4915 0.000000 0 0.7378 0.5878 0.3319 0.9627 0.3586 0.0000 767.737 22.924 321.563
4916 0.000000 0 0.7378 0.5878 0.3319 0.9627 0.3586 0.0000 767.736 22.938 321.564
4917 0.000000 0 0.7378 0.5878 0.3319 0.9627 0.3586 0.0000 767.736 22.949 321.564
4918 0.000000 0 0.7378 0.5878 0.3319 0.9627 0.3586 0.0000 767.736 22.964 321.564
4919 0.000000 0 0.7378 0.5878 0.3319 0.9627 0.3586 0.0000 767.735 22.979 321.565
4920 0.000000 0 0.7377 0.5879 0.3319 0.9627 0.3586 0.0000 767.735 22.992 321.565
4921 0.000000 0 0.7377 0.5879 0.3319 0.9627 0.3586 0.0000 767.734 23.007 321.565
4922 0.000000 0 0.7377 0.5879 0.3319 0.9627 0.3586 0.0000 767.734 23.018 321.566
4923 0.000000 0 0.7377 0.5879 0.3319 0.9627 0.3586 0.0000 767.734 23.034 321.566
4924 0.000000 0 0.7377 0.5879 0.3319 0.9627 0.3586 0.0000 767.734 23.044 321.566
4925 0.000000 0 0.7377 0.5879 0.3319 0.9627 0.3586 0.0000 767.733 23.054 321.567
4926 0.000000 0 0.7377 0.5879 0.3319 0.9627 0.3586 0.0000 767.733 23.065 321.567
4927 0.000000 0 0.7377 0.5879 0.3319 0.9627 0.3586 0.0000 767.733 23.077 321.567
4928 0.000000 0 0.7377 0.5879 0.3319 0.9627 0.3586 0.0000 767.732 23.089 321.567
4929 0.000000 0 0.7377 0.5879 0.3319 0.9627 0.3586 0.0000 767.732 23.098 321.568
4930 0.000000 0 0.7377 0.5879 0.3319 0.9627 0.3586 0.0000 767.732 23.109 321.568
4931 0.000000 0 0.7377 0.5879 0.3319 0.9627 0.3586 0.0000 767.732 23.123 321.568
4932 0.000000 0 0.7377 0.5880 0.3319 0.9627 0.3586 0.0000 767.731 23.130 321.569
4933 0.000000 0 0.7377 0.5880 0.3319 0.9627 0.3586 0.0000 767.731 23.140 321.569
4934 0.000000 0 0.7377 0.5880 0.3319 0.9627 0.3586 0.0000 767.731 23.152 321.569
4935 0.000000 0 0.7376 0.5880 0.3319 0.9627 0.3586 0.0000 767.731 23.164 321.569
4936 0.000000 0 0.7376 0.5880 0.3319 0.9627 0.3586 0.0000 767.730 23.174 321.570
4937 0.000000 0 0.7376 0.5880 0.3319 0.9627 0.3586 0.0000 767.730 23.180 321.570
4938 0.000000 0 0.7376 0.5880 0.3319 0.9627 0.3586 0.0000 767.730 23.189 321.570
4939 0.000000 0 0.7376 0.5880 0.3319 0.9627 0.3586 0.0000 767.730 23.197 321.570
4940 0.000000 0 0.7376 0.5880 0.3319 0.9627 0.3586 0.0000 767.730 23.206 321.570
4941 0.000000 0 0.7376 0.5880 0.3319 0.9627 0.3586 0.0000 767.729 23.213 321.571
4942 0.000000 0 0.7376 0.5880 0.3319 0.9627 0.3586 0.0000 767.729 23.220 321.571
4943 0.000000 0 0.7376 0.5881 0.3319 0.9627 0.3586 0.0000 767.729 23.228 321.571
4944 0.000000 0 0.7376 0.5881 0.3319 0.9627 0.3586 0.0000 767.729 23.235 321.571
4945 0.000000 0 0.7376 0.5881 0.3319 0.9627 0.3586 0.0000 767.729 23.240 321.571
4946 0.000000 0 0.7376 0.5881 0.3319 0.9627 0.3586 0.0000 767.729 23.246 321.571
4947 0.000000 0 0.7376 0.5881 0.3319 0.9627 0.3586 0.0000 767.728 23.256 321.572
4948 0.000000 0 0.7376 0.5881 0.3319 0.9627 0.3586 0.0000 767.728 23.258 321.572
4949 0.000000 0 0.7376 0.5881 0.3319 0.9627 0.3586 0.0000 767.728 23.263 321.572
4950 0.000000 0 0.7376 0.5881 0.3319 0.9627 0.3586 0.0000 767.728 23.269 321.572
4951 0.000000 0 0.7375 0.5881 0.3319 0.9627 0.3586 0.0000 767.728 23.274 321.572
4952 0.000000 0 0.7375 0.5881 0.3319 0.9627 0.3586 0.0000 767.728 23.278 321.572
4953 0.000000 0 0.7375 0.5881 0.3319 0.9627 0.3586 0.0000 767.728 23.284 321.572
4954 0.000000 0 0.7375 0.5881 0.3319 0.9627 0.3586 0.0000 767.727 23.288 321.572
4955 0.000000 0 0.7375 0.5882 0.3319 0.9627 0.3586 0.0000 767.727 23.291 321.573
4956 0.000000 0 0.7375 0.5882 0.3319 0.9627 0.3586 0.0000 767.727 23.295 321.573
4957 0.000000 0 0.7375 0.5882 0.3319 0.9627 0.3586 0.0000 767.727 23.298 321.573
4958 0.000000 0 0.7375 0.5882 0.3319 0.9627 0.3586 0.0000 767.727 23.301 321.573
4959 0.000000 0 0.7375 0.5882 0.3319 0.9627 0.3586 0.0000 767.727 23.304 321.573
4960 0.000000 0 0.7375 0.5882 0.3319 0.9627 0.3586 0.0000 767.727 23.307 321.573
4961 0.000000 0 0.7375 0.5882 0.3319 0.9627 0.3586 0.0000 767.727 23.309 321.573
4962 0.000000 0 0.7375 0.5882 0.3319 0.9627 0.3586 0.0000 767.727 23.310 321.573
4963 0.000000 0 0.7375 0.5882 0.3319 0.9627 0.3586 0.0000 767.727 23.312 321.573
4964 0.000000 0 0.7375 0.5882 0.3319 0.9627 0.3586 0.0000 767.727 23.314 321.573
4965 0.000000 0 0.7375 0.5882 0.3319 0.9627 0.3586 0.0000 767.727 23.315 321.573
4966 0.000000 0 0.7375 0.5883 0.3318 0.9627 0.3586 0.0000 767.727 23.316 321.573
4967 0.000000 0 0.7374 0.5883 0.3318 0.9627 0.3586 0.0000 767.727 23.317 321.573
4968 0.000000 0 0.7374 0.5883 0.3318 0.9627 0.3586 0.0000 767.727 23.317 321.573
4969 0.000000 0 0.7374 0.5883 0.3318 0.9627 0.3586 0.0000 767.727 23.317 321.573
4970 0.000000 0 0.7374 0.5883 0.3318 0.9627 0.3586 0.0000 767.727 23.317 321.573
4971 0.000000 0 0.7374 0.5883 0.3318 0.9627 0.3586 0.0000 767.727 23.317 321.573
4972 0.000000 0 0.7374 0.5883 0.3318 0.9627 0.3586 0.0000 767.727 23.316 321.573
4973 0.000000 0 0.7374 0.5883 0.3318 0.9627 0.3586 0.0000 767.727 23.315 321.573
4974 0.000000 0 0.7374 0.5883 0.3318 0.9627 0.3586 0.0000 767.727 23.314 321.573
4975 0.000000 0 0.7374 0.5883 0.3318 0.9627 0.3586 0.0000 767.727 23.310 321.573
4976 0.000000 0 0.7374 0.5883 0.3318 0.9627 0.3586 0.0000 767.727 23.310 321.573
4977 0.000000 0 0.7374 0.5883 0.3318 0.9627 0.3586 0.0000 767.727 23.308 321.573
4978 0.000000 0 0.7374 0.5884 0.3318 0.9627 0.3586 0.0000 767.727 23.305 321.573
4979 0.000000 0 0.7374 0.5884 0.3318 0.9627 0.3586 0.0000 767.727 23.302 321.573
4980 0.000000 0 0.7374 0.5884 0.3318 0.9627 0.3586 0.0000 767.727 23.299 321.573
4981 0.000000 0 0.7374 0.5884 0.3318 0.9627 0.3586 0.0000 767.727 23.295 321.573
4982 0.000000 0 0.7373 0.5884 0.3318 0.9627 0.3586 0.0000 767.727 23.292 321.573
4983 0.000000 0 0.7373 0.5884 0.3318 0.9627 0.3586 0.0000 767.727 23.287 321.572
4984 0.000000 0 0.7373 0.5884 0.3318 0.9627 0.3586 0.0000 767.727 23.283 321.572
4985 0.000000 0 0.7373 0.5884 0.3318 0.9627 0.3586 0.0000 767.727 23.278 321.572
4986 0.000000 0 0.7373 0.5884 0.3318 0.9627 0.3586 0.0000 767.728 23.272 321.572
4987 0.000000 0 0.7373 0.5884 0.3318 0.9627 0.3586 0.0000 767.728 23.267 321.572
4988 0.000000 0 0.7373 0.5885 0.3318 0.9627 0.3586 0.0000 767.728 23.260 321.572
4989 0.000000 0 0.7373 0.5885 0.3318 0.9627 0.3586 0.0000 767.728 23.250 321.572
4990 0.000000 0 0.7373 0.5885 0.3318 0.9627 0.3586 0.0000 767.728 23.245 321.572
4991 0.000000 0 0.7373 0.5885 0.3318 0.9627 0.3586 0.0000 767.728 23.237 321.572
4992 0.000000 0 0.7373 0.5885 0.3318 0.9627 0.3586 0.0000 767.729 23.231 321.571
4993 0.000000 0 0.7373 0.5885 0.3318 0.9627 0.3586 0.0000 767.729 23.224 321.571
4994 0.000000 0 0.7373 0.5885 0.3318 0.9627 0.3586 0.0000 767.729 23.216 321.571
4995 0.000000 0 0.7373 0.5885 0.3318 0.9627 0.3586 0.0000 767.729 23.211 321.571
4996 0.000000 0 0.7372 0.5885 0.3318 0.9627 0.3586 0.0000 767.729 23.202 321.571
4997 0.000000 0 0.7372 0.5885 0.3318 0.9627 0.3586 0.0000 767.729 23.195 321.571
4998 0.000000 0 0.7372 0.5886 0.3318 0.9627 0.3586 0.0000 767.730 23.171 321.570
4999 0.000000 0 0.7372 0.5886 0.3318 0.9627 0.3586 0.0000 767.730 23.170 321.570
5000 0.000000 0 0.7372 0.5886 0.3318 0.9627 0.3586 0.0000 767.730 23.168 321.570
5001 0.000000 0 0.7372 0.5886 0.3318 0.9627 0.3586 0.0000 767.731 23.159 321.569
5002 0.000000 0 0.7372 0.5886 0.3318 0.9627 0.3586 0.0000 767.731 23.150 321.569
5003 0.000000 0 0.7372 0.5886 0.3318 0.9627 0.3586 0.0000 767.731 23.140 321.569
5004 0.000000 0 0.7372 0.5886 0.3318 0.9627 0.3586 0.0000 767.731 23.131 321.569
5005 0.000000 0 0.7372 0.5886 0.3318 0.9627 0.3586 0.0000 767.731 23.122 321.569
5006 0.000000 0 0.7372 0.5886 0.3318 0.9627 0.3586 0.0000 767.732 23.113 321.568
5007 0.000000 0 0.7372 0.5886 0.3318 0.9627 0.3586 0.0000 767.732 23.101 321.568
5008 0.000000 0 0.7372 0.5886 0.3318 0.9627 0.3586 0.0000 767.732 23.088 321.568
5009 0.000000 0 0.7372 0.5886 0.3318 0.9627 0.3586 0.0000 767.732 23.078 321.568
5010 0.000000 0 0.7372 0.5887 0.3318 0.9627 0.3586 0.0000 767.732 23.063 321.568
5011 0.000000 0 0.7372 0.5887 0.3318 0.9627 0.3586 0.0000 767.733 23.056 321.567
5012 0.000000 0 0.7371 0.5887 0.3318 0.9627 0.3586 0.0000 767.733 23.043 321.567
5013 0.000000 0 0.7371 0.5887 0.3318 0.9627 0.3586 0.0000 767.734 23.029 321.566
5014 0.000000 0 0.7371 0.5887 0.3318 0.9627 0.3586 0.0000 767.734 23.011 321.566
5015 0.000000 0 0.7371 0.5887 0.3318 0.9627 0.3586 0.0000 767.734 23.001 321.566
5016 0.000000 0 0.7371 0.5887 0.3318 0.9627 0.3586 0.0000 767.734 22.986 321.566
5017 0.000000 0 0.7371 0.5887 0.3318 0.9627 0.3586 0.0000 767.735 22.959 321.565
5018 0.000000 0 0.7371 0.5887 0.3318 0.9627 0.3586 0.0000 767.735 22.957 321.564
5019 0.000000 0 0.7371 0.5887 0.3318 0.9627 0.3586 0.0000 767.736 22.946 321.564
5020 0.000000 0 0.7371 0.5887 0.3318 0.9627 0.3586 0.0000 767.736 22.935 321.564
5021 0.000000 0 0.7371 0.5887 0.3318 0.9627 0.3586 0.0000 767.736 22.918 321.564
5022 0.000000 0 0.7371 0.5888 0.3318 0.9627 0.3586 0.0000 767.736 22.902 321.564
5023 0.000000 0 0.7371 0.5888 0.3318 0.9627 0.3586 0.0000 767.736 22.889 321.563
5024 0.000000 0 0.7371 0.5888 0.3318 0.9627 0.3586 0.0000 767.737 22.875 321.563
5025 0.000000 0 0.7371 0.5888 0.3318 0.9627 0.3586 0.0000 767.738 22.863 321.562
5026 0.000000 0 0.7371 0.5888 0.3318 0.9627 0.3586 0.0000 767.738 22.844 321.561
5027 0.000000 0 0.7371 0.5888 0.3318 0.9627 0.3586 0.0000 767.738 22.833 321.561
5028 0.000000 0 0.7370 0.5888 0.3318 0.9627 0.3586 0.0000 767.738 22.810 321.561
5029 0.000000 0 0.7370 0.5888 0.3318 0.9627 0.3586 0.0000 767.738 22.800 321.561
5030 0.000000 0 0.7370 0.5888 0.3318 0.9627 0.3586 0.0000 767.739 22.786 321.561
5031 0.000000 0 0.7370 0.5888 0.3318 0.9627 0.3586 0.0000 767.740 22.769 321.560
5032 0.000000 0 0.7370 0.5888 0.3318 0.9627 0.3586 0.0000 767.740 22.754 321.559
5033 0.000000 0 0.7370 0.5888 0.3318 0.9627 0.3586 0.0000 767.741 22.706 321.559
5034 0.000000 0 0.7370 0.5889 0.3318 0.9627 0.3586 0.0000 767.741 22.614 321.559
5035 0.000000 0 0.7370 0.5889 0.3318 0.9627 0.3586 0.0000 767.741 22.516 321.559
5036 0.000000 0 0.7370 0.5889 0.3318 0.9627 0.3586 0.0000 767.741 22.398 321.559
5037 0.000000 0 0.7370 0.5889 0.3318 0.9627 0.3586 0.0000 767.743 22.355 321.557
5038 0.000000 0 0.7370 0.5889 0.3318 0.9627 0.3586 0.0000 767.746 22.353 321.554
5039 0.000000 0 0.7370 0.5889 0.3318 0.9627 0.3586 0.0000 767.749 22.351 321.551
5040 0.000000 0 0.7370 0.5889 0.3318 0.9627 0.3586 0.0000 767.751 22.348 321.549
5041 0.000000 0 0.7370 0.5889 0.3318 0.9627 0.3586 0.0000 767.751 22.342 321.549
5042 0.000000 0 0.7370 0.5889 0.3318 0.9627 0.3586 0.0000 767.751 22.339 321.549
5043 0.000000 0 0.7370 0.5889 0.3318 0.9627 0.3586 0.0000 767.751 22.334 321.549
5044 0.000000 0 0.7369 0.5889 0.3318 0.9627 0.3586 0.0000 767.751 22.327 321.549
5045 0.000000 0 0.7369 0.5889 0.3318 0.9627 0.3586 0.0000 767.751 22.321 321.549
5046 0.000000 0 0.7369 0.5890 0.3318 0.9627 0.3586 0.0000 767.751 22.314 321.549
5047 0.000000 0 0.7369 0.5890 0.3318 0.9627 0.3586 0.0000 767.751 22.309 321.549
5048 0.000000 0 0.7369 0.5890 0.3318 0.9627 0.3586 0.0000 767.751 22.302 321.549
5049 0.000000 0 0.7369 0.5890 0.3318 0.9627 0.3586 0.0000 767.751 22.295 321.549
5050 0.000000 0 0.7369 0.5890 0.3317 0.9627 0.3586 0.0000 767.751 22.291 321.549
5051 0.000000 0 0.7369 0.5890 0.3317 0.9627 0.3586 0.0000 767.751 22.288 321.549
5052 0.000000 0 0.7369 0.5890 0.3317 0.9627 0.3586 0.0000 767.751 22.285 321.549
5053 0.000000 0 0.7369 0.5890 0.3317 0.9627 0.3586 0.0000 767.751 22.283 321.549
5054 0.000000 0 0.7369 0.5890 0.3317 0.9627 0.3586 0.0000 767.751 22.282 321.549
5055 0.000000 0 0.7369 0.5890 0.3317 0.9627 0.3586 0.0000 767.751 22.282 321.549
5056 0.000000 0 0.7369 0.5890 0.3317 0.9627 0.3586 0.0000 767.751 22.281 321.549
5057 0.000000 0 0.7369 0.5890 0.3317 0.9627 0.3586 0.0000 767.751 22.282 321.549
5058 0.000000 0 0.7369 0.5891 0.3317 0.9627 0.3586 0.0000 767.751 22.282 321.549
5059 0.000000 0 0.7369 0.5891 0.3317 0.9627 0.3586 0.0000 767.751 22.283 321.549
5060 0.000000 0 0.7368 0.5891 0.3317 0.9627 0.3586 0.0000 767.751 22.285 321.549
5061 0.000000 0 0.7368 0.5891 0.3317 0.9627 0.3586 0.0000 767.751 22.287 321.549
5062 0.000000 0 0.7368 0.5891 0.3317 0.9627 0.3586 0.0000 767.751 22.289 321.549
5063 0.000000 0 0.7368 0.5891 0.3317 0.9627 0.3586 0.0000 767.751 22.292 321.549
5064 0.000000 0 0.7368 0.5891 0.3317 0.9627 0.3586 0.0000 767.751 22.295 321.549
5065 0.000000 0 0.7368 0.5891 0.3317 0.9627 0.3586 0.0000 767.751 22.298 321.549
5066 0.000000 0 0.7368 0.5891 0.3317 0.9627 0.3586 0.0000 767.751 22.300 321.549
5067 0.000000 0 0.7368 0.5891 0.3317 0.9627 0.3586 0.0000 767.751 22.304 321.549
5068 0.000000 0 0.7368 0.5891 0.3317 0.9627 0.3586 0.0000 767.751 22.307 321.549
5069 0.000000 0 0.7368 0.5891 0.3317 0.9627 0.3586 0.0000 767.751 22.310 321.549
5070 0.000000 0 0.7368 0.5892 0.3317 0.9627 0.3586 0.0000 767.751 22.314 321.549
5071 0.000000 0 0.7368 0.5892 0.3317 0.9627 0.3586 0.0000 767.751 22.317 321.549
5072 0.000000 0 0.7368 0.5892 0.3317 0.9627 0.3586 0.0000 767.751 22.320 321.549
5073 0.000000 0 0.7368 0.5892 0.3317 0.9627 0.3586 0.0000 767.751 22.325 321.549
5074 0.000000 0 0.7368 0.5892 0.3317 0.9627 0.3586 0.0000 767.751 22.327 321.549
5075 0.000000 0 0.7368 0.5892 0.3317 0.9627 0.3586 0.0000 767.751 22.330 321.549
5076 0.000000 0 0.7367 0.5892 0.3317 0.9627 0.3586 0.0000 767.751 22.333 321.549
5077 0.000000 0 0.7367 0.5892 0.3317 0.9627 0.3586 0.0000 767.751 22.336 321.549
5078 0.000000 0 0.7367 0.5892 0.3317 0.9627 0.3586 0.0000 767.751 22.338 321.549
5079 0.000000 0 0.7367 0.5892 0.3317 0.9627 0.3586 0.0000 767.751 22.340 321.549
5080 0.000000 0 0.7367 0.5892 0.3317 0.9627 0.3586 0.0000 767.751 22.343 321.549
5081 0.000000 0 0.7367 0.5893 0.3317 0.9627 0.3586 0.0000 767.751 22.345 321.549
5082 0.000000 0 0.7367 0.5893 0.3317 0.9627 0.3586 0.0000 767.751 22.347 321.549
5083 0.000000 0 0.7367 0.5893 0.3317 0.9627 0.3586 0.0000 767.751 22.348 321.549
5084 0.000000 0 0.7367 0.5893 0.3317 0.9627 0.3586 0.0000 767.751 22.349 321.549
5085 0.000000 0 0.7367 0.5893 0.3317 0.9627 0.3586 0.0000 767.751 22.351 321.549
5086 0.000000 0 0.7367 0.5893 0.3317 0.9627 0.3586 0.0000 767.751 22.351 321.549
5087 0.000000 0 0.7367 0.5893 0.3317 0.9627 0.3586 0.0000 767.751 22.352 321.549
5088 0.000000 0 0.7367 0.5893 0.3317 0.9627 0.3586 0.0000 767.751 22.353 321.549
5089 0.000000 0 0.7367 0.5893 0.3317 0.9627 0.3586 0.0000 767.751 22.353 321.549
5090 0.000000 0 0.7367 0.5893 0.3317 0.9627 0.3586 0.0000 767.751 22.353 321.549
5091 0.000000 0 0.7366 0.5893 0.3317 0.9627 0.3586 0.0000 767.751 22.354 321.549
5092 0.000000 0 0.7366 0.5894 0.3317 0.9627 0.3586 0.0000 767.751 22.355 321.549
5093 0.000000 0 0.7366 0.5894 0.3317 0.9627 0.3586 0.0000 767.751 22.355 321.549
5094 0.000000 0 0.7366 0.5894 0.3317 0.9627 0.3586 0.0000 767.751 22.355 321.549
5095 0.000000 0 0.7366 0.5894 0.3317 0.9627 0.3586 0.0000 767.751 22.356 321.549
5096 0.000000 0 0.7366 0.5894 0.3317 0.9627 0.3586 0.0000 767.751 22.356 321.549
5097 0.000000 0 0.7366 0.5894 0.3317 0.9627 0.3586 0.0000 767.751 22.356 321.549
5098 0.000000 0 0.7366 0.5894 0.3317 0.9627 0.3586 0.0000 767.751 22.356 321.549
5099 0.000000 0 0.7366 0.5894 0.3317 0.9627 0.3586 0.0000 767.751 22.356 321.549
5100 0.000000 0 0.7366 0.5894 0.3317 0.9627 0.3586 0.0000 767.751 22.356 321.549
5101 0.000000 0 0.7366 0.5894 0.3317 0.9627 0.3586 0.0000 767.751 22.356 321.549
5102 0.000000 0 0.7366 0.5894 0.3317 0.9627 0.3586 0.0000 767.751 22.356 321.549
5103 0.000000 0 0.7366 0.5895 0.3317 0.9627 0.3586 0.0000 767.751 22.356 321.549
5104 0.000000 0 0.7366 0.5895 0.3317 0.9627 0.3586 0.0000 767.751 22.356 321.549
5105 0.000000 0 0.7366 0.5895 0.3317 0.9627 0.3586 0.0000 767.751 22.356 321.549
5106 0.000000 0 0.7365 0.5895 0.3317 0.9627 0.3586 0.0000 767.751 22.356 321.549
5107 0.000000 0 0.7365 0.5895 0.3317 0.9627 0.3586 0.0000 767.751 22.356 321.549
5108 0.000000 0 0.7365 0.5895 0.3317 0.9627 0.3586 0.0000 767.751 22.356 321.549
5109 0.000000 0 0.7365 0.5895 0.3317 0.9627 0.3586 0.0000 767.751 22.356 321.549
5110 0.000000 0 0.7365 0.5895 0.3317 0.9627 0.3586 0.0000 767.751 22.356 321.549
5111 0.000000 0 0.7365 0.5895 0.3317 0.9627 0.3586 0.0000 767.751 22.356 321.549
5112 0.000000 0 0.7365 0.5895 0.3317 0.9627 0.3586 0.0000 767.751 22.356 321.549
5113 0.000000 0 0.7365 0.5895 0.3317 0.9627 0.3586 0.0000 767.751 22.356 321.549
5114 0.000000 0 0.7365 0.5896 0.3317 0.9627 0.3586 0.0000 767.751 22.356 321.549
5115 0.000000 0 0.7365 0.5896 0.3317 0.9627 0.3586 0.0000 767.751 22.356 321.549
5116 0.000000 0 0.7365 0.5896 0.3317 0.9627 0.3586 0.0000 767.751 22.356 321.549
5117 0.000000 0 0.7365 0.5896 0.3317 0.9627 0.3586 0.0000 767.751 22.356 321.549
5118 0.000000 0 0.7365 0.5896 0.3317 0.9627 0.3586 0.0000 767.751 22.356 321.549
5119 0.000000 0 0.7365 0.5896 0.3317 0.9627 0.3586 0.0000 767.751 22.356 321.549
5120 0.000000 0 0.7365 0.5896 0.3317 0.9627 0.3586 0.0000 767.751 22.356 321.549
5121 0.000000 0 0.7364 0.5896 0.3317 0.9627 0.3586 0.0000 767.751 22.356 321.549
5122 0.000000 0 0.7364 0.5896 0.3317 0.9627 0.3586 0.0000 767.751 22.356 321.549
5123 0.000000 0 0.7364 0.5896 0.3317 0.9627 0.3586 0.0000 767.751 22.356 321.549
5124 0.000000 0 0.7364 0.5896 0.3317 0.9627 0.3586 0.0000 767.751 22.356 321.549
5125 0.000000 0 0.7364 0.5896 0.3317 0.9627 0.3586 0.0000 767.751 22.356 321.549
5126 0.000000 0 0.7364 0.5897 0.3317 0.9627 0.3586 0.0000 767.751 22.356 321.549
5127 0.000000 0 0.7364 0.5897 0.3317 0.9627 0.3586 0.0000 767.751 22.356 321.549
5128 0.000000 0 0.7364 0.5897 0.3317 0.9627 0.3586 0.0000 767.751 22.356 321.549
5129 0.000000 0 0.7364 0.5897 0.3317 0.9627 0.3586 0.0000 767.751 22.356 321.549
5130 0.000000 0 0.7364 0.5897 0.3317 0.9627 0.3586 0.0000 767.751 22.356 321.549
5131 0.000000 0 0.7364 0.5897 0.3317 0.9627 0.3586 0.0000 767.751 22.356 321.549
5132 0.000000 0 0.7364 0.5897 0.3317 0.9627 0.3586 0.0000 767.751 22.356 321.549
5133 0.000000 0 0.7364 0.5897 0.3317 0.9627 0.3586 0.0000 767.751 22.356 321.549
5134 0.000000 0 0.7364 0.5897 0.3316 0.9627 0.3586 0.0000 767.751 22.356 321.549
5135 0.000000 0 0.7364 0.5897 0.3316 0.9627 0.3586 0.0000 767.751 22.356 321.549
5136 0.000000 0 0.7364 0.5897 0.3316 0.9627 0.3586 0.0000 767.751 22.356 321.549
5137 0.000000 0 0.7363 0.5898 0.3316 0.9627 0.3586 0.0000 767.751 22.356 321.549
5138 0.000000 0 0.7363 0.5898 0.3316 0.9627 0.3586 0.0000 767.751 22.356 321.549
5139 0.000000 0 0.7363 0.5898 0.3316 0.9627 0.3586 0.0000 767.751 22.356 321.549
5140 0.000000 0 0.7363 0.5898 0.3316 0.9627 0.3586 0.0000 767.751 22.356 321.549
5141 0.000000 0 0.7363 0.5898 0.3316 0.9627 0.3586 0.0000 767.751 22.356 321.549
5142 0.000000 0 0.7363 0.5898 0.3316 0.9627 0.3586 0.0000 767.751 22.356 321.549
5143 0.000000 0 0.7363 0.5898 0.3316 0.9627 0.3586 0.0000 767.751 22.356 321.549
5144 0.000000 0 0.7363 0.5898 0.3316 0.9627 0.3586 0.0000 767.751 22.356 321.549
5145 0.000000 0 0.7363 0.5898 0.3316 0.9627 0.3586 0.0000 767.751 22.356 321.549
5146 0.000000 0 0.7363 0.5898 0.3316 0.9627 0.3586 0.0000 767.751 22.356 321.549
5147 0.000000 0 0.7363 0.5898 0.3316 0.9627 0.3586 0.0000 767.751 22.356 321.549
5148 0.000000 0 0.7363 0.5898 0.3316 0.9627 0.3586 0.0000 767.751 22.356 321.549
5149 0.000000 0 0.7363 0.5899 0.3316 0.9627 0.3586 0.0000 767.751 22.356 321.549
5150 0.000000 0 0.7363 0.5899 0.3316 0.9627 0.3586 0.0000 767.751 22.356 321.549
5151 0.000000 0 0.7363 0.5899 0.3316 0.9627 0.3586 0.0000 767.751 22.356 321.549
5152 0.000000 0 0.7362 0.5899 0.3316 0.9627 0.3586 0.0000 767.751 22.356 321.549
5153 0.000000 0 0.7362 0.5899 0.3316 0.9627 0.3586 0.0000 767.751 22.356 321.549
5154 0.000000 0 0.7362 0.5899 0.3316 0.9627 0.3586 0.0000 767.751 22.356 321.549
5155 0.000000 0 0.7362 0.5899 0.3316 0.9627 0.3586 0.0000 767.751 22.356 321.549
5156 0.000000 0 0.7362 0.5899 0.3316 0.9627 0.3586 0.0000 767.751 22.356 321.549
5157 0.000000 0 0.7362 0.5899 0.3316 0.9627 0.3586 0.0000 767.751 22.356 321.549
5158 0.000000 0 0.7362 0.5899 0.3316 0.9627 0.3586 0.0000 767.751 22.356 321.549
5159 0.000000 0 0.7362 0.5899 0.3316 0.9627 0.3586 0.0000 767.751 22.356 321.549
5160 0.000000 0 0.7362 0.5900 0.3316 0.9627 0.3586 0.0000 767.751 22.356 321.549
5161 0.000000 0 0.7362 0.5900 0.3316 0.9627 0.3586 0.0000 767.751 22.356 321.549
5162 0.000000 0 0.7362 0.5900 0.3316 0.9627 0.3586 0.0000 767.751 22.356 321.549
5163 0.000000 0 0.7362 0.5900 0.3316 0.9627 0.3586 0.0000 767.751 22.356 321.549
5164 0.000000 0 0.7362 0.5900 0.3316 0.9627 0.3586 0.0000 767.751 22.356 321.549
5165 0.000000 0 0.7362 0.5900 0.3316 0.9627 0.3586 0.0000 767.751 22.356 321.549
5166 0.000000 0 0.7362 0.5900 0.3316 0.9627 0.3586 0.0000 767.751 22.356 321.549
5167 0.000000 0 0.7361 0.5900 0.3316 0.9627 0.3586 0.0000 767.751 22.356 321.549
5168 0.000000 0 0.7361 0.5900 0.3316 0.9627 0.3586 0.0000 767.751 22.356 321.549
5169 0.000000 0 0.7361 0.5900 0.3316 0.9627 0.3586 0.0000 767.751 22.356 321.549
5170 0.000000 0 0.7361 0.5900 0.3316 0.9627 0.3586 0.0000 767.751 22.356 321.549
5171 0.000000 0 0.7361 0.5901 0.3316 0.9627 0.3586 0.0000 767.751 22.356 321.549
5172 0.000000 0 0.7361 0.5901 0.3316 0.9627 0.3586 0.0000 767.751 22.356 321.549
5173 0.000000 0 0.7361 0.5901 0.3316 0.9627 0.3586 0.0000 767.751 22.356 321.549
5174 0.000000 0 0.7361 0.5901 0.3316 0.9627 0.3586 0.0000 767.751 22.356 321.549
5175 0.000000 0 0.7361 0.5901 0.3316 0.9627 0.3586 0.0000 767.751 22.356 321.549
5176 0.000000 0 0.7361 0.5901 0.3316 0.9627 0.3586 0.0000 767.751 22.356 321.549
5177 0.000000 0 0.7361 0.5901 0.3316 0.9627 0.3586 0.0000 767.751 22.356 321.549
5178 0.000000 0 0.7361 0.5901 0.3316 0.9627 0.3586 0.0000 767.751 22.356 321.549
5179 0.000000 0 0.7361 0.5901 0.3316 0.9627 0.3586 0.0000 767.751 22.356 321.549
5180 0.000000 0 0.7361 0.5901 0.3316 0.9627 0.3586 0.0000 767.751 22.356 321.549
5181 0.000000 0 0.7361 0.5901 0.3316 0.9627 0.3586 0.0000 767.751 22.356 321.549
5182 0.000000 0 0.7361 0.5901 0.3316 0.9627 0.3586 0.0000 767.751 22.356 321.549
5183 0.000000 0 0.7360 0.5902 0.3316 0.9627 0.3586 0.0000 767.751 22.356 321.549
5184 0.000000 0 0.7360 0.5902 0.3316 0.9627 0.3586 0.0000 767.751 22.356 321.549
5185 0.000000 0 0.7360 0.5902 0.3316 0.9627 0.3586 0.0000 767.751 22.356 321.549
5186 0.000000 0 0.7360 0.5902 0.3316 0.9627 0.3586 0.0000 767.751 22.356 321.549
5187 0.000000 0 0.7360 0.5902 0.3316 0.9627 0.3586 0.0000 767.751 22.356 321.549
5188 0.000000 0 0.7360 0.5902 0.3316 0.9627 0.3586 0.0000 767.751 22.356 321.549
5189 0.000000 0 0.7360 0.5902 0.3316 0.9627 0.3586 0.0000 767.751 22.356 321.549
5190 0.000000 0 0.7360 0.5902 0.3316 0.9627 0.3586 0.0000 767.751 22.356 321.549
5191 0.000000 0 0.7360 0.5902 0.3316 0.9627 0.3586 0.0000 767.751 22.356 321.549
5192 0.000000 0 0.7360 0.5902 0.3316 0.9627 0.3586 0.0000 767.751 22.356 321.549
5193 0.000000 0 0.7360 0.5902 0.3316 0.9627 0.3586 0.0000 767.751 22.356 321.549
5194 0.000000 0 0.7360 0.5903 0.3316 0.9627 0.3586 0.0000 767.751 22.356 321.549
5195 0.000000 0 0.7360 0.5903 0.3316 0.9627 0.3586 0.0000 767.751 22.356 321.549
5196 0.000000 0 0.7360 0.5903 0.3316 0.9627 0.3586 0.0000 767.751 22.356 321.549
5197 0.000000 0 0.7360 0.5903 0.3316 0.9627 0.3586 0.0000 767.751 22.356 321.549
5198 0.000000 0 0.7359 0.5903 0.3316 0.9627 0.3586 0.0000 767.751 22.356 321.549
5199 0.000000 0 0.7359 0.5903 0.3316 0.9627 0.3586 0.0000 767.751 22.356 321.549
5200 0.000000 0 0.7359 0.5903 0.3316 0.9627 0.3586 0.0000 767.751 22.356 321.549
5201 0.000000 0 0.7359 0.5903 0.3316 0.9627 0.3586 0.0000 767.751 22.356 321.549
5202 0.000000 0 0.7359 0.5903 0.3316 0.9627 0.3586 0.0000 767.751 22.356 321.549
5203 0.000000 0 0.7359 0.5903 0.3316 0.9627 0.3586 0.0000 767.751 22.356 321.549
5204 0.000000 0 0.7359 0.5903 0.3316 0.9627 0.3586 0.0000 767.751 22.356 321.549
5205 0.000000 0 0.7359 0.5904 0.3316 0.9627 0.3586 0.0000 767.751 22.356 321.549
5206 0.000000 0 0.7359 0.5904 0.3316 0.9627 0.3586 0.0000 767.751 22.356 321.549
5207 0.000000 0 0.7359 0.5904 0.3316 0.9627 0.3586 0.0000 767.751 22.356 321.549
5208 0.000000 0 0.7359 0.5904 0.3316 0.9627 0.3586 0.0000 767.751 22.356 321.549
5209 0.000000 0 0.7359 0.5904 0.3316 0.9627 0.3586 0.0000 767.751 22.356 321.549
5210 0.000000 0 0.7359 0.5904 0.3316 0.9627 0.3586 0.0000 767.751 22.356 321.549
5211 0.000000 0 0.7359 0.5904 0.3316 0.9627 0.3586 0.0000 767.751 22.356 321.549
5212 0.000000 0 0.7359 0.5904 0.3316 0.9627 0.3586 0.0000 767.751 22.356 321.549
5213 0.000000 0 0.7359 0.5904 0.3316 0.9627 0.3586 0.0000 767.751 22.356 321.549
5214 0.000000 0 0.7358 0.5904 0.3316 0.9627 0.3586 0.0000 767.751 22.356 321.549
5215 0.000000 0 0.7358 0.5904 0.3316 0.9627 0.3586 0.0000 767.751 22.356 321.549
5216 0.000000 0 0.7358 0.5904 0.3316 0.9627 0.3586 0.0000 767.751 22.356 321.549
5217 0.000000 0 0.7358 0.5905 0.3316 0.9627 0.3586 0.0000 767.751 22.356 321.549
5218 0.000000 0 0.7358 0.5905 0.3315 0.9627 0.3586 0.0000 767.751 22.356 321.549
5219 0.000000 0 0.7358 0.5905 0.3315 0.9627 0.3586 0.0000 767.751 22.356 321.549
5220 0.000000 0 0.7358 0.5905 0.3315 0.9627 0.3586 0.0000 767.751 22.356 321.549
5221 0.000000 0 0.7358 0.5905 0.3315 0.9627 0.3586 0.0000 767.751 22.356 321.549
5222 0.000000 0 0.7358 0.5905 0.3315 0.9627 0.3586 0.0000 767.751 22.356 321.549
5223 0.000000 0 0.7358 0.5905 0.3315 0.9627 0.3586 0.0000 767.751 22.356 321.549
5224 0.000000 0 0.7358 0.5905 0.3315 0.9627 0.3586 0.0000 767.751 22.356 321.549
5225 0.000000 0 0.7358 0.5905 0.3315 0.9627 0.3586 0.0000 767.751 22.356 321.549
5226 0.000000 0 0.7358 0.5905 0.3315 0.9627 0.3586 0.0000 767.751 22.356 321.549
5227 0.000000 0 0.7358 0.5905 0.3315 0.9627 0.3586 0.0000 767.751 22.356 321.549
5228 0.000000 0 0.7358 0.5905 0.3315 0.9627 0.3586 0.0000 767.751 22.356 321.549
5229 0.000000 0 0.7357 0.5906 0.3315 0.9627 0.3586 0.0000 767.751 22.356 321.549
5230 0.000000 0 0.7357 0.5906 0.3315 0.9627 0.3586 0.0000 767.751 22.356 321.549
5231 0.000000 0 0.7357 0.5906 0.3315 0.9627 0.3586 0.0000 767.751 22.356 321.549
5232 0.000000 0 0.7357 0.5906 0.3315 0.9627 0.3586 0.0000 767.751 22.356 321.549
5233 0.000000 0 0.7357 0.5906 0.3315 0.9627 0.3586 0.0000 767.751 22.356 321.549
5234 0.000000 0 0.7357 0.5906 0.3315 0.9627 0.3586 0.0000 767.751 22.356 321.549
5235 0.000000 0 0.7357 0.5906 0.3315 0.9627 0.3586 0.0000 767.751 22.356 321.549
5236 0.000000 0 0.7357 0.5906 0.3315 0.9627 0.3586 0.0000 767.751 22.356 321.549
5237 0.000000 0 0.7357 0.5906 0.3315 0.9627 0.3586 0.0000 767.751 22.356 321.549
5238 0.000000 0 0.7357 0.5906 0.3315 0.9627 0.3586 0.0000 767.751 22.356 321.549
5239 0.000000 0 0.7357 0.5906 0.3315 0.9627 0.3586 0.0000 767.751 22.356 321.549
5240 0.000000 0 0.7357 0.5907 0.3315 0.9627 0.3586 0.0000 767.751 22.356 321.549
5241 0.000000 0 0.7357 0.5907 0.3315 0.9627 0.3586 0.0000 767.751 22.356 321.549
5242 0.000000 0 0.7357 0.5907 0.3315 0.9627 0.3586 0.0000 767.751 22.356 321.549
5243 0.000000 0 0.7357 0.5907 0.3315 0.9627 0.3586 0.0000 767.751 22.356 321.549
5244 0.000000 0 0.7357 0.5907 0.3315 0.9627 0.3586 0.0000 767.751 22.356 321.549
5245 0.000000 0 0.7356 0.5907 0.3315 0.9627 0.3586 0.0000 767.751 22.356 321.549
5246 0.000000 0 0.7356 0.5907 0.3315 0.9627 0.3586 0.0000 767.751 22.356 321.549
5247 0.000000 0 0.7356 0.5907 0.3315 0.9627 0.3586 0.0000 767.751 22.356 321.549
5248 0.000000 0 0.7356 0.5907 0.3315 0.9627 0.3586 0.0000 767.751 22.356 321.549
5249 0.000000 0 0.7356 0.5907 0.3315 0.9627 0.3586 0.0000 767.751 22.356 321.549
5250 0.000000 0 0.7356 0.5907 0.3315 0.9627 0.3586 0.0000 767.751 22.356 321.549
5251 0.000000 0 0.7356 0.5907 0.3315 0.9627 0.3586 0.0000 767.751 22.356 321.549
5252 0.000000 0 0.7356 0.5908 0.3315 0.9627 0.3586 0.0000 767.751 22.356 321.549
5253 0.000000 0 0.7356 0.5908 0.3315 0.9627 0.3586 0.0000 767.751 22.356 321.549
5254 0.000000 0 0.7356 0.5908 0.3315 0.9627 0.3586 0.0000 767.751 22.356 321.549
5255 0.000000 0 0.7356 0.5908 0.3315 0.9627 0.3586 0.0000 767.751 22.356 321.549
5256 0.000000 0 0.7356 0.5908 0.3315 0.9627 0.3586 0.0000 767.751 22.356 321.549
5257 0.000000 0 0.7356 0.5908 0.3315 0.9627 0.3586 0.0000 767.751 22.356 321.549
5258 0.000000 0 0.7356 0.5908 0.3315 0.9627 0.3586 0.0000 767.751 22.356 321.549
5259 0.000000 0 0.7356 0.5908 0.3315 0.9627 0.3586 0.0000 767.751 22.356 321.549
5260 0.000000 0 0.7356 0.5908 0.3315 0.9627 0.3586 0.0000 767.751 22.356 321.549
5261 0.000000 0 0.7355 0.5908 0.3315 0.9627 0.3586 0.0000 767.751 22.356 321.549
5262 0.000000 0 0.7355 0.5908 0.3315 0.9627 0.3586 0.0000 767.751 22.356 321.549
5263 0.000000 0 0.7355 0.5908 0.3315 0.9627 0.3586 0.0000 767.751 22.356 321.549
5264 0.000000 0 0.7355 0.5909 0.3315 0.9627 0.3586 0.0000 767.751 22.356 321.549
5265 0.000000 0 0.7355 0.5909 0.3315 0.9627 0.3586 0.0000 767.751 22.356 321.549
5266 0.000000 0 0.7355 0.5909 0.3315 0.9627 0.3586 0.0000 767.751 22.356 321.549
5267 0.000000 0 0.7355 0.5909 0.3315 0.9627 0.3586 0.0000 767.751 22.356 321.549
5268 0.000000 0 0.7355 0.5909 0.3315 0.9627 0.3586 0.0000 767.751 22.356 321.549
5269 0.000000 0 0.7355 0.5909 0.3315 0.9627 0.3586 0.0000 767.751 22.356 321.549
5270 0.000000 0 0.7355 0.5909 0.3315 0.9627 0.3586 0.0000 767.751 22.356 321.549
5271 0.000000 0 0.7355 0.5909 0.3315 0.9627 0.3586 0.0000 767.751 22.356 321.549
5272 0.000000 0 0.7355 0.5909 0.3315 0.9627 0.3586 0.0000 767.751 22.356 321.549
5273 0.000000 0 0.7355 0.5909 0.3315 0.9627 0.3586 0.0000 767.751 22.356 321.549
5274 0.000000 0 0.7355 0.5909 0.3315 0.9627 0.3586 0.0000 767.751 22.356 321.549
5275 0.000000 0 0.7355 0.5910 0.3315 0.9627 0.3586 0.0000 767.751 22.356 321.549
5276 0.000000 0 0.7354 0.5910 0.3315 0.9627 0.3586 0.0000 767.751 22.356 321.549
5277 0.000000 0 0.7354 0.5910 0.3315 0.9627 0.3586 0.0000 767.751 22.356 321.549
5278 0.000000 0 0.7354 0.5910 0.3315 0.9627 0.3586 0.0000 767.751 22.356 321.549
5279 0.000000 0 0.7354 0.5910 0.3315 0.9627 0.3586 0.0000 767.751 22.356 321.549
5280 0.000000 0 0.7354 0.5910 0.3315 0.9627 0.3586 0.0000 767.751 22.356 321.549
5281 0.000000 0 0.7354 0.5910 0.3315 0.9627 0.3586 0.0000 767.751 22.356 321.549
5282 0.000000 0 0.7354 0.5910 0.3315 0.9627 0.3586 0.0000 767.751 22.356 321.549
5283 0.000000 0 0.7354 0.5910 0.3315 0.9627 0.3586 0.0000 767.751 22.356 321.549
5284 0.000000 0 0.7354 0.5910 0.3315 0.9627 0.3586 0.0000 767.751 22.356 321.549
5285 0.000000 0 0.7354 0.5911 0.3315 0.9627 0.3586 0.0000 767.751 22.356 321.549
5286 0.000000 0 0.7354 0.5911 0.3315 0.9627 0.3586 0.0000 767.751 22.356 321.549
5287 0.000000 0 0.7354 0.5911 0.3315 0.9627 0.3586 0.0000 767.751 22.356 321.549
5288 0.000000 0 0.7354 0.5911 0.3315 0.9627 0.3586 0.0000 767.751 22.356 321.549
5289 0.000000 0 0.7354 0.5911 0.3315 0.9627 0.3586 0.0000 767.751 22.356 321.549
5290 0.000000 0 0.7354 0.5911 0.3315 0.9627 0.3586 0.0000 767.751 22.356 321.549
5291 0.000000 0 0.7354 0.5911 0.3315 0.9627 0.3586 0.0000 767.751 22.356 321.549
5292 0.000000 0 0.7353 0.5911 0.3315 0.9627 0.3586 0.0000 767.751 22.356 321.549
5293 0.000000 0 0.7353 0.5911 0.3315 0.9627 0.3586 0.0000 767.751 22.356 321.549
5294 0.000000 0 0.7353 0.5911 0.3315 0.9627 0.3586 0.0000 767.751 22.356 321.549
5295 0.000000 0 0.7353 0.5911 0.3315 0.9627 0.3586 0.0000 767.751 22.356 321.549
5296 0.000000 0 0.7353 0.5911 0.3315 0.9627 0.3586 0.0000 767.751 22.356 321.549
5297 0.000000 0 0.7353 0.5911 0.3315 0.9627 0.3586 0.0000 767.751 22.356 321.549
5298 0.000000 0 0.7353 0.5911 0.3315 0.9627 0.3586 0.0000 767.751 22.356 321.549
5299 0.000000 0 0.7353 0.5912 0.3315 0.9627 0.3586 0.0000 767.751 22.356 321.549
5300 0.000000 0 0.7353 0.5912 0.3315 0.9627 0.3586 0.0000 767.751 22.356 321.549
5301 0.000000 0 0.7353 0.5912 0.3315 0.9627 0.3586 0.0000 767.751 22.356 321.549
5302 0.000000 0 0.7353 0.5912 0.3315 0.9627 0.3586 0.0000 767.751 22.356 321.549
5303 0.000000 0 0.7353 0.5912 0.3315 0.9627 0.3586 0.0000 767.751 22.356 321.549
5304 0.000000 0 0.7353 0.5912 0.3314 0.9627 0.3586 0.0000 767.751 22.356 321.549
5305 0.000000 0 0.7353 0.5912 0.3314 0.9627 0.3586 0.0000 767.751 22.356 321.549
5306 0.000000 0 0.7353 0.5912 0.3314 0.9627 0.3586 0.0000 767.751 22.356 321.549
5307 0.000000 0 0.7353 0.5912 0.3314 0.9627 0.3586 0.0000 767.751 22.356 321.549
5308 0.000000 0 0.7352 0.5912 0.3314 0.9627 0.3586 0.0000 767.751 22.356 321.549
5309 0.000000 0 0.7352 0.5912 0.3314 0.9627 0.3586 0.0000 767.751 22.356 321.549
5310 0.000000 0 0.7352 0.5913 0.3314 0.9627 0.3586 0.0000 767.751 22.356 321.549
5311 0.000000 0 0.7352 0.5913 0.3314 0.9627 0.3586 0.0000 767.751 22.356 321.549
5312 0.000000 0 0.7352 0.5913 0.3314 0.9627 0.3586 0.0000 767.751 22.356 321.549
5313 0.000000 0 0.7352 0.5913 0.3314 0.9627 0.3586 0.0000 767.751 22.356 321.549
5314 0.000000 0 0.7352 0.5913 0.3314 0.9627 0.3586 0.0000 767.751 22.356 321.549
5315 0.000000 0 0.7352 0.5913 0.3314 0.9627 0.3586 0.0000 767.751 22.356 321.549
5316 0.000000 0 0.7352 0.5913 0.3314 0.9627 0.3586 0.0000 767.751 22.356 321.549
5317 0.000000 0 0.7352 0.5913 0.3314 0.9627 0.3586 0.0000 767.751 22.356 321.549
5318 0.000000 0 0.7352 0.5913 0.3314 0.9627 0.3586 0.0000 767.751 22.356 321.549
5319 0.000000 0 0.7352 0.5913 0.3314 0.9627 0.3586 0.0000 767.751 22.356 321.549
5320 0.000000 0 0.7352 0.5913 0.3314 0.9627 0.3586 0.0000 767.751 22.356 321.549
5321 0.000000 0 0.7352 0.5914 0.3314 0.9627 0.3586 0.0000 767.751 22.356 321.549
5322 0.000000 0 0.7351 0.5914 0.3314 0.9627 0.3586 0.0000 767.751 22.356 321.549
5323 0.000000 0 0.7351 0.5914 0.3314 0.9627 0.3586 0.0000 767.751 22.356 321.549
5324 0.000000 0 0.7351 0.5914 0.3314 0.9627 0.3586 0.0000 767.751 22.356 321.549
5325 0.000000 0 0.7351 0.5914 0.3314 0.9627 0.3586 0.0000 767.751 22.356 321.549
5326 0.000000 0 0.7351 0.5914 0.3314 0.9627 0.3586 0.0000 767.751 22.356 321.549
5327 0.000000 0 0.7351 0.5914 0.3314 0.9627 0.3586 0.0000 767.750 22.367 321.549
5328 0.000000 0 0.7351 0.5914 0.3314 0.9627 0.3586 0.0000 767.750 22.383 321.550
5329 0.000000 0 0.7351 0.5914 0.3314 0.9627 0.3586 0.0000 767.750 22.398 321.550
5330 0.000000 0 0.7351 0.5914 0.3314 0.9627 0.3586 0.0000 767.749 22.418 321.551
5331 0.000000 0 0.7351 0.5914 0.3314 0.9627 0.3586 0.0000 767.749 22.436 321.551
5332 0.000000 0 0.7351 0.5914 0.3314 0.9627 0.3586 0.0000 767.748 22.462 321.552
5333 0.000000 0 0.7351 0.5915 0.3314 0.9627 0.3586 0.0000 767.748 22.480 321.552
5334 0.000000 0 0.7351 0.5915 0.3314 0.9627 0.3586 0.0000 767.747 22.502 321.553
5335 0.000000 0 0.7351 0.5915 0.3314 0.9627 0.3586 0.0000 767.746 22.525 321.553
5336 0.000000 0 0.7351 0.5915 0.3314 0.9627 0.3586 0.0000 767.746 22.543 321.554
5337 0.000000 0 0.7351 0.5915 0.3314 0.9627 0.3586 0.0000 767.746 22.560 321.554
5338 0.000000 0 0.7351 0.5915 0.3314 0.9627 0.3586 0.0000 767.745 22.575 321.555
5339 0.000000 0 0.7350 0.5915 0.3314 0.9627 0.3586 0.0000 767.745 22.599 321.555
5340 0.000000 0 0.7350 0.5915 0.3314 0.9627 0.3586 0.0000 767.744 22.618 321.556
5341 0.000000 0 0.7350 0.5915 0.3314 0.9627 0.3586 0.0000 767.744 22.635 321.556
5342 0.000000 0 0.7350 0.5915 0.3314 0.9627 0.3586 0.0000 767.743 22.656 321.557
5343 0.000000 0 0.7350 0.5915 0.3314 0.9627 0.3586 0.0000 767.743 22.670 321.557
5344 0.000000 0 0.7350 0.5915 0.3314 0.9627 0.3586 0.0000 767.742 22.686 321.557
5345 0.000000 0 0.7350 0.5916 0.3314 0.9627 0.3586 0.0000 767.742 22.709 321.558
5346 0.000000 0 0.7350 0.5916 0.3314 0.9627 0.3586 0.0000 767.741 22.731 321.559
5347 0.000000 0 0.7350 0.5916 0.3314 0.9627 0.3586 0.0000 767.741 22.746 321.559
5348 0.000000 0 0.7350 0.5916 0.3314 0.9627 0.3586 0.0000 767.741 22.759 321.559
5349 0.000000 0 0.7350 0.5916 0.3314 0.9627 0.3586 0.0000 767.740 22.776 321.560
5350 0.000000 0 0.7350 0.5916 0.3314 0.9627 0.3586 0.0000 767.740 22.794 321.560
5351 0.000000 0 0.7350 0.5916 0.3314 0.9627 0.3586 0.0000 767.739 22.812 321.561
5352 0.000000 0 0.7350 0.5916 0.3314 0.9627 0.3586 0.0000 767.739 22.828 321.561
5353 0.000000 0 0.7350 0.5916 0.3314 0.9627 0.3586 0.0000 767.739 22.845 321.561
5354 0.000000 0 0.7349 0.5916 0.3314 0.9627 0.3586 0.0000 767.738 22.875 321.562
5355 0.000000 0 0.7349 0.5916 0.3314 0.9627 0.3586 0.0000 767.738 22.878 321.562
5356 0.000000 0 0.7349 0.5917 0.3314 0.9627 0.3586 0.0000 767.737 22.894 321.563
5357 0.000000 0 0.7349 0.5917 0.3314 0.9627 0.3586 0.0000 767.737 22.907 321.563
5358 0.000000 0 0.7349 0.5917 0.3314 0.9627 0.3586 0.0000 767.737 22.924 321.563
5359 0.000000 0 0.7349 0.5917 0.3314 0.9627 0.3586 0.0000 767.736 22.937 321.564
5360 0.000000 0 0.7349 0.5917 0.3314 0.9627 0.3586 0.0000 767.736 22.948 321.564
5361 0.000000 0 0.7349 0.5917 0.3314 0.9627 0.3586 0.0000 767.736 22.964 321.564
5362 0.000000 0 0.7349 0.5917 0.3314 0.9627 0.3586 0.0000 767.735 22.973 321.565
5363 0.000000 0 0.7349 0.5917 0.3314 0.9627 0.3586 0.0000 767.735 22.988 321.565
5364 0.000000 0 0.7349 0.5917 0.3314 0.9627 0.3586 0.0000 767.735 23.000 321.565
5365 0.000000 0 0.7349 0.5917 0.3314 0.9627 0.3586 0.0000 767.734 23.014 321.566
5366 0.000000 0 0.7349 0.5917 0.3314 0.9627 0.3586 0.0000 767.734 23.029 321.566
5367 0.000000 0 0.7349 0.5917 0.3314 0.9627 0.3586 0.0000 767.734 23.041 321.566
5368 0.000000 0 0.7349 0.5918 0.3314 0.9627 0.3586 0.0000 767.733 23.051 321.567
5369 0.000000 0 0.7349 0.5918 0.3314 0.9627 0.3586 0.0000 767.733 23.062 321.567
5370 0.000000 0 0.7348 0.5918 0.3314 0.9627 0.3586 0.0000 767.733 23.072 321.567
5371 0.000000 0 0.7348 0.5918 0.3314 0.9627 0.3586 0.0000 767.733 23.084 321.567
5372 0.000000 0 0.7348 0.5918 0.3314 0.9627 0.3586 0.0000 767.732 23.091 321.568
5373 0.000000 0 0.7348 0.5918 0.3314 0.9627 0.3586 0.0000 767.732 23.103 321.568
5374 0.000000 0 0.7348 0.5918 0.3314 0.9627 0.3586 0.0000 767.732 23.115 321.568
5375 0.000000 0 0.7348 0.5918 0.3314 0.9627 0.3586 0.0000 767.732 23.127 321.568
5376 0.000000 0 0.7348 0.5918 0.3314 0.9627 0.3586 0.0000 767.731 23.138 321.569
5377 0.000000 0 0.7348 0.5918 0.3314 0.9627 0.3586 0.0000 767.731 23.149 321.569
5378 0.000000 0 0.7348 0.5918 0.3314 0.9627 0.3586 0.0000 767.731 23.155 321.569
5379 0.000000 0 0.7348 0.5919 0.3314 0.9627 0.3586 0.0000 767.730 23.168 321.569
5380 0.000000 0 0.7348 0.5919 0.3314 0.9627 0.3586 0.0000 767.730 23.176 321.570
5381 0.000000 0 0.7348 0.5919 0.3314 0.9627 0.3586 0.0000 767.730 23.183 321.570
5382 0.000000 0 0.7348 0.5919 0.3314 0.9627 0.3586 0.0000 767.730 23.190 321.570
5383 0.000000 0 0.7348 0.5919 0.3314 0.9627 0.3586 0.0000 767.730 23.203 321.570
5384 0.000000 0 0.7348 0.5919 0.3314 0.9627 0.3586 0.0000 767.729 23.208 321.570
5385 0.000000 0 0.7348 0.5919 0.3314 0.9627 0.3586 0.0000 767.729 23.215 321.571
5386 0.000000 0 0.7347 0.5919 0.3314 0.9627 0.3586 0.0000 767.729 23.222 321.571
5387 0.000000 0 0.7347 0.5919 0.3314 0.9627 0.3586 0.0000 767.729 23.230 321.571
5388 0.000000 0 0.7347 0.5919 0.3313 0.9627 0.3586 0.0000 767.729 23.237 321.571
5389 0.000000 0 0.7347 0.5919 0.3313 0.9627 0.3586 0.0000 767.729 23.245 321.571
5390 0.000000 0 0.7347 0.5919 0.3313 0.9627 0.3586 0.0000 767.728 23.251 321.571
5391 0.000000 0 0.7347 0.5920 0.3313 0.9627 0.3586 0.0000 767.728 23.259 321.572
5392 0.000000 0 0.7347 0.5920 0.3313 0.9627 0.3586 0.0000 767.728 23.261 321.572
5393 0.000000 0 0.7347 0.5920 0.3313 0.9627 0.3586 0.0000 767.728 23.267 321.572
5394 0.000000 0 0.7347 0.5920 0.3313 0.9627 0.3586 0.0000 767.728 23.271 321.572
5395 0.000000 0 0.7347 0.5920 0.3313 0.9627 0.3586 0.0000 767.728 23.277 321.572
5396 0.000000 0 0.7347 0.5920 0.3313 0.9627 0.3586 0.0000 767.728 23.280 321.572
5397 0.000000 0 0.7347 0.5920 0.3313 0.9627 0.3586 0.0000 767.727 23.287 321.572
5398 0.000000 0 0.7347 0.5920 0.3313 0.9627 0.3586 0.0000 767.727 23.290 321.573
5399 0.000000 0 0.7347 0.5920 0.3313 0.9627 0.3586 0.0000 767.727 23.293 321.573
5400 0.000000 0 0.7347 0.5920 0.3313 0.9627 0.3586 0.0000 767.727 23.297 321.573
5401 0.000000 0 0.7346 0.5920 0.3313 0.9627 0.3586 0.0000 767.727 23.301 321.573
5402 0.000000 0 0.7346 0.5921 0.3313 0.9627 0.3586 0.0000 767.727 23.304 321.573
5403 0.000000 0 0.7346 0.5921 0.3313 0.9627 0.3586 0.0000 767.727 23.306 321.573
5404 0.000000 0 0.7346 0.5921 0.3313 0.9627 0.3586 0.0000 767.727 23.309 321.573
5405 0.000000 0 0.7346 0.5921 0.3313 0.9627 0.3586 0.0000 767.727 23.311 321.573
5406 0.000000 0 0.7346 0.5921 0.3313 0.9627 0.3586 0.0000 767.727 23.314 321.573
5407 0.000000 0 0.7346 0.5921 0.3313 0.9627 0.3586 0.0000 767.727 23.314 321.573
5408 0.000000 0 0.7346 0.5921 0.3313 0.9627 0.3586 0.0000 767.727 23.315 321.573
5409 0.000000 0 0.7346 0.5921 0.3313 0.9627 0.3586 0.0000 767.727 23.316 321.573
5410 0.000000 0 0.7346 0.5921 0.3313 0.9627 0.3586 0.0000 767.727 23.317 321.573
5411 0.000000 0 0.7346 0.5921 0.3313 0.9627 0.3586 0.0000 767.727 23.317 321.573
5412 0.000000 0 0.7346 0.5921 0.3313 0.9627 0.3586 0.0000 767.727 23.317 321.573
5413 0.000000 0 0.7346 0.5922 0.3313 0.9627 0.3586 0.0000 767.727 23.317 321.573
5414 0.000000 0 0.7346 0.5922 0.3313 0.9627 0.3586 0.0000 767.727 23.316 321.573
5415 0.000000 0 0.7346 0.5922 0.3313 0.9627 0.3586 0.0000 767.727 23.316 321.573
5416 0.000000 0 0.7345 0.5922 0.3313 0.9627 0.3586 0.0000 767.727 23.315 321.573
5417 0.000000 0 0.7345 0.5922 0.3313 0.9627 0.3586 0.0000 767.727 23.313 321.573
5418 0.000000 0 0.7345 0.5922 0.3313 0.9627 0.3586 0.0000 767.727 23.309 321.573
5419 0.000000 0 0.7345 0.5922 0.3313 0.9627 0.3586 0.0000 767.727 23.307 321.573
5420 0.000000 0 0.7345 0.5922 0.3313 0.9627 0.3586 0.0000 767.727 23.307 321.573
5421 0.000000 0 0.7345 0.5922 0.3313 0.9627 0.3586 0.0000 767.727 23.305 321.573
5422 0.000000 0 0.7345 0.5922 0.3313 0.9627 0.3586 0.0000 767.727 23.303 321.573
5423 0.000000 0 0.7345 0.5922 0.3313 0.9627 0.3586 0.0000 767.727 23.300 321.573
5424 0.000000 0 0.7345 0.5922 0.3313 0.9627 0.3586 0.0000 767.727 23.296 321.573
5425 0.000000 0 0.7345 0.5923 0.3313 0.9627 0.3586 0.0000 767.727 23.293 321.573
5426 0.000000 0 0.7345 0.5923 0.3313 0.9627 0.3586 0.0000 767.727 23.284 321.572
5427 0.000000 0 0.7345 0.5923 0.3313 0.9627 0.3586 0.0000 767.727 23.283 321.572
5428 0.000000 0 0.7345 0.5923 0.3313 0.9627 0.3586 0.0000 767.727 23.281 321.572
5429 0.000000 0 0.7345 0.5923 0.3313 0.9627 0.3586 0.0000 767.727 23.277 321.572
5430 0.000000 0 0.7345 0.5923 0.3313 0.9627 0.3586 0.0000 767.728 23.272 321.572
5431 0.000000 0 0.7344 0.5923 0.3313 0.9627 0.3586 0.0000 767.728 23.263 321.572
5432 0.000000 0 0.7344 0.5923 0.3313 0.9627 0.3586 0.0000 767.728 23.260 321.572
5433 0.000000 0 0.7344 0.5923 0.3313 0.9627 0.3586 0.0000 767.728 23.255 321.572
5434 0.000000 0 0.7344 0.5923 0.3313 0.9627 0.3586 0.0000 767.728 23.247 321.572
5435 0.000000 0 0.7344 0.5923 0.3313 0.9627 0.3586 0.0000 767.728 23.242 321.572
5436 0.000000 0 0.7344 0.5923 0.3313 0.9627 0.3586 0.0000 767.728 23.235 321.571
5437 0.000000 0 0.7344 0.5924 0.3313 0.9627 0.3586 0.0000 767.729 23.227 321.571
5438 0.000000 0 0.7344 0.5924 0.3313 0.9627 0.3586 0.0000 767.729 23.219 321.571
5439 0.000000 0 0.7344 0.5924 0.3313 0.9627 0.3586 0.0000 767.729 23.214 321.571
5440 0.000000 0 0.7344 0.5924 0.3313 0.9627 0.3586 0.0000 767.729 23.207 321.571
5441 0.000000 0 0.7344 0.5924 0.3313 0.9627 0.3586 0.0000 767.729 23.197 321.571
5442 0.000000 0 0.7344 0.5924 0.3313 0.9627 0.3586 0.0000 767.729 23.189 321.570
5443 0.000000 0 0.7344 0.5924 0.3313 0.9627 0.3586 0.0000 767.730 23.177 321.570
5444 0.000000 0 0.7344 0.5924 0.3313 0.9627 0.3586 0.0000 767.730 23.170 321.570
5445 0.000000 0 0.7344 0.5924 0.3313 0.9627 0.3586 0.0000 767.731 23.162 321.569
5446 0.000000 0 0.7344 0.5924 0.3313 0.9627 0.3586 0.0000 767.731 23.153 321.569
5447 0.000000 0 0.7343 0.5924 0.3313 0.9627 0.3586 0.0000 767.731 23.146 321.569
5448 0.000000 0 0.7343 0.5925 0.3313 0.9627 0.3586 0.0000 767.731 23.137 321.569
5449 0.000000 0 0.7343 0.5925 0.3313 0.9627 0.3586 0.0000 767.731 23.128 321.569
5450 0.000000 0 0.7343 0.5925 0.3313 0.9627 0.3586 0.0000 767.731 23.116 321.568
5451 0.000000 0 0.7343 0.5925 0.3313 0.9627 0.3586 0.0000 767.732 23.106 321.568
5452 0.000000 0 0.7343 0.5925 0.3313 0.9627 0.3586 0.0000 767.732 23.098 321.568
5453 0.000000 0 0.7343 0.5925 0.3313 0.9627 0.3586 0.0000 767.732 23.086 321.568
5454 0.000000 0 0.7343 0.5925 0.3313 0.9627 0.3586 0.0000 767.732 23.078 321.568
5455 0.000000 0 0.7343 0.5925 0.3313 0.9627 0.3586 0.0000 767.732 23.068 321.568
5456 0.000000 0 0.7343 0.5925 0.3313 0.9627 0.3586 0.0000 767.733 23.053 321.567
5457 0.000000 0 0.7343 0.5925 0.3313 0.9627 0.3586 0.0000 767.733 23.042 321.567
5458 0.000000 0 0.7343 0.5925 0.3313 0.9627 0.3586 0.0000 767.734 23.031 321.566
5459 0.000000 0 0.7343 0.5925 0.3313 0.9627 0.3586 0.0000 767.734 23.015 321.566
5460 0.000000 0 0.7343 0.5926 0.3313 0.9627 0.3586 0.0000 767.734 23.000 321.566
5461 0.000000 0 0.7343 0.5926 0.3313 0.9627 0.3586 0.0000 767.734 22.997 321.566
5462 0.000000 0 0.7343 0.5926 0.3313 0.9627 0.3586 0.0000 767.734 22.985 321.566
5463 0.000000 0 0.7342 0.5926 0.3313 0.9627 0.3586 0.0000 767.735 22.969 321.565
5464 0.000000 0 0.7342 0.5926 0.3313 0.9627 0.3586 0.0000 767.735 22.957 321.564
5465 0.000000 0 0.7342 0.5926 0.3313 0.9627 0.3586 0.0000 767.736 22.944 321.564
5466 0.000000 0 0.7342 0.5926 0.3313 0.9627 0.3586 0.0000 767.736 22.925 321.564
5467 0.000000 0 0.7342 0.5926 0.3313 0.9627 0.3586 0.0000 767.736 22.915 321.564
5468 0.000000 0 0.7342 0.5926 0.3313 0.9627 0.3586 0.0000 767.736 22.898 321.564
5469 0.000000 0 0.7342 0.5926 0.3313 0.9627 0.3586 0.0000 767.737 22.879 321.563
5470 0.000000 0 0.7342 0.5926 0.3313 0.9627 0.3586 0.0000 767.738 22.866 321.562
5471 0.000000 0 0.7342 0.5926 0.3313 0.9627 0.3586 0.0000 767.738 22.851 321.562
5472 0.000000 0 0.7342 0.5927 0.3313 0.9627 0.3586 0.0000 767.738 22.838 321.561
5473 0.000000 0 0.7342 0.5927 0.3313 0.9627 0.3586 0.0000 767.738 22.820 321.561
5474 0.000000 0 0.7342 0.5927 0.3312 0.9627 0.3586 0.0000 767.738 22.802 321.561
5475 0.000000 0 0.7342 0.5927 0.3312 0.9627 0.3586 0.0000 767.739 22.789 321.561
5476 0.000000 0 0.7342 0.5927 0.3312 0.9627 0.3586 0.0000 767.740 22.774 321.560
5477 0.000000 0 0.7342 0.5927 0.3312 0.9627 0.3586 0.0000 767.740 22.759 321.560
5478 0.000000 0 0.7342 0.5927 0.3312 0.9627 0.3586 0.0000 767.741 22.734 321.559
5479 0.000000 0 0.7341 0.5927 0.3312 0.9627 0.3586 0.0000 767.741 22.638 321.559
5480 0.000000 0 0.7341 0.5927 0.3312 0.9627 0.3586 0.0000 767.741 22.541 321.559
5481 0.000000 0 0.7341 0.5927 0.3312 0.9627 0.3586 0.0000 767.741 22.408 321.559
5482 0.000000 0 0.7341 0.5927 0.3312 0.9627 0.3586 0.0000 767.742 22.355 321.557
5483 0.000000 0 0.7341 0.5927 0.3312 0.9627 0.3586 0.0000 767.745 22.353 321.555
5484 0.000000 0 0.7341 0.5927 0.3312 0.9627 0.3586 0.0000 767.748 22.351 321.552
5485 0.000000 0 0.7341 0.5928 0.3312 0.9627 0.3586 0.0000 767.751 22.348 321.549
5486 0.000000 0 0.7341 0.5928 0.3312 0.9627 0.3586 0.0000 767.751 22.344 321.549
5487 0.000000 0 0.7341 0.5928 0.3312 0.9627 0.3586 0.0000 767.751 22.339 321.549
5488 0.000000 0 0.7341 0.5928 0.3312 0.9627 0.3586 0.0000 767.751 22.334 321.549
5489 0.000000 0 0.7341 0.5928 0.3312 0.9627 0.3586 0.0000 767.751 22.329 321.549
5490 0.000000 0 0.7341 0.5928 0.3312 0.9627 0.3586 0.0000 767.751 22.321 321.549
5491 0.000000 0 0.7341 0.5928 0.3312 0.9627 0.3586 0.0000 767.751 22.315 321.549
5492 0.000000 0 0.7341 0.5928 0.3312 0.9627 0.3586 0.0000 767.751 22.310 321.549
5493 0.000000 0 0.7341 0.5928 0.3312 0.9627 0.3586 0.0000 767.751 22.302 321.549
5494 0.000000 0 0.7341 0.5928 0.3312 0.9627 0.3586 0.0000 767.751 22.297 321.549
5495 0.000000 0 0.7340 0.5928 0.3312 0.9627 0.3586 0.0000 767.751 22.290 321.549
5496 0.000000 0 0.7340 0.5929 0.3312 0.9627 0.3586 0.0000 767.751 22.287 321.549
5497 0.000000 0 0.7340 0.5929 0.3312 0.9627 0.3586 0.0000 767.751 22.286 321.549
5498 0.000000 0 0.7340 0.5929 0.3312 0.9627 0.3586 0.0000 767.751 22.283 321.549
5499 0.000000 0 0.7340 0.5929 0.3312 0.9627 0.3586 0.0000 767.751 22.282 321.549
5500 0.000000 0 0.7340 0.5929 0.3312 0.9627 0.3586 0.0000 767.751 22.282 321.549
5501 0.000000 0 0.7340 0.5929 0.3312 0.9627 0.3586 0.0000 767.751 22.281 321.549
5502 0.000000 0 0.7340 0.5929 0.3312 0.9627 0.3586 0.0000 767.751 22.281 321.549
5503 0.000000 0 0.7340 0.5929 0.3312 0.9627 0.3586 0.0000 767.751 22.282 321.549
5504 0.000000 0 0.7340 0.5929 0.3312 0.9627 0.3586 0.0000 767.751 22.283 321.549
5505 0.000000 0 0.7340 0.5929 0.3312 0.9627 0.3586 0.0000 767.751 22.284 321.549
5506 0.000000 0 0.7340 0.5929 0.3312 0.9627 0.3586 0.0000 767.751 22.286 321.549
5507 0.000000 0 0.7340 0.5929 0.3312 0.9627 0.3586 0.0000 767.751 22.288 321.549
5508 0.000000 0 0.7340 0.5930 0.3312 0.9627 0.3586 0.0000 767.751 22.290 321.549
5509 0.000000 0 0.7340 0.5930 0.3312 0.9627 0.3586 0.0000 767.751 22.293 321.549
5510 0.000000 0 0.7340 0.5930 0.3312 0.9627 0.3586 0.0000 767.751 22.295 321.549
5511 0.000000 0 0.7339 0.5930 0.3312 0.9627 0.3586 0.0000 767.751 22.301 321.549
5512 0.000000 0 0.7339 0.5930 0.3312 0.9627 0.3586 0.0000 767.751 22.303 321.549
5513 0.000000 0 0.7339 0.5930 0.3312 0.9627 0.3586 0.0000 767.751 22.305 321.549
5514 0.000000 0 0.7339 0.5930 0.3312 0.9627 0.3586 0.0000 767.751 22.309 321.549
5515 0.000000 0 0.7339 0.5930 0.3312 0.9627 0.3586 0.0000 767.751 22.312 321.549
5516 0.000000 0 0.7339 0.5930 0.3312 0.9627 0.3586 0.0000 767.751 22.315 321.549
5517 0.000000 0 0.7339 0.5930 0.3312 0.9627 0.3586 0.0000 767.751 22.319 321.549
5518 0.000000 0 0.7339 0.5930 0.3312 0.9627 0.3586 0.0000 767.751 22.322 321.549
5519 0.000000 0 0.7339 0.5930 0.3312 0.9627 0.3586 0.0000 767.751 22.326 321.549
5520 0.000000 0 0.7339 0.5931 0.3312 0.9627 0.3586 0.0000 767.751 22.329 321.549
5521 0.000000 0 0.7339 0.5931 0.3312 0.9627 0.3586 0.0000 767.751 22.332 321.549
5522 0.000000 0 0.7339 0.5931 0.3312 0.9627 0.3586 0.0000 767.751 22.335 321.549
5523 0.000000 0 0.7339 0.5931 0.3312 0.9627 0.3586 0.0000 767.751 22.337 321.549
5524 0.000000 0 0.7339 0.5931 0.3312 0.9627 0.3586 0.0000 767.751 22.340 321.549
5525 0.000000 0 0.7339 0.5931 0.3312 0.9627 0.3586 0.0000 767.751 22.342 321.549
5526 0.000000 0 0.7339 0.5931 0.3312 0.9627 0.3586 0.0000 767.751 22.344 321.549
5527 0.000000 0 0.7338 0.5931 0.3312 0.9627 0.3586 0.0000 767.751 22.346 321.549
5528 0.000000 0 0.7338 0.5931 0.3312 0.9627 0.3586 0.0000 767.751 22.347 321.549
5529 0.000000 0 0.7338 0.5931 0.3312 0.9627 0.3586 0.0000 767.751 22.349 321.549
5530 0.000000 0 0.7338 0.5931 0.3312 0.9627 0.3586 0.0000 767.751 22.350 321.549
5531 0.000000 0 0.7338 0.5932 0.3312 0.9627 0.3586 0.0000 767.751 22.351 321.549
5532 0.000000 0 0.7338 0.5932 0.3312 0.9627 0.3586 0.0000 767.751 22.351 321.549
5533 0.000000 0 0.7338 0.5932 0.3312 0.9627 0.3586 0.0000 767.751 22.352 321.549
5534 0.000000 0 0.7338 0.5932 0.3312 0.9627 0.3586 0.0000 767.751 22.352 321.549
5535 0.000000 0 0.7338 0.5932 0.3312 0.9627 0.3586 0.0000 767.751 22.353 321.549
5536 0.000000 0 0.7338 0.5932 0.3312 0.9627 0.3586 0.0000 767.751 22.353 321.549
5537 0.000000 0 0.7338 0.5932 0.3312 0.9627 0.3586 0.0000 767.751 22.354 321.549
5538 0.000000 0 0.7338 0.5932 0.3312 0.9627 0.3586 0.0000 767.751 22.354 321.549
5539 0.000000 0 0.7338 0.5932 0.3312 0.9627 0.3586 0.0000 767.751 22.355 321.549
5540 0.000000 0 0.7338 0.5932 0.3312 0.9627 0.3586 0.0000 767.751 22.355 321.549
5541 0.000000 0 0.7338 0.5932 0.3312 0.9627 0.3586 0.0000 767.751 22.355 321.549
5542 0.000000 0 0.7338 0.5932 0.3312 0.9627 0.3586 0.0000 767.751 22.356 321.549
5543 0.000000 0 0.7337 0.5932 0.3312 0.9627 0.3586 0.0000 767.751 22.356 321.549
5544 0.000000 0 0.7337 0.5933 0.3312 0.9627 0.3586 0.0000 767.751 22.356 321.549
5545 0.000000 0 0.7337 0.5933 0.3312 0.9627 0.3586 0.0000 767.751 22.356 321.549
5546 0.000000 0 0.7337 0.5933 0.3312 0.9627 0.3586 0.0000 767.751 22.356 321.549
5547 0.000000 0 0.7337 0.5933 0.3312 0.9627 0.3586 0.0000 767.751 22.356 321.549
5548 0.000000 0 0.7337 0.5933 0.3312 0.9627 0.3586 0.0000 767.751 22.356 321.549
5549 0.000000 0 0.7337 0.5933 0.3312 0.9627 0.3586 0.0000 767.751 22.356 321.549
5550 0.000000 0 0.7337 0.5933 0.3312 0.9627 0.3586 0.0000 767.751 22.356 321.549
5551 0.000000 0 0.7337 0.5933 0.3312 0.9627 0.3586 0.0000 767.751 22.356 321.549
5552 0.000000 0 0.7337 0.5933 0.3312 0.9627 0.3586 0.0000 767.751 22.356 321.549
5553 0.000000 0 0.7337 0.5933 0.3312 0.9627 0.3586 0.0000 767.751 22.356 321.549
5554 0.000000 0 0.7337 0.5933 0.3312 0.9627 0.3586 0.0000 767.751 22.356 321.549
5555 0.000000 0 0.7337 0.5933 0.3312 0.9627 0.3586 0.0000 767.751 22.356 321.549
5556 0.000000 0 0.7337 0.5934 0.3312 0.9627 0.3586 0.0000 767.751 22.356 321.549
5557 0.000000 0 0.7337 0.5934 0.3312 0.9627 0.3586 0.0000 767.751 22.356 321.549
5558 0.000000 0 0.7337 0.5934 0.3312 0.9627 0.3586 0.0000 767.751 22.356 321.549
5559 0.000000 0 0.7336 0.5934 0.3312 0.9627 0.3586 0.0000 767.751 22.356 321.549
5560 0.000000 0 0.7336 0.5934 0.3312 0.9627 0.3586 0.0000 767.751 22.356 321.549
5561 0.000000 0 0.7336 0.5934 0.3311 0.9627 0.3586 0.0000 767.751 22.356 321.549
5562 0.000000 0 0.7336 0.5934 0.3311 0.9627 0.3586 0.0000 767.751 22.356 321.549
5563 0.000000 0 0.7336 0.5934 0.3311 0.9627 0.3586 0.0000 767.751 22.356 321.549
5564 0.000000 0 0.7336 0.5934 0.3311 0.9627 0.3586 0.0000 767.751 22.356 321.549
5565 0.000000 0 0.7336 0.5934 0.3311 0.9627 0.3586 0.0000 767.751 22.356 321.549
5566 0.000000 0 0.7336 0.5934 0.3311 0.9627 0.3586 0.0000 767.751 22.356 321.549
5567 0.000000 0 0.7336 0.5934 0.3311 0.9627 0.3586 0.0000 767.751 22.356 321.549
5568 0.000000 0 0.7336 0.5935 0.3311 0.9627 0.3586 0.0000 767.751 22.356 321.549
5569 0.000000 0 0.7336 0.5935 0.3311 0.9627 0.3586 0.0000 767.751 22.356 321.549
5570 0.000000 0 0.7336 0.5935 0.3311 0.9627 0.3586 0.0000 767.751 22.356 321.549
5571 0.000000 0 0.7336 0.5935 0.3311 0.9627 0.3586 0.0000 767.751 22.356 321.549
5572 0.000000 0 0.7336 0.5935 0.3311 0.9627 0.3586 0.0000 767.751 22.356 321.549
5573 0.000000 0 0.7336 0.5935 0.3311 0.9627 0.3586 0.0000 767.751 22.356 321.549
5574 0.000000 0 0.7335 0.5935 0.3311 0.9627 0.3586 0.0000 767.751 22.356 321.549
5575 0.000000 0 0.7335 0.5935 0.3311 0.9627 0.3586 0.0000 767.751 22.356 321.549
5576 0.000000 0 0.7335 0.5935 0.3311 0.9627 0.3586 0.0000 767.751 22.356 321.549
5577 0.000000 0 0.7335 0.5935 0.3311 0.9627 0.3586 0.0000 767.751 22.356 321.549
5578 0.000000 0 0.7335 0.5935 0.3311 0.9627 0.3586 0.0000 767.751 22.356 321.549
5579 0.000000 0 0.7335 0.5936 0.3311 0.9627 0.3586 0.0000 767.751 22.356 321.549
5580 0.000000 0 0.7335 0.5936 0.3311 0.9627 0.3586 0.0000 767.751 22.356 321.549
5581 0.000000 0 0.7335 0.5936 0.3311 0.9627 0.3586 0.0000 767.751 22.356 321.549
5582 0.000000 0 0.7335 0.5936 0.3311 0.9627 0.3586 0.0000 767.751 22.356 321.549
5583 0.000000 0 0.7335 0.5936 0.3311 0.9627 0.3586 0.0000 767.751 22.356 321.549
5584 0.000000 0 0.7335 0.5936 0.3311 0.9627 0.3586 0.0000 767.751 22.356 321.549
5585 0.000000 0 0.7335 0.5936 0.3311 0.9627 0.3586 0.0000 767.751 22.356 321.549
5586 0.000000 0 0.7335 0.5936 0.3311 0.9627 0.3586 0.0000 767.751 22.356 321.549
5587 0.000000 0 0.7335 0.5936 0.3311 0.9627 0.3586 0.0000 767.751 22.356 321.549
5588 0.000000 0 0.7335 0.5936 0.3311 0.9627 0.3586 0.0000 767.751 22.356 321.549
5589 0.000000 0 0.7335 0.5936 0.3311 0.9627 0.3586 0.0000 767.751 22.356 321.549
5590 0.000000 0 0.7334 0.5937 0.3311 0.9627 0.3586 0.0000 767.751 22.356 321.549
5591 0.000000 0 0.7334 0.5937 0.3311 0.9627 0.3586 0.0000 767.751 22.356 321.549
5592 0.000000 0 0.7334 0.5937 0.3311 0.9627 0.3586 0.0000 767.751 22.356 321.549
5593 0.000000 0 0.7334 0.5937 0.3311 0.9627 0.3586 0.0000 767.751 22.356 321.549
5594 0.000000 0 0.7334 0.5937 0.3311 0.9627 0.3586 0.0000 767.751 22.356 321.549
5595 0.000000 0 0.7334 0.5937 0.3311 0.9627 0.3586 0.0000 767.751 22.356 321.549
5596 0.000000 0 0.7334 0.5937 0.3311 0.9627 0.3586 0.0000 767.751 22.356 321.549
5597 0.000000 0 0.7334 0.5937 0.3311 0.9627 0.3586 0.0000 767.751 22.356 321.549
5598 0.000000 0 0.7334 0.5937 0.3311 0.9627 0.3586 0.0000 767.751 22.356 321.549
5599 0.000000 0 0.7334 0.5937 0.3311 0.9627 0.3586 0.0000 767.751 22.356 321.549
5600 0.000000 0 0.7334 0.5937 0.3311 0.9627 0.3586 0.0000 767.751 22.356 321.549
5601 0.000000 0 0.7334 0.5937 0.3311 0.9627 0.3586 0.0000 767.751 22.356 321.549
5602 0.000000 0 0.7334 0.5938 0.3311 0.9627 0.3586 0.0000 767.751 22.356 321.549
5603 0.000000 0 0.7334 0.5938 0.3311 0.9627 0.3586 0.0000 767.751 22.356 321.549
5604 0.000000 0 0.7334 0.5938 0.3311 0.9627 0.3586 0.0000 767.751 22.356 321.549
5605 0.000000 0 0.7333 0.5938 0.3311 0.9627 0.3586 0.0000 767.751 22.356 321.549
5606 0.000000 0 0.7333 0.5938 0.3311 0.9627 0.3586 0.0000 767.751 22.356 321.549
5607 0.000000 0 0.7333 0.5938 0.3311 0.9627 0.3586 0.0000 767.751 22.356 321.549
5608 0.000000 0 0.7333 0.5938 0.3311 0.9627 0.3586 0.0000 767.751 22.356 321.549
5609 0.000000 0 0.7333 0.5938 0.3311 0.9627 0.3586 0.0000 767.751 22.356 321.549
5610 0.000000 0 0.7333 0.5938 0.3311 0.9627 0.3586 0.0000 767.751 22.356 321.549
5611 0.000000 0 0.7333 0.5938 0.3311 0.9627 0.3586 0.0000 767.751 22.356 321.549
5612 0.000000 0 0.7333 0.5938 0.3311 0.9627 0.3586 0.0000 767.751 22.356 321.549
5613 0.000000 0 0.7333 0.5938 0.3311 0.9627 0.3586 0.0000 767.751 22.356 321.549
5614 0.000000 0 0.7333 0.5939 0.3311 0.9627 0.3586 0.0000 767.751 22.356 321.549
5615 0.000000 0 0.7333 0.5939 0.3311 0.9627 0.3586 0.0000 767.751 22.356 321.549
5616 0.000000 0 0.7333 0.5939 0.3311 0.9627 0.3586 0.0000 767.751 22.356 321.549
5617 0.000000 0 0.7333 0.5939 0.3311 0.9627 0.3586 0.0000 767.751 22.356 321.549
5618 0.000000 0 0.7333 0.5939 0.3311 0.9627 0.3586 0.0000 767.751 22.356 321.549
5619 0.000000 0 0.7333 0.5939 0.3311 0.9627 0.3586 0.0000 767.751 22.356 321.549
5620 0.000000 0 0.7333 0.5939 0.3311 0.9627 0.3586 0.0000 767.751 22.356 321.549
5621 0.000000 0 0.7332 0.5939 0.3311 0.9627 0.3586 0.0000 767.751 22.356 321.549
5622 0.000000 0 0.7332 0.5939 0.3311 0.9627 0.3586 0.0000 767.751 22.356 321.549
5623 0.000000 0 0.7332 0.5939 0.3311 0.9627 0.3586 0.0000 767.751 22.356 321.549
5624 0.000000 0 0.7332 0.5939 0.3311 0.9627 0.3586 0.0000 767.751 22.356 321.549
5625 0.000000 0 0.7332 0.5939 0.3311 0.9627 0.3586 0.0000 767.751 22.356 321.549
5626 0.000000 0 0.7332 0.5940 0.3311 0.9627 0.3586 0.0000 767.751 22.356 321.549
5627 0.000000 0 0.7332 0.5940 0.3311 0.9627 0.3586 0.0000 767.751 22.356 321.549
5628 0.000000 0 0.7332 0.5940 0.3311 0.9627 0.3586 0.0000 767.751 22.356 321.549
5629 0.000000 0 0.7332 0.5940 0.3311 0.9627 0.3586 0.0000 767.751 22.356 321.549
5630 0.000000 0 0.7332 0.5940 0.3311 0.9627 0.3586 0.0000 767.751 22.356 321.549
5631 0.000000 0 0.7332 0.5940 0.3311 0.9627 0.3586 0.0000 767.751 22.356 321.549
5632 0.000000 0 0.7332 0.5940 0.3311 0.9627 0.3586 0.0000 767.751 22.356 321.549
5633 0.000000 0 0.7332 0.5940 0.3311 0.9627 0.3586 0.0000 767.751 22.356 321.549
5634 0.000000 0 0.7332 0.5940 0.3311 0.9627 0.3586 0.0000 767.751 22.356 321.549
5635 0.000000 0 0.7332 0.5940 0.3311 0.9627 0.3586 0.0000 767.751 22.356 321.549
5636 0.000000 0 0.7332 0.5940 0.3311 0.9627 0.3586 0.0000 767.751 22.356 321.549
5637 0.000000 0 0.7331 0.5940 0.3311 0.9627 0.3586 0.0000 767.751 22.356 321.549
5638 0.000000 0 0.7331 0.5941 0.3311 0.9627 0.3586 0.0000 767.751 22.356 321.549
5639 0.000000 0 0.7331 0.5941 0.3311 0.9627 0.3586 0.0000 767.751 22.356 321.549
5640 0.000000 0 0.7331 0.5941 0.3311 0.9627 0.3586 0.0000 767.751 22.356 321.549
5641 0.000000 0 0.7331 0.5941 0.3311 0.9627 0.3586 0.0000 767.751 22.356 321.549
5642 0.000000 0 0.7331 0.5941 0.3311 0.9627 0.3586 0.0000 767.751 22.356 321.549
5643 0.000000 0 0.7331 0.5941 0.3311 0.9627 0.3586 0.0000 767.751 22.356 321.549
5644 0.000000 0 0.7331 0.5941 0.3311 0.9627 0.3586 0.0000 767.751 22.356 321.549
5645 0.000000 0 0.7331 0.5941 0.3311 0.9627 0.3586 0.0000 767.751 22.356 321.549
5646 0.000000 0 0.7331 0.5941 0.3311 0.9627 0.3586 0.0000 767.751 22.356 321.549
5647 0.000000 0 0.7331 0.5941 0.3311 0.9627 0.3586 0.0000 767.751 22.356 321.549
5648 0.000000 0 0.7331 0.5941 0.3310 0.9627 0.3586 0.0000 767.751 22.356 321.549
5649 0.000000 0 0.7331 0.5941 0.3310 0.9627 0.3586 0.0000 767.751 22.356 321.549
5650 0.000000 0 0.7331 0.5942 0.3310 0.9627 0.3586 0.0000 767.751 22.356 321.549
5651 0.000000 0 0.7331 0.5942 0.3310 0.9627 0.3586 0.0000 767.751 22.356 321.549
5652 0.000000 0 0.7331 0.5942 0.3310 0.9627 0.3586 0.0000 767.751 22.356 321.549
5653 0.000000 0 0.7331 0.5942 0.3310 0.9627 0.3586 0.0000 767.751 22.356 321.549
5654 0.000000 0 0.7330 0.5942 0.3310 0.9627 0.3586 0.0000 767.751 22.356 321.549
5655 0.000000 0 0.7330 0.5942 0.3310 0.9627 0.3586 0.0000 767.751 22.356 321.549
5656 0.000000 0 0.7330 0.5942 0.3310 0.9627 0.3586 0.0000 767.751 22.356 321.549
5657 0.000000 0 0.7330 0.5942 0.3310 0.9627 0.3586 0.0000 767.751 22.356 321.549
5658 0.000000 0 0.7330 0.5942 0.3310 0.9627 0.3586 0.0000 767.751 22.356 321.549
5659 0.000000 0 0.7330 0.5942 0.3310 0.9627 0.3586 0.0000 767.751 22.356 321.549
5660 0.000000 0 0.7330 0.5942 0.3310 0.9627 0.3586 0.0000 767.751 22.356 321.549
5661 0.000000 0 0.7330 0.5942 0.3310 0.9627 0.3586 0.0000 767.751 22.356 321.549
5662 0.000000 0 0.7330 0.5942 0.3310 0.9627 0.3586 0.0000 767.751 22.356 321.549
5663 0.000000 0 0.7330 0.5943 0.3310 0.9627 0.3586 0.0000 767.751 22.356 321.549
5664 0.000000 0 0.7330 0.5943 0.3310 0.9627 0.3586 0.0000 767.751 22.356 321.549
5665 0.000000 0 0.7330 0.5943 0.3310 0.9627 0.3586 0.0000 767.751 22.356 321.549
5666 0.000000 0 0.7330 0.5943 0.3310 0.9627 0.3586 0.0000 767.751 22.356 321.549
5667 0.000000 0 0.7330 0.5943 0.3310 0.9627 0.3586 0.0000 767.751 22.356 321.549
5668 0.000000 0 0.7330 0.5943 0.3310 0.9627 0.3586 0.0000 767.751 22.356 321.549
5669 0.000000 0 0.7330 0.5943 0.3310 0.9627 0.3586 0.0000 767.751 22.356 321.549
5670 0.000000 0 0.7329 0.5943 0.3310 0.9627 0.3586 0.0000 767.751 22.356 321.549
5671 0.000000 0 0.7329 0.5943 0.3310 0.9627 0.3586 0.0000 767.751 22.356 321.549
5672 0.000000 0 0.7329 0.5943 0.3310 0.9627 0.3586 0.0000 767.751 22.356 321.549
5673 0.000000 0 0.7329 0.5943 0.3310 0.9627 0.3586 0.0000 767.751 22.356 321.549
5674 0.000000 0 0.7329 0.5943 0.3310 0.9627 0.3586 0.0000 767.751 22.356 321.549
5675 0.000000 0 0.7329 0.5944 0.3310 0.9627 0.3586 0.0000 767.751 22.356 321.549
5676 0.000000 0 0.7329 0.5944 0.3310 0.9627 0.3586 0.0000 767.751 22.356 321.549
5677 0.000000 0 0.7329 0.5944 0.3310 0.9627 0.3586 0.0000 767.751 22.356 321.549
5678 0.000000 0 0.7329 0.5944 0.3310 0.9627 0.3586 0.0000 767.751 22.356 321.549
5679 0.000000 0 0.7329 0.5944 0.3310 0.9627 0.3586 0.0000 767.751 22.356 321.549
5680 0.000000 0 0.7329 0.5944 0.3310 0.9627 0.3586 0.0000 767.751 22.356 321.549
5681 0.000000 0 0.7329 0.5944 0.3310 0.9627 0.3586 0.0000 767.751 22.356 321.549
5682 0.000000 0 0.7329 0.5944 0.3310 0.9627 0.3586 0.0000 767.751 22.356 321.549
5683 0.000000 0 0.7329 0.5944 0.3310 0.9627 0.3586 0.0000 767.751 22.356 321.549
5684 0.000000 0 0.7329 0.5944 0.3310 0.9627 0.3586 0.0000 767.751 22.356 321.549
5685 0.000000 0 0.7328 0.5944 0.3310 0.9627 0.3586 0.0000 767.751 22.356 321.549
5686 0.000000 0 0.7328 0.5945 0.3310 0.9627 0.3586 0.0000 767.751 22.356 321.549
5687 0.000000 0 0.7328 0.5945 0.3310 0.9627 0.3586 0.0000 767.751 22.356 321.549
5688 0.000000 0 0.7328 0.5945 0.3310 0.9627 0.3586 0.0000 767.751 22.356 321.549
5689 0.000000 0 0.7328 0.5945 0.3310 0.9627 0.3586 0.0000 767.751 22.356 321.549
5690 0.000000 0 0.7328 0.5945 0.3310 0.9627 0.3586 0.0000 767.751 22.356 321.549
5691 0.000000 0 0.7328 0.5945 0.3310 0.9627 0.3586 0.0000 767.751 22.356 321.549
5692 0.000000 0 0.7328 0.5945 0.3310 0.9627 0.3586 0.0000 767.751 22.356 321.549
5693 0.000000 0 0.7328 0.5945 0.3310 0.9627 0.3586 0.0000 767.751 22.356 321.549
5694 0.000000 0 0.7328 0.5945 0.3310 0.9627 0.3586 0.0000 767.751 22.356 321.549
5695 0.000000 0 0.7328 0.5945 0.3310 0.9627 0.3586 0.0000 767.751 22.356 321.549
5696 0.000000 0 0.7328 0.5945 0.3310 0.9627 0.3586 0.0000 767.751 22.356 321.549
5697 0.000000 0 0.7328 0.5945 0.3310 0.9627 0.3586 0.0000 767.751 22.356 321.549
5698 0.000000 0 0.7328 0.5946 0.3310 0.9627 0.3586 0.0000 767.751 22.356 321.549
5699 0.000000 0 0.7328 0.5946 0.3310 0.9627 0.3586 0.0000 767.751 22.356 321.549
5700 0.000000 0 0.7328 0.5946 0.3310 0.9627 0.3586 0.0000 767.751 22.356 321.549
5701 0.000000 0 0.7327 0.5946 0.3310 0.9627 0.3586 0.0000 767.751 22.356 321.549
5702 0.000000 0 0.7327 0.5946 0.3310 0.9627 0.3586 0.0000 767.751 22.356 321.549
5703 0.000000 0 0.7327 0.5946 0.3310 0.9627 0.3586 0.0000 767.751 22.356 321.549
5704 0.000000 0 0.7327 0.5946 0.3310 0.9627 0.3586 0.0000 767.751 22.356 321.549
5705 0.000000 0 0.7327 0.5946 0.3310 0.9627 0.3586 0.0000 767.751 22.356 321.549
5706 0.000000 0 0.7327 0.5946 0.3310 0.9627 0.3586 0.0000 767.751 22.356 321.549
5707 0.000000 0 0.7327 0.5946 0.3310 0.9627 0.3586 0.0000 767.751 22.356 321.549
5708 0.000000 0 0.7327 0.5946 0.3310 0.9627 0.3586 0.0000 767.751 22.356 321.549
5709 0.000000 0 0.7327 0.5946 0.3310 0.9627 0.3586 0.0000 767.751 22.356 321.549
5710 0.000000 0 0.7327 0.5947 0.3310 0.9627 0.3586 0.0000 767.751 22.356 321.549
5711 0.000000 0 0.7327 0.5947 0.3310 0.9627 0.3586 0.0000 767.751 22.356 321.549
5712 0.000000 0 0.7327 0.5947 0.3310 0.9627 0.3586 0.0000 767.751 22.356 321.549
5713 0.000000 0 0.7327 0.5947 0.3310 0.9627 0.3586 0.0000 767.751 22.356 321.549
5714 0.000000 0 0.7327 0.5947 0.3310 0.9627 0.3586 0.0000 767.751 22.356 321.549
5715 0.000000 0 0.7327 0.5947 0.3310 0.9627 0.3586 0.0000 767.751 22.356 321.549
5716 0.000000 0 0.7327 0.5947 0.3310 0.9627 0.3586 0.0000 767.751 22.356 321.549
5717 0.000000 0 0.7326 0.5947 0.3310 0.9627 0.3586 0.0000 767.751 22.356 321.549
5718 0.000000 0 0.7326 0.5947 0.3310 0.9627 0.3586 0.0000 767.751 22.356 321.549
5719 0.000000 0 0.7326 0.5947 0.3310 0.9627 0.3586 0.0000 767.751 22.356 321.549
5720 0.000000 0 0.7326 0.5947 0.3310 0.9627 0.3586 0.0000 767.751 22.356 321.549
5721 0.000000 0 0.7326 0.5948 0.3310 0.9627 0.3586 0.0000 767.751 22.356 321.549
5722 0.000000 0 0.7326 0.5948 0.3310 0.9627 0.3586 0.0000 767.751 22.356 321.549
5723 0.000000 0 0.7326 0.5948 0.3310 0.9627 0.3586 0.0000 767.751 22.356 321.549
5724 0.000000 0 0.7326 0.5948 0.3310 0.9627 0.3586 0.0000 767.751 22.356 321.549
5725 0.000000 0 0.7326 0.5948 0.3310 0.9627 0.3586 0.0000 767.751 22.356 321.549
5726 0.000000 0 0.7326 0.5948 0.3310 0.9627 0.3586 0.0000 767.751 22.356 321.549
5727 0.000000 0 0.7326 0.5948 0.3310 0.9627 0.3586 0.0000 767.751 22.356 321.549
5728 0.000000 0 0.7326 0.5948 0.3310 0.9627 0.3586 0.0000 767.751 22.356 321.549
5729 0.000000 0 0.7326 0.5948 0.3310 0.9627 0.3586 0.0000 767.751 22.356 321.549
5730 0.000000 0 0.7326 0.5948 0.3310 0.9627 0.3586 0.0000 767.751 22.356 321.549
5731 0.000000 0 0.7326 0.5948 0.3310 0.9627 0.3586 0.0000 767.751 22.356 321.549
5732 0.000000 0 0.7325 0.5949 0.3310 0.9627 0.3586 0.0000 767.751 22.356 321.549
5733 0.000000 0 0.7325 0.5949 0.3310 0.9627 0.3586 0.0000 767.751 22.356 321.549
5734 0.000000 0 0.7325 0.5949 0.3310 0.9627 0.3586 0.0000 767.751 22.356 321.549
5735 0.000000 0 0.7325 0.5949 0.3309 0.9627 0.3586 0.0000 767.751 22.356 321.549
5736 0.000000 0 0.7325 0.5949 0.3309 0.9627 0.3586 0.0000 767.751 22.356 321.549
5737 0.000000 0 0.7325 0.5949 0.3309 0.9627 0.3586 0.0000 767.751 22.356 321.549
5738 0.000000 0 0.7325 0.5949 0.3309 0.9627 0.3586 0.0000 767.751 22.356 321.549
5739 0.000000 0 0.7325 0.5949 0.3309 0.9627 0.3586 0.0000 767.751 22.356 321.549
5740 0.000000 0 0.7325 0.5949 0.3309 0.9627 0.3586 0.0000 767.751 22.356 321.549
5741 0.000000 0 0.7325 0.5949 0.3309 0.9627 0.3586 0.0000 767.751 22.356 321.549
5742 0.000000 0 0.7325 0.5949 0.3309 0.9627 0.3586 0.0000 767.751 22.356 321.549
5743 0.000000 0 0.7325 0.5949 0.3309 0.9627 0.3586 0.0000 767.751 22.356 321.549
5744 0.000000 0 0.7325 0.5950 0.3309 0.9627 0.3586 0.0000 767.751 22.356 321.549
5745 0.000000 0 0.7325 0.5950 0.3309 0.9627 0.3586 0.0000 767.751 22.356 321.549
5746 0.000000 0 0.7325 0.5950 0.3309 0.9627 0.3586 0.0000 767.751 22.356 321.549
5747 0.000000 0 0.7325 0.5950 0.3309 0.9627 0.3586 0.0000 767.751 22.356 321.549
5748 0.000000 0 0.7325 0.5950 0.3309 0.9627 0.3586 0.0000 767.751 22.356 321.549
5749 0.000000 0 0.7324 0.5950 0.3309 0.9627 0.3586 0.0000 767.751 22.356 321.549
5750 0.000000 0 0.7324 0.5950 0.3309 0.9627 0.3586 0.0000 767.751 22.356 321.549
5751 0.000000 0 0.7324 0.5950 0.3309 0.9627 0.3586 0.0000 767.751 22.356 321.549
5752 0.000000 0 0.7324 0.5950 0.3309 0.9627 0.3586 0.0000 767.751 22.356 321.549
5753 0.000000 0 0.7324 0.5950 0.3309 0.9627 0.3586 0.0000 767.751 22.356 321.549
5754 0.000000 0 0.7324 0.5950 0.3309 0.9627 0.3586 0.0000 767.751 22.356 321.549
5755 0.000000 0 0.7324 0.5950 0.3309 0.9627 0.3586 0.0000 767.751 22.356 321.549
5756 0.000000 0 0.7324 0.5950 0.3309 0.9627 0.3586 0.0000 767.751 22.356 321.549
5757 0.000000 0 0.7324 0.5951 0.3309 0.9627 0.3586 0.0000 767.751 22.356 321.549
5758 0.000000 0 0.7324 0.5951 0.3309 0.9627 0.3586 0.0000 767.751 22.356 321.549
5759 0.000000 0 0.7324 0.5951 0.3309 0.9627 0.3586 0.0000 767.751 22.356 321.549
5760 0.000000 0 0.7324 0.5951 0.3309 0.9627 0.3586 0.0000 767.751 22.356 321.549
5761 0.000000 0 0.7324 0.5951 0.3309 0.9627 0.3586 0.0000 767.751 22.356 321.549
5762 0.000000 0 0.7324 0.5951 0.3309 0.9627 0.3586 0.0000 767.751 22.356 321.549
5763 0.000000 0 0.7324 0.5951 0.3309 0.9627 0.3586 0.0000 767.751 22.356 321.549
5764 0.000000 0 0.7324 0.5951 0.3309 0.9627 0.3586 0.0000 767.751 22.356 321.549
5765 0.000000 0 0.7323 0.5951 0.3309 0.9627 0.3586 0.0000 767.751 22.356 321.549
5766 0.000000 0 0.7323 0.5951 0.3309 0.9627 0.3586 0.0000 767.751 22.356 321.549
5767 0.000000 0 0.7323 0.5951 0.3309 0.9627 0.3586 0.0000 767.751 22.356 321.549
5768 0.000000 0 0.7323 0.5951 0.3309 0.9627 0.3586 0.0000 767.751 22.356 321.549
5769 0.000000 0 0.7323 0.5952 0.3309 0.9627 0.3586 0.0000 767.751 22.356 321.549
5770 0.000000 0 0.7323 0.5952 0.3309 0.9627 0.3586 0.0000 767.751 22.356 321.549
5771 0.000000 0 0.7323 0.5952 0.3309 0.9627 0.3586 0.0000 767.751 22.356 321.549
5772 0.000000 0 0.7323 0.5952 0.3309 0.9627 0.3586 0.0000 767.751 22.356 321.549
5773 0.000000 0 0.7323 0.5952 0.3309 0.9627 0.3586 0.0000 767.751 22.356 321.549
5774 0.000000 0 0.7323 0.5952 0.3309 0.9627 0.3586 0.0000 767.751 22.356 321.549
5775 0.000000 0 0.7323 0.5952 0.3309 0.9627 0.3586 0.0000 767.751 22.356 321.549
5776 0.000000 0 0.7323 0.5952 0.3309 0.9627 0.3586 0.0000 767.751 22.356 321.549
5777 0.000000 0 0.7323 0.5952 0.3309 0.9627 0.3586 0.0000 767.751 22.356 321.549
5778 0.000000 0 0.7323 0.5952 0.3309 0.9627 0.3586 0.0000 767.751 22.356 321.549
5779 0.000000 0 0.7322 0.5952 0.3309 0.9627 0.3586 0.0000 767.751 22.356 321.549
5780 0.000000 0 0.7322 0.5953 0.3309 0.9627 0.3586 0.0000 767.751 22.356 321.549
5781 0.000000 0 0.7322 0.5953 0.3309 0.9627 0.3586 0.0000 767.750 22.372 321.550
5782 0.000000 0 0.7322 0.5953 0.3309 0.9627 0.3586 0.0000 767.750 22.401 321.550
5783 0.000000 0 0.7322 0.5953 0.3309 0.9627 0.3586 0.0000 767.749 22.438 321.551
5784 0.000000 0 0.7322 0.5953 0.3309 0.9627 0.3586 0.0000 767.748 22.459 321.552
5785 0.000000 0 0.7322 0.5953 0.3309 0.9627 0.3586 0.0000 767.748 22.477 321.552
5786 0.000000 0 0.7322 0.5953 0.3309 0.9627 0.3586 0.0000 767.747 22.504 321.553
5787 0.000000 0 0.7322 0.5953 0.3309 0.9627 0.3586 0.0000 767.746 22.533 321.554
5788 0.000000 0 0.7322 0.5953 0.3309 0.9627 0.3586 0.0000 767.746 22.560 321.554
5789 0.000000 0 0.7322 0.5953 0.3309 0.9627 0.3586 0.0000 767.745 22.581 321.555
5790 0.000000 0 0.7322 0.5954 0.3309 0.9627 0.3586 0.0000 767.745 22.600 321.555
5791 0.000000 0 0.7322 0.5954 0.3309 0.9627 0.3586 0.0000 767.744 22.623 321.556
5792 0.000000 0 0.7322 0.5954 0.3309 0.9627 0.3586 0.0000 767.744 22.643 321.556
5793 0.000000 0 0.7321 0.5954 0.3309 0.9627 0.3586 0.0000 767.743 22.663 321.557
5794 0.000000 0 0.7321 0.5954 0.3309 0.9627 0.3586 0.0000 767.742 22.703 321.558
5795 0.000000 0 0.7321 0.5954 0.3309 0.9627 0.3586 0.0000 767.742 22.705 321.558
5796 0.000000 0 0.7321 0.5954 0.3309 0.9627 0.3586 0.0000 767.741 22.729 321.558
5797 0.000000 0 0.7321 0.5954 0.3309 0.9627 0.3586 0.0000 767.741 22.756 321.559
5798 0.000000 0 0.7321 0.5954 0.3309 0.9627 0.3586 0.0000 767.740 22.774 321.560
5799 0.000000 0 0.7321 0.5954 0.3309 0.9627 0.3586 0.0000 767.740 22.788 321.560
5800 0.000000 0 0.7321 0.5955 0.3309 0.9627 0.3586 0.0000 767.740 22.798 321.560
5801 0.000000 0 0.7321 0.5955 0.3309 0.9627 0.3586 0.0000 767.739 22.814 321.561
5802 0.000000 0 0.7321 0.5955 0.3309 0.9627 0.3586 0.0000 767.739 22.825 321.561
5803 0.000000 0 0.7321 0.5955 0.3309 0.9627 0.3586 0.0000 767.739 22.840 321.561
5804 0.000000 0 0.7321 0.5955 0.3309 0.9627 0.3586 0.0000 767.738 22.862 321.562
5805 0.000000 0 0.7321 0.5955 0.3309 0.9627 0.3586 0.0000 767.738 22.874 321.562
5806 0.000000 0 0.7321 0.5955 0.3309 0.9627 0.3586 0.0000 767.737 22.886 321.562
5807 0.000000 0 0.7321 0.5955 0.3309 0.9627 0.3586 0.0000 767.737 22.900 321.563
5808 0.000000 0 0.7320 0.5955 0.3309 0.9627 0.3586 0.0000 767.737 22.910 321.563
5809 0.000000 0 0.7320 0.5955 0.3309 0.9627 0.3586 0.0000 767.736 22.932 321.564
5810 0.000000 0 0.7320 0.5955 0.3309 0.9627 0.3586 0.0000 767.736 22.945 321.564
5811 0.000000 0 0.7320 0.5956 0.3309 0.9627 0.3586 0.0000 767.735 22.980 321.565
5812 0.000000 0 0.7320 0.5956 0.3309 0.9627 0.3586 0.0000 767.735 22.981 321.565
5813 0.000000 0 0.7320 0.5956 0.3309 0.9627 0.3586 0.0000 767.735 22.990 321.565
5814 0.000000 0 0.7320 0.5956 0.3309 0.9627 0.3586 0.0000 767.734 23.004 321.565
5815 0.000000 0 0.7320 0.5956 0.3309 0.9627 0.3586 0.0000 767.734 23.014 321.566
5816 0.000000 0 0.7320 0.5956 0.3309 0.9627 0.3586 0.0000 767.734 23.029 321.566
5817 0.000000 0 0.7320 0.5956 0.3309 0.9627 0.3586 0.0000 767.734 23.043 321.566
5818 0.000000 0 0.7320 0.5956 0.3308 0.9627 0.3586 0.0000 767.733 23.053 321.567
5819 0.000000 0 0.7320 0.5956 0.3308 0.9627 0.3586 0.0000 767.733 23.064 321.567
5820 0.000000 0 0.7320 0.5956 0.3308 0.9627 0.3586 0.0000 767.733 23.077 321.567
5821 0.000000 0 0.7320 0.5956 0.3308 0.9627 0.3586 0.0000 767.732 23.091 321.568
5822 0.000000 0 0.7319 0.5956 0.3308 0.9627 0.3586 0.0000 767.732 23.109 321.568
5823 0.000000 0 0.7319 0.5957 0.3308 0.9627 0.3586 0.0000 767.732 23.114 321.568
5824 0.000000 0 0.7319 0.5957 0.3308 0.9627 0.3586 0.0000 767.732 23.122 321.568
5825 0.000000 0 0.7319 0.5957 0.3308 0.9627 0.3586 0.0000 767.731 23.130 321.569
5826 0.000000 0 0.7319 0.5957 0.3308 0.9627 0.3586 0.0000 767.731 23.143 321.569
5827 0.000000 0 0.7319 0.5957 0.3308 0.9627 0.3586 0.0000 767.731 23.150 321.569
5828 0.000000 0 0.7319 0.5957 0.3308 0.9627 0.3586 0.0000 767.731 23.157 321.569
5829 0.000000 0 0.7319 0.5957 0.3308 0.9627 0.3586 0.0000 767.731 23.166 321.569
5830 0.000000 0 0.7319 0.5957 0.3308 0.9627 0.3586 0.0000 767.730 23.175 321.570
5831 0.000000 0 0.7319 0.5957 0.3308 0.9627 0.3586 0.0000 767.730 23.184 321.570
5832 0.000000 0 0.7319 0.5957 0.3308 0.9627 0.3586 0.0000 767.730 23.191 321.570
5833 0.000000 0 0.7319 0.5957 0.3308 0.9627 0.3586 0.0000 767.730 23.200 321.570
5834 0.000000 0 0.7319 0.5957 0.3308 0.9627 0.3586 0.0000 767.729 23.207 321.570
5835 0.000000 0 0.7319 0.5958 0.3308 0.9627 0.3586 0.0000 767.729 23.219 321.571
5836 0.000000 0 0.7319 0.5958 0.3308 0.9627 0.3586 0.0000 767.729 23.220 321.571
5837 0.000000 0 0.7319 0.5958 0.3308 0.9627 0.3586 0.0000 767.729 23.227 321.571
5838 0.000000 0 0.7319 0.5958 0.3308 0.9627 0.3586 0.0000 767.729 23.231 321.571
5839 0.000000 0 0.7318 0.5958 0.3308 0.9627 0.3586 0.0000 767.729 23.238 321.571
5840 0.000000 0 0.7318 0.5958 0.3308 0.9627 0.3586 0.0000 767.728 23.249 321.571
5841 0.000000 0 0.7318 0.5958 0.3308 0.9627 0.3586 0.0000 767.728 23.252 321.572
5842 0.000000 0 0.7318 0.5958 0.3308 0.9627 0.3586 0.0000 767.728 23.258 321.572
5843 0.000000 0 0.7318 0.5958 0.3308 0.9627 0.3586 0.0000 767.728 23.264 321.572
5844 0.000000 0 0.7318 0.5958 0.3308 0.9627 0.3586 0.0000 767.728 23.267 321.572
5845 0.000000 0 0.7318 0.5958 0.3308 0.9627 0.3586 0.0000 767.728 23.273 321.572
5846 0.000000 0 0.7318 0.5958 0.3308 0.9627 0.3586 0.0000 767.728 23.278 321.572
5847 0.000000 0 0.7318 0.5958 0.3308 0.9627 0.3586 0.0000 767.728 23.282 321.572
5848 0.000000 0 0.7318 0.5959 0.3308 0.9627 0.3586 0.0000 767.727 23.287 321.572
5849 0.000000 0 0.7318 0.5959 0.3308 0.9627 0.3586 0.0000 767.727 23.291 321.573
5850 0.000000 0 0.7318 0.5959 0.3308 0.9627 0.3586 0.0000 767.727 23.295 321.573
5851 0.000000 0 0.7318 0.5959 0.3308 0.9627 0.3586 0.0000 767.727 23.299 321.573
5852 0.000000 0 0.7318 0.5959 0.3308 0.9627 0.3586 0.0000 767.727 23.302 321.573
5853 0.000000 0 0.7318 0.5959 0.3308 0.9627 0.3586 0.0000 767.727 23.304 321.573
5854 0.000000 0 0.7317 0.5959 0.3308 0.9627 0.3586 0.0000 767.727 23.307 321.573
5855 0.000000 0 0.7317 0.5959 0.3308 0.9627 0.3586 0.0000 767.727 23.309 321.573
5856 0.000000 0 0.7317 0.5959 0.3308 0.9627 0.3586 0.0000 767.727 23.311 321.573
5857 0.000000 0 0.7317 0.5959 0.3308 0.9627 0.3586 0.0000 767.727 23.313 321.573
5858 0.000000 0 0.7317 0.5959 0.3308 0.9627 0.3586 0.0000 767.727 23.315 321.573
5859 0.000000 0 0.7317 0.5960 0.3308 0.9627 0.3586 0.0000 767.727 23.315 321.573
5860 0.000000 0 0.7317 0.5960 0.3308 0.9627 0.3586 0.0000 767.727 23.317 321.573
5861 0.000000 0 0.7317 0.5960 0.3308 0.9627 0.3586 0.0000 767.727 23.317 321.573
5862 0.000000 0 0.7317 0.5960 0.3308 0.9627 0.3586 0.0000 767.727 23.317 321.573
5863 0.000000 0 0.7317 0.5960 0.3308 0.9627 0.3586 0.0000 767.727 23.317 321.573
5864 0.000000 0 0.7317 0.5960 0.3308 0.9627 0.3586 0.0000 767.727 23.316 321.573
5865 0.000000 0 0.7317 0.5960 0.3308 0.9627 0.3586 0.0000 767.727 23.316 321.573
5866 0.000000 0 0.7317 0.5960 0.3308 0.9627 0.3586 0.0000 767.727 23.315 321.573
5867 0.000000 0 0.7317 0.5960 0.3308 0.9627 0.3586 0.0000 767.727 23.313 321.573
5868 0.000000 0 0.7316 0.5960 0.3308 0.9627 0.3586 0.0000 767.727 23.311 321.573
5869 0.000000 0 0.7316 0.5961 0.3308 0.9627 0.3586 0.0000 767.727 23.309 321.573
5870 0.000000 0 0.7316 0.5961 0.3308 0.9627 0.3586 0.0000 767.727 23.307 321.573
5871 0.000000 0 0.7316 0.5961 0.3308 0.9627 0.3586 0.0000 767.727 23.305 321.573
5872 0.000000 0 0.7316 0.5961 0.3308 0.9627 0.3586 0.0000 767.727 23.301 321.573
5873 0.000000 0 0.7316 0.5961 0.3308 0.9627 0.3586 0.0000 767.727 23.299 321.573
5874 0.000000 0 0.7316 0.5961 0.3308 0.9627 0.3586 0.0000 767.727 23.296 321.573
5875 0.000000 0 0.7316 0.5961 0.3308 0.9627 0.3586 0.0000 767.727 23.291 321.573
5876 0.000000 0 0.7316 0.5961 0.3308 0.9627 0.3586 0.0000 767.727 23.287 321.572
5877 0.000000 0 0.7316 0.5961 0.3308 0.9627 0.3586 0.0000 767.727 23.283 321.572
5878 0.000000 0 0.7316 0.5961 0.3308 0.9627 0.3586 0.0000 767.727 23.279 321.572
5879 0.000000 0 0.7316 0.5961 0.3308 0.9627 0.3586 0.0000 767.728 23.272 321.572
5880 0.000000 0 0.7316 0.5962 0.3308 0.9627 0.3586 0.0000 767.728 23.266 321.572
5881 0.000000 0 0.7316 0.5962 0.3308 0.9627 0.3586 0.0000 767.728 23.261 321.572
5882 0.000000 0 0.7316 0.5962 0.3308 0.9627 0.3586 0.0000 767.728 23.252 321.572
5883 0.000000 0 0.7315 0.5962 0.3308 0.9627 0.3586 0.0000 767.728 23.247 321.572
5884 0.000000 0 0.7315 0.5962 0.3308 0.9627 0.3586 0.0000 767.728 23.240 321.572
5885 0.000000 0 0.7315 0.5962 0.3308 0.9627 0.3586 0.0000 767.728 23.234 321.571
5886 0.000000 0 0.7315 0.5962 0.3308 0.9627 0.3586 0.0000 767.729 23.228 321.571
5887 0.000000 0 0.7315 0.5962 0.3308 0.9627 0.3586 0.0000 767.729 23.222 321.571
5888 0.000000 0 0.7315 0.5962 0.3308 0.9627 0.3586 0.0000 767.729 23.212 321.571
5889 0.000000 0 0.7315 0.5962 0.3308 0.9627 0.3586 0.0000 767.729 23.206 321.571
5890 0.000000 0 0.7315 0.5962 0.3308 0.9627 0.3586 0.0000 767.729 23.200 321.571
5891 0.000000 0 0.7315 0.5962 0.3308 0.9627 0.3586 0.0000 767.729 23.188 321.570
5892 0.000000 0 0.7315 0.5963 0.3308 0.9627 0.3586 0.0000 767.730 23.183 321.570
5893 0.000000 0 0.7315 0.5963 0.3308 0.9627 0.3586 0.0000 767.730 23.176 321.570
5894 0.000000 0 0.7315 0.5963 0.3308 0.9627 0.3586 0.0000 767.731 23.163 321.569
5895 0.000000 0 0.7315 0.5963 0.3308 0.9627 0.3586 0.0000 767.731 23.158 321.569
5896 0.000000 0 0.7315 0.5963 0.3308 0.9627 0.3586 0.0000 767.731 23.148 321.569
5897 0.000000 0 0.7315 0.5963 0.3308 0.9627 0.3586 0.0000 767.731 23.139 321.569
5898 0.000000 0 0.7315 0.5963 0.3308 0.9627 0.3586 0.0000 767.731 23.130 321.569
5899 0.000000 0 0.7314 0.5963 0.3308 0.9627 0.3586 0.0000 767.731 23.117 321.569
5900 0.000000 0 0.7314 0.5963 0.3308 0.9627 0.3586 0.0000 767.732 23.109 321.568
5901 0.000000 0 0.7314 0.5963 0.3308 0.9627 0.3586 0.0000 767.732 23.097 321.568
5902 0.000000 0 0.7314 0.5963 0.3307 0.9627 0.3586 0.0000 767.732 23.086 321.568
5903 0.000000 0 0.7314 0.5964 0.3307 0.9627 0.3586 0.0000 767.732 23.072 321.568
5904 0.000000 0 0.7314 0.5964 0.3307 0.9627 0.3586 0.0000 767.732 23.062 321.568
5905 0.000000 0 0.7314 0.5964 0.3307 0.9627 0.3586 0.0000 767.733 23.053 321.567
5906 0.000000 0 0.7314 0.5964 0.3307 0.9627 0.3586 0.0000 767.733 23.041 321.567
5907 0.000000 0 0.7314 0.5964 0.3307 0.9627 0.3586 0.0000 767.734 23.030 321.566
5908 0.000000 0 0.7314 0.5964 0.3307 0.9627 0.3586 0.0000 767.734 23.016 321.566
5909 0.000000 0 0.7314 0.5964 0.3307 0.9627 0.3586 0.0000 767.734 23.001 321.566
5910 0.000000 0 0.7314 0.5964 0.3307 0.9627 0.3586 0.0000 767.734 22.985 321.566
5911 0.000000 0 0.7314 0.5964 0.3307 0.9627 0.3586 0.0000 767.735 22.972 321.565
5912 0.000000 0 0.7314 0.5964 0.3307 0.9627 0.3586 0.0000 767.735 22.962 321.565
5913 0.000000 0 0.7314 0.5964 0.3307 0.9627 0.3586 0.0000 767.736 22.950 321.564
5914 0.000000 0 0.7313 0.5964 0.3307 0.9627 0.3586 0.0000 767.736 22.934 321.564
5915 0.000000 0 0.7313 0.5965 0.3307 0.9627 0.3586 0.0000 767.736 22.921 321.564
5916 0.000000 0 0.7313 0.5965 0.3307 0.9627 0.3586 0.0000 767.736 22.907 321.564
5917 0.000000 0 0.7313 0.5965 0.3307 0.9627 0.3586 0.0000 767.737 22.888 321.563
5918 0.000000 0 0.7313 0.5965 0.3307 0.9627 0.3586 0.0000 767.737 22.872 321.563
5919 0.000000 0 0.7313 0.5965 0.3307 0.9627 0.3586 0.0000 767.738 22.856 321.562
5920 0.000000 0 0.7313 0.5965 0.3307 0.9627 0.3586 0.0000 767.739 22.842 321.561
5921 0.000000 0 0.7313 0.5965 0.3307 0.9627 0.3586 0.0000 767.738 22.826 321.561
5922 0.000000 0 0.7313 0.5965 0.3307 0.9627 0.3586 0.0000 767.738 22.804 321.561
5923 0.000000 0 0.7313 0.5965 0.3307 0.9627 0.3586 0.0000 767.739 22.794 321.561
5924 0.000000 0 0.7313 0.5965 0.3307 0.9627 0.3586 0.0000 767.739 22.778 321.561
5925 0.000000 0 0.7313 0.5965 0.3307 0.9627 0.3586 0.0000 767.740 22.758 321.560
5926 0.000000 0 0.7313 0.5965 0.3307 0.9627 0.3586 0.0000 767.741 22.730 321.559
5927 0.000000 0 0.7313 0.5966 0.3307 0.9627 0.3586 0.0000 767.741 22.598 321.559
5928 0.000000 0 0.7313 0.5966 0.3307 0.9627 0.3586 0.0000 767.741 22.511 321.559
5929 0.000000 0 0.7313 0.5966 0.3307 0.9627 0.3586 0.0000 767.741 22.391 321.559
5930 0.000000 0 0.7312 0.5966 0.3307 0.9627 0.3586 0.0000 767.744 22.354 321.556
5931 0.000000 0 0.7312 0.5966 0.3307 0.9627 0.3586 0.0000 767.748 22.352 321.552
5932 0.000000 0 0.7312 0.5966 0.3307 0.9627 0.3586 0.0000 767.751 22.350 321.549
5933 0.000000 0 0.7312 0.5966 0.3307 0.9627 0.3586 0.0000 767.751 22.345 321.549
5934 0.000000 0 0.7312 0.5966 0.3307 0.9627 0.3586 0.0000 767.751 22.339 321.549
5935 0.000000 0 0.7312 0.5966 0.3307 0.9627 0.3586 0.0000 767.751 22.334 321.549
5936 0.000000 0 0.7312 0.5966 0.3307 0.9627 0.3586 0.0000 767.751 22.329 321.549
5937 0.000000 0 0.7312 0.5966 0.3307 0.9627 0.3586 0.0000 767.751 22.322 321.549
5938 0.000000 0 0.7312 0.5967 0.3307 0.9627 0.3586 0.0000 767.751 22.313 321.549
5939 0.000000 0 0.7312 0.5967 0.3307 0.9627 0.3586 0.0000 767.751 22.308 321.549
5940 0.000000 0 0.7312 0.5967 0.3307 0.9627 0.3586 0.0000 767.751 22.302 321.549
5941 0.000000 0 0.7312 0.5967 0.3307 0.9627 0.3586 0.0000 767.751 22.293 321.549
5942 0.000000 0 0.7312 0.5967 0.3307 0.9627 0.3586 0.0000 767.751 22.292 321.549
5943 0.000000 0 0.7312 0.5967 0.3307 0.9627 0.3586 0.0000 767.751 22.288 321.549
5944 0.000000 0 0.7311 0.5967 0.3307 0.9627 0.3586 0.0000 767.751 22.283 321.549
5945 0.000000 0 0.7311 0.5967 0.3307 0.9627 0.3586 0.0000 767.751 22.283 321.549
5946 0.000000 0 0.7311 0.5967 0.3307 0.9627 0.3586 0.0000 767.751 22.282 321.549
5947 0.000000 0 0.7311 0.5967 0.3307 0.9627 0.3586 0.0000 767.751 22.281 321.549
5948 0.000000 0 0.7311 0.5968 0.3307 0.9627 0.3586 0.0000 767.751 22.282 321.549
5949 0.000000 0 0.7311 0.5968 0.3307 0.9627 0.3586 0.0000 767.751 22.282 321.549
5950 0.000000 0 0.7311 0.5968 0.3307 0.9627 0.3586 0.0000 767.751 22.283 321.549
5951 0.000000 0 0.7311 0.5968 0.3307 0.9627 0.3586 0.0000 767.751 22.285 321.549
5952 0.000000 0 0.7311 0.5968 0.3307 0.9627 0.3586 0.0000 767.751 22.287 321.549
5953 0.000000 0 0.7311 0.5968 0.3307 0.9627 0.3586 0.0000 767.751 22.289 321.549
5954 0.000000 0 0.7311 0.5968 0.3307 0.9627 0.3586 0.0000 767.751 22.292 321.549
5955 0.000000 0 0.7311 0.5968 0.3307 0.9627 0.3586 0.0000 767.751 22.294 321.549
5956 0.000000 0 0.7311 0.5968 0.3307 0.9627 0.3586 0.0000 767.751 22.297 321.549
5957 0.000000 0 0.7311 0.5968 0.3307 0.9627 0.3586 0.0000 767.751 22.300 321.549
5958 0.000000 0 0.7311 0.5968 0.3307 0.9627 0.3586 0.0000 767.751 22.304 321.549
5959 0.000000 0 0.7310 0.5968 0.3307 0.9627 0.3586 0.0000 767.751 22.308 321.549
5960 0.000000 0 0.7310 0.5969 0.3307 0.9627 0.3586 0.0000 767.751 22.311 321.549
5961 0.000000 0 0.7310 0.5969 0.3307 0.9627 0.3586 0.0000 767.751 22.315 321.549
5962 0.000000 0 0.7310 0.5969 0.3307 0.9627 0.3586 0.0000 767.751 22.317 321.549
5963 0.000000 0 0.7310 0.5969 0.3307 0.9627 0.3586 0.0000 767.751 22.322 321.549
5964 0.000000 0 0.7310 0.5969 0.3307 0.9627 0.3586 0.0000 767.751 22.326 321.549
5965 0.000000 0 0.7310 0.5969 0.3307 0.9627 0.3586 0.0000 767.751 22.328 321.549
5966 0.000000 0 0.7310 0.5969 0.3307 0.9627 0.3586 0.0000 767.751 22.332 321.549
5967 0.000000 0 0.7310 0.5969 0.3307 0.9627 0.3586 0.0000 767.751 22.335 321.549
5968 0.000000 0 0.7310 0.5969 0.3307 0.9627 0.3586 0.0000 767.751 22.338 321.549
5969 0.000000 0 0.7310 0.5969 0.3307 0.9627 0.3586 0.0000 767.751 22.341 321.549
5970 0.000000 0 0.7310 0.5969 0.3307 0.9627 0.3586 0.0000 767.751 22.342 321.549
5971 0.000000 0 0.7310 0.5969 0.3307 0.9627 0.3586 0.0000 767.751 22.345 321.549
5972 0.000000 0 0.7310 0.5970 0.3307 0.9627 0.3586 0.0000 767.751 22.346 321.549
5973 0.000000 0 0.7310 0.5970 0.3307 0.9627 0.3586 0.0000 767.751 22.347 321.549
5974 0.000000 0 0.7310 0.5970 0.3307 0.9627 0.3586 0.0000 767.751 22.348 321.549
5975 0.000000 0 0.7309 0.5970 0.3307 0.9627 0.3586 0.0000 767.751 22.349 321.549
5976 0.000000 0 0.7309 0.5970 0.3307 0.9627 0.3586 0.0000 767.751 22.350 321.549
5977 0.000000 0 0.7309 0.5970 0.3307 0.9627 0.3586 0.0000 767.751 22.350 321.549
5978 0.000000 0 0.7309 0.5970 0.3307 0.9627 0.3586 0.0000 767.751 22.351 321.549
5979 0.000000 0 0.7309 0.5970 0.3307 0.9627 0.3586 0.0000 767.751 22.351 321.549
5980 0.000000 0 0.7309 0.5970 0.3307 0.9627 0.3586 0.0000 767.751 22.352 321.549
5981 0.000000 0 0.7309 0.5970 0.3307 0.9627 0.3586 0.0000 767.751 22.353 321.549
5982 0.000000 0 0.7309 0.5970 0.3307 0.9627 0.3586 0.0000 767.751 22.354 321.549
5983 0.000000 0 0.7309 0.5971 0.3307 0.9627 0.3586 0.0000 767.751 22.355 321.549
5984 0.000000 0 0.7309 0.5971 0.3307 0.9627 0.3586 0.0000 767.751 22.355 321.549
5985 0.000000 0 0.7309 0.5971 0.3306 0.9627 0.3586 0.0000 767.751 22.356 321.549
5986 0.000000 0 0.7308 0.5971 0.3306 0.9627 0.3586 0.0000 767.751 22.356 321.549
5987 0.000000 0 0.7307 0.5973 0.3306 0.9627 0.3586 0.0000 767.751 22.356 321.549
5988 0.000000 0 0.7307 0.5973 0.3306 0.9627 0.3586 0.0000 767.751 22.356 321.549
5989 0.000000 0 0.7306 0.5974 0.3306 0.9627 0.3586 0.0000 767.751 22.356 321.549
5990 0.000000 0 0.7306 0.5974 0.3306 0.9627 0.3586 0.0000 767.751 22.356 321.549
5991 0.000000 0 0.7306 0.5975 0.3306 0.9627 0.3586 0.0000 767.751 22.356 321.549
5992 0.000000 0 0.7306 0.5975 0.3306 0.9627 0.3586 0.0000 767.751 22.356 321.549
5993 0.000000 0 0.7305 0.5975 0.3306 0.9627 0.3586 0.0000 767.751 22.356 321.549
5994 0.000000 0 0.7305 0.5975 0.3306 0.9627 0.3586 0.0000 767.751 22.356 321.549
5995 0.000000 0 0.7305 0.5976 0.3306 0.9627 0.3586 0.0000 767.751 22.356 321.549
5996 0.000000 0 0.7305 0.5976 0.3306 0.9627 0.3586 0.0000 767.751 22.356 321.549
5997 0.000000 0 0.7305 0.5976 0.3306 0.9627 0.3586 0.0000 767.751 22.356 321.549
5998 0.000000 0 0.7305 0.5976 0.3306 0.9627 0.3586 0.0000 767.751 22.356 321.549
5999 0.000000 0 0.7304 0.5977 0.3306 0.9627 0.3586 0.0000 767.751 22.356 321.549
6000 0.000000 0 0.7304 0.5977 0.3306 0.9627 0.3586 0.0000 767.751 22.356 321.549
6001 0.000000 0 0.7304 0.5977 0.3306 0.9627 0.3586 0.0000 767.751 22.356 321.549
6002 0.000000 0 0.7304 0.5977 0.3306 0.9627 0.3586 0.0000 767.751 22.356 321.549
6003 0.000000 0 0.7304 0.5977 0.3306 0.9627 0.3586 0.0000 767.751 22.356 321.549
6004 0.000000 0 0.7304 0.5977 0.3306 0.9627 0.3586 0.0000 767.751 22.356 321.549
6005 0.000000 0 0.7304 0.5977 0.3306 0.9627 0.3586 0.0000 767.751 22.356 321.549
6006 0.000000 0 0.7304 0.5978 0.3306 0.9627 0.3586 0.0000 767.751 22.356 321.549
6007 0.000000 0 0.7303 0.5978 0.3306 0.9627 0.3586 0.0000 767.751 22.356 321.549
6008 0.000000 0 0.7303 0.5978 0.3306 0.9627 0.3586 0.0000 767.751 22.356 321.549
6009 0.000000 0 0.7303 0.5978 0.3306 0.9627 0.3586 0.0000 767.751 22.356 321.549
6010 0.000000 0 0.7303 0.5978 0.3305 0.9627 0.3586 0.0000 767.751 22.356 321.549
6011 0.000000 0 0.7303 0.5978 0.3305 0.9627 0.3586 0.0000 767.751 22.356 321.549
6012 0.000000 0 0.7303 0.5979 0.3305 0.9627 0.3586 0.0000 767.751 22.356 321.549
6013 0.000000 0 0.7303 0.5979 0.3305 0.9627 0.3586 0.0000 767.751 22.356 321.549
6014 0.000000 0 0.7303 0.5979 0.3305 0.9627 0.3586 0.0000 767.751 22.356 321.549
6015 0.000000 0 0.7302 0.5979 0.3305 0.9627 0.3586 0.0000 767.751 22.356 321.549
6016 0.000000 0 0.7302 0.5979 0.3305 0.9627 0.3586 0.0000 767.751 22.356 321.549
6017 0.000000 0 0.7302 0.5979 0.3305 0.9627 0.3586 0.0000 767.751 22.356 321.549
6018 0.000000 0 0.7302 0.5979 0.3305 0.9627 0.3586 0.0000 767.751 22.356 321.549
6019 0.000000 0 0.7302 0.5980 0.3305 0.9627 0.3586 0.0000 767.751 22.356 321.549
6020 0.000000 0 0.7302 0.5980 0.3305 0.9627 0.3586 0.0000 767.751 22.356 321.549
6021 0.000000 0 0.7302 0.5980 0.3305 0.9627 0.3586 0.0000 767.751 22.356 321.549
6022 0.000000 0 0.7302 0.5980 0.3305 0.9627 0.3586 0.0000 767.751 22.356 321.549
6023 0.000000 0 0.7302 0.5980 0.3305 0.9627 0.3586 0.0000 767.751 22.356 321.549
6024 0.000000 0 0.7302 0.5980 0.3305 0.9627 0.3586 0.0000 767.751 22.356 321.549
6025 0.000000 0 0.7301 0.5980 0.3305 0.9627 0.3586 0.0000 767.751 22.356 321.549
6026 0.000000 0 0.7301 0.5981 0.3305 0.9627 0.3586 0.0000 767.751 22.356 321.549
6027 0.000000 0 0.7301 0.5981 0.3305 0.9627 0.3586 0.0000 767.751 22.356 321.549
6028 0.000000 0 0.7301 0.5981 0.3305 0.9627 0.3586 0.0000 767.751 22.356 321.549
6029 0.000000 0 0.7301 0.5981 0.3305 0.9627 0.3586 0.0000 767.751 22.356 321.549
6030 0.000000 0 0.7301 0.5981 0.3305 0.9627 0.3586 0.0000 767.751 22.356 321.549
6031 0.000000 0 0.7301 0.5981 0.3305 0.9627 0.3586 0.0000 767.751 22.356 321.549
6032 0.000000 0 0.7301 0.5981 0.3305 0.9627 0.3586 0.0000 767.751 22.356 321.549
6033 0.000000 0 0.7301 0.5981 0.3305 0.9627 0.3586 0.0000 767.751 22.356 321.549
6034 0.000000 0 0.7300 0.5982 0.3305 0.9627 0.3586 0.0000 767.751 22.356 321.549
6035 0.000000 0 0.7300 0.5982 0.3305 0.9627 0.3586 0.0000 767.751 22.356 321.549
6036 0.000000 0 0.7300 0.5982 0.3305 0.9627 0.3586 0.0000 767.751 22.356 321.549
6037 0.000000 0 0.7300 0.5982 0.3305 0.9627 0.3586 0.0000 767.751 22.356 321.549
6038 0.000000 0 0.7300 0.5982 0.3305 0.9627 0.3586 0.0000 767.751 22.356 321.549
6039 0.000000 0 0.7300 0.5982 0.3305 0.9627 0.3586 0.0000 767.751 22.356 321.549
6040 0.000000 0 0.7300 0.5983 0.3305 0.9627 0.3586 0.0000 767.751 22.356 321.549
6041 0.000000 0 0.7300 0.5983 0.3305 0.9627 0.3586 0.0000 767.751 22.356 321.549
6042 0.000000 0 0.7300 0.5983 0.3305 0.9627 0.3586 0.0000 767.751 22.356 321.549
6043 0.000000 0 0.7300 0.5983 0.3305 0.9627 0.3586 0.0000 767.751 22.356 321.549
6044 0.000000 0 0.7299 0.5983 0.3305 0.9627 0.3586 0.0000 767.751 22.356 321.549
6045 0.000000 0 0.7299 0.5983 0.3305 0.9627 0.3586 0.0000 767.751 22.356 321.549
6046 0.000000 0 0.7299 0.5983 0.3305 0.9627 0.3586 0.0000 767.751 22.356 321.549
6047 0.000000 0 0.7299 0.5983 0.3305 0.9627 0.3586 0.0000 767.751 22.356 321.549
6048 0.000000 0 0.7299 0.5984 0.3305 0.9627 0.3586 0.0000 767.751 22.356 321.549
6049 0.000000 0 0.7299 0.5984 0.3305 0.9627 0.3586 0.0000 767.751 22.356 321.549
6050 0.000000 0 0.7299 0.5984 0.3305 0.9627 0.3586 0.0000 767.751 22.356 321.549
6051 0.000000 0 0.7299 0.5984 0.3305 0.9627 0.3586 0.0000 767.751 22.356 321.549
6052 0.000000 0 0.7298 0.5984 0.3305 0.9627 0.3586 0.0000 767.751 22.356 321.549
6053 0.000000 0 0.7298 0.5985 0.3305 0.9627 0.3586 0.0000 767.751 22.356 321.549
6054 0.000000 0 0.7298 0.5985 0.3305 0.9627 0.3586 0.0000 767.751 22.356 321.549
6055 0.000000 0 0.7298 0.5985 0.3305 0.9627 0.3586 0.0000 767.751 22.356 321.549
6056 0.000000 0 0.7298 0.5985 0.3305 0.9627 0.3586 0.0000 767.751 22.356 321.549
6057 0.000000 0 0.7298 0.5985 0.3305 0.9627 0.3586 0.0000 767.751 22.356 321.549
6058 0.000000 0 0.7298 0.5985 0.3305 0.9627 0.3586 0.0000 767.751 22.356 321.549
6059 0.000000 0 0.7298 0.5985 0.3304 0.9627 0.3586 0.0000 767.751 22.356 321.549
6060 0.000000 0 0.7297 0.5986 0.3304 0.9627 0.3586 0.0000 767.751 22.356 321.549
6061 0.000000 0 0.7297 0.5986 0.3304 0.9627 0.3586 0.0000 767.751 22.356 321.549
6062 0.000000 0 0.7297 0.5986 0.3304 0.9627 0.3586 0.0000 767.751 22.356 321.549
6063 0.000000 0 0.7297 0.5986 0.3304 0.9627 0.3586 0.0000 767.751 22.356 321.549
6064 0.000000 0 0.7297 0.5986 0.3304 0.9627 0.3586 0.0000 767.751 22.356 321.549
6065 0.000000 0 0.7297 0.5987 0.3304 0.9627 0.3586 0.0000 767.751 22.356 321.549
6066 0.000000 0 0.7297 0.5987 0.3304 0.9627 0.3586 0.0000 767.751 22.356 321.549
6067 0.000000 0 0.7296 0.5987 0.3304 0.9627 0.3586 0.0000 767.751 22.356 321.549
6068 0.000000 0 0.7296 0.5987 0.3304 0.9627 0.3586 0.0000 767.751 22.356 321.549
6069 0.000000 0 0.7296 0.5987 0.3304 0.9627 0.3586 0.0000 767.751 22.356 321.549
6070 0.000000 0 0.7296 0.5987 0.3304 0.9627 0.3586 0.0000 767.751 22.356 321.549
6071 0.000000 0 0.7296 0.5987 0.3304 0.9627 0.3586 0.0000 767.751 22.356 321.549
6072 0.000000 0 0.7296 0.5988 0.3304 0.9627 0.3586 0.0000 767.751 22.356 321.549
6073 0.000000 0 0.7296 0.5988 0.3304 0.9627 0.3586 0.0000 767.751 22.356 321.549
6074 0.000000 0 0.7296 0.5988 0.3304 0.9627 0.3586 0.0000 767.751 22.356 321.549
6075 0.000000 0 0.7296 0.5988 0.3304 0.9627 0.3586 0.0000 767.751 22.356 321.549
6076 0.000000 0 0.7296 0.5988 0.3304 0.9627 0.3586 0.0000 767.751 22.356 321.549
6077 0.000000 0 0.7296 0.5988 0.3304 0.9627 0.3586 0.0000 767.751 22.356 321.549
6078 0.000000 0 0.7295 0.5988 0.3304 0.9627 0.3586 0.0000 767.751 22.356 321.549
6079 0.000000 0 0.7295 0.5988 0.3304 0.9627 0.3586 0.0000 767.751 22.356 321.549
6080 0.000000 0 0.7295 0.5989 0.3304 0.9627 0.3586 0.0000 767.751 22.356 321.549
6081 0.000000 0 0.7295 0.5989 0.3304 0.9627 0.3586 0.0000 767.751 22.356 321.549
6082 0.000000 0 0.7295 0.5989 0.3304 0.9627 0.3586 0.0000 767.751 22.356 321.549
6083 0.000000 0 0.7295 0.5989 0.3304 0.9627 0.3586 0.0000 767.751 22.356 321.549
6084 0.000000 0 0.7295 0.5989 0.3304 0.9627 0.3586 0.0000 767.751 22.356 321.549
6085 0.000000 0 0.7295 0.5989 0.3304 0.9627 0.3586 0.0000 767.751 22.356 321.549
6086 0.000000 0 0.7295 0.5989 0.3304 0.9627 0.3586 0.0000 767.751 22.356 321.549
6087 0.000000 0 0.7294 0.5990 0.3304 0.9627 0.3586 0.0000 767.751 22.356 321.549
6088 0.000000 0 0.7294 0.5990 0.3304 0.9627 0.3586 0.0000 767.751 22.356 321.549
6089 0.000000 0 0.7294 0.5990 0.3304 0.9627 0.3586 0.0000 767.751 22.356 321.549
6090 0.000000 0 0.7294 0.5990 0.3304 0.9627 0.3586 0.0000 767.751 22.356 321.549
6091 0.000000 0 0.7294 0.5990 0.3304 0.9627 0.3586 0.0000 767.751 22.356 321.549
6092 0.000000 0 0.7294 0.5990 0.3304 0.9627 0.3586 0.0000 767.751 22.356 321.549
6093 0.000000 0 0.7294 0.5990 0.3304 0.9627 0.3586 0.0000 767.751 22.356 321.549
6094 0.000000 0 0.7294 0.5990 0.3304 0.9627 0.3586 0.0000 767.751 22.356 321.549
6095 0.000000 0 0.7294 0.5991 0.3304 0.9627 0.3586 0.0000 767.751 22.356 321.549
6096 0.000000 0 0.7294 0.5991 0.3304 0.9627 0.3586 0.0000 767.751 22.356 321.549
6097 0.000000 0 0.7293 0.5991 0.3304 0.9627 0.3586 0.0000 767.751 22.356 321.549
6098 0.000000 0 0.7293 0.5991 0.3304 0.9627 0.3586 0.0000 767.751 22.356 321.549
6099 0.000000 0 0.7293 0.5991 0.3304 0.9627 0.3586 0.0000 767.751 22.356 321.549
6100 0.000000 0 0.7293 0.5991 0.3304 0.9627 0.3586 0.0000 767.751 22.356 321.549
6101 0.000000 0 0.7293 0.5991 0.3304 0.9627 0.3586 0.0000 767.751 22.356 321.549
6102 0.000000 0 0.7293 0.5992 0.3304 0.9627 0.3586 0.0000 767.750 22.379 321.550
6103 0.000000 0 0.7293 0.5992 0.3304 0.9627 0.3586 0.0000 767.749 22.414 321.551
6104 0.000000 0 0.7293 0.5992 0.3304 0.9627 0.3586 0.0000 767.748 22.448 321.551
6105 0.000000 0 0.7293 0.5992 0.3304 0.9627 0.3586 0.0000 767.748 22.482 321.552
6106 0.000000 0 0.7293 0.5992 0.3304 0.9627 0.3586 0.0000 767.747 22.516 321.553
6107 0.000000 0 0.7292 0.5992 0.3304 0.9627 0.3586 0.0000 767.746 22.549 321.554
6108 0.000000 0 0.7292 0.5992 0.3304 0.9627 0.3586 0.0000 767.745 22.580 321.555
6109 0.000000 0 0.7292 0.5993 0.3304 0.9627 0.3586 0.0000 767.744 22.612 321.556
6110 0.000000 0 0.7292 0.5993 0.3304 0.9627 0.3586 0.0000 767.744 22.642 321.556
6111 0.000000 0 0.7292 0.5993 0.3303 0.9627 0.3586 0.0000 767.743 22.673 321.557
6112 0.000000 0 0.7292 0.5993 0.3303 0.9627 0.3586 0.0000 767.742 22.702 321.558
6113 0.000000 0 0.7292 0.5993 0.3303 0.9627 0.3586 0.0000 767.741 22.730 321.559
6114 0.000000 0 0.7292 0.5993 0.3303 0.9627 0.3586 0.0000 767.741 22.758 321.559
6115 0.000000 0 0.7291 0.5994 0.3303 0.9627 0.3586 0.0000 767.738 22.848 321.561
6116 0.000000 0 0.7291 0.5994 0.3303 0.9627 0.3586 0.0000 767.737 22.889 321.562
6117 0.000000 0 0.7291 0.5994 0.3303 0.9627 0.3586 0.0000 767.737 22.912 321.563
6118 0.000000 0 0.7291 0.5994 0.3303 0.9627 0.3586 0.0000 767.736 22.935 321.564
6119 0.000000 0 0.7291 0.5994 0.3303 0.9627 0.3586 0.0000 767.736 22.957 321.564
6120 0.000000 0 0.7291 0.5994 0.3303 0.9627 0.3586 0.0000 767.735 22.979 321.565
6121 0.000000 0 0.7291 0.5995 0.3303 0.9627 0.3586 0.0000 767.735 23.000 321.565
6122 0.000000 0 0.7291 0.5995 0.3303 0.9627 0.3586 0.0000 767.734 23.020 321.566
6123 0.000000 0 0.7290 0.5995 0.3303 0.9627 0.3586 0.0000 767.734 23.040 321.566
6124 0.000000 0 0.7290 0.5995 0.3303 0.9627 0.3586 0.0000 767.733 23.059 321.567
6125 0.000000 0 0.7290 0.5995 0.3303 0.9627 0.3586 0.0000 767.733 23.078 321.567
6126 0.000000 0 0.7290 0.5995 0.3303 0.9627 0.3586 0.0000 767.732 23.095 321.568
6127 0.000000 0 0.7290 0.5995 0.3303 0.9627 0.3586 0.0000 767.732 23.112 321.568
6128 0.000000 0 0.7290 0.5996 0.3303 0.9627 0.3586 0.0000 767.732 23.129 321.568
6129 0.000000 0 0.7290 0.5996 0.3303 0.9627 0.3586 0.0000 767.731 23.144 321.569
6130 0.000000 0 0.7290 0.5996 0.3303 0.9627 0.3586 0.0000 767.731 23.159 321.569
6131 0.000000 0 0.7290 0.5996 0.3303 0.9627 0.3586 0.0000 767.730 23.174 321.570
6132 0.000000 0 0.7290 0.5996 0.3303 0.9627 0.3586 0.0000 767.730 23.187 321.570
6133 0.000000 0 0.7289 0.5996 0.3303 0.9627 0.3586 0.0000 767.730 23.200 321.570
6134 0.000000 0 0.7289 0.5996 0.3303 0.9627 0.3586 0.0000 767.729 23.213 321.571
6135 0.000000 0 0.7289 0.5996 0.3303 0.9627 0.3586 0.0000 767.729 23.224 321.571
6136 0.000000 0 0.7289 0.5997 0.3303 0.9627 0.3586 0.0000 767.729 23.235 321.571
6137 0.000000 0 0.7289 0.5997 0.3303 0.9627 0.3586 0.0000 767.729 23.245 321.571
6138 0.000000 0 0.7289 0.5997 0.3303 0.9627 0.3586 0.0000 767.728 23.255 321.572
6139 0.000000 0 0.7289 0.5997 0.3303 0.9627 0.3586 0.0000 767.728 23.264 321.572
6140 0.000000 0 0.7289 0.5997 0.3303 0.9627 0.3586 0.0000 767.728 23.272 321.572
6141 0.000000 0 0.7289 0.5997 0.3303 0.9627 0.3586 0.0000 767.728 23.279 321.572
6142 0.000000 0 0.7288 0.5998 0.3303 0.9627 0.3586 0.0000 767.727 23.294 321.573
6143 0.000000 0 0.7288 0.5998 0.3303 0.9627 0.3586 0.0000 767.727 23.294 321.573
6144 0.000000 0 0.7288 0.5998 0.3303 0.9627 0.3586 0.0000 767.727 23.303 321.573
6145 0.000000 0 0.7288 0.5998 0.3303 0.9627 0.3586 0.0000 767.727 23.304 321.573
6146 0.000000 0 0.7288 0.5998 0.3303 0.9627 0.3586 0.0000 767.727 23.307 321.573
6147 0.000000 0 0.7288 0.5998 0.3303 0.9627 0.3586 0.0000 767.727 23.310 321.573
6148 0.000000 0 0.7288 0.5998 0.3303 0.9627 0.3586 0.0000 767.727 23.313 321.573
6149 0.000000 0 0.7288 0.5998 0.3303 0.9627 0.3586 0.0000 767.727 23.315 321.573
6150 0.000000 0 0.7288 0.5999 0.3303 0.9627 0.3586 0.0000 767.727 23.316 321.573
6151 0.000000 0 0.7288 0.5999 0.3303 0.9627 0.3586 0.0000 767.727 23.317 321.573
6152 0.000000 0 0.7287 0.5999 0.3303 0.9627 0.3586 0.0000 767.727 23.317 321.573
6153 0.000000 0 0.7287 0.5999 0.3303 0.9627 0.3586 0.0000 767.727 23.316 321.573
6154 0.000000 0 0.7287 0.5999 0.3303 0.9627 0.3586 0.0000 767.727 23.315 321.573
6155 0.000000 0 0.7287 0.5999 0.3303 0.9627 0.3586 0.0000 767.727 23.313 321.573
6156 0.000000 0 0.7287 0.5999 0.3303 0.9627 0.3586 0.0000 767.727 23.310 321.573
6157 0.000000 0 0.7287 0.6000 0.3303 0.9627 0.3586 0.0000 767.727 23.306 321.573
6158 0.000000 0 0.7287 0.6000 0.3303 0.9627 0.3586 0.0000 767.727 23.302 321.573
6159 0.000000 0 0.7287 0.6000 0.3303 0.9627 0.3586 0.0000 767.727 23.296 321.573
6160 0.000000 0 0.7287 0.6000 0.3303 0.9627 0.3586 0.0000 767.727 23.291 321.573
6161 0.000000 0 0.7286 0.6000 0.3303 0.9627 0.3586 0.0000 767.727 23.284 321.572
6162 0.000000 0 0.7286 0.6000 0.3302 0.9627 0.3586 0.0000 767.727 23.278 321.572
6163 0.000000 0 0.7286 0.6000 0.3302 0.9627 0.3586 0.0000 767.728 23.270 321.572
6164 0.000000 0 0.7286 0.6000 0.3302 0.9627 0.3586 0.0000 767.728 23.261 321.572
6165 0.000000 0 0.7286 0.6001 0.3302 0.9627 0.3586 0.0000 767.728 23.252 321.572
6166 0.000000 0 0.7286 0.6001 0.3302 0.9627 0.3586 0.0000 767.728 23.243 321.572
6167 0.000000 0 0.7286 0.6001 0.3302 0.9627 0.3586 0.0000 767.729 23.232 321.571
6168 0.000000 0 0.7286 0.6001 0.3302 0.9627 0.3586 0.0000 767.729 23.221 321.571
6169 0.000000 0 0.7286 0.6001 0.3302 0.9627 0.3586 0.0000 767.729 23.209 321.571
6170 0.000000 0 0.7286 0.6001 0.3302 0.9627 0.3586 0.0000 767.729 23.197 321.571
6171 0.000000 0 0.7285 0.6001 0.3302 0.9627 0.3586 0.0000 767.730 23.183 321.570
6172 0.000000 0 0.7285 0.6002 0.3302 0.9627 0.3586 0.0000 767.730 23.169 321.570
6173 0.000000 0 0.7285 0.6002 0.3302 0.9627 0.3586 0.0000 767.730 23.154 321.569
6174 0.000000 0 0.7285 0.6002 0.3302 0.9627 0.3586 0.0000 767.731 23.140 321.569
6175 0.000000 0 0.7285 0.6002 0.3302 0.9627 0.3586 0.0000 767.731 23.123 321.569
6176 0.000000 0 0.7285 0.6002 0.3302 0.9627 0.3586 0.0000 767.732 23.107 321.568
6177 0.000000 0 0.7285 0.6002 0.3302 0.9627 0.3586 0.0000 767.732 23.089 321.568
6178 0.000000 0 0.7285 0.6002 0.3302 0.9627 0.3586 0.0000 767.732 23.068 321.568
6179 0.000000 0 0.7284 0.6003 0.3302 0.9627 0.3586 0.0000 767.734 23.024 321.566
6180 0.000000 0 0.7284 0.6003 0.3302 0.9627 0.3586 0.0000 767.734 23.020 321.566
6181 0.000000 0 0.7284 0.6003 0.3302 0.9627 0.3586 0.0000 767.734 23.014 321.566
6182 0.000000 0 0.7284 0.6003 0.3302 0.9627 0.3586 0.0000 767.734 22.993 321.566
6183 0.000000 0 0.7284 0.6003 0.3302 0.9627 0.3586 0.0000 767.735 22.972 321.565
6184 0.000000 0 0.7284 0.6003 0.3302 0.9627 0.3586 0.0000 767.736 22.949 321.564
6185 0.000000 0 0.7284 0.6003 0.3302 0.9627 0.3586 0.0000 767.736 22.928 321.564
6186 0.000000 0 0.7284 0.6004 0.3302 0.9627 0.3586 0.0000 767.737 22.883 321.563
6187 0.000000 0 0.7284 0.6004 0.3302 0.9627 0.3586 0.0000 767.737 22.878 321.563
6188 0.000000 0 0.7284 0.6004 0.3302 0.9627 0.3586 0.0000 767.738 22.855 321.562
6189 0.000000 0 0.7284 0.6004 0.3302 0.9627 0.3586 0.0000 767.738 22.830 321.561
6190 0.000000 0 0.7283 0.6004 0.3302 0.9627 0.3586 0.0000 767.738 22.803 321.561
6191 0.000000 0 0.7283 0.6004 0.3302 0.9627 0.3586 0.0000 767.739 22.776 321.560
6192 0.000000 0 0.7283 0.6004 0.3302 0.9627 0.3586 0.0000 767.741 22.749 321.559
6193 0.000000 0 0.7283 0.6004 0.3302 0.9627 0.3586 0.0000 767.741 22.607 321.559
6194 0.000000 0 0.7283 0.6005 0.3302 0.9627 0.3586 0.0000 767.741 22.411 321.559
6195 0.000000 0 0.7283 0.6005 0.3302 0.9627 0.3586 0.0000 767.745 22.354 321.555
6196 0.000000 0 0.7283 0.6005 0.3302 0.9627 0.3586 0.0000 767.749 22.350 321.551
6197 0.000000 0 0.7283 0.6005 0.3302 0.9627 0.3586 0.0000 767.751 22.344 321.549
6198 0.000000 0 0.7283 0.6005 0.3302 0.9627 0.3586 0.0000 767.751 22.336 321.549
6199 0.000000 0 0.7283 0.6005 0.3302 0.9627 0.3586 0.0000 767.751 22.327 321.549
6200 0.000000 0 0.7282 0.6005 0.3302 0.9627 0.3586 0.0000 767.751 22.316 321.549
6201 0.000000 0 0.7282 0.6006 0.3302 0.9627 0.3586 0.0000 767.751 22.306 321.549
6202 0.000000 0 0.7282 0.6006 0.3302 0.9627 0.3586 0.0000 767.751 22.297 321.549
6203 0.000000 0 0.7282 0.6006 0.3302 0.9627 0.3586 0.0000 767.751 22.290 321.549
6204 0.000000 0 0.7282 0.6006 0.3302 0.9627 0.3586 0.0000 767.751 22.285 321.549
6205 0.000000 0 0.7282 0.6006 0.3302 0.9627 0.3586 0.0000 767.751 22.282 321.549
6206 0.000000 0 0.7282 0.6006 0.3302 0.9627 0.3586 0.0000 767.751 22.281 321.549
6207 0.000000 0 0.7282 0.6006 0.3302 0.9627 0.3586 0.0000 767.751 22.282 321.549
6208 0.000000 0 0.7282 0.6006 0.3302 0.9627 0.3586 0.0000 767.751 22.283 321.549
6209 0.000000 0 0.7281 0.6007 0.3302 0.9627 0.3586 0.0000 767.751 22.285 321.549
6210 0.000000 0 0.7281 0.6007 0.3302 0.9627 0.3586 0.0000 767.751 22.288 321.549
6211 0.000000 0 0.7281 0.6007 0.3302 0.9627 0.3586 0.0000 767.751 22.292 321.549
6212 0.000000 0 0.7281 0.6007 0.3302 0.9627 0.3586 0.0000 767.751 22.297 321.549
6213 0.000000 0 0.7281 0.6007 0.3302 0.9627 0.3586 0.0000 767.751 22.302 321.549
6214 0.000000 0 0.7281 0.6007 0.3302 0.9627 0.3586 0.0000 767.751 22.307 321.549
6215 0.000000 0 0.7281 0.6007 0.3302 0.9627 0.3586 0.0000 767.751 22.313 321.549
6216 0.000000 0 0.7281 0.6008 0.3301 0.9627 0.3586 0.0000 767.751 22.319 321.549
6217 0.000000 0 0.7281 0.6008 0.3301 0.9627 0.3586 0.0000 767.751 22.324 321.549
6218 0.000000 0 0.7281 0.6008 0.3301 0.9627 0.3586 0.0000 767.751 22.330 321.549
6219 0.000000 0 0.7280 0.6008 0.3301 0.9627 0.3586 0.0000 767.751 22.334 321.549
6220 0.000000 0 0.7280 0.6008 0.3301 0.9627 0.3586 0.0000 767.751 22.339 321.549
6221 0.000000 0 0.7280 0.6008 0.3301 0.9627 0.3586 0.0000 767.751 22.342 321.549
6222 0.000000 0 0.7280 0.6008 0.3301 0.9627 0.3586 0.0000 767.751 22.346 321.549
6223 0.000000 0 0.7280 0.6009 0.3301 0.9627 0.3586 0.0000 767.751 22.348 321.549
6224 0.000000 0 0.7280 0.6009 0.3301 0.9627 0.3586 0.0000 767.751 22.350 321.549
6225 0.000000 0 0.7280 0.6009 0.3301 0.9627 0.3586 0.0000 767.751 22.351 321.549
6226 0.000000 0 0.7280 0.6009 0.3301 0.9627 0.3586 0.0000 767.751 22.352 321.549
6227 0.000000 0 0.7280 0.6009 0.3301 0.9627 0.3586 0.0000 767.751 22.353 321.549
6228 0.000000 0 0.7280 0.6009 0.3301 0.9627 0.3586 0.0000 767.751 22.354 321.549
6229 0.000000 0 0.7279 0.6009 0.3301 0.9627 0.3586 0.0000 767.751 22.354 321.549
6230 0.000000 0 0.7279 0.6010 0.3301 0.9627 0.3586 0.0000 767.751 22.356 321.549
6231 0.000000 0 0.7279 0.6010 0.3301 0.9627 0.3586 0.0000 767.751 22.356 321.549
6232 0.000000 0 0.7279 0.6010 0.3301 0.9627 0.3586 0.0000 767.751 22.356 321.549
6233 0.000000 0 0.7279 0.6010 0.3301 0.9627 0.3586 0.0000 767.751 22.356 321.549
6234 0.000000 0 0.7279 0.6010 0.3301 0.9627 0.3586 0.0000 767.751 22.356 321.549
6235 0.000000 0 0.7279 0.6010 0.3301 0.9627 0.3586 0.0000 767.751 22.356 321.549
6236 0.000000 0 0.7279 0.6010 0.3301 0.9627 0.3586 0.0000 767.751 22.356 321.549
6237 0.000000 0 0.7278 0.6011 0.3301 0.9627 0.3586 0.0000 767.751 22.356 321.549
6238 0.000000 0 0.7278 0.6011 0.3301 0.9627 0.3586 0.0000 767.751 22.356 321.549
6239 0.000000 0 0.7278 0.6011 0.3301 0.9627 0.3586 0.0000 767.751 22.356 321.549
6240 0.000000 0 0.7278 0.6011 0.3301 0.9627 0.3586 0.0000 767.751 22.356 321.549
6241 0.000000 0 0.7278 0.6011 0.3301 0.9627 0.3586 0.0000 767.751 22.356 321.549
6242 0.000000 0 0.7278 0.6012 0.3301 0.9627 0.3586 0.0000 767.751 22.356 321.549
6243 0.000000 0 0.7278 0.6012 0.3301 0.9627 0.3586 0.0000 767.751 22.356 321.549
6244 0.000000 0 0.7278 0.6012 0.3301 0.9627 0.3586 0.0000 767.751 22.356 321.549
6245 0.000000 0 0.7277 0.6012 0.3301 0.9627 0.3586 0.0000 767.751 22.356 321.549
6246 0.000000 0 0.7277 0.6012 0.3301 0.9627 0.3586 0.0000 767.751 22.356 321.549
6247 0.000000 0 0.7277 0.6012 0.3301 0.9627 0.3586 0.0000 767.751 22.356 321.549
6248 0.000000 0 0.7277 0.6012 0.3301 0.9627 0.3586 0.0000 767.751 22.356 321.549
6249 0.000000 0 0.7277 0.6012 0.3301 0.9627 0.3586 0.0000 767.751 22.356 321.549
6250 0.000000 0 0.7277 0.6013 0.3301 0.9627 0.3586 0.0000 767.751 22.356 321.549
6251 0.000000 0 0.7277 0.6013 0.3301 0.9627 0.3586 0.0000 767.751 22.356 321.549
6252 0.000000 0 0.7277 0.6013 0.3301 0.9627 0.3586 0.0000 767.751 22.356 321.549
6253 0.000000 0 0.7277 0.6013 0.3301 0.9627 0.3586 0.0000 767.751 22.356 321.549
6254 0.000000 0 0.7276 0.6013 0.3301 0.9627 0.3586 0.0000 767.751 22.356 321.549
6255 0.000000 0 0.7276 0.6013 0.3301 0.9627 0.3586 0.0000 767.751 22.356 321.549
6256 0.000000 0 0.7276 0.6013 0.3301 0.9627 0.3586 0.0000 767.751 22.356 321.549
6257 0.000000 0 0.7276 0.6014 0.3301 0.9627 0.3586 0.0000 767.751 22.356 321.549
6258 0.000000 0 0.7276 0.6014 0.3301 0.9627 0.3586 0.0000 767.751 22.356 321.549
6259 0.000000 0 0.7276 0.6014 0.3301 0.9627 0.3586 0.0000 767.751 22.356 321.549
6260 0.000000 0 0.7276 0.6014 0.3301 0.9627 0.3586 0.0000 767.751 22.356 321.549
6261 0.000000 0 0.7276 0.6014 0.3301 0.9627 0.3586 0.0000 767.751 22.356 321.549
6262 0.000000 0 0.7276 0.6014 0.3301 0.9627 0.3586 0.0000 767.751 22.356 321.549
6263 0.000000 0 0.7276 0.6014 0.3301 0.9627 0.3586 0.0000 767.751 22.356 321.549
6264 0.000000 0 0.7275 0.6015 0.3301 0.9627 0.3586 0.0000 767.751 22.356 321.549
6265 0.000000 0 0.7275 0.6015 0.3301 0.9627 0.3586 0.0000 767.751 22.356 321.549
6266 0.000000 0 0.7275 0.6015 0.3301 0.9627 0.3586 0.0000 767.751 22.356 321.549
6267 0.000000 0 0.7275 0.6015 0.3300 0.9627 0.3586 0.0000 767.751 22.356 321.549
6268 0.000000 0 0.7275 0.6015 0.3300 0.9627 0.3586 0.0000 767.751 22.356 321.549
6269 0.000000 0 0.7275 0.6015 0.3300 0.9627 0.3586 0.0000 767.751 22.356 321.549
6270 0.000000 0 0.7275 0.6015 0.3300 0.9627 0.3586 0.0000 767.751 22.356 321.549
6271 0.000000 0 0.7275 0.6015 0.3300 0.9627 0.3586 0.0000 767.751 22.356 321.549
6272 0.000000 0 0.7274 0.6016 0.3300 0.9627 0.3586 0.0000 767.751 22.356 321.549
6273 0.000000 0 0.7274 0.6016 0.3300 0.9627 0.3586 0.0000 767.751 22.356 321.549
6274 0.000000 0 0.7274 0.6016 0.3300 0.9627 0.3586 0.0000 767.751 22.356 321.549
6275 0.000000 0 0.7274 0.6016 0.3300 0.9627 0.3586 0.0000 767.751 22.356 321.549
6276 0.000000 0 0.7274 0.6016 0.3300 0.9627 0.3586 0.0000 767.751 22.356 321.549
6277 0.000000 0 0.7274 0.6016 0.3300 0.9627 0.3586 0.0000 767.751 22.356 321.549
6278 0.000000 0 0.7274 0.6016 0.3300 0.9627 0.3586 0.0000 767.751 22.356 321.549
6279 0.000000 0 0.7274 0.6017 0.3300 0.9627 0.3586 0.0000 767.751 22.356 321.549
6280 0.000000 0 0.7274 0.6017 0.3300 0.9627 0.3586 0.0000 767.751 22.356 321.549
6281 0.000000 0 0.7274 0.6017 0.3300 0.9627 0.3586 0.0000 767.751 22.356 321.549
6282 0.000000 0 0.7274 0.6017 0.3300 0.9627 0.3586 0.0000 767.751 22.356 321.549
6283 0.000000 0 0.7273 0.6017 0.3300 0.9627 0.3586 0.0000 767.751 22.356 321.549
6284 0.000000 0 0.7273 0.6017 0.3300 0.9627 0.3586 0.0000 767.751 22.356 321.549
6285 0.000000 0 0.7273 0.6017 0.3300 0.9627 0.3586 0.0000 767.751 22.356 321.549
6286 0.000000 0 0.7273 0.6018 0.3300 0.9627 0.3586 0.0000 767.751 22.356 321.549
6287 0.000000 0 0.7273 0.6018 0.3300 0.9627 0.3586 0.0000 767.751 22.356 321.549
6288 0.000000 0 0.7273 0.6018 0.3300 0.9627 0.3586 0.0000 767.751 22.356 321.549
6289 0.000000 0 0.7273 0.6018 0.3300 0.9627 0.3586 0.0000 767.751 22.356 321.549
6290 0.000000 0 0.7273 0.6018 0.3300 0.9627 0.3586 0.0000 767.751 22.356 321.549
6291 0.000000 0 0.7273 0.6018 0.3300 0.9627 0.3586 0.0000 767.751 22.356 321.549
6292 0.000000 0 0.7273 0.6018 0.3300 0.9627 0.3586 0.0000 767.751 22.356 321.549
6293 0.000000 0 0.7272 0.6018 0.3300 0.9627 0.3586 0.0000 767.751 22.356 321.549
6294 0.000000 0 0.7272 0.6019 0.3300 0.9627 0.3586 0.0000 767.751 22.356 321.549
6295 0.000000 0 0.7272 0.6019 0.3300 0.9627 0.3586 0.0000 767.751 22.356 321.549
6296 0.000000 0 0.7272 0.6019 0.3300 0.9627 0.3586 0.0000 767.751 22.356 321.549
6297 0.000000 0 0.7272 0.6019 0.3300 0.9627 0.3586 0.0000 767.751 22.356 321.549
6298 0.000000 0 0.7272 0.6019 0.3300 0.9627 0.3586 0.0000 767.751 22.356 321.549
6299 0.000000 0 0.7272 0.6019 0.3300 0.9627 0.3586 0.0000 767.751 22.356 321.549
6300 0.000000 0 0.7272 0.6019 0.3300 0.9627 0.3586 0.0000 767.751 22.356 321.549
6301 0.000000 0 0.7272 0.6020 0.3300 0.9627 0.3586 0.0000 767.751 22.356 321.549
6302 0.000000 0 0.7271 0.6020 0.3300 0.9627 0.3586 0.0000 767.751 22.356 321.549
6303 0.000000 0 0.7271 0.6020 0.3300 0.9627 0.3586 0.0000 767.751 22.356 321.549
6304 0.000000 0 0.7271 0.6020 0.3300 0.9627 0.3586 0.0000 767.751 22.356 321.549
6305 0.000000 0 0.7271 0.6020 0.3300 0.9627 0.3586 0.0000 767.751 22.356 321.549
6306 0.000000 0 0.7271 0.6020 0.3300 0.9627 0.3586 0.0000 767.751 22.356 321.549
6307 0.000000 0 0.7271 0.6020 0.3300 0.9627 0.3586 0.0000 767.751 22.356 321.549
6308 0.000000 0 0.7271 0.6021 0.3300 0.9627 0.3586 0.0000 767.751 22.356 321.549
6309 0.000000 0 0.7271 0.6021 0.3300 0.9627 0.3586 0.0000 767.751 22.356 321.549
6310 0.000000 0 0.7271 0.6021 0.3300 0.9627 0.3586 0.0000 767.751 22.356 321.549
6311 0.000000 0 0.7271 0.6021 0.3300 0.9627 0.3586 0.0000 767.751 22.356 321.549
6312 0.000000 0 0.7270 0.6021 0.3300 0.9627 0.3586 0.0000 767.751 22.356 321.549
6313 0.000000 0 0.7270 0.6021 0.3300 0.9627 0.3586 0.0000 767.751 22.356 321.549
6314 0.000000 0 0.7270 0.6021 0.3300 0.9627 0.3586 0.0000 767.751 22.356 321.549
6315 0.000000 0 0.7270 0.6021 0.3300 0.9627 0.3586 0.0000 767.751 22.356 321.549
6316 0.000000 0 0.7270 0.6022 0.3300 0.9627 0.3586 0.0000 767.751 22.356 321.549
6317 0.000000 0 0.7270 0.6022 0.3300 0.9627 0.3586 0.0000 767.751 22.356 321.549
6318 0.000000 0 0.7270 0.6022 0.3300 0.9627 0.3586 0.0000 767.751 22.356 321.549
6319 0.000000 0 0.7270 0.6022 0.3300 0.9627 0.3586 0.0000 767.751 22.356 321.549
6320 0.000000 0 0.7270 0.6022 0.3300 0.9627 0.3586 0.0000 767.751 22.356 321.549
6321 0.000000 0 0.7269 0.6022 0.3299 0.9627 0.3586 0.0000 767.751 22.356 321.549
6322 0.000000 0 0.7269 0.6022 0.3299 0.9627 0.3586 0.0000 767.751 22.356 321.549
6323 0.000000 0 0.7269 0.6023 0.3299 0.9627 0.3586 0.0000 767.751 22.356 321.549
6324 0.000000 0 0.7269 0.6023 0.3299 0.9627 0.3586 0.0000 767.751 22.356 321.549
6325 0.000000 0 0.7269 0.6023 0.3299 0.9627 0.3586 0.0000 767.751 22.356 321.549
6326 0.000000 0 0.7269 0.6023 0.3299 0.9627 0.3586 0.0000 767.751 22.356 321.549
6327 0.000000 0 0.7269 0.6023 0.3299 0.9627 0.3586 0.0000 767.751 22.356 321.549
6328 0.000000 0 0.7269 0.6023 0.3299 0.9627 0.3586 0.0000 767.751 22.356 321.549
6329 0.000000 0 0.7269 0.6023 0.3299 0.9627 0.3586 0.0000 767.751 22.356 321.549
6330 0.000000 0 0.7269 0.6024 0.3299 0.9627 0.3586 0.0000 767.751 22.356 321.549
6331 0.000000 0 0.7268 0.6024 0.3299 0.9627 0.3586 0.0000 767.751 22.356 321.549
6332 0.000000 0 0.7268 0.6024 0.3299 0.9627 0.3586 0.0000 767.751 22.356 321.549
6333 0.000000 0 0.7268 0.6024 0.3299 0.9627 0.3586 0.0000 767.751 22.356 321.549
6334 0.000000 0 0.7268 0.6024 0.3299 0.9627 0.3586 0.0000 767.751 22.356 321.549
6335 0.000000 0 0.7268 0.6024 0.3299 0.9627 0.3586 0.0000 767.751 22.356 321.549
6336 0.000000 0 0.7268 0.6024 0.3299 0.9627 0.3586 0.0000 767.751 22.356 321.549
6337 0.000000 0 0.7268 0.6024 0.3299 0.9627 0.3586 0.0000 767.751 22.356 321.549
6338 0.000000 0 0.7268 0.6025 0.3299 0.9627 0.3586 0.0000 767.751 22.356 321.549
6339 0.000000 0 0.7268 0.6025 0.3299 0.9627 0.3586 0.0000 767.751 22.356 321.549
6340 0.000000 0 0.7267 0.6025 0.3299 0.9627 0.3586 0.0000 767.751 22.356 321.549
6341 0.000000 0 0.7267 0.6025 0.3299 0.9627 0.3586 0.0000 767.751 22.356 321.549
6342 0.000000 0 0.7267 0.6025 0.3299 0.9627 0.3586 0.0000 767.751 22.356 321.549
6343 0.000000 0 0.7267 0.6025 0.3299 0.9627 0.3586 0.0000 767.751 22.356 321.549
6344 0.000000 0 0.7267 0.6025 0.3299 0.9627 0.3586 0.0000 767.751 22.356 321.549
6345 0.000000 0 0.7267 0.6026 0.3299 0.9627 0.3586 0.0000 767.751 22.356 321.549
6346 0.000000 0 0.7267 0.6026 0.3299 0.9627 0.3586 0.0000 767.751 22.356 321.549
6347 0.000000 0 0.7267 0.6026 0.3299 0.9627 0.3586 0.0000 767.751 22.356 321.549
6348 0.000000 0 0.7266 0.6026 0.3299 0.9627 0.3586 0.0000 767.751 22.356 321.549
6349 0.000000 0 0.7266 0.6026 0.3299 0.9627 0.3586 0.0000 767.751 22.356 321.549
6350 0.000000 0 0.7266 0.6027 0.3299 0.9627 0.3586 0.0000 767.751 22.356 321.549
6351 0.000000 0 0.7266 0.6027 0.3299 0.9627 0.3586 0.0000 767.751 22.356 321.549
6352 0.000000 0 0.7266 0.6027 0.3299 0.9627 0.3586 0.0000 767.751 22.356 321.549
6353 0.000000 0 0.7266 0.6027 0.3299 0.9627 0.3586 0.0000 767.751 22.356 321.549
6354 0.000000 0 0.7266 0.6027 0.3299 0.9627 0.3586 0.0000 767.751 22.356 321.549
6355 0.000000 0 0.7266 0.6027 0.3299 0.9627 0.3586 0.0000 767.751 22.356 321.549
6356 0.000000 0 0.7265 0.6027 0.3299 0.9627 0.3586 0.0000 767.751 22.356 321.549
6357 0.000000 0 0.7265 0.6028 0.3299 0.9627 0.3586 0.0000 767.751 22.356 321.549
6358 0.000000 0 0.7265 0.6028 0.3299 0.9627 0.3586 0.0000 767.751 22.356 321.549
6359 0.000000 0 0.7265 0.6028 0.3299 0.9627 0.3586 0.0000 767.751 22.356 321.549
6360 0.000000 0 0.7265 0.6028 0.3299 0.9627 0.3586 0.0000 767.751 22.356 321.549
6361 0.000000 0 0.7265 0.6028 0.3299 0.9627 0.3586 0.0000 767.751 22.356 321.549
6362 0.000000 0 0.7265 0.6029 0.3299 0.9627 0.3586 0.0000 767.751 22.356 321.549
6363 0.000000 0 0.7265 0.6029 0.3299 0.9627 0.3586 0.0000 767.751 22.356 321.549
6364 0.000000 0 0.7264 0.6029 0.3299 0.9627 0.3586 0.0000 767.751 22.356 321.549
6365 0.000000 0 0.7264 0.6029 0.3299 0.9627 0.3586 0.0000 767.751 22.356 321.549
6366 0.000000 0 0.7264 0.6029 0.3299 0.9627 0.3586 0.0000 767.751 22.356 321.549
6367 0.000000 0 0.7264 0.6029 0.3299 0.9627 0.3586 0.0000 767.751 22.356 321.549
6368 0.000000 0 0.7264 0.6030 0.3298 0.9627 0.3586 0.0000 767.751 22.356 321.549
6369 0.000000 0 0.7264 0.6030 0.3298 0.9627 0.3586 0.0000 767.751 22.356 321.549
6370 0.000000 0 0.7263 0.6030 0.3298 0.9627 0.3586 0.0000 767.747 22.484 321.552
6371 0.000000 0 0.7263 0.6030 0.3298 0.9627 0.3586 0.0000 767.746 22.524 321.553
6372 0.000000 0 0.7263 0.6031 0.3298 0.9627 0.3586 0.0000 767.745 22.582 321.555
6373 0.000000 0 0.7263 0.6031 0.3298 0.9627 0.3586 0.0000 767.745 22.586 321.555
6374 0.000000 0 0.7263 0.6031 0.3298 0.9627 0.3586 0.0000 767.744 22.615 321.556
6375 0.000000 0 0.7263 0.6031 0.3298 0.9627 0.3586 0.0000 767.744 22.645 321.556
6376 0.000000 0 0.7263 0.6031 0.3298 0.9627 0.3586 0.0000 767.743 22.673 321.557
6377 0.000000 0 0.7263 0.6031 0.3298 0.9627 0.3586 0.0000 767.742 22.702 321.558
6378 0.000000 0 0.7263 0.6031 0.3298 0.9627 0.3586 0.0000 767.741 22.731 321.559
6379 0.000000 0 0.7262 0.6031 0.3298 0.9627 0.3586 0.0000 767.741 22.759 321.559
6380 0.000000 0 0.7262 0.6032 0.3298 0.9627 0.3586 0.0000 767.740 22.786 321.560
6381 0.000000 0 0.7262 0.6032 0.3298 0.9627 0.3586 0.0000 767.739 22.813 321.561
6382 0.000000 0 0.7262 0.6032 0.3298 0.9627 0.3586 0.0000 767.739 22.839 321.561
6383 0.000000 0 0.7262 0.6032 0.3298 0.9627 0.3586 0.0000 767.738 22.864 321.562
6384 0.000000 0 0.7262 0.6032 0.3298 0.9627 0.3586 0.0000 767.737 22.888 321.562
6385 0.000000 0 0.7262 0.6032 0.3298 0.9627 0.3586 0.0000 767.737 22.912 321.563
6386 0.000000 0 0.7262 0.6032 0.3298 0.9627 0.3586 0.0000 767.736 22.935 321.564
6387 0.000000 0 0.7262 0.6033 0.3298 0.9627 0.3586 0.0000 767.736 22.957 321.564
6388 0.000000 0 0.7262 0.6033 0.3298 0.9627 0.3586 0.0000 767.735 22.979 321.565
6389 0.000000 0 0.7261 0.6033 0.3298 0.9627 0.3586 0.0000 767.735 23.000 321.565
6390 0.000000 0 0.7261 0.6033 0.3298 0.9627 0.3586 0.0000 767.734 23.021 321.566
6391 0.000000 0 0.7261 0.6033 0.3298 0.9627 0.3586 0.0000 767.734 23.040 321.566
6392 0.000000 0 0.7261 0.6033 0.3298 0.9627 0.3586 0.0000 767.733 23.060 321.567
6393 0.000000 0 0.7261 0.6033 0.3298 0.9627 0.3586 0.0000 767.733 23.078 321.567
6394 0.000000 0 0.7261 0.6033 0.3298 0.9627 0.3586 0.0000 767.732 23.095 321.568
6395 0.000000 0 0.7261 0.6034 0.3298 0.9627 0.3586 0.0000 767.732 23.112 321.568
6396 0.000000 0 0.7261 0.6034 0.3298 0.9627 0.3586 0.0000 767.731 23.129 321.568
6397 0.000000 0 0.7261 0.6034 0.3298 0.9627 0.3586 0.0000 767.731 23.144 321.569
6398 0.000000 0 0.7260 0.6034 0.3298 0.9627 0.3586 0.0000 767.731 23.160 321.569
6399 0.000000 0 0.7260 0.6034 0.3298 0.9627 0.3586 0.0000 767.730 23.174 321.570
6400 0.000000 0 0.7260 0.6034 0.3298 0.9627 0.3586 0.0000 767.730 23.188 321.570
6401 0.000000 0 0.7260 0.6034 0.3298 0.9627 0.3586 0.0000 767.730 23.200 321.570
6402 0.000000 0 0.7260 0.6035 0.3298 0.9627 0.3586 0.0000 767.729 23.213 321.571
6403 0.000000 0 0.7260 0.6035 0.3298 0.9627 0.3586 0.0000 767.729 23.224 321.571
6404 0.000000 0 0.7260 0.6035 0.3298 0.9627 0.3586 0.0000 767.729 23.236 321.571
6405 0.000000 0 0.7260 0.6035 0.3298 0.9627 0.3586 0.0000 767.729 23.245 321.571
6406 0.000000 0 0.7260 0.6035 0.3298 0.9627 0.3586 0.0000 767.728 23.255 321.572
6407 0.000000 0 0.7260 0.6035 0.3298 0.9627 0.3586 0.0000 767.728 23.264 321.572
6408 0.000000 0 0.7259 0.6035 0.3298 0.9627 0.3586 0.0000 767.728 23.272 321.572
6409 0.000000 0 0.7259 0.6036 0.3298 0.9627 0.3586 0.0000 767.728 23.280 321.572
6410 0.000000 0 0.7259 0.6036 0.3298 0.9627 0.3586 0.0000 767.727 23.286 321.572
6411 0.000000 0 0.7259 0.6036 0.3298 0.9627 0.3586 0.0000 767.727 23.292 321.573
6412 0.000000 0 0.7259 0.6036 0.3298 0.9627 0.3586 0.0000 767.727 23.298 321.573
6413 0.000000 0 0.7259 0.6036 0.3298 0.9627 0.3586 0.0000 767.727 23.303 321.573
6414 0.000000 0 0.7259 0.6036 0.3298 0.9627 0.3586 0.0000 767.727 23.307 321.573
6415 0.000000 0 0.7259 0.6036 0.3298 0.9627 0.3586 0.0000 767.727 23.310 321.573
6416 0.000000 0 0.7259 0.6036 0.3298 0.9627 0.3586 0.0000 767.727 23.313 321.573
6417 0.000000 0 0.7258 0.6037 0.3298 0.9627 0.3586 0.0000 767.727 23.315 321.573
6418 0.000000 0 0.7258 0.6037 0.3298 0.9627 0.3586 0.0000 767.727 23.316 321.573
6419 0.000000 0 0.7258 0.6037 0.3298 0.9627 0.3586 0.0000 767.727 23.317 321.573
6420 0.000000 0 0.7258 0.6037 0.3297 0.9627 0.3586 0.0000 767.727 23.317 321.573
6421 0.000000 0 0.7258 0.6037 0.3297 0.9627 0.3586 0.0000 767.727 23.316 321.573
6422 0.000000 0 0.7258 0.6037 0.3297 0.9627 0.3586 0.0000 767.727 23.315 321.573
6423 0.000000 0 0.7258 0.6037 0.3297 0.9627 0.3586 0.0000 767.727 23.313 321.573
6424 0.000000 0 0.7258 0.6038 0.3297 0.9627 0.3586 0.0000 767.727 23.309 321.573
6425 0.000000 0 0.7258 0.6038 0.3297 0.9627 0.3586 0.0000 767.727 23.306 321.573
6426 0.000000 0 0.7258 0.6038 0.3297 0.9627 0.3586 0.0000 767.727 23.302 321.573
6427 0.000000 0 0.7257 0.6038 0.3297 0.9627 0.3586 0.0000 767.727 23.297 321.573
6428 0.000000 0 0.7257 0.6038 0.3297 0.9627 0.3586 0.0000 767.727 23.291 321.573
6429 0.000000 0 0.7257 0.6038 0.3297 0.9627 0.3586 0.0000 767.727 23.285 321.572
6430 0.000000 0 0.7257 0.6038 0.3297 0.9627 0.3586 0.0000 767.727 23.278 321.572
6431 0.000000 0 0.7257 0.6038 0.3297 0.9627 0.3586 0.0000 767.728 23.270 321.572
6432 0.000000 0 0.7257 0.6039 0.3297 0.9627 0.3586 0.0000 767.728 23.261 321.572
6433 0.000000 0 0.7257 0.6039 0.3297 0.9627 0.3586 0.0000 767.728 23.252 321.572
6434 0.000000 0 0.7257 0.6039 0.3297 0.9627 0.3586 0.0000 767.728 23.243 321.572
6435 0.000000 0 0.7257 0.6039 0.3297 0.9627 0.3586 0.0000 767.729 23.232 321.571
6436 0.000000 0 0.7257 0.6039 0.3297 0.9627 0.3586 0.0000 767.729 23.220 321.571
6437 0.000000 0 0.7256 0.6039 0.3297 0.9627 0.3586 0.0000 767.729 23.208 321.571
6438 0.000000 0 0.7256 0.6039 0.3297 0.9627 0.3586 0.0000 767.729 23.197 321.571
6439 0.000000 0 0.7256 0.6040 0.3297 0.9627 0.3586 0.0000 767.730 23.183 321.570
6440 0.000000 0 0.7256 0.6040 0.3297 0.9627 0.3586 0.0000 767.730 23.169 321.570
6441 0.000000 0 0.7256 0.6040 0.3297 0.9627 0.3586 0.0000 767.731 23.155 321.569
6442 0.000000 0 0.7256 0.6040 0.3297 0.9627 0.3586 0.0000 767.731 23.140 321.569
6443 0.000000 0 0.7256 0.6040 0.3297 0.9627 0.3586 0.0000 767.731 23.124 321.569
6444 0.000000 0 0.7256 0.6040 0.3297 0.9627 0.3586 0.0000 767.732 23.107 321.568
6445 0.000000 0 0.7256 0.6040 0.3297 0.9627 0.3586 0.0000 767.732 23.090 321.568
6446 0.000000 0 0.7255 0.6041 0.3297 0.9627 0.3586 0.0000 767.732 23.070 321.568
6447 0.000000 0 0.7255 0.6041 0.3297 0.9627 0.3586 0.0000 767.733 23.046 321.567
6448 0.000000 0 0.7255 0.6041 0.3297 0.9627 0.3586 0.0000 767.734 23.035 321.566
6449 0.000000 0 0.7255 0.6041 0.3297 0.9627 0.3586 0.0000 767.734 23.013 321.566
6450 0.000000 0 0.7255 0.6041 0.3297 0.9627 0.3586 0.0000 767.734 22.994 321.566
6451 0.000000 0 0.7255 0.6041 0.3297 0.9627 0.3586 0.0000 767.735 22.972 321.565
6452 0.000000 0 0.7255 0.6041 0.3297 0.9627 0.3586 0.0000 767.736 22.950 321.564
6453 0.000000 0 0.7255 0.6041 0.3297 0.9627 0.3586 0.0000 767.736 22.927 321.564
6454 0.000000 0 0.7255 0.6042 0.3297 0.9627 0.3586 0.0000 767.736 22.904 321.564
6455 0.000000 0 0.7255 0.6042 0.3297 0.9627 0.3586 0.0000 767.737 22.880 321.563
6456 0.000000 0 0.7254 0.6042 0.3297 0.9627 0.3586 0.0000 767.738 22.855 321.562
6457 0.000000 0 0.7254 0.6042 0.3297 0.9627 0.3586 0.0000 767.738 22.829 321.561
6458 0.000000 0 0.7254 0.6042 0.3297 0.9627 0.3586 0.0000 767.738 22.804 321.561
6459 0.000000 0 0.7254 0.6042 0.3297 0.9627 0.3586 0.0000 767.739 22.777 321.561
6460 0.000000 0 0.7254 0.6042 0.3297 0.9627 0.3586 0.0000 767.741 22.749 321.559
6461 0.000000 0 0.7254 0.6043 0.3297 0.9627 0.3586 0.0000 767.741 22.607 321.559
6462 0.000000 0 0.7254 0.6043 0.3297 0.9627 0.3586 0.0000 767.741 22.424 321.559
6463 0.000000 0 0.7254 0.6043 0.3297 0.9627 0.3586 0.0000 767.744 22.354 321.556
6464 0.000000 0 0.7254 0.6043 0.3297 0.9627 0.3586 0.0000 767.749 22.351 321.551
6465 0.000000 0 0.7253 0.6043 0.3297 0.9627 0.3586 0.0000 767.751 22.344 321.549
6466 0.000000 0 0.7253 0.6043 0.3297 0.9627 0.3586 0.0000 767.751 22.336 321.549
6467 0.000000 0 0.7253 0.6043 0.3297 0.9627 0.3586 0.0000 767.751 22.327 321.549
6468 0.000000 0 0.7253 0.6044 0.3297 0.9627 0.3586 0.0000 767.751 22.317 321.549
6469 0.000000 0 0.7253 0.6044 0.3297 0.9627 0.3586 0.0000 767.751 22.307 321.549
6470 0.000000 0 0.7253 0.6044 0.3297 0.9627 0.3586 0.0000 767.751 22.297 321.549
6471 0.000000 0 0.7253 0.6044 0.3297 0.9627 0.3586 0.0000 767.751 22.290 321.549
6472 0.000000 0 0.7253 0.6044 0.3297 0.9627 0.3586 0.0000 767.751 22.285 321.549
6473 0.000000 0 0.7253 0.6044 0.3297 0.9627 0.3586 0.0000 767.751 22.283 321.549
6474 0.000000 0 0.7253 0.6044 0.3296 0.9627 0.3586 0.0000 767.751 22.281 321.549
6475 0.000000 0 0.7252 0.6044 0.3296 0.9627 0.3586 0.0000 767.751 22.282 321.549
6476 0.000000 0 0.7252 0.6045 0.3296 0.9627 0.3586 0.0000 767.751 22.283 321.549
6477 0.000000 0 0.7252 0.6045 0.3296 0.9627 0.3586 0.0000 767.751 22.285 321.549
6478 0.000000 0 0.7252 0.6045 0.3296 0.9627 0.3586 0.0000 767.751 22.288 321.549
6479 0.000000 0 0.7252 0.6045 0.3296 0.9627 0.3586 0.0000 767.751 22.292 321.549
6480 0.000000 0 0.7252 0.6045 0.3296 0.9627 0.3586 0.0000 767.751 22.297 321.549
6481 0.000000 0 0.7252 0.6045 0.3296 0.9627 0.3586 0.0000 767.751 22.302 321.549
6482 0.000000 0 0.7251 0.6046 0.3296 0.9627 0.3586 0.0000 767.751 22.344 321.549
6483 0.000000 0 0.7251 0.6047 0.3296 0.9627 0.3586 0.0000 767.751 22.350 321.549
6484 0.000000 0 0.7251 0.6047 0.3296 0.9627 0.3586 0.0000 767.751 22.351 321.549
6485 0.000000 0 0.7250 0.6047 0.3296 0.9627 0.3586 0.0000 767.751 22.352 321.549
6486 0.000000 0 0.7250 0.6047 0.3296 0.9627 0.3586 0.0000 767.751 22.353 321.549
6487 0.000000 0 0.7250 0.6047 0.3296 0.9627 0.3586 0.0000 767.751 22.354 321.549
6488 0.000000 0 0.7250 0.6048 0.3296 0.9627 0.3586 0.0000 767.751 22.355 321.549
6489 0.000000 0 0.7250 0.6048 0.3296 0.9627 0.3586 0.0000 767.751 22.356 321.549
6490 0.000000 0 0.7250 0.6048 0.3296 0.9627 0.3586 0.0000 767.751 22.356 321.549
6491 0.000000 0 0.7250 0.6048 0.3296 0.9627 0.3586 0.0000 767.751 22.356 321.549
6492 0.000000 0 0.7249 0.6048 0.3296 0.9627 0.3586 0.0000 767.751 22.356 321.549
6493 0.000000 0 0.7249 0.6049 0.3296 0.9627 0.3586 0.0000 767.751 22.356 321.549
6494 0.000000 0 0.7249 0.6049 0.3296 0.9627 0.3586 0.0000 767.751 22.356 321.549
6495 0.000000 0 0.7249 0.6049 0.3296 0.9627 0.3586 0.0000 767.751 22.356 321.549
6496 0.000000 0 0.7249 0.6049 0.3296 0.9627 0.3586 0.0000 767.751 22.356 321.549
6497 0.000000 0 0.7249 0.6049 0.3296 0.9627 0.3586 0.0000 767.751 22.356 321.549
6498 0.000000 0 0.7249 0.6049 0.3296 0.9627 0.3586 0.0000 767.751 22.356 321.549
6499 0.000000 0 0.7249 0.6049 0.3296 0.9627 0.3586 0.0000 767.751 22.356 321.549
6500 0.000000 0 0.7249 0.6050 0.3296 0.9627 0.3586 0.0000 767.751 22.356 321.549
6501 0.000000 0 0.7248 0.6050 0.3296 0.9627 0.3586 0.0000 767.751 22.356 321.549
6502 0.000000 0 0.7248 0.6050 0.3296 0.9627 0.3586 0.0000 767.751 22.356 321.549
6503 0.000000 0 0.7248 0.6050 0.3296 0.9627 0.3586 0.0000 767.751 22.356 321.549
6504 0.000000 0 0.7248 0.6050 0.3296 0.9627 0.3586 0.0000 767.751 22.356 321.549
6505 0.000000 0 0.7248 0.6050 0.3296 0.9627 0.3586 0.0000 767.751 22.356 321.549
6506 0.000000 0 0.7248 0.6050 0.3296 0.9627 0.3586 0.0000 767.751 22.356 321.549
6507 0.000000 0 0.7248 0.6050 0.3296 0.9627 0.3586 0.0000 767.751 22.356 321.549
6508 0.000000 0 0.7248 0.6051 0.3296 0.9627 0.3586 0.0000 767.751 22.356 321.549
6509 0.000000 0 0.7248 0.6051 0.3296 0.9627 0.3586 0.0000 767.751 22.356 321.549
6510 0.000000 0 0.7247 0.6051 0.3296 0.9627 0.3586 0.0000 767.751 22.356 321.549
6511 0.000000 0 0.7247 0.6051 0.3296 0.9627 0.3586 0.0000 767.751 22.356 321.549
6512 0.000000 0 0.7247 0.6051 0.3296 0.9627 0.3586 0.0000 767.751 22.356 321.549
6513 0.000000 0 0.7247 0.6051 0.3296 0.9627 0.3586 0.0000 767.751 22.356 321.549
6514 0.000000 0 0.7247 0.6051 0.3296 0.9627 0.3586 0.0000 767.751 22.356 321.549
6515 0.000000 0 0.7247 0.6052 0.3296 0.9627 0.3586 0.0000 767.751 22.356 321.549
6516 0.000000 0 0.7247 0.6052 0.3295 0.9627 0.3586 0.0000 767.751 22.356 321.549
6517 0.000000 0 0.7247 0.6052 0.3295 0.9627 0.3586 0.0000 767.751 22.356 321.549
6518 0.000000 0 0.7247 0.6052 0.3295 0.9627 0.3586 0.0000 767.751 22.356 321.549
6519 0.000000 0 0.7247 0.6052 0.3295 0.9627 0.3586 0.0000 767.751 22.356 321.549
6520 0.000000 0 0.7246 0.6052 0.3295 0.9627 0.3586 0.0000 767.751 22.356 321.549
6521 0.000000 0 0.7246 0.6052 0.3295 0.9627 0.3586 0.0000 767.751 22.356 321.549
6522 0.000000 0 0.7246 0.6053 0.3295 0.9627 0.3586 0.0000 767.751 22.356 321.549
6523 0.000000 0 0.7246 0.6053 0.3295 0.9627 0.3586 0.0000 767.751 22.356 321.549
6524 0.000000 0 0.7246 0.6053 0.3295 0.9627 0.3586 0.0000 767.751 22.356 321.549
6525 0.000000 0 0.7246 0.6053 0.3295 0.9627 0.3586 0.0000 767.751 22.356 321.549
6526 0.000000 0 0.7246 0.6053 0.3295 0.9627 0.3586 0.0000 767.751 22.356 321.549
6527 0.000000 0 0.7246 0.6053 0.3295 0.9627 0.3586 0.0000 767.751 22.356 321.549
6528 0.000000 0 0.7246 0.6053 0.3295 0.9627 0.3586 0.0000 767.751 22.356 321.549
6529 0.000000 0 0.7245 0.6053 0.3295 0.9627 0.3586 0.0000 767.751 22.356 321.549
6530 0.000000 0 0.7245 0.6054 0.3295 0.9627 0.3586 0.0000 767.751 22.356 321.549
6531 0.000000 0 0.7245 0.6054 0.3295 0.9627 0.3586 0.0000 767.751 22.356 321.549
6532 0.000000 0 0.7245 0.6054 0.3295 0.9627 0.3586 0.0000 767.751 22.356 321.549
6533 0.000000 0 0.7245 0.6054 0.3295 0.9627 0.3586 0.0000 767.751 22.356 321.549
6534 0.000000 0 0.7245 0.6054 0.3295 0.9627 0.3586 0.0000 767.751 22.356 321.549
6535 0.000000 0 0.7245 0.6054 0.3295 0.9627 0.3586 0.0000 767.751 22.356 321.549
6536 0.000000 0 0.7245 0.6054 0.3295 0.9627 0.3586 0.0000 767.751 22.356 321.549
6537 0.000000 0 0.7245 0.6055 0.3295 0.9627 0.3586 0.0000 767.751 22.356 321.549
6538 0.000000 0 0.7245 0.6055 0.3295 0.9627 0.3586 0.0000 767.751 22.356 321.549
6539 0.000000 0 0.7244 0.6055 0.3295 0.9627 0.3586 0.0000 767.751 22.356 321.549
6540 0.000000 0 0.7244 0.6055 0.3295 0.9627 0.3586 0.0000 767.751 22.356 321.549
6541 0.000000 0 0.7244 0.6055 0.3295 0.9627 0.3586 0.0000 767.751 22.356 321.549
6542 0.000000 0 0.7244 0.6055 0.3295 0.9627 0.3586 0.0000 767.751 22.356 321.549
6543 0.000000 0 0.7244 0.6055 0.3295 0.9627 0.3586 0.0000 767.751 22.356 321.549
6544 0.000000 0 0.7244 0.6056 0.3295 0.9627 0.3586 0.0000 767.751 22.356 321.549
6545 0.000000 0 0.7244 0.6056 0.3295 0.9627 0.3586 0.0000 767.751 22.356 321.549
6546 0.000000 0 0.7244 0.6056 0.3295 0.9627 0.3586 0.0000 767.751 22.356 321.549
6547 0.000000 0 0.7244 0.6056 0.3295 0.9627 0.3586 0.0000 767.751 22.356 321.549
6548 0.000000 0 0.7243 0.6056 0.3295 0.9627 0.3586 0.0000 767.751 22.356 321.549
6549 0.000000 0 0.7243 0.6056 0.3295 0.9627 0.3586 0.0000 767.751 22.356 321.549
6550 0.000000 0 0.7243 0.6056 0.3295 0.9627 0.3586 0.0000 767.751 22.356 321.549
6551 0.000000 0 0.7243 0.6057 0.3295 0.9627 0.3586 0.0000 767.751 22.356 321.549
6552 0.000000 0 0.7243 0.6057 0.3295 0.9627 0.3586 0.0000 767.751 22.356 321.549
6553 0.000000 0 0.7243 0.6057 0.3295 0.9627 0.3586 0.0000 767.751 22.356 321.549
6554 0.000000 0 0.7243 0.6057 0.3295 0.9627 0.3586 0.0000 767.751 22.356 321.549
6555 0.000000 0 0.7243 0.6057 0.3295 0.9627 0.3586 0.0000 767.751 22.356 321.549
6556 0.000000 0 0.7242 0.6057 0.3295 0.9627 0.3586 0.0000 767.751 22.356 321.549
6557 0.000000 0 0.7242 0.6057 0.3295 0.9627 0.3586 0.0000 767.751 22.356 321.549
6558 0.000000 0 0.7242 0.6058 0.3295 0.9627 0.3586 0.0000 767.751 22.356 321.549
6559 0.000000 0 0.7242 0.6058 0.3295 0.9627 0.3586 0.0000 767.751 22.356 321.549
6560 0.000000 0 0.7242 0.6058 0.3295 0.9627 0.3586 0.0000 767.751 22.356 321.549
6561 0.000000 0 0.7242 0.6058 0.3295 0.9627 0.3586 0.0000 767.751 22.356 321.549
6562 0.000000 0 0.7242 0.6058 0.3295 0.9627 0.3586 0.0000 767.751 22.356 321.549
6563 0.000000 0 0.7241 0.6059 0.3295 0.9627 0.3586 0.0000 767.751 22.356 321.549
6564 0.000000 0 0.7241 0.6059 0.3295 0.9627 0.3586 0.0000 767.751 22.356 321.549
6565 0.000000 0 0.7241 0.6059 0.3295 0.9627 0.3586 0.0000 767.751 22.356 321.549
6566 0.000000 0 0.7241 0.6059 0.3295 0.9627 0.3586 0.0000 767.751 22.356 321.549
6567 0.000000 0 0.7241 0.6059 0.3294 0.9627 0.3586 0.0000 767.751 22.356 321.549
6568 0.000000 0 0.7241 0.6059 0.3294 0.9627 0.3586 0.0000 767.751 22.356 321.549
6569 0.000000 0 0.7241 0.6059 0.3294 0.9627 0.3586 0.0000 767.751 22.356 321.549
6570 0.000000 0 0.7241 0.6059 0.3294 0.9627 0.3586 0.0000 767.751 22.356 321.549
6571 0.000000 0 0.7241 0.6060 0.3294 0.9627 0.3586 0.0000 767.751 22.356 321.549
6572 0.000000 0 0.7241 0.6060 0.3294 0.9627 0.3586 0.0000 767.751 22.356 321.549
6573 0.000000 0 0.7240 0.6060 0.3294 0.9627 0.3586 0.0000 767.751 22.356 321.549
6574 0.000000 0 0.7240 0.6060 0.3294 0.9627 0.3586 0.0000 767.751 22.356 321.549
6575 0.000000 0 0.7240 0.6060 0.3294 0.9627 0.3586 0.0000 767.751 22.356 321.549
6576 0.000000 0 0.7240 0.6060 0.3294 0.9627 0.3586 0.0000 767.751 22.356 321.549
6577 0.000000 0 0.7240 0.6061 0.3294 0.9627 0.3586 0.0000 767.751 22.356 321.549
6578 0.000000 0 0.7240 0.6061 0.3294 0.9627 0.3586 0.0000 767.751 22.356 321.549
6579 0.000000 0 0.7240 0.6061 0.3294 0.9627 0.3586 0.0000 767.751 22.356 321.549
6580 0.000000 0 0.7240 0.6061 0.3294 0.9627 0.3586 0.0000 767.751 22.356 321.549
6581 0.000000 0 0.7240 0.6061 0.3294 0.9627 0.3586 0.0000 767.751 22.356 321.549
6582 0.000000 0 0.7240 0.6061 0.3294 0.9627 0.3586 0.0000 767.751 22.356 321.549
6583 0.000000 0 0.7239 0.6061 0.3294 0.9627 0.3586 0.0000 767.751 22.356 321.549
6584 0.000000 0 0.7239 0.6061 0.3294 0.9627 0.3586 0.0000 767.751 22.356 321.549
6585 0.000000 0 0.7239 0.6061 0.3294 0.9627 0.3586 0.0000 767.751 22.356 321.549
6586 0.000000 0 0.7239 0.6062 0.3294 0.9627 0.3586 0.0000 767.751 22.356 321.549
6587 0.000000 0 0.7239 0.6062 0.3294 0.9627 0.3586 0.0000 767.751 22.356 321.549
6588 0.000000 0 0.7239 0.6062 0.3294 0.9627 0.3586 0.0000 767.751 22.356 321.549
6589 0.000000 0 0.7239 0.6062 0.3294 0.9627 0.3586 0.0000 767.751 22.356 321.549
6590 0.000000 0 0.7239 0.6062 0.3294 0.9627 0.3586 0.0000 767.751 22.356 321.549
6591 0.000000 0 0.7239 0.6062 0.3294 0.9627 0.3586 0.0000 767.751 22.356 321.549
6592 0.000000 0 0.7238 0.6063 0.3294 0.9627 0.3586 0.0000 767.751 22.356 321.549
6593 0.000000 0 0.7238 0.6063 0.3294 0.9627 0.3586 0.0000 767.751 22.356 321.549
6594 0.000000 0 0.7238 0.6063 0.3294 0.9627 0.3586 0.0000 767.751 22.356 321.549
6595 0.000000 0 0.7238 0.6063 0.3294 0.9627 0.3586 0.0000 767.751 22.356 321.549
6596 0.000000 0 0.7238 0.6063 0.3294 0.9627 0.3586 0.0000 767.751 22.356 321.549
6597 0.000000 0 0.7238 0.6063 0.3294 0.9627 0.3586 0.0000 767.751 22.356 321.549
6598 0.000000 0 0.7238 0.6063 0.3294 0.9627 0.3586 0.0000 767.751 22.356 321.549
6599 0.000000 0 0.7238 0.6063 0.3294 0.9627 0.3586 0.0000 767.751 22.356 321.549
6600 0.000000 0 0.7238 0.6064 0.3294 0.9627 0.3586 0.0000 767.751 22.356 321.549
6601 0.000000 0 0.7237 0.6064 0.3294 0.9627 0.3586 0.0000 767.751 22.356 321.549
6602 0.000000 0 0.7237 0.6064 0.3294 0.9627 0.3586 0.0000 767.751 22.356 321.549
6603 0.000000 0 0.7237 0.6064 0.3294 0.9627 0.3586 0.0000 767.751 22.356 321.549
6604 0.000000 0 0.7237 0.6064 0.3294 0.9627 0.3586 0.0000 767.751 22.356 321.549
6605 0.000000 0 0.7237 0.6064 0.3294 0.9627 0.3586 0.0000 767.751 22.356 321.549
6606 0.000000 0 0.7237 0.6065 0.3294 0.9627 0.3586 0.0000 767.751 22.356 321.549
6607 0.000000 0 0.7237 0.6065 0.3294 0.9627 0.3586 0.0000 767.751 22.356 321.549
6608 0.000000 0 0.7237 0.6065 0.3294 0.9627 0.3586 0.0000 767.751 22.356 321.549
6609 0.000000 0 0.7237 0.6065 0.3294 0.9627 0.3586 0.0000 767.751 22.356 321.549
6610 0.000000 0 0.7236 0.6065 0.3294 0.9627 0.3586 0.0000 767.751 22.356 321.549
6611 0.000000 0 0.7236 0.6065 0.3294 0.9627 0.3586 0.0000 767.751 22.356 321.549
6612 0.000000 0 0.7236 0.6065 0.3294 0.9627 0.3586 0.0000 767.751 22.356 321.549
6613 0.000000 0 0.7236 0.6066 0.3294 0.9627 0.3586 0.0000 767.751 22.356 321.549
6614 0.000000 0 0.7236 0.6066 0.3294 0.9627 0.3586 0.0000 767.751 22.356 321.549
6615 0.000000 0 0.7236 0.6066 0.3294 0.9627 0.3586 0.0000 767.751 22.356 321.549
6616 0.000000 0 0.7236 0.6066 0.3294 0.9627 0.3586 0.0000 767.751 22.356 321.549
6617 0.000000 0 0.7236 0.6066 0.3294 0.9627 0.3586 0.0000 767.751 22.356 321.549
6618 0.000000 0 0.7236 0.6066 0.3294 0.9627 0.3586 0.0000 767.751 22.356 321.549
6619 0.000000 0 0.7235 0.6066 0.3293 0.9627 0.3586 0.0000 767.751 22.356 321.549
6620 0.000000 0 0.7235 0.6066 0.3293 0.9627 0.3586 0.0000 767.751 22.356 321.549
6621 0.000000 0 0.7235 0.6067 0.3293 0.9627 0.3586 0.0000 767.751 22.356 321.549
6622 0.000000 0 0.7235 0.6067 0.3293 0.9627 0.3586 0.0000 767.751 22.356 321.549
6623 0.000000 0 0.7235 0.6067 0.3293 0.9627 0.3586 0.0000 767.751 22.356 321.549
6624 0.000000 0 0.7235 0.6067 0.3293 0.9627 0.3586 0.0000 767.751 22.356 321.549
6625 0.000000 0 0.7235 0.6067 0.3293 0.9627 0.3586 0.0000 767.751 22.356 321.549
6626 0.000000 0 0.7235 0.6067 0.3293 0.9627 0.3586 0.0000 767.751 22.356 321.549
6627 0.000000 0 0.7235 0.6067 0.3293 0.9627 0.3586 0.0000 767.751 22.356 321.549
6628 0.000000 0 0.7235 0.6067 0.3293 0.9627 0.3586 0.0000 767.751 22.356 321.549
6629 0.000000 0 0.7234 0.6068 0.3293 0.9627 0.3586 0.0000 767.751 22.356 321.549
6630 0.000000 0 0.7234 0.6068 0.3293 0.9627 0.3586 0.0000 767.751 22.356 321.549
6631 0.000000 0 0.7234 0.6068 0.3293 0.9627 0.3586 0.0000 767.749 22.415 321.551
6632 0.000000 0 0.7234 0.6068 0.3293 0.9627 0.3586 0.0000 767.749 22.419 321.551
6633 0.000000 0 0.7234 0.6068 0.3293 0.9627 0.3586 0.0000 767.748 22.483 321.552
6634 0.000000 0 0.7234 0.6068 0.3293 0.9627 0.3586 0.0000 767.747 22.489 321.553
6635 0.000000 0 0.7234 0.6069 0.3293 0.9627 0.3586 0.0000 767.746 22.549 321.554
6636 0.000000 0 0.7234 0.6069 0.3293 0.9627 0.3586 0.0000 767.746 22.554 321.554
6637 0.000000 0 0.7234 0.6069 0.3293 0.9627 0.3586 0.0000 767.744 22.612 321.556
6638 0.000000 0 0.7234 0.6069 0.3293 0.9627 0.3586 0.0000 767.744 22.616 321.556
6639 0.000000 0 0.7233 0.6069 0.3293 0.9627 0.3586 0.0000 767.743 22.673 321.557
6640 0.000000 0 0.7233 0.6069 0.3293 0.9627 0.3586 0.0000 767.743 22.676 321.557
6641 0.000000 0 0.7233 0.6069 0.3293 0.9627 0.3586 0.0000 767.741 22.731 321.559
6642 0.000000 0 0.7233 0.6069 0.3293 0.9627 0.3586 0.0000 767.741 22.758 321.559
6643 0.000000 0 0.7233 0.6070 0.3293 0.9627 0.3586 0.0000 767.740 22.785 321.560
6644 0.000000 0 0.7233 0.6070 0.3293 0.9627 0.3586 0.0000 767.739 22.812 321.561
6645 0.000000 0 0.7233 0.6070 0.3293 0.9627 0.3586 0.0000 767.739 22.838 321.561
6646 0.000000 0 0.7233 0.6070 0.3293 0.9627 0.3586 0.0000 767.738 22.863 321.562
6647 0.000000 0 0.7233 0.6070 0.3293 0.9627 0.3586 0.0000 767.737 22.890 321.562
6648 0.000000 0 0.7232 0.6070 0.3293 0.9627 0.3586 0.0000 767.737 22.912 321.563
6649 0.000000 0 0.7232 0.6070 0.3293 0.9627 0.3586 0.0000 767.736 22.934 321.564
6650 0.000000 0 0.7232 0.6071 0.3293 0.9627 0.3586 0.0000 767.736 22.957 321.564
6651 0.000000 0 0.7232 0.6071 0.3293 0.9627 0.3586 0.0000 767.735 22.979 321.565
6652 0.000000 0 0.7232 0.6071 0.3293 0.9627 0.3586 0.0000 767.735 23.000 321.565
6653 0.000000 0 0.7232 0.6071 0.3293 0.9627 0.3586 0.0000 767.734 23.021 321.566
6654 0.000000 0 0.7232 0.6071 0.3293 0.9627 0.3586 0.0000 767.734 23.040 321.566
6655 0.000000 0 0.7232 0.6071 0.3293 0.9627 0.3586 0.0000 767.733 23.059 321.567
6656 0.000000 0 0.7232 0.6071 0.3293 0.9627 0.3586 0.0000 767.733 23.078 321.567
6657 0.000000 0 0.7231 0.6072 0.3293 0.9627 0.3586 0.0000 767.732 23.096 321.568
6658 0.000000 0 0.7231 0.6072 0.3293 0.9627 0.3586 0.0000 767.732 23.113 321.568
6659 0.000000 0 0.7231 0.6072 0.3293 0.9627 0.3586 0.0000 767.731 23.129 321.568
6660 0.000000 0 0.7231 0.6072 0.3293 0.9627 0.3586 0.0000 767.731 23.145 321.569
6661 0.000000 0 0.7231 0.6072 0.3293 0.9627 0.3586 0.0000 767.731 23.159 321.569
6662 0.000000 0 0.7231 0.6072 0.3293 0.9627 0.3586 0.0000 767.730 23.174 321.570
6663 0.000000 0 0.7231 0.6072 0.3293 0.9627 0.3586 0.0000 767.730 23.187 321.570
6664 0.000000 0 0.7231 0.6072 0.3293 0.9627 0.3586 0.0000 767.730 23.200 321.570
6665 0.000000 0 0.7231 0.6073 0.3293 0.9627 0.3586 0.0000 767.729 23.213 321.571
6666 0.000000 0 0.7231 0.6073 0.3293 0.9627 0.3586 0.0000 767.729 23.224 321.571
6667 0.000000 0 0.7230 0.6073 0.3293 0.9627 0.3586 0.0000 767.729 23.235 321.571
6668 0.000000 0 0.7230 0.6073 0.3293 0.9627 0.3586 0.0000 767.729 23.245 321.571
6669 0.000000 0 0.7230 0.6073 0.3293 0.9627 0.3586 0.0000 767.728 23.255 321.572
6670 0.000000 0 0.7230 0.6073 0.3293 0.9627 0.3586 0.0000 767.728 23.264 321.572
6671 0.000000 0 0.7230 0.6073 0.3293 0.9627 0.3586 0.0000 767.728 23.272 321.572
6672 0.000000 0 0.7230 0.6074 0.3293 0.9627 0.3586 0.0000 767.728 23.279 321.572
6673 0.000000 0 0.7230 0.6074 0.3292 0.9627 0.3586 0.0000 767.727 23.286 321.572
6674 0.000000 0 0.7230 0.6074 0.3292 0.9627 0.3586 0.0000 767.727 23.292 321.573
6675 0.000000 0 0.7230 0.6074 0.3292 0.9627 0.3586 0.0000 767.727 23.298 321.573
6676 0.000000 0 0.7229 0.6074 0.3292 0.9627 0.3586 0.0000 767.727 23.303 321.573
6677 0.000000 0 0.7229 0.6074 0.3292 0.9627 0.3586 0.0000 767.727 23.307 321.573
6678 0.000000 0 0.7229 0.6074 0.3292 0.9627 0.3586 0.0000 767.727 23.310 321.573
6679 0.000000 0 0.7229 0.6074 0.3292 0.9627 0.3586 0.0000 767.727 23.313 321.573
6680 0.000000 0 0.7229 0.6075 0.3292 0.9627 0.3586 0.0000 767.727 23.315 321.573
6681 0.000000 0 0.7229 0.6075 0.3292 0.9627 0.3586 0.0000 767.727 23.316 321.573
6682 0.000000 0 0.7229 0.6075 0.3292 0.9627 0.3586 0.0000 767.727 23.317 321.573
6683 0.000000 0 0.7229 0.6075 0.3292 0.9627 0.3586 0.0000 767.727 23.317 321.573
6684 0.000000 0 0.7229 0.6075 0.3292 0.9627 0.3586 0.0000 767.727 23.316 321.573
6685 0.000000 0 0.7229 0.6075 0.3292 0.9627 0.3586 0.0000 767.727 23.315 321.573
6686 0.000000 0 0.7228 0.6075 0.3292 0.9627 0.3586 0.0000 767.727 23.313 321.573
6687 0.000000 0 0.7228 0.6076 0.3292 0.9627 0.3586 0.0000 767.727 23.310 321.573
6688 0.000000 0 0.7228 0.6076 0.3292 0.9627 0.3586 0.0000 767.727 23.306 321.573
6689 0.000000 0 0.7228 0.6076 0.3292 0.9627 0.3586 0.0000 767.727 23.302 321.573
6690 0.000000 0 0.7228 0.6076 0.3292 0.9627 0.3586 0.0000 767.727 23.297 321.573
6691 0.000000 0 0.7228 0.6076 0.3292 0.9627 0.3586 0.0000 767.727 23.291 321.573
6692 0.000000 0 0.7228 0.6076 0.3292 0.9627 0.3586 0.0000 767.727 23.284 321.572
6693 0.000000 0 0.7228 0.6076 0.3292 0.9627 0.3586 0.0000 767.727 23.278 321.572
6694 0.000000 0 0.7228 0.6077 0.3292 0.9627 0.3586 0.0000 767.728 23.270 321.572
6695 0.000000 0 0.7227 0.6077 0.3292 0.9627 0.3586 0.0000 767.728 23.261 321.572
6696 0.000000 0 0.7227 0.6077 0.3292 0.9627 0.3586 0.0000 767.728 23.252 321.572
6697 0.000000 0 0.7227 0.6077 0.3292 0.9627 0.3586 0.0000 767.728 23.243 321.572
6698 0.000000 0 0.7227 0.6077 0.3292 0.9627 0.3586 0.0000 767.729 23.232 321.571
6699 0.000000 0 0.7227 0.6077 0.3292 0.9627 0.3586 0.0000 767.729 23.221 321.571
6700 0.000000 0 0.7227 0.6077 0.3292 0.9627 0.3586 0.0000 767.729 23.209 321.571
6701 0.000000 0 0.7227 0.6077 0.3292 0.9627 0.3586 0.0000 767.729 23.197 321.571
6702 0.000000 0 0.7227 0.6078 0.3292 0.9627 0.3586 0.0000 767.730 23.183 321.570
6703 0.000000 0 0.7227 0.6078 0.3292 0.9627 0.3586 0.0000 767.730 23.170 321.570
6704 0.000000 0 0.7227 0.6078 0.3292 0.9627 0.3586 0.0000 767.730 23.155 321.569
6705 0.000000 0 0.7226 0.6078 0.3292 0.9627 0.3586 0.0000 767.731 23.140 321.569
6706 0.000000 0 0.7226 0.6078 0.3292 0.9627 0.3586 0.0000 767.731 23.124 321.569
6707 0.000000 0 0.7226 0.6078 0.3292 0.9627 0.3586 0.0000 767.732 23.107 321.568
6708 0.000000 0 0.7226 0.6078 0.3292 0.9627 0.3586 0.0000 767.732 23.090 321.568
6709 0.000000 0 0.7226 0.6079 0.3292 0.9627 0.3586 0.0000 767.732 23.072 321.568
6710 0.000000 0 0.7226 0.6079 0.3292 0.9627 0.3586 0.0000 767.733 23.054 321.567
6711 0.000000 0 0.7226 0.6079 0.3292 0.9627 0.3586 0.0000 767.734 23.035 321.566
6712 0.000000 0 0.7226 0.6079 0.3292 0.9627 0.3586 0.0000 767.734 23.014 321.566
6713 0.000000 0 0.7226 0.6079 0.3292 0.9627 0.3586 0.0000 767.734 22.994 321.566
6714 0.000000 0 0.7225 0.6079 0.3292 0.9627 0.3586 0.0000 767.735 22.973 321.565
6715 0.000000 0 0.7225 0.6079 0.3292 0.9627 0.3586 0.0000 767.736 22.950 321.564
6716 0.000000 0 0.7225 0.6080 0.3292 0.9627 0.3586 0.0000 767.736 22.928 321.564
6717 0.000000 0 0.7225 0.6080 0.3292 0.9627 0.3586 0.0000 767.736 22.904 321.564
6718 0.000000 0 0.7225 0.6080 0.3292 0.9627 0.3586 0.0000 767.737 22.880 321.563
6719 0.000000 0 0.7225 0.6080 0.3292 0.9627 0.3586 0.0000 767.738 22.855 321.562
6720 0.000000 0 0.7225 0.6080 0.3292 0.9627 0.3586 0.0000 767.739 22.830 321.561
6721 0.000000 0 0.7225 0.6080 0.3292 0.9627 0.3586 0.0000 767.739 22.805 321.561
6722 0.000000 0 0.7225 0.6080 0.3292 0.9627 0.3586 0.0000 767.739 22.778 321.561
6723 0.000000 0 0.7225 0.6080 0.3292 0.9627 0.3586 0.0000 767.741 22.750 321.559
6724 0.000000 0 0.7224 0.6081 0.3292 0.9627 0.3586 0.0000 767.741 22.620 321.559
6725 0.000000 0 0.7224 0.6081 0.3292 0.9627 0.3586 0.0000 767.741 22.426 321.559
6726 0.000000 0 0.7224 0.6081 0.3292 0.9627 0.3586 0.0000 767.744 22.354 321.556
6727 0.000000 0 0.7224 0.6081 0.3291 0.9627 0.3586 0.0000 767.749 22.351 321.551
6728 0.000000 0 0.7224 0.6081 0.3291 0.9627 0.3586 0.0000 767.751 22.344 321.549
6729 0.000000 0 0.7224 0.6081 0.3291 0.9627 0.3586 0.0000 767.751 22.336 321.549
6730 0.000000 0 0.7224 0.6081 0.3291 0.9627 0.3586 0.0000 767.751 22.327 321.549
6731 0.000000 0 0.7224 0.6082 0.3291 0.9627 0.3586 0.0000 767.751 22.316 321.549
6732 0.000000 0 0.7224 0.6082 0.3291 0.9627 0.3586 0.0000 767.751 22.307 321.549
6733 0.000000 0 0.7223 0.6082 0.3291 0.9627 0.3586 0.0000 767.751 22.297 321.549
6734 0.000000 0 0.7223 0.6082 0.3291 0.9627 0.3586 0.0000 767.751 22.290 321.549
6735 0.000000 0 0.7223 0.6082 0.3291 0.9627 0.3586 0.0000 767.751 22.285 321.549
6736 0.000000 0 0.7223 0.6082 0.3291 0.9627 0.3586 0.0000 767.751 22.283 321.549
6737 0.000000 0 0.7223 0.6082 0.3291 0.9627 0.3586 0.0000 767.751 22.281 321.549
6738 0.000000 0 0.7223 0.6082 0.3291 0.9627 0.3586 0.0000 767.751 22.282 321.549
6739 0.000000 0 0.7223 0.6083 0.3291 0.9627 0.3586 0.0000 767.751 22.282 321.549
6740 0.000000 0 0.7223 0.6083 0.3291 0.9627 0.3586 0.0000 767.751 22.285 321.549
6741 0.000000 0 0.7223 0.6083 0.3291 0.9627 0.3586 0.0000 767.751 22.288 321.549
6742 0.000000 0 0.7223 0.6083 0.3291 0.9627 0.3586 0.0000 767.751 22.292 321.549
6743 0.000000 0 0.7222 0.6083 0.3291 0.9627 0.3586 0.0000 767.751 22.296 321.549
6744 0.000000 0 0.7222 0.6083 0.3291 0.9627 0.3586 0.0000 767.751 22.302 321.549
6745 0.000000 0 0.7222 0.6083 0.3291 0.9627 0.3586 0.0000 767.751 22.307 321.549
6746 0.000000 0 0.7222 0.6084 0.3291 0.9627 0.3586 0.0000 767.751 22.313 321.549
6747 0.000000 0 0.7222 0.6084 0.3291 0.9627 0.3586 0.0000 767.751 22.318 321.549
6748 0.000000 0 0.7222 0.6084 0.3291 0.9627 0.3586 0.0000 767.751 22.324 321.549
6749 0.000000 0 0.7222 0.6084 0.3291 0.9627 0.3586 0.0000 767.751 22.329 321.549
6750 0.000000 0 0.7222 0.6084 0.3291 0.9627 0.3586 0.0000 767.751 22.334 321.549
6751 0.000000 0 0.7222 0.6084 0.3291 0.9627 0.3586 0.0000 767.751 22.338 321.549
6752 0.000000 0 0.7221 0.6084 0.3291 0.9627 0.3586 0.0000 767.751 22.342 321.549
6753 0.000000 0 0.7221 0.6085 0.3291 0.9627 0.3586 0.0000 767.751 22.346 321.549
6754 0.000000 0 0.7221 0.6085 0.3291 0.9627 0.3586 0.0000 767.751 22.348 321.549
6755 0.000000 0 0.7221 0.6085 0.3291 0.9627 0.3586 0.0000 767.751 22.350 321.549
6756 0.000000 0 0.7221 0.6085 0.3291 0.9627 0.3586 0.0000 767.751 22.351 321.549
6757 0.000000 0 0.7221 0.6085 0.3291 0.9627 0.3586 0.0000 767.751 22.352 321.549
6758 0.000000 0 0.7221 0.6085 0.3291 0.9627 0.3586 0.0000 767.751 22.353 321.549
6759 0.000000 0 0.7221 0.6085 0.3291 0.9627 0.3586 0.0000 767.751 22.354 321.549
6760 0.000000 0 0.7221 0.6085 0.3291 0.9627 0.3586 0.0000 767.751 22.354 321.549
6761 0.000000 0 0.7220 0.6086 0.3291 0.9627 0.3586 0.0000 767.751 22.355 321.549
6762 0.000000 0 0.7220 0.6086 0.3291 0.9627 0.3586 0.0000 767.751 22.355 321.549
6763 0.000000 0 0.7220 0.6086 0.3291 0.9627 0.3586 0.0000 767.751 22.356 321.549
6764 0.000000 0 0.7220 0.6086 0.3291 0.9627 0.3586 0.0000 767.751 22.356 321.549
6765 0.000000 0 0.7220 0.6086 0.3291 0.9627 0.3586 0.0000 767.751 22.356 321.549
6766 0.000000 0 0.7220 0.6086 0.3291 0.9627 0.3586 0.0000 767.751 22.356 321.549
6767 0.000000 0 0.7220 0.6086 0.3291 0.9627 0.3586 0.0000 767.751 22.356 321.549
6768 0.000000 0 0.7220 0.6087 0.3291 0.9627 0.3586 0.0000 767.751 22.356 321.549
6769 0.000000 0 0.7220 0.6087 0.3291 0.9627 0.3586 0.0000 767.751 22.356 321.549
6770 0.000000 0 0.7220 0.6087 0.3291 0.9627 0.3586 0.0000 767.751 22.356 321.549
6771 0.000000 0 0.7219 0.6087 0.3291 0.9627 0.3586 0.0000 767.751 22.356 321.549
6772 0.000000 0 0.7219 0.6087 0.3291 0.9627 0.3586 0.0000 767.751 22.356 321.549
6773 0.000000 0 0.7219 0.6087 0.3291 0.9627 0.3586 0.0000 767.751 22.356 321.549
6774 0.000000 0 0.7219 0.6087 0.3291 0.9627 0.3586 0.0000 767.751 22.356 321.549
6775 0.000000 0 0.7219 0.6087 0.3291 0.9627 0.3586 0.0000 767.751 22.356 321.549
6776 0.000000 0 0.7219 0.6088 0.3291 0.9627 0.3586 0.0000 767.751 22.356 321.549
6777 0.000000 0 0.7219 0.6088 0.3291 0.9627 0.3586 0.0000 767.751 22.356 321.549
6778 0.000000 0 0.7219 0.6088 0.3291 0.9627 0.3586 0.0000 767.751 22.356 321.549
6779 0.000000 0 0.7219 0.6088 0.3291 0.9627 0.3586 0.0000 767.751 22.356 321.549
6780 0.000000 0 0.7218 0.6088 0.3291 0.9627 0.3586 0.0000 767.751 22.356 321.549
6781 0.000000 0 0.7218 0.6088 0.3290 0.9627 0.3586 0.0000 767.751 22.356 321.549
6782 0.000000 0 0.7218 0.6088 0.3290 0.9627 0.3586 0.0000 767.751 22.356 321.549
6783 0.000000 0 0.7218 0.6089 0.3290 0.9627 0.3586 0.0000 767.751 22.356 321.549
6784 0.000000 0 0.7218 0.6089 0.3290 0.9627 0.3586 0.0000 767.751 22.356 321.549
6785 0.000000 0 0.7218 0.6089 0.3290 0.9627 0.3586 0.0000 767.751 22.356 321.549
6786 0.000000 0 0.7218 0.6089 0.3290 0.9627 0.3586 0.0000 767.751 22.356 321.549
6787 0.000000 0 0.7218 0.6089 0.3290 0.9627 0.3586 0.0000 767.751 22.356 321.549
6788 0.000000 0 0.7218 0.6089 0.3290 0.9627 0.3586 0.0000 767.751 22.356 321.549
6789 0.000000 0 0.7218 0.6089 0.3290 0.9627 0.3586 0.0000 767.751 22.356 321.549
6790 0.000000 0 0.7217 0.6090 0.3290 0.9627 0.3586 0.0000 767.751 22.356 321.549
6791 0.000000 0 0.7217 0.6090 0.3290 0.9627 0.3586 0.0000 767.751 22.356 321.549
6792 0.000000 0 0.7217 0.6090 0.3290 0.9627 0.3586 0.0000 767.751 22.356 321.549
6793 0.000000 0 0.7217 0.6090 0.3290 0.9627 0.3586 0.0000 767.751 22.356 321.549
6794 0.000000 0 0.7217 0.6090 0.3290 0.9627 0.3586 0.0000 767.751 22.356 321.549
6795 0.000000 0 0.7217 0.6090 0.3290 0.9627 0.3586 0.0000 767.751 22.356 321.549
6796 0.000000 0 0.7217 0.6090 0.3290 0.9627 0.3586 0.0000 767.751 22.356 321.549
6797 0.000000 0 0.7217 0.6090 0.3290 0.9627 0.3586 0.0000 767.751 22.356 321.549
6798 0.000000 0 0.7217 0.6091 0.3290 0.9627 0.3586 0.0000 767.751 22.356 321.549
6799 0.000000 0 0.7216 0.6091 0.3290 0.9627 0.3586 0.0000 767.751 22.356 321.549
6800 0.000000 0 0.7216 0.6091 0.3290 0.9627 0.3586 0.0000 767.751 22.356 321.549
6801 0.000000 0 0.7216 0.6091 0.3290 0.9627 0.3586 0.0000 767.751 22.356 321.549
6802 0.000000 0 0.7216 0.6091 0.3290 0.9627 0.3586 0.0000 767.751 22.356 321.549
6803 0.000000 0 0.7216 0.6091 0.3290 0.9627 0.3586 0.0000 767.751 22.356 321.549
6804 0.000000 0 0.7216 0.6091 0.3290 0.9627 0.3586 0.0000 767.751 22.356 321.549
6805 0.000000 0 0.7216 0.6092 0.3290 0.9627 0.3586 0.0000 767.751 22.356 321.549
6806 0.000000 0 0.7216 0.6092 0.3290 0.9627 0.3586 0.0000 767.751 22.356 321.549
6807 0.000000 0 0.7216 0.6092 0.3290 0.9627 0.3586 0.0000 767.751 22.356 321.549
6808 0.000000 0 0.7216 0.6092 0.3290 0.9627 0.3586 0.0000 767.751 22.356 321.549
6809 0.000000 0 0.7215 0.6092 0.3290 0.9627 0.3586 0.0000 767.751 22.356 321.549
6810 0.000000 0 0.7215 0.6092 0.3290 0.9627 0.3586 0.0000 767.751 22.356 321.549
6811 0.000000 0 0.7215 0.6092 0.3290 0.9627 0.3586 0.0000 767.751 22.356 321.549
6812 0.000000 0 0.7215 0.6093 0.3290 0.9627 0.3586 0.0000 767.751 22.356 321.549
6813 0.000000 0 0.7215 0.6093 0.3290 0.9627 0.3586 0.0000 767.751 22.356 321.549
6814 0.000000 0 0.7215 0.6093 0.3290 0.9627 0.3586 0.0000 767.751 22.356 321.549
6815 0.000000 0 0.7215 0.6093 0.3290 0.9627 0.3586 0.0000 767.751 22.356 321.549
6816 0.000000 0 0.7215 0.6093 0.3290 0.9627 0.3586 0.0000 767.751 22.356 321.549
6817 0.000000 0 0.7214 0.6093 0.3290 0.9627 0.3586 0.0000 767.751 22.356 321.549
6818 0.000000 0 0.7214 0.6093 0.3290 0.9627 0.3586 0.0000 767.751 22.356 321.549
6819 0.000000 0 0.7214 0.6094 0.3290 0.9627 0.3586 0.0000 767.751 22.356 321.549
6820 0.000000 0 0.7214 0.6094 0.3290 0.9627 0.3586 0.0000 767.751 22.356 321.549
6821 0.000000 0 0.7214 0.6094 0.3290 0.9627 0.3586 0.0000 767.751 22.356 321.549
6822 0.000000 0 0.7214 0.6094 0.3290 0.9627 0.3586 0.0000 767.751 22.356 321.549
6823 0.000000 0 0.7214 0.6094 0.3290 0.9627 0.3586 0.0000 767.751 22.356 321.549
6824 0.000000 0 0.7213 0.6095 0.3290 0.9627 0.3586 0.0000 767.751 22.356 321.549
6825 0.000000 0 0.7213 0.6095 0.3290 0.9627 0.3586 0.0000 767.751 22.356 321.549
6826 0.000000 0 0.7213 0.6095 0.3290 0.9627 0.3586 0.0000 767.751 22.356 321.549
6827 0.000000 0 0.7213 0.6095 0.3290 0.9627 0.3586 0.0000 767.751 22.356 321.549
6828 0.000000 0 0.7213 0.6096 0.3290 0.9627 0.3586 0.0000 767.751 22.356 321.549
6829 0.000000 0 0.7213 0.6096 0.3289 0.9627 0.3586 0.0000 767.751 22.356 321.549
6830 0.000000 0 0.7212 0.6096 0.3289 0.9627 0.3586 0.0000 767.751 22.356 321.549
6831 0.000000 0 0.7212 0.6096 0.3289 0.9627 0.3586 0.0000 767.751 22.356 321.549
6832 0.000000 0 0.7212 0.6096 0.3289 0.9627 0.3586 0.0000 767.751 22.356 321.549
6833 0.000000 0 0.7212 0.6096 0.3289 0.9627 0.3586 0.0000 767.751 22.356 321.549
6834 0.000000 0 0.7212 0.6096 0.3289 0.9627 0.3586 0.0000 767.751 22.356 321.549
6835 0.000000 0 0.7212 0.6097 0.3289 0.9627 0.3586 0.0000 767.751 22.356 321.549
6836 0.000000 0 0.7212 0.6097 0.3289 0.9627 0.3586 0.0000 767.751 22.356 321.549
6837 0.000000 0 0.7212 0.6097 0.3289 0.9627 0.3586 0.0000 767.751 22.356 321.549
6838 0.000000 0 0.7212 0.6097 0.3289 0.9627 0.3586 0.0000 767.751 22.356 321.549
6839 0.000000 0 0.7211 0.6098 0.3289 0.9627 0.3586 0.0000 767.751 22.356 321.549
6840 0.000000 0 0.7211 0.6098 0.3289 0.9627 0.3586 0.0000 767.751 22.356 321.549
6841 0.000000 0 0.7211 0.6098 0.3289 0.9627 0.3586 0.0000 767.751 22.356 321.549
6842 0.000000 0 0.7211 0.6098 0.3289 0.9627 0.3586 0.0000 767.751 22.356 321.549
6843 0.000000 0 0.7211 0.6098 0.3289 0.9627 0.3586 0.0000 767.751 22.356 321.549
6844 0.000000 0 0.7211 0.6098 0.3289 0.9627 0.3586 0.0000 767.751 22.356 321.549
6845 0.000000 0 0.7210 0.6098 0.3289 0.9627 0.3586 0.0000 767.751 22.356 321.549
6846 0.000000 0 0.7210 0.6099 0.3289 0.9627 0.3586 0.0000 767.751 22.356 321.549
6847 0.000000 0 0.7210 0.6099 0.3289 0.9627 0.3586 0.0000 767.751 22.356 321.549
6848 0.000000 0 0.7210 0.6099 0.3289 0.9627 0.3586 0.0000 767.751 22.356 321.549
6849 0.000000 0 0.7210 0.6099 0.3289 0.9627 0.3586 0.0000 767.751 22.356 321.549
6850 0.000000 0 0.7210 0.6099 0.3289 0.9627 0.3586 0.0000 767.751 22.356 321.549
6851 0.000000 0 0.7210 0.6099 0.3289 0.9627 0.3586 0.0000 767.751 22.356 321.549
6852 0.000000 0 0.7210 0.6099 0.3289 0.9627 0.3586 0.0000 767.751 22.356 321.549
6853 0.000000 0 0.7210 0.6100 0.3289 0.9627 0.3586 0.0000 767.751 22.356 321.549
6854 0.000000 0 0.7209 0.6100 0.3289 0.9627 0.3586 0.0000 767.751 22.356 321.549
6855 0.000000 0 0.7209 0.6100 0.3289 0.9627 0.3586 0.0000 767.751 22.356 321.549
6856 0.000000 0 0.7209 0.6100 0.3289 0.9627 0.3586 0.0000 767.751 22.356 321.549
6857 0.000000 0 0.7209 0.6100 0.3289 0.9627 0.3586 0.0000 767.751 22.356 321.549
6858 0.000000 0 0.7209 0.6100 0.3289 0.9627 0.3586 0.0000 767.751 22.356 321.549
6859 0.000000 0 0.7209 0.6100 0.3289 0.9627 0.3586 0.0000 767.751 22.356 321.549
6860 0.000000 0 0.7209 0.6101 0.3289 0.9627 0.3586 0.0000 767.751 22.356 321.549
6861 0.000000 0 0.7209 0.6101 0.3289 0.9627 0.3586 0.0000 767.751 22.356 321.549
6862 0.000000 0 0.7209 0.6101 0.3289 0.9627 0.3586 0.0000 767.751 22.356 321.549
6863 0.000000 0 0.7208 0.6101 0.3289 0.9627 0.3586 0.0000 767.751 22.356 321.549
6864 0.000000 0 0.7208 0.6101 0.3289 0.9627 0.3586 0.0000 767.751 22.356 321.549
6865 0.000000 0 0.7208 0.6101 0.3289 0.9627 0.3586 0.0000 767.751 22.356 321.549
6866 0.000000 0 0.7208 0.6101 0.3289 0.9627 0.3586 0.0000 767.751 22.356 321.549
6867 0.000000 0 0.7208 0.6102 0.3289 0.9627 0.3586 0.0000 767.751 22.356 321.549
6868 0.000000 0 0.7208 0.6102 0.3289 0.9627 0.3586 0.0000 767.751 22.356 321.549
6869 0.000000 0 0.7208 0.6102 0.3289 0.9627 0.3586 0.0000 767.751 22.356 321.549
6870 0.000000 0 0.7208 0.6102 0.3289 0.9627 0.3586 0.0000 767.751 22.356 321.549
6871 0.000000 0 0.7208 0.6102 0.3289 0.9627 0.3586 0.0000 767.751 22.356 321.549
6872 0.000000 0 0.7207 0.6102 0.3289 0.9627 0.3586 0.0000 767.751 22.356 321.549
6873 0.000000 0 0.7207 0.6102 0.3289 0.9627 0.3586 0.0000 767.751 22.356 321.549
6874 0.000000 0 0.7207 0.6103 0.3289 0.9627 0.3586 0.0000 767.751 22.356 321.549
6875 0.000000 0 0.7207 0.6103 0.3289 0.9627 0.3586 0.0000 767.751 22.356 321.549
6876 0.000000 0 0.7207 0.6103 0.3289 0.9627 0.3586 0.0000 767.751 22.356 321.549
6877 0.000000 0 0.7207 0.6103 0.3289 0.9627 0.3586 0.0000 767.751 22.356 321.549
6878 0.000000 0 0.7207 0.6103 0.3288 0.9627 0.3586 0.0000 767.751 22.356 321.549
6879 0.000000 0 0.7207 0.6103 0.3288 0.9627 0.3586 0.0000 767.751 22.356 321.549
6880 0.000000 0 0.7207 0.6103 0.3288 0.9627 0.3586 0.0000 767.751 22.356 321.549
6881 0.000000 0 0.7207 0.6103 0.3288 0.9627 0.3586 0.0000 767.751 22.356 321.549
6882 0.000000 0 0.7206 0.6104 0.3288 0.9627 0.3586 0.0000 767.751 22.356 321.549
6883 0.000000 0 0.7206 0.6104 0.3288 0.9627 0.3586 0.0000 767.751 22.356 321.549
6884 0.000000 0 0.7206 0.6104 0.3288 0.9627 0.3586 0.0000 767.751 22.356 321.549
6885 0.000000 0 0.7206 0.6104 0.3288 0.9627 0.3586 0.0000 767.751 22.356 321.549
6886 0.000000 0 0.7206 0.6104 0.3288 0.9627 0.3586 0.0000 767.751 22.356 321.549
6887 0.000000 0 0.7206 0.6104 0.3288 0.9627 0.3586 0.0000 767.751 22.356 321.549
6888 0.000000 0 0.7206 0.6104 0.3288 0.9627 0.3586 0.0000 767.751 22.356 321.549
6889 0.000000 0 0.7206 0.6105 0.3288 0.9627 0.3586 0.0000 767.751 22.356 321.549
6890 0.000000 0 0.7206 0.6105 0.3288 0.9627 0.3586 0.0000 767.751 22.356 321.549
6891 0.000000 0 0.7205 0.6105 0.3288 0.9627 0.3586 0.0000 767.751 22.356 321.549
6892 0.000000 0 0.7205 0.6105 0.3288 0.9627 0.3586 0.0000 767.751 22.356 321.549
6893 0.000000 0 0.7205 0.6105 0.3288 0.9627 0.3586 0.0000 767.751 22.356 321.549
6894 0.000000 0 0.7205 0.6105 0.3288 0.9627 0.3586 0.0000 767.751 22.356 321.549
6895 0.000000 0 0.7205 0.6105 0.3288 0.9627 0.3586 0.0000 767.751 22.356 321.549
6896 0.000000 0 0.7205 0.6105 0.3288 0.9627 0.3586 0.0000 767.751 22.356 321.549
6897 0.000000 0 0.7205 0.6106 0.3288 0.9627 0.3586 0.0000 767.751 22.356 321.549
6898 0.000000 0 0.7205 0.6106 0.3288 0.9627 0.3586 0.0000 767.750 22.379 321.550
6899 0.000000 0 0.7205 0.6106 0.3288 0.9627 0.3586 0.0000 767.749 22.414 321.551
6900 0.000000 0 0.7205 0.6106 0.3288 0.9627 0.3586 0.0000 767.748 22.448 321.551
6901 0.000000 0 0.7204 0.6106 0.3288 0.9627 0.3586 0.0000 767.747 22.483 321.552
6902 0.000000 0 0.7204 0.6106 0.3288 0.9627 0.3586 0.0000 767.747 22.516 321.553
6903 0.000000 0 0.7204 0.6106 0.3288 0.9627 0.3586 0.0000 767.746 22.550 321.554
6904 0.000000 0 0.7204 0.6107 0.3288 0.9627 0.3586 0.0000 767.745 22.581 321.555
6905 0.000000 0 0.7204 0.6107 0.3288 0.9627 0.3586 0.0000 767.744 22.612 321.556
6906 0.000000 0 0.7204 0.6107 0.3288 0.9627 0.3586 0.0000 767.744 22.642 321.556
6907 0.000000 0 0.7204 0.6107 0.3288 0.9627 0.3586 0.0000 767.743 22.672 321.557
6908 0.000000 0 0.7204 0.6107 0.3288 0.9627 0.3586 0.0000 767.742 22.702 321.558
6909 0.000000 0 0.7204 0.6107 0.3288 0.9627 0.3586 0.0000 767.741 22.730 321.559
6910 0.000000 0 0.7203 0.6107 0.3288 0.9627 0.3586 0.0000 767.741 22.758 321.559
6911 0.000000 0 0.7203 0.6108 0.3288 0.9627 0.3586 0.0000 767.740 22.786 321.560
6912 0.000000 0 0.7203 0.6108 0.3288 0.9627 0.3586 0.0000 767.739 22.812 321.560
6913 0.000000 0 0.7203 0.6108 0.3288 0.9627 0.3586 0.0000 767.739 22.838 321.561
6914 0.000000 0 0.7203 0.6108 0.3288 0.9627 0.3586 0.0000 767.738 22.863 321.562
6915 0.000000 0 0.7203 0.6108 0.3288 0.9627 0.3586 0.0000 767.737 22.887 321.562
6916 0.000000 0 0.7203 0.6108 0.3288 0.9627 0.3586 0.0000 767.737 22.911 321.563
6917 0.000000 0 0.7203 0.6108 0.3288 0.9627 0.3586 0.0000 767.736 22.935 321.564
6918 0.000000 0 0.7203 0.6108 0.3288 0.9627 0.3586 0.0000 767.736 22.957 321.564
6919 0.000000 0 0.7202 0.6109 0.3288 0.9627 0.3586 0.0000 767.735 22.979 321.565
6920 0.000000 0 0.7202 0.6109 0.3288 0.9627 0.3586 0.0000 767.735 23.000 321.565
6921 0.000000 0 0.7202 0.6109 0.3288 0.9627 0.3586 0.0000 767.734 23.021 321.566
6922 0.000000 0 0.7202 0.6109 0.3288 0.9627 0.3586 0.0000 767.734 23.040 321.566
6923 0.000000 0 0.7202 0.6109 0.3288 0.9627 0.3586 0.0000 767.733 23.059 321.567
6924 0.000000 0 0.7202 0.6109 0.3288 0.9627 0.3586 0.0000 767.733 23.077 321.567
6925 0.000000 0 0.7202 0.6109 0.3288 0.9627 0.3586 0.0000 767.732 23.095 321.568
6926 0.000000 0 0.7202 0.6110 0.3288 0.9627 0.3586 0.0000 767.732 23.112 321.568
6927 0.000000 0 0.7202 0.6110 0.3288 0.9627 0.3586 0.0000 767.731 23.129 321.568
6928 0.000000 0 0.7202 0.6110 0.3288 0.9627 0.3586 0.0000 767.731 23.144 321.569
6929 0.000000 0 0.7201 0.6110 0.3288 0.9627 0.3586 0.0000 767.731 23.159 321.569
6930 0.000000 0 0.7201 0.6110 0.3288 0.9627 0.3586 0.0000 767.730 23.173 321.570
6931 0.000000 0 0.7201 0.6110 0.3288 0.9627 0.3586 0.0000 767.730 23.187 321.570
6932 0.000000 0 0.7201 0.6110 0.3287 0.9627 0.3586 0.0000 767.730 23.200 321.570
6933 0.000000 0 0.7201 0.6110 0.3287 0.9627 0.3586 0.0000 767.729 23.212 321.571
6934 0.000000 0 0.7201 0.6111 0.3287 0.9627 0.3586 0.0000 767.729 23.224 321.571
6935 0.000000 0 0.7201 0.6111 0.3287 0.9627 0.3586 0.0000 767.729 23.235 321.571
6936 0.000000 0 0.7201 0.6111 0.3287 0.9627 0.3586 0.0000 767.729 23.245 321.571
6937 0.000000 0 0.7201 0.6111 0.3287 0.9627 0.3586 0.0000 767.728 23.255 321.572
6938 0.000000 0 0.7200 0.6111 0.3287 0.9627 0.3586 0.0000 767.728 23.264 321.572
6939 0.000000 0 0.7200 0.6111 0.3287 0.9627 0.3586 0.0000 767.728 23.272 321.572
6940 0.000000 0 0.7200 0.6111 0.3287 0.9627 0.3586 0.0000 767.728 23.279 321.572
6941 0.000000 0 0.7200 0.6112 0.3287 0.9627 0.3586 0.0000 767.727 23.286 321.572
6942 0.000000 0 0.7200 0.6112 0.3287 0.9627 0.3586 0.0000 767.727 23.292 321.573
6943 0.000000 0 0.7200 0.6112 0.3287 0.9627 0.3586 0.0000 767.727 23.298 321.573
6944 0.000000 0 0.7200 0.6112 0.3287 0.9627 0.3586 0.0000 767.727 23.303 321.573
6945 0.000000 0 0.7200 0.6112 0.3287 0.9627 0.3586 0.0000 767.727 23.307 321.573
6946 0.000000 0 0.7200 0.6112 0.3287 0.9627 0.3586 0.0000 767.727 23.310 321.573
6947 0.000000 0 0.7200 0.6112 0.3287 0.9627 0.3586 0.0000 767.727 23.313 321.573
6948 0.000000 0 0.7199 0.6113 0.3287 0.9627 0.3586 0.0000 767.727 23.315 321.573
6949 0.000000 0 0.7199 0.6113 0.3287 0.9627 0.3586 0.0000 767.727 23.316 321.573
6950 0.000000 0 0.7199 0.6113 0.3287 0.9627 0.3586 0.0000 767.727 23.317 321.573
6951 0.000000 0 0.7199 0.6113 0.3287 0.9627 0.3586 0.0000 767.727 23.317 321.573
6952 0.000000 0 0.7199 0.6113 0.3287 0.9627 0.3586 0.0000 767.727 23.316 321.573
6953 0.000000 0 0.7199 0.6113 0.3287 0.9627 0.3586 0.0000 767.727 23.315 321.573
6954 0.000000 0 0.7199 0.6113 0.3287 0.9627 0.3586 0.0000 767.727 23.313 321.573
6955 0.000000 0 0.7199 0.6113 0.3287 0.9627 0.3586 0.0000 767.727 23.309 321.573
6956 0.000000 0 0.7199 0.6114 0.3287 0.9627 0.3586 0.0000 767.727 23.306 321.573
6957 0.000000 0 0.7198 0.6114 0.3287 0.9627 0.3586 0.0000 767.727 23.302 321.573
6958 0.000000 0 0.7198 0.6114 0.3287 0.9627 0.3586 0.0000 767.727 23.297 321.573
6959 0.000000 0 0.7198 0.6114 0.3287 0.9627 0.3586 0.0000 767.727 23.291 321.573
6960 0.000000 0 0.7198 0.6114 0.3287 0.9627 0.3586 0.0000 767.727 23.285 321.572
6961 0.000000 0 0.7198 0.6114 0.3287 0.9627 0.3586 0.0000 767.727 23.278 321.572
6962 0.000000 0 0.7198 0.6114 0.3287 0.9627 0.3586 0.0000 767.728 23.270 321.572
6963 0.000000 0 0.7198 0.6115 0.3287 0.9627 0.3586 0.0000 767.728 23.261 321.572
6964 0.000000 0 0.7198 0.6115 0.3287 0.9627 0.3586 0.0000 767.728 23.252 321.572
6965 0.000000 0 0.7198 0.6115 0.3287 0.9627 0.3586 0.0000 767.728 23.243 321.572
6966 0.000000 0 0.7198 0.6115 0.3287 0.9627 0.3586 0.0000 767.729 23.232 321.571
6967 0.000000 0 0.7197 0.6115 0.3287 0.9627 0.3586 0.0000 767.729 23.221 321.571
6968 0.000000 0 0.7197 0.6115 0.3287 0.9627 0.3586 0.0000 767.729 23.209 321.571
6969 0.000000 0 0.7197 0.6115 0.3287 0.9627 0.3586 0.0000 767.729 23.197 321.571
6970 0.000000 0 0.7197 0.6115 0.3287 0.9627 0.3586 0.0000 767.730 23.184 321.570
6971 0.000000 0 0.7197 0.6116 0.3287 0.9627 0.3586 0.0000 767.730 23.170 321.570
6972 0.000000 0 0.7197 0.6116 0.3287 0.9627 0.3586 0.0000 767.731 23.155 321.569
6973 0.000000 0 0.7197 0.6116 0.3287 0.9627 0.3586 0.0000 767.731 23.140 321.569
6974 0.000000 0 0.7197 0.6116 0.3287 0.9627 0.3586 0.0000 767.731 23.124 321.569
6975 0.000000 0 0.7197 0.6116 0.3287 0.9627 0.3586 0.0000 767.732 23.107 321.568
6976 0.000000 0 0.7196 0.6116 0.3287 0.9627 0.3586 0.0000 767.732 23.090 321.568
6977 0.000000 0 0.7196 0.6116 0.3287 0.9627 0.3586 0.0000 767.732 23.072 321.568
6978 0.000000 0 0.7196 0.6117 0.3287 0.9627 0.3586 0.0000 767.733 23.054 321.567
6979 0.000000 0 0.7196 0.6117 0.3287 0.9627 0.3586 0.0000 767.734 23.034 321.566
6980 0.000000 0 0.7196 0.6117 0.3287 0.9627 0.3586 0.0000 767.734 23.015 321.566
6981 0.000000 0 0.7196 0.6117 0.3287 0.9627 0.3586 0.0000 767.734 22.994 321.566
6982 0.000000 0 0.7196 0.6117 0.3287 0.9627 0.3586 0.0000 767.735 22.972 321.565
6983 0.000000 0 0.7196 0.6117 0.3287 0.9627 0.3586 0.0000 767.736 22.950 321.564
6984 0.000000 0 0.7196 0.6117 0.3287 0.9627 0.3586 0.0000 767.736 22.927 321.564
6985 0.000000 0 0.7195 0.6118 0.3287 0.9627 0.3586 0.0000 767.736 22.905 321.564
6986 0.000000 0 0.7195 0.6118 0.3287 0.9627 0.3586 0.0000 767.737 22.880 321.563
6987 0.000000 0 0.7195 0.6118 0.3286 0.9627 0.3586 0.0000 767.738 22.855 321.562
6988 0.000000 0 0.7195 0.6118 0.3286 0.9627 0.3586 0.0000 767.738 22.830 321.561
6989 0.000000 0 0.7195 0.6118 0.3286 0.9627 0.3586 0.0000 767.738 22.805 321.561
6990 0.000000 0 0.7195 0.6118 0.3286 0.9627 0.3586 0.0000 767.739 22.778 321.561
6991 0.000000 0 0.7195 0.6118 0.3286 0.9627 0.3586 0.0000 767.741 22.750 321.559
6992 0.000000 0 0.7195 0.6118 0.3286 0.9627 0.3586 0.0000 767.741 22.617 321.559
6993 0.000000 0 0.7195 0.6119 0.3286 0.9627 0.3586 0.0000 767.741 22.427 321.559
6994 0.000000 0 0.7195 0.6119 0.3286 0.9627 0.3586 0.0000 767.744 22.354 321.556
6995 0.000000 0 0.7194 0.6119 0.3286 0.9627 0.3586 0.0000 767.749 22.351 321.551
6996 0.000000 0 0.7194 0.6119 0.3286 0.9627 0.3586 0.0000 767.751 22.344 321.549
6997 0.000000 0 0.7194 0.6119 0.3286 0.9627 0.3586 0.0000 767.751 22.336 321.549
6998 0.000000 0 0.7194 0.6119 0.3286 0.9627 0.3586 0.0000 767.751 22.327 321.549
6999 0.000000 0 0.7194 0.6119 0.3286 0.9627 0.3586 0.0000 767.751 22.316 321.549
7000 0.000000 0 0.7194 0.6120 0.3286 0.9627 0.3586 0.0000 767.751 22.307 321.549
7001 0.000000 0 0.7194 0.6120 0.3286 0.9627 0.3586 0.0000 767.751 22.297 321.549
7002 0.000000 0 0.7194 0.6120 0.3286 0.9627 0.3586 0.0000 767.751 22.290 321.549
7003 0.000000 0 0.7194 0.6120 0.3286 0.9627 0.3586 0.0000 767.751 22.285 321.549
7004 0.000000 0 0.7193 0.6120 0.3286 0.9627 0.3586 0.0000 767.751 22.282 321.549
7005 0.000000 0 0.7193 0.6120 0.3286 0.9627 0.3586 0.0000 767.751 22.281 321.549
7006 0.000000 0 0.7193 0.6120 0.3286 0.9627 0.3586 0.0000 767.751 22.282 321.549
7007 0.000000 0 0.7193 0.6120 0.3286 0.9627 0.3586 0.0000 767.751 22.282 321.549
7008 0.000000 0 0.7193 0.6121 0.3286 0.9627 0.3586 0.0000 767.751 22.285 321.549
7009 0.000000 0 0.7193 0.6121 0.3286 0.9627 0.3586 0.0000 767.751 22.288 321.549
7010 0.000000 0 0.7193 0.6121 0.3286 0.9627 0.3586 0.0000 767.751 22.292 321.549
7011 0.000000 0 0.7193 0.6121 0.3286 0.9627 0.3586 0.0000 767.751 22.297 321.549
7012 0.000000 0 0.7193 0.6121 0.3286 0.9627 0.3586 0.0000 767.751 22.302 321.549
7013 0.000000 0 0.7192 0.6121 0.3286 0.9627 0.3586 0.0000 767.751 22.307 321.549
7014 0.000000 0 0.7192 0.6121 0.3286 0.9627 0.3586 0.0000 767.751 22.313 321.549
7015 0.000000 0 0.7192 0.6122 0.3286 0.9627 0.3586 0.0000 767.751 22.318 321.549
7016 0.000000 0 0.7192 0.6122 0.3286 0.9627 0.3586 0.0000 767.751 22.324 321.549
7017 0.000000 0 0.7192 0.6122 0.3286 0.9627 0.3586 0.0000 767.751 22.329 321.549
7018 0.000000 0 0.7192 0.6122 0.3286 0.9627 0.3586 0.0000 767.751 22.339 321.549
7019 0.000000 0 0.7192 0.6122 0.3286 0.9627 0.3586 0.0000 767.751 22.339 321.549
7020 0.000000 0 0.7192 0.6122 0.3286 0.9627 0.3586 0.0000 767.751 22.342 321.549
7021 0.000000 0 0.7192 0.6122 0.3286 0.9627 0.3586 0.0000 767.751 22.346 321.549
7022 0.000000 0 0.7192 0.6122 0.3286 0.9627 0.3586 0.0000 767.751 22.348 321.549
7023 0.000000 0 0.7191 0.6123 0.3286 0.9627 0.3586 0.0000 767.751 22.350 321.549
7024 0.000000 0 0.7191 0.6123 0.3286 0.9627 0.3586 0.0000 767.751 22.351 321.549
7025 0.000000 0 0.7191 0.6123 0.3286 0.9627 0.3586 0.0000 767.751 22.352 321.549
7026 0.000000 0 0.7191 0.6123 0.3286 0.9627 0.3586 0.0000 767.751 22.353 321.549
7027 0.000000 0 0.7191 0.6123 0.3286 0.9627 0.3586 0.0000 767.751 22.354 321.549
7028 0.000000 0 0.7191 0.6123 0.3286 0.9627 0.3586 0.0000 767.751 22.354 321.549
7029 0.000000 0 0.7191 0.6123 0.3286 0.9627 0.3586 0.0000 767.751 22.355 321.549
7030 0.000000 0 0.7191 0.6124 0.3286 0.9627 0.3586 0.0000 767.751 22.355 321.549
7031 0.000000 0 0.7191 0.6124 0.3286 0.9627 0.3586 0.0000 767.751 22.356 321.549
7032 0.000000 0 0.7190 0.6124 0.3286 0.9627 0.3586 0.0000 767.751 22.356 321.549
7033 0.000000 0 0.7190 0.6124 0.3286 0.9627 0.3586 0.0000 767.751 22.356 321.549
7034 0.000000 0 0.7190 0.6124 0.3286 0.9627 0.3586 0.0000 767.751 22.356 321.549
7035 0.000000 0 0.7190 0.6124 0.3286 0.9627 0.3586 0.0000 767.751 22.356 321.549
7036 0.000000 0 0.7190 0.6125 0.3286 0.9627 0.3586 0.0000 767.751 22.356 321.549
7037 0.000000 0 0.7190 0.6125 0.3286 0.9627 0.3586 0.0000 767.751 22.356 321.549
7038 0.000000 0 0.7190 0.6125 0.3286 0.9627 0.3586 0.0000 767.751 22.356 321.549
7039 0.000000 0 0.7190 0.6125 0.3286 0.9627 0.3586 0.0000 767.751 22.356 321.549
7040 0.000000 0 0.7190 0.6125 0.3285 0.9627 0.3586 0.0000 767.751 22.356 321.549
7041 0.000000 0 0.7190 0.6125 0.3285 0.9627 0.3586 0.0000 767.751 22.356 321.549
7042 0.000000 0 0.7189 0.6125 0.3285 0.9627 0.3586 0.0000 767.751 22.356 321.549
7043 0.000000 0 0.7189 0.6125 0.3285 0.9627 0.3586 0.0000 767.751 22.356 321.549
7044 0.000000 0 0.7189 0.6125 0.3285 0.9627 0.3586 0.0000 767.751 22.356 321.549
7045 0.000000 0 0.7189 0.6126 0.3285 0.9627 0.3586 0.0000 767.751 22.356 321.549
7046 0.000000 0 0.7189 0.6126 0.3285 0.9627 0.3586 0.0000 767.751 22.356 321.549
7047 0.000000 0 0.7189 0.6126 0.3285 0.9627 0.3586 0.0000 767.751 22.356 321.549
7048 0.000000 0 0.7189 0.6126 0.3285 0.9627 0.3586 0.0000 767.751 22.356 321.549
7049 0.000000 0 0.7189 0.6126 0.3285 0.9627 0.3586 0.0000 767.751 22.356 321.549
7050 0.000000 0 0.7189 0.6126 0.3285 0.9627 0.3586 0.0000 767.751 22.356 321.549
7051 0.000000 0 0.7188 0.6126 0.3285 0.9627 0.3586 0.0000 767.751 22.356 321.549
7052 0.000000 0 0.7188 0.6127 0.3285 0.9627 0.3586 0.0000 767.751 22.356 321.549
7053 0.000000 0 0.7188 0.6127 0.3285 0.9627 0.3586 0.0000 767.751 22.356 321.549
7054 0.000000 0 0.7188 0.6127 0.3285 0.9627 0.3586 0.0000 767.751 22.356 321.549
7055 0.000000 0 0.7188 0.6127 0.3285 0.9627 0.3586 0.0000 767.751 22.356 321.549
7056 0.000000 0 0.7188 0.6127 0.3285 0.9627 0.3586 0.0000 767.751 22.356 321.549
7057 0.000000 0 0.7188 0.6127 0.3285 0.9627 0.3586 0.0000 767.751 22.356 321.549
7058 0.000000 0 0.7188 0.6127 0.3285 0.9627 0.3586 0.0000 767.751 22.356 321.549
7059 0.000000 0 0.7188 0.6127 0.3285 0.9627 0.3586 0.0000 767.751 22.356 321.549
7060 0.000000 0 0.7187 0.6128 0.3285 0.9627 0.3586 0.0000 767.751 22.356 321.549
7061 0.000000 0 0.7187 0.6128 0.3285 0.9627 0.3586 0.0000 767.751 22.356 321.549
7062 0.000000 0 0.7187 0.6128 0.3285 0.9627 0.3586 0.0000 767.751 22.356 321.549
7063 0.000000 0 0.7187 0.6128 0.3285 0.9627 0.3586 0.0000 767.751 22.356 321.549
7064 0.000000 0 0.7187 0.6128 0.3285 0.9627 0.3586 0.0000 767.751 22.356 321.549
7065 0.000000 0 0.7187 0.6128 0.3285 0.9627 0.3586 0.0000 767.751 22.356 321.549
7066 0.000000 0 0.7187 0.6128 0.3285 0.9627 0.3586 0.0000 767.751 22.356 321.549
7067 0.000000 0 0.7187 0.6129 0.3285 0.9627 0.3586 0.0000 767.751 22.356 321.549
7068 0.000000 0 0.7187 0.6129 0.3285 0.9627 0.3586 0.0000 767.751 22.356 321.549
7069 0.000000 0 0.7187 0.6129 0.3285 0.9627 0.3586 0.0000 767.751 22.356 321.549
7070 0.000000 0 0.7186 0.6129 0.3285 0.9627 0.3586 0.0000 767.751 22.356 321.549
7071 0.000000 0 0.7186 0.6129 0.3285 0.9627 0.3586 0.0000 767.751 22.356 321.549
7072 0.000000 0 0.7186 0.6129 0.3285 0.9627 0.3586 0.0000 767.751 22.356 321.549
7073 0.000000 0 0.7186 0.6129 0.3285 0.9627 0.3586 0.0000 767.751 22.356 321.549
7074 0.000000 0 0.7186 0.6130 0.3285 0.9627 0.3586 0.0000 767.751 22.356 321.549
7075 0.000000 0 0.7186 0.6130 0.3285 0.9627 0.3586 0.0000 767.751 22.356 321.549
7076 0.000000 0 0.7186 0.6130 0.3285 0.9627 0.3586 0.0000 767.751 22.356 321.549
7077 0.000000 0 0.7186 0.6130 0.3285 0.9627 0.3586 0.0000 767.751 22.356 321.549
7078 0.000000 0 0.7186 0.6130 0.3285 0.9627 0.3586 0.0000 767.751 22.356 321.549
7079 0.000000 0 0.7185 0.6130 0.3285 0.9627 0.3586 0.0000 767.751 22.356 321.549
7080 0.000000 0 0.7185 0.6130 0.3285 0.9627 0.3586 0.0000 767.751 22.356 321.549
7081 0.000000 0 0.7185 0.6130 0.3285 0.9627 0.3586 0.0000 767.751 22.356 321.549
7082 0.000000 0 0.7185 0.6131 0.3285 0.9627 0.3586 0.0000 767.751 22.356 321.549
7083 0.000000 0 0.7185 0.6131 0.3285 0.9627 0.3586 0.0000 767.751 22.356 321.549
7084 0.000000 0 0.7185 0.6131 0.3285 0.9627 0.3586 0.0000 767.751 22.356 321.549
7085 0.000000 0 0.7185 0.6131 0.3285 0.9627 0.3586 0.0000 767.751 22.356 321.549
7086 0.000000 0 0.7185 0.6131 0.3285 0.9627 0.3586 0.0000 767.751 22.356 321.549
7087 0.000000 0 0.7185 0.6131 0.3285 0.9627 0.3586 0.0000 767.751 22.356 321.549
7088 0.000000 0 0.7185 0.6131 0.3285 0.9627 0.3586 0.0000 767.751 22.356 321.549
7089 0.000000 0 0.7184 0.6132 0.3285 0.9627 0.3586 0.0000 767.751 22.356 321.549
7090 0.000000 0 0.7184 0.6132 0.3285 0.9627 0.3586 0.0000 767.751 22.356 321.549
7091 0.000000 0 0.7184 0.6132 0.3285 0.9627 0.3586 0.0000 767.751 22.356 321.549
7092 0.000000 0 0.7184 0.6132 0.3285 0.9627 0.3586 0.0000 767.751 22.356 321.549
7093 0.000000 0 0.7184 0.6132 0.3285 0.9627 0.3586 0.0000 767.751 22.356 321.549
7094 0.000000 0 0.7184 0.6132 0.3285 0.9627 0.3586 0.0000 767.751 22.356 321.549
7095 0.000000 0 0.7184 0.6132 0.3285 0.9627 0.3586 0.0000 767.751 22.356 321.549
7096 0.000000 0 0.7184 0.6132 0.3284 0.9627 0.3586 0.0000 767.751 22.356 321.549
7097 0.000000 0 0.7184 0.6133 0.3284 0.9627 0.3586 0.0000 767.751 22.356 321.549
7098 0.000000 0 0.7183 0.6133 0.3284 0.9627 0.3586 0.0000 767.751 22.356 321.549
7099 0.000000 0 0.7183 0.6133 0.3284 0.9627 0.3586 0.0000 767.751 22.356 321.549
7100 0.000000 0 0.7183 0.6133 0.3284 0.9627 0.3586 0.0000 767.751 22.356 321.549
7101 0.000000 0 0.7183 0.6133 0.3284 0.9627 0.3586 0.0000 767.751 22.356 321.549
7102 0.000000 0 0.7183 0.6133 0.3284 0.9627 0.3586 0.0000 767.751 22.356 321.549
7103 0.000000 0 0.7183 0.6133 0.3284 0.9627 0.3586 0.0000 767.751 22.356 321.549
7104 0.000000 0 0.7183 0.6134 0.3284 0.9627 0.3586 0.0000 767.751 22.356 321.549
7105 0.000000 0 0.7183 0.6134 0.3284 0.9627 0.3586 0.0000 767.751 22.356 321.549
7106 0.000000 0 0.7183 0.6134 0.3284 0.9627 0.3586 0.0000 767.751 22.356 321.549
7107 0.000000 0 0.7182 0.6134 0.3284 0.9627 0.3586 0.0000 767.751 22.356 321.549
7108 0.000000 0 0.7182 0.6134 0.3284 0.9627 0.3586 0.0000 767.751 22.356 321.549
7109 0.000000 0 0.7182 0.6134 0.3284 0.9627 0.3586 0.0000 767.751 22.356 321.549
7110 0.000000 0 0.7182 0.6134 0.3284 0.9627 0.3586 0.0000 767.751 22.356 321.549
7111 0.000000 0 0.7182 0.6134 0.3284 0.9627 0.3586 0.0000 767.751 22.356 321.549
7112 0.000000 0 0.7182 0.6135 0.3284 0.9627 0.3586 0.0000 767.751 22.356 321.549
7113 0.000000 0 0.7182 0.6135 0.3284 0.9627 0.3586 0.0000 767.751 22.356 321.549
7114 0.000000 0 0.7182 0.6135 0.3284 0.9627 0.3586 0.0000 767.751 22.356 321.549
7115 0.000000 0 0.7182 0.6135 0.3284 0.9627 0.3586 0.0000 767.751 22.356 321.549
7116 0.000000 0 0.7182 0.6135 0.3284 0.9627 0.3586 0.0000 767.751 22.356 321.549
7117 0.000000 0 0.7181 0.6135 0.3284 0.9627 0.3586 0.0000 767.751 22.356 321.549
7118 0.000000 0 0.7181 0.6135 0.3284 0.9627 0.3586 0.0000 767.751 22.356 321.549
7119 0.000000 0 0.7181 0.6136 0.3284 0.9627 0.3586 0.0000 767.751 22.356 321.549
7120 0.000000 0 0.7181 0.6136 0.3284 0.9627 0.3586 0.0000 767.751 22.356 321.549
7121 0.000000 0 0.7181 0.6136 0.3284 0.9627 0.3586 0.0000 767.751 22.356 321.549
7122 0.000000 0 0.7181 0.6136 0.3284 0.9627 0.3586 0.0000 767.751 22.356 321.549
7123 0.000000 0 0.7181 0.6136 0.3284 0.9627 0.3586 0.0000 767.751 22.356 321.549
7124 0.000000 0 0.7181 0.6136 0.3284 0.9627 0.3586 0.0000 767.751 22.356 321.549
7125 0.000000 0 0.7181 0.6136 0.3284 0.9627 0.3586 0.0000 767.751 22.356 321.549
7126 0.000000 0 0.7180 0.6137 0.3284 0.9627 0.3586 0.0000 767.751 22.356 321.549
7127 0.000000 0 0.7180 0.6137 0.3284 0.9627 0.3586 0.0000 767.751 22.356 321.549
7128 0.000000 0 0.7180 0.6137 0.3284 0.9627 0.3586 0.0000 767.751 22.356 321.549
7129 0.000000 0 0.7180 0.6137 0.3284 0.9627 0.3586 0.0000 767.751 22.356 321.549
7130 0.000000 0 0.7180 0.6137 0.3284 0.9627 0.3586 0.0000 767.751 22.356 321.549
7131 0.000000 0 0.7180 0.6137 0.3284 0.9627 0.3586 0.0000 767.751 22.356 321.549
7132 0.000000 0 0.7180 0.6137 0.3284 0.9627 0.3586 0.0000 767.751 22.356 321.549
7133 0.000000 0 0.7180 0.6137 0.3284 0.9627 0.3586 0.0000 767.751 22.356 321.549
7134 0.000000 0 0.7180 0.6138 0.3284 0.9627 0.3586 0.0000 767.751 22.356 321.549
7135 0.000000 0 0.7179 0.6138 0.3284 0.9627 0.3586 0.0000 767.751 22.356 321.549
7136 0.000000 0 0.7179 0.6138 0.3284 0.9627 0.3586 0.0000 767.751 22.356 321.549
7137 0.000000 0 0.7179 0.6138 0.3284 0.9627 0.3586 0.0000 767.751 22.356 321.549
7138 0.000000 0 0.7179 0.6138 0.3284 0.9627 0.3586 0.0000 767.751 22.356 321.549
7139 0.000000 0 0.7179 0.6138 0.3284 0.9627 0.3586 0.0000 767.751 22.356 321.549
7140 0.000000 0 0.7179 0.6138 0.3284 0.9627 0.3586 0.0000 767.751 22.356 321.549
7141 0.000000 0 0.7179 0.6139 0.3284 0.9627 0.3586 0.0000 767.751 22.356 321.549
7142 0.000000 0 0.7179 0.6139 0.3284 0.9627 0.3586 0.0000 767.751 22.356 321.549
7143 0.000000 0 0.7179 0.6139 0.3284 0.9627 0.3586 0.0000 767.751 22.356 321.549
7144 0.000000 0 0.7179 0.6139 0.3284 0.9627 0.3586 0.0000 767.751 22.356 321.549
7145 0.000000 0 0.7178 0.6139 0.3284 0.9627 0.3586 0.0000 767.751 22.356 321.549
7146 0.000000 0 0.7178 0.6139 0.3284 0.9627 0.3586 0.0000 767.751 22.356 321.549
7147 0.000000 0 0.7178 0.6139 0.3284 0.9627 0.3586 0.0000 767.751 22.356 321.549
7148 0.000000 0 0.7178 0.6139 0.3284 0.9627 0.3586 0.0000 767.751 22.356 321.549
7149 0.000000 0 0.7178 0.6140 0.3284 0.9627 0.3586 0.0000 767.751 22.356 321.549
7150 0.000000 0 0.7178 0.6140 0.3283 0.9627 0.3586 0.0000 767.751 22.356 321.549
7151 0.000000 0 0.7178 0.6140 0.3283 0.9627 0.3586 0.0000 767.751 22.356 321.549
7152 0.000000 0 0.7178 0.6140 0.3283 0.9627 0.3586 0.0000 767.751 22.356 321.549
7153 0.000000 0 0.7178 0.6140 0.3283 0.9627 0.3586 0.0000 767.751 22.356 321.549
7154 0.000000 0 0.7177 0.6140 0.3283 0.9627 0.3586 0.0000 767.751 22.356 321.549
7155 0.000000 0 0.7177 0.6140 0.3283 0.9627 0.3586 0.0000 767.751 22.356 321.549
7156 0.000000 0 0.7177 0.6141 0.3283 0.9627 0.3586 0.0000 767.751 22.356 321.549
7157 0.000000 0 0.7177 0.6141 0.3283 0.9627 0.3586 0.0000 767.751 22.356 321.549
7158 0.000000 0 0.7177 0.6141 0.3283 0.9627 0.3586 0.0000 767.751 22.356 321.549
7159 0.000000 0 0.7177 0.6141 0.3283 0.9627 0.3586 0.0000 767.751 22.356 321.549
7160 0.000000 0 0.7177 0.6141 0.3283 0.9627 0.3586 0.0000 767.751 22.356 321.549
7161 0.000000 0 0.7177 0.6141 0.3283 0.9627 0.3586 0.0000 767.751 22.356 321.549
7162 0.000000 0 0.7177 0.6141 0.3283 0.9627 0.3586 0.0000 767.751 22.356 321.549
7163 0.000000 0 0.7177 0.6141 0.3283 0.9627 0.3586 0.0000 767.751 22.356 321.549
7164 0.000000 0 0.7176 0.6142 0.3283 0.9627 0.3586 0.0000 767.751 22.356 321.549
7165 0.000000 0 0.7176 0.6142 0.3283 0.9627 0.3586 0.0000 767.751 22.356 321.549
7166 0.000000 0 0.7176 0.6142 0.3283 0.9627 0.3586 0.0000 767.751 22.356 321.549
7167 0.000000 0 0.7176 0.6142 0.3283 0.9627 0.3586 0.0000 767.751 22.356 321.549
7168 0.000000 0 0.7176 0.6142 0.3283 0.9627 0.3586 0.0000 767.751 22.356 321.549
7169 0.000000 0 0.7176 0.6142 0.3283 0.9627 0.3586 0.0000 767.751 22.356 321.549
7170 0.000000 0 0.7176 0.6142 0.3283 0.9627 0.3586 0.0000 767.751 22.356 321.549
7171 0.000000 0 0.7176 0.6143 0.3283 0.9627 0.3586 0.0000 767.751 22.356 321.549
7172 0.000000 0 0.7176 0.6143 0.3283 0.9627 0.3586 0.0000 767.751 22.356 321.549
7173 0.000000 0 0.7175 0.6143 0.3283 0.9627 0.3586 0.0000 767.751 22.356 321.549
7174 0.000000 0 0.7175 0.6143 0.3283 0.9627 0.3586 0.0000 767.751 22.356 321.549
7175 0.000000 0 0.7175 0.6143 0.3283 0.9627 0.3586 0.0000 767.751 22.356 321.549
7176 0.000000 0 0.7175 0.6143 0.3283 0.9627 0.3586 0.0000 767.751 22.356 321.549
7177 0.000000 0 0.7175 0.6144 0.3283 0.9627 0.3586 0.0000 767.750 22.382 321.550
7178 0.000000 0 0.7175 0.6144 0.3283 0.9627 0.3586 0.0000 767.749 22.443 321.551
7179 0.000000 0 0.7175 0.6144 0.3283 0.9627 0.3586 0.0000 767.748 22.451 321.552
7180 0.000000 0 0.7175 0.6144 0.3283 0.9627 0.3586 0.0000 767.747 22.489 321.553
7181 0.000000 0 0.7174 0.6144 0.3283 0.9627 0.3586 0.0000 767.746 22.552 321.554
7182 0.000000 0 0.7174 0.6144 0.3283 0.9627 0.3586 0.0000 767.744 22.618 321.556
7183 0.000000 0 0.7174 0.6145 0.3283 0.9627 0.3586 0.0000 767.743 22.678 321.557
7184 0.000000 0 0.7174 0.6145 0.3283 0.9627 0.3586 0.0000 767.741 22.736 321.559
7185 0.000000 0 0.7174 0.6145 0.3283 0.9627 0.3586 0.0000 767.741 22.760 321.559
7186 0.000000 0 0.7174 0.6145 0.3283 0.9627 0.3586 0.0000 767.740 22.790 321.560
7187 0.000000 0 0.7173 0.6146 0.3283 0.9627 0.3586 0.0000 767.739 22.841 321.561
7188 0.000000 0 0.7173 0.6146 0.3283 0.9627 0.3586 0.0000 767.737 22.890 321.562
7189 0.000000 0 0.7173 0.6146 0.3283 0.9627 0.3586 0.0000 767.737 22.914 321.563
7190 0.000000 0 0.7172 0.6147 0.3283 0.9627 0.3586 0.0000 767.733 23.065 321.567
7191 0.000000 0 0.7172 0.6147 0.3283 0.9627 0.3586 0.0000 767.733 23.075 321.567
7192 0.000000 0 0.7172 0.6147 0.3282 0.9627 0.3586 0.0000 767.733 23.082 321.567
7193 0.000000 0 0.7172 0.6147 0.3282 0.9627 0.3586 0.0000 767.732 23.114 321.568
7194 0.000000 0 0.7172 0.6147 0.3282 0.9627 0.3586 0.0000 767.731 23.133 321.569
7195 0.000000 0 0.7172 0.6148 0.3282 0.9627 0.3586 0.0000 767.731 23.148 321.569
7196 0.000000 0 0.7172 0.6148 0.3282 0.9627 0.3586 0.0000 767.731 23.160 321.569
7197 0.000000 0 0.7171 0.6148 0.3282 0.9627 0.3586 0.0000 767.730 23.174 321.570
7198 0.000000 0 0.7171 0.6148 0.3282 0.9627 0.3586 0.0000 767.730 23.188 321.570
7199 0.000000 0 0.7171 0.6148 0.3282 0.9627 0.3586 0.0000 767.730 23.202 321.570
7200 0.000000 0 0.7171 0.6148 0.3282 0.9627 0.3586 0.0000 767.729 23.224 321.571
7201 0.000000 0 0.7171 0.6148 0.3282 0.9627 0.3586 0.0000 767.729 23.235 321.571
7202 0.000000 0 0.7171 0.6149 0.3282 0.9627 0.3586 0.0000 767.729 23.246 321.571
7203 0.000000 0 0.7171 0.6149 0.3282 0.9627 0.3586 0.0000 767.728 23.255 321.572
7204 0.000000 0 0.7171 0.6149 0.3282 0.9627 0.3586 0.0000 767.728 23.264 321.572
7205 0.000000 0 0.7171 0.6149 0.3282 0.9627 0.3586 0.0000 767.728 23.272 321.572
7206 0.000000 0 0.7170 0.6149 0.3282 0.9627 0.3586 0.0000 767.728 23.280 321.572
7207 0.000000 0 0.7170 0.6149 0.3282 0.9627 0.3586 0.0000 767.727 23.286 321.572
7208 0.000000 0 0.7170 0.6149 0.3282 0.9627 0.3586 0.0000 767.727 23.292 321.573
7209 0.000000 0 0.7170 0.6150 0.3282 0.9627 0.3586 0.0000 767.727 23.298 321.573
7210 0.000000 0 0.7170 0.6150 0.3282 0.9627 0.3586 0.0000 767.727 23.303 321.573
7211 0.000000 0 0.7170 0.6150 0.3282 0.9627 0.3586 0.0000 767.727 23.307 321.573
7212 0.000000 0 0.7170 0.6150 0.3282 0.9627 0.3586 0.0000 767.727 23.310 321.573
7213 0.000000 0 0.7170 0.6150 0.3282 0.9627 0.3586 0.0000 767.727 23.313 321.573
7214 0.000000 0 0.7170 0.6150 0.3282 0.9627 0.3586 0.0000 767.727 23.315 321.573
7215 0.000000 0 0.7169 0.6150 0.3282 0.9627 0.3586 0.0000 767.727 23.316 321.573
7216 0.000000 0 0.7169 0.6151 0.3282 0.9627 0.3586 0.0000 767.727 23.317 321.573
7217 0.000000 0 0.7169 0.6151 0.3282 0.9627 0.3586 0.0000 767.727 23.317 321.573
7218 0.000000 0 0.7169 0.6151 0.3282 0.9627 0.3586 0.0000 767.727 23.316 321.573
7219 0.000000 0 0.7169 0.6151 0.3282 0.9627 0.3586 0.0000 767.727 23.315 321.573
7220 0.000000 0 0.7169 0.6151 0.3282 0.9627 0.3586 0.0000 767.727 23.313 321.573
7221 0.000000 0 0.7169 0.6151 0.3282 0.9627 0.3586 0.0000 767.727 23.310 321.573
7222 0.000000 0 0.7169 0.6151 0.3282 0.9627 0.3586 0.0000 767.727 23.306 321.573
7223 0.000000 0 0.7169 0.6151 0.3282 0.9627 0.3586 0.0000 767.727 23.302 321.573
7224 0.000000 0 0.7168 0.6152 0.3282 0.9627 0.3586 0.0000 767.727 23.297 321.573
7225 0.000000 0 0.7168 0.6152 0.3282 0.9627 0.3586 0.0000 767.727 23.291 321.573
7226 0.000000 0 0.7168 0.6152 0.3282 0.9627 0.3586 0.0000 767.727 23.284 321.572
7227 0.000000 0 0.7168 0.6152 0.3282 0.9627 0.3586 0.0000 767.727 23.278 321.572
7228 0.000000 0 0.7168 0.6152 0.3282 0.9627 0.3586 0.0000 767.728 23.270 321.572
7229 0.000000 0 0.7168 0.6152 0.3282 0.9627 0.3586 0.0000 767.728 23.261 321.572
7230 0.000000 0 0.7168 0.6152 0.3282 0.9627 0.3586 0.0000 767.728 23.252 321.572
7231 0.000000 0 0.7168 0.6153 0.3282 0.9627 0.3586 0.0000 767.728 23.243 321.572
7232 0.000000 0 0.7168 0.6153 0.3282 0.9627 0.3586 0.0000 767.729 23.232 321.571
7233 0.000000 0 0.7168 0.6153 0.3282 0.9627 0.3586 0.0000 767.729 23.221 321.571
7234 0.000000 0 0.7167 0.6153 0.3282 0.9627 0.3586 0.0000 767.729 23.209 321.571
7235 0.000000 0 0.7167 0.6153 0.3282 0.9627 0.3586 0.0000 767.729 23.197 321.571
7236 0.000000 0 0.7167 0.6153 0.3282 0.9627 0.3586 0.0000 767.730 23.184 321.570
7237 0.000000 0 0.7167 0.6153 0.3282 0.9627 0.3586 0.0000 767.730 23.170 321.570
7238 0.000000 0 0.7167 0.6153 0.3282 0.9627 0.3586 0.0000 767.731 23.155 321.569
7239 0.000000 0 0.7167 0.6154 0.3282 0.9627 0.3586 0.0000 767.731 23.140 321.569
7240 0.000000 0 0.7167 0.6154 0.3282 0.9627 0.3586 0.0000 767.731 23.124 321.569
7241 0.000000 0 0.7167 0.6154 0.3282 0.9627 0.3586 0.0000 767.732 23.108 321.568
7242 0.000000 0 0.7167 0.6154 0.3282 0.9627 0.3586 0.0000 767.732 23.090 321.568
7243 0.000000 0 0.7166 0.6154 0.3282 0.9627 0.3586 0.0000 767.732 23.073 321.568
7244 0.000000 0 0.7166 0.6154 0.3282 0.9627 0.3586 0.0000 767.733 23.054 321.567
7245 0.000000 0 0.7166 0.6154 0.3281 0.9627 0.3586 0.0000 767.734 23.035 321.566
7246 0.000000 0 0.7166 0.6155 0.3281 0.9627 0.3586 0.0000 767.734 23.015 321.566
7247 0.000000 0 0.7166 0.6155 0.3281 0.9627 0.3586 0.0000 767.734 22.994 321.566
7248 0.000000 0 0.7166 0.6155 0.3281 0.9627 0.3586 0.0000 767.735 22.973 321.565
7249 0.000000 0 0.7166 0.6155 0.3281 0.9627 0.3586 0.0000 767.736 22.951 321.564
7250 0.000000 0 0.7166 0.6155 0.3281 0.9627 0.3586 0.0000 767.736 22.928 321.564
7251 0.000000 0 0.7166 0.6155 0.3281 0.9627 0.3586 0.0000 767.736 22.905 321.564
7252 0.000000 0 0.7165 0.6155 0.3281 0.9627 0.3586 0.0000 767.737 22.881 321.563
7253 0.000000 0 0.7165 0.6155 0.3281 0.9627 0.3586 0.0000 767.738 22.856 321.562
7254 0.000000 0 0.7165 0.6156 0.3281 0.9627 0.3586 0.0000 767.738 22.830 321.561
7255 0.000000 0 0.7165 0.6156 0.3281 0.9627 0.3586 0.0000 767.738 22.805 321.561
7256 0.000000 0 0.7165 0.6156 0.3281 0.9627 0.3586 0.0000 767.739 22.778 321.561
7257 0.000000 0 0.7165 0.6156 0.3281 0.9627 0.3586 0.0000 767.741 22.750 321.559
7258 0.000000 0 0.7165 0.6156 0.3281 0.9627 0.3586 0.0000 767.741 22.620 321.559
7259 0.000000 0 0.7165 0.6156 0.3281 0.9627 0.3586 0.0000 767.741 22.428 321.559
7260 0.000000 0 0.7165 0.6156 0.3281 0.9627 0.3586 0.0000 767.744 22.354 321.556
7261 0.000000 0 0.7165 0.6157 0.3281 0.9627 0.3586 0.0000 767.749 22.351 321.551
7262 0.000000 0 0.7164 0.6157 0.3281 0.9627 0.3586 0.0000 767.751 22.344 321.549
7263 0.000000 0 0.7164 0.6157 0.3281 0.9627 0.3586 0.0000 767.751 22.336 321.549
7264 0.000000 0 0.7164 0.6157 0.3281 0.9627 0.3586 0.0000 767.751 22.327 321.549
7265 0.000000 0 0.7164 0.6157 0.3281 0.9627 0.3586 0.0000 767.751 22.317 321.549
7266 0.000000 0 0.7164 0.6157 0.3281 0.9627 0.3586 0.0000 767.751 22.307 321.549
7267 0.000000 0 0.7164 0.6157 0.3281 0.9627 0.3586 0.0000 767.751 22.297 321.549
7268 0.000000 0 0.7164 0.6157 0.3281 0.9627 0.3586 0.0000 767.751 22.290 321.549
7269 0.000000 0 0.7164 0.6158 0.3281 0.9627 0.3586 0.0000 767.751 22.285 321.549
7270 0.000000 0 0.7164 0.6158 0.3281 0.9627 0.3586 0.0000 767.751 22.283 321.549
7271 0.000000 0 0.7163 0.6158 0.3281 0.9627 0.3586 0.0000 767.751 22.281 321.549
7272 0.000000 0 0.7163 0.6158 0.3281 0.9627 0.3586 0.0000 767.751 22.282 321.549
7273 0.000000 0 0.7163 0.6158 0.3281 0.9627 0.3586 0.0000 767.751 22.282 321.549
7274 0.000000 0 0.7163 0.6158 0.3281 0.9627 0.3586 0.0000 767.751 22.285 321.549
7275 0.000000 0 0.7163 0.6158 0.3281 0.9627 0.3586 0.0000 767.751 22.288 321.549
7276 0.000000 0 0.7163 0.6159 0.3281 0.9627 0.3586 0.0000 767.751 22.292 321.549
7277 0.000000 0 0.7163 0.6159 0.3281 0.9627 0.3586 0.0000 767.751 22.296 321.549
7278 0.000000 0 0.7163 0.6159 0.3281 0.9627 0.3586 0.0000 767.751 22.302 321.549
7279 0.000000 0 0.7163 0.6159 0.3281 0.9627 0.3586 0.0000 767.751 22.307 321.549
7280 0.000000 0 0.7162 0.6159 0.3281 0.9627 0.3586 0.0000 767.751 22.313 321.549
