# Daggerfall N per-frame log -- one line per PRESENTED frame.
# No readback, no settle, no cooldown: this instrument cannot
# quiet the thing it is pointed at. Between-frames motion is
# arithmetic on adjacent lines.
# frame dt_ms game_s speed fov_y eye_x eye_y eye_z yaw pitch
0 40.2389 864.040239 0.000000 1.30900013 128.008698 22.549629 127.887939 0.074054 0.000000
1 133.5575 864.173796 0.000000 1.30900085 128.068741 22.489227 127.747330 0.336558 0.000000
2 150.3842 864.324181 1.759148 1.30900156 128.163208 22.370777 127.627144 0.599565 0.000000
3 99.9840 864.424165 1.793306 1.30900145 128.286469 22.333469 127.538605 0.861314 0.000000
4 115.7818 864.539947 1.794177 1.30900145 128.427689 22.341354 127.487885 1.120334 0.000000
5 302.5523 864.842499 1.794038 1.30900145 128.582001 22.356981 127.474976 1.390152 0.000000
6 160.7827 865.003282 1.794317 1.30900145 128.719498 22.361277 127.491425 1.597889 0.000000
7 115.7251 865.119007 1.794317 1.30900145 128.867340 22.374847 127.492935 1.597868 0.000000
8 154.5010 865.273508 1.794317 1.30900145 129.025085 22.389952 127.490593 1.597845 0.000000
9 4.9901 865.278498 1.794317 1.30900145 129.034042 22.390549 127.490372 1.597843 0.000000
10 16.5732 865.295071 1.794317 1.30900145 129.063812 22.392189 127.489601 1.597839 0.000000
11 2.8718 865.297943 1.794317 1.30900145 129.068970 22.392448 127.489464 1.597838 0.000000
12 5.4646 865.303407 1.794317 1.30900145 129.078781 22.392832 127.489197 1.597837 0.000000
13 8.3267 865.311734 1.794317 1.30900145 129.093735 22.393314 127.488777 1.597835 0.000000
14 8.5563 865.320290 1.794317 1.30900145 129.109100 22.393688 127.488342 1.597832 0.000000
15 8.3192 865.328610 1.794317 1.30900145 129.124054 22.393894 127.487915 1.597830 0.000000
16 8.1587 865.336768 1.794317 1.30900145 129.138702 22.393978 127.487480 1.597828 0.000000
17 8.2925 865.345061 1.794317 1.30900145 129.153595 22.393904 127.487053 1.597826 0.000000
18 8.3854 865.353446 1.794317 1.30900145 129.168655 22.393719 127.486610 1.597823 0.000000
19 8.6041 865.362050 1.794317 1.30900145 129.184128 22.393370 127.486168 1.597821 0.000000
20 8.0243 865.370075 1.794317 1.30900145 129.198532 22.392942 127.485764 1.597819 0.000000
21 8.6335 865.378708 1.794317 1.30900145 129.214050 22.392338 127.485329 1.597817 0.000000
22 8.0313 865.386739 1.794317 1.30900145 129.228470 22.391691 127.484940 1.597815 0.000000
23 8.3369 865.395076 1.794317 1.30900145 129.243439 22.390896 127.484543 1.597812 0.000000
24 8.2868 865.403363 1.794317 1.30900145 129.258331 22.390039 127.484161 1.597810 0.000000
25 8.3201 865.411683 1.794317 1.30900145 129.273270 22.389080 127.483810 1.597808 0.000000
26 8.6365 865.420320 1.794317 1.30900145 129.288788 22.388031 127.483459 1.597806 0.000000
27 8.1937 865.428513 1.794317 1.30900145 129.303497 22.386971 127.483154 1.597803 0.000000
28 8.2373 865.436751 1.794317 1.30900145 129.318298 22.385876 127.482864 1.597801 0.000000
29 8.3866 865.445137 1.794317 1.30900145 129.333359 22.384724 127.482590 1.597799 0.000000
30 8.4590 865.453596 1.794317 1.30900145 129.348541 22.383558 127.482346 1.597796 0.000000
31 8.4469 865.462043 1.794317 1.30900145 129.363724 22.382389 127.482140 1.597794 0.000000
32 8.0465 865.470090 1.794317 1.30900145 129.378174 22.381298 127.481972 1.597792 0.000000
33 8.3360 865.478426 1.794317 1.30900145 129.393127 22.380196 127.481827 1.597790 0.000000
34 8.3872 865.486813 1.794317 1.30900145 129.408188 22.379131 127.481720 1.597787 0.000000
35 8.2007 865.495013 1.794317 1.30900145 129.422913 22.378151 127.481644 1.597785 0.000000
36 8.6060 865.503619 1.794317 1.30900145 129.438354 22.377193 127.481613 1.597783 0.000000
37 8.1610 865.511780 1.794317 1.30900145 129.453003 22.376377 127.481613 1.597780 0.000000
38 8.3102 865.520091 1.794317 1.30900145 129.467926 22.375629 127.481667 1.597778 0.000000
39 8.2757 865.528366 1.794317 1.30900145 129.482773 22.375006 127.481758 1.597776 0.000000
40 8.6426 865.537009 1.794317 1.30900145 129.498276 22.374464 127.481888 1.597774 0.000000
41 8.0850 865.545094 1.794317 1.30900145 129.512787 22.374096 127.482071 1.597771 0.000000
42 8.3351 865.553429 1.794317 1.30900145 129.527740 22.373833 127.482285 1.597769 0.000000
43 8.2693 865.561698 1.794317 1.30900145 129.542587 22.373734 127.482544 1.597767 0.000000
44 8.3761 865.570074 1.794317 1.30900145 129.557617 22.373753 127.482857 1.597764 0.000000
45 8.5570 865.578631 1.794317 1.30900145 129.572952 22.373959 127.483231 1.597762 0.000000
46 8.0716 865.586703 1.794317 1.30900145 129.587433 22.374273 127.483612 1.597760 0.000000
47 8.3255 865.595028 1.794317 1.30900145 129.602356 22.374779 127.484070 1.597757 0.000000
48 8.3999 865.603428 1.791572 1.30900145 129.617416 22.375481 127.484558 1.597755 0.000000
49 8.2615 865.611690 1.791572 1.30900145 129.632217 22.376451 127.485107 1.597753 0.000000
50 8.3486 865.620038 1.792474 1.30900145 129.647171 22.377522 127.485687 1.597750 0.000000
51 8.4013 865.628440 1.792474 1.30900145 129.662216 22.378731 127.486343 1.597748 0.000000
52 8.3522 865.636792 1.792474 1.30900145 129.677170 22.380045 127.487022 1.597746 0.000000
53 8.5298 865.645322 1.792474 1.30900145 129.692444 22.381546 127.487762 1.597743 0.000000
54 8.1112 865.653433 1.792474 1.30900145 129.706970 22.383068 127.488510 1.597741 0.000000
55 8.5344 865.661967 1.792474 1.30900145 129.722260 22.384809 127.489349 1.597739 0.000000
56 8.1171 865.670084 1.792474 1.30900145 129.736786 22.386539 127.490189 1.597737 0.000000
57 8.4231 865.678507 1.792474 1.30900145 129.751862 22.388447 127.491104 1.597735 0.000000
58 8.2488 865.686756 1.792474 1.30900145 129.766632 22.390371 127.492035 1.597733 0.000000
59 8.2898 865.695046 1.792474 1.30900145 129.781464 22.392384 127.493011 1.597730 0.000000
60 8.5360 865.703582 1.792474 1.30900145 129.796738 22.394493 127.494057 1.597728 0.000000
61 8.2562 865.711838 1.792474 1.30900145 129.811523 22.396578 127.495110 1.597726 0.000000
62 8.2668 865.720105 1.792474 1.30900145 129.826309 22.398676 127.496193 1.597724 0.000000
63 8.3191 865.728424 1.792474 1.30900145 129.841187 22.400799 127.497330 1.597722 0.000000
64 8.3937 865.736818 1.792474 1.30900145 129.856201 22.402924 127.498505 1.597719 0.000000
65 8.2835 865.745101 1.792474 1.30900145 129.871033 22.404999 127.499695 1.597717 0.000000
66 8.4800 865.753581 1.792474 1.30900145 129.886215 22.407080 127.500931 1.597715 0.000000
67 8.2236 865.761805 1.792474 1.30900145 129.900925 22.409044 127.502182 1.597713 0.000000
68 8.3181 865.770123 1.792474 1.30900145 129.915802 22.410969 127.503464 1.597710 0.000000
69 8.2816 865.778405 1.792474 1.30900145 129.930618 22.412794 127.504761 1.597708 0.000000
70 8.5558 865.786960 1.792474 1.30900145 129.945923 22.414593 127.506111 1.597706 0.000000
71 8.1375 865.795098 1.792474 1.30900145 129.960480 22.416187 127.507431 1.597704 0.000000
72 8.3602 865.803458 1.792474 1.30900145 129.975433 22.417727 127.508797 1.597702 0.000000
73 8.2832 865.811741 1.792474 1.30900145 129.990250 22.419107 127.510170 1.597699 0.000000
74 8.3052 865.820046 1.792474 1.30900145 130.005112 22.420380 127.511559 1.597697 0.000000
75 8.5510 865.828597 1.792474 1.30900145 130.020401 22.421520 127.513000 1.597695 0.000000
76 8.2008 865.836798 1.792474 1.30900145 130.035065 22.422487 127.514389 1.597693 0.000000
77 8.2878 865.845086 1.792474 1.30900145 130.049881 22.423292 127.515800 1.597690 0.000000
78 8.2726 865.853359 1.792474 1.30900145 130.064682 22.423969 127.517220 1.597688 0.000000
79 8.3618 865.861721 1.792474 1.30900145 130.079636 22.424467 127.518646 1.597686 0.000000
80 8.3490 865.870070 1.792474 1.30900145 130.094574 22.424837 127.520073 1.597684 0.000000
81 8.5357 865.878605 1.792474 1.30900145 130.109848 22.425026 127.521538 1.597681 0.000000
82 8.2559 865.886861 1.792474 1.30900145 130.124603 22.425079 127.522942 1.597679 0.000000
83 8.2007 865.895062 1.792474 1.30900145 130.139267 22.424963 127.524338 1.597677 0.000000
84 8.3190 865.903381 1.792474 1.30900145 130.154144 22.424730 127.525726 1.597674 0.000000
85 8.3263 865.911707 1.792474 1.30900145 130.169052 22.424334 127.527130 1.597672 0.000000
86 8.3469 865.920054 1.792474 1.30900145 130.183975 22.423834 127.528496 1.597670 0.000000
87 8.3674 865.928422 1.792474 1.30900145 130.198944 22.423189 127.529869 1.597668 0.000000
88 8.3899 865.936812 1.792474 1.30900145 130.213959 22.422457 127.531227 1.597665 0.000000
89 8.2835 865.945095 1.792474 1.30900145 130.228760 22.421616 127.532532 1.597663 0.000000
90 8.2823 865.953377 1.792474 1.30900145 130.243576 22.420712 127.533829 1.597661 0.000000
91 8.3290 865.961706 1.792474 1.30900145 130.258484 22.419710 127.535095 1.597658 0.000000
92 8.3592 865.970066 1.792474 1.30900145 130.273453 22.418667 127.536354 1.597656 0.000000
93 8.3316 865.978397 1.792474 1.30900145 130.288345 22.417568 127.537575 1.597654 0.000000
94 8.4154 865.986813 1.792474 1.30900145 130.303406 22.416443 127.538788 1.597651 0.000000
95 8.3411 865.995154 1.792474 1.30900145 130.318329 22.415306 127.539940 1.597649 0.000000
96 8.4224 866.003576 1.792474 1.30900145 130.333389 22.414165 127.541069 1.597647 0.000000
97 8.2522 866.011828 1.792474 1.30900145 130.348175 22.413063 127.542152 1.597644 0.000000
98 8.4571 866.020285 1.792474 1.30900145 130.363312 22.411968 127.543228 1.597642 0.000000
99 8.1811 866.028466 1.792474 1.30900145 130.377945 22.410954 127.544212 1.597640 0.000000
100 8.3302 866.036797 1.792474 1.30900145 130.392853 22.409981 127.545197 1.597637 0.000000
101 8.2844 866.045081 1.792474 1.30900145 130.407684 22.409094 127.546120 1.597635 0.000000
102 8.3828 866.053464 1.792474 1.30900145 130.422684 22.408276 127.547012 1.597633 0.000000
103 8.2590 866.061723 1.792474 1.30900145 130.437485 22.407581 127.547852 1.597630 0.000000
104 8.3339 866.070057 1.792474 1.30900145 130.452408 22.406977 127.548660 1.597628 0.000000
105 8.3539 866.078411 1.792474 1.30900145 130.467377 22.406513 127.549416 1.597626 0.000000
106 8.3190 866.086730 1.792474 1.30900145 130.482269 22.406162 127.550133 1.597623 0.000000
107 8.4289 866.095159 1.792474 1.30900145 130.497345 22.405972 127.550812 1.597621 0.000000
108 8.3279 866.103486 1.792474 1.30900145 130.512268 22.405907 127.551437 1.597618 0.000000
109 8.2656 866.111752 1.792474 1.30900145 130.527084 22.406013 127.551987 1.597616 0.000000
110 8.3163 866.120068 1.792474 1.30900145 130.541992 22.406254 127.552521 1.597614 0.000000
111 8.4985 866.128567 1.792474 1.30900145 130.557205 22.406685 127.553001 1.597611 0.000000
112 8.2620 866.136829 1.792474 1.30900145 130.572021 22.407238 127.553436 1.597609 0.000000
113 8.3254 866.145154 1.792474 1.30900145 130.586929 22.407980 127.553810 1.597607 0.000000
114 8.3970 866.153551 1.789742 1.30900145 130.601959 22.408922 127.554153 1.597604 0.000000
115 8.3104 866.161862 1.789742 1.30900145 130.616821 22.410110 127.554428 1.597602 0.000000
116 8.3261 866.170188 1.790630 1.30900145 130.631729 22.411392 127.554680 1.597599 0.000000
117 8.3300 866.178518 1.790630 1.30900145 130.646652 22.412792 127.554863 1.597597 0.000000
118 8.3623 866.186880 1.790630 1.30900145 130.661621 22.414314 127.555008 1.597594 0.000000
119 8.1895 866.195070 1.790630 1.30900145 130.676285 22.415964 127.555099 1.597592 0.000000
120 8.4314 866.203501 1.790630 1.30900145 130.691391 22.417755 127.555161 1.597590 0.000000
121 8.2354 866.211736 1.790630 1.30900145 130.706146 22.419632 127.555161 1.597587 0.000000
122 8.3588 866.220095 1.790630 1.30900145 130.721130 22.421608 127.555130 1.597585 0.000000
123 8.3415 866.228437 1.790630 1.30900145 130.736069 22.423681 127.555054 1.597583 0.000000
124 8.2933 866.236730 1.790630 1.30900145 130.750931 22.425789 127.554932 1.597581 0.000000
125 8.3061 866.245036 1.790630 1.30900145 130.765808 22.427971 127.554779 1.597578 0.000000
126 8.3776 866.253414 1.790630 1.30900145 130.780823 22.430197 127.554588 1.597576 0.000000
127 8.3853 866.261799 1.790630 1.30900145 130.795837 22.432461 127.554352 1.597574 0.000000
128 8.2536 866.270052 1.790630 1.30900145 130.810638 22.434685 127.554092 1.597572 0.000000
129 8.3471 866.278400 1.790630 1.30900145 130.825592 22.436937 127.553787 1.597569 0.000000
130 8.3201 866.286720 1.790630 1.30900145 130.840515 22.439156 127.553467 1.597567 0.000000
131 8.3800 866.295100 1.790630 1.30900145 130.855530 22.441351 127.553101 1.597565 0.000000
132 8.3586 866.303458 1.790630 1.30900145 130.870514 22.443493 127.552711 1.597563 0.000000
133 8.2572 866.311715 1.790630 1.30900145 130.885315 22.445539 127.552307 1.597560 0.000000
134 8.3771 866.320093 1.790630 1.30900145 130.900345 22.447544 127.551872 1.597558 0.000000
135 8.2662 866.328359 1.790630 1.30900145 130.915161 22.449415 127.551407 1.597556 0.000000
136 8.4085 866.336767 1.790630 1.30900145 130.930222 22.451229 127.550926 1.597553 0.000000
137 8.3433 866.345111 1.790630 1.30900145 130.945190 22.452896 127.550430 1.597551 0.000000
138 8.2986 866.353409 1.790630 1.30900145 130.960052 22.454447 127.549911 1.597549 0.000000
139 8.3500 866.361759 1.790630 1.30900145 130.975037 22.455853 127.549385 1.597546 0.000000
140 8.3414 866.370101 1.790630 1.30900145 130.989990 22.457138 127.548843 1.597544 0.000000
141 8.3036 866.378404 1.790630 1.30900145 131.004883 22.458246 127.548294 1.597542 0.000000
142 8.3165 866.386721 1.790630 1.30900145 131.019791 22.459229 127.547745 1.597540 0.000000
143 8.3491 866.395070 1.790630 1.30900145 131.034760 22.460030 127.547180 1.597537 0.000000
144 8.4195 866.403489 1.790630 1.30900145 131.049850 22.460705 127.546616 1.597535 0.000000
145 8.2118 866.411701 1.790630 1.30900145 131.064575 22.461178 127.546066 1.597533 0.000000
146 8.3827 866.420084 1.790630 1.30900145 131.079605 22.461533 127.545502 1.597530 0.000000
147 8.3116 866.428395 1.790630 1.30900145 131.094513 22.461697 127.544952 1.597528 0.000000
148 8.3284 866.436724 1.790630 1.30900145 131.109436 22.461740 127.544403 1.597526 0.000000
149 8.4254 866.445149 1.790630 1.30900145 131.124557 22.461605 127.543869 1.597523 0.000000
150 8.2554 866.453405 1.790630 1.30900145 131.139359 22.461361 127.543343 1.597521 0.000000
151 8.3304 866.461735 1.790630 1.30900145 131.154297 22.460957 127.542831 1.597519 0.000000
152 8.2984 866.470033 1.790630 1.30900145 131.169174 22.460457 127.542343 1.597516 0.000000
153 8.3624 866.478396 1.790630 1.30900145 131.184158 22.459812 127.541855 1.597514 0.000000
154 8.3269 866.486723 1.790630 1.30900145 131.199097 22.459093 127.541405 1.597511 0.000000
155 8.3863 866.495109 1.790630 1.30900145 131.214111 22.458254 127.540970 1.597509 0.000000
156 8.2742 866.503383 1.790630 1.30900145 131.228943 22.457371 127.540558 1.597507 0.000000
157 8.3774 866.511761 1.790630 1.30900145 131.243973 22.456394 127.540176 1.597504 0.000000
158 8.6538 866.520414 1.790630 1.30900145 131.259491 22.455351 127.539810 1.597502 0.000000
159 8.1903 866.528605 1.790630 1.30900145 131.274155 22.454317 127.539482 1.597499 0.000000
160 8.4181 866.537023 1.790630 1.30900145 131.289246 22.453245 127.539192 1.597497 0.000000
161 8.3288 866.545352 1.790630 1.30900145 131.304169 22.452173 127.538933 1.597495 0.000000
162 8.2922 866.553644 1.790630 1.30900145 131.319031 22.451126 127.538704 1.597492 0.000000
163 8.3382 866.561982 1.790630 1.30900145 131.333984 22.450096 127.538513 1.597490 0.000000
164 8.3240 866.570306 1.790630 1.30900145 131.348892 22.449110 127.538361 1.597487 0.000000
165 8.3272 866.578633 1.790630 1.30900145 131.363815 22.448181 127.538261 1.597485 0.000000
166 8.2805 866.586914 1.790630 1.30900145 131.378647 22.447323 127.538185 1.597483 0.000000
167 8.2012 866.595115 1.790630 1.30900145 131.393341 22.446564 127.538170 1.597480 0.000000
168 8.4857 866.603601 1.790630 1.30900145 131.408539 22.445864 127.538177 1.597478 0.000000
169 8.1296 866.611730 1.790630 1.30900145 131.423096 22.445312 127.538239 1.597475 0.000000
170 8.4590 866.620189 1.790630 1.30900145 131.438232 22.444843 127.538338 1.597473 0.000000
171 8.2813 866.628471 1.790630 1.30900145 131.453064 22.444529 127.538498 1.597471 0.000000
172 8.2882 866.636759 1.790630 1.30900145 131.467911 22.444332 127.538681 1.597468 0.000000
173 8.3119 866.645071 1.790630 1.30900145 131.482803 22.444298 127.538925 1.597466 0.000000
174 8.7670 866.653838 1.790630 1.30900145 131.498489 22.444405 127.539230 1.597463 0.000000
175 7.9362 866.661774 1.790630 1.30900145 131.512695 22.444664 127.539551 1.597461 0.000000
176 8.2655 866.670040 1.790630 1.30900145 131.527496 22.445065 127.539925 1.597458 0.000000
177 8.5919 866.678631 1.790630 1.30900145 131.542877 22.445673 127.540375 1.597456 0.000000
178 8.1014 866.686733 1.790630 1.30900145 131.557373 22.446377 127.540848 1.597453 0.000000
179 8.3259 866.695059 1.790630 1.30900145 131.572266 22.447287 127.541382 1.597451 0.000000
180 8.3300 866.703389 1.790630 1.30900145 131.587189 22.448355 127.541954 1.597448 0.000000
181 8.6822 866.712071 1.790630 1.30900145 131.602707 22.449707 127.542603 1.597446 0.000000
182 8.0255 866.720096 1.788800 1.30900145 131.617065 22.451078 127.543243 1.597443 0.000000
183 8.4087 866.728505 1.788800 1.30900145 131.632095 22.452692 127.543976 1.597441 0.000000
184 8.7932 866.737298 1.788800 1.30900145 131.647797 22.454502 127.544785 1.597438 0.000000
185 7.7938 866.745092 1.788800 1.30900145 131.661728 22.456234 127.545540 1.597436 0.000000
186 8.3000 866.753392 1.788800 1.30900145 131.676559 22.458164 127.546387 1.597433 0.000000
187 8.3526 866.761745 1.788800 1.30900145 131.691483 22.460228 127.547287 1.597431 0.000000
188 8.5857 866.770331 1.788800 1.30900145 131.706818 22.462418 127.548248 1.597428 0.000000
189 8.0519 866.778382 1.788800 1.30900145 131.721207 22.464561 127.549202 1.597426 0.000000
190 8.3488 866.786731 1.788800 1.30900145 131.736115 22.466822 127.550217 1.597423 0.000000
191 8.3252 866.795056 1.788800 1.30900145 131.750992 22.469139 127.551285 1.597421 0.000000
192 8.5834 866.803640 1.788800 1.30900145 131.766312 22.471546 127.552406 1.597418 0.000000
193 8.0921 866.811732 1.788800 1.30900145 131.780762 22.473839 127.553505 1.597416 0.000000
194 8.3016 866.820033 1.788800 1.30900145 131.795593 22.476183 127.554657 1.597413 0.000000
195 8.4082 866.828442 1.788800 1.30900145 131.810608 22.478546 127.555878 1.597410 0.000000
196 8.3092 866.836751 1.788800 1.30900145 131.825439 22.480846 127.557091 1.597408 0.000000
197 8.5368 866.845288 1.788800 1.30900145 131.840668 22.483166 127.558380 1.597405 0.000000
198 8.4007 866.853688 1.788800 1.30900145 131.855682 22.485388 127.559669 1.597403 0.000000
199 8.0204 866.861709 1.788800 1.30900145 131.869995 22.487432 127.560928 1.597400 0.000000
200 8.4415 866.870150 1.788800 1.30900145 131.885071 22.489506 127.562271 1.597397 0.000000
201 8.2092 866.878359 1.788800 1.30900145 131.899719 22.491413 127.563614 1.597395 0.000000
202 8.7707 866.887130 1.788800 1.30900145 131.915375 22.493341 127.565048 1.597392 0.000000
203 7.9568 866.895087 1.788800 1.30900145 131.929581 22.494967 127.566376 1.597390 0.000000
204 8.3290 866.903416 1.788800 1.30900145 131.944458 22.496555 127.567764 1.597387 0.000000
205 8.2835 866.911699 1.788800 1.30900145 131.959244 22.497978 127.569168 1.597384 0.000000
206 8.3405 866.920040 1.788800 1.30900145 131.974136 22.499287 127.570587 1.597382 0.000000
207 8.7769 866.928817 1.788800 1.30900145 131.989792 22.500477 127.572098 1.597379 0.000000
208 7.8684 866.936685 1.788800 1.30900145 132.003830 22.501415 127.573448 1.597377 0.000000
209 8.4085 866.945094 1.788800 1.30900145 132.018845 22.502239 127.574890 1.597374 0.000000
210 8.2939 866.953388 1.788800 1.30900145 132.033646 22.502920 127.576324 1.597371 0.000000
211 8.5345 866.961922 1.788800 1.30900145 132.048874 22.503431 127.577805 1.597369 0.000000
212 8.3833 866.970306 1.788800 1.30900145 132.063843 22.503794 127.579247 1.597366 0.000000
213 8.0335 866.978339 1.788800 1.30900145 132.078186 22.503971 127.580612 1.597363 0.000000
214 8.3528 866.986692 1.788800 1.30900145 132.093079 22.504036 127.582031 1.597361 0.000000
215 8.5791 866.995271 1.788800 1.30900145 132.108398 22.503927 127.583496 1.597358 0.000000
216 8.3391 867.003610 1.788800 1.30900145 132.123276 22.503702 127.584885 1.597355 0.000000
217 8.0865 867.011697 1.788800 1.30900145 132.137726 22.503342 127.586227 1.597353 0.000000
218 8.5887 867.020285 1.788800 1.30900145 132.153061 22.502861 127.587639 1.597350 0.000000
219 8.1367 867.028422 1.788800 1.30900145 132.167572 22.502277 127.588943 1.597347 0.000000
220 8.2989 867.036721 1.788800 1.30900145 132.182388 22.501614 127.590271 1.597345 0.000000
221 8.4080 867.045129 1.788800 1.30900145 132.197403 22.500832 127.591568 1.597342 0.000000
222 8.4888 867.053618 1.788800 1.30900145 132.212555 22.499990 127.592873 1.597339 0.000000
223 8.0693 867.061687 1.788800 1.30900145 132.226959 22.499121 127.594070 1.597336 0.000000
224 8.4469 867.070134 1.788800 1.30900145 132.242050 22.498186 127.595314 1.597334 0.000000
225 8.2455 867.078379 1.788800 1.30900145 132.256775 22.497234 127.596481 1.597331 0.000000
226 8.3365 867.086716 1.788800 1.30900145 132.271652 22.496269 127.597633 1.597328 0.000000
227 8.5604 867.095276 1.788800 1.30900145 132.286942 22.495277 127.598785 1.597325 0.000000
228 8.1013 867.103377 1.788800 1.30900145 132.301407 22.494364 127.599838 1.597323 0.000000
229 8.3037 867.111681 1.788800 1.30900145 132.316254 22.493460 127.600876 1.597320 0.000000
230 8.3555 867.120037 1.788800 1.30900145 132.331177 22.492596 127.601883 1.597317 0.000000
231 8.3200 867.128357 1.788800 1.30900145 132.346024 22.491806 127.602844 1.597315 0.000000
232 8.6046 867.136961 1.788800 1.30900145 132.361404 22.491062 127.603806 1.597312 0.000000
233 8.1396 867.145101 1.788800 1.30900145 132.375946 22.490456 127.604660 1.597309 0.000000
234 8.3093 867.153410 1.788800 1.30900145 132.390793 22.489923 127.605499 1.597306 0.000000
235 8.2891 867.161699 1.788800 1.30900145 132.405594 22.489525 127.606293 1.597304 0.000000
236 8.5564 867.170256 1.788800 1.30900145 132.420898 22.489223 127.607056 1.597301 0.000000
237 8.3716 867.178627 1.788800 1.30900145 132.435867 22.489079 127.607758 1.597298 0.000000
238 8.1003 867.186728 1.788800 1.30900145 132.450348 22.489058 127.608406 1.597295 0.000000
239 8.3107 867.195038 1.788800 1.30900145 132.465195 22.489206 127.609009 1.597292 0.000000
240 8.3722 867.203411 1.788800 1.30900145 132.480164 22.489483 127.609581 1.597290 0.000000
241 8.5063 867.211917 1.788800 1.30900145 132.495361 22.489946 127.610092 1.597287 0.000000
242 8.4040 867.220321 1.788800 1.30900145 132.510406 22.490547 127.610580 1.597284 0.000000
243 8.0685 867.228389 1.788800 1.30900145 132.524811 22.491299 127.610962 1.597281 0.000000
244 8.2968 867.236686 1.788800 1.30900145 132.539658 22.492199 127.611343 1.597278 0.000000
245 8.4347 867.245121 1.788800 1.30900145 132.554733 22.493305 127.611671 1.597275 0.000000
246 8.3012 867.253422 1.788800 1.30900145 132.569580 22.494518 127.611954 1.597273 0.000000
247 8.6191 867.262041 1.788800 1.30900145 132.585007 22.495958 127.612183 1.597270 0.000000
248 8.0557 867.270097 1.785153 1.30900145 132.599396 22.497494 127.612366 1.597267 0.000000
249 8.2728 867.278370 1.785153 1.30900145 132.614166 22.499325 127.612495 1.597264 0.000000
250 8.3168 867.286686 1.786054 1.30900145 132.629013 22.501240 127.612595 1.597261 0.000000
251 8.5829 867.295269 1.786054 1.30900145 132.644363 22.503332 127.612625 1.597258 0.000000
252 8.4820 867.303751 1.786054 1.30900145 132.659515 22.505489 127.612640 1.597255 0.000000
253 7.9483 867.311700 1.786054 1.30900145 132.673706 22.507612 127.612595 1.597252 0.000000
254 8.3863 867.320086 1.786054 1.30900145 132.688690 22.509909 127.612511 1.597249 0.000000
255 8.2958 867.328382 1.786054 1.30900145 132.703522 22.512257 127.612389 1.597246 0.000000
256 8.5728 867.336954 1.786054 1.30900145 132.718857 22.514725 127.612228 1.597243 0.000000
257 8.4254 867.345380 1.786054 1.30900145 132.733902 22.517202 127.612015 1.597240 0.000000
258 8.0285 867.353408 1.786054 1.30900145 132.748245 22.519573 127.611794 1.597237 0.000000
259 8.3157 867.361724 1.786054 1.30900145 132.763123 22.522045 127.611519 1.597235 0.000000
260 8.2893 867.370014 1.786054 1.30900145 132.777939 22.524494 127.611206 1.597232 0.000000
261 8.3165 867.378330 1.786054 1.30900145 132.792816 22.526932 127.610886 1.597229 0.000000
262 8.4111 867.386741 1.786054 1.30900145 132.807846 22.529358 127.610519 1.597226 0.000000
263 8.9473 867.395688 1.786054 1.30900145 132.823837 22.531879 127.610100 1.597223 0.000000
264 7.7267 867.403415 1.786054 1.30900145 132.837646 22.533993 127.609711 1.597220 0.000000
265 8.2728 867.411688 1.786054 1.30900145 132.852448 22.536175 127.609268 1.597217 0.000000
266 8.6193 867.420307 1.786054 1.30900145 132.867874 22.538361 127.608795 1.597214 0.000000
267 8.1652 867.428472 1.786054 1.30900145 132.882477 22.540314 127.608322 1.597211 0.000000
268 8.5907 867.437063 1.786054 1.30900145 132.897827 22.542259 127.607803 1.597208 0.000000
269 8.3725 867.445436 1.786054 1.30900145 132.912796 22.544018 127.607285 1.597205 0.000000
270 7.9682 867.453404 1.786054 1.30900145 132.927032 22.545576 127.606781 1.597202 0.000000
271 8.3907 867.461794 1.786054 1.30900145 132.942047 22.547058 127.606247 1.597199 0.000000
272 8.3635 867.470158 1.786054 1.30900145 132.957001 22.548407 127.605690 1.597196 0.000000
273 8.3345 867.478492 1.786054 1.30900145 132.971909 22.549576 127.605133 1.597193 0.000000
274 8.3622 867.486855 1.786054 1.30900145 132.986877 22.550615 127.604584 1.597190 0.000000
275 8.2924 867.495147 1.786054 1.30900145 133.001694 22.551460 127.604019 1.597187 0.000000
276 8.2243 867.503371 1.786054 1.30900145 133.016403 22.552172 127.603470 1.597184 0.000000
277 8.3132 867.511685 1.786054 1.30900145 133.031281 22.552704 127.602921 1.597181 0.000000
278 8.3725 867.520057 1.786054 1.30900145 133.046249 22.553116 127.602364 1.597178 0.000000
279 8.2913 867.528348 1.786054 1.30900145 133.061081 22.553341 127.601822 1.597175 0.000000
280 8.3603 867.536709 1.786054 1.30900145 133.076035 22.553452 127.601288 1.597171 0.000000
281 8.3846 867.545093 1.786054 1.30900145 133.091019 22.553391 127.600754 1.597168 0.000000
282 8.2925 867.553386 1.786054 1.30900145 133.105850 22.553226 127.600243 1.597165 0.000000
283 8.3482 867.561734 1.786054 1.30900145 133.120789 22.552912 127.599754 1.597162 0.000000
284 8.3018 867.570036 1.786054 1.30900145 133.135635 22.552511 127.599274 1.597159 0.000000
285 8.3267 867.578362 1.786054 1.30900145 133.150513 22.551985 127.598816 1.597156 0.000000
286 8.3205 867.586683 1.786054 1.30900145 133.165390 22.551394 127.598389 1.597153 0.000000
287 8.6087 867.595292 1.786054 1.30900145 133.180786 22.550678 127.597961 1.597150 0.000000
288 8.2980 867.603589 1.786054 1.30900145 133.195618 22.549946 127.597588 1.597147 0.000000
289 8.3428 867.611932 1.786054 1.30900145 133.210541 22.549145 127.597237 1.597144 0.000000
290 8.3198 867.620252 1.786054 1.30900145 133.225403 22.548325 127.596916 1.597140 0.000000
291 8.1286 867.628381 1.786054 1.30900145 133.239944 22.547497 127.596634 1.597137 0.000000
292 8.2749 867.636656 1.786054 1.30900145 133.254730 22.546659 127.596367 1.597134 0.000000
293 8.7811 867.645437 1.786054 1.30900145 133.270416 22.545778 127.596146 1.597131 0.000000
294 7.9258 867.653362 1.786054 1.30900145 133.284592 22.545010 127.595963 1.597128 0.000000
295 8.3471 867.661710 1.786054 1.30900145 133.299515 22.544245 127.595818 1.597125 0.000000
296 8.3659 867.670075 1.786054 1.30900145 133.314453 22.543528 127.595711 1.597122 0.000000
297 8.3914 867.678467 1.786054 1.30900145 133.329453 22.542889 127.595642 1.597118 0.000000
298 8.2345 867.686701 1.786054 1.30900145 133.344162 22.542334 127.595619 1.597115 0.000000
299 8.3348 867.695036 1.786054 1.30900145 133.359055 22.541882 127.595634 1.597112 0.000000
300 8.6207 867.703657 1.786054 1.30900145 133.374451 22.541513 127.595703 1.597109 0.000000
301 8.1044 867.711761 1.786054 1.30900145 133.388931 22.541296 127.595795 1.597106 0.000000
302 8.2879 867.720049 1.786054 1.30900145 133.403732 22.541183 127.595955 1.597102 0.000000
303 8.3119 867.728361 1.786054 1.30900145 133.418579 22.541225 127.596146 1.597099 0.000000
304 8.6114 867.736973 1.786041 1.30900145 133.433960 22.541399 127.596397 1.597096 0.000000
305 8.1340 867.745106 1.786041 1.30900145 133.448486 22.541731 127.596680 1.597093 0.000000
306 8.3765 867.753483 1.786041 1.30900145 133.463440 22.542202 127.597015 1.597090 0.000000
307 8.1994 867.761682 1.786041 1.30900145 133.478088 22.542843 127.597397 1.597087 0.000000
308 8.3059 867.769988 1.786041 1.30900145 133.492920 22.543621 127.597816 1.597084 0.000000
309 8.6149 867.778603 1.786041 1.30900145 133.508301 22.544624 127.598312 1.597081 0.000000
310 8.1504 867.786754 1.786041 1.30900145 133.522842 22.545700 127.598831 1.597078 0.000000
311 8.2767 867.795030 1.786041 1.30900145 133.537613 22.546974 127.599396 1.597075 0.000000
312 8.3041 867.803334 1.786041 1.30900145 133.552429 22.548372 127.600014 1.597072 0.000000
313 8.6247 867.811959 1.786041 1.30900145 133.567810 22.550003 127.600708 1.597069 0.000000
314 8.2974 867.820256 1.785139 1.30900145 133.582611 22.551733 127.601410 1.597066 0.000000
315 8.1423 867.828399 1.785139 1.30900145 133.597137 22.553629 127.602165 1.597063 0.000000
316 8.2570 867.836656 1.783309 1.30900145 133.611862 22.555651 127.602966 1.597060 0.000000
317 8.4660 867.845122 1.783309 1.30900145 133.626953 22.557865 127.603836 1.597056 0.000000
318 8.2364 867.853358 1.783309 1.30900145 133.641617 22.560095 127.604706 1.597053 0.000000
319 8.3372 867.861695 1.783309 1.30900145 133.656464 22.562460 127.605652 1.597050 0.000000
320 8.5776 867.870273 1.783309 1.30900145 133.671738 22.564949 127.606659 1.597046 0.000000
321 8.3076 867.878581 1.783309 1.30900145 133.686523 22.567432 127.607681 1.597043 0.000000
322 8.1499 867.886730 1.784197 1.30900145 133.701050 22.569881 127.608704 1.597039 0.000000
323 8.2769 867.895007 1.784197 1.30900145 133.715790 22.572382 127.609787 1.597036 0.000000
324 8.5764 867.903584 1.784197 1.30900145 133.731064 22.574976 127.610931 1.597033 0.000000
325 8.1187 867.911702 1.784197 1.30900145 133.745529 22.577442 127.612061 1.597030 0.000000
326 8.6122 867.920315 1.784197 1.30900145 133.760864 22.580034 127.613281 1.597027 0.000000
327 8.1065 867.928421 1.784197 1.30900145 133.775299 22.582449 127.614471 1.597024 0.000000
328 8.2590 867.936680 1.784197 1.30900145 133.790024 22.584866 127.615700 1.597021 0.000000
329 8.4066 867.945087 1.784197 1.30900145 133.804993 22.587259 127.616989 1.597019 0.000000
330 8.2869 867.953374 1.784197 1.30900145 133.819748 22.589556 127.618271 1.597016 0.000000
331 8.5505 867.961924 1.784197 1.30900145 133.834976 22.591822 127.619629 1.597013 0.000000
332 8.3016 867.970226 1.784197 1.30900145 133.849747 22.593933 127.620964 1.597010 0.000000
333 8.1697 867.978396 1.784197 1.30900145 133.864288 22.595892 127.622292 1.597007 0.000000
334 8.2573 867.986653 1.784197 1.30900145 133.878998 22.597771 127.623657 1.597004 0.000000
335 8.6838 867.995337 1.784197 1.30900145 133.894455 22.599590 127.625092 1.597001 0.000000
336 8.0030 868.003340 1.784197 1.30900145 133.908707 22.601151 127.626434 1.596998 0.000000
337 8.3964 868.011736 1.784197 1.30900145 133.923660 22.602621 127.627869 1.596995 0.000000
338 8.3346 868.020071 1.784184 1.30900145 133.938492 22.603954 127.629280 1.596992 0.000000
339 8.6635 868.028734 1.784184 1.30900145 133.953918 22.605152 127.630760 1.596989 0.000000
340 7.9803 868.036715 1.784184 1.30900145 133.968124 22.606129 127.632126 1.596987 0.000000
341 8.3684 868.045083 1.784184 1.30900145 133.983017 22.606968 127.633545 1.596984 0.000000
342 8.2725 868.053356 1.784184 1.30900145 133.997757 22.607670 127.634964 1.596981 0.000000
343 8.3366 868.061692 1.784184 1.30900145 134.012589 22.608191 127.636383 1.596979 0.000000
344 8.5874 868.070280 1.784184 1.30900145 134.027863 22.608595 127.637833 1.596976 0.000000
345 8.1051 868.078385 1.784184 1.30900145 134.042297 22.608805 127.639206 1.596973 0.000000
346 8.3899 868.086775 1.784184 1.30900145 134.057251 22.608906 127.640610 1.596971 0.000000
347 8.2708 868.095045 1.784184 1.30900145 134.071976 22.608845 127.641975 1.596968 0.000000
348 8.5845 868.103630 1.784184 1.30900145 134.087265 22.608675 127.643387 1.596965 0.000000
349 8.5634 868.112193 1.784184 1.30900145 134.102509 22.608360 127.644775 1.596962 0.000000
350 7.8329 868.120026 1.784184 1.30900145 134.116455 22.607990 127.646027 1.596960 0.000000
351 8.4270 868.128453 1.784184 1.30900145 134.131470 22.607475 127.647346 1.596957 0.000000
352 8.2292 868.136682 1.784184 1.30900145 134.146118 22.606915 127.648613 1.596954 0.000000
353 8.4246 868.145107 1.784184 1.30900145 134.161118 22.606247 127.649887 1.596951 0.000000
354 8.4625 868.153570 1.784184 1.30900145 134.176178 22.605536 127.651138 1.596949 0.000000
355 8.1518 868.161721 1.784184 1.30900145 134.190704 22.604799 127.652313 1.596946 0.000000
356 8.3253 868.170047 1.784184 1.30900145 134.205521 22.604031 127.653488 1.596943 0.000000
357 8.3126 868.178359 1.784184 1.30900145 134.220337 22.603245 127.654633 1.596940 0.000000
358 8.5868 868.186946 1.784184 1.30900145 134.235626 22.602442 127.655762 1.596938 0.000000
359 8.1133 868.195059 1.784184 1.30900145 134.250092 22.601700 127.656807 1.596935 0.000000
360 8.3764 868.203436 1.784184 1.30900145 134.265015 22.600967 127.657852 1.596932 0.000000
361 8.6525 868.212088 1.784184 1.30900145 134.280426 22.600264 127.658875 1.596929 0.000000
362 7.9765 868.220065 1.784184 1.30900145 134.294647 22.599670 127.659790 1.596926 0.000000
363 8.3295 868.228394 1.784184 1.30900145 134.309479 22.599136 127.660698 1.596924 0.000000
364 8.5780 868.236972 1.784184 1.30900145 134.324768 22.598669 127.661598 1.596921 0.000000
365 8.2078 868.245180 1.784184 1.30900145 134.339401 22.598331 127.662415 1.596918 0.000000
366 8.1931 868.253373 1.784184 1.30900145 134.354004 22.598093 127.663177 1.596915 0.000000
367 8.3596 868.261733 1.784184 1.30900145 134.368896 22.597988 127.663910 1.596912 0.000000
368 8.5731 868.270306 1.784184 1.30900145 134.384186 22.598000 127.664627 1.596909 0.000000
369 8.0954 868.278401 1.784184 1.30900145 134.398621 22.598167 127.665268 1.596907 0.000000
370 8.3303 868.286732 1.784184 1.30900145 134.413467 22.598461 127.665871 1.596904 0.000000
371 8.2674 868.294999 1.784184 1.30900145 134.428207 22.598927 127.666405 1.596901 0.000000
372 8.7387 868.303738 1.784184 1.30900145 134.443787 22.599562 127.666931 1.596898 0.000000
373 8.0132 868.311751 1.784184 1.30900145 134.458069 22.600315 127.667374 1.596895 0.000000
374 8.3579 868.320109 1.784184 1.30900145 134.472992 22.601234 127.667786 1.596892 0.000000
375 8.2244 868.328333 1.784184 1.30900145 134.487671 22.602324 127.668137 1.596889 0.000000
376 8.6723 868.337005 1.784184 1.30900145 134.503143 22.603607 127.668472 1.596886 0.000000
377 8.0932 868.345099 1.784184 1.30900145 134.517563 22.604977 127.668732 1.596884 0.000000
378 8.3158 868.353414 1.784184 1.30900145 134.532410 22.606504 127.668953 1.596881 0.000000
379 8.3215 868.361736 1.784184 1.30900145 134.547256 22.608202 127.669113 1.596878 0.000000
380 8.5261 868.370262 1.784184 1.30900145 134.562454 22.610054 127.669250 1.596875 0.000000
381 8.3683 868.378630 1.784184 1.30900145 134.577393 22.612022 127.669334 1.596872 0.000000
382 8.1296 868.386760 1.782354 1.30900145 134.591904 22.614061 127.669380 1.596869 0.000000
383 8.2538 868.395014 1.782354 1.30900145 134.606613 22.616302 127.669373 1.596866 0.000000
384 8.3659 868.403380 1.782354 1.30900145 134.621536 22.618637 127.669319 1.596863 0.000000
385 8.3157 868.411695 1.782354 1.30900145 134.636368 22.621044 127.669235 1.596860 0.000000
386 8.3172 868.420013 1.782354 1.30900145 134.651199 22.623501 127.669098 1.596857 0.000000
387 8.3223 868.428335 1.782354 1.30900145 134.666046 22.626028 127.668930 1.596854 0.000000
388 8.3618 868.436697 1.782354 1.30900145 134.680954 22.628593 127.668732 1.596851 0.000000
389 8.5745 868.445271 1.782354 1.30900145 134.696243 22.631254 127.668472 1.596848 0.000000
390 8.1178 868.453389 1.783269 1.30900145 134.710724 22.633774 127.668198 1.596845 0.000000
391 8.3132 868.461702 1.783269 1.30900145 134.725555 22.636345 127.667892 1.596842 0.000000
392 8.2983 868.470000 1.782354 1.30900145 134.740372 22.638889 127.667557 1.596839 0.000000
393 8.3657 868.478366 1.782354 1.30900145 134.755295 22.641415 127.667175 1.596836 0.000000
394 8.6070 868.486973 1.782354 1.30900145 134.770660 22.643963 127.666771 1.596833 0.000000
395 8.1276 868.495101 1.782354 1.30900145 134.785156 22.646301 127.666359 1.596830 0.000000
396 8.2348 868.503335 1.782354 1.30900145 134.799850 22.648602 127.665916 1.596827 0.000000
397 8.4184 868.511754 1.782354 1.30900145 134.814865 22.650846 127.665443 1.596824 0.000000
398 8.3105 868.520064 1.782354 1.30900145 134.829697 22.652971 127.664955 1.596821 0.000000
399 8.2929 868.528357 1.782354 1.30900145 134.844498 22.654963 127.664444 1.596818 0.000000
400 8.3187 868.536676 1.782354 1.30900145 134.859344 22.656855 127.663933 1.596815 0.000000
401 8.3644 868.545040 1.782354 1.30900145 134.874283 22.658600 127.663391 1.596812 0.000000
402 8.3570 868.553397 1.782354 1.30900145 134.889191 22.660227 127.662842 1.596809 0.000000
403 8.6154 868.562013 1.782354 1.30900145 134.904572 22.661724 127.662270 1.596806 0.000000
404 8.2295 868.570242 1.782354 1.30900145 134.919250 22.663021 127.661713 1.596802 0.000000
405 8.1430 868.578385 1.782354 1.30900145 134.933777 22.664135 127.661163 1.596799 0.000000
406 8.3248 868.586710 1.782354 1.30900145 134.948639 22.665144 127.660591 1.596796 0.000000
407 8.5435 868.595253 1.782354 1.30900145 134.963898 22.665985 127.660004 1.596793 0.000000
408 8.1100 868.603363 1.782354 1.30900145 134.978363 22.666658 127.659454 1.596790 0.000000
409 8.4218 868.611785 1.782354 1.30900145 134.993393 22.667173 127.658890 1.596787 0.000000
410 8.2395 868.620025 1.782354 1.30900145 135.008102 22.667555 127.658340 1.596784 0.000000
411 8.3271 868.628352 1.782354 1.30900145 135.022964 22.667765 127.657799 1.596781 0.000000
412 8.5608 868.636913 1.782354 1.30900145 135.038239 22.667864 127.657257 1.596777 0.000000
413 8.1457 868.645058 1.782354 1.30900145 135.052780 22.667805 127.656746 1.596774 0.000000
414 8.2898 868.653348 1.782354 1.30900145 135.067566 22.667648 127.656242 1.596771 0.000000
415 8.3358 868.661684 1.782354 1.30900145 135.082458 22.667351 127.655746 1.596768 0.000000
416 8.6222 868.670306 1.782354 1.30900145 135.097824 22.666962 127.655273 1.596765 0.000000
417 8.3625 868.678669 1.782354 1.30900145 135.112762 22.666471 127.654831 1.596761 0.000000
418 8.0754 868.686744 1.782354 1.30900145 135.127167 22.665943 127.654419 1.596758 0.000000
419 8.2978 868.695042 1.782354 1.30900145 135.141968 22.665321 127.654037 1.596755 0.000000
420 8.5309 868.703573 1.782354 1.30900145 135.157196 22.664646 127.653664 1.596752 0.000000
421 8.2170 868.711790 1.782354 1.30900145 135.171844 22.663950 127.653336 1.596749 0.000000
422 8.2400 868.720030 1.782354 1.30900145 135.186539 22.663242 127.653030 1.596745 0.000000
423 8.7466 868.728777 1.782354 1.30900145 135.202148 22.662476 127.652748 1.596742 0.000000
424 7.9476 868.736724 1.782354 1.30900145 135.216309 22.661797 127.652527 1.596739 0.000000
425 8.3155 868.745040 1.782354 1.30900145 135.231155 22.661108 127.652328 1.596736 0.000000
426 8.3685 868.753408 1.782341 1.30900145 135.246078 22.660456 127.652168 1.596732 0.000000
427 8.5312 868.761939 1.782341 1.30900145 135.261292 22.659851 127.652039 1.596729 0.000000
428 8.0534 868.769993 1.782341 1.30900145 135.275650 22.659340 127.651947 1.596726 0.000000
429 8.3576 868.778350 1.782341 1.30900145 135.290558 22.658903 127.651917 1.596723 0.000000
430 8.5831 868.786934 1.782341 1.30900145 135.305862 22.658543 127.651901 1.596720 0.000000
431 8.1108 868.795044 1.782341 1.30900145 135.320312 22.658316 127.651947 1.596717 0.000000
432 8.5449 868.803589 1.782341 1.30900145 135.335541 22.658186 127.652039 1.596714 0.000000
433 8.1542 868.811743 1.782341 1.30900145 135.350082 22.658199 127.652176 1.596711 0.000000
434 8.3115 868.820055 1.782341 1.30900145 135.364899 22.658329 127.652344 1.596708 0.000000
435 8.2497 868.828305 1.782341 1.30900145 135.379608 22.658619 127.652573 1.596705 0.000000
436 8.5947 868.836899 1.782341 1.30900145 135.394928 22.659052 127.652847 1.596702 0.000000
437 8.5248 868.845424 1.782341 1.30900145 135.410110 22.659666 127.653175 1.596699 0.000000
438 16.3069 868.861731 1.782341 1.30900145 135.439163 22.661280 127.653931 1.596693 0.000000
439 8.7107 868.870442 1.782341 1.30900145 135.454681 22.662378 127.654419 1.596690 0.000000
440 7.9357 868.878377 1.782341 1.30900145 135.468811 22.663551 127.654907 1.596687 0.000000
441 8.3568 868.886734 1.782341 1.30900145 135.483704 22.664909 127.655457 1.596684 0.000000
442 8.3189 868.895053 1.782341 1.30900145 135.498520 22.666443 127.656067 1.596681 0.000000
443 8.3990 868.903452 1.782341 1.30900145 135.513474 22.668106 127.656715 1.596677 0.000000
444 8.3305 868.911782 1.782341 1.30900145 135.528305 22.669924 127.657417 1.596674 0.000000
445 8.3245 868.920107 1.782341 1.30900145 135.543137 22.671844 127.658157 1.596671 0.000000
446 8.2683 868.928375 1.782341 1.30900145 135.557861 22.673897 127.658943 1.596668 0.000000
447 8.3357 868.936711 1.782341 1.30900145 135.572693 22.676050 127.659767 1.596665 0.000000
448 8.2851 868.944996 1.782341 1.30900145 135.587448 22.678314 127.660645 1.596662 0.000000
449 8.4879 868.953484 1.782341 1.30900145 135.602554 22.680700 127.661575 1.596659 0.000000
450 8.2732 868.961757 1.782341 1.30900145 135.617279 22.683121 127.662521 1.596656 0.000000
451 8.2425 868.970000 1.782341 1.30900145 135.631958 22.685574 127.663506 1.596652 0.000000
452 8.3232 868.978323 1.782341 1.30900145 135.646759 22.688112 127.664543 1.596649 0.000000
453 8.4178 868.986741 1.782341 1.30900145 135.661743 22.690701 127.665627 1.596646 0.000000
454 8.2488 868.994990 1.782341 1.30900145 135.676422 22.693260 127.666718 1.596643 0.000000
455 8.3439 869.003334 1.782341 1.30900145 135.691254 22.695845 127.667862 1.596640 0.000000
456 8.3751 869.011709 1.782341 1.30900145 135.706177 22.698429 127.669044 1.596637 0.000000
457 8.3257 869.020034 1.782341 1.30900145 135.720993 22.700970 127.670250 1.596633 0.000000
458 8.3024 869.028337 1.782341 1.30900145 135.735748 22.703453 127.671471 1.596630 0.000000
459 8.3246 869.036661 1.782341 1.30900145 135.750565 22.705894 127.672729 1.596627 0.000000
460 8.3555 869.045017 1.782341 1.30900145 135.765427 22.708265 127.674011 1.596624 0.000000
461 8.3085 869.053325 1.782341 1.30900145 135.780212 22.710571 127.675308 1.596620 0.000000
462 8.4431 869.061768 1.782341 1.30900145 135.795227 22.712841 127.676651 1.596617 0.000000
463 8.2225 869.069991 1.777791 1.30900145 135.809845 22.715012 127.677986 1.596614 0.000000
464 8.3910 869.078382 1.777791 1.30900145 135.824722 22.717173 127.679367 1.596611 0.000000
465 8.3168 869.086699 1.778706 1.30900145 135.839478 22.719189 127.680748 1.596607 0.000000
466 8.5649 869.095264 1.778706 1.30900145 135.854691 22.721077 127.682190 1.596603 0.000000
467 8.2861 869.103550 1.778693 1.30900145 135.869400 22.722775 127.683586 1.596599 0.000000
468 8.3654 869.111915 1.778693 1.30900145 135.884232 22.724321 127.684998 1.596595 0.000000
469 8.3617 869.120277 1.778693 1.30900145 135.899078 22.725733 127.686432 1.596591 0.000000
470 8.3169 869.128594 1.778693 1.30900145 135.913849 22.726959 127.687851 1.596588 0.000000
471 8.3361 869.136930 1.778693 1.30900145 135.928635 22.728039 127.689270 1.596584 0.000000
472 8.3231 869.145253 1.778693 1.30900145 135.943405 22.728926 127.690681 1.596580 0.000000
473 8.3622 869.153615 1.778693 1.30900145 135.958252 22.729685 127.692101 1.596577 0.000000
474 8.2757 869.161891 1.778693 1.30900145 135.972931 22.730267 127.693512 1.596573 0.000000
475 8.2289 869.170120 1.778693 1.30900145 135.987549 22.730722 127.694885 1.596569 0.000000
476 8.3522 869.178472 1.778693 1.30900145 136.002365 22.731016 127.696289 1.596565 0.000000
477 8.2287 869.186701 1.778693 1.30900145 136.016983 22.731199 127.697655 1.596562 0.000000
478 8.6260 869.195327 1.778693 1.30900145 136.032288 22.731228 127.699059 1.596558 0.000000
479 8.0958 869.203423 1.778693 1.30900145 136.046661 22.731165 127.700363 1.596554 0.000000
480 8.3365 869.211759 1.778693 1.30900145 136.061462 22.730967 127.701691 1.596550 0.000000
481 8.3107 869.220070 1.778693 1.30900145 136.076218 22.730698 127.702988 1.596547 0.000000
482 8.7375 869.228807 1.778693 1.30900145 136.091736 22.730303 127.704346 1.596543 0.000000
483 7.9439 869.236751 1.778693 1.30900145 136.105835 22.729893 127.705551 1.596539 0.000000
484 8.3703 869.245122 1.778693 1.30900145 136.120697 22.729387 127.706787 1.596535 0.000000
485 8.2233 869.253345 1.778693 1.30900145 136.135284 22.728863 127.707970 1.596532 0.000000
486 8.5848 869.261930 1.778693 1.30900145 136.150543 22.728275 127.709183 1.596528 0.000000
487 8.0910 869.270021 1.778693 1.30900145 136.164902 22.727716 127.710281 1.596524 0.000000
488 8.6551 869.278676 1.778693 1.30900145 136.180267 22.727116 127.711441 1.596520 0.000000
489 8.0279 869.286704 1.778693 1.30900145 136.194519 22.726578 127.712479 1.596516 0.000000
490 8.2919 869.294996 1.778693 1.30900145 136.209259 22.726051 127.713501 1.596512 0.000000
491 8.3443 869.303340 1.778680 1.30900145 136.224075 22.725567 127.714508 1.596508 0.000000
492 8.4781 869.311818 1.778680 1.30900145 136.239136 22.725140 127.715469 1.596504 0.000000
493 8.5431 869.320361 1.778680 1.30900145 136.254318 22.724781 127.716415 1.596501 0.000000
494 7.9921 869.328353 1.778680 1.30900145 136.268524 22.724539 127.717239 1.596497 0.000000
495 8.3267 869.336680 1.778680 1.30900145 136.283295 22.724369 127.718063 1.596494 0.000000
496 8.6029 869.345283 1.778680 1.30900145 136.298599 22.724327 127.718872 1.596490 0.000000
497 8.0829 869.353366 1.778680 1.30900145 136.312958 22.724388 127.719597 1.596486 0.000000
498 8.2991 869.361665 1.778680 1.30900145 136.327698 22.724602 127.720291 1.596483 0.000000
499 8.3542 869.370019 1.778680 1.30900145 136.342560 22.724930 127.720947 1.596479 0.000000
500 8.3174 869.378336 1.778680 1.30900145 136.357330 22.725426 127.721542 1.596475 0.000000
501 8.3658 869.386702 1.778680 1.30900145 136.372192 22.726049 127.722107 1.596472 0.000000
502 8.3316 869.395034 1.778680 1.30900145 136.387009 22.726851 127.722595 1.596468 0.000000
503 8.7515 869.403785 1.778680 1.30900145 136.402573 22.727837 127.723083 1.596464 0.000000
504 16.2671 869.420052 1.778680 1.30900145 136.431488 22.730148 127.723839 1.596457 0.000000
505 0.4432 869.420496 1.778680 1.30900145 136.432297 22.730227 127.723862 1.596457 0.000000
506 8.1765 869.428672 1.778680 1.30900145 136.446838 22.731630 127.724174 1.596453 0.000000
507 8.3100 869.436982 1.778680 1.30900145 136.461609 22.733191 127.724449 1.596450 0.000000
508 8.0944 869.445077 1.778680 1.30900145 136.475998 22.734875 127.724655 1.596446 0.000000
509 8.3055 869.453382 1.778680 1.30900145 136.490768 22.736713 127.724838 1.596442 0.000000
510 8.3172 869.461699 1.778680 1.30900145 136.505569 22.738720 127.724960 1.596439 0.000000
511 8.7052 869.470404 1.778680 1.30900145 136.521057 22.740927 127.725060 1.596435 0.000000
512 7.9947 869.478399 1.778680 1.30900145 136.535278 22.743088 127.725098 1.596431 0.000000
513 8.2764 869.486676 1.778680 1.30900145 136.550018 22.745403 127.725098 1.596427 0.000000
514 8.3544 869.495030 1.778680 1.30900145 136.564880 22.747860 127.725052 1.596424 0.000000
515 8.2982 869.503328 1.779595 1.30900145 136.579651 22.750353 127.724976 1.596420 0.000000
516 8.3761 869.511704 1.779595 1.30900145 136.594559 22.752945 127.724846 1.596416 0.000000
517 8.5426 869.520247 1.779595 1.30900145 136.609772 22.755630 127.724678 1.596412 0.000000
518 8.1139 869.528361 1.779595 1.30900145 136.624222 22.758234 127.724480 1.596408 0.000000
519 8.3129 869.536674 1.779595 1.30900145 136.639023 22.760916 127.724243 1.596405 0.000000
520 8.5752 869.545249 1.779595 1.30900145 136.654297 22.763702 127.723969 1.596401 0.000000
521 8.3350 869.553584 1.779595 1.30900145 136.669128 22.766397 127.723656 1.596397 0.000000
522 8.1207 869.561705 1.779595 1.30900145 136.683594 22.769009 127.723328 1.596393 0.000000
523 8.5590 869.570264 1.779595 1.30900145 136.698853 22.771725 127.722946 1.596389 0.000000
524 8.1235 869.578387 1.779595 1.30900145 136.713318 22.774252 127.722565 1.596385 0.000000
525 8.3255 869.586713 1.779595 1.30900145 136.728165 22.776787 127.722145 1.596382 0.000000
526 8.2833 869.594996 1.779595 1.30900145 136.742920 22.779222 127.721710 1.596378 0.000000
527 8.4095 869.603405 1.779595 1.30900145 136.757904 22.781616 127.721237 1.596374 0.000000
528 8.2912 869.611697 1.779595 1.30900145 136.772675 22.783861 127.720749 1.596370 0.000000
529 8.3902 869.620087 1.777791 1.30900145 136.787613 22.786057 127.720253 1.596366 0.000000
530 8.5039 869.628591 1.777791 1.30900145 136.802750 22.788166 127.719719 1.596362 0.000000
531 8.1655 869.636756 1.777791 1.30900145 136.817291 22.790081 127.719208 1.596358 0.000000
532 8.3407 869.645097 1.777791 1.30900145 136.832123 22.791870 127.718658 1.596353 0.000000
533 8.5743 869.653671 1.777791 1.30900145 136.847382 22.793575 127.718102 1.596349 0.000000
534 8.1123 869.661784 1.777791 1.30900145 136.861816 22.795025 127.717560 1.596344 0.000000
535 8.2920 869.670076 1.777791 1.30900145 136.876587 22.796379 127.717010 1.596339 0.000000
536 8.3767 869.678452 1.777791 1.30900145 136.891510 22.797564 127.716446 1.596335 0.000000
537 8.5707 869.687023 1.777791 1.30900145 136.906769 22.798634 127.715866 1.596330 0.000000
538 8.0874 869.695110 1.777791 1.30900145 136.921143 22.799469 127.715324 1.596325 0.000000
539 8.3511 869.703461 1.777791 1.30900145 136.936005 22.800201 127.714767 1.596321 0.000000
540 8.3607 869.711822 1.777791 1.30900145 136.950897 22.800758 127.714211 1.596316 0.000000
541 8.2730 869.720095 1.777791 1.30900145 136.965622 22.801188 127.713669 1.596311 0.000000
542 8.3351 869.728430 1.777791 1.30900145 136.980469 22.801455 127.713150 1.596306 0.000000
543 8.5482 869.736978 1.777791 1.30900145 136.995682 22.801615 127.712616 1.596301 0.000000
544 8.1321 869.745111 1.777791 1.30900145 137.010162 22.801624 127.712128 1.596297 0.000000
545 8.3491 869.753460 1.777791 1.30900145 137.025009 22.801542 127.711639 1.596292 0.000000
546 8.2968 869.761756 1.777791 1.30900145 137.039780 22.801336 127.711197 1.596287 0.000000
547 8.3334 869.770090 1.777791 1.30900145 137.054611 22.801060 127.710747 1.596282 0.000000
548 8.3202 869.778410 1.777791 1.30900145 137.069427 22.800684 127.710335 1.596277 0.000000
549 8.6349 869.787045 1.777791 1.30900145 137.084793 22.800241 127.709930 1.596272 0.000000
550 8.0367 869.795082 1.777791 1.30900145 137.099091 22.799765 127.709579 1.596268 0.000000
551 8.3528 869.803434 1.777791 1.30900145 137.113937 22.799246 127.709244 1.596263 0.000000
552 8.3421 869.811776 1.777791 1.30900145 137.128799 22.798697 127.708939 1.596258 0.000000
553 8.5787 869.820355 1.777791 1.30900145 137.144058 22.798130 127.708664 1.596253 0.000000
554 8.0991 869.828454 1.777791 1.30900145 137.158463 22.797600 127.708435 1.596248 0.000000
555 8.3338 869.836788 1.777791 1.30900145 137.173279 22.797077 127.708221 1.596243 0.000000
556 8.3287 869.845117 1.777791 1.30900145 137.188110 22.796593 127.708069 1.596238 0.000000
557 8.3391 869.853456 1.777778 1.30900145 137.202942 22.796160 127.707939 1.596233 0.000000
558 8.5717 869.862027 1.777778 1.30900145 137.218170 22.795784 127.707855 1.596228 0.000000
559 8.0938 869.870121 1.777778 1.30900145 137.232574 22.795502 127.707794 1.596223 0.000000
560 8.3126 869.878434 1.777778 1.30900145 137.247360 22.795313 127.707809 1.596219 0.000000
561 8.3771 869.886811 1.777778 1.30900145 137.262253 22.795214 127.707832 1.596214 0.000000
562 8.2873 869.895098 1.777778 1.30900145 137.276993 22.795246 127.707932 1.596210 0.000000
563 8.5808 869.903679 1.777778 1.30900145 137.292252 22.795393 127.708054 1.596205 0.000000
564 8.0604 869.911739 1.777778 1.30900145 137.306580 22.795673 127.708221 1.596200 0.000000
565 8.3468 869.920086 1.777778 1.30900145 137.321411 22.796083 127.708443 1.596195 0.000000
566 8.3519 869.928438 1.777778 1.30900145 137.336258 22.796665 127.708710 1.596191 0.000000
567 8.5510 869.936989 1.777778 1.30900145 137.351456 22.797396 127.709030 1.596186 0.000000
568 8.0959 869.945085 1.777778 1.30900145 137.365845 22.798258 127.709389 1.596181 0.000000
569 8.6429 869.953728 1.777778 1.30900145 137.381210 22.799322 127.709808 1.596176 0.000000
570 16.3675 869.970095 1.777778 1.30900145 137.410278 22.801815 127.710739 1.596167 0.000000
571 0.3847 869.970480 1.777778 1.30900145 137.410965 22.801886 127.710777 1.596167 0.000000
572 16.3034 869.986784 1.777778 1.30900145 137.439926 22.804974 127.711891 1.596157 0.000000
573 0.4361 869.987220 1.777778 1.30900145 137.440704 22.805069 127.711929 1.596157 0.000000
574 7.8482 869.995068 1.777778 1.30900145 137.454651 22.806778 127.712540 1.596152 0.000000
575 8.5656 870.003633 1.777778 1.30900145 137.469864 22.808758 127.713242 1.596147 0.000000
576 8.1741 870.011808 1.777778 1.30900145 137.484375 22.810802 127.713959 1.596143 0.000000
577 8.2981 870.020106 1.777778 1.30900145 137.499130 22.812973 127.714737 1.596138 0.000000
578 8.2969 870.028403 1.777778 1.30900145 137.513855 22.815281 127.715561 1.596133 0.000000
579 8.5620 870.036965 1.777778 1.30900145 137.529068 22.817745 127.716461 1.596128 0.000000
580 8.1055 870.045070 1.777778 1.30900145 137.543457 22.820183 127.717339 1.596123 0.000000
581 8.3136 870.053384 1.777778 1.30900145 137.558212 22.822742 127.718285 1.596118 0.000000
582 8.6078 870.061991 1.777778 1.30900145 137.573502 22.825472 127.719307 1.596113 0.000000
583 8.1297 870.070121 1.779608 1.30900145 137.587936 22.828066 127.720299 1.596108 0.000000
584 8.2976 870.078419 1.779608 1.30900145 137.602692 22.830738 127.721375 1.596103 0.000000
585 8.3454 870.086764 1.778693 1.30900145 137.617523 22.833437 127.722473 1.596098 0.000000
586 8.2976 870.095062 1.778693 1.30900145 137.632248 22.836142 127.723602 1.596094 0.000000
587 8.5512 870.103613 1.778693 1.30900145 137.647430 22.838909 127.724792 1.596088 0.000000
588 8.2150 870.111828 1.778693 1.30900145 137.662018 22.841547 127.725983 1.596083 0.000000
589 8.6863 870.120514 1.779608 1.30900145 137.677444 22.844292 127.727257 1.596078 0.000000
590 7.9006 870.128415 1.779608 1.30900145 137.691467 22.846737 127.728439 1.596073 0.000000
591 8.3226 870.136737 1.778693 1.30900145 137.706253 22.849247 127.729721 1.596068 0.000000
592 8.3362 870.145074 1.778693 1.30900145 137.721069 22.851675 127.731026 1.596063 0.000000
593 8.3417 870.153415 1.779608 1.30900145 137.735870 22.854019 127.732346 1.596058 0.000000
594 8.5105 870.161926 1.779608 1.30900145 137.750992 22.856289 127.733719 1.596053 0.000000
595 8.0912 870.170017 1.778693 1.30900145 137.765350 22.858349 127.735046 1.596048 0.000000
596 8.3166 870.178334 1.778693 1.30900145 137.780106 22.860321 127.736420 1.596043 0.000000
597 8.4444 870.186778 1.778693 1.30900145 137.795105 22.862209 127.737823 1.596038 0.000000
598 8.2091 870.194987 1.778693 1.30900145 137.809677 22.863884 127.739212 1.596033 0.000000
599 8.3092 870.203296 1.777791 1.30900145 137.824417 22.865479 127.740616 1.596028 0.000000
600 8.3850 870.211681 1.777791 1.30900145 137.839294 22.866932 127.742035 1.596022 0.000000
601 8.3719 870.220053 1.777791 1.30900145 137.854156 22.868252 127.743462 1.596017 0.000000
602 8.3874 870.228441 1.777791 1.30900145 137.869034 22.869377 127.744896 1.596011 0.000000
603 8.2255 870.236666 1.777791 1.30900145 137.883621 22.870354 127.746300 1.596006 0.000000
604 8.3611 870.245027 1.777791 1.30900145 137.898453 22.871159 127.747726 1.596000 0.000000
605 8.3536 870.253381 1.777791 1.30900145 137.913269 22.871840 127.749130 1.595995 0.000000
606 8.3571 870.261738 1.777791 1.30900145 137.928101 22.872337 127.750549 1.595989 0.000000
607 8.3563 870.270094 1.777791 1.30900145 137.942932 22.872723 127.751945 1.595983 0.000000
608 8.2287 870.278323 1.777791 1.30900145 137.957520 22.872934 127.753311 1.595978 0.000000
609 8.3872 870.286710 1.777791 1.30900145 137.972412 22.873051 127.754684 1.595972 0.000000
610 8.2660 870.294976 1.777791 1.30900145 137.987076 22.873016 127.756027 1.595966 0.000000
611 8.5775 870.303554 1.777791 1.30900145 138.002304 22.872894 127.757416 1.595960 0.000000
612 8.3973 870.311951 1.777791 1.30900145 138.017197 22.872648 127.758743 1.595954 0.000000
613 8.1239 870.320075 1.777791 1.30900145 138.031601 22.872345 127.759995 1.595949 0.000000
614 8.2541 870.328329 1.777791 1.30900145 138.046249 22.871948 127.761261 1.595943 0.000000
615 8.3145 870.336644 1.777791 1.30900145 138.061005 22.871504 127.762489 1.595937 0.000000
616 8.3365 870.344980 1.777791 1.30900145 138.075806 22.870996 127.763702 1.595931 0.000000
617 8.3457 870.353326 1.777791 1.30900145 138.090622 22.870472 127.764893 1.595925 0.000000
618 8.3508 870.361676 1.777791 1.30900145 138.105438 22.869917 127.766052 1.595920 0.000000
619 8.2963 870.369973 1.777791 1.30900145 138.120163 22.869373 127.767174 1.595914 0.000000
620 8.5485 870.378521 1.777791 1.30900145 138.135330 22.868816 127.768280 1.595908 0.000000
621 8.2065 870.386728 1.777791 1.30900145 138.149902 22.868317 127.769310 1.595902 0.000000
622 8.3027 870.395030 1.777791 1.30900145 138.164642 22.867851 127.770309 1.595896 0.000000
623 8.3081 870.403338 1.777791 1.30900145 138.179398 22.867439 127.771286 1.595890 0.000000
624 8.6075 870.411946 1.777791 1.30900145 138.194687 22.867094 127.772240 1.595884 0.000000
625 8.1380 870.420084 1.777791 1.30900145 138.209137 22.866844 127.773117 1.595878 0.000000
626 8.3012 870.428385 1.777791 1.30900145 138.223862 22.866692 127.773956 1.595872 0.000000
627 8.2874 870.436673 1.777791 1.30900145 138.238571 22.866634 127.774750 1.595866 0.000000
628 8.3277 870.445000 1.777791 1.30900145 138.253372 22.866714 127.775497 1.595860 0.000000
629 8.6605 870.453661 1.777791 1.30900145 138.268753 22.866913 127.776245 1.595854 0.000000
630 8.0427 870.461703 1.777791 1.30900145 138.283051 22.867245 127.776886 1.595848 0.000000
631 8.2901 870.469994 1.777791 1.30900145 138.297791 22.867706 127.777512 1.595842 0.000000
632 8.3920 870.478385 1.777791 1.30900145 138.312683 22.868347 127.778084 1.595836 0.000000
633 8.2960 870.486681 1.777791 1.30900145 138.327423 22.869106 127.778610 1.595829 0.000000
634 8.5713 870.495253 1.777791 1.30900145 138.342651 22.870083 127.779099 1.595823 0.000000
635 8.6355 870.503888 1.777778 1.30900145 138.358002 22.871214 127.779541 1.595817 0.000000
636 7.8423 870.511731 1.777778 1.30900145 138.371933 22.872404 127.779907 1.595811 0.000000
637 8.3144 870.520045 1.777778 1.30900145 138.386719 22.873793 127.780243 1.595805 0.000000
638 8.3032 870.528348 1.777778 1.30900145 138.401474 22.875360 127.780525 1.595799 0.000000
639 8.5830 870.536931 1.777778 1.30900145 138.416733 22.877108 127.780762 1.595793 0.000000
640 8.1160 870.545047 1.777778 1.30900145 138.431152 22.878927 127.780952 1.595787 0.000000
641 8.3244 870.553372 1.777778 1.30900145 138.445953 22.880896 127.781097 1.595781 0.000000
642 8.2985 870.561670 1.777778 1.30900145 138.460724 22.883020 127.781197 1.595775 0.000000
643 8.3427 870.570013 1.777778 1.30900145 138.475555 22.885246 127.781265 1.595770 0.000000
644 8.2992 870.578312 1.777778 1.30900145 138.490311 22.887592 127.781273 1.595764 0.000000
645 8.3441 870.586656 1.777778 1.30900145 138.505142 22.890026 127.781250 1.595758 0.000000
646 8.3388 870.594995 1.777778 1.30900145 138.519989 22.892565 127.781174 1.595752 0.000000
647 8.2997 870.603295 1.777778 1.30900145 138.534744 22.895142 127.781067 1.595746 0.000000
648 8.3908 870.611685 1.777778 1.30900145 138.549652 22.897827 127.780914 1.595740 0.000000
649 8.6302 870.620316 1.777778 1.30900145 138.565018 22.900620 127.780731 1.595733 0.000000
650 8.2721 870.628588 1.777778 1.30900145 138.579727 22.903334 127.780495 1.595727 0.000000
651 8.2936 870.636881 1.775961 1.30900145 138.594482 22.906107 127.780243 1.595721 0.000000
652 8.2239 870.645105 1.775961 1.30900145 138.609100 22.908920 127.779953 1.595715 0.000000
653 8.2004 870.653306 1.775948 1.30900145 138.623672 22.911694 127.779640 1.595709 0.000000
654 8.6210 870.661927 1.775948 1.30900145 138.639008 22.914553 127.779266 1.595702 0.000000
655 8.1502 870.670077 1.775948 1.30900145 138.653488 22.917213 127.778885 1.595696 0.000000
656 8.2411 870.678318 1.775948 1.30900145 138.668137 22.919838 127.778488 1.595690 0.000000
657 8.3473 870.686665 1.775948 1.30900145 138.682968 22.922432 127.778046 1.595684 0.000000
658 8.5849 870.695250 1.775948 1.30900145 138.698242 22.924999 127.777588 1.595677 0.000000
659 8.2858 870.703536 1.775948 1.30900145 138.712967 22.927387 127.777107 1.595671 0.000000
660 8.1838 870.711720 1.775948 1.30900145 138.727524 22.929630 127.776619 1.595665 0.000000
661 8.3524 870.720072 1.775948 1.30900145 138.742371 22.931812 127.776108 1.595658 0.000000
662 8.2880 870.728360 1.775948 1.30900145 138.757111 22.933832 127.775581 1.595652 0.000000
663 8.3353 870.736696 1.775948 1.30900145 138.771927 22.935749 127.775047 1.595646 0.000000
664 8.6007 870.745296 1.775948 1.30900145 138.787231 22.937550 127.774490 1.595639 0.000000
665 8.0982 870.753394 1.775948 1.30900145 138.801620 22.939121 127.773949 1.595633 0.000000
666 8.3198 870.761714 1.775948 1.30900145 138.816422 22.940559 127.773376 1.595627 0.000000
667 8.2643 870.769978 1.775948 1.30900145 138.831116 22.941864 127.772827 1.595620 0.000000
668 8.5797 870.778558 1.775948 1.30900145 138.846375 22.943024 127.772240 1.595614 0.000000
669 8.0856 870.786644 1.776863 1.30900145 138.860748 22.943987 127.771698 1.595607 0.000000
670 8.3962 870.795040 1.776863 1.30900145 138.875687 22.944790 127.771133 1.595601 0.000000
671 8.3235 870.803363 1.775948 1.30900145 138.890488 22.945469 127.770584 1.595594 0.000000
672 8.3209 870.811684 1.775948 1.30900145 138.905273 22.945972 127.770035 1.595588 0.000000
673 8.5758 870.820260 1.775934 1.30900145 138.920532 22.946371 127.769485 1.595581 0.000000
674 8.1323 870.828392 1.775934 1.30900145 138.934982 22.946594 127.768974 1.595575 0.000000
675 8.2742 870.836667 1.775934 1.30900145 138.949692 22.946720 127.768463 1.595568 0.000000
676 8.3453 870.845012 1.775934 1.30900145 138.964539 22.946705 127.767975 1.595562 0.000000
677 8.3416 870.853353 1.775934 1.30900145 138.979370 22.946609 127.767494 1.595556 0.000000
678 8.3536 870.861707 1.775934 1.30900145 138.994217 22.946394 127.767044 1.595549 0.000000
679 8.3151 870.870022 1.775934 1.30900145 139.009003 22.946117 127.766602 1.595543 0.000000
680 8.3563 870.878379 1.775934 1.30900145 139.023865 22.945751 127.766205 1.595537 0.000000
681 8.3387 870.886717 1.775934 1.30900145 139.038681 22.945349 127.765823 1.595531 0.000000
682 8.2919 870.895009 1.775934 1.30900145 139.053421 22.944891 127.765488 1.595524 0.000000
683 8.3678 870.903377 1.775934 1.30900145 139.068298 22.944416 127.765167 1.595518 0.000000
684 8.3157 870.911693 1.775934 1.30900145 139.083069 22.943924 127.764877 1.595512 0.000000
685 8.3731 870.920066 1.775934 1.30900145 139.097961 22.943436 127.764626 1.595505 0.000000
686 8.2976 870.928363 1.775934 1.30900145 139.112701 22.942970 127.764404 1.595499 0.000000
687 8.3247 870.936688 1.775934 1.30900145 139.127502 22.942535 127.764229 1.595492 0.000000
688 8.3571 870.945045 1.775934 1.30900145 139.142349 22.942148 127.764091 1.595486 0.000000
689 8.5862 870.953631 1.775934 1.30900145 139.157608 22.941814 127.763977 1.595479 0.000000
690 8.0599 870.961691 1.775934 1.30900145 139.171921 22.941578 127.763924 1.595473 0.000000
691 8.3407 870.970032 1.775934 1.30900145 139.186737 22.941412 127.763901 1.595466 0.000000
692 8.4183 870.978450 1.775934 1.30900145 139.201691 22.941359 127.763916 1.595460 0.000000
693 8.4733 870.986924 1.775934 1.30900145 139.216736 22.941408 127.763992 1.595453 0.000000
694 8.1196 870.995043 1.775934 1.30900145 139.231155 22.941587 127.764107 1.595447 0.000000
695 8.2842 871.003327 1.775934 1.30900145 139.245880 22.941877 127.764259 1.595440 0.000000
696 8.5925 871.011920 1.775934 1.30900145 139.261124 22.942347 127.764465 1.595433 0.000000
697 8.2451 871.020165 1.775934 1.30900145 139.275772 22.942923 127.764717 1.595427 0.000000
698 8.2357 871.028401 1.775934 1.30900145 139.290390 22.943666 127.765015 1.595420 0.000000
699 8.2865 871.036687 1.775934 1.30900145 139.305099 22.944538 127.765343 1.595414 0.000000
700 8.3249 871.045012 1.775934 1.30900145 139.319885 22.945602 127.765739 1.595407 0.000000
701 8.3575 871.053370 1.775934 1.30900145 139.334717 22.946796 127.766182 1.595400 0.000000
702 8.3304 871.061700 1.775934 1.30900145 139.349503 22.948175 127.766663 1.595393 0.000000
703 8.7104 871.070410 1.775934 1.30900145 139.364960 22.949755 127.767227 1.595386 0.000000
704 7.9637 871.078374 1.775934 1.30900145 139.379105 22.951366 127.767776 1.595380 0.000000
705 8.3290 871.086703 1.775934 1.30900145 139.393890 22.953167 127.768402 1.595373 0.000000
706 8.3525 871.095056 1.775934 1.30900145 139.408707 22.955147 127.769089 1.595366 0.000000
707 8.2877 871.103343 1.775934 1.30900145 139.423401 22.957212 127.769791 1.595359 0.000000
708 8.4006 871.111744 1.775934 1.30900145 139.438309 22.959463 127.770569 1.595352 0.000000
709 8.3786 871.120122 1.775934 1.30900145 139.453186 22.961798 127.771378 1.595345 0.000000
710 8.2206 871.128343 1.775934 1.30900145 139.467758 22.964214 127.772217 1.595338 0.000000
711 8.3775 871.136720 1.775921 1.30900145 139.482620 22.966747 127.773102 1.595331 0.000000
712 8.2962 871.145017 1.775921 1.30900145 139.497345 22.969357 127.774033 1.595325 0.000000
713 8.4025 871.153419 1.775921 1.30900145 139.512253 22.972048 127.775009 1.595318 0.000000
714 8.2561 871.161675 1.775921 1.30900145 139.526886 22.974762 127.776016 1.595311 0.000000
715 8.3287 871.170004 1.775921 1.30900145 139.541656 22.977524 127.777054 1.595304 0.000000
716 8.3796 871.178384 1.775921 1.30900145 139.556519 22.980337 127.778137 1.595298 0.000000
717 8.2843 871.186668 1.775921 1.30900145 139.571198 22.983120 127.779243 1.595291 0.000000
718 8.3550 871.195023 1.775921 1.30900145 139.586014 22.985926 127.780411 1.595284 0.000000
719 8.3092 871.203332 1.775019 1.30900145 139.600739 22.988724 127.781578 1.595278 0.000000
720 8.4153 871.211747 1.775019 1.30900145 139.615662 22.991568 127.782822 1.595271 0.000000
721 8.5182 871.220266 1.775006 1.30900145 139.630753 22.994381 127.784088 1.595264 0.000000
722 8.1185 871.228384 1.775006 1.30900145 139.645126 22.996975 127.785309 1.595257 0.000000
723 8.3346 871.236719 1.775006 1.30900145 139.659897 22.999569 127.786606 1.595250 0.000000
724 8.2930 871.245012 1.775006 1.30900145 139.674591 23.002047 127.787903 1.595243 0.000000
725 8.4458 871.253457 1.775006 1.30900145 139.689545 23.004482 127.789246 1.595236 0.000000
726 8.4606 871.261918 1.775006 1.30900145 139.704529 23.006788 127.790604 1.595229 0.000000
727 8.2148 871.270133 1.775006 1.30900145 139.719086 23.008921 127.791946 1.595222 0.000000
728 8.2580 871.278391 1.775006 1.30900145 139.733719 23.010918 127.793312 1.595215 0.000000
729 8.3403 871.286731 1.775006 1.30900145 139.748505 23.012819 127.794701 1.595208 0.000000
730 8.2925 871.295024 1.775006 1.30900145 139.763184 23.014536 127.796089 1.595201 0.000000
731 8.5607 871.303584 1.775006 1.30900145 139.778366 23.016178 127.797539 1.595194 0.000000
732 8.3692 871.311953 1.775006 1.30900145 139.793182 23.017607 127.798950 1.595187 0.000000
733 8.0882 871.320042 1.775006 1.30900145 139.807510 23.018856 127.800308 1.595180 0.000000
734 8.2930 871.328335 1.775006 1.30900145 139.822189 23.019957 127.801712 1.595173 0.000000
735 8.3149 871.336650 1.775006 1.30900145 139.836914 23.020935 127.803108 1.595166 0.000000
736 8.6252 871.345275 1.775006 1.30900145 139.852203 23.021757 127.804565 1.595158 0.000000
737 8.0971 871.353372 1.775006 1.30900145 139.866547 23.022408 127.805923 1.595152 0.000000
738 8.2998 871.361672 1.775006 1.30900145 139.881241 23.022903 127.807297 1.595144 0.000000
739 8.3532 871.370025 1.774993 1.30900145 139.896042 23.023289 127.808678 1.595137 0.000000
740 8.3917 871.378417 1.774993 1.30900145 139.910904 23.023499 127.810043 1.595130 0.000000
741 8.5390 871.386955 1.774993 1.30900145 139.926025 23.023613 127.811417 1.595122 0.000000
742 16.3829 871.403338 1.774993 1.30900145 139.955063 23.023499 127.814011 1.595109 0.000000
743 0.4163 871.403755 1.774993 1.30900145 139.955795 23.023487 127.814064 1.595109 0.000000
744 7.9362 871.411691 1.774993 1.30900145 139.969864 23.023289 127.815277 1.595102 0.000000
745 8.3741 871.420065 1.774993 1.30900145 139.984711 23.023022 127.816551 1.595095 0.000000
746 8.2864 871.428351 1.774993 1.30900145 139.999390 23.022673 127.817780 1.595088 0.000000
747 8.3466 871.436698 1.774993 1.30900145 140.014175 23.022289 127.818985 1.595081 0.000000
748 8.5648 871.445263 1.774993 1.30900145 140.029358 23.021841 127.820190 1.595074 0.000000
749 8.1741 871.453437 1.774993 1.30900145 140.043839 23.021406 127.821320 1.595067 0.000000
750 8.4495 871.461886 1.774993 1.30900145 140.058807 23.020939 127.822449 1.595060 0.000000
751 8.1403 871.470027 1.774993 1.30900145 140.073227 23.020504 127.823502 1.595053 0.000000
752 8.3613 871.478388 1.774993 1.30900145 140.088043 23.020081 127.824539 1.595046 0.000000
753 8.3325 871.486720 1.774993 1.30900145 140.102814 23.019695 127.825546 1.595039 0.000000
754 8.2788 871.494999 1.774993 1.30900145 140.117508 23.019367 127.826508 1.595032 0.000000
755 8.5954 871.503595 1.774993 1.30900145 140.132751 23.019091 127.827469 1.595024 0.000000
756 8.1140 871.511709 1.774993 1.30900145 140.147125 23.018917 127.828323 1.595017 0.000000
757 8.3092 871.520018 1.774993 1.30900145 140.161865 23.018820 127.829163 1.595010 0.000000
758 8.5728 871.528591 1.774993 1.30900145 140.177063 23.018841 127.829979 1.595003 0.000000
759 8.0947 871.536685 1.774993 1.30900145 140.191406 23.018957 127.830719 1.594996 0.000000
760 8.5885 871.545274 1.774993 1.30900145 140.206650 23.019228 127.831451 1.594988 0.000000
761 8.0621 871.553336 1.774993 1.30900145 140.220947 23.019592 127.832092 1.594981 0.000000
762 8.3533 871.561689 1.774993 1.30900145 140.235779 23.020132 127.832710 1.594974 0.000000
763 8.2928 871.569982 1.774993 1.30900145 140.250473 23.020788 127.833282 1.594966 0.000000
764 8.7619 871.578744 1.774993 1.30900145 140.266022 23.021669 127.833832 1.594959 0.000000
765 16.2547 871.594999 1.774993 1.30900145 140.294861 23.023745 127.834717 1.594944 0.000000
766 0.4453 871.595444 1.774993 1.30900145 140.295639 23.023808 127.834732 1.594944 0.000000
767 16.2542 871.611698 1.774993 1.30900145 140.324493 23.026495 127.835434 1.594929 0.000000
768 0.4245 871.612123 1.774993 1.30900145 140.325241 23.026569 127.835449 1.594929 0.000000
769 16.2553 871.628378 1.774993 1.30900145 140.354095 23.029858 127.835968 1.594914 0.000000
770 0.4218 871.628800 1.774993 1.30900145 140.354843 23.029947 127.835983 1.594913 0.000000
771 7.8932 871.636693 1.774993 1.30900145 140.368851 23.031738 127.836174 1.594906 0.000000
772 8.5483 871.645241 1.774993 1.30900145 140.384033 23.033844 127.836319 1.594898 0.000000
773 8.2169 871.653458 1.774993 1.30900145 140.398621 23.035973 127.836426 1.594891 0.000000
774 8.2001 871.661658 1.774993 1.30900145 140.413177 23.038239 127.836479 1.594883 0.000000
775 8.5828 871.670241 1.774981 1.30900145 140.428406 23.040703 127.836494 1.594875 0.000000
776 8.1970 871.678438 1.774981 1.30900145 140.442963 23.043177 127.836464 1.594868 0.000000
777 8.2297 871.686668 1.774981 1.30900145 140.457581 23.045727 127.836395 1.594860 0.000000
778 8.2992 871.694967 1.774981 1.30900145 140.472321 23.048395 127.836281 1.594853 0.000000
779 8.5518 871.703519 1.774981 1.30900145 140.487503 23.051189 127.836128 1.594845 0.000000
780 8.1907 871.711709 1.774981 1.30900145 140.502045 23.053926 127.835938 1.594838 0.000000
781 8.2559 871.719965 1.774981 1.30900145 140.516708 23.056707 127.835716 1.594831 0.000000
782 8.5650 871.728530 1.774981 1.30900145 140.531921 23.059620 127.835449 1.594823 0.000000
783 8.1775 871.736708 1.774981 1.30900145 140.546448 23.062399 127.835152 1.594816 0.000000
784 8.5275 871.745235 1.774981 1.30900145 140.561600 23.065290 127.834816 1.594808 0.000000
785 8.1358 871.753371 1.774065 1.30900145 140.576050 23.068033 127.834465 1.594801 0.000000
786 8.2828 871.761654 1.774065 1.30900145 140.590759 23.070808 127.834076 1.594793 0.000000
787 8.5359 871.770190 1.774065 1.30900145 140.605927 23.073612 127.833656 1.594785 0.000000
788 8.4017 871.778591 1.774065 1.30900145 140.620834 23.076294 127.833206 1.594778 0.000000
789 8.0987 871.786690 1.774065 1.30900145 140.635223 23.078810 127.832756 1.594770 0.000000
790 8.2949 871.794985 1.774065 1.30900145 140.649948 23.081280 127.832275 1.594763 0.000000
791 8.3537 871.803339 1.774065 1.30900145 140.664795 23.083675 127.831772 1.594755 0.000000
792 8.5344 871.811873 1.774065 1.30900145 140.679947 23.085987 127.831238 1.594747 0.000000
793 8.1298 871.820003 1.774065 1.30900145 140.694382 23.088085 127.830711 1.594739 0.000000
794 8.5702 871.828573 1.774065 1.30900145 140.709610 23.090134 127.830139 1.594731 0.000000
795 8.1085 871.836682 1.774065 1.30900145 140.724014 23.091953 127.829605 1.594723 0.000000
796 8.2837 871.844965 1.774065 1.30900145 140.738724 23.093647 127.829041 1.594716 0.000000
797 8.6072 871.853572 1.774065 1.30900145 140.754013 23.095272 127.828453 1.594707 0.000000
798 8.1202 871.861693 1.774065 1.30900145 140.768433 23.096630 127.827888 1.594700 0.000000
799 8.5542 871.870247 1.774065 1.30900145 140.783615 23.097925 127.827301 1.594692 0.000000
800 8.1510 871.878398 1.774065 1.30900145 140.798096 23.098980 127.826736 1.594684 0.000000
801 8.3033 871.886701 1.774065 1.30900145 140.812851 23.099930 127.826157 1.594676 0.000000
802 8.2485 871.894950 1.774065 1.30900145 140.827499 23.100691 127.825592 1.594668 0.000000
803 8.6217 871.903571 1.774065 1.30900145 140.842804 23.101360 127.825020 1.594659 0.000000
804 8.4087 871.911980 1.774065 1.30900145 140.857758 23.101841 127.824463 1.594651 0.000000
805 8.0337 871.920014 1.774065 1.30900145 140.872025 23.102192 127.823944 1.594643 0.000000
806 8.3255 871.928339 1.774065 1.30900145 140.886810 23.102402 127.823410 1.594635 0.000000
807 8.5715 871.936911 1.774968 1.30900145 140.902039 23.102514 127.822884 1.594627 0.000000
808 8.3475 871.945258 1.774968 1.30900145 140.916870 23.102486 127.822388 1.594618 0.000000
809 8.0676 871.953326 1.774968 1.30900145 140.931198 23.102383 127.821930 1.594610 0.000000
810 8.3372 871.961663 1.774968 1.30900145 140.946014 23.102175 127.821487 1.594603 0.000000
811 8.3466 871.970010 1.774968 1.30900145 140.960831 23.101910 127.821053 1.594595 0.000000
812 8.4189 871.978429 1.774968 1.30900145 140.975800 23.101566 127.820648 1.594587 0.000000
813 8.2768 871.986706 1.774968 1.30900145 140.990509 23.101196 127.820274 1.594579 0.000000
814 8.2762 871.994982 1.774968 1.30900145 141.005203 23.100784 127.819931 1.594571 0.000000
815 8.5876 872.003569 1.774968 1.30900145 141.020462 23.100348 127.819618 1.594563 0.000000
816 8.0731 872.011642 1.774968 1.30900145 141.034790 23.099930 127.819351 1.594555 0.000000
817 8.3655 872.020008 1.774968 1.30900145 141.049652 23.099516 127.819092 1.594547 0.000000
818 8.7978 872.028806 1.774968 1.30900145 141.065277 23.099110 127.818878 1.594539 0.000000
819 7.8340 872.036640 1.774968 1.30900145 141.079193 23.098785 127.818718 1.594531 0.000000
820 8.3565 872.044996 1.774968 1.30900145 141.094025 23.098503 127.818588 1.594523 0.000000
821 8.3367 872.053333 1.774968 1.30900145 141.108841 23.098286 127.818504 1.594515 0.000000
822 8.5800 872.061913 1.774968 1.30900145 141.124069 23.098160 127.818466 1.594506 0.000000
823 8.3612 872.070274 1.774968 1.30900145 141.138916 23.098124 127.818451 1.594498 0.000000
824 8.1128 872.078387 1.774968 1.30900145 141.153320 23.098206 127.818497 1.594490 0.000000
825 8.2985 872.086686 1.774968 1.30900145 141.168045 23.098389 127.818565 1.594482 0.000000
826 8.2951 872.094981 1.774968 1.30900145 141.182770 23.098721 127.818695 1.594473 0.000000
827 8.8148 872.103795 1.774968 1.30900145 141.198410 23.099199 127.818863 1.594465 0.000000
828 7.9468 872.111742 1.774968 1.30900145 141.212524 23.099787 127.819092 1.594457 0.000000
829 8.4716 872.120214 1.774955 1.30900145 141.227554 23.100538 127.819351 1.594448 0.000000
830 8.1507 872.128365 1.774955 1.30900145 141.242035 23.101435 127.819664 1.594440 0.000000
831 8.3001 872.136665 1.774955 1.30900145 141.256744 23.102472 127.820015 1.594432 0.000000
832 8.2822 872.144947 1.774955 1.30900145 141.271454 23.103695 127.820419 1.594424 0.000000
833 8.6305 872.153577 1.774955 1.30900145 141.286758 23.105103 127.820877 1.594415 0.000000
834 8.0990 872.161676 1.774955 1.30900145 141.301117 23.106604 127.821365 1.594407 0.000000
835 8.3075 872.169984 1.774955 1.30900145 141.315857 23.108261 127.821892 1.594399 0.000000
836 8.5721 872.178556 1.774955 1.30900145 141.331070 23.110161 127.822517 1.594391 0.000000
837 8.1112 872.186667 1.774955 1.30900145 141.345459 23.112070 127.823135 1.594383 0.000000
838 8.5277 872.195195 1.774955 1.30900145 141.360565 23.114241 127.823837 1.594375 0.000000
839 8.1346 872.203329 1.774955 1.30900145 141.375000 23.116413 127.824547 1.594367 0.000000
840 8.4533 872.211783 1.774955 1.30900145 141.389999 23.118813 127.825333 1.594358 0.000000
841 8.4331 872.220216 1.774955 1.30900145 141.404938 23.121298 127.826164 1.594350 0.000000
842 8.1391 872.228355 1.774955 1.30900145 141.419373 23.123808 127.827011 1.594342 0.000000
843 8.5666 872.236922 1.774955 1.30900145 141.434570 23.126518 127.827927 1.594333 0.000000
844 8.1016 872.245023 1.774955 1.30900145 141.448929 23.129168 127.828842 1.594325 0.000000
845 8.3977 872.253421 1.774955 1.30900145 141.463821 23.131956 127.829826 1.594316 0.000000
846 8.2323 872.261653 1.774955 1.30900145 141.478409 23.134745 127.830841 1.594308 0.000000
847 8.6645 872.270318 1.774955 1.30900145 141.493759 23.137699 127.831932 1.594299 0.000000
848 8.0471 872.278365 1.774955 1.30900145 141.508026 23.140465 127.832985 1.594291 0.000000
849 8.3025 872.286667 1.774955 1.30900145 141.522736 23.143311 127.834106 1.594282 0.000000
850 8.2813 872.294949 1.774955 1.30900145 141.537415 23.146132 127.835251 1.594274 0.000000
851 8.6195 872.303568 1.774955 1.30900145 141.552673 23.149040 127.836472 1.594265 0.000000
852 8.1069 872.311675 1.774955 1.30900145 141.567047 23.151728 127.837654 1.594256 0.000000
853 8.5770 872.320252 1.774955 1.30900145 141.582245 23.154512 127.838921 1.594247 0.000000
854 8.1529 872.328405 1.774955 1.30900145 141.596695 23.157085 127.840164 1.594239 0.000000
855 8.2400 872.336645 1.774955 1.30900145 141.611298 23.159607 127.841431 1.594230 0.000000
856 8.3308 872.344976 1.774955 1.30900145 141.626038 23.162046 127.842743 1.594221 0.000000
857 8.4337 872.353409 1.774955 1.30900145 141.640991 23.164419 127.844070 1.594212 0.000000
858 8.3203 872.361730 1.774955 1.30900145 141.655746 23.166624 127.845413 1.594203 0.000000
859 8.5094 872.370239 1.774943 1.30900145 141.670822 23.168762 127.846802 1.594194 0.000000
860 8.0850 872.378324 1.774943 1.30900145 141.685150 23.170639 127.848114 1.594185 0.000000
861 8.3063 872.386630 1.774943 1.30900145 141.699860 23.172455 127.849487 1.594176 0.000000
862 8.3815 872.395012 1.774943 1.30900145 141.714706 23.174107 127.850876 1.594168 0.000000
863 8.3321 872.403344 1.774943 1.30900145 141.729462 23.175625 127.852264 1.594159 0.000000
864 8.3467 872.411691 1.774943 1.30900145 141.744247 23.176960 127.853653 1.594150 0.000000
865 8.2805 872.419971 1.774943 1.30900145 141.758926 23.178158 127.855042 1.594142 0.000000
866 8.3392 872.428310 1.774943 1.30900145 141.773697 23.179176 127.856422 1.594133 0.000000
867 8.3223 872.436633 1.774943 1.30900145 141.788437 23.180071 127.857811 1.594124 0.000000
868 8.3159 872.444948 1.774943 1.30900145 141.803162 23.180780 127.859177 1.594116 0.000000
869 8.6460 872.453595 1.774943 1.30900145 141.818481 23.181391 127.860603 1.594106 0.000000
870 8.0931 872.461688 1.774943 1.30900145 141.832825 23.181797 127.861923 1.594098 0.000000
871 8.3001 872.469988 1.774943 1.30900145 141.847534 23.182112 127.863258 1.594089 0.000000
872 8.3150 872.478303 1.774943 1.30900145 141.862259 23.182272 127.864594 1.594080 0.000000
873 8.7354 872.487038 1.774943 1.30900145 141.877731 23.182343 127.865967 1.594071 0.000000
874 7.9457 872.494984 1.774943 1.30900145 141.891815 23.182285 127.867203 1.594062 0.000000
875 8.3049 872.503289 1.774943 1.30900145 141.906525 23.182154 127.868484 1.594053 0.000000
876 8.4378 872.511727 1.774943 1.30900145 141.921478 23.181915 127.869743 1.594044 0.000000
877 8.2522 872.519979 1.774943 1.30900145 141.936096 23.181631 127.870956 1.594035 0.000000
878 8.8504 872.528829 1.774943 1.30900145 141.951782 23.181252 127.872223 1.594025 0.000000
879 7.8239 872.536653 1.774943 1.30900145 141.965637 23.180889 127.873322 1.594016 0.000000
880 8.3370 872.544990 1.774943 1.30900145 141.980423 23.180466 127.874466 1.594007 0.000000
881 8.3123 872.553302 1.774943 1.30900145 141.995163 23.180042 127.875572 1.593998 0.000000
882 8.3215 872.561624 1.774943 1.30900145 142.009918 23.179617 127.876633 1.593988 0.000000
883 8.6543 872.570278 1.774943 1.30900145 142.025238 23.179195 127.877716 1.593978 0.000000
884 8.0515 872.578330 1.774943 1.30900145 142.039520 23.178837 127.878693 1.593969 0.000000
885 8.4148 872.586745 1.774943 1.30900145 142.054428 23.178509 127.879662 1.593960 0.000000
886 8.2206 872.594965 1.774943 1.30900145 142.069016 23.178253 127.880569 1.593950 0.000000
887 8.3548 872.603320 1.774930 1.30900145 142.083832 23.178059 127.881462 1.593941 0.000000
888 8.6558 872.611976 1.774930 1.30900145 142.099167 23.177963 127.882324 1.593931 0.000000
889 8.1016 872.620077 1.774930 1.30900145 142.113525 23.177963 127.883102 1.593921 0.000000
890 8.2947 872.628372 1.774930 1.30900145 142.128235 23.178083 127.883842 1.593912 0.000000
891 8.2958 872.636668 1.774930 1.30900145 142.142944 23.178310 127.884552 1.593903 0.000000
892 8.3572 872.645025 1.774930 1.30900145 142.157776 23.178688 127.885208 1.593894 0.000000
893 8.5390 872.653564 1.774930 1.30900145 142.172913 23.179199 127.885841 1.593884 0.000000
894 8.3518 872.661916 1.774930 1.30900145 142.187744 23.179863 127.886406 1.593875 0.000000
895 8.0986 872.670014 1.774930 1.30900145 142.202103 23.180632 127.886909 1.593866 0.000000
896 8.5212 872.678536 1.774930 1.30900145 142.217224 23.181622 127.887390 1.593856 0.000000
897 8.1813 872.686717 1.774930 1.30900145 142.231735 23.182701 127.887817 1.593847 0.000000
898 8.3030 872.695020 1.774930 1.30900145 142.246475 23.183979 127.888199 1.593838 0.000000
899 8.3110 872.703331 1.774930 1.30900145 142.261215 23.185385 127.888535 1.593828 0.000000
900 8.5250 872.711856 1.774930 1.30900145 142.276352 23.187019 127.888824 1.593818 0.000000
901 8.2135 872.720069 1.774930 1.30900145 142.290924 23.188715 127.889061 1.593809 0.000000
902 8.2866 872.728356 1.774930 1.30900145 142.305634 23.190598 127.889236 1.593799 0.000000
903 8.2723 872.736628 1.774930 1.30900145 142.320312 23.192585 127.889389 1.593790 0.000000
904 8.5853 872.745214 1.774930 1.30900145 142.335556 23.194818 127.889496 1.593780 0.000000
905 8.3597 872.753573 1.774930 1.30900145 142.350403 23.197094 127.889549 1.593770 0.000000
906 8.0879 872.761661 1.774930 1.30900145 142.364746 23.199432 127.889557 1.593760 0.000000
907 8.3078 872.769969 1.774930 1.30900145 142.379501 23.201908 127.889534 1.593750 0.000000
908 8.6227 872.778592 1.774930 1.30900145 142.394806 23.204599 127.889458 1.593740 0.000000
909 8.0400 872.786632 1.774930 1.30900145 142.409088 23.207165 127.889351 1.593730 0.000000
910 8.6394 872.795271 1.774930 1.30900145 142.424438 23.210012 127.889175 1.593720 0.000000
911 8.2532 872.803524 1.774930 1.30900145 142.439087 23.212770 127.888985 1.593710 0.000000
912 8.1496 872.811674 1.774930 1.30900145 142.453568 23.215544 127.888756 1.593700 0.000000
913 8.3685 872.820042 1.774918 1.30900145 142.468430 23.218403 127.888489 1.593689 0.000000
914 8.6567 872.828699 1.774918 1.30900145 142.483810 23.221376 127.888176 1.593679 0.000000
915 7.9773 872.836677 1.774918 1.30900145 142.497971 23.224108 127.887856 1.593669 0.000000
916 8.2955 872.844972 1.774918 1.30900145 142.512695 23.226929 127.887482 1.593659 0.000000
917 8.3508 872.853323 1.774918 1.30900145 142.527542 23.229731 127.887085 1.593650 0.000000
918 8.3377 872.861660 1.774918 1.30900145 142.542358 23.232479 127.886658 1.593640 0.000000
919 8.5850 872.870246 1.774918 1.30900145 142.557617 23.235245 127.886185 1.593630 0.000000
920 8.1030 872.878349 1.774918 1.30900145 142.572021 23.237772 127.885727 1.593620 0.000000
921 8.3211 872.886670 1.774003 1.30900145 142.586792 23.240303 127.885239 1.593610 0.000000
922 8.2845 872.894954 1.774003 1.30900145 142.601501 23.242729 127.884720 1.593600 0.000000
923 8.3567 872.903311 1.774003 1.30900145 142.616333 23.245075 127.884186 1.593590 0.000000
924 8.6173 872.911928 1.774003 1.30900145 142.631653 23.247339 127.883621 1.593579 0.000000
925 8.1580 872.920086 1.774003 1.30900145 142.646133 23.249371 127.883057 1.593569 0.000000
926 8.2168 872.928303 1.774003 1.30900145 142.660736 23.251261 127.882492 1.593559 0.000000
927 8.6442 872.936947 1.774003 1.30900145 142.676086 23.253117 127.881889 1.593548 0.000000
928 8.0354 872.944983 1.774003 1.30900145 142.690353 23.254681 127.881325 1.593538 0.000000
929 8.3358 872.953318 1.774003 1.30900145 142.705154 23.256172 127.880730 1.593528 0.000000
930 8.3789 872.961697 1.774003 1.30900145 142.720032 23.257484 127.880127 1.593517 0.000000
931 8.5556 872.970253 1.774003 1.30900145 142.735245 23.258690 127.879517 1.593506 0.000000
932 8.0692 872.978322 1.774003 1.30900145 142.749573 23.259649 127.878937 1.593496 0.000000
933 8.3142 872.986636 1.774003 1.30900145 142.764343 23.260517 127.878349 1.593485 0.000000
934 8.3528 872.994989 1.774003 1.30900145 142.779175 23.261204 127.877762 1.593475 0.000000
935 8.5692 873.003558 1.774003 1.30900145 142.794388 23.261789 127.877167 1.593464 0.000000
936 8.0787 873.011637 1.774003 1.30900145 142.808731 23.262177 127.876625 1.593453 0.000000
937 8.7148 873.020352 1.774003 1.30900145 142.824219 23.262484 127.876053 1.593442 0.000000
938 8.0011 873.028353 1.774003 1.30900145 142.838425 23.262627 127.875549 1.593431 0.000000
939 8.2767 873.036630 1.774003 1.30900145 142.853119 23.262688 127.875031 1.593420 0.000000
940 8.3329 873.044962 1.774003 1.30900145 142.867920 23.262619 127.874535 1.593409 0.000000
941 8.3535 873.053316 1.773991 1.30900145 142.882751 23.262487 127.874054 1.593398 0.000000
942 8.5569 873.061873 1.773991 1.30900145 142.897949 23.262247 127.873581 1.593386 0.000000
943 8.6021 873.070475 1.773991 1.30900145 142.913208 23.261955 127.873138 1.593375 0.000000
944 7.8778 873.078353 1.773991 1.30900145 142.927216 23.261627 127.872765 1.593365 0.000000
945 8.3193 873.086672 1.773991 1.30900145 142.941986 23.261261 127.872391 1.593354 0.000000
946 8.3070 873.094979 1.773991 1.30900145 142.956726 23.260860 127.872055 1.593343 0.000000
947 8.3226 873.103302 1.773991 1.30900145 142.971497 23.260456 127.871735 1.593333 0.000000
948 8.5712 873.111873 1.773991 1.30900145 142.986725 23.260033 127.871460 1.593321 0.000000
949 8.2007 873.120073 1.773991 1.30900145 143.001266 23.259657 127.871231 1.593311 0.000000
950 8.2352 873.128309 1.773991 1.30900145 143.015869 23.259321 127.871033 1.593300 0.000000
951 8.3247 873.136633 1.773991 1.30900145 143.030655 23.259031 127.870865 1.593289 0.000000
952 8.5553 873.145189 1.773991 1.30900145 143.045837 23.258808 127.870743 1.593277 0.000000
953 8.3740 873.153563 1.773979 1.30900145 143.060699 23.258667 127.870651 1.593266 0.000000
954 8.1158 873.161678 1.773979 1.30900145 143.075104 23.258625 127.870621 1.593255 0.000000
955 8.2663 873.169945 1.773979 1.30900145 143.089767 23.258671 127.870605 1.593244 0.000000
956 8.3953 873.178340 1.773979 1.30900145 143.104660 23.258852 127.870659 1.593233 0.000000
957 8.5647 873.186905 1.773979 1.30900145 143.119858 23.259148 127.870750 1.593222 0.000000
958 8.3891 873.195294 1.773979 1.30900145 143.134750 23.259592 127.870888 1.593212 0.000000
959 8.0637 873.203358 1.773979 1.30900145 143.149063 23.260136 127.871063 1.593201 0.000000
960 8.2926 873.211650 1.773979 1.30900145 143.163757 23.260860 127.871292 1.593190 0.000000
961 8.4370 873.220087 1.773979 1.30900145 143.178726 23.261728 127.871567 1.593179 0.000000
962 8.2498 873.228337 1.773979 1.30900145 143.193344 23.262754 127.871887 1.593168 0.000000
963 8.3938 873.236731 1.773979 1.30900145 143.208237 23.263927 127.872261 1.593157 0.000000
964 8.5728 873.245303 1.773979 1.30900145 143.223434 23.265318 127.872696 1.593146 0.000000
965 8.1224 873.253426 1.773979 1.30900145 143.237839 23.266762 127.873138 1.593135 0.000000
966 8.2187 873.261645 1.773979 1.30900145 143.252411 23.268402 127.873642 1.593123 0.000000
967 8.5760 873.270220 1.773979 1.30900145 143.267624 23.270241 127.874214 1.593112 0.000000
968 8.1229 873.278343 1.773979 1.30900145 143.282013 23.272148 127.874802 1.593101 0.000000
969 8.5643 873.286908 1.773979 1.30900145 143.297195 23.274273 127.875465 1.593089 0.000000
970 8.3342 873.295242 1.773979 1.30900145 143.311966 23.276499 127.876167 1.593077 0.000000
971 8.0722 873.303314 1.773979 1.30900145 143.326279 23.278746 127.876877 1.593066 0.000000
972 8.3933 873.311707 1.773979 1.30900145 143.341156 23.281223 127.877670 1.593054 0.000000
973 8.2803 873.319987 1.773979 1.30900145 143.355835 23.283739 127.878487 1.593042 0.000000
974 8.3125 873.328300 1.773979 1.30900145 143.370560 23.286377 127.879364 1.593031 0.000000
975 8.3247 873.336625 1.773967 1.30900145 143.385315 23.289072 127.880257 1.593019 0.000000
976 8.3233 873.344948 1.773967 1.30900145 143.400070 23.291847 127.881195 1.593007 0.000000
977 8.3671 873.353315 1.773967 1.30900145 143.414886 23.294670 127.882187 1.592995 0.000000
978 8.3088 873.361624 1.773967 1.30900145 143.429596 23.297522 127.883209 1.592984 0.000000
979 8.3647 873.369989 1.773967 1.30900145 143.444427 23.300400 127.884262 1.592972 0.000000
980 8.3117 873.378300 1.773967 1.30900145 143.459152 23.303272 127.885345 1.592961 0.000000
981 8.6224 873.386923 1.773967 1.30900145 143.474426 23.306234 127.886505 1.592949 0.000000
982 8.3782 873.395301 1.773967 1.30900145 143.489258 23.309090 127.887665 1.592937 0.000000
983 8.3131 873.403614 1.773967 1.30900145 143.503998 23.311880 127.888840 1.592925 0.000000
984 8.1273 873.411741 1.773967 1.30900145 143.518372 23.314552 127.890015 1.592914 0.000000
985 8.3072 873.420048 1.773967 1.30900145 143.533081 23.317221 127.891235 1.592902 0.000000
986 8.5600 873.428608 1.773967 1.30900145 143.548248 23.319878 127.892532 1.592890 0.000000
987 8.0392 873.436648 1.773967 1.30900145 143.562500 23.322290 127.893761 1.592878 0.000000
988 8.3133 873.444961 1.773967 1.30900145 143.577209 23.324667 127.895050 1.592866 0.000000
989 8.4297 873.453391 1.772137 1.30900145 143.592133 23.327002 127.896378 1.592854 0.000000
990 8.4806 873.461871 1.772137 1.30900145 143.607132 23.329243 127.897736 1.592841 0.000000
991 8.1134 873.469984 1.773052 1.30900145 143.621490 23.331264 127.899033 1.592829 0.000000
992 8.2848 873.478269 1.773052 1.30900145 143.636154 23.333151 127.900375 1.592817 0.000000
993 8.3519 873.486621 1.773052 1.30900145 143.650925 23.334934 127.901733 1.592804 0.000000
994 8.6956 873.495317 1.773052 1.30900145 143.666336 23.336603 127.903160 1.592791 0.000000
995 7.9992 873.503316 1.773052 1.30900145 143.680496 23.338011 127.904472 1.592779 0.000000
996 8.6413 873.511957 1.773052 1.30900145 143.695786 23.339344 127.905884 1.592766 0.000000
997 8.1195 873.520077 1.773052 1.30900145 143.710144 23.340467 127.907219 1.592753 0.000000
998 8.2383 873.528315 1.773052 1.30900145 143.724731 23.341427 127.908569 1.592740 0.000000
999 8.2967 873.536612 1.773052 1.30900145 143.739410 23.342276 127.909912 1.592727 0.000000
1000 8.3272 873.544939 1.773052 1.30900145 143.754150 23.342945 127.911270 1.592714 0.000000
1001 8.6066 873.553545 1.773040 1.30900145 143.769379 23.343515 127.912659 1.592700 0.000000
1002 8.1618 873.561707 1.773040 1.30900145 143.783829 23.343895 127.913956 1.592687 0.000000
1003 8.2574 873.569965 1.773040 1.30900145 143.798447 23.344181 127.915260 1.592674 0.000000
1004 8.6141 873.578579 1.773040 1.30900145 143.813690 23.344326 127.916595 1.592661 0.000000
1005 8.0948 873.586674 1.773040 1.30900145 143.828018 23.344379 127.917839 1.592649 0.000000
1006 8.3254 873.594999 1.773040 1.30900145 143.842758 23.344315 127.919098 1.592636 0.000000
1007 8.3595 873.603358 1.773040 1.30900145 143.857544 23.344183 127.920334 1.592623 0.000000
1008 8.5145 873.611873 1.773040 1.30900145 143.872635 23.343956 127.921570 1.592610 0.000000
1009 8.2147 873.620088 1.773040 1.30900145 143.887177 23.343693 127.922745 1.592597 0.000000
1010 8.2160 873.628304 1.773040 1.30900145 143.901718 23.343369 127.923874 1.592584 0.000000
1011 8.5717 873.636875 1.773040 1.30900145 143.916901 23.343014 127.925041 1.592571 0.000000
1012 8.0866 873.644962 1.773040 1.30900145 143.931213 23.342651 127.926102 1.592558 0.000000
1013 8.6274 873.653589 1.773040 1.30900145 143.946487 23.342272 127.927200 1.592544 0.000000
1014 8.1628 873.661752 1.773040 1.30900145 143.960938 23.341921 127.928207 1.592531 0.000000
1015 8.2040 873.669956 1.772125 1.30900145 143.975479 23.341602 127.929184 1.592517 0.000000
1016 8.3942 873.678350 1.772125 1.30900145 143.990326 23.341328 127.930145 1.592504 0.000000
1017 8.2973 873.686648 1.772125 1.30900145 144.005020 23.341108 127.931046 1.592490 0.000000
1018 8.7695 873.695417 1.772125 1.30900145 144.020538 23.340958 127.931961 1.592475 0.000000
1019 7.9211 873.703338 1.772125 1.30900145 144.034561 23.340893 127.932755 1.592462 0.000000
1020 8.3229 873.711661 1.772125 1.30900145 144.049301 23.340937 127.933548 1.592448 0.000000
1021 8.3765 873.720038 1.772125 1.30900145 144.064133 23.341072 127.934303 1.592433 0.000000
1022 8.3410 873.728379 1.772125 1.30900145 144.078903 23.341339 127.934998 1.592419 0.000000
1023 8.5010 873.736880 1.772125 1.30900145 144.093964 23.341726 127.935669 1.592404 0.000000
1024 8.0783 873.744958 1.772125 1.30900145 144.108261 23.342245 127.936256 1.592390 0.000000
1025 8.5004 873.753459 1.772125 1.30900145 144.123322 23.342911 127.936836 1.592375 0.000000
1026 8.1698 873.761628 1.772125 1.30900145 144.137787 23.343723 127.937340 1.592360 0.000000
1027 8.3473 873.769976 1.772125 1.30900145 144.152573 23.344673 127.937813 1.592346 0.000000
1028 8.3070 873.778283 1.772125 1.30900145 144.167297 23.345804 127.938232 1.592331 0.000000
1029 8.4034 873.786686 1.772113 1.30900145 144.182175 23.347078 127.938622 1.592315 0.000000
1030 8.3221 873.795008 1.772113 1.30900145 144.196915 23.348526 127.938934 1.592300 0.000000
1031 8.6310 873.803639 1.772113 1.30900145 144.212219 23.350163 127.939224 1.592285 0.000000
1032 8.0012 873.811640 1.772113 1.30900145 144.226379 23.351852 127.939445 1.592271 0.000000
1033 8.4356 873.820076 1.772113 1.30900145 144.241333 23.353750 127.939636 1.592256 0.000000
1034 8.2342 873.828310 1.772113 1.30900145 144.255920 23.355774 127.939774 1.592241 0.000000
1035 8.5858 873.836896 1.772113 1.30900145 144.271149 23.357998 127.939873 1.592226 0.000000
1036 8.1109 873.845007 1.772113 1.30900145 144.285522 23.360249 127.939926 1.592212 0.000000
1037 8.3886 873.853395 1.772113 1.30900145 144.300385 23.362669 127.939934 1.592196 0.000000
1038 8.2332 873.861629 1.772113 1.30900145 144.314987 23.365175 127.939880 1.592182 0.000000
1039 8.6454 873.870274 1.772113 1.30900145 144.330307 23.367886 127.939804 1.592166 0.000000
1040 8.0703 873.878344 1.772113 1.30900145 144.344620 23.370516 127.939682 1.592151 0.000000
1041 8.5320 873.886876 1.772113 1.30900145 144.359756 23.373352 127.939522 1.592135 0.000000
1042 8.2311 873.895107 1.772113 1.30900145 144.374344 23.376160 127.939308 1.592119 0.000000
1043 8.3829 873.903490 1.772113 1.30900145 144.389206 23.379051 127.939072 1.592103 0.000000
1044 8.2426 873.911733 1.772113 1.30900145 144.403809 23.381931 127.938797 1.592088 0.000000
1045 8.3426 873.920076 1.772102 1.30900145 144.418625 23.384853 127.938492 1.592072 0.000000
1046 8.2349 873.928310 1.772102 1.30900145 144.433212 23.387743 127.938148 1.592056 0.000000
1047 8.3200 873.936630 1.772102 1.30900145 144.447968 23.390642 127.937767 1.592040 0.000000
1048 8.5610 873.945191 1.772102 1.30900145 144.463165 23.393593 127.937340 1.592024 0.000000
1049 8.4372 873.953629 1.772102 1.30900145 144.478119 23.396458 127.936897 1.592008 0.000000
1050 8.1053 873.961734 1.772102 1.30900145 144.492493 23.399149 127.936447 1.591993 0.000000
1051 8.2155 873.969949 1.772102 1.30900145 144.507080 23.401814 127.935974 1.591978 0.000000
1052 8.6002 873.978550 1.772102 1.30900145 144.522324 23.404503 127.935432 1.591961 0.000000
1053 8.0837 873.986633 1.772102 1.30900145 144.536652 23.406948 127.934914 1.591946 0.000000
1054 8.3692 873.995003 1.772102 1.30900145 144.551514 23.409355 127.934357 1.591930 0.000000
1055 8.5528 874.003555 1.772102 1.30900145 144.566696 23.411705 127.933784 1.591913 0.000000
1056 8.0714 874.011627 1.772102 1.30900145 144.581009 23.413782 127.933228 1.591897 0.000000
1057 8.3640 874.019991 1.773017 1.30900145 144.595856 23.415817 127.932632 1.591880 0.000000
1058 8.3781 874.028369 1.773017 1.30900145 144.610718 23.417671 127.932022 1.591864 0.000000
1059 8.5232 874.036892 1.773006 1.30900145 144.625839 23.419432 127.931396 1.591846 0.000000
1060 8.1090 874.045001 1.773006 1.30900145 144.640228 23.420940 127.930801 1.591830 0.000000
1061 8.3145 874.053315 1.773006 1.30900145 144.654999 23.422363 127.930176 1.591813 0.000000
1062 8.3820 874.061698 1.773006 1.30900145 144.669876 23.423607 127.929543 1.591797 0.000000
1063 8.2583 874.069956 1.773006 1.30900145 144.684540 23.424709 127.928925 1.591781 0.000000
1064 8.6963 874.078652 1.773006 1.30900145 144.699966 23.425674 127.928284 1.591764 0.000000
1065 8.0300 874.086682 1.773006 1.30900145 144.714218 23.426445 127.927704 1.591748 0.000000
1066 8.2980 874.094980 1.773006 1.30900145 144.728943 23.427067 127.927094 1.591732 0.000000
1067 8.2849 874.103265 1.773006 1.30900145 144.743652 23.427580 127.926498 1.591715 0.000000
1068 8.6045 874.111869 1.773006 1.30900145 144.758926 23.427942 127.925903 1.591697 0.000000
1069 8.2214 874.120091 1.773006 1.30900145 144.773514 23.428185 127.925339 1.591681 0.000000
1070 8.4500 874.128541 1.773006 1.30900145 144.788513 23.428295 127.924789 1.591663 0.000000
1071 8.3386 874.136879 1.773006 1.30900145 144.803314 23.428318 127.924255 1.591646 0.000000
1072 8.0965 874.144976 1.773006 1.30900145 144.817673 23.428225 127.923752 1.591629 0.000000
1073 8.4359 874.153412 1.773006 1.30900145 144.832642 23.428070 127.923271 1.591611 0.000000
1074 8.1873 874.161599 1.773006 1.30900145 144.847168 23.427832 127.922806 1.591593 0.000000
1075 8.3864 874.169985 1.772994 1.30900145 144.862061 23.427549 127.922371 1.591575 0.000000
1076 8.6324 874.178618 1.772994 1.30900145 144.877380 23.427200 127.921951 1.591556 0.000000
1077 8.0251 874.186643 1.772994 1.30900145 144.891617 23.426861 127.921585 1.591539 0.000000
1078 8.3416 874.194985 1.772994 1.30900145 144.906418 23.426487 127.921234 1.591521 0.000000
1079 8.5809 874.203565 1.772994 1.30900145 144.921646 23.426113 127.920914 1.591503 0.000000
1080 8.3464 874.211912 1.772994 1.30900145 144.936432 23.425762 127.920639 1.591486 0.000000
1081 8.1645 874.220076 1.772994 1.30900145 144.950912 23.425453 127.920395 1.591468 0.000000
1082 8.2379 874.228314 1.772994 1.30900145 144.965530 23.425190 127.920197 1.591450 0.000000
1083 8.4750 874.236789 1.772994 1.30900145 144.980560 23.424976 127.920029 1.591432 0.000000
1084 8.1770 874.244966 1.772994 1.30900145 144.995071 23.424852 127.919907 1.591414 0.000000
1085 8.6330 874.253599 1.772983 1.30900145 145.010376 23.424799 127.919823 1.591395 0.000000
1086 8.0892 874.261689 1.772983 1.30900145 145.024719 23.424847 127.919785 1.591376 0.000000
1087 8.3598 874.270048 1.772983 1.30900145 145.039551 23.424995 127.919777 1.591358 0.000000
1088 8.3010 874.278349 1.772983 1.30900145 145.054276 23.425282 127.919823 1.591340 0.000000
1089 8.5403 874.286890 1.772983 1.30900145 145.069427 23.425694 127.919922 1.591322 0.000000
1090 8.1546 874.295044 1.772983 1.30900145 145.083862 23.426241 127.920059 1.591304 0.000000
1091 8.2733 874.303317 1.772983 1.30900145 145.098541 23.426912 127.920227 1.591286 0.000000
1092 8.3085 874.311626 1.772983 1.30900145 145.113266 23.427763 127.920456 1.591267 0.000000
1093 8.3568 874.319983 1.772983 1.30900145 145.128082 23.428741 127.920738 1.591249 0.000000
1094 8.3205 874.328303 1.772983 1.30900145 145.142838 23.429905 127.921059 1.591230 0.000000
1095 8.3315 874.336635 1.772972 1.30900145 145.157593 23.431194 127.921417 1.591211 0.000000
1096 8.7402 874.345375 1.772972 1.30900145 145.173080 23.432747 127.921860 1.591190 0.000000
1097 8.2310 874.353606 1.772972 1.30900145 145.187668 23.434340 127.922318 1.591172 0.000000
1098 8.0580 874.361664 1.772972 1.30900145 145.201950 23.436064 127.922813 1.591154 0.000000
1099 8.2863 874.369950 1.772972 1.30900145 145.216629 23.437952 127.923355 1.591136 0.000000
1100 8.3608 874.378311 1.772972 1.30900145 145.231445 23.440031 127.923965 1.591117 0.000000
1101 8.3261 874.386637 1.772972 1.30900145 145.246185 23.442204 127.924591 1.591098 0.000000
1102 8.6125 874.395250 1.772972 1.30900145 145.261444 23.444613 127.925316 1.591078 0.000000
1103 8.0614 874.403311 1.772972 1.30900145 145.275726 23.446953 127.926018 1.591059 0.000000
1104 8.3470 874.411658 1.772972 1.30900145 145.290527 23.449509 127.926804 1.591040 0.000000
1105 8.3089 874.419967 1.772972 1.30900145 145.305237 23.452116 127.927620 1.591020 0.000000
1106 8.5861 874.428553 1.772972 1.30900145 145.320450 23.454920 127.928513 1.591000 0.000000
1107 8.3498 874.436903 1.772972 1.30900145 145.335236 23.457697 127.929413 1.590980 0.000000
1108 8.1242 874.445027 1.772972 1.30900145 145.349625 23.460466 127.930328 1.590960 0.000000
1109 8.5008 874.453528 1.772961 1.30900145 145.364685 23.463387 127.931320 1.590939 0.000000
1110 8.1585 874.461686 1.772961 1.30900145 145.379120 23.466228 127.932312 1.590918 0.000000
1111 8.2750 874.469962 1.772961 1.30900145 145.393784 23.469107 127.933342 1.590898 0.000000
1112 8.3333 874.478295 1.772961 1.30900145 145.408539 23.472010 127.934425 1.590878 0.000000
1113 8.5710 874.486866 1.772961 1.30900145 145.423706 23.474970 127.935562 1.590858 0.000000
1114 8.1768 874.495043 1.772961 1.30900145 145.438187 23.477760 127.936676 1.590838 0.000000
1115 8.7277 874.503770 1.772961 1.30900145 145.453644 23.480684 127.937897 1.590816 0.000000
1116 7.9022 874.511673 1.772961 1.30900145 145.467621 23.483269 127.939026 1.590796 0.000000
1117 8.3010 874.519974 1.772961 1.30900145 145.482330 23.485918 127.940224 1.590776 0.000000
1118 8.5480 874.528522 1.772961 1.30900145 145.497467 23.488541 127.941498 1.590754 0.000000
1119 8.1407 874.536662 1.772961 1.30900145 145.511871 23.490955 127.942719 1.590733 0.000000
1120 8.3172 874.544979 1.772961 1.30900145 145.526596 23.493290 127.943993 1.590711 0.000000
1121 8.3307 874.553310 1.772950 1.30900145 145.541336 23.495527 127.945282 1.590689 0.000000
1122 8.7395 874.562050 1.772950 1.30900145 145.556808 23.497715 127.946640 1.590666 0.000000
1123 7.9562 874.570006 1.772950 1.30900145 145.570892 23.499590 127.947891 1.590645 0.000000
1124 8.2852 874.578291 1.772950 1.30900145 145.585556 23.501379 127.949211 1.590624 0.000000
1125 8.3467 874.586638 1.774781 1.30900145 145.600342 23.503021 127.950531 1.590603 0.000000
1126 8.3238 874.594961 1.774781 1.30900145 145.615097 23.504423 127.951866 1.590581 0.000000
1127 8.4179 874.603379 1.774781 1.30900145 145.630005 23.505728 127.953209 1.590559 0.000000
1128 8.2589 874.611638 1.774781 1.30900145 145.644638 23.506849 127.954529 1.590537 0.000000
1129 8.6864 874.620325 1.774770 1.30900145 145.660034 23.507889 127.955917 1.590514 0.000000
1130 8.0473 874.628372 1.774770 1.30900145 145.674286 23.508682 127.957199 1.590492 0.000000
1131 8.3243 874.636696 1.774770 1.30900145 145.689041 23.509378 127.958496 1.590470 0.000000
1132 8.2948 874.644991 1.774770 1.30900145 145.703735 23.509897 127.959808 1.590448 0.000000
1133 8.5568 874.653548 1.774770 1.30900145 145.718903 23.510317 127.961136 1.590426 0.000000
1134 8.1074 874.661655 1.774770 1.30900145 145.733276 23.510561 127.962387 1.590404 0.000000
1135 8.3012 874.669957 1.774770 1.30900145 145.747986 23.510717 127.963654 1.590382 0.000000
1136 8.3480 874.678304 1.774770 1.30900145 145.762772 23.510731 127.964905 1.590359 0.000000
1137 8.6067 874.686911 1.774770 1.30900145 145.778015 23.510662 127.966171 1.590336 0.000000
1138 8.1720 874.695083 1.774770 1.30900145 145.792511 23.510487 127.967361 1.590313 0.000000
1139 8.2615 874.703345 1.774770 1.30900145 145.807159 23.510254 127.968544 1.590289 0.000000
1140 8.2946 874.711639 1.774770 1.30900145 145.821854 23.509935 127.969696 1.590266 0.000000
1141 8.3363 874.719976 1.774760 1.30900145 145.836639 23.509579 127.970833 1.590241 0.000000
1142 8.5814 874.728557 1.774760 1.30900145 145.851837 23.509159 127.971954 1.590216 0.000000
1143 8.0945 874.736651 1.774760 1.30900145 145.866180 23.508755 127.972992 1.590193 0.000000
1144 8.3692 874.745021 1.774760 1.30900145 145.881012 23.508320 127.974030 1.590169 0.000000
1145 8.4195 874.753440 1.774760 1.30900145 145.895950 23.507895 127.975037 1.590145 0.000000
1146 8.2048 874.761645 1.774760 1.30900145 145.910492 23.507504 127.975990 1.590122 0.000000
1147 8.5721 874.770217 1.774760 1.30900145 145.925705 23.507132 127.976952 1.590097 0.000000
1148 8.1326 874.778350 1.774760 1.30900145 145.940125 23.506832 127.977814 1.590073 0.000000
1149 8.2691 874.786619 1.774760 1.30900145 145.954773 23.506584 127.978661 1.590048 0.000000
1150 8.7472 874.795366 1.774760 1.30900145 145.970276 23.506418 127.979507 1.590021 0.000000
1151 7.9421 874.803308 1.774749 1.30900145 145.984375 23.506348 127.980240 1.589996 0.000000
1152 8.2930 874.811601 1.774749 1.30900145 145.999084 23.506386 127.980957 1.589970 0.000000
1153 8.6772 874.820278 1.774749 1.30900145 146.014481 23.506531 127.981667 1.589944 0.000000
1154 8.0829 874.828361 1.774749 1.30900145 146.028809 23.506804 127.982269 1.589919 0.000000
1155 8.2423 874.836603 1.775644 1.30900145 146.043427 23.507166 127.982849 1.589894 0.000000
1156 8.6591 874.845262 1.775644 1.30900145 146.058792 23.507687 127.983398 1.589868 0.000000
1157 8.0847 874.853347 1.775644 1.30900145 146.073151 23.508297 127.983879 1.589844 0.000000
1158 8.5344 874.861882 1.775644 1.30900145 146.088287 23.509132 127.984314 1.589821 0.000000
1159 8.4198 874.870301 1.775644 1.30900145 146.103241 23.510094 127.984711 1.589797 0.000000
1160 8.0575 874.878359 1.775644 1.30900145 146.117538 23.511187 127.985046 1.589775 0.000000
1161 8.2939 874.886653 1.775634 1.30900145 146.132263 23.512436 127.985344 1.589751 0.000000
1162 8.3053 874.894958 1.775634 1.30900145 146.147018 23.513874 127.985588 1.589727 0.000000
1163 8.6758 874.903634 1.775634 1.30900145 146.162415 23.515511 127.985794 1.589703 0.000000
1164 8.0138 874.911648 1.775634 1.30900145 146.176651 23.517193 127.985939 1.589681 0.000000
1165 8.3042 874.919952 1.775634 1.30900145 146.191406 23.519047 127.986053 1.589658 0.000000
1166 8.3740 874.928326 1.775634 1.30900145 146.206268 23.521088 127.986115 1.589634 0.000000
1167 8.5841 874.936910 1.775634 1.30900145 146.221527 23.523291 127.986130 1.589610 0.000000
1168 8.4165 874.945326 1.775634 1.30900145 146.236465 23.525599 127.986092 1.589585 0.000000
1169 8.0009 874.953327 1.775634 1.30900145 146.250671 23.527876 127.986023 1.589562 0.000000
1170 8.2562 874.961584 1.775634 1.30900145 146.265335 23.530352 127.985901 1.589537 0.000000
1171 8.3514 874.969935 1.775634 1.30900145 146.280182 23.532919 127.985748 1.589511 0.000000
1172 8.6017 874.978537 1.775634 1.30900145 146.295456 23.535664 127.985535 1.589485 0.000000
1173 8.1812 874.986718 1.775624 1.30900145 146.309982 23.538319 127.985306 1.589459 0.000000
1174 8.2729 874.994991 1.775624 1.30900145 146.324677 23.541071 127.985016 1.589432 0.000000
1175 8.5284 875.003519 1.775624 1.30900145 146.339844 23.543926 127.984695 1.589406 0.000000
1176 8.3929 875.011912 1.775624 1.30900145 146.354752 23.546768 127.984329 1.589380 0.000000
1177 8.0665 875.019979 1.775624 1.30900145 146.369080 23.549500 127.983963 1.589355 0.000000
1178 8.3417 875.028320 1.775624 1.30900145 146.383896 23.552315 127.983536 1.589329 0.000000
1179 8.3243 875.036645 1.775624 1.30900145 146.398697 23.555096 127.983093 1.589302 0.000000
1180 8.5666 875.045211 1.775624 1.30900145 146.413910 23.557919 127.982590 1.589274 0.000000
1181 8.4123 875.053623 1.775614 1.30900145 146.428864 23.560635 127.982086 1.589246 0.000000
1182 8.0108 875.061634 1.775614 1.30900145 146.443100 23.563150 127.981560 1.589219 0.000000
1183 8.2961 875.069930 1.775614 1.30900145 146.457840 23.565687 127.981010 1.589192 0.000000
1184 8.6115 875.078542 1.775614 1.30900145 146.473160 23.568211 127.980408 1.589164 0.000000
1185 8.3323 875.086874 1.775614 1.30900145 146.487961 23.570555 127.979805 1.589136 0.000000
1186 8.1210 875.094995 1.775614 1.30900145 146.502411 23.572716 127.979202 1.589109 0.000000
1187 8.5539 875.103549 1.775614 1.30900145 146.517624 23.574879 127.978561 1.589080 0.000000
1188 8.1233 875.111672 1.775614 1.30900145 146.532043 23.576782 127.977921 1.589052 0.000000
1189 8.2783 875.119951 1.775614 1.30900145 146.546753 23.578609 127.977272 1.589023 0.000000
1190 8.3458 875.128296 1.775614 1.30900145 146.561584 23.580275 127.976608 1.588993 0.000000
1191 8.2884 875.136585 1.774699 1.30900145 146.576324 23.581823 127.975937 1.588963 0.000000
1192 8.6413 875.145226 1.774699 1.30900145 146.591675 23.583271 127.975235 1.588930 0.000000
1193 8.0532 875.153279 1.774689 1.30900145 146.605988 23.584494 127.974586 1.588900 0.000000
1194 8.3208 875.161600 1.774689 1.30900145 146.620758 23.585573 127.973915 1.588867 0.000000
1195 8.6702 875.170270 0.014005 1.30900145 146.629639 23.586224 127.975037 1.600169 0.000000
1196 8.1380 875.178408 0.014005 1.30900145 146.629410 23.586216 127.978516 1.625735 0.000000
1197 8.4938 875.186902 0.014005 1.30900145 146.629105 23.585663 127.981758 1.652419 0.000000
1198 8.1758 875.195078 0.014005 1.30900145 146.628738 23.584410 127.984329 1.678104 0.000000
1199 8.2792 875.203357 0.014005 1.30900145 146.628326 23.582376 127.986938 1.704114 0.000000
1200 8.3115 875.211669 0.014005 1.30900145 146.627823 23.579205 127.989540 1.730226 0.000000
1201 8.4913 875.220160 0.014005 1.30900145 146.627258 23.575565 127.992195 1.756902 0.000000
1202 8.2377 875.228398 0.014005 1.30900145 146.626633 23.571484 127.994751 1.782781 0.000000
1203 8.3317 875.236729 0.014005 1.30900145 146.625931 23.567354 127.997330 1.808956 0.000000
1204 8.3404 875.245070 0.014005 1.30900145 146.625168 23.563221 127.999893 1.835158 0.000000
1205 8.3748 875.253444 0.014005 1.30900145 146.624344 23.559464 128.002441 1.861468 0.000000
1206 8.2744 875.261719 0.014005 1.30900145 146.623428 23.556305 128.004944 1.887463 0.000000
1207 8.3542 875.270073 1.779439 1.30900145 146.628128 23.561361 128.009720 1.913709 0.000000
1208 8.3186 875.278392 1.779439 1.30900145 146.640945 23.578323 128.017700 1.939842 0.000000
1209 8.3093 875.286701 1.780955 1.30900145 146.653595 23.588755 128.025940 1.965947 0.000000
1210 8.3403 875.295041 1.780955 1.30900145 146.666046 23.589638 128.034546 1.992149 0.000000
1211 8.3497 875.303391 1.781888 1.30900145 146.678345 23.590458 128.043381 2.018380 0.000000
1212 8.2912 875.311682 1.781888 1.30900145 146.690323 23.591177 128.052505 2.044428 0.000000
1213 8.3527 875.320035 1.783273 1.30900145 146.702209 23.591824 128.061920 2.070668 0.000000
1214 8.3993 875.328434 1.783273 1.30900145 146.713913 23.592361 128.071747 2.097055 0.000000
1215 8.2915 875.336726 1.783998 1.30900145 146.725266 23.592808 128.081665 2.123104 0.000000
1216 8.3506 875.345076 1.783998 1.30900145 146.736420 23.593138 128.091965 2.149338 0.000000
1217 8.3369 875.353413 1.785592 1.30900145 146.747360 23.593384 128.102493 2.175529 0.000000
1218 8.3389 875.361752 1.785592 1.30900145 146.757996 23.593508 128.113358 2.201727 0.000000
1219 8.2747 875.370027 1.786260 1.30900145 146.768341 23.593552 128.124344 2.227722 0.000000
1220 8.3570 875.378384 1.786260 1.30900145 146.778458 23.593483 128.135773 2.253977 0.000000
1221 8.2877 875.386672 1.787962 1.30900145 146.788269 23.593348 128.147324 2.280013 0.000000
1222 8.3642 875.395036 1.787962 1.30900145 146.797836 23.593105 128.159271 2.306290 0.000000
1223 8.3445 875.403380 1.789393 1.30900145 146.807129 23.592810 128.171402 2.332505 0.000000
1224 8.3496 875.411730 1.789393 1.30900145 146.816071 23.592432 128.183868 2.358736 0.000000
1225 8.6060 875.420336 1.790540 1.30900145 146.824997 23.591999 128.196930 2.385772 0.000000
1226 8.2492 875.428585 1.790540 1.30900145 146.833191 23.591526 128.209717 2.411688 0.000000
1227 8.3235 875.436908 1.791403 1.30900145 146.841171 23.591028 128.222809 2.437837 0.000000
1228 8.3089 875.445217 1.791403 1.30900145 146.848724 23.590498 128.236130 2.463940 0.000000
1229 8.2398 875.453457 1.792581 1.30900145 146.855942 23.589970 128.249527 2.489826 0.000000
1230 8.3304 875.461788 1.792581 1.30900145 146.862823 23.589428 128.263306 2.515997 0.000000
1231 8.4110 875.470199 1.793598 1.30900145 146.869446 23.588898 128.277405 2.542421 0.000000
1232 8.2374 875.478436 1.793598 1.30900145 146.875504 23.588402 128.291443 2.568300 0.000000
1233 8.2894 875.486725 1.794682 1.30900145 146.881271 23.587933 128.305695 2.594342 0.000000
1234 8.3249 875.495050 1.794682 1.30900145 146.886612 23.587509 128.320221 2.620495 0.000000
1235 8.2984 875.503349 1.795715 1.30900145 146.891602 23.587137 128.334839 2.646565 0.000000
1236 8.3797 875.511728 1.795715 1.30900145 146.896164 23.586826 128.349777 2.672891 0.000000
1237 8.3445 875.520073 1.797116 1.30900145 146.900360 23.586580 128.364761 2.699106 0.000000
1238 8.2762 875.528349 1.797116 1.30900145 146.904053 23.586418 128.379776 2.725106 0.000000
1239 8.3362 875.536685 1.797613 1.30900145 146.907410 23.586323 128.394989 2.751295 0.000000
1240 8.6041 875.545289 1.797613 1.30900145 146.910355 23.586329 128.410828 2.778326 0.000000
1241 8.1117 875.553401 1.798917 1.30900145 146.912750 23.586407 128.425842 2.803809 0.000000
1242 8.3034 875.561705 1.798917 1.30900145 146.914703 23.586588 128.441284 2.829895 0.000000
1243 8.3229 875.570027 1.799332 1.30900145 146.916321 23.586838 128.456818 2.856042 0.000000
1244 8.5419 875.578569 1.799332 1.30900145 146.917419 23.587204 128.472839 2.882877 0.000000
1245 8.3917 875.586961 1.799976 1.30900145 146.918121 23.587635 128.488586 2.909241 0.000000
1246 8.0835 875.595044 1.799976 1.30900145 146.918289 23.588139 128.503784 2.934635 0.000000
1247 8.3480 875.603393 1.800957 1.30900168 146.918106 23.588718 128.519485 2.960862 0.000000
1248 8.2843 875.611677 1.800957 1.30900240 146.917389 23.589376 128.535080 2.986888 0.000000
1249 8.3725 875.620049 1.801094 1.30900300 146.916306 23.590088 128.550812 3.013191 0.000000
1250 8.2915 875.628341 1.801094 1.30900359 146.914673 23.590855 128.566345 3.039239 0.000000
1251 8.3745 875.636715 1.801546 1.30900443 146.912689 23.591660 128.582001 3.065548 0.000000
1252 8.3188 875.645034 1.801546 1.30900538 146.910187 23.592499 128.597473 3.091683 0.000000
1253 8.3345 875.653369 1.802271 1.30900657 146.907303 23.593334 128.612915 3.117866 0.000000
1254 8.3256 875.661694 1.802271 1.30900800 146.903915 23.594156 128.628235 3.144022 0.000000
1255 8.3524 875.670047 1.803194 1.30900955 146.900146 23.594921 128.643524 3.170262 0.000000
1256 8.3460 875.678393 1.803194 1.30901158 146.895889 23.595598 128.658661 3.196481 0.000000
1257 8.3053 875.686698 1.803523 1.30901349 146.891296 23.596262 128.673615 3.222573 0.000000
1258 8.5784 875.695276 1.803523 1.30901563 146.886032 23.596935 128.688904 3.249523 0.000000
1259 8.3315 875.703608 1.803158 1.30901754 146.880569 23.597532 128.703598 3.275697 0.000000
1260 8.1176 875.711725 1.803158 1.30901909 146.874786 23.598038 128.717728 3.301199 0.000000
1261 8.3607 875.720086 1.803873 1.30902088 146.868500 23.598486 128.732132 3.327465 0.000000
1262 8.3056 875.728392 1.803873 1.30902290 146.861786 23.598820 128.746231 3.353558 0.000000
1263 8.3318 875.736724 1.803882 1.30902493 146.854752 23.599066 128.760208 3.379733 0.000000
1264 8.3275 875.745051 1.803882 1.30902696 146.847260 23.599174 128.773926 3.405895 0.000000
1265 8.3962 875.753447 1.803264 1.30902874 146.839401 23.599171 128.787552 3.432272 0.000000
1266 8.3495 875.761797 1.803264 1.30903018 146.831161 23.599010 128.800842 3.458503 0.000000
1267 8.2664 875.770063 1.803708 1.30903149 146.823883 23.598749 128.814209 3.474899 0.000000
1268 8.3840 875.778447 1.803708 1.30903327 146.817764 23.598337 128.828094 3.477607 0.000000
1269 8.3255 875.786773 1.803708 1.30903482 146.811798 23.597816 128.841934 3.479184 0.000000
1270 8.3095 875.795082 1.803708 1.30903637 146.806000 23.597143 128.855774 3.479181 0.000000
1271 8.3423 875.803425 1.803708 1.30903792 146.800140 23.596350 128.869675 3.479177 0.000000
1272 8.3143 875.811739 1.803708 1.30903935 146.794312 23.595398 128.883514 3.479174 0.000000
1273 8.3074 875.820046 1.803708 1.30904090 146.788467 23.594332 128.897354 3.479171 0.000000
1274 8.3346 875.828381 1.803708 1.30904233 146.782623 23.593100 128.911224 3.479168 0.000000
1275 8.3096 875.836690 1.803708 1.30904353 146.776794 23.591761 128.925064 3.479165 0.000000
1276 8.4095 875.845100 1.803708 1.30904496 146.770889 23.590246 128.939072 3.479162 0.000000
1277 8.2690 875.853369 1.803708 1.30904615 146.765106 23.588659 128.952850 3.479159 0.000000
1278 8.3533 875.861722 1.803708 1.30904746 146.759262 23.586910 128.966751 3.479156 0.000000
1279 8.3231 875.870045 1.803708 1.30904865 146.753433 23.585083 128.980621 3.479152 0.000000
1280 8.3658 875.878411 1.803708 1.30904996 146.747604 23.583120 128.994568 3.479149 0.000000
1281 8.3383 875.886749 1.803708 1.30905104 146.741791 23.581091 129.008469 3.479146 0.000000
1282 8.2986 875.895048 1.803708 1.30905211 146.736053 23.578972 129.022324 3.479143 0.000000
1283 8.3406 875.903389 1.803708 1.30905318 146.730270 23.576796 129.036240 3.479140 0.000000
1284 8.3135 875.911702 1.803708 1.30905437 146.724548 23.574549 129.050110 3.479137 0.000000
1285 8.3401 875.920042 1.803708 1.30905545 146.718811 23.572268 129.064041 3.479133 0.000000
1286 8.3602 875.928403 1.803708 1.30905640 146.713104 23.569942 129.078018 3.479130 0.000000
1287 8.2938 875.936696 1.803708 1.30905724 146.707458 23.567631 129.091888 3.479127 0.000000
1288 8.4012 875.945097 1.803708 1.30905819 146.701767 23.565283 129.105957 3.479124 0.000000
1289 8.4549 875.953552 1.803708 1.30905926 146.696075 23.562939 129.120132 3.479120 0.000000
1290 8.2055 875.961758 1.803708 1.30906010 146.690567 23.560692 129.133881 3.479117 0.000000
1291 8.3231 875.970081 1.803708 1.30906105 146.685028 23.558456 129.147842 3.479114 0.000000
1292 8.3607 875.978442 1.803708 1.30906200 146.679489 23.556273 129.161880 3.479110 0.000000
1293 8.2897 875.986731 1.803708 1.30906272 146.674042 23.554173 129.175812 3.479107 0.000000
1294 8.3226 875.995054 1.803708 1.30906355 146.668610 23.552158 129.189804 3.479104 0.000000
1295 8.3418 876.003396 1.803708 1.30906427 146.663208 23.550220 129.203857 3.479101 0.000000
1296 8.3748 876.011771 1.803708 1.30906510 146.657806 23.548401 129.217987 3.479097 0.000000
1297 8.3058 876.020076 1.803708 1.30906582 146.652496 23.546696 129.231995 3.479094 0.000000
1298 8.3675 876.028444 1.803708 1.30906653 146.647202 23.545128 129.246124 3.479091 0.000000
1299 8.2952 876.036739 1.803708 1.30906725 146.641983 23.543686 129.260162 3.479088 0.000000
1300 8.3472 876.045086 1.803708 1.30906785 146.636780 23.542397 129.274292 3.479084 0.000000
1301 8.3228 876.053409 1.803708 1.30906868 146.631638 23.541237 129.288391 3.479081 0.000000
1302 8.3593 876.061768 1.803708 1.30906928 146.626526 23.540247 129.302582 3.479078 0.000000
1303 8.3129 876.070081 1.803708 1.30906987 146.621460 23.539394 129.316696 3.479074 0.000000
1304 8.2911 876.078372 1.803708 1.30907059 146.616470 23.538719 129.330780 3.479071 0.000000
1305 8.3893 876.086762 1.803708 1.30907106 146.611450 23.538166 129.345062 3.479067 0.000000
1306 8.3160 876.095078 1.803708 1.30907166 146.606537 23.537802 129.359222 3.479064 0.000000
1307 8.2939 876.103371 1.803708 1.30907214 146.601685 23.537556 129.373367 3.479061 0.000000
1308 8.3261 876.111698 1.803708 1.30907273 146.596848 23.537479 129.387604 3.479057 0.000000
1309 8.3483 876.120046 1.803708 1.30907321 146.592041 23.537518 129.401871 3.479054 0.000000
1310 8.3384 876.128384 1.803708 1.30907381 146.587280 23.537714 129.416138 3.479050 0.000000
1311 8.3762 876.136761 1.803708 1.30907428 146.582535 23.538008 129.430481 3.479047 0.000000
1312 8.3182 876.145079 1.803708 1.30907476 146.577881 23.538439 129.444763 3.479044 0.000000
1313 8.3283 876.153407 1.803708 1.30907524 146.573242 23.538946 129.459061 3.479040 0.000000
1314 8.2950 876.161702 1.803708 1.30907571 146.568695 23.539566 129.473312 3.479037 0.000000
1315 8.3763 876.170078 1.803708 1.30907619 146.564117 23.540249 129.487717 3.479033 0.000000
1316 8.3349 876.178413 1.803708 1.30907667 146.559601 23.541008 129.502060 3.479030 0.000000
1317 8.3667 876.186780 1.803708 1.30907714 146.555115 23.541805 129.516479 3.479027 0.000000
1318 8.2805 876.195060 1.803708 1.30907762 146.550705 23.542645 129.530762 3.479023 0.000000
1319 8.3621 876.203423 1.803708 1.30907786 146.546280 23.543499 129.545197 3.479019 0.000000
1320 8.3205 876.211743 1.803708 1.30907834 146.541931 23.544365 129.559570 3.479016 0.000000
1321 8.3252 876.220068 1.803708 1.30907869 146.537598 23.545216 129.573975 3.479013 0.000000
1322 8.3199 876.228388 1.803708 1.30907917 146.533295 23.546040 129.588379 3.479009 0.000000
1323 8.3453 876.236733 1.803708 1.30907941 146.529022 23.546829 129.602814 3.479006 0.000000
1324 8.3123 876.245046 1.803708 1.30907989 146.524780 23.547560 129.617218 3.479002 0.000000
1325 8.3830 876.253429 1.802793 1.30907989 146.520538 23.548149 129.631744 3.478999 0.000000
1326 8.2828 876.261712 1.802793 1.30907965 146.516388 23.548527 129.646118 3.478995 0.000000
1327 8.3460 876.270058 1.803097 1.30907941 146.512222 23.548861 129.660599 3.478992 0.000000
1328 8.3939 876.278452 1.803097 1.30907929 146.508057 23.549131 129.675171 3.478991 0.000000
1329 8.2516 876.286703 1.803097 1.30907929 146.503967 23.549301 129.689514 3.478988 0.000000
1330 8.3105 876.295014 1.803097 1.30907917 146.499878 23.549337 129.703949 3.478986 0.000000
1331 8.4173 876.303431 1.803097 1.30907917 146.495728 23.549257 129.718582 3.478983 0.000000
1332 8.2957 876.311727 1.803097 1.30907893 146.491653 23.549009 129.733002 3.478981 0.000000
1333 8.3053 876.320032 1.803097 1.30907893 146.487579 23.548641 129.747437 3.478979 0.000000
1334 8.3921 876.328424 1.803097 1.30907881 146.483475 23.548088 129.762024 3.478976 0.000000
1335 8.3210 876.336745 1.803097 1.30907881 146.479416 23.547407 129.776505 3.478973 0.000000
1336 8.3337 876.345079 1.803097 1.30907869 146.475342 23.546539 129.791016 3.478971 0.000000
1337 8.2944 876.353373 1.803097 1.30907869 146.471298 23.545547 129.805435 3.478968 0.000000
1338 8.4015 876.361775 1.803097 1.30907869 146.467194 23.544353 129.820038 3.478966 0.000000
1339 8.2815 876.370056 1.803097 1.30907869 146.463135 23.543056 129.834442 3.478964 0.000000
1340 8.3868 876.378443 1.803097 1.30907869 146.459030 23.541559 129.849030 3.478961 0.000000
1341 8.2901 876.386733 1.803097 1.30907869 146.454956 23.539965 129.863449 3.478958 0.000000
1342 8.3403 876.395073 1.803097 1.30907869 146.450851 23.538197 129.877945 3.478956 0.000000
1343 8.3845 876.403458 1.803097 1.30907869 146.446716 23.536312 129.892517 3.478953 0.000000
1344 8.2489 876.411707 1.803097 1.30907869 146.442612 23.534317 129.906830 3.478951 0.000000
1345 8.4177 876.420124 1.803097 1.30907869 146.438416 23.532192 129.921448 3.478948 0.000000
1346 8.2910 876.428415 1.803097 1.30907869 146.434280 23.529980 129.935852 3.478945 0.000000
1347 8.3635 876.436779 1.803097 1.30907869 146.430084 23.527683 129.950348 3.478943 0.000000
1348 8.5055 876.445284 1.803097 1.30907869 146.425766 23.525253 129.965088 3.478940 0.000000
1349 8.3271 876.453611 1.803097 1.30907869 146.421539 23.522837 129.979523 3.478938 0.000000
1350 8.3164 876.461928 1.803097 1.30907869 146.417282 23.520367 129.993927 3.478935 0.000000
1351 8.2903 876.470218 1.803097 1.30907869 146.413010 23.517887 130.008255 3.478933 0.000000
1352 8.1860 876.478404 1.803097 1.30907869 146.408752 23.515419 130.022415 3.478930 0.000000
1353 8.3152 876.486719 1.803097 1.30907869 146.404404 23.512922 130.036774 3.478928 0.000000
1354 8.3800 876.495099 1.803097 1.30907869 146.399994 23.510420 130.051239 3.478925 0.000000
1355 8.2952 876.503395 1.803097 1.30907869 146.395569 23.507978 130.065536 3.478923 0.000000
1356 8.6080 876.512003 1.803097 1.30907869 146.390976 23.505495 130.080383 3.478920 0.000000
1357 8.0814 876.520084 1.803097 1.30907869 146.386612 23.503223 130.094284 3.478917 0.000000
1358 8.3320 876.528416 1.803097 1.30907869 146.382065 23.500965 130.108612 3.478914 0.000000
1359 8.3116 876.536727 1.803097 1.30907869 146.377502 23.498791 130.122894 3.478912 0.000000
1360 8.2960 876.545023 1.803097 1.30907869 146.372894 23.496738 130.137115 3.478909 0.000000
1361 8.3586 876.553382 1.803097 1.30907869 146.368225 23.494764 130.151459 3.478907 0.000000
1362 8.3643 876.561746 1.803097 1.30907869 146.363495 23.492935 130.165787 3.478904 0.000000
1363 8.2834 876.570030 1.803097 1.30907869 146.358780 23.491236 130.179962 3.478902 0.000000
